sample_id,experiment_id,mechanical_property,concrete_type,curing_age_days,cv_fold,is_restored_value,strength_mpa
CS_NC_14d_001,EXP_CS_NC_14d,Compressive Strength,Normal Concrete,14,4,False,21.38
CS_BC_14d_001,EXP_CS_BC_14d,Compressive Strength,Bacterial Concrete,14,3,False,25.72
CS_NC_14d_002,EXP_CS_NC_14d,Compressive Strength,Normal Concrete,14,4,False,22.87
CS_BC_14d_002,EXP_CS_BC_14d,Compressive Strength,Bacterial Concrete,14,3,False,28.07
CS_NC_14d_003,EXP_CS_NC_14d,Compressive Strength,Normal Concrete,14,4,False,22.99
CS_BC_14d_003,EXP_CS_BC_14d,Compressive Strength,Bacterial Concrete,14,3,False,25.44
CS_NC_14d_004,EXP_CS_NC_14d,Compressive Strength,Normal Concrete,14,4,False,22.3
CS_BC_14d_004,EXP_CS_BC_14d,Compressive Strength,Bacterial Concrete,14,3,False,24.39
CS_NC_14d_005,EXP_CS_NC_14d,Compressive Strength,Normal Concrete,14,4,False,23.26
CS_BC_14d_005,EXP_CS_BC_14d,Compressive Strength,Bacterial Concrete,14,3,False,24.17
CS_NC_14d_006,EXP_CS_NC_14d,Compressive Strength,Normal Concrete,14,4,False,24.11
CS_BC_14d_006,EXP_CS_BC_14d,Compressive Strength,Bacterial Concrete,14,3,False,27.41
CS_NC_14d_007,EXP_CS_NC_14d,Compressive Strength,Normal Concrete,14,4,False,26.33
CS_BC_14d_007,EXP_CS_BC_14d,Compressive Strength,Bacterial Concrete,14,3,False,24.58
CS_NC_14d_008,EXP_CS_NC_14d,Compressive Strength,Normal Concrete,14,4,False,23.76
CS_BC_14d_008,EXP_CS_BC_14d,Compressive Strength,Bacterial Concrete,14,3,False,29.13
CS_NC_14d_009,EXP_CS_NC_14d,Compressive Strength,Normal Concrete,14,4,False,23.89
CS_BC_14d_009,EXP_CS_BC_14d,Compressive Strength,Bacterial Concrete,14,3,False,23.38
CS_NC_14d_010,EXP_CS_NC_14d,Compressive Strength,Normal Concrete,14,4,False,23.39
CS_BC_14d_010,EXP_CS_BC_14d,Compressive Strength,Bacterial Concrete,14,3,False,29.04
CS_NC_14d_011,EXP_CS_NC_14d,Compressive Strength,Normal Concrete,14,4,False,20.62
CS_BC_14d_011,EXP_CS_BC_14d,Compressive Strength,Bacterial Concrete,14,3,False,26.82
CS_NC_14d_012,EXP_CS_NC_14d,Compressive Strength,Normal Concrete,14,4,False,23.46
CS_BC_14d_012,EXP_CS_BC_14d,Compressive Strength,Bacterial Concrete,14,3,False,26.35
CS_NC_14d_013,EXP_CS_NC_14d,Compressive Strength,Normal Concrete,14,4,False,23.59
CS_BC_14d_013,EXP_CS_BC_14d,Compressive Strength,Bacterial Concrete,14,3,False,25.68
CS_NC_14d_014,EXP_CS_NC_14d,Compressive Strength,Normal Concrete,14,4,False,27.19
CS_BC_14d_014,EXP_CS_BC_14d,Compressive Strength,Bacterial Concrete,14,3,False,27.1
CS_NC_14d_015,EXP_CS_NC_14d,Compressive Strength,Normal Concrete,14,4,False,23.21
CS_BC_14d_015,EXP_CS_BC_14d,Compressive Strength,Bacterial Concrete,14,3,False,26.44
CS_NC_14d_016,EXP_CS_NC_14d,Compressive Strength,Normal Concrete,14,4,False,23.95
CS_BC_14d_016,EXP_CS_BC_14d,Compressive Strength,Bacterial Concrete,14,3,False,28.15
CS_NC_14d_017,EXP_CS_NC_14d,Compressive Strength,Normal Concrete,14,4,False,23.45
CS_BC_14d_017,EXP_CS_BC_14d,Compressive Strength,Bacterial Concrete,14,3,False,26.67
CS_NC_14d_018,EXP_CS_NC_14d,Compressive Strength,Normal Concrete,14,4,False,21.75
CS_BC_14d_018,EXP_CS_BC_14d,Compressive Strength,Bacterial Concrete,14,3,False,26.73
CS_NC_14d_019,EXP_CS_NC_14d,Compressive Strength,Normal Concrete,14,4,False,25.21
CS_BC_14d_019,EXP_CS_BC_14d,Compressive Strength,Bacterial Concrete,14,3,False,25.95
CS_NC_14d_020,EXP_CS_NC_14d,Compressive Strength,Normal Concrete,14,4,False,24.63
CS_BC_14d_020,EXP_CS_BC_14d,Compressive Strength,Bacterial Concrete,14,3,False,26.41
CS_NC_14d_021,EXP_CS_NC_14d,Compressive Strength,Normal Concrete,14,4,False,24.69
CS_BC_14d_021,EXP_CS_BC_14d,Compressive Strength,Bacterial Concrete,14,3,False,26.96
CS_NC_14d_022,EXP_CS_NC_14d,Compressive Strength,Normal Concrete,14,4,False,22.14
CS_BC_14d_022,EXP_CS_BC_14d,Compressive Strength,Bacterial Concrete,14,3,False,23.93
CS_NC_14d_023,EXP_CS_NC_14d,Compressive Strength,Normal Concrete,14,4,False,25.6
CS_BC_14d_023,EXP_CS_BC_14d,Compressive Strength,Bacterial Concrete,14,3,False,24.48
CS_NC_14d_024,EXP_CS_NC_14d,Compressive Strength,Normal Concrete,14,4,False,21.4
CS_BC_14d_024,EXP_CS_BC_14d,Compressive Strength,Bacterial Concrete,14,3,False,27.61
CS_NC_14d_025,EXP_CS_NC_14d,Compressive Strength,Normal Concrete,14,4,False,24.38
CS_BC_14d_025,EXP_CS_BC_14d,Compressive Strength,Bacterial Concrete,14,3,False,26.76
CS_NC_14d_026,EXP_CS_NC_14d,Compressive Strength,Normal Concrete,14,4,False,26.79
CS_BC_14d_026,EXP_CS_BC_14d,Compressive Strength,Bacterial Concrete,14,3,False,26.22
CS_NC_14d_027,EXP_CS_NC_14d,Compressive Strength,Normal Concrete,14,4,False,22.01
CS_BC_14d_027,EXP_CS_BC_14d,Compressive Strength,Bacterial Concrete,14,3,False,26.53
CS_NC_14d_028,EXP_CS_NC_14d,Compressive Strength,Normal Concrete,14,4,False,22.65
CS_BC_14d_028,EXP_CS_BC_14d,Compressive Strength,Bacterial Concrete,14,3,False,27.02
CS_NC_14d_029,EXP_CS_NC_14d,Compressive Strength,Normal Concrete,14,4,False,23.65
CS_BC_14d_029,EXP_CS_BC_14d,Compressive Strength,Bacterial Concrete,14,3,False,25.69
CS_NC_14d_030,EXP_CS_NC_14d,Compressive Strength,Normal Concrete,14,4,False,22.74
CS_BC_14d_030,EXP_CS_BC_14d,Compressive Strength,Bacterial Concrete,14,3,False,25.33
CS_NC_14d_031,EXP_CS_NC_14d,Compressive Strength,Normal Concrete,14,4,False,21.17
CS_BC_14d_031,EXP_CS_BC_14d,Compressive Strength,Bacterial Concrete,14,3,False,26.79
CS_NC_14d_032,EXP_CS_NC_14d,Compressive Strength,Normal Concrete,14,4,False,23.6
CS_BC_14d_032,EXP_CS_BC_14d,Compressive Strength,Bacterial Concrete,14,3,False,25.03
CS_NC_14d_033,EXP_CS_NC_14d,Compressive Strength,Normal Concrete,14,4,False,21.91
CS_BC_14d_033,EXP_CS_BC_14d,Compressive Strength,Bacterial Concrete,14,3,False,27.11
CS_NC_14d_034,EXP_CS_NC_14d,Compressive Strength,Normal Concrete,14,4,False,24.21
CS_BC_14d_034,EXP_CS_BC_14d,Compressive Strength,Bacterial Concrete,14,3,False,23.95
CS_NC_14d_035,EXP_CS_NC_14d,Compressive Strength,Normal Concrete,14,4,False,22.12
CS_BC_14d_035,EXP_CS_BC_14d,Compressive Strength,Bacterial Concrete,14,3,False,28.04
CS_NC_14d_036,EXP_CS_NC_14d,Compressive Strength,Normal Concrete,14,4,False,25.82
CS_BC_14d_036,EXP_CS_BC_14d,Compressive Strength,Bacterial Concrete,14,3,False,27.21
CS_NC_14d_037,EXP_CS_NC_14d,Compressive Strength,Normal Concrete,14,4,False,22.33
CS_BC_14d_037,EXP_CS_BC_14d,Compressive Strength,Bacterial Concrete,14,3,False,26.88
CS_NC_14d_038,EXP_CS_NC_14d,Compressive Strength,Normal Concrete,14,4,False,23.02
CS_BC_14d_038,EXP_CS_BC_14d,Compressive Strength,Bacterial Concrete,14,3,False,27.97
CS_NC_14d_039,EXP_CS_NC_14d,Compressive Strength,Normal Concrete,14,4,False,24.72
CS_BC_14d_039,EXP_CS_BC_14d,Compressive Strength,Bacterial Concrete,14,3,False,29.0
CS_NC_14d_040,EXP_CS_NC_14d,Compressive Strength,Normal Concrete,14,4,False,21.65
CS_BC_14d_040,EXP_CS_BC_14d,Compressive Strength,Bacterial Concrete,14,3,False,28.02
CS_NC_14d_041,EXP_CS_NC_14d,Compressive Strength,Normal Concrete,14,4,False,23.84
CS_BC_14d_041,EXP_CS_BC_14d,Compressive Strength,Bacterial Concrete,14,3,False,23.74
CS_NC_14d_042,EXP_CS_NC_14d,Compressive Strength,Normal Concrete,14,4,False,25.46
CS_BC_14d_042,EXP_CS_BC_14d,Compressive Strength,Bacterial Concrete,14,3,False,24.58
CS_NC_14d_043,EXP_CS_NC_14d,Compressive Strength,Normal Concrete,14,4,False,21.09
CS_BC_14d_043,EXP_CS_BC_14d,Compressive Strength,Bacterial Concrete,14,3,False,25.56
CS_NC_14d_044,EXP_CS_NC_14d,Compressive Strength,Normal Concrete,14,4,False,23.78
CS_BC_14d_044,EXP_CS_BC_14d,Compressive Strength,Bacterial Concrete,14,3,False,26.54
CS_NC_14d_045,EXP_CS_NC_14d,Compressive Strength,Normal Concrete,14,4,False,23.89
CS_BC_14d_045,EXP_CS_BC_14d,Compressive Strength,Bacterial Concrete,14,3,False,27.28
CS_NC_14d_046,EXP_CS_NC_14d,Compressive Strength,Normal Concrete,14,4,False,24.67
CS_BC_14d_046,EXP_CS_BC_14d,Compressive Strength,Bacterial Concrete,14,3,False,25.41
CS_NC_14d_047,EXP_CS_NC_14d,Compressive Strength,Normal Concrete,14,4,False,21.64
CS_BC_14d_047,EXP_CS_BC_14d,Compressive Strength,Bacterial Concrete,14,3,False,26.78
CS_NC_14d_048,EXP_CS_NC_14d,Compressive Strength,Normal Concrete,14,4,False,21.52
CS_BC_14d_048,EXP_CS_BC_14d,Compressive Strength,Bacterial Concrete,14,3,False,25.37
CS_NC_14d_049,EXP_CS_NC_14d,Compressive Strength,Normal Concrete,14,4,False,24.28
CS_BC_14d_049,EXP_CS_BC_14d,Compressive Strength,Bacterial Concrete,14,3,False,25.58
CS_NC_14d_050,EXP_CS_NC_14d,Compressive Strength,Normal Concrete,14,4,False,23.95
CS_BC_14d_050,EXP_CS_BC_14d,Compressive Strength,Bacterial Concrete,14,3,False,24.39
CS_NC_14d_051,EXP_CS_NC_14d,Compressive Strength,Normal Concrete,14,4,False,23.88
CS_BC_14d_051,EXP_CS_BC_14d,Compressive Strength,Bacterial Concrete,14,3,False,25.12
CS_NC_14d_052,EXP_CS_NC_14d,Compressive Strength,Normal Concrete,14,4,False,24.02
CS_BC_14d_052,EXP_CS_BC_14d,Compressive Strength,Bacterial Concrete,14,3,False,24.47
CS_NC_14d_053,EXP_CS_NC_14d,Compressive Strength,Normal Concrete,14,4,False,22.48
CS_BC_14d_053,EXP_CS_BC_14d,Compressive Strength,Bacterial Concrete,14,3,False,25.04
CS_NC_14d_054,EXP_CS_NC_14d,Compressive Strength,Normal Concrete,14,4,False,23.85
CS_BC_14d_054,EXP_CS_BC_14d,Compressive Strength,Bacterial Concrete,14,3,False,28.08
CS_NC_14d_055,EXP_CS_NC_14d,Compressive Strength,Normal Concrete,14,4,False,23.94
CS_BC_14d_055,EXP_CS_BC_14d,Compressive Strength,Bacterial Concrete,14,3,False,25.08
CS_NC_14d_056,EXP_CS_NC_14d,Compressive Strength,Normal Concrete,14,4,False,22.43
CS_BC_14d_056,EXP_CS_BC_14d,Compressive Strength,Bacterial Concrete,14,3,False,30.45
CS_NC_14d_057,EXP_CS_NC_14d,Compressive Strength,Normal Concrete,14,4,False,26.3
CS_BC_14d_057,EXP_CS_BC_14d,Compressive Strength,Bacterial Concrete,14,3,False,27.24
CS_NC_14d_058,EXP_CS_NC_14d,Compressive Strength,Normal Concrete,14,4,False,24.21
CS_BC_14d_058,EXP_CS_BC_14d,Compressive Strength,Bacterial Concrete,14,3,False,26.78
CS_NC_14d_059,EXP_CS_NC_14d,Compressive Strength,Normal Concrete,14,4,False,21.71
CS_BC_14d_059,EXP_CS_BC_14d,Compressive Strength,Bacterial Concrete,14,3,False,25.21
CS_NC_14d_060,EXP_CS_NC_14d,Compressive Strength,Normal Concrete,14,4,False,24.48
CS_BC_14d_060,EXP_CS_BC_14d,Compressive Strength,Bacterial Concrete,14,3,False,27.55
CS_NC_14d_061,EXP_CS_NC_14d,Compressive Strength,Normal Concrete,14,4,False,22.04
CS_BC_14d_061,EXP_CS_BC_14d,Compressive Strength,Bacterial Concrete,14,3,False,25.64
CS_NC_14d_062,EXP_CS_NC_14d,Compressive Strength,Normal Concrete,14,4,False,24.68
CS_BC_14d_062,EXP_CS_BC_14d,Compressive Strength,Bacterial Concrete,14,3,False,26.68
CS_NC_14d_063,EXP_CS_NC_14d,Compressive Strength,Normal Concrete,14,4,False,25.24
CS_BC_14d_063,EXP_CS_BC_14d,Compressive Strength,Bacterial Concrete,14,3,False,30.34
CS_NC_14d_064,EXP_CS_NC_14d,Compressive Strength,Normal Concrete,14,4,False,22.27
CS_BC_14d_064,EXP_CS_BC_14d,Compressive Strength,Bacterial Concrete,14,3,False,26.36
CS_NC_14d_065,EXP_CS_NC_14d,Compressive Strength,Normal Concrete,14,4,False,24.95
CS_BC_14d_065,EXP_CS_BC_14d,Compressive Strength,Bacterial Concrete,14,3,False,28.22
CS_NC_14d_066,EXP_CS_NC_14d,Compressive Strength,Normal Concrete,14,4,False,24.12
CS_BC_14d_066,EXP_CS_BC_14d,Compressive Strength,Bacterial Concrete,14,3,False,25.45
CS_NC_14d_067,EXP_CS_NC_14d,Compressive Strength,Normal Concrete,14,4,False,24.73
CS_BC_14d_067,EXP_CS_BC_14d,Compressive Strength,Bacterial Concrete,14,3,False,26.45
CS_NC_14d_068,EXP_CS_NC_14d,Compressive Strength,Normal Concrete,14,4,False,26.35
CS_BC_14d_068,EXP_CS_BC_14d,Compressive Strength,Bacterial Concrete,14,3,False,29.16
CS_NC_14d_069,EXP_CS_NC_14d,Compressive Strength,Normal Concrete,14,4,False,23.13
CS_BC_14d_069,EXP_CS_BC_14d,Compressive Strength,Bacterial Concrete,14,3,False,25.56
CS_NC_14d_070,EXP_CS_NC_14d,Compressive Strength,Normal Concrete,14,4,False,22.37
CS_BC_14d_070,EXP_CS_BC_14d,Compressive Strength,Bacterial Concrete,14,3,False,29.22
CS_NC_14d_071,EXP_CS_NC_14d,Compressive Strength,Normal Concrete,14,4,False,22.17
CS_BC_14d_071,EXP_CS_BC_14d,Compressive Strength,Bacterial Concrete,14,3,False,27.56
CS_NC_14d_072,EXP_CS_NC_14d,Compressive Strength,Normal Concrete,14,4,False,22.28
CS_BC_14d_072,EXP_CS_BC_14d,Compressive Strength,Bacterial Concrete,14,3,False,25.66
CS_NC_14d_073,EXP_CS_NC_14d,Compressive Strength,Normal Concrete,14,4,False,23.38
CS_BC_14d_073,EXP_CS_BC_14d,Compressive Strength,Bacterial Concrete,14,3,False,27.45
CS_NC_14d_074,EXP_CS_NC_14d,Compressive Strength,Normal Concrete,14,4,False,24.01
CS_BC_14d_074,EXP_CS_BC_14d,Compressive Strength,Bacterial Concrete,14,3,False,27.96
CS_NC_14d_075,EXP_CS_NC_14d,Compressive Strength,Normal Concrete,14,4,False,23.92
CS_BC_14d_075,EXP_CS_BC_14d,Compressive Strength,Bacterial Concrete,14,3,False,27.43
CS_NC_14d_076,EXP_CS_NC_14d,Compressive Strength,Normal Concrete,14,4,False,24.74
CS_BC_14d_076,EXP_CS_BC_14d,Compressive Strength,Bacterial Concrete,14,3,False,24.14
CS_NC_14d_077,EXP_CS_NC_14d,Compressive Strength,Normal Concrete,14,4,False,23.52
CS_BC_14d_077,EXP_CS_BC_14d,Compressive Strength,Bacterial Concrete,14,3,False,25.41
CS_NC_14d_078,EXP_CS_NC_14d,Compressive Strength,Normal Concrete,14,4,False,25.68
CS_BC_14d_078,EXP_CS_BC_14d,Compressive Strength,Bacterial Concrete,14,3,False,26.13
CS_NC_14d_079,EXP_CS_NC_14d,Compressive Strength,Normal Concrete,14,4,False,23.1
CS_BC_14d_079,EXP_CS_BC_14d,Compressive Strength,Bacterial Concrete,14,3,False,26.39
CS_NC_14d_080,EXP_CS_NC_14d,Compressive Strength,Normal Concrete,14,4,False,27.58
CS_BC_14d_080,EXP_CS_BC_14d,Compressive Strength,Bacterial Concrete,14,3,False,27.43
CS_NC_14d_081,EXP_CS_NC_14d,Compressive Strength,Normal Concrete,14,4,False,24.44
CS_BC_14d_081,EXP_CS_BC_14d,Compressive Strength,Bacterial Concrete,14,3,False,26.77
CS_NC_14d_082,EXP_CS_NC_14d,Compressive Strength,Normal Concrete,14,4,False,22.21
CS_BC_14d_082,EXP_CS_BC_14d,Compressive Strength,Bacterial Concrete,14,3,False,24.5
CS_NC_14d_083,EXP_CS_NC_14d,Compressive Strength,Normal Concrete,14,4,False,21.89
CS_BC_14d_083,EXP_CS_BC_14d,Compressive Strength,Bacterial Concrete,14,3,False,27.07
CS_NC_14d_084,EXP_CS_NC_14d,Compressive Strength,Normal Concrete,14,4,False,24.22
CS_BC_14d_084,EXP_CS_BC_14d,Compressive Strength,Bacterial Concrete,14,3,False,27.42
CS_NC_14d_085,EXP_CS_NC_14d,Compressive Strength,Normal Concrete,14,4,False,23.16
CS_BC_14d_085,EXP_CS_BC_14d,Compressive Strength,Bacterial Concrete,14,3,False,27.34
CS_NC_14d_086,EXP_CS_NC_14d,Compressive Strength,Normal Concrete,14,4,False,24.57
CS_BC_14d_086,EXP_CS_BC_14d,Compressive Strength,Bacterial Concrete,14,3,False,28.12
CS_NC_14d_087,EXP_CS_NC_14d,Compressive Strength,Normal Concrete,14,4,False,24.21
CS_BC_14d_087,EXP_CS_BC_14d,Compressive Strength,Bacterial Concrete,14,3,False,27.75
CS_NC_14d_088,EXP_CS_NC_14d,Compressive Strength,Normal Concrete,14,4,False,23.39
CS_BC_14d_088,EXP_CS_BC_14d,Compressive Strength,Bacterial Concrete,14,3,False,27.19
CS_NC_14d_089,EXP_CS_NC_14d,Compressive Strength,Normal Concrete,14,4,False,22.23
CS_BC_14d_089,EXP_CS_BC_14d,Compressive Strength,Bacterial Concrete,14,3,False,26.39
CS_NC_14d_090,EXP_CS_NC_14d,Compressive Strength,Normal Concrete,14,4,False,21.23
CS_BC_14d_090,EXP_CS_BC_14d,Compressive Strength,Bacterial Concrete,14,3,False,24.01
CS_NC_14d_091,EXP_CS_NC_14d,Compressive Strength,Normal Concrete,14,4,False,22.83
CS_BC_14d_091,EXP_CS_BC_14d,Compressive Strength,Bacterial Concrete,14,3,False,27.14
CS_NC_14d_092,EXP_CS_NC_14d,Compressive Strength,Normal Concrete,14,4,False,24.78
CS_BC_14d_092,EXP_CS_BC_14d,Compressive Strength,Bacterial Concrete,14,3,False,26.81
CS_NC_14d_093,EXP_CS_NC_14d,Compressive Strength,Normal Concrete,14,4,False,23.82
CS_BC_14d_093,EXP_CS_BC_14d,Compressive Strength,Bacterial Concrete,14,3,False,26.91
CS_NC_14d_094,EXP_CS_NC_14d,Compressive Strength,Normal Concrete,14,4,False,21.63
CS_BC_14d_094,EXP_CS_BC_14d,Compressive Strength,Bacterial Concrete,14,3,False,24.58
CS_NC_14d_095,EXP_CS_NC_14d,Compressive Strength,Normal Concrete,14,4,False,23.76
CS_BC_14d_095,EXP_CS_BC_14d,Compressive Strength,Bacterial Concrete,14,3,False,24.88
CS_NC_14d_096,EXP_CS_NC_14d,Compressive Strength,Normal Concrete,14,4,False,24.08
CS_BC_14d_096,EXP_CS_BC_14d,Compressive Strength,Bacterial Concrete,14,3,False,28.08
CS_NC_14d_097,EXP_CS_NC_14d,Compressive Strength,Normal Concrete,14,4,False,22.17
CS_BC_14d_097,EXP_CS_BC_14d,Compressive Strength,Bacterial Concrete,14,3,False,26.44
CS_NC_14d_098,EXP_CS_NC_14d,Compressive Strength,Normal Concrete,14,4,False,23.73
CS_BC_14d_098,EXP_CS_BC_14d,Compressive Strength,Bacterial Concrete,14,3,False,27.52
CS_NC_14d_099,EXP_CS_NC_14d,Compressive Strength,Normal Concrete,14,4,False,23.59
CS_BC_14d_099,EXP_CS_BC_14d,Compressive Strength,Bacterial Concrete,14,3,False,26.54
CS_NC_14d_100,EXP_CS_NC_14d,Compressive Strength,Normal Concrete,14,4,False,21.79
CS_BC_14d_100,EXP_CS_BC_14d,Compressive Strength,Bacterial Concrete,14,3,False,26.54
CS_NC_21d_001,EXP_CS_NC_21d,Compressive Strength,Normal Concrete,21,3,False,26.04
CS_BC_21d_001,EXP_CS_BC_21d,Compressive Strength,Bacterial Concrete,21,2,False,30.91
CS_NC_21d_002,EXP_CS_NC_21d,Compressive Strength,Normal Concrete,21,3,False,26.34
CS_BC_21d_002,EXP_CS_BC_21d,Compressive Strength,Bacterial Concrete,21,2,False,28.73
CS_NC_21d_003,EXP_CS_NC_21d,Compressive Strength,Normal Concrete,21,3,False,27.12
CS_BC_21d_003,EXP_CS_BC_21d,Compressive Strength,Bacterial Concrete,21,2,False,29.64
CS_NC_21d_004,EXP_CS_NC_21d,Compressive Strength,Normal Concrete,21,3,False,27.08
CS_BC_21d_004,EXP_CS_BC_21d,Compressive Strength,Bacterial Concrete,21,2,False,28.81
CS_NC_21d_005,EXP_CS_NC_21d,Compressive Strength,Normal Concrete,21,3,False,23.43
CS_BC_21d_005,EXP_CS_BC_21d,Compressive Strength,Bacterial Concrete,21,2,False,28.85
CS_NC_21d_006,EXP_CS_NC_21d,Compressive Strength,Normal Concrete,21,3,False,24.09
CS_BC_21d_006,EXP_CS_BC_21d,Compressive Strength,Bacterial Concrete,21,2,False,29.04
CS_NC_21d_007,EXP_CS_NC_21d,Compressive Strength,Normal Concrete,21,3,False,26.27
CS_BC_21d_007,EXP_CS_BC_21d,Compressive Strength,Bacterial Concrete,21,2,False,29.83
CS_NC_21d_008,EXP_CS_NC_21d,Compressive Strength,Normal Concrete,21,3,False,26.27
CS_BC_21d_008,EXP_CS_BC_21d,Compressive Strength,Bacterial Concrete,21,2,False,28.78
CS_NC_21d_009,EXP_CS_NC_21d,Compressive Strength,Normal Concrete,21,3,False,26.27
CS_BC_21d_009,EXP_CS_BC_21d,Compressive Strength,Bacterial Concrete,21,2,False,31.38
CS_NC_21d_010,EXP_CS_NC_21d,Compressive Strength,Normal Concrete,21,3,False,31.28
CS_BC_21d_010,EXP_CS_BC_21d,Compressive Strength,Bacterial Concrete,21,2,False,28.16
CS_NC_21d_011,EXP_CS_NC_21d,Compressive Strength,Normal Concrete,21,3,False,26.36
CS_BC_21d_011,EXP_CS_BC_21d,Compressive Strength,Bacterial Concrete,21,2,False,29.22
CS_NC_21d_012,EXP_CS_NC_21d,Compressive Strength,Normal Concrete,21,3,False,27.2
CS_BC_21d_012,EXP_CS_BC_21d,Compressive Strength,Bacterial Concrete,21,2,False,28.84
CS_NC_21d_013,EXP_CS_NC_21d,Compressive Strength,Normal Concrete,21,3,False,26.93
CS_BC_21d_013,EXP_CS_BC_21d,Compressive Strength,Bacterial Concrete,21,2,False,31.67
CS_NC_21d_014,EXP_CS_NC_21d,Compressive Strength,Normal Concrete,21,3,False,26.48
CS_BC_21d_014,EXP_CS_BC_21d,Compressive Strength,Bacterial Concrete,21,2,False,29.79
CS_NC_21d_015,EXP_CS_NC_21d,Compressive Strength,Normal Concrete,21,3,False,25.03
CS_BC_21d_015,EXP_CS_BC_21d,Compressive Strength,Bacterial Concrete,21,2,False,31.05
CS_NC_21d_016,EXP_CS_NC_21d,Compressive Strength,Normal Concrete,21,3,False,26.64
CS_BC_21d_016,EXP_CS_BC_21d,Compressive Strength,Bacterial Concrete,21,2,False,27.27
CS_NC_21d_017,EXP_CS_NC_21d,Compressive Strength,Normal Concrete,21,3,False,24.34
CS_BC_21d_017,EXP_CS_BC_21d,Compressive Strength,Bacterial Concrete,21,2,False,29.9
CS_NC_21d_018,EXP_CS_NC_21d,Compressive Strength,Normal Concrete,21,3,False,25.14
CS_BC_21d_018,EXP_CS_BC_21d,Compressive Strength,Bacterial Concrete,21,2,False,30.83
CS_NC_21d_019,EXP_CS_NC_21d,Compressive Strength,Normal Concrete,21,3,False,24.77
CS_BC_21d_019,EXP_CS_BC_21d,Compressive Strength,Bacterial Concrete,21,2,False,29.62
CS_NC_21d_020,EXP_CS_NC_21d,Compressive Strength,Normal Concrete,21,3,False,25.62
CS_BC_21d_020,EXP_CS_BC_21d,Compressive Strength,Bacterial Concrete,21,2,False,31.1
CS_NC_21d_021,EXP_CS_NC_21d,Compressive Strength,Normal Concrete,21,3,False,28.97
CS_BC_21d_021,EXP_CS_BC_21d,Compressive Strength,Bacterial Concrete,21,2,False,28.72
CS_NC_21d_022,EXP_CS_NC_21d,Compressive Strength,Normal Concrete,21,3,False,22.7
CS_BC_21d_022,EXP_CS_BC_21d,Compressive Strength,Bacterial Concrete,21,2,False,31.61
CS_NC_21d_023,EXP_CS_NC_21d,Compressive Strength,Normal Concrete,21,3,False,26.53
CS_BC_21d_023,EXP_CS_BC_21d,Compressive Strength,Bacterial Concrete,21,2,False,32.95
CS_NC_21d_024,EXP_CS_NC_21d,Compressive Strength,Normal Concrete,21,3,False,23.08
CS_BC_21d_024,EXP_CS_BC_21d,Compressive Strength,Bacterial Concrete,21,2,False,28.96
CS_NC_21d_025,EXP_CS_NC_21d,Compressive Strength,Normal Concrete,21,3,False,24.79
CS_BC_21d_025,EXP_CS_BC_21d,Compressive Strength,Bacterial Concrete,21,2,False,28.83
CS_NC_21d_026,EXP_CS_NC_21d,Compressive Strength,Normal Concrete,21,3,False,27.13
CS_BC_21d_026,EXP_CS_BC_21d,Compressive Strength,Bacterial Concrete,21,2,False,31.68
CS_NC_21d_027,EXP_CS_NC_21d,Compressive Strength,Normal Concrete,21,3,False,25.6
CS_BC_21d_027,EXP_CS_BC_21d,Compressive Strength,Bacterial Concrete,21,2,False,31.87
CS_NC_21d_028,EXP_CS_NC_21d,Compressive Strength,Normal Concrete,21,3,False,23.88
CS_BC_21d_028,EXP_CS_BC_21d,Compressive Strength,Bacterial Concrete,21,2,False,28.72
CS_NC_21d_029,EXP_CS_NC_21d,Compressive Strength,Normal Concrete,21,3,False,24.43
CS_BC_21d_029,EXP_CS_BC_21d,Compressive Strength,Bacterial Concrete,21,2,False,28.87
CS_NC_21d_030,EXP_CS_NC_21d,Compressive Strength,Normal Concrete,21,3,False,26.52
CS_BC_21d_030,EXP_CS_BC_21d,Compressive Strength,Bacterial Concrete,21,2,False,29.08
CS_NC_21d_031,EXP_CS_NC_21d,Compressive Strength,Normal Concrete,21,3,False,24.4
CS_BC_21d_031,EXP_CS_BC_21d,Compressive Strength,Bacterial Concrete,21,2,False,27.48
CS_NC_21d_032,EXP_CS_NC_21d,Compressive Strength,Normal Concrete,21,3,False,25.82
CS_BC_21d_032,EXP_CS_BC_21d,Compressive Strength,Bacterial Concrete,21,2,False,28.12
CS_NC_21d_033,EXP_CS_NC_21d,Compressive Strength,Normal Concrete,21,3,False,25.57
CS_BC_21d_033,EXP_CS_BC_21d,Compressive Strength,Bacterial Concrete,21,2,False,27.99
CS_NC_21d_034,EXP_CS_NC_21d,Compressive Strength,Normal Concrete,21,3,False,24.52
CS_BC_21d_034,EXP_CS_BC_21d,Compressive Strength,Bacterial Concrete,21,2,False,28.35
CS_NC_21d_035,EXP_CS_NC_21d,Compressive Strength,Normal Concrete,21,3,False,28.72
CS_BC_21d_035,EXP_CS_BC_21d,Compressive Strength,Bacterial Concrete,21,2,False,29.45
CS_NC_21d_036,EXP_CS_NC_21d,Compressive Strength,Normal Concrete,21,3,False,26.45
CS_BC_21d_036,EXP_CS_BC_21d,Compressive Strength,Bacterial Concrete,21,2,False,29.85
CS_NC_21d_037,EXP_CS_NC_21d,Compressive Strength,Normal Concrete,21,3,False,22.46
CS_BC_21d_037,EXP_CS_BC_21d,Compressive Strength,Bacterial Concrete,21,2,False,31.83
CS_NC_21d_038,EXP_CS_NC_21d,Compressive Strength,Normal Concrete,21,3,False,25.78
CS_BC_21d_038,EXP_CS_BC_21d,Compressive Strength,Bacterial Concrete,21,2,False,28.0
CS_NC_21d_039,EXP_CS_NC_21d,Compressive Strength,Normal Concrete,21,3,False,24.51
CS_BC_21d_039,EXP_CS_BC_21d,Compressive Strength,Bacterial Concrete,21,2,False,30.98
CS_NC_21d_040,EXP_CS_NC_21d,Compressive Strength,Normal Concrete,21,3,False,26.78
CS_BC_21d_040,EXP_CS_BC_21d,Compressive Strength,Bacterial Concrete,21,2,False,29.18
CS_NC_21d_041,EXP_CS_NC_21d,Compressive Strength,Normal Concrete,21,3,False,24.31
CS_BC_21d_041,EXP_CS_BC_21d,Compressive Strength,Bacterial Concrete,21,2,False,29.43
CS_NC_21d_042,EXP_CS_NC_21d,Compressive Strength,Normal Concrete,21,3,False,25.33
CS_BC_21d_042,EXP_CS_BC_21d,Compressive Strength,Bacterial Concrete,21,2,False,30.51
CS_NC_21d_043,EXP_CS_NC_21d,Compressive Strength,Normal Concrete,21,3,False,26.26
CS_BC_21d_043,EXP_CS_BC_21d,Compressive Strength,Bacterial Concrete,21,2,False,27.82
CS_NC_21d_044,EXP_CS_NC_21d,Compressive Strength,Normal Concrete,21,3,False,26.8
CS_BC_21d_044,EXP_CS_BC_21d,Compressive Strength,Bacterial Concrete,21,2,False,30.07
CS_NC_21d_045,EXP_CS_NC_21d,Compressive Strength,Normal Concrete,21,3,False,23.7
CS_BC_21d_045,EXP_CS_BC_21d,Compressive Strength,Bacterial Concrete,21,2,False,29.75
CS_NC_21d_046,EXP_CS_NC_21d,Compressive Strength,Normal Concrete,21,3,False,25.0
CS_BC_21d_046,EXP_CS_BC_21d,Compressive Strength,Bacterial Concrete,21,2,False,30.24
CS_NC_21d_047,EXP_CS_NC_21d,Compressive Strength,Normal Concrete,21,3,False,24.79
CS_BC_21d_047,EXP_CS_BC_21d,Compressive Strength,Bacterial Concrete,21,2,False,29.93
CS_NC_21d_048,EXP_CS_NC_21d,Compressive Strength,Normal Concrete,21,3,False,24.52
CS_BC_21d_048,EXP_CS_BC_21d,Compressive Strength,Bacterial Concrete,21,2,False,33.18
CS_NC_21d_049,EXP_CS_NC_21d,Compressive Strength,Normal Concrete,21,3,False,28.15
CS_BC_21d_049,EXP_CS_BC_21d,Compressive Strength,Bacterial Concrete,21,2,False,28.54
CS_NC_21d_050,EXP_CS_NC_21d,Compressive Strength,Normal Concrete,21,3,False,26.11
CS_BC_21d_050,EXP_CS_BC_21d,Compressive Strength,Bacterial Concrete,21,2,False,28.7
CS_NC_21d_051,EXP_CS_NC_21d,Compressive Strength,Normal Concrete,21,3,False,23.61
CS_BC_21d_051,EXP_CS_BC_21d,Compressive Strength,Bacterial Concrete,21,2,False,28.57
CS_NC_21d_052,EXP_CS_NC_21d,Compressive Strength,Normal Concrete,21,3,False,26.88
CS_BC_21d_052,EXP_CS_BC_21d,Compressive Strength,Bacterial Concrete,21,2,False,28.67
CS_NC_21d_053,EXP_CS_NC_21d,Compressive Strength,Normal Concrete,21,3,False,28.68
CS_BC_21d_053,EXP_CS_BC_21d,Compressive Strength,Bacterial Concrete,21,2,False,28.54
CS_NC_21d_054,EXP_CS_NC_21d,Compressive Strength,Normal Concrete,21,3,False,27.05
CS_BC_21d_054,EXP_CS_BC_21d,Compressive Strength,Bacterial Concrete,21,2,False,31.28
CS_NC_21d_055,EXP_CS_NC_21d,Compressive Strength,Normal Concrete,21,3,False,23.22
CS_BC_21d_055,EXP_CS_BC_21d,Compressive Strength,Bacterial Concrete,21,2,False,31.63
CS_NC_21d_056,EXP_CS_NC_21d,Compressive Strength,Normal Concrete,21,3,False,24.77
CS_BC_21d_056,EXP_CS_BC_21d,Compressive Strength,Bacterial Concrete,21,2,False,28.64
CS_NC_21d_057,EXP_CS_NC_21d,Compressive Strength,Normal Concrete,21,3,False,27.4
CS_BC_21d_057,EXP_CS_BC_21d,Compressive Strength,Bacterial Concrete,21,2,False,28.25
CS_NC_21d_058,EXP_CS_NC_21d,Compressive Strength,Normal Concrete,21,3,False,24.44
CS_BC_21d_058,EXP_CS_BC_21d,Compressive Strength,Bacterial Concrete,21,2,False,30.21
CS_NC_21d_059,EXP_CS_NC_21d,Compressive Strength,Normal Concrete,21,3,False,26.17
CS_BC_21d_059,EXP_CS_BC_21d,Compressive Strength,Bacterial Concrete,21,2,False,28.67
CS_NC_21d_060,EXP_CS_NC_21d,Compressive Strength,Normal Concrete,21,3,False,26.66
CS_BC_21d_060,EXP_CS_BC_21d,Compressive Strength,Bacterial Concrete,21,2,False,30.45
CS_NC_21d_061,EXP_CS_NC_21d,Compressive Strength,Normal Concrete,21,3,False,24.11
CS_BC_21d_061,EXP_CS_BC_21d,Compressive Strength,Bacterial Concrete,21,2,False,29.8
CS_NC_21d_062,EXP_CS_NC_21d,Compressive Strength,Normal Concrete,21,3,False,25.41
CS_BC_21d_062,EXP_CS_BC_21d,Compressive Strength,Bacterial Concrete,21,2,False,27.23
CS_NC_21d_063,EXP_CS_NC_21d,Compressive Strength,Normal Concrete,21,3,False,20.64
CS_BC_21d_063,EXP_CS_BC_21d,Compressive Strength,Bacterial Concrete,21,2,False,31.82
CS_NC_21d_064,EXP_CS_NC_21d,Compressive Strength,Normal Concrete,21,3,False,23.96
CS_BC_21d_064,EXP_CS_BC_21d,Compressive Strength,Bacterial Concrete,21,2,False,32.19
CS_NC_21d_065,EXP_CS_NC_21d,Compressive Strength,Normal Concrete,21,3,False,25.12
CS_BC_21d_065,EXP_CS_BC_21d,Compressive Strength,Bacterial Concrete,21,2,False,28.58
CS_NC_21d_066,EXP_CS_NC_21d,Compressive Strength,Normal Concrete,21,3,False,23.63
CS_BC_21d_066,EXP_CS_BC_21d,Compressive Strength,Bacterial Concrete,21,2,False,28.92
CS_NC_21d_067,EXP_CS_NC_21d,Compressive Strength,Normal Concrete,21,3,False,27.95
CS_BC_21d_067,EXP_CS_BC_21d,Compressive Strength,Bacterial Concrete,21,2,False,29.93
CS_NC_21d_068,EXP_CS_NC_21d,Compressive Strength,Normal Concrete,21,3,False,23.35
CS_BC_21d_068,EXP_CS_BC_21d,Compressive Strength,Bacterial Concrete,21,2,False,30.0
CS_NC_21d_069,EXP_CS_NC_21d,Compressive Strength,Normal Concrete,21,3,False,24.84
CS_BC_21d_069,EXP_CS_BC_21d,Compressive Strength,Bacterial Concrete,21,2,False,30.49
CS_NC_21d_070,EXP_CS_NC_21d,Compressive Strength,Normal Concrete,21,3,False,25.7
CS_BC_21d_070,EXP_CS_BC_21d,Compressive Strength,Bacterial Concrete,21,2,False,32.52
CS_NC_21d_071,EXP_CS_NC_21d,Compressive Strength,Normal Concrete,21,3,False,27.66
CS_BC_21d_071,EXP_CS_BC_21d,Compressive Strength,Bacterial Concrete,21,2,False,29.23
CS_NC_21d_072,EXP_CS_NC_21d,Compressive Strength,Normal Concrete,21,3,False,23.35
CS_BC_21d_072,EXP_CS_BC_21d,Compressive Strength,Bacterial Concrete,21,2,False,28.3
CS_NC_21d_073,EXP_CS_NC_21d,Compressive Strength,Normal Concrete,21,3,False,27.24
CS_BC_21d_073,EXP_CS_BC_21d,Compressive Strength,Bacterial Concrete,21,2,False,27.43
CS_NC_21d_074,EXP_CS_NC_21d,Compressive Strength,Normal Concrete,21,3,False,25.52
CS_BC_21d_074,EXP_CS_BC_21d,Compressive Strength,Bacterial Concrete,21,2,False,28.4
CS_NC_21d_075,EXP_CS_NC_21d,Compressive Strength,Normal Concrete,21,3,False,24.03
CS_BC_21d_075,EXP_CS_BC_21d,Compressive Strength,Bacterial Concrete,21,2,False,29.45
CS_NC_21d_076,EXP_CS_NC_21d,Compressive Strength,Normal Concrete,21,3,False,26.19
CS_BC_21d_076,EXP_CS_BC_21d,Compressive Strength,Bacterial Concrete,21,2,False,32.19
CS_NC_21d_077,EXP_CS_NC_21d,Compressive Strength,Normal Concrete,21,3,False,25.8
CS_BC_21d_077,EXP_CS_BC_21d,Compressive Strength,Bacterial Concrete,21,2,False,28.72
CS_NC_21d_078,EXP_CS_NC_21d,Compressive Strength,Normal Concrete,21,3,False,24.6
CS_BC_21d_078,EXP_CS_BC_21d,Compressive Strength,Bacterial Concrete,21,2,False,29.84
CS_NC_21d_079,EXP_CS_NC_21d,Compressive Strength,Normal Concrete,21,3,False,25.6
CS_BC_21d_079,EXP_CS_BC_21d,Compressive Strength,Bacterial Concrete,21,2,False,29.48
CS_NC_21d_080,EXP_CS_NC_21d,Compressive Strength,Normal Concrete,21,3,False,24.92
CS_BC_21d_080,EXP_CS_BC_21d,Compressive Strength,Bacterial Concrete,21,2,False,31.28
CS_NC_21d_081,EXP_CS_NC_21d,Compressive Strength,Normal Concrete,21,3,False,25.67
CS_BC_21d_081,EXP_CS_BC_21d,Compressive Strength,Bacterial Concrete,21,2,False,33.29
CS_NC_21d_082,EXP_CS_NC_21d,Compressive Strength,Normal Concrete,21,3,False,26.49
CS_BC_21d_082,EXP_CS_BC_21d,Compressive Strength,Bacterial Concrete,21,2,False,28.7
CS_NC_21d_083,EXP_CS_NC_21d,Compressive Strength,Normal Concrete,21,3,False,27.88
CS_BC_21d_083,EXP_CS_BC_21d,Compressive Strength,Bacterial Concrete,21,2,False,28.77
CS_NC_21d_084,EXP_CS_NC_21d,Compressive Strength,Normal Concrete,21,3,False,23.64
CS_BC_21d_084,EXP_CS_BC_21d,Compressive Strength,Bacterial Concrete,21,2,False,31.07
CS_NC_21d_085,EXP_CS_NC_21d,Compressive Strength,Normal Concrete,21,3,False,28.7
CS_BC_21d_085,EXP_CS_BC_21d,Compressive Strength,Bacterial Concrete,21,2,False,30.52
CS_NC_21d_086,EXP_CS_NC_21d,Compressive Strength,Normal Concrete,21,3,False,22.57
CS_BC_21d_086,EXP_CS_BC_21d,Compressive Strength,Bacterial Concrete,21,2,False,32.27
CS_NC_21d_087,EXP_CS_NC_21d,Compressive Strength,Normal Concrete,21,3,False,25.27
CS_BC_21d_087,EXP_CS_BC_21d,Compressive Strength,Bacterial Concrete,21,2,False,30.38
CS_NC_21d_088,EXP_CS_NC_21d,Compressive Strength,Normal Concrete,21,3,False,26.38
CS_BC_21d_088,EXP_CS_BC_21d,Compressive Strength,Bacterial Concrete,21,2,False,28.96
CS_NC_21d_089,EXP_CS_NC_21d,Compressive Strength,Normal Concrete,21,3,False,25.92
CS_BC_21d_089,EXP_CS_BC_21d,Compressive Strength,Bacterial Concrete,21,2,False,30.39
CS_NC_21d_090,EXP_CS_NC_21d,Compressive Strength,Normal Concrete,21,3,False,24.57
CS_BC_21d_090,EXP_CS_BC_21d,Compressive Strength,Bacterial Concrete,21,2,False,31.16
CS_NC_21d_091,EXP_CS_NC_21d,Compressive Strength,Normal Concrete,21,3,False,25.19
CS_BC_21d_091,EXP_CS_BC_21d,Compressive Strength,Bacterial Concrete,21,2,False,30.73
CS_NC_21d_092,EXP_CS_NC_21d,Compressive Strength,Normal Concrete,21,3,False,24.76
CS_BC_21d_092,EXP_CS_BC_21d,Compressive Strength,Bacterial Concrete,21,2,False,30.26
CS_NC_21d_093,EXP_CS_NC_21d,Compressive Strength,Normal Concrete,21,3,False,24.62
CS_BC_21d_093,EXP_CS_BC_21d,Compressive Strength,Bacterial Concrete,21,2,False,31.1
CS_NC_21d_094,EXP_CS_NC_21d,Compressive Strength,Normal Concrete,21,3,False,26.77
CS_BC_21d_094,EXP_CS_BC_21d,Compressive Strength,Bacterial Concrete,21,2,False,31.25
CS_NC_21d_095,EXP_CS_NC_21d,Compressive Strength,Normal Concrete,21,3,False,26.04
CS_BC_21d_095,EXP_CS_BC_21d,Compressive Strength,Bacterial Concrete,21,2,False,31.57
CS_NC_21d_096,EXP_CS_NC_21d,Compressive Strength,Normal Concrete,21,3,False,24.46
CS_BC_21d_096,EXP_CS_BC_21d,Compressive Strength,Bacterial Concrete,21,2,False,30.47
CS_NC_21d_097,EXP_CS_NC_21d,Compressive Strength,Normal Concrete,21,3,False,26.85
CS_BC_21d_097,EXP_CS_BC_21d,Compressive Strength,Bacterial Concrete,21,2,False,29.25
CS_NC_21d_098,EXP_CS_NC_21d,Compressive Strength,Normal Concrete,21,3,False,25.96
CS_BC_21d_098,EXP_CS_BC_21d,Compressive Strength,Bacterial Concrete,21,2,False,29.72
CS_NC_21d_099,EXP_CS_NC_21d,Compressive Strength,Normal Concrete,21,3,False,26.72
CS_BC_21d_099,EXP_CS_BC_21d,Compressive Strength,Bacterial Concrete,21,2,False,31.31
CS_NC_21d_100,EXP_CS_NC_21d,Compressive Strength,Normal Concrete,21,3,False,26.44
CS_BC_21d_100,EXP_CS_BC_21d,Compressive Strength,Bacterial Concrete,21,2,False,28.27
CS_NC_28d_001,EXP_CS_NC_28d,Compressive Strength,Normal Concrete,28,2,False,26.76
CS_NC_28d_002,EXP_CS_NC_28d,Compressive Strength,Normal Concrete,28,2,False,27.16
CS_NC_28d_003,EXP_CS_NC_28d,Compressive Strength,Normal Concrete,28,2,False,29.12
CS_NC_28d_004,EXP_CS_NC_28d,Compressive Strength,Normal Concrete,28,2,False,28.92
CS_NC_28d_005,EXP_CS_NC_28d,Compressive Strength,Normal Concrete,28,2,False,27.97
CS_NC_28d_006,EXP_CS_NC_28d,Compressive Strength,Normal Concrete,28,2,False,28.18
CS_NC_28d_007,EXP_CS_NC_28d,Compressive Strength,Normal Concrete,28,2,False,29.92
CS_NC_28d_008,EXP_CS_NC_28d,Compressive Strength,Normal Concrete,28,2,False,27.11
CS_NC_28d_009,EXP_CS_NC_28d,Compressive Strength,Normal Concrete,28,2,False,28.82
CS_NC_28d_010,EXP_CS_NC_28d,Compressive Strength,Normal Concrete,28,2,False,27.7
CS_NC_28d_011,EXP_CS_NC_28d,Compressive Strength,Normal Concrete,28,2,False,27.67
CS_NC_28d_012,EXP_CS_NC_28d,Compressive Strength,Normal Concrete,28,2,False,29.65
CS_NC_28d_013,EXP_CS_NC_28d,Compressive Strength,Normal Concrete,28,2,False,29.24
CS_NC_28d_014,EXP_CS_NC_28d,Compressive Strength,Normal Concrete,28,2,False,29.22
CS_NC_28d_015,EXP_CS_NC_28d,Compressive Strength,Normal Concrete,28,2,False,29.96
CS_NC_28d_016,EXP_CS_NC_28d,Compressive Strength,Normal Concrete,28,2,False,28.03
CS_NC_28d_017,EXP_CS_NC_28d,Compressive Strength,Normal Concrete,28,2,False,29.02
CS_NC_28d_018,EXP_CS_NC_28d,Compressive Strength,Normal Concrete,28,2,False,27.53
CS_NC_28d_019,EXP_CS_NC_28d,Compressive Strength,Normal Concrete,28,2,False,28.49
CS_NC_28d_020,EXP_CS_NC_28d,Compressive Strength,Normal Concrete,28,2,False,27.8
CS_NC_28d_021,EXP_CS_NC_28d,Compressive Strength,Normal Concrete,28,2,False,28.15
CS_NC_28d_022,EXP_CS_NC_28d,Compressive Strength,Normal Concrete,28,2,False,28.89
CS_NC_28d_023,EXP_CS_NC_28d,Compressive Strength,Normal Concrete,28,2,False,26.77
CS_NC_28d_024,EXP_CS_NC_28d,Compressive Strength,Normal Concrete,28,2,False,31.14
CS_NC_28d_025,EXP_CS_NC_28d,Compressive Strength,Normal Concrete,28,2,False,26.49
CS_NC_28d_026,EXP_CS_NC_28d,Compressive Strength,Normal Concrete,28,2,False,26.18
CS_NC_28d_027,EXP_CS_NC_28d,Compressive Strength,Normal Concrete,28,2,False,29.74
CS_NC_28d_028,EXP_CS_NC_28d,Compressive Strength,Normal Concrete,28,2,False,29.19
CS_NC_28d_029,EXP_CS_NC_28d,Compressive Strength,Normal Concrete,28,2,False,28.94
CS_NC_28d_030,EXP_CS_NC_28d,Compressive Strength,Normal Concrete,28,2,False,28.94
CS_NC_28d_031,EXP_CS_NC_28d,Compressive Strength,Normal Concrete,28,2,False,27.98
CS_NC_28d_032,EXP_CS_NC_28d,Compressive Strength,Normal Concrete,28,2,False,26.65
CS_NC_28d_033,EXP_CS_NC_28d,Compressive Strength,Normal Concrete,28,2,False,28.11
CS_NC_28d_034,EXP_CS_NC_28d,Compressive Strength,Normal Concrete,28,2,False,26.98
CS_NC_28d_035,EXP_CS_NC_28d,Compressive Strength,Normal Concrete,28,2,False,29.46
CS_NC_28d_036,EXP_CS_NC_28d,Compressive Strength,Normal Concrete,28,2,False,27.78
CS_NC_28d_037,EXP_CS_NC_28d,Compressive Strength,Normal Concrete,28,2,False,26.76
CS_NC_28d_038,EXP_CS_NC_28d,Compressive Strength,Normal Concrete,28,2,False,27.52
CS_NC_28d_039,EXP_CS_NC_28d,Compressive Strength,Normal Concrete,28,2,False,28.62
CS_NC_28d_040,EXP_CS_NC_28d,Compressive Strength,Normal Concrete,28,2,False,27.15
CS_NC_28d_041,EXP_CS_NC_28d,Compressive Strength,Normal Concrete,28,2,False,26.77
CS_NC_28d_042,EXP_CS_NC_28d,Compressive Strength,Normal Concrete,28,2,False,28.37
CS_NC_28d_043,EXP_CS_NC_28d,Compressive Strength,Normal Concrete,28,2,False,28.37
CS_NC_28d_044,EXP_CS_NC_28d,Compressive Strength,Normal Concrete,28,2,False,27.24
CS_NC_28d_045,EXP_CS_NC_28d,Compressive Strength,Normal Concrete,28,2,False,27.29
CS_NC_28d_046,EXP_CS_NC_28d,Compressive Strength,Normal Concrete,28,2,False,28.35
CS_NC_28d_047,EXP_CS_NC_28d,Compressive Strength,Normal Concrete,28,2,False,25.83
CS_NC_28d_048,EXP_CS_NC_28d,Compressive Strength,Normal Concrete,28,2,False,25.89
CS_NC_28d_049,EXP_CS_NC_28d,Compressive Strength,Normal Concrete,28,2,False,26.92
CS_NC_28d_050,EXP_CS_NC_28d,Compressive Strength,Normal Concrete,28,2,False,27.68
CS_NC_28d_051,EXP_CS_NC_28d,Compressive Strength,Normal Concrete,28,2,False,28.47
CS_NC_28d_052,EXP_CS_NC_28d,Compressive Strength,Normal Concrete,28,2,False,30.21
CS_NC_28d_053,EXP_CS_NC_28d,Compressive Strength,Normal Concrete,28,2,False,29.29
CS_NC_28d_054,EXP_CS_NC_28d,Compressive Strength,Normal Concrete,28,2,False,27.76
CS_NC_28d_055,EXP_CS_NC_28d,Compressive Strength,Normal Concrete,28,2,False,27.97
CS_NC_28d_056,EXP_CS_NC_28d,Compressive Strength,Normal Concrete,28,2,False,26.5
CS_NC_28d_057,EXP_CS_NC_28d,Compressive Strength,Normal Concrete,28,2,False,27.97
CS_NC_28d_058,EXP_CS_NC_28d,Compressive Strength,Normal Concrete,28,2,False,27.57
CS_NC_28d_059,EXP_CS_NC_28d,Compressive Strength,Normal Concrete,28,2,False,28.48
CS_NC_28d_060,EXP_CS_NC_28d,Compressive Strength,Normal Concrete,28,2,False,26.76
CS_NC_28d_061,EXP_CS_NC_28d,Compressive Strength,Normal Concrete,28,2,False,28.78
CS_NC_28d_062,EXP_CS_NC_28d,Compressive Strength,Normal Concrete,28,2,False,30.3
CS_NC_28d_063,EXP_CS_NC_28d,Compressive Strength,Normal Concrete,28,2,False,27.84
CS_NC_28d_064,EXP_CS_NC_28d,Compressive Strength,Normal Concrete,28,2,False,28.6
CS_NC_28d_065,EXP_CS_NC_28d,Compressive Strength,Normal Concrete,28,2,False,29.04
CS_NC_28d_066,EXP_CS_NC_28d,Compressive Strength,Normal Concrete,28,2,False,27.4
CS_NC_28d_067,EXP_CS_NC_28d,Compressive Strength,Normal Concrete,28,2,False,28.34
CS_NC_28d_068,EXP_CS_NC_28d,Compressive Strength,Normal Concrete,28,2,False,28.02
CS_NC_28d_069,EXP_CS_NC_28d,Compressive Strength,Normal Concrete,28,2,False,28.15
CS_NC_28d_070,EXP_CS_NC_28d,Compressive Strength,Normal Concrete,28,2,False,26.84
CS_NC_28d_071,EXP_CS_NC_28d,Compressive Strength,Normal Concrete,28,2,False,28.04
CS_NC_28d_072,EXP_CS_NC_28d,Compressive Strength,Normal Concrete,28,2,False,28.75
CS_NC_28d_073,EXP_CS_NC_28d,Compressive Strength,Normal Concrete,28,2,False,30.18
CS_NC_28d_074,EXP_CS_NC_28d,Compressive Strength,Normal Concrete,28,2,False,29.44
CS_NC_28d_075,EXP_CS_NC_28d,Compressive Strength,Normal Concrete,28,2,False,31.23
CS_NC_28d_076,EXP_CS_NC_28d,Compressive Strength,Normal Concrete,28,2,False,26.85
CS_NC_28d_077,EXP_CS_NC_28d,Compressive Strength,Normal Concrete,28,2,False,29.31
CS_NC_28d_078,EXP_CS_NC_28d,Compressive Strength,Normal Concrete,28,2,False,28.28
CS_NC_28d_079,EXP_CS_NC_28d,Compressive Strength,Normal Concrete,28,2,False,31.28
CS_NC_28d_080,EXP_CS_NC_28d,Compressive Strength,Normal Concrete,28,2,False,26.79
CS_NC_28d_081,EXP_CS_NC_28d,Compressive Strength,Normal Concrete,28,2,False,26.74
CS_NC_28d_082,EXP_CS_NC_28d,Compressive Strength,Normal Concrete,28,2,False,27.1
CS_NC_28d_083,EXP_CS_NC_28d,Compressive Strength,Normal Concrete,28,2,False,24.81
CS_NC_28d_084,EXP_CS_NC_28d,Compressive Strength,Normal Concrete,28,2,False,27.21
CS_NC_28d_085,EXP_CS_NC_28d,Compressive Strength,Normal Concrete,28,2,False,26.86
CS_NC_28d_086,EXP_CS_NC_28d,Compressive Strength,Normal Concrete,28,2,False,28.23
CS_NC_28d_087,EXP_CS_NC_28d,Compressive Strength,Normal Concrete,28,2,False,28.51
CS_NC_28d_088,EXP_CS_NC_28d,Compressive Strength,Normal Concrete,28,2,False,30.81
CS_NC_28d_089,EXP_CS_NC_28d,Compressive Strength,Normal Concrete,28,2,False,29.43
CS_NC_28d_090,EXP_CS_NC_28d,Compressive Strength,Normal Concrete,28,2,False,27.13
CS_NC_28d_091,EXP_CS_NC_28d,Compressive Strength,Normal Concrete,28,2,False,26.65
CS_NC_28d_092,EXP_CS_NC_28d,Compressive Strength,Normal Concrete,28,2,False,28.74
CS_NC_28d_093,EXP_CS_NC_28d,Compressive Strength,Normal Concrete,28,2,False,26.02
CS_NC_28d_094,EXP_CS_NC_28d,Compressive Strength,Normal Concrete,28,2,False,30.75
CS_NC_28d_095,EXP_CS_NC_28d,Compressive Strength,Normal Concrete,28,2,False,29.77
CS_NC_28d_096,EXP_CS_NC_28d,Compressive Strength,Normal Concrete,28,2,False,27.3
CS_NC_28d_097,EXP_CS_NC_28d,Compressive Strength,Normal Concrete,28,2,False,25.43
CS_NC_28d_098,EXP_CS_NC_28d,Compressive Strength,Normal Concrete,28,2,False,30.03
CS_NC_28d_099,EXP_CS_NC_28d,Compressive Strength,Normal Concrete,28,2,False,27.83
CS_NC_28d_100,EXP_CS_NC_28d,Compressive Strength,Normal Concrete,28,2,False,29.86
CS_NC_56d_001,EXP_CS_NC_56d,Compressive Strength,Normal Concrete,56,1,False,28.61
CS_BC_56d_001,EXP_CS_BC_56d,Compressive Strength,Bacterial Concrete,56,1,False,39.1
CS_NC_56d_002,EXP_CS_NC_56d,Compressive Strength,Normal Concrete,56,1,False,30.1
CS_BC_56d_002,EXP_CS_BC_56d,Compressive Strength,Bacterial Concrete,56,1,False,38.39
CS_NC_56d_003,EXP_CS_NC_56d,Compressive Strength,Normal Concrete,56,1,False,31.01
CS_BC_56d_003,EXP_CS_BC_56d,Compressive Strength,Bacterial Concrete,56,1,False,37.09
CS_NC_56d_004,EXP_CS_NC_56d,Compressive Strength,Normal Concrete,56,1,False,31.07
CS_BC_56d_004,EXP_CS_BC_56d,Compressive Strength,Bacterial Concrete,56,1,False,36.03
CS_NC_56d_005,EXP_CS_NC_56d,Compressive Strength,Normal Concrete,56,1,False,30.32
CS_BC_56d_005,EXP_CS_BC_56d,Compressive Strength,Bacterial Concrete,56,1,False,38.05
CS_NC_56d_006,EXP_CS_NC_56d,Compressive Strength,Normal Concrete,56,1,False,31.93
CS_BC_56d_006,EXP_CS_BC_56d,Compressive Strength,Bacterial Concrete,56,1,False,37.59
CS_NC_56d_007,EXP_CS_NC_56d,Compressive Strength,Normal Concrete,56,1,False,29.4
CS_BC_56d_007,EXP_CS_BC_56d,Compressive Strength,Bacterial Concrete,56,1,False,38.34
CS_NC_56d_008,EXP_CS_NC_56d,Compressive Strength,Normal Concrete,56,1,False,30.79
CS_BC_56d_008,EXP_CS_BC_56d,Compressive Strength,Bacterial Concrete,56,1,False,37.95
CS_NC_56d_009,EXP_CS_NC_56d,Compressive Strength,Normal Concrete,56,1,False,31.18
CS_BC_56d_009,EXP_CS_BC_56d,Compressive Strength,Bacterial Concrete,56,1,False,38.57
CS_NC_56d_010,EXP_CS_NC_56d,Compressive Strength,Normal Concrete,56,1,False,31.77
CS_BC_56d_010,EXP_CS_BC_56d,Compressive Strength,Bacterial Concrete,56,1,False,36.2
CS_NC_56d_011,EXP_CS_NC_56d,Compressive Strength,Normal Concrete,56,1,False,32.07
CS_BC_56d_011,EXP_CS_BC_56d,Compressive Strength,Bacterial Concrete,56,1,False,38.98
CS_NC_56d_012,EXP_CS_NC_56d,Compressive Strength,Normal Concrete,56,1,False,29.31
CS_BC_56d_012,EXP_CS_BC_56d,Compressive Strength,Bacterial Concrete,56,1,False,37.3
CS_NC_56d_013,EXP_CS_NC_56d,Compressive Strength,Normal Concrete,56,1,False,28.7
CS_BC_56d_013,EXP_CS_BC_56d,Compressive Strength,Bacterial Concrete,56,1,False,40.11
CS_NC_56d_014,EXP_CS_NC_56d,Compressive Strength,Normal Concrete,56,1,False,32.92
CS_BC_56d_014,EXP_CS_BC_56d,Compressive Strength,Bacterial Concrete,56,1,False,35.97
CS_NC_56d_015,EXP_CS_NC_56d,Compressive Strength,Normal Concrete,56,1,False,31.5
CS_BC_56d_015,EXP_CS_BC_56d,Compressive Strength,Bacterial Concrete,56,1,False,39.6
CS_NC_56d_016,EXP_CS_NC_56d,Compressive Strength,Normal Concrete,56,1,False,29.88
CS_BC_56d_016,EXP_CS_BC_56d,Compressive Strength,Bacterial Concrete,56,1,False,37.3
CS_NC_56d_017,EXP_CS_NC_56d,Compressive Strength,Normal Concrete,56,1,False,33.33
CS_BC_56d_017,EXP_CS_BC_56d,Compressive Strength,Bacterial Concrete,56,1,False,36.02
CS_NC_56d_018,EXP_CS_NC_56d,Compressive Strength,Normal Concrete,56,1,False,31.17
CS_BC_56d_018,EXP_CS_BC_56d,Compressive Strength,Bacterial Concrete,56,1,False,36.27
CS_NC_56d_019,EXP_CS_NC_56d,Compressive Strength,Normal Concrete,56,1,False,32.77
CS_BC_56d_019,EXP_CS_BC_56d,Compressive Strength,Bacterial Concrete,56,1,False,36.52
CS_NC_56d_020,EXP_CS_NC_56d,Compressive Strength,Normal Concrete,56,1,False,31.1
CS_BC_56d_020,EXP_CS_BC_56d,Compressive Strength,Bacterial Concrete,56,1,False,37.64
CS_NC_56d_021,EXP_CS_NC_56d,Compressive Strength,Normal Concrete,56,1,False,34.09
CS_BC_56d_021,EXP_CS_BC_56d,Compressive Strength,Bacterial Concrete,56,1,False,37.78
CS_NC_56d_022,EXP_CS_NC_56d,Compressive Strength,Normal Concrete,56,1,False,33.63
CS_BC_56d_022,EXP_CS_BC_56d,Compressive Strength,Bacterial Concrete,56,1,False,36.14
CS_NC_56d_023,EXP_CS_NC_56d,Compressive Strength,Normal Concrete,56,1,False,30.63
CS_BC_56d_023,EXP_CS_BC_56d,Compressive Strength,Bacterial Concrete,56,1,False,36.96
CS_NC_56d_024,EXP_CS_NC_56d,Compressive Strength,Normal Concrete,56,1,False,32.46
CS_BC_56d_024,EXP_CS_BC_56d,Compressive Strength,Bacterial Concrete,56,1,False,40.21
CS_NC_56d_025,EXP_CS_NC_56d,Compressive Strength,Normal Concrete,56,1,False,31.97
CS_BC_56d_025,EXP_CS_BC_56d,Compressive Strength,Bacterial Concrete,56,1,False,39.59
CS_NC_56d_026,EXP_CS_NC_56d,Compressive Strength,Normal Concrete,56,1,False,33.05
CS_BC_56d_026,EXP_CS_BC_56d,Compressive Strength,Bacterial Concrete,56,1,False,37.65
CS_NC_56d_027,EXP_CS_NC_56d,Compressive Strength,Normal Concrete,56,1,False,29.55
CS_BC_56d_027,EXP_CS_BC_56d,Compressive Strength,Bacterial Concrete,56,1,False,37.06
CS_NC_56d_028,EXP_CS_NC_56d,Compressive Strength,Normal Concrete,56,1,False,32.03
CS_BC_56d_028,EXP_CS_BC_56d,Compressive Strength,Bacterial Concrete,56,1,False,37.18
CS_NC_56d_029,EXP_CS_NC_56d,Compressive Strength,Normal Concrete,56,1,False,32.59
CS_BC_56d_029,EXP_CS_BC_56d,Compressive Strength,Bacterial Concrete,56,1,False,37.92
CS_NC_56d_030,EXP_CS_NC_56d,Compressive Strength,Normal Concrete,56,1,False,28.36
CS_BC_56d_030,EXP_CS_BC_56d,Compressive Strength,Bacterial Concrete,56,1,False,35.47
CS_NC_56d_031,EXP_CS_NC_56d,Compressive Strength,Normal Concrete,56,1,False,29.23
CS_BC_56d_031,EXP_CS_BC_56d,Compressive Strength,Bacterial Concrete,56,1,False,36.61
CS_NC_56d_032,EXP_CS_NC_56d,Compressive Strength,Normal Concrete,56,1,False,27.94
CS_BC_56d_032,EXP_CS_BC_56d,Compressive Strength,Bacterial Concrete,56,1,False,34.5
CS_NC_56d_033,EXP_CS_NC_56d,Compressive Strength,Normal Concrete,56,1,False,30.6
CS_BC_56d_033,EXP_CS_BC_56d,Compressive Strength,Bacterial Concrete,56,1,False,37.6
CS_NC_56d_034,EXP_CS_NC_56d,Compressive Strength,Normal Concrete,56,1,False,32.08
CS_BC_56d_034,EXP_CS_BC_56d,Compressive Strength,Bacterial Concrete,56,1,False,37.97
CS_NC_56d_035,EXP_CS_NC_56d,Compressive Strength,Normal Concrete,56,1,False,33.25
CS_BC_56d_035,EXP_CS_BC_56d,Compressive Strength,Bacterial Concrete,56,1,False,36.28
CS_NC_56d_036,EXP_CS_NC_56d,Compressive Strength,Normal Concrete,56,1,False,31.11
CS_BC_56d_036,EXP_CS_BC_56d,Compressive Strength,Bacterial Concrete,56,1,False,39.36
CS_NC_56d_037,EXP_CS_NC_56d,Compressive Strength,Normal Concrete,56,1,False,33.44
CS_BC_56d_037,EXP_CS_BC_56d,Compressive Strength,Bacterial Concrete,56,1,False,35.16
CS_NC_56d_038,EXP_CS_NC_56d,Compressive Strength,Normal Concrete,56,1,False,28.93
CS_BC_56d_038,EXP_CS_BC_56d,Compressive Strength,Bacterial Concrete,56,1,False,34.8
CS_NC_56d_039,EXP_CS_NC_56d,Compressive Strength,Normal Concrete,56,1,False,28.44
CS_BC_56d_039,EXP_CS_BC_56d,Compressive Strength,Bacterial Concrete,56,1,False,37.34
CS_NC_56d_040,EXP_CS_NC_56d,Compressive Strength,Normal Concrete,56,1,False,30.92
CS_BC_56d_040,EXP_CS_BC_56d,Compressive Strength,Bacterial Concrete,56,1,False,38.57
CS_NC_56d_041,EXP_CS_NC_56d,Compressive Strength,Normal Concrete,56,1,False,31.58
CS_BC_56d_041,EXP_CS_BC_56d,Compressive Strength,Bacterial Concrete,56,1,False,39.53
CS_NC_56d_042,EXP_CS_NC_56d,Compressive Strength,Normal Concrete,56,1,False,30.95
CS_BC_56d_042,EXP_CS_BC_56d,Compressive Strength,Bacterial Concrete,56,1,False,36.31
CS_NC_56d_043,EXP_CS_NC_56d,Compressive Strength,Normal Concrete,56,1,False,27.9
CS_BC_56d_043,EXP_CS_BC_56d,Compressive Strength,Bacterial Concrete,56,1,False,38.62
CS_NC_56d_044,EXP_CS_NC_56d,Compressive Strength,Normal Concrete,56,1,False,30.87
CS_BC_56d_044,EXP_CS_BC_56d,Compressive Strength,Bacterial Concrete,56,1,False,36.94
CS_NC_56d_045,EXP_CS_NC_56d,Compressive Strength,Normal Concrete,56,1,False,29.04
CS_BC_56d_045,EXP_CS_BC_56d,Compressive Strength,Bacterial Concrete,56,1,False,36.74
CS_NC_56d_046,EXP_CS_NC_56d,Compressive Strength,Normal Concrete,56,1,False,32.0
CS_BC_56d_046,EXP_CS_BC_56d,Compressive Strength,Bacterial Concrete,56,1,False,38.33
CS_NC_56d_047,EXP_CS_NC_56d,Compressive Strength,Normal Concrete,56,1,False,31.55
CS_BC_56d_047,EXP_CS_BC_56d,Compressive Strength,Bacterial Concrete,56,1,False,37.98
CS_NC_56d_048,EXP_CS_NC_56d,Compressive Strength,Normal Concrete,56,1,False,29.59
CS_BC_56d_048,EXP_CS_BC_56d,Compressive Strength,Bacterial Concrete,56,1,False,34.64
CS_NC_56d_049,EXP_CS_NC_56d,Compressive Strength,Normal Concrete,56,1,False,30.23
CS_BC_56d_049,EXP_CS_BC_56d,Compressive Strength,Bacterial Concrete,56,1,False,39.21
CS_NC_56d_050,EXP_CS_NC_56d,Compressive Strength,Normal Concrete,56,1,False,29.41
CS_BC_56d_050,EXP_CS_BC_56d,Compressive Strength,Bacterial Concrete,56,1,False,39.07
CS_NC_56d_051,EXP_CS_NC_56d,Compressive Strength,Normal Concrete,56,1,False,30.91
CS_BC_56d_051,EXP_CS_BC_56d,Compressive Strength,Bacterial Concrete,56,1,False,36.06
CS_NC_56d_052,EXP_CS_NC_56d,Compressive Strength,Normal Concrete,56,1,False,32.43
CS_BC_56d_052,EXP_CS_BC_56d,Compressive Strength,Bacterial Concrete,56,1,False,37.59
CS_NC_56d_053,EXP_CS_NC_56d,Compressive Strength,Normal Concrete,56,1,False,29.52
CS_BC_56d_053,EXP_CS_BC_56d,Compressive Strength,Bacterial Concrete,56,1,False,37.74
CS_NC_56d_054,EXP_CS_NC_56d,Compressive Strength,Normal Concrete,56,1,False,31.76
CS_BC_56d_054,EXP_CS_BC_56d,Compressive Strength,Bacterial Concrete,56,1,False,37.39
CS_NC_56d_055,EXP_CS_NC_56d,Compressive Strength,Normal Concrete,56,1,False,30.2
CS_BC_56d_055,EXP_CS_BC_56d,Compressive Strength,Bacterial Concrete,56,1,False,36.17
CS_NC_56d_056,EXP_CS_NC_56d,Compressive Strength,Normal Concrete,56,1,False,29.81
CS_BC_56d_056,EXP_CS_BC_56d,Compressive Strength,Bacterial Concrete,56,1,False,35.99
CS_NC_56d_057,EXP_CS_NC_56d,Compressive Strength,Normal Concrete,56,1,False,30.84
CS_BC_56d_057,EXP_CS_BC_56d,Compressive Strength,Bacterial Concrete,56,1,False,36.96
CS_NC_56d_058,EXP_CS_NC_56d,Compressive Strength,Normal Concrete,56,1,False,29.45
CS_BC_56d_058,EXP_CS_BC_56d,Compressive Strength,Bacterial Concrete,56,1,False,38.76
CS_NC_56d_059,EXP_CS_NC_56d,Compressive Strength,Normal Concrete,56,1,False,30.17
CS_BC_56d_059,EXP_CS_BC_56d,Compressive Strength,Bacterial Concrete,56,1,False,37.82
CS_NC_56d_060,EXP_CS_NC_56d,Compressive Strength,Normal Concrete,56,1,False,29.2
CS_BC_56d_060,EXP_CS_BC_56d,Compressive Strength,Bacterial Concrete,56,1,False,36.44
CS_NC_56d_061,EXP_CS_NC_56d,Compressive Strength,Normal Concrete,56,1,False,33.95
CS_BC_56d_061,EXP_CS_BC_56d,Compressive Strength,Bacterial Concrete,56,1,False,38.16
CS_NC_56d_062,EXP_CS_NC_56d,Compressive Strength,Normal Concrete,56,1,False,31.05
CS_BC_56d_062,EXP_CS_BC_56d,Compressive Strength,Bacterial Concrete,56,1,False,32.73
CS_NC_56d_063,EXP_CS_NC_56d,Compressive Strength,Normal Concrete,56,1,False,29.95
CS_BC_56d_063,EXP_CS_BC_56d,Compressive Strength,Bacterial Concrete,56,1,False,38.72
CS_NC_56d_064,EXP_CS_NC_56d,Compressive Strength,Normal Concrete,56,1,False,31.32
CS_BC_56d_064,EXP_CS_BC_56d,Compressive Strength,Bacterial Concrete,56,1,False,34.39
CS_NC_56d_065,EXP_CS_NC_56d,Compressive Strength,Normal Concrete,56,1,False,30.83
CS_BC_56d_065,EXP_CS_BC_56d,Compressive Strength,Bacterial Concrete,56,1,False,36.46
CS_NC_56d_066,EXP_CS_NC_56d,Compressive Strength,Normal Concrete,56,1,False,30.67
CS_BC_56d_066,EXP_CS_BC_56d,Compressive Strength,Bacterial Concrete,56,1,False,35.32
CS_NC_56d_067,EXP_CS_NC_56d,Compressive Strength,Normal Concrete,56,1,False,31.92
CS_BC_56d_067,EXP_CS_BC_56d,Compressive Strength,Bacterial Concrete,56,1,False,35.06
CS_NC_56d_068,EXP_CS_NC_56d,Compressive Strength,Normal Concrete,56,1,False,32.14
CS_BC_56d_068,EXP_CS_BC_56d,Compressive Strength,Bacterial Concrete,56,1,False,38.74
CS_NC_56d_069,EXP_CS_NC_56d,Compressive Strength,Normal Concrete,56,1,False,30.2
CS_BC_56d_069,EXP_CS_BC_56d,Compressive Strength,Bacterial Concrete,56,1,False,36.3
CS_NC_56d_070,EXP_CS_NC_56d,Compressive Strength,Normal Concrete,56,1,False,30.14
CS_BC_56d_070,EXP_CS_BC_56d,Compressive Strength,Bacterial Concrete,56,1,False,37.52
CS_NC_56d_071,EXP_CS_NC_56d,Compressive Strength,Normal Concrete,56,1,False,30.59
CS_BC_56d_071,EXP_CS_BC_56d,Compressive Strength,Bacterial Concrete,56,1,False,36.93
CS_NC_56d_072,EXP_CS_NC_56d,Compressive Strength,Normal Concrete,56,1,False,27.55
CS_BC_56d_072,EXP_CS_BC_56d,Compressive Strength,Bacterial Concrete,56,1,False,37.72
CS_NC_56d_073,EXP_CS_NC_56d,Compressive Strength,Normal Concrete,56,1,False,28.73
CS_BC_56d_073,EXP_CS_BC_56d,Compressive Strength,Bacterial Concrete,56,1,False,37.12
CS_NC_56d_074,EXP_CS_NC_56d,Compressive Strength,Normal Concrete,56,1,False,33.05
CS_BC_56d_074,EXP_CS_BC_56d,Compressive Strength,Bacterial Concrete,56,1,False,35.08
CS_NC_56d_075,EXP_CS_NC_56d,Compressive Strength,Normal Concrete,56,1,False,33.47
CS_BC_56d_075,EXP_CS_BC_56d,Compressive Strength,Bacterial Concrete,56,1,False,38.49
CS_NC_56d_076,EXP_CS_NC_56d,Compressive Strength,Normal Concrete,56,1,False,30.63
CS_BC_56d_076,EXP_CS_BC_56d,Compressive Strength,Bacterial Concrete,56,1,False,36.26
CS_NC_56d_077,EXP_CS_NC_56d,Compressive Strength,Normal Concrete,56,1,False,31.86
CS_BC_56d_077,EXP_CS_BC_56d,Compressive Strength,Bacterial Concrete,56,1,False,34.67
CS_NC_56d_078,EXP_CS_NC_56d,Compressive Strength,Normal Concrete,56,1,False,31.47
CS_BC_56d_078,EXP_CS_BC_56d,Compressive Strength,Bacterial Concrete,56,1,False,36.36
CS_NC_56d_079,EXP_CS_NC_56d,Compressive Strength,Normal Concrete,56,1,False,35.62
CS_BC_56d_079,EXP_CS_BC_56d,Compressive Strength,Bacterial Concrete,56,1,False,39.25
CS_NC_56d_080,EXP_CS_NC_56d,Compressive Strength,Normal Concrete,56,1,False,32.68
CS_BC_56d_080,EXP_CS_BC_56d,Compressive Strength,Bacterial Concrete,56,1,False,38.28
CS_NC_56d_081,EXP_CS_NC_56d,Compressive Strength,Normal Concrete,56,1,False,30.81
CS_BC_56d_081,EXP_CS_BC_56d,Compressive Strength,Bacterial Concrete,56,1,False,36.48
CS_NC_56d_082,EXP_CS_NC_56d,Compressive Strength,Normal Concrete,56,1,False,29.57
CS_BC_56d_082,EXP_CS_BC_56d,Compressive Strength,Bacterial Concrete,56,1,False,36.48
CS_NC_56d_083,EXP_CS_NC_56d,Compressive Strength,Normal Concrete,56,1,False,28.59
CS_BC_56d_083,EXP_CS_BC_56d,Compressive Strength,Bacterial Concrete,56,1,False,36.52
CS_NC_56d_084,EXP_CS_NC_56d,Compressive Strength,Normal Concrete,56,1,False,31.31
CS_BC_56d_084,EXP_CS_BC_56d,Compressive Strength,Bacterial Concrete,56,1,False,40.12
CS_NC_56d_085,EXP_CS_NC_56d,Compressive Strength,Normal Concrete,56,1,False,29.87
CS_BC_56d_085,EXP_CS_BC_56d,Compressive Strength,Bacterial Concrete,56,1,False,37.57
CS_NC_56d_086,EXP_CS_NC_56d,Compressive Strength,Normal Concrete,56,1,False,28.87
CS_BC_56d_086,EXP_CS_BC_56d,Compressive Strength,Bacterial Concrete,56,1,False,37.65
CS_NC_56d_087,EXP_CS_NC_56d,Compressive Strength,Normal Concrete,56,1,False,30.03
CS_BC_56d_087,EXP_CS_BC_56d,Compressive Strength,Bacterial Concrete,56,1,False,38.55
CS_NC_56d_088,EXP_CS_NC_56d,Compressive Strength,Normal Concrete,56,1,False,29.38
CS_BC_56d_088,EXP_CS_BC_56d,Compressive Strength,Bacterial Concrete,56,1,False,37.36
CS_NC_56d_089,EXP_CS_NC_56d,Compressive Strength,Normal Concrete,56,1,False,33.53
CS_BC_56d_089,EXP_CS_BC_56d,Compressive Strength,Bacterial Concrete,56,1,False,36.61
CS_NC_56d_090,EXP_CS_NC_56d,Compressive Strength,Normal Concrete,56,1,False,32.32
CS_BC_56d_090,EXP_CS_BC_56d,Compressive Strength,Bacterial Concrete,56,1,False,36.71
CS_NC_56d_091,EXP_CS_NC_56d,Compressive Strength,Normal Concrete,56,1,False,30.99
CS_BC_56d_091,EXP_CS_BC_56d,Compressive Strength,Bacterial Concrete,56,1,False,36.89
CS_NC_56d_092,EXP_CS_NC_56d,Compressive Strength,Normal Concrete,56,1,False,33.22
CS_BC_56d_092,EXP_CS_BC_56d,Compressive Strength,Bacterial Concrete,56,1,False,36.94
CS_NC_56d_093,EXP_CS_NC_56d,Compressive Strength,Normal Concrete,56,1,False,31.12
CS_BC_56d_093,EXP_CS_BC_56d,Compressive Strength,Bacterial Concrete,56,1,False,38.09
CS_NC_56d_094,EXP_CS_NC_56d,Compressive Strength,Normal Concrete,56,1,False,29.71
CS_BC_56d_094,EXP_CS_BC_56d,Compressive Strength,Bacterial Concrete,56,1,False,37.08
CS_NC_56d_095,EXP_CS_NC_56d,Compressive Strength,Normal Concrete,56,1,False,33.28
CS_BC_56d_095,EXP_CS_BC_56d,Compressive Strength,Bacterial Concrete,56,1,False,38.1
CS_NC_56d_096,EXP_CS_NC_56d,Compressive Strength,Normal Concrete,56,1,False,31.81
CS_BC_56d_096,EXP_CS_BC_56d,Compressive Strength,Bacterial Concrete,56,1,False,36.88
CS_NC_56d_097,EXP_CS_NC_56d,Compressive Strength,Normal Concrete,56,1,False,29.44
CS_BC_56d_097,EXP_CS_BC_56d,Compressive Strength,Bacterial Concrete,56,1,False,37.12
CS_NC_56d_098,EXP_CS_NC_56d,Compressive Strength,Normal Concrete,56,1,False,30.71
CS_BC_56d_098,EXP_CS_BC_56d,Compressive Strength,Bacterial Concrete,56,1,False,34.0
CS_NC_56d_099,EXP_CS_NC_56d,Compressive Strength,Normal Concrete,56,1,False,29.69
CS_BC_56d_099,EXP_CS_BC_56d,Compressive Strength,Bacterial Concrete,56,1,False,38.37
CS_NC_56d_100,EXP_CS_NC_56d,Compressive Strength,Normal Concrete,56,1,False,28.93
CS_BC_56d_100,EXP_CS_BC_56d,Compressive Strength,Bacterial Concrete,56,1,False,37.52
CS_NC_90d_001,EXP_CS_NC_90d,Compressive Strength,Normal Concrete,90,5,False,34.39
CS_BC_90d_001,EXP_CS_BC_90d,Compressive Strength,Bacterial Concrete,90,5,False,42.0
CS_NC_90d_002,EXP_CS_NC_90d,Compressive Strength,Normal Concrete,90,5,False,35.86
CS_BC_90d_002,EXP_CS_BC_90d,Compressive Strength,Bacterial Concrete,90,5,False,36.16
CS_NC_90d_003,EXP_CS_NC_90d,Compressive Strength,Normal Concrete,90,5,False,30.9
CS_BC_90d_003,EXP_CS_BC_90d,Compressive Strength,Bacterial Concrete,90,5,False,43.63
CS_NC_90d_004,EXP_CS_NC_90d,Compressive Strength,Normal Concrete,90,5,False,33.84
CS_BC_90d_004,EXP_CS_BC_90d,Compressive Strength,Bacterial Concrete,90,5,False,40.29
CS_NC_90d_005,EXP_CS_NC_90d,Compressive Strength,Normal Concrete,90,5,False,32.02
CS_BC_90d_005,EXP_CS_BC_90d,Compressive Strength,Bacterial Concrete,90,5,False,42.16
CS_NC_90d_006,EXP_CS_NC_90d,Compressive Strength,Normal Concrete,90,5,False,32.27
CS_BC_90d_006,EXP_CS_BC_90d,Compressive Strength,Bacterial Concrete,90,5,False,38.94
CS_NC_90d_007,EXP_CS_NC_90d,Compressive Strength,Normal Concrete,90,5,False,32.11
CS_BC_90d_007,EXP_CS_BC_90d,Compressive Strength,Bacterial Concrete,90,5,False,41.42
CS_NC_90d_008,EXP_CS_NC_90d,Compressive Strength,Normal Concrete,90,5,False,31.7
CS_BC_90d_008,EXP_CS_BC_90d,Compressive Strength,Bacterial Concrete,90,5,False,38.92
CS_NC_90d_009,EXP_CS_NC_90d,Compressive Strength,Normal Concrete,90,5,False,33.07
CS_BC_90d_009,EXP_CS_BC_90d,Compressive Strength,Bacterial Concrete,90,5,False,39.56
CS_NC_90d_010,EXP_CS_NC_90d,Compressive Strength,Normal Concrete,90,5,False,31.75
CS_BC_90d_010,EXP_CS_BC_90d,Compressive Strength,Bacterial Concrete,90,5,False,43.37
CS_NC_90d_011,EXP_CS_NC_90d,Compressive Strength,Normal Concrete,90,5,False,33.41
CS_BC_90d_011,EXP_CS_BC_90d,Compressive Strength,Bacterial Concrete,90,5,False,40.21
CS_NC_90d_012,EXP_CS_NC_90d,Compressive Strength,Normal Concrete,90,5,False,32.92
CS_BC_90d_012,EXP_CS_BC_90d,Compressive Strength,Bacterial Concrete,90,5,False,40.83
CS_NC_90d_013,EXP_CS_NC_90d,Compressive Strength,Normal Concrete,90,5,False,32.64
CS_BC_90d_013,EXP_CS_BC_90d,Compressive Strength,Bacterial Concrete,90,5,False,41.81
CS_NC_90d_014,EXP_CS_NC_90d,Compressive Strength,Normal Concrete,90,5,False,31.64
CS_BC_90d_014,EXP_CS_BC_90d,Compressive Strength,Bacterial Concrete,90,5,False,41.24
CS_NC_90d_015,EXP_CS_NC_90d,Compressive Strength,Normal Concrete,90,5,False,32.13
CS_BC_90d_015,EXP_CS_BC_90d,Compressive Strength,Bacterial Concrete,90,5,False,40.73
CS_NC_90d_016,EXP_CS_NC_90d,Compressive Strength,Normal Concrete,90,5,False,34.13
CS_BC_90d_016,EXP_CS_BC_90d,Compressive Strength,Bacterial Concrete,90,5,False,41.05
CS_NC_90d_017,EXP_CS_NC_90d,Compressive Strength,Normal Concrete,90,5,False,33.75
CS_BC_90d_017,EXP_CS_BC_90d,Compressive Strength,Bacterial Concrete,90,5,False,44.11
CS_NC_90d_018,EXP_CS_NC_90d,Compressive Strength,Normal Concrete,90,5,False,31.53
CS_BC_90d_018,EXP_CS_BC_90d,Compressive Strength,Bacterial Concrete,90,5,False,40.41
CS_NC_90d_019,EXP_CS_NC_90d,Compressive Strength,Normal Concrete,90,5,False,33.15
CS_BC_90d_019,EXP_CS_BC_90d,Compressive Strength,Bacterial Concrete,90,5,False,40.8
CS_NC_90d_020,EXP_CS_NC_90d,Compressive Strength,Normal Concrete,90,5,False,34.13
CS_BC_90d_020,EXP_CS_BC_90d,Compressive Strength,Bacterial Concrete,90,5,False,42.08
CS_NC_90d_021,EXP_CS_NC_90d,Compressive Strength,Normal Concrete,90,5,False,30.5
CS_BC_90d_021,EXP_CS_BC_90d,Compressive Strength,Bacterial Concrete,90,5,False,42.16
CS_NC_90d_022,EXP_CS_NC_90d,Compressive Strength,Normal Concrete,90,5,False,33.82
CS_BC_90d_022,EXP_CS_BC_90d,Compressive Strength,Bacterial Concrete,90,5,False,42.28
CS_NC_90d_023,EXP_CS_NC_90d,Compressive Strength,Normal Concrete,90,5,False,32.01
CS_BC_90d_023,EXP_CS_BC_90d,Compressive Strength,Bacterial Concrete,90,5,False,41.46
CS_NC_90d_024,EXP_CS_NC_90d,Compressive Strength,Normal Concrete,90,5,False,33.86
CS_BC_90d_024,EXP_CS_BC_90d,Compressive Strength,Bacterial Concrete,90,5,False,38.79
CS_NC_90d_025,EXP_CS_NC_90d,Compressive Strength,Normal Concrete,90,5,False,31.86
CS_BC_90d_025,EXP_CS_BC_90d,Compressive Strength,Bacterial Concrete,90,5,False,42.95
CS_NC_90d_026,EXP_CS_NC_90d,Compressive Strength,Normal Concrete,90,5,False,30.29
CS_BC_90d_026,EXP_CS_BC_90d,Compressive Strength,Bacterial Concrete,90,5,False,38.78
CS_NC_90d_027,EXP_CS_NC_90d,Compressive Strength,Normal Concrete,90,5,False,30.56
CS_BC_90d_027,EXP_CS_BC_90d,Compressive Strength,Bacterial Concrete,90,5,False,40.95
CS_NC_90d_028,EXP_CS_NC_90d,Compressive Strength,Normal Concrete,90,5,False,33.07
CS_BC_90d_028,EXP_CS_BC_90d,Compressive Strength,Bacterial Concrete,90,5,False,39.37
CS_NC_90d_029,EXP_CS_NC_90d,Compressive Strength,Normal Concrete,90,5,False,33.39
CS_BC_90d_029,EXP_CS_BC_90d,Compressive Strength,Bacterial Concrete,90,5,False,40.4
CS_NC_90d_030,EXP_CS_NC_90d,Compressive Strength,Normal Concrete,90,5,False,31.64
CS_BC_90d_030,EXP_CS_BC_90d,Compressive Strength,Bacterial Concrete,90,5,False,40.99
CS_NC_90d_031,EXP_CS_NC_90d,Compressive Strength,Normal Concrete,90,5,False,33.96
CS_BC_90d_031,EXP_CS_BC_90d,Compressive Strength,Bacterial Concrete,90,5,False,40.98
CS_NC_90d_032,EXP_CS_NC_90d,Compressive Strength,Normal Concrete,90,5,False,30.51
CS_BC_90d_032,EXP_CS_BC_90d,Compressive Strength,Bacterial Concrete,90,5,False,41.13
CS_NC_90d_033,EXP_CS_NC_90d,Compressive Strength,Normal Concrete,90,5,False,32.9
CS_BC_90d_033,EXP_CS_BC_90d,Compressive Strength,Bacterial Concrete,90,5,False,42.92
CS_NC_90d_034,EXP_CS_NC_90d,Compressive Strength,Normal Concrete,90,5,False,31.18
CS_BC_90d_034,EXP_CS_BC_90d,Compressive Strength,Bacterial Concrete,90,5,False,41.18
CS_NC_90d_035,EXP_CS_NC_90d,Compressive Strength,Normal Concrete,90,5,False,32.02
CS_BC_90d_035,EXP_CS_BC_90d,Compressive Strength,Bacterial Concrete,90,5,False,40.13
CS_NC_90d_036,EXP_CS_NC_90d,Compressive Strength,Normal Concrete,90,5,False,33.07
CS_BC_90d_036,EXP_CS_BC_90d,Compressive Strength,Bacterial Concrete,90,5,False,41.95
CS_NC_90d_037,EXP_CS_NC_90d,Compressive Strength,Normal Concrete,90,5,False,31.71
CS_BC_90d_037,EXP_CS_BC_90d,Compressive Strength,Bacterial Concrete,90,5,False,42.28
CS_NC_90d_038,EXP_CS_NC_90d,Compressive Strength,Normal Concrete,90,5,False,32.42
CS_BC_90d_038,EXP_CS_BC_90d,Compressive Strength,Bacterial Concrete,90,5,False,38.66
CS_NC_90d_039,EXP_CS_NC_90d,Compressive Strength,Normal Concrete,90,5,False,34.51
CS_BC_90d_039,EXP_CS_BC_90d,Compressive Strength,Bacterial Concrete,90,5,False,41.4
CS_NC_90d_040,EXP_CS_NC_90d,Compressive Strength,Normal Concrete,90,5,False,32.13
CS_BC_90d_040,EXP_CS_BC_90d,Compressive Strength,Bacterial Concrete,90,5,False,41.55
CS_NC_90d_041,EXP_CS_NC_90d,Compressive Strength,Normal Concrete,90,5,False,34.25
CS_BC_90d_041,EXP_CS_BC_90d,Compressive Strength,Bacterial Concrete,90,5,False,40.05
CS_NC_90d_042,EXP_CS_NC_90d,Compressive Strength,Normal Concrete,90,5,False,31.31
CS_BC_90d_042,EXP_CS_BC_90d,Compressive Strength,Bacterial Concrete,90,5,False,42.56
CS_NC_90d_043,EXP_CS_NC_90d,Compressive Strength,Normal Concrete,90,5,False,33.79
CS_BC_90d_043,EXP_CS_BC_90d,Compressive Strength,Bacterial Concrete,90,5,False,40.27
CS_NC_90d_044,EXP_CS_NC_90d,Compressive Strength,Normal Concrete,90,5,False,35.16
CS_BC_90d_044,EXP_CS_BC_90d,Compressive Strength,Bacterial Concrete,90,5,False,40.69
CS_NC_90d_045,EXP_CS_NC_90d,Compressive Strength,Normal Concrete,90,5,False,29.29
CS_BC_90d_045,EXP_CS_BC_90d,Compressive Strength,Bacterial Concrete,90,5,False,40.24
CS_NC_90d_046,EXP_CS_NC_90d,Compressive Strength,Normal Concrete,90,5,False,31.8
CS_BC_90d_046,EXP_CS_BC_90d,Compressive Strength,Bacterial Concrete,90,5,False,40.52
CS_NC_90d_047,EXP_CS_NC_90d,Compressive Strength,Normal Concrete,90,5,False,33.87
CS_BC_90d_047,EXP_CS_BC_90d,Compressive Strength,Bacterial Concrete,90,5,False,38.86
CS_NC_90d_048,EXP_CS_NC_90d,Compressive Strength,Normal Concrete,90,5,False,32.7
CS_BC_90d_048,EXP_CS_BC_90d,Compressive Strength,Bacterial Concrete,90,5,False,38.34
CS_NC_90d_049,EXP_CS_NC_90d,Compressive Strength,Normal Concrete,90,5,False,33.56
CS_BC_90d_049,EXP_CS_BC_90d,Compressive Strength,Bacterial Concrete,90,5,False,42.89
CS_NC_90d_050,EXP_CS_NC_90d,Compressive Strength,Normal Concrete,90,5,False,32.09
CS_BC_90d_050,EXP_CS_BC_90d,Compressive Strength,Bacterial Concrete,90,5,False,39.23
CS_NC_90d_051,EXP_CS_NC_90d,Compressive Strength,Normal Concrete,90,5,False,33.13
CS_BC_90d_051,EXP_CS_BC_90d,Compressive Strength,Bacterial Concrete,90,5,False,39.01
CS_NC_90d_052,EXP_CS_NC_90d,Compressive Strength,Normal Concrete,90,5,False,32.77
CS_BC_90d_052,EXP_CS_BC_90d,Compressive Strength,Bacterial Concrete,90,5,False,37.27
CS_NC_90d_053,EXP_CS_NC_90d,Compressive Strength,Normal Concrete,90,5,False,34.75
CS_BC_90d_053,EXP_CS_BC_90d,Compressive Strength,Bacterial Concrete,90,5,False,39.54
CS_NC_90d_054,EXP_CS_NC_90d,Compressive Strength,Normal Concrete,90,5,False,33.38
CS_BC_90d_054,EXP_CS_BC_90d,Compressive Strength,Bacterial Concrete,90,5,False,38.52
CS_NC_90d_055,EXP_CS_NC_90d,Compressive Strength,Normal Concrete,90,5,False,33.51
CS_BC_90d_055,EXP_CS_BC_90d,Compressive Strength,Bacterial Concrete,90,5,False,42.96
CS_NC_90d_056,EXP_CS_NC_90d,Compressive Strength,Normal Concrete,90,5,False,32.38
CS_BC_90d_056,EXP_CS_BC_90d,Compressive Strength,Bacterial Concrete,90,5,False,42.01
CS_NC_90d_057,EXP_CS_NC_90d,Compressive Strength,Normal Concrete,90,5,False,32.27
CS_BC_90d_057,EXP_CS_BC_90d,Compressive Strength,Bacterial Concrete,90,5,False,39.47
CS_NC_90d_058,EXP_CS_NC_90d,Compressive Strength,Normal Concrete,90,5,False,32.35
CS_BC_90d_058,EXP_CS_BC_90d,Compressive Strength,Bacterial Concrete,90,5,False,43.88
CS_NC_90d_059,EXP_CS_NC_90d,Compressive Strength,Normal Concrete,90,5,False,33.59
CS_BC_90d_059,EXP_CS_BC_90d,Compressive Strength,Bacterial Concrete,90,5,False,41.97
CS_NC_90d_060,EXP_CS_NC_90d,Compressive Strength,Normal Concrete,90,5,False,32.37
CS_BC_90d_060,EXP_CS_BC_90d,Compressive Strength,Bacterial Concrete,90,5,False,40.01
CS_NC_90d_061,EXP_CS_NC_90d,Compressive Strength,Normal Concrete,90,5,False,33.43
CS_BC_90d_061,EXP_CS_BC_90d,Compressive Strength,Bacterial Concrete,90,5,False,36.75
CS_NC_90d_062,EXP_CS_NC_90d,Compressive Strength,Normal Concrete,90,5,False,36.11
CS_BC_90d_062,EXP_CS_BC_90d,Compressive Strength,Bacterial Concrete,90,5,False,43.94
CS_NC_90d_063,EXP_CS_NC_90d,Compressive Strength,Normal Concrete,90,5,False,34.31
CS_BC_90d_063,EXP_CS_BC_90d,Compressive Strength,Bacterial Concrete,90,5,False,38.42
CS_NC_90d_064,EXP_CS_NC_90d,Compressive Strength,Normal Concrete,90,5,False,32.51
CS_BC_90d_064,EXP_CS_BC_90d,Compressive Strength,Bacterial Concrete,90,5,False,38.03
CS_NC_90d_065,EXP_CS_NC_90d,Compressive Strength,Normal Concrete,90,5,False,34.8
CS_BC_90d_065,EXP_CS_BC_90d,Compressive Strength,Bacterial Concrete,90,5,False,42.03
CS_NC_90d_066,EXP_CS_NC_90d,Compressive Strength,Normal Concrete,90,5,False,32.39
CS_BC_90d_066,EXP_CS_BC_90d,Compressive Strength,Bacterial Concrete,90,5,False,44.16
CS_NC_90d_067,EXP_CS_NC_90d,Compressive Strength,Normal Concrete,90,5,False,29.94
CS_BC_90d_067,EXP_CS_BC_90d,Compressive Strength,Bacterial Concrete,90,5,False,42.58
CS_NC_90d_068,EXP_CS_NC_90d,Compressive Strength,Normal Concrete,90,5,False,31.49
CS_BC_90d_068,EXP_CS_BC_90d,Compressive Strength,Bacterial Concrete,90,5,False,41.35
CS_NC_90d_069,EXP_CS_NC_90d,Compressive Strength,Normal Concrete,90,5,False,30.19
CS_BC_90d_069,EXP_CS_BC_90d,Compressive Strength,Bacterial Concrete,90,5,False,41.39
CS_NC_90d_070,EXP_CS_NC_90d,Compressive Strength,Normal Concrete,90,5,False,32.47
CS_BC_90d_070,EXP_CS_BC_90d,Compressive Strength,Bacterial Concrete,90,5,False,41.78
CS_NC_90d_071,EXP_CS_NC_90d,Compressive Strength,Normal Concrete,90,5,False,33.03
CS_BC_90d_071,EXP_CS_BC_90d,Compressive Strength,Bacterial Concrete,90,5,False,41.64
CS_NC_90d_072,EXP_CS_NC_90d,Compressive Strength,Normal Concrete,90,5,False,35.51
CS_BC_90d_072,EXP_CS_BC_90d,Compressive Strength,Bacterial Concrete,90,5,False,40.92
CS_NC_90d_073,EXP_CS_NC_90d,Compressive Strength,Normal Concrete,90,5,False,33.49
CS_BC_90d_073,EXP_CS_BC_90d,Compressive Strength,Bacterial Concrete,90,5,False,40.66
CS_NC_90d_074,EXP_CS_NC_90d,Compressive Strength,Normal Concrete,90,5,False,32.67
CS_BC_90d_074,EXP_CS_BC_90d,Compressive Strength,Bacterial Concrete,90,5,False,40.41
CS_NC_90d_075,EXP_CS_NC_90d,Compressive Strength,Normal Concrete,90,5,False,34.24
CS_BC_90d_075,EXP_CS_BC_90d,Compressive Strength,Bacterial Concrete,90,5,False,39.37
CS_NC_90d_076,EXP_CS_NC_90d,Compressive Strength,Normal Concrete,90,5,False,29.68
CS_BC_90d_076,EXP_CS_BC_90d,Compressive Strength,Bacterial Concrete,90,5,False,40.08
CS_NC_90d_077,EXP_CS_NC_90d,Compressive Strength,Normal Concrete,90,5,False,33.35
CS_BC_90d_077,EXP_CS_BC_90d,Compressive Strength,Bacterial Concrete,90,5,False,37.96
CS_NC_90d_078,EXP_CS_NC_90d,Compressive Strength,Normal Concrete,90,5,False,34.16
CS_BC_90d_078,EXP_CS_BC_90d,Compressive Strength,Bacterial Concrete,90,5,False,40.35
CS_NC_90d_079,EXP_CS_NC_90d,Compressive Strength,Normal Concrete,90,5,False,30.78
CS_BC_90d_079,EXP_CS_BC_90d,Compressive Strength,Bacterial Concrete,90,5,False,39.02
CS_NC_90d_080,EXP_CS_NC_90d,Compressive Strength,Normal Concrete,90,5,False,34.72
CS_BC_90d_080,EXP_CS_BC_90d,Compressive Strength,Bacterial Concrete,90,5,False,38.84
CS_NC_90d_081,EXP_CS_NC_90d,Compressive Strength,Normal Concrete,90,5,False,33.51
CS_BC_90d_081,EXP_CS_BC_90d,Compressive Strength,Bacterial Concrete,90,5,False,40.77
CS_NC_90d_082,EXP_CS_NC_90d,Compressive Strength,Normal Concrete,90,5,False,32.38
CS_BC_90d_082,EXP_CS_BC_90d,Compressive Strength,Bacterial Concrete,90,5,False,42.59
CS_NC_90d_083,EXP_CS_NC_90d,Compressive Strength,Normal Concrete,90,5,False,33.95
CS_BC_90d_083,EXP_CS_BC_90d,Compressive Strength,Bacterial Concrete,90,5,False,41.88
CS_NC_90d_084,EXP_CS_NC_90d,Compressive Strength,Normal Concrete,90,5,False,36.41
CS_BC_90d_084,EXP_CS_BC_90d,Compressive Strength,Bacterial Concrete,90,5,False,38.14
CS_NC_90d_085,EXP_CS_NC_90d,Compressive Strength,Normal Concrete,90,5,False,33.27
CS_BC_90d_085,EXP_CS_BC_90d,Compressive Strength,Bacterial Concrete,90,5,False,39.02
CS_NC_90d_086,EXP_CS_NC_90d,Compressive Strength,Normal Concrete,90,5,False,33.37
CS_BC_90d_086,EXP_CS_BC_90d,Compressive Strength,Bacterial Concrete,90,5,False,41.91
CS_NC_90d_087,EXP_CS_NC_90d,Compressive Strength,Normal Concrete,90,5,False,32.31
CS_BC_90d_087,EXP_CS_BC_90d,Compressive Strength,Bacterial Concrete,90,5,False,39.03
CS_NC_90d_088,EXP_CS_NC_90d,Compressive Strength,Normal Concrete,90,5,False,31.73
CS_BC_90d_088,EXP_CS_BC_90d,Compressive Strength,Bacterial Concrete,90,5,False,40.16
CS_NC_90d_089,EXP_CS_NC_90d,Compressive Strength,Normal Concrete,90,5,False,34.25
CS_BC_90d_089,EXP_CS_BC_90d,Compressive Strength,Bacterial Concrete,90,5,False,41.33
CS_NC_90d_090,EXP_CS_NC_90d,Compressive Strength,Normal Concrete,90,5,False,31.72
CS_BC_90d_090,EXP_CS_BC_90d,Compressive Strength,Bacterial Concrete,90,5,False,39.05
CS_NC_90d_091,EXP_CS_NC_90d,Compressive Strength,Normal Concrete,90,5,False,33.11
CS_BC_90d_091,EXP_CS_BC_90d,Compressive Strength,Bacterial Concrete,90,5,False,40.66
CS_NC_90d_092,EXP_CS_NC_90d,Compressive Strength,Normal Concrete,90,5,False,32.28
CS_BC_90d_092,EXP_CS_BC_90d,Compressive Strength,Bacterial Concrete,90,5,False,38.5
CS_NC_90d_093,EXP_CS_NC_90d,Compressive Strength,Normal Concrete,90,5,False,33.72
CS_BC_90d_093,EXP_CS_BC_90d,Compressive Strength,Bacterial Concrete,90,5,False,39.6
CS_NC_90d_094,EXP_CS_NC_90d,Compressive Strength,Normal Concrete,90,5,False,33.5
CS_BC_90d_094,EXP_CS_BC_90d,Compressive Strength,Bacterial Concrete,90,5,False,40.98
CS_NC_90d_095,EXP_CS_NC_90d,Compressive Strength,Normal Concrete,90,5,False,34.56
CS_BC_90d_095,EXP_CS_BC_90d,Compressive Strength,Bacterial Concrete,90,5,False,38.11
CS_NC_90d_096,EXP_CS_NC_90d,Compressive Strength,Normal Concrete,90,5,False,32.23
CS_BC_90d_096,EXP_CS_BC_90d,Compressive Strength,Bacterial Concrete,90,5,False,41.16
CS_NC_90d_097,EXP_CS_NC_90d,Compressive Strength,Normal Concrete,90,5,False,32.6
CS_BC_90d_097,EXP_CS_BC_90d,Compressive Strength,Bacterial Concrete,90,5,False,40.47
CS_NC_90d_098,EXP_CS_NC_90d,Compressive Strength,Normal Concrete,90,5,False,31.53
CS_BC_90d_098,EXP_CS_BC_90d,Compressive Strength,Bacterial Concrete,90,5,False,41.33
CS_NC_90d_099,EXP_CS_NC_90d,Compressive Strength,Normal Concrete,90,5,False,32.33
CS_BC_90d_099,EXP_CS_BC_90d,Compressive Strength,Bacterial Concrete,90,5,False,40.84
CS_NC_90d_100,EXP_CS_NC_90d,Compressive Strength,Normal Concrete,90,5,False,33.57
CS_BC_90d_100,EXP_CS_BC_90d,Compressive Strength,Bacterial Concrete,90,5,False,42.55
FS_NC_07d_001,EXP_FS_NC_07d,Flexural Strength,Normal Concrete,7,5,False,3.043
FS_NC_07d_002,EXP_FS_NC_07d,Flexural Strength,Normal Concrete,7,5,False,3.409
FS_NC_07d_003,EXP_FS_NC_07d,Flexural Strength,Normal Concrete,7,5,False,3.009
FS_NC_07d_004,EXP_FS_NC_07d,Flexural Strength,Normal Concrete,7,5,False,2.779
FS_NC_07d_005,EXP_FS_NC_07d,Flexural Strength,Normal Concrete,7,5,False,2.714
FS_NC_07d_006,EXP_FS_NC_07d,Flexural Strength,Normal Concrete,7,5,False,2.845
FS_NC_07d_007,EXP_FS_NC_07d,Flexural Strength,Normal Concrete,7,5,False,2.663
FS_NC_07d_008,EXP_FS_NC_07d,Flexural Strength,Normal Concrete,7,5,False,2.795
FS_NC_07d_009,EXP_FS_NC_07d,Flexural Strength,Normal Concrete,7,5,False,2.966
FS_NC_07d_010,EXP_FS_NC_07d,Flexural Strength,Normal Concrete,7,5,False,3.4
FS_NC_07d_011,EXP_FS_NC_07d,Flexural Strength,Normal Concrete,7,5,False,2.929
FS_NC_07d_012,EXP_FS_NC_07d,Flexural Strength,Normal Concrete,7,5,False,2.873
FS_NC_07d_013,EXP_FS_NC_07d,Flexural Strength,Normal Concrete,7,5,False,3.017
FS_NC_07d_014,EXP_FS_NC_07d,Flexural Strength,Normal Concrete,7,5,False,3.363
FS_NC_07d_015,EXP_FS_NC_07d,Flexural Strength,Normal Concrete,7,5,False,2.59
FS_NC_07d_016,EXP_FS_NC_07d,Flexural Strength,Normal Concrete,7,5,False,2.922
FS_NC_07d_017,EXP_FS_NC_07d,Flexural Strength,Normal Concrete,7,5,False,2.782
FS_NC_07d_018,EXP_FS_NC_07d,Flexural Strength,Normal Concrete,7,5,False,2.886
FS_NC_07d_019,EXP_FS_NC_07d,Flexural Strength,Normal Concrete,7,5,False,2.969
FS_NC_07d_020,EXP_FS_NC_07d,Flexural Strength,Normal Concrete,7,5,False,2.887
FS_NC_07d_021,EXP_FS_NC_07d,Flexural Strength,Normal Concrete,7,5,False,2.727
FS_NC_07d_022,EXP_FS_NC_07d,Flexural Strength,Normal Concrete,7,5,False,2.659
FS_NC_07d_023,EXP_FS_NC_07d,Flexural Strength,Normal Concrete,7,5,False,2.959
FS_NC_07d_024,EXP_FS_NC_07d,Flexural Strength,Normal Concrete,7,5,False,3.161
FS_NC_07d_025,EXP_FS_NC_07d,Flexural Strength,Normal Concrete,7,5,False,3.204
FS_NC_07d_026,EXP_FS_NC_07d,Flexural Strength,Normal Concrete,7,5,False,2.995
FS_NC_07d_027,EXP_FS_NC_07d,Flexural Strength,Normal Concrete,7,5,False,3.108
FS_NC_07d_028,EXP_FS_NC_07d,Flexural Strength,Normal Concrete,7,5,False,3.094
FS_NC_07d_029,EXP_FS_NC_07d,Flexural Strength,Normal Concrete,7,5,False,2.778
FS_NC_07d_030,EXP_FS_NC_07d,Flexural Strength,Normal Concrete,7,5,False,3.103
FS_NC_07d_031,EXP_FS_NC_07d,Flexural Strength,Normal Concrete,7,5,False,2.742
FS_NC_07d_032,EXP_FS_NC_07d,Flexural Strength,Normal Concrete,7,5,False,2.915
FS_NC_07d_033,EXP_FS_NC_07d,Flexural Strength,Normal Concrete,7,5,False,2.489
FS_NC_07d_034,EXP_FS_NC_07d,Flexural Strength,Normal Concrete,7,5,False,2.816
FS_NC_07d_035,EXP_FS_NC_07d,Flexural Strength,Normal Concrete,7,5,False,3.34
FS_NC_07d_036,EXP_FS_NC_07d,Flexural Strength,Normal Concrete,7,5,False,2.925
FS_NC_07d_037,EXP_FS_NC_07d,Flexural Strength,Normal Concrete,7,5,False,2.892
FS_NC_07d_038,EXP_FS_NC_07d,Flexural Strength,Normal Concrete,7,5,False,2.965
FS_NC_07d_039,EXP_FS_NC_07d,Flexural Strength,Normal Concrete,7,5,False,3.091
FS_NC_07d_040,EXP_FS_NC_07d,Flexural Strength,Normal Concrete,7,5,False,3.258
FS_NC_07d_041,EXP_FS_NC_07d,Flexural Strength,Normal Concrete,7,5,False,3.194
FS_NC_07d_042,EXP_FS_NC_07d,Flexural Strength,Normal Concrete,7,5,False,2.968
FS_NC_07d_043,EXP_FS_NC_07d,Flexural Strength,Normal Concrete,7,5,False,3.024
FS_NC_07d_044,EXP_FS_NC_07d,Flexural Strength,Normal Concrete,7,5,False,2.608
FS_NC_07d_045,EXP_FS_NC_07d,Flexural Strength,Normal Concrete,7,5,False,2.909
FS_NC_07d_046,EXP_FS_NC_07d,Flexural Strength,Normal Concrete,7,5,False,3.053
FS_NC_07d_047,EXP_FS_NC_07d,Flexural Strength,Normal Concrete,7,5,False,3.066
FS_NC_07d_048,EXP_FS_NC_07d,Flexural Strength,Normal Concrete,7,5,False,2.651
FS_NC_07d_049,EXP_FS_NC_07d,Flexural Strength,Normal Concrete,7,5,False,3.05
FS_NC_07d_050,EXP_FS_NC_07d,Flexural Strength,Normal Concrete,7,5,False,2.942
FS_NC_07d_051,EXP_FS_NC_07d,Flexural Strength,Normal Concrete,7,5,False,3.034
FS_NC_07d_052,EXP_FS_NC_07d,Flexural Strength,Normal Concrete,7,5,False,3.462
FS_NC_07d_053,EXP_FS_NC_07d,Flexural Strength,Normal Concrete,7,5,False,3.266
FS_NC_07d_054,EXP_FS_NC_07d,Flexural Strength,Normal Concrete,7,5,False,2.616
FS_NC_07d_055,EXP_FS_NC_07d,Flexural Strength,Normal Concrete,7,5,False,3.019
FS_NC_07d_056,EXP_FS_NC_07d,Flexural Strength,Normal Concrete,7,5,False,3.323
FS_NC_07d_057,EXP_FS_NC_07d,Flexural Strength,Normal Concrete,7,5,False,3.242
FS_NC_07d_058,EXP_FS_NC_07d,Flexural Strength,Normal Concrete,7,5,False,3.105
FS_NC_07d_059,EXP_FS_NC_07d,Flexural Strength,Normal Concrete,7,5,False,3.449
FS_NC_07d_060,EXP_FS_NC_07d,Flexural Strength,Normal Concrete,7,5,False,2.955
FS_NC_07d_061,EXP_FS_NC_07d,Flexural Strength,Normal Concrete,7,5,False,3.246
FS_NC_07d_062,EXP_FS_NC_07d,Flexural Strength,Normal Concrete,7,5,False,3.184
FS_NC_07d_063,EXP_FS_NC_07d,Flexural Strength,Normal Concrete,7,5,False,2.782
FS_NC_07d_064,EXP_FS_NC_07d,Flexural Strength,Normal Concrete,7,5,False,3.081
FS_NC_07d_065,EXP_FS_NC_07d,Flexural Strength,Normal Concrete,7,5,False,2.428
FS_NC_07d_066,EXP_FS_NC_07d,Flexural Strength,Normal Concrete,7,5,False,3.324
FS_NC_07d_067,EXP_FS_NC_07d,Flexural Strength,Normal Concrete,7,5,False,3.104
FS_NC_07d_068,EXP_FS_NC_07d,Flexural Strength,Normal Concrete,7,5,False,3.13
FS_NC_07d_069,EXP_FS_NC_07d,Flexural Strength,Normal Concrete,7,5,False,3.127
FS_NC_07d_070,EXP_FS_NC_07d,Flexural Strength,Normal Concrete,7,5,False,2.91
FS_NC_07d_071,EXP_FS_NC_07d,Flexural Strength,Normal Concrete,7,5,False,2.67
FS_NC_07d_072,EXP_FS_NC_07d,Flexural Strength,Normal Concrete,7,5,False,2.941
FS_NC_07d_073,EXP_FS_NC_07d,Flexural Strength,Normal Concrete,7,5,False,3.172
FS_NC_07d_074,EXP_FS_NC_07d,Flexural Strength,Normal Concrete,7,5,False,3.025
FS_NC_07d_075,EXP_FS_NC_07d,Flexural Strength,Normal Concrete,7,5,False,3.226
FS_NC_07d_076,EXP_FS_NC_07d,Flexural Strength,Normal Concrete,7,5,False,2.703
FS_NC_07d_077,EXP_FS_NC_07d,Flexural Strength,Normal Concrete,7,5,False,3.068
FS_NC_07d_078,EXP_FS_NC_07d,Flexural Strength,Normal Concrete,7,5,False,2.969
FS_NC_07d_079,EXP_FS_NC_07d,Flexural Strength,Normal Concrete,7,5,False,3.266
FS_NC_07d_080,EXP_FS_NC_07d,Flexural Strength,Normal Concrete,7,5,False,3.223
FS_NC_07d_081,EXP_FS_NC_07d,Flexural Strength,Normal Concrete,7,5,False,2.928
FS_NC_07d_082,EXP_FS_NC_07d,Flexural Strength,Normal Concrete,7,5,False,2.995
FS_NC_07d_083,EXP_FS_NC_07d,Flexural Strength,Normal Concrete,7,5,False,3.23
FS_NC_07d_084,EXP_FS_NC_07d,Flexural Strength,Normal Concrete,7,5,False,2.823
FS_NC_07d_085,EXP_FS_NC_07d,Flexural Strength,Normal Concrete,7,5,False,2.788
FS_NC_07d_086,EXP_FS_NC_07d,Flexural Strength,Normal Concrete,7,5,False,2.731
FS_NC_07d_087,EXP_FS_NC_07d,Flexural Strength,Normal Concrete,7,5,False,3.012
FS_NC_07d_088,EXP_FS_NC_07d,Flexural Strength,Normal Concrete,7,5,False,2.885
FS_NC_07d_089,EXP_FS_NC_07d,Flexural Strength,Normal Concrete,7,5,False,2.799
FS_NC_07d_090,EXP_FS_NC_07d,Flexural Strength,Normal Concrete,7,5,False,2.856
FS_NC_07d_091,EXP_FS_NC_07d,Flexural Strength,Normal Concrete,7,5,False,3.197
FS_NC_07d_092,EXP_FS_NC_07d,Flexural Strength,Normal Concrete,7,5,False,2.688
FS_NC_07d_093,EXP_FS_NC_07d,Flexural Strength,Normal Concrete,7,5,False,3.181
FS_NC_07d_094,EXP_FS_NC_07d,Flexural Strength,Normal Concrete,7,5,False,2.998
FS_NC_07d_095,EXP_FS_NC_07d,Flexural Strength,Normal Concrete,7,5,False,3.743
FS_NC_07d_096,EXP_FS_NC_07d,Flexural Strength,Normal Concrete,7,5,False,2.969
FS_NC_07d_097,EXP_FS_NC_07d,Flexural Strength,Normal Concrete,7,5,False,3.316
FS_NC_07d_098,EXP_FS_NC_07d,Flexural Strength,Normal Concrete,7,5,False,3.002
FS_NC_07d_099,EXP_FS_NC_07d,Flexural Strength,Normal Concrete,7,5,False,2.551
FS_NC_07d_100,EXP_FS_NC_07d,Flexural Strength,Normal Concrete,7,5,False,2.866
FS_NC_14d_001,EXP_FS_NC_14d,Flexural Strength,Normal Concrete,14,4,False,3.713
FS_NC_14d_002,EXP_FS_NC_14d,Flexural Strength,Normal Concrete,14,4,False,3.83
FS_NC_14d_003,EXP_FS_NC_14d,Flexural Strength,Normal Concrete,14,4,False,3.31
FS_NC_14d_004,EXP_FS_NC_14d,Flexural Strength,Normal Concrete,14,4,False,3.764
FS_NC_14d_005,EXP_FS_NC_14d,Flexural Strength,Normal Concrete,14,4,False,3.873
FS_NC_14d_006,EXP_FS_NC_14d,Flexural Strength,Normal Concrete,14,4,False,3.161
FS_NC_14d_007,EXP_FS_NC_14d,Flexural Strength,Normal Concrete,14,4,False,3.969
FS_NC_14d_008,EXP_FS_NC_14d,Flexural Strength,Normal Concrete,14,4,False,3.598
FS_NC_14d_009,EXP_FS_NC_14d,Flexural Strength,Normal Concrete,14,4,False,3.14
FS_NC_14d_010,EXP_FS_NC_14d,Flexural Strength,Normal Concrete,14,4,False,3.536
FS_NC_14d_011,EXP_FS_NC_14d,Flexural Strength,Normal Concrete,14,4,False,3.996
FS_NC_14d_012,EXP_FS_NC_14d,Flexural Strength,Normal Concrete,14,4,False,3.56
FS_NC_14d_013,EXP_FS_NC_14d,Flexural Strength,Normal Concrete,14,4,False,3.425
FS_NC_14d_014,EXP_FS_NC_14d,Flexural Strength,Normal Concrete,14,4,False,3.774
FS_NC_14d_015,EXP_FS_NC_14d,Flexural Strength,Normal Concrete,14,4,False,3.511
FS_NC_14d_016,EXP_FS_NC_14d,Flexural Strength,Normal Concrete,14,4,False,3.11
FS_NC_14d_017,EXP_FS_NC_14d,Flexural Strength,Normal Concrete,14,4,False,3.87
FS_NC_14d_018,EXP_FS_NC_14d,Flexural Strength,Normal Concrete,14,4,False,3.657
FS_NC_14d_019,EXP_FS_NC_14d,Flexural Strength,Normal Concrete,14,4,False,3.955
FS_NC_14d_020,EXP_FS_NC_14d,Flexural Strength,Normal Concrete,14,4,False,3.521
FS_NC_14d_021,EXP_FS_NC_14d,Flexural Strength,Normal Concrete,14,4,False,3.32
FS_NC_14d_022,EXP_FS_NC_14d,Flexural Strength,Normal Concrete,14,4,False,3.25
FS_NC_14d_023,EXP_FS_NC_14d,Flexural Strength,Normal Concrete,14,4,False,3.233
FS_NC_14d_024,EXP_FS_NC_14d,Flexural Strength,Normal Concrete,14,4,False,3.821
FS_NC_14d_025,EXP_FS_NC_14d,Flexural Strength,Normal Concrete,14,4,False,3.387
FS_NC_14d_026,EXP_FS_NC_14d,Flexural Strength,Normal Concrete,14,4,False,3.881
FS_NC_14d_027,EXP_FS_NC_14d,Flexural Strength,Normal Concrete,14,4,False,3.624
FS_NC_14d_028,EXP_FS_NC_14d,Flexural Strength,Normal Concrete,14,4,False,3.534
FS_NC_14d_029,EXP_FS_NC_14d,Flexural Strength,Normal Concrete,14,4,False,3.717
FS_NC_14d_030,EXP_FS_NC_14d,Flexural Strength,Normal Concrete,14,4,False,3.561
FS_NC_14d_031,EXP_FS_NC_14d,Flexural Strength,Normal Concrete,14,4,False,3.73
FS_NC_14d_032,EXP_FS_NC_14d,Flexural Strength,Normal Concrete,14,4,False,3.46
FS_NC_14d_033,EXP_FS_NC_14d,Flexural Strength,Normal Concrete,14,4,False,3.642
FS_NC_14d_034,EXP_FS_NC_14d,Flexural Strength,Normal Concrete,14,4,False,3.637
FS_NC_14d_035,EXP_FS_NC_14d,Flexural Strength,Normal Concrete,14,4,False,3.368
FS_NC_14d_036,EXP_FS_NC_14d,Flexural Strength,Normal Concrete,14,4,False,3.784
FS_NC_14d_037,EXP_FS_NC_14d,Flexural Strength,Normal Concrete,14,4,False,3.946
FS_NC_14d_038,EXP_FS_NC_14d,Flexural Strength,Normal Concrete,14,4,False,3.692
FS_NC_14d_039,EXP_FS_NC_14d,Flexural Strength,Normal Concrete,14,4,False,3.886
FS_NC_14d_040,EXP_FS_NC_14d,Flexural Strength,Normal Concrete,14,4,False,3.182
FS_NC_14d_041,EXP_FS_NC_14d,Flexural Strength,Normal Concrete,14,4,False,3.711
FS_NC_14d_042,EXP_FS_NC_14d,Flexural Strength,Normal Concrete,14,4,False,3.694
FS_NC_14d_043,EXP_FS_NC_14d,Flexural Strength,Normal Concrete,14,4,False,3.745
FS_NC_14d_044,EXP_FS_NC_14d,Flexural Strength,Normal Concrete,14,4,False,3.567
FS_NC_14d_045,EXP_FS_NC_14d,Flexural Strength,Normal Concrete,14,4,False,4.09
FS_NC_14d_046,EXP_FS_NC_14d,Flexural Strength,Normal Concrete,14,4,False,3.859
FS_NC_14d_047,EXP_FS_NC_14d,Flexural Strength,Normal Concrete,14,4,False,3.175
FS_NC_14d_048,EXP_FS_NC_14d,Flexural Strength,Normal Concrete,14,4,False,3.458
FS_NC_14d_049,EXP_FS_NC_14d,Flexural Strength,Normal Concrete,14,4,False,3.973
FS_NC_14d_050,EXP_FS_NC_14d,Flexural Strength,Normal Concrete,14,4,False,3.394
FS_NC_14d_051,EXP_FS_NC_14d,Flexural Strength,Normal Concrete,14,4,False,3.794
FS_NC_14d_052,EXP_FS_NC_14d,Flexural Strength,Normal Concrete,14,4,False,3.724
FS_NC_14d_053,EXP_FS_NC_14d,Flexural Strength,Normal Concrete,14,4,False,3.633
FS_NC_14d_054,EXP_FS_NC_14d,Flexural Strength,Normal Concrete,14,4,False,3.85
FS_NC_14d_055,EXP_FS_NC_14d,Flexural Strength,Normal Concrete,14,4,False,3.647
FS_NC_14d_056,EXP_FS_NC_14d,Flexural Strength,Normal Concrete,14,4,False,3.667
FS_NC_14d_057,EXP_FS_NC_14d,Flexural Strength,Normal Concrete,14,4,False,3.33
FS_NC_14d_058,EXP_FS_NC_14d,Flexural Strength,Normal Concrete,14,4,False,3.927
FS_NC_14d_059,EXP_FS_NC_14d,Flexural Strength,Normal Concrete,14,4,False,3.577
FS_NC_14d_060,EXP_FS_NC_14d,Flexural Strength,Normal Concrete,14,4,False,3.459
FS_NC_14d_061,EXP_FS_NC_14d,Flexural Strength,Normal Concrete,14,4,False,3.973
FS_NC_14d_062,EXP_FS_NC_14d,Flexural Strength,Normal Concrete,14,4,False,3.985
FS_NC_14d_063,EXP_FS_NC_14d,Flexural Strength,Normal Concrete,14,4,False,4.3
FS_NC_14d_064,EXP_FS_NC_14d,Flexural Strength,Normal Concrete,14,4,False,3.953
FS_NC_14d_065,EXP_FS_NC_14d,Flexural Strength,Normal Concrete,14,4,False,3.654
FS_NC_14d_066,EXP_FS_NC_14d,Flexural Strength,Normal Concrete,14,4,False,3.631
FS_NC_14d_067,EXP_FS_NC_14d,Flexural Strength,Normal Concrete,14,4,False,3.621
FS_NC_14d_068,EXP_FS_NC_14d,Flexural Strength,Normal Concrete,14,4,False,3.393
FS_NC_14d_069,EXP_FS_NC_14d,Flexural Strength,Normal Concrete,14,4,False,3.6
FS_NC_14d_070,EXP_FS_NC_14d,Flexural Strength,Normal Concrete,14,4,False,3.712
FS_NC_14d_071,EXP_FS_NC_14d,Flexural Strength,Normal Concrete,14,4,False,3.794
FS_NC_14d_072,EXP_FS_NC_14d,Flexural Strength,Normal Concrete,14,4,False,3.61
FS_NC_14d_073,EXP_FS_NC_14d,Flexural Strength,Normal Concrete,14,4,False,3.627
FS_NC_14d_074,EXP_FS_NC_14d,Flexural Strength,Normal Concrete,14,4,False,3.908
FS_NC_14d_075,EXP_FS_NC_14d,Flexural Strength,Normal Concrete,14,4,False,3.583
FS_NC_14d_076,EXP_FS_NC_14d,Flexural Strength,Normal Concrete,14,4,False,3.391
FS_NC_14d_077,EXP_FS_NC_14d,Flexural Strength,Normal Concrete,14,4,False,3.71
FS_NC_14d_078,EXP_FS_NC_14d,Flexural Strength,Normal Concrete,14,4,False,3.477
FS_NC_14d_079,EXP_FS_NC_14d,Flexural Strength,Normal Concrete,14,4,False,3.277
FS_NC_14d_080,EXP_FS_NC_14d,Flexural Strength,Normal Concrete,14,4,False,3.526
FS_NC_14d_081,EXP_FS_NC_14d,Flexural Strength,Normal Concrete,14,4,False,3.204
FS_NC_14d_082,EXP_FS_NC_14d,Flexural Strength,Normal Concrete,14,4,False,3.468
FS_NC_14d_083,EXP_FS_NC_14d,Flexural Strength,Normal Concrete,14,4,False,3.557
FS_NC_14d_084,EXP_FS_NC_14d,Flexural Strength,Normal Concrete,14,4,False,3.467
FS_NC_14d_085,EXP_FS_NC_14d,Flexural Strength,Normal Concrete,14,4,False,3.584
FS_NC_14d_086,EXP_FS_NC_14d,Flexural Strength,Normal Concrete,14,4,False,3.296
FS_NC_14d_087,EXP_FS_NC_14d,Flexural Strength,Normal Concrete,14,4,False,3.522
FS_NC_14d_088,EXP_FS_NC_14d,Flexural Strength,Normal Concrete,14,4,False,3.593
FS_NC_14d_089,EXP_FS_NC_14d,Flexural Strength,Normal Concrete,14,4,False,3.699
FS_NC_14d_090,EXP_FS_NC_14d,Flexural Strength,Normal Concrete,14,4,False,3.78
FS_NC_14d_091,EXP_FS_NC_14d,Flexural Strength,Normal Concrete,14,4,False,3.445
FS_NC_14d_092,EXP_FS_NC_14d,Flexural Strength,Normal Concrete,14,4,False,3.345
FS_NC_14d_093,EXP_FS_NC_14d,Flexural Strength,Normal Concrete,14,4,False,3.349
FS_NC_14d_094,EXP_FS_NC_14d,Flexural Strength,Normal Concrete,14,4,False,3.609
FS_NC_14d_095,EXP_FS_NC_14d,Flexural Strength,Normal Concrete,14,4,False,3.69
FS_NC_14d_096,EXP_FS_NC_14d,Flexural Strength,Normal Concrete,14,4,False,3.701
FS_NC_14d_097,EXP_FS_NC_14d,Flexural Strength,Normal Concrete,14,4,False,3.843
FS_NC_14d_098,EXP_FS_NC_14d,Flexural Strength,Normal Concrete,14,4,False,3.377
FS_NC_14d_099,EXP_FS_NC_14d,Flexural Strength,Normal Concrete,14,4,False,3.917
FS_NC_14d_100,EXP_FS_NC_14d,Flexural Strength,Normal Concrete,14,4,False,3.23
FS_NC_21d_001,EXP_FS_NC_21d,Flexural Strength,Normal Concrete,21,3,False,3.928
FS_NC_21d_002,EXP_FS_NC_21d,Flexural Strength,Normal Concrete,21,3,False,4.12
FS_NC_21d_003,EXP_FS_NC_21d,Flexural Strength,Normal Concrete,21,3,False,4.197
FS_NC_21d_004,EXP_FS_NC_21d,Flexural Strength,Normal Concrete,21,3,False,3.786
FS_NC_21d_005,EXP_FS_NC_21d,Flexural Strength,Normal Concrete,21,3,False,3.44
FS_NC_21d_006,EXP_FS_NC_21d,Flexural Strength,Normal Concrete,21,3,False,3.695
FS_NC_21d_007,EXP_FS_NC_21d,Flexural Strength,Normal Concrete,21,3,False,3.722
FS_NC_21d_008,EXP_FS_NC_21d,Flexural Strength,Normal Concrete,21,3,False,3.993
FS_NC_21d_009,EXP_FS_NC_21d,Flexural Strength,Normal Concrete,21,3,False,3.622
FS_NC_21d_010,EXP_FS_NC_21d,Flexural Strength,Normal Concrete,21,3,False,3.814
FS_NC_21d_011,EXP_FS_NC_21d,Flexural Strength,Normal Concrete,21,3,False,3.874
FS_NC_21d_012,EXP_FS_NC_21d,Flexural Strength,Normal Concrete,21,3,False,3.889
FS_NC_21d_013,EXP_FS_NC_21d,Flexural Strength,Normal Concrete,21,3,False,3.846
FS_NC_21d_014,EXP_FS_NC_21d,Flexural Strength,Normal Concrete,21,3,False,4.004
FS_NC_21d_015,EXP_FS_NC_21d,Flexural Strength,Normal Concrete,21,3,False,3.63
FS_NC_21d_016,EXP_FS_NC_21d,Flexural Strength,Normal Concrete,21,3,False,4.174
FS_NC_21d_017,EXP_FS_NC_21d,Flexural Strength,Normal Concrete,21,3,False,4.216
FS_NC_21d_018,EXP_FS_NC_21d,Flexural Strength,Normal Concrete,21,3,False,4.058
FS_NC_21d_019,EXP_FS_NC_21d,Flexural Strength,Normal Concrete,21,3,False,3.493
FS_NC_21d_020,EXP_FS_NC_21d,Flexural Strength,Normal Concrete,21,3,False,3.79
FS_NC_21d_021,EXP_FS_NC_21d,Flexural Strength,Normal Concrete,21,3,False,4.05
FS_NC_21d_022,EXP_FS_NC_21d,Flexural Strength,Normal Concrete,21,3,False,3.658
FS_NC_21d_023,EXP_FS_NC_21d,Flexural Strength,Normal Concrete,21,3,False,4.062
FS_NC_21d_024,EXP_FS_NC_21d,Flexural Strength,Normal Concrete,21,3,False,4.26
FS_NC_21d_025,EXP_FS_NC_21d,Flexural Strength,Normal Concrete,21,3,False,3.703
FS_NC_21d_026,EXP_FS_NC_21d,Flexural Strength,Normal Concrete,21,3,False,4.084
FS_NC_21d_027,EXP_FS_NC_21d,Flexural Strength,Normal Concrete,21,3,False,3.836
FS_NC_21d_028,EXP_FS_NC_21d,Flexural Strength,Normal Concrete,21,3,False,3.61
FS_NC_21d_029,EXP_FS_NC_21d,Flexural Strength,Normal Concrete,21,3,False,3.633
FS_NC_21d_030,EXP_FS_NC_21d,Flexural Strength,Normal Concrete,21,3,False,3.741
FS_NC_21d_031,EXP_FS_NC_21d,Flexural Strength,Normal Concrete,21,3,False,3.972
FS_NC_21d_032,EXP_FS_NC_21d,Flexural Strength,Normal Concrete,21,3,False,3.337
FS_NC_21d_033,EXP_FS_NC_21d,Flexural Strength,Normal Concrete,21,3,False,3.885
FS_NC_21d_034,EXP_FS_NC_21d,Flexural Strength,Normal Concrete,21,3,False,4.22
FS_NC_21d_035,EXP_FS_NC_21d,Flexural Strength,Normal Concrete,21,3,False,3.955
FS_NC_21d_036,EXP_FS_NC_21d,Flexural Strength,Normal Concrete,21,3,False,4.463
FS_NC_21d_037,EXP_FS_NC_21d,Flexural Strength,Normal Concrete,21,3,False,3.629
FS_NC_21d_038,EXP_FS_NC_21d,Flexural Strength,Normal Concrete,21,3,False,3.988
FS_NC_21d_039,EXP_FS_NC_21d,Flexural Strength,Normal Concrete,21,3,False,4.39
FS_NC_21d_040,EXP_FS_NC_21d,Flexural Strength,Normal Concrete,21,3,False,4.078
FS_NC_21d_041,EXP_FS_NC_21d,Flexural Strength,Normal Concrete,21,3,False,4.043
FS_NC_21d_042,EXP_FS_NC_21d,Flexural Strength,Normal Concrete,21,3,False,3.765
FS_NC_21d_043,EXP_FS_NC_21d,Flexural Strength,Normal Concrete,21,3,False,3.817
FS_NC_21d_044,EXP_FS_NC_21d,Flexural Strength,Normal Concrete,21,3,False,3.805
FS_NC_21d_045,EXP_FS_NC_21d,Flexural Strength,Normal Concrete,21,3,False,4.098
FS_NC_21d_046,EXP_FS_NC_21d,Flexural Strength,Normal Concrete,21,3,False,4.127
FS_NC_21d_047,EXP_FS_NC_21d,Flexural Strength,Normal Concrete,21,3,False,3.747
FS_NC_21d_048,EXP_FS_NC_21d,Flexural Strength,Normal Concrete,21,3,False,3.895
FS_NC_21d_049,EXP_FS_NC_21d,Flexural Strength,Normal Concrete,21,3,False,4.089
FS_NC_21d_050,EXP_FS_NC_21d,Flexural Strength,Normal Concrete,21,3,False,3.969
FS_NC_21d_051,EXP_FS_NC_21d,Flexural Strength,Normal Concrete,21,3,False,4.134
FS_NC_21d_052,EXP_FS_NC_21d,Flexural Strength,Normal Concrete,21,3,False,3.626
FS_NC_21d_053,EXP_FS_NC_21d,Flexural Strength,Normal Concrete,21,3,False,3.723
FS_NC_21d_054,EXP_FS_NC_21d,Flexural Strength,Normal Concrete,21,3,False,3.692
FS_NC_21d_055,EXP_FS_NC_21d,Flexural Strength,Normal Concrete,21,3,False,3.707
FS_NC_21d_056,EXP_FS_NC_21d,Flexural Strength,Normal Concrete,21,3,False,3.315
FS_NC_21d_057,EXP_FS_NC_21d,Flexural Strength,Normal Concrete,21,3,False,4.089
FS_NC_21d_058,EXP_FS_NC_21d,Flexural Strength,Normal Concrete,21,3,False,3.477
FS_NC_21d_059,EXP_FS_NC_21d,Flexural Strength,Normal Concrete,21,3,False,4.045
FS_NC_21d_060,EXP_FS_NC_21d,Flexural Strength,Normal Concrete,21,3,False,4.064
FS_NC_21d_061,EXP_FS_NC_21d,Flexural Strength,Normal Concrete,21,3,False,3.804
FS_NC_21d_062,EXP_FS_NC_21d,Flexural Strength,Normal Concrete,21,3,False,3.554
FS_NC_21d_063,EXP_FS_NC_21d,Flexural Strength,Normal Concrete,21,3,False,3.753
FS_NC_21d_064,EXP_FS_NC_21d,Flexural Strength,Normal Concrete,21,3,False,3.538
FS_NC_21d_065,EXP_FS_NC_21d,Flexural Strength,Normal Concrete,21,3,False,4.038
FS_NC_21d_066,EXP_FS_NC_21d,Flexural Strength,Normal Concrete,21,3,False,3.838
FS_NC_21d_067,EXP_FS_NC_21d,Flexural Strength,Normal Concrete,21,3,False,4.029
FS_NC_21d_068,EXP_FS_NC_21d,Flexural Strength,Normal Concrete,21,3,False,3.924
FS_NC_21d_069,EXP_FS_NC_21d,Flexural Strength,Normal Concrete,21,3,False,3.868
FS_NC_21d_070,EXP_FS_NC_21d,Flexural Strength,Normal Concrete,21,3,False,3.944
FS_NC_21d_071,EXP_FS_NC_21d,Flexural Strength,Normal Concrete,21,3,False,4.273
FS_NC_21d_072,EXP_FS_NC_21d,Flexural Strength,Normal Concrete,21,3,False,3.54
FS_NC_21d_073,EXP_FS_NC_21d,Flexural Strength,Normal Concrete,21,3,False,4.43
FS_NC_21d_074,EXP_FS_NC_21d,Flexural Strength,Normal Concrete,21,3,False,3.977
FS_NC_21d_075,EXP_FS_NC_21d,Flexural Strength,Normal Concrete,21,3,False,4.034
FS_NC_21d_076,EXP_FS_NC_21d,Flexural Strength,Normal Concrete,21,3,False,4.199
FS_NC_21d_077,EXP_FS_NC_21d,Flexural Strength,Normal Concrete,21,3,False,3.827
FS_NC_21d_078,EXP_FS_NC_21d,Flexural Strength,Normal Concrete,21,3,False,3.858
FS_NC_21d_079,EXP_FS_NC_21d,Flexural Strength,Normal Concrete,21,3,False,4.256
FS_NC_21d_080,EXP_FS_NC_21d,Flexural Strength,Normal Concrete,21,3,False,3.956
FS_NC_21d_081,EXP_FS_NC_21d,Flexural Strength,Normal Concrete,21,3,False,3.615
FS_NC_21d_082,EXP_FS_NC_21d,Flexural Strength,Normal Concrete,21,3,False,4.028
FS_NC_21d_083,EXP_FS_NC_21d,Flexural Strength,Normal Concrete,21,3,False,3.959
FS_NC_21d_084,EXP_FS_NC_21d,Flexural Strength,Normal Concrete,21,3,False,4.117
FS_NC_21d_085,EXP_FS_NC_21d,Flexural Strength,Normal Concrete,21,3,False,4.474
FS_NC_21d_086,EXP_FS_NC_21d,Flexural Strength,Normal Concrete,21,3,False,3.859
FS_NC_21d_087,EXP_FS_NC_21d,Flexural Strength,Normal Concrete,21,3,False,3.968
FS_NC_21d_088,EXP_FS_NC_21d,Flexural Strength,Normal Concrete,21,3,False,3.495
FS_NC_21d_089,EXP_FS_NC_21d,Flexural Strength,Normal Concrete,21,3,False,3.723
FS_NC_21d_090,EXP_FS_NC_21d,Flexural Strength,Normal Concrete,21,3,False,4.13
FS_NC_21d_091,EXP_FS_NC_21d,Flexural Strength,Normal Concrete,21,3,False,4.072
FS_NC_21d_092,EXP_FS_NC_21d,Flexural Strength,Normal Concrete,21,3,False,4.228
FS_NC_21d_093,EXP_FS_NC_21d,Flexural Strength,Normal Concrete,21,3,False,3.967
FS_NC_21d_094,EXP_FS_NC_21d,Flexural Strength,Normal Concrete,21,3,False,3.779
FS_NC_21d_095,EXP_FS_NC_21d,Flexural Strength,Normal Concrete,21,3,False,4.112
FS_NC_21d_096,EXP_FS_NC_21d,Flexural Strength,Normal Concrete,21,3,False,3.996
FS_NC_21d_097,EXP_FS_NC_21d,Flexural Strength,Normal Concrete,21,3,False,3.923
FS_NC_21d_098,EXP_FS_NC_21d,Flexural Strength,Normal Concrete,21,3,False,3.738
FS_NC_21d_099,EXP_FS_NC_21d,Flexural Strength,Normal Concrete,21,3,False,3.904
FS_NC_21d_100,EXP_FS_NC_21d,Flexural Strength,Normal Concrete,21,3,False,3.654
FS_NC_28d_001,EXP_FS_NC_28d,Flexural Strength,Normal Concrete,28,2,False,3.628
FS_NC_28d_002,EXP_FS_NC_28d,Flexural Strength,Normal Concrete,28,2,False,4.255
FS_NC_28d_003,EXP_FS_NC_28d,Flexural Strength,Normal Concrete,28,2,False,4.019
FS_NC_28d_004,EXP_FS_NC_28d,Flexural Strength,Normal Concrete,28,2,False,3.957
FS_NC_28d_005,EXP_FS_NC_28d,Flexural Strength,Normal Concrete,28,2,False,3.857
FS_NC_28d_006,EXP_FS_NC_28d,Flexural Strength,Normal Concrete,28,2,False,4.403
FS_NC_28d_007,EXP_FS_NC_28d,Flexural Strength,Normal Concrete,28,2,False,4.22
FS_NC_28d_008,EXP_FS_NC_28d,Flexural Strength,Normal Concrete,28,2,False,4.629
FS_NC_28d_009,EXP_FS_NC_28d,Flexural Strength,Normal Concrete,28,2,False,4.203
FS_NC_28d_010,EXP_FS_NC_28d,Flexural Strength,Normal Concrete,28,2,False,3.558
FS_NC_28d_011,EXP_FS_NC_28d,Flexural Strength,Normal Concrete,28,2,False,4.374
FS_NC_28d_012,EXP_FS_NC_28d,Flexural Strength,Normal Concrete,28,2,False,4.326
FS_NC_28d_013,EXP_FS_NC_28d,Flexural Strength,Normal Concrete,28,2,False,3.894
FS_NC_28d_014,EXP_FS_NC_28d,Flexural Strength,Normal Concrete,28,2,False,3.917
FS_NC_28d_015,EXP_FS_NC_28d,Flexural Strength,Normal Concrete,28,2,False,4.202
FS_NC_28d_016,EXP_FS_NC_28d,Flexural Strength,Normal Concrete,28,2,False,4.168
FS_NC_28d_017,EXP_FS_NC_28d,Flexural Strength,Normal Concrete,28,2,False,4.153
FS_NC_28d_018,EXP_FS_NC_28d,Flexural Strength,Normal Concrete,28,2,False,4.293
FS_NC_28d_019,EXP_FS_NC_28d,Flexural Strength,Normal Concrete,28,2,False,4.758
FS_NC_28d_020,EXP_FS_NC_28d,Flexural Strength,Normal Concrete,28,2,False,3.797
FS_NC_28d_021,EXP_FS_NC_28d,Flexural Strength,Normal Concrete,28,2,False,4.204
FS_NC_28d_022,EXP_FS_NC_28d,Flexural Strength,Normal Concrete,28,2,False,3.867
FS_NC_28d_023,EXP_FS_NC_28d,Flexural Strength,Normal Concrete,28,2,False,3.899
FS_NC_28d_024,EXP_FS_NC_28d,Flexural Strength,Normal Concrete,28,2,False,4.276
FS_NC_28d_025,EXP_FS_NC_28d,Flexural Strength,Normal Concrete,28,2,False,4.537
FS_NC_28d_026,EXP_FS_NC_28d,Flexural Strength,Normal Concrete,28,2,False,4.194
FS_NC_28d_027,EXP_FS_NC_28d,Flexural Strength,Normal Concrete,28,2,False,4.164
FS_NC_28d_028,EXP_FS_NC_28d,Flexural Strength,Normal Concrete,28,2,False,4.115
FS_NC_28d_029,EXP_FS_NC_28d,Flexural Strength,Normal Concrete,28,2,False,4.147
FS_NC_28d_030,EXP_FS_NC_28d,Flexural Strength,Normal Concrete,28,2,False,4.332
FS_NC_28d_031,EXP_FS_NC_28d,Flexural Strength,Normal Concrete,28,2,False,4.595
FS_NC_28d_032,EXP_FS_NC_28d,Flexural Strength,Normal Concrete,28,2,False,4.326
FS_NC_28d_033,EXP_FS_NC_28d,Flexural Strength,Normal Concrete,28,2,False,4.284
FS_NC_28d_034,EXP_FS_NC_28d,Flexural Strength,Normal Concrete,28,2,False,4.311
FS_NC_28d_035,EXP_FS_NC_28d,Flexural Strength,Normal Concrete,28,2,False,4.346
FS_NC_28d_036,EXP_FS_NC_28d,Flexural Strength,Normal Concrete,28,2,False,4.381
FS_NC_28d_037,EXP_FS_NC_28d,Flexural Strength,Normal Concrete,28,2,False,4.029
FS_NC_28d_038,EXP_FS_NC_28d,Flexural Strength,Normal Concrete,28,2,False,4.153
FS_NC_28d_039,EXP_FS_NC_28d,Flexural Strength,Normal Concrete,28,2,False,4.128
FS_NC_28d_040,EXP_FS_NC_28d,Flexural Strength,Normal Concrete,28,2,False,4.512
FS_NC_28d_041,EXP_FS_NC_28d,Flexural Strength,Normal Concrete,28,2,False,3.908
FS_NC_28d_042,EXP_FS_NC_28d,Flexural Strength,Normal Concrete,28,2,False,4.085
FS_NC_28d_043,EXP_FS_NC_28d,Flexural Strength,Normal Concrete,28,2,False,4.103
FS_NC_28d_044,EXP_FS_NC_28d,Flexural Strength,Normal Concrete,28,2,False,4.01
FS_NC_28d_045,EXP_FS_NC_28d,Flexural Strength,Normal Concrete,28,2,False,4.073
FS_NC_28d_046,EXP_FS_NC_28d,Flexural Strength,Normal Concrete,28,2,False,4.286
FS_NC_28d_047,EXP_FS_NC_28d,Flexural Strength,Normal Concrete,28,2,False,4.226
FS_NC_28d_048,EXP_FS_NC_28d,Flexural Strength,Normal Concrete,28,2,False,4.317
FS_NC_28d_049,EXP_FS_NC_28d,Flexural Strength,Normal Concrete,28,2,False,4.463
FS_NC_28d_050,EXP_FS_NC_28d,Flexural Strength,Normal Concrete,28,2,False,3.857
FS_NC_28d_051,EXP_FS_NC_28d,Flexural Strength,Normal Concrete,28,2,False,3.923
FS_NC_28d_052,EXP_FS_NC_28d,Flexural Strength,Normal Concrete,28,2,False,4.395
FS_NC_28d_053,EXP_FS_NC_28d,Flexural Strength,Normal Concrete,28,2,False,3.918
FS_NC_28d_054,EXP_FS_NC_28d,Flexural Strength,Normal Concrete,28,2,False,4.214
FS_NC_28d_055,EXP_FS_NC_28d,Flexural Strength,Normal Concrete,28,2,False,4.36
FS_NC_28d_056,EXP_FS_NC_28d,Flexural Strength,Normal Concrete,28,2,False,4.582
FS_NC_28d_057,EXP_FS_NC_28d,Flexural Strength,Normal Concrete,28,2,False,4.422
FS_NC_28d_058,EXP_FS_NC_28d,Flexural Strength,Normal Concrete,28,2,False,4.225
FS_NC_28d_059,EXP_FS_NC_28d,Flexural Strength,Normal Concrete,28,2,False,4.052
FS_NC_28d_060,EXP_FS_NC_28d,Flexural Strength,Normal Concrete,28,2,False,3.952
FS_NC_28d_061,EXP_FS_NC_28d,Flexural Strength,Normal Concrete,28,2,False,4.492
FS_NC_28d_062,EXP_FS_NC_28d,Flexural Strength,Normal Concrete,28,2,False,4.153
FS_NC_28d_063,EXP_FS_NC_28d,Flexural Strength,Normal Concrete,28,2,False,4.085
FS_NC_28d_064,EXP_FS_NC_28d,Flexural Strength,Normal Concrete,28,2,False,4.124
FS_NC_28d_065,EXP_FS_NC_28d,Flexural Strength,Normal Concrete,28,2,False,3.975
FS_NC_28d_066,EXP_FS_NC_28d,Flexural Strength,Normal Concrete,28,2,False,4.198
FS_NC_28d_067,EXP_FS_NC_28d,Flexural Strength,Normal Concrete,28,2,False,4.915
FS_NC_28d_068,EXP_FS_NC_28d,Flexural Strength,Normal Concrete,28,2,False,4.168
FS_NC_28d_069,EXP_FS_NC_28d,Flexural Strength,Normal Concrete,28,2,False,4.025
FS_NC_28d_070,EXP_FS_NC_28d,Flexural Strength,Normal Concrete,28,2,False,4.101
FS_NC_28d_071,EXP_FS_NC_28d,Flexural Strength,Normal Concrete,28,2,False,4.025
FS_NC_28d_072,EXP_FS_NC_28d,Flexural Strength,Normal Concrete,28,2,False,3.619
FS_NC_28d_073,EXP_FS_NC_28d,Flexural Strength,Normal Concrete,28,2,False,4.206
FS_NC_28d_074,EXP_FS_NC_28d,Flexural Strength,Normal Concrete,28,2,False,4.047
FS_NC_28d_075,EXP_FS_NC_28d,Flexural Strength,Normal Concrete,28,2,False,4.112
FS_NC_28d_076,EXP_FS_NC_28d,Flexural Strength,Normal Concrete,28,2,False,4.451
FS_NC_28d_077,EXP_FS_NC_28d,Flexural Strength,Normal Concrete,28,2,False,4.096
FS_NC_28d_078,EXP_FS_NC_28d,Flexural Strength,Normal Concrete,28,2,False,4.323
FS_NC_28d_079,EXP_FS_NC_28d,Flexural Strength,Normal Concrete,28,2,False,4.333
FS_NC_28d_080,EXP_FS_NC_28d,Flexural Strength,Normal Concrete,28,2,False,4.111
FS_NC_28d_081,EXP_FS_NC_28d,Flexural Strength,Normal Concrete,28,2,False,4.048
FS_NC_28d_082,EXP_FS_NC_28d,Flexural Strength,Normal Concrete,28,2,False,3.77
FS_NC_28d_083,EXP_FS_NC_28d,Flexural Strength,Normal Concrete,28,2,False,4.832
FS_NC_28d_084,EXP_FS_NC_28d,Flexural Strength,Normal Concrete,28,2,False,4.146
FS_NC_28d_085,EXP_FS_NC_28d,Flexural Strength,Normal Concrete,28,2,False,4.613
FS_NC_28d_086,EXP_FS_NC_28d,Flexural Strength,Normal Concrete,28,2,False,4.178
FS_NC_28d_087,EXP_FS_NC_28d,Flexural Strength,Normal Concrete,28,2,False,4.107
FS_NC_28d_088,EXP_FS_NC_28d,Flexural Strength,Normal Concrete,28,2,False,3.944
FS_NC_28d_089,EXP_FS_NC_28d,Flexural Strength,Normal Concrete,28,2,False,4.732
FS_NC_28d_090,EXP_FS_NC_28d,Flexural Strength,Normal Concrete,28,2,False,4.322
FS_NC_28d_091,EXP_FS_NC_28d,Flexural Strength,Normal Concrete,28,2,False,3.968
FS_NC_28d_092,EXP_FS_NC_28d,Flexural Strength,Normal Concrete,28,2,False,4.025
FS_NC_28d_093,EXP_FS_NC_28d,Flexural Strength,Normal Concrete,28,2,False,3.758
FS_NC_28d_094,EXP_FS_NC_28d,Flexural Strength,Normal Concrete,28,2,False,4.555
FS_NC_28d_095,EXP_FS_NC_28d,Flexural Strength,Normal Concrete,28,2,False,3.876
FS_NC_28d_096,EXP_FS_NC_28d,Flexural Strength,Normal Concrete,28,2,False,4.327
FS_NC_28d_097,EXP_FS_NC_28d,Flexural Strength,Normal Concrete,28,2,False,4.748
FS_NC_28d_098,EXP_FS_NC_28d,Flexural Strength,Normal Concrete,28,2,False,4.409
FS_NC_28d_099,EXP_FS_NC_28d,Flexural Strength,Normal Concrete,28,2,False,4.106
FS_NC_28d_100,EXP_FS_NC_28d,Flexural Strength,Normal Concrete,28,2,False,4.122
FS_NC_90d_001,EXP_FS_NC_90d,Flexural Strength,Normal Concrete,90,1,False,4.758
FS_NC_90d_002,EXP_FS_NC_90d,Flexural Strength,Normal Concrete,90,1,False,4.269
FS_NC_90d_003,EXP_FS_NC_90d,Flexural Strength,Normal Concrete,90,1,False,4.786
FS_NC_90d_004,EXP_FS_NC_90d,Flexural Strength,Normal Concrete,90,1,False,4.567
FS_NC_90d_005,EXP_FS_NC_90d,Flexural Strength,Normal Concrete,90,1,False,5.096
FS_NC_90d_006,EXP_FS_NC_90d,Flexural Strength,Normal Concrete,90,1,False,5.032
FS_NC_90d_007,EXP_FS_NC_90d,Flexural Strength,Normal Concrete,90,1,False,4.989
FS_NC_90d_008,EXP_FS_NC_90d,Flexural Strength,Normal Concrete,90,1,False,5.142
FS_NC_90d_009,EXP_FS_NC_90d,Flexural Strength,Normal Concrete,90,1,False,4.517
FS_NC_90d_010,EXP_FS_NC_90d,Flexural Strength,Normal Concrete,90,1,False,4.966
FS_NC_90d_011,EXP_FS_NC_90d,Flexural Strength,Normal Concrete,90,1,False,5.394
FS_NC_90d_012,EXP_FS_NC_90d,Flexural Strength,Normal Concrete,90,1,False,4.942
FS_NC_90d_013,EXP_FS_NC_90d,Flexural Strength,Normal Concrete,90,1,False,4.933
FS_NC_90d_014,EXP_FS_NC_90d,Flexural Strength,Normal Concrete,90,1,False,4.992
FS_NC_90d_015,EXP_FS_NC_90d,Flexural Strength,Normal Concrete,90,1,False,5.313
FS_NC_90d_016,EXP_FS_NC_90d,Flexural Strength,Normal Concrete,90,1,False,4.916
FS_NC_90d_017,EXP_FS_NC_90d,Flexural Strength,Normal Concrete,90,1,False,5.534
FS_NC_90d_018,EXP_FS_NC_90d,Flexural Strength,Normal Concrete,90,1,False,5.363
FS_NC_90d_019,EXP_FS_NC_90d,Flexural Strength,Normal Concrete,90,1,False,4.949
FS_NC_90d_020,EXP_FS_NC_90d,Flexural Strength,Normal Concrete,90,1,False,4.964
FS_NC_90d_021,EXP_FS_NC_90d,Flexural Strength,Normal Concrete,90,1,False,5.364
FS_NC_90d_022,EXP_FS_NC_90d,Flexural Strength,Normal Concrete,90,1,False,5.264
FS_NC_90d_023,EXP_FS_NC_90d,Flexural Strength,Normal Concrete,90,1,False,4.783
FS_NC_90d_024,EXP_FS_NC_90d,Flexural Strength,Normal Concrete,90,1,False,5.119
FS_NC_90d_025,EXP_FS_NC_90d,Flexural Strength,Normal Concrete,90,1,False,4.811
FS_NC_90d_026,EXP_FS_NC_90d,Flexural Strength,Normal Concrete,90,1,False,4.737
FS_NC_90d_027,EXP_FS_NC_90d,Flexural Strength,Normal Concrete,90,1,False,5.312
FS_NC_90d_028,EXP_FS_NC_90d,Flexural Strength,Normal Concrete,90,1,False,4.804
FS_NC_90d_029,EXP_FS_NC_90d,Flexural Strength,Normal Concrete,90,1,False,4.926
FS_NC_90d_030,EXP_FS_NC_90d,Flexural Strength,Normal Concrete,90,1,False,4.954
FS_NC_90d_031,EXP_FS_NC_90d,Flexural Strength,Normal Concrete,90,1,False,4.937
FS_NC_90d_032,EXP_FS_NC_90d,Flexural Strength,Normal Concrete,90,1,False,5.03
FS_NC_90d_033,EXP_FS_NC_90d,Flexural Strength,Normal Concrete,90,1,False,4.873
FS_NC_90d_034,EXP_FS_NC_90d,Flexural Strength,Normal Concrete,90,1,False,4.585
FS_NC_90d_035,EXP_FS_NC_90d,Flexural Strength,Normal Concrete,90,1,False,4.874
FS_NC_90d_036,EXP_FS_NC_90d,Flexural Strength,Normal Concrete,90,1,False,5.06
FS_NC_90d_037,EXP_FS_NC_90d,Flexural Strength,Normal Concrete,90,1,False,4.51
FS_NC_90d_038,EXP_FS_NC_90d,Flexural Strength,Normal Concrete,90,1,False,4.496
FS_NC_90d_039,EXP_FS_NC_90d,Flexural Strength,Normal Concrete,90,1,False,4.721
FS_NC_90d_040,EXP_FS_NC_90d,Flexural Strength,Normal Concrete,90,1,False,4.595
FS_NC_90d_041,EXP_FS_NC_90d,Flexural Strength,Normal Concrete,90,1,False,4.652
FS_NC_90d_042,EXP_FS_NC_90d,Flexural Strength,Normal Concrete,90,1,False,5.134
FS_NC_90d_043,EXP_FS_NC_90d,Flexural Strength,Normal Concrete,90,1,False,5.263
FS_NC_90d_044,EXP_FS_NC_90d,Flexural Strength,Normal Concrete,90,1,False,4.996
FS_NC_90d_045,EXP_FS_NC_90d,Flexural Strength,Normal Concrete,90,1,False,4.907
FS_NC_90d_046,EXP_FS_NC_90d,Flexural Strength,Normal Concrete,90,1,False,5.037
FS_NC_90d_047,EXP_FS_NC_90d,Flexural Strength,Normal Concrete,90,1,False,5.045
FS_NC_90d_048,EXP_FS_NC_90d,Flexural Strength,Normal Concrete,90,1,False,4.744
FS_NC_90d_049,EXP_FS_NC_90d,Flexural Strength,Normal Concrete,90,1,False,5.359
FS_NC_90d_050,EXP_FS_NC_90d,Flexural Strength,Normal Concrete,90,1,False,4.491
FS_NC_90d_051,EXP_FS_NC_90d,Flexural Strength,Normal Concrete,90,1,False,4.54
FS_NC_90d_052,EXP_FS_NC_90d,Flexural Strength,Normal Concrete,90,1,False,4.828
FS_NC_90d_053,EXP_FS_NC_90d,Flexural Strength,Normal Concrete,90,1,False,4.679
FS_NC_90d_054,EXP_FS_NC_90d,Flexural Strength,Normal Concrete,90,1,False,4.875
FS_NC_90d_055,EXP_FS_NC_90d,Flexural Strength,Normal Concrete,90,1,False,4.892
FS_NC_90d_056,EXP_FS_NC_90d,Flexural Strength,Normal Concrete,90,1,False,4.94
FS_NC_90d_057,EXP_FS_NC_90d,Flexural Strength,Normal Concrete,90,1,False,4.962
FS_NC_90d_058,EXP_FS_NC_90d,Flexural Strength,Normal Concrete,90,1,False,5.116
FS_NC_90d_059,EXP_FS_NC_90d,Flexural Strength,Normal Concrete,90,1,False,4.521
FS_NC_90d_060,EXP_FS_NC_90d,Flexural Strength,Normal Concrete,90,1,False,4.59
FS_NC_90d_061,EXP_FS_NC_90d,Flexural Strength,Normal Concrete,90,1,False,5.215
FS_NC_90d_062,EXP_FS_NC_90d,Flexural Strength,Normal Concrete,90,1,False,4.53
FS_NC_90d_063,EXP_FS_NC_90d,Flexural Strength,Normal Concrete,90,1,False,4.78
FS_NC_90d_064,EXP_FS_NC_90d,Flexural Strength,Normal Concrete,90,1,False,4.856
FS_NC_90d_065,EXP_FS_NC_90d,Flexural Strength,Normal Concrete,90,1,False,4.794
FS_NC_90d_066,EXP_FS_NC_90d,Flexural Strength,Normal Concrete,90,1,False,4.875
FS_NC_90d_067,EXP_FS_NC_90d,Flexural Strength,Normal Concrete,90,1,False,5.037
FS_NC_90d_068,EXP_FS_NC_90d,Flexural Strength,Normal Concrete,90,1,False,4.539
FS_NC_90d_069,EXP_FS_NC_90d,Flexural Strength,Normal Concrete,90,1,False,4.774
FS_NC_90d_070,EXP_FS_NC_90d,Flexural Strength,Normal Concrete,90,1,False,4.78
FS_NC_90d_071,EXP_FS_NC_90d,Flexural Strength,Normal Concrete,90,1,False,5.25
FS_NC_90d_072,EXP_FS_NC_90d,Flexural Strength,Normal Concrete,90,1,False,5.19
FS_NC_90d_073,EXP_FS_NC_90d,Flexural Strength,Normal Concrete,90,1,False,5.215
FS_NC_90d_074,EXP_FS_NC_90d,Flexural Strength,Normal Concrete,90,1,False,5.006
FS_NC_90d_075,EXP_FS_NC_90d,Flexural Strength,Normal Concrete,90,1,False,5.224
FS_NC_90d_076,EXP_FS_NC_90d,Flexural Strength,Normal Concrete,90,1,False,4.92
FS_NC_90d_077,EXP_FS_NC_90d,Flexural Strength,Normal Concrete,90,1,False,5.207
FS_NC_90d_078,EXP_FS_NC_90d,Flexural Strength,Normal Concrete,90,1,False,4.804
FS_NC_90d_079,EXP_FS_NC_90d,Flexural Strength,Normal Concrete,90,1,False,4.354
FS_NC_90d_080,EXP_FS_NC_90d,Flexural Strength,Normal Concrete,90,1,False,5.105
FS_NC_90d_081,EXP_FS_NC_90d,Flexural Strength,Normal Concrete,90,1,False,5.158
FS_NC_90d_082,EXP_FS_NC_90d,Flexural Strength,Normal Concrete,90,1,False,4.489
FS_NC_90d_083,EXP_FS_NC_90d,Flexural Strength,Normal Concrete,90,1,False,4.618
FS_NC_90d_084,EXP_FS_NC_90d,Flexural Strength,Normal Concrete,90,1,False,5.26
FS_NC_90d_085,EXP_FS_NC_90d,Flexural Strength,Normal Concrete,90,1,False,5.217
FS_NC_90d_086,EXP_FS_NC_90d,Flexural Strength,Normal Concrete,90,1,False,4.65
FS_NC_90d_087,EXP_FS_NC_90d,Flexural Strength,Normal Concrete,90,1,False,5.179
FS_NC_90d_088,EXP_FS_NC_90d,Flexural Strength,Normal Concrete,90,1,False,4.671
FS_NC_90d_089,EXP_FS_NC_90d,Flexural Strength,Normal Concrete,90,1,False,5.221
FS_NC_90d_090,EXP_FS_NC_90d,Flexural Strength,Normal Concrete,90,1,False,4.794
FS_NC_90d_091,EXP_FS_NC_90d,Flexural Strength,Normal Concrete,90,1,False,5.503
FS_NC_90d_092,EXP_FS_NC_90d,Flexural Strength,Normal Concrete,90,1,False,5.123
FS_NC_90d_093,EXP_FS_NC_90d,Flexural Strength,Normal Concrete,90,1,False,4.678
FS_NC_90d_094,EXP_FS_NC_90d,Flexural Strength,Normal Concrete,90,1,False,4.606
FS_NC_90d_095,EXP_FS_NC_90d,Flexural Strength,Normal Concrete,90,1,False,4.895
FS_NC_90d_096,EXP_FS_NC_90d,Flexural Strength,Normal Concrete,90,1,False,5.091
FS_NC_90d_097,EXP_FS_NC_90d,Flexural Strength,Normal Concrete,90,1,False,4.684
FS_NC_90d_098,EXP_FS_NC_90d,Flexural Strength,Normal Concrete,90,1,False,5.061
FS_NC_90d_099,EXP_FS_NC_90d,Flexural Strength,Normal Concrete,90,1,False,4.898
FS_NC_90d_100,EXP_FS_NC_90d,Flexural Strength,Normal Concrete,90,1,False,4.345
FS_BC_14d_001,EXP_FS_BC_14d,Flexural Strength,Bacterial Concrete,14,4,False,4.167
FS_BC_14d_002,EXP_FS_BC_14d,Flexural Strength,Bacterial Concrete,14,4,False,4.416
FS_BC_14d_003,EXP_FS_BC_14d,Flexural Strength,Bacterial Concrete,14,4,False,3.94
FS_BC_14d_004,EXP_FS_BC_14d,Flexural Strength,Bacterial Concrete,14,4,False,4.451
FS_BC_14d_005,EXP_FS_BC_14d,Flexural Strength,Bacterial Concrete,14,4,False,4.409
FS_BC_14d_006,EXP_FS_BC_14d,Flexural Strength,Bacterial Concrete,14,4,False,3.555
FS_BC_14d_007,EXP_FS_BC_14d,Flexural Strength,Bacterial Concrete,14,4,False,3.971
FS_BC_14d_008,EXP_FS_BC_14d,Flexural Strength,Bacterial Concrete,14,4,False,3.986
FS_BC_14d_009,EXP_FS_BC_14d,Flexural Strength,Bacterial Concrete,14,4,False,4.09
FS_BC_14d_010,EXP_FS_BC_14d,Flexural Strength,Bacterial Concrete,14,4,False,4.227
FS_BC_14d_011,EXP_FS_BC_14d,Flexural Strength,Bacterial Concrete,14,4,False,4.056
FS_BC_14d_012,EXP_FS_BC_14d,Flexural Strength,Bacterial Concrete,14,4,False,4.437
FS_BC_14d_013,EXP_FS_BC_14d,Flexural Strength,Bacterial Concrete,14,4,False,4.014
FS_BC_14d_014,EXP_FS_BC_14d,Flexural Strength,Bacterial Concrete,14,4,False,4.126
FS_BC_14d_015,EXP_FS_BC_14d,Flexural Strength,Bacterial Concrete,14,4,False,4.229
FS_BC_14d_016,EXP_FS_BC_14d,Flexural Strength,Bacterial Concrete,14,4,False,3.913
FS_BC_14d_017,EXP_FS_BC_14d,Flexural Strength,Bacterial Concrete,14,4,False,4.23
FS_BC_14d_018,EXP_FS_BC_14d,Flexural Strength,Bacterial Concrete,14,4,False,4.179
FS_BC_14d_019,EXP_FS_BC_14d,Flexural Strength,Bacterial Concrete,14,4,False,4.165
FS_BC_14d_020,EXP_FS_BC_14d,Flexural Strength,Bacterial Concrete,14,4,False,3.884
FS_BC_14d_021,EXP_FS_BC_14d,Flexural Strength,Bacterial Concrete,14,4,False,3.725
FS_BC_14d_022,EXP_FS_BC_14d,Flexural Strength,Bacterial Concrete,14,4,False,4.151
FS_BC_14d_023,EXP_FS_BC_14d,Flexural Strength,Bacterial Concrete,14,4,False,4.732
FS_BC_14d_024,EXP_FS_BC_14d,Flexural Strength,Bacterial Concrete,14,4,False,4.195
FS_BC_14d_025,EXP_FS_BC_14d,Flexural Strength,Bacterial Concrete,14,4,False,4.528
FS_BC_14d_026,EXP_FS_BC_14d,Flexural Strength,Bacterial Concrete,14,4,False,4.312
FS_BC_14d_027,EXP_FS_BC_14d,Flexural Strength,Bacterial Concrete,14,4,False,4.075
FS_BC_14d_028,EXP_FS_BC_14d,Flexural Strength,Bacterial Concrete,14,4,False,4.135
FS_BC_14d_029,EXP_FS_BC_14d,Flexural Strength,Bacterial Concrete,14,4,False,3.724
FS_BC_14d_030,EXP_FS_BC_14d,Flexural Strength,Bacterial Concrete,14,4,False,4.411
FS_BC_14d_031,EXP_FS_BC_14d,Flexural Strength,Bacterial Concrete,14,4,False,4.578
FS_BC_14d_032,EXP_FS_BC_14d,Flexural Strength,Bacterial Concrete,14,4,False,4.612
FS_BC_14d_033,EXP_FS_BC_14d,Flexural Strength,Bacterial Concrete,14,4,False,4.323
FS_BC_14d_034,EXP_FS_BC_14d,Flexural Strength,Bacterial Concrete,14,4,False,4.242
FS_BC_14d_035,EXP_FS_BC_14d,Flexural Strength,Bacterial Concrete,14,4,False,4.529
FS_BC_14d_036,EXP_FS_BC_14d,Flexural Strength,Bacterial Concrete,14,4,False,4.427
FS_BC_14d_037,EXP_FS_BC_14d,Flexural Strength,Bacterial Concrete,14,4,False,4.536
FS_BC_14d_038,EXP_FS_BC_14d,Flexural Strength,Bacterial Concrete,14,4,False,4.213
FS_BC_14d_039,EXP_FS_BC_14d,Flexural Strength,Bacterial Concrete,14,4,False,4.436
FS_BC_14d_040,EXP_FS_BC_14d,Flexural Strength,Bacterial Concrete,14,4,False,4.147
FS_BC_14d_041,EXP_FS_BC_14d,Flexural Strength,Bacterial Concrete,14,4,False,4.525
FS_BC_14d_042,EXP_FS_BC_14d,Flexural Strength,Bacterial Concrete,14,4,False,3.858
FS_BC_14d_043,EXP_FS_BC_14d,Flexural Strength,Bacterial Concrete,14,4,False,4.427
FS_BC_14d_044,EXP_FS_BC_14d,Flexural Strength,Bacterial Concrete,14,4,False,3.954
FS_BC_14d_045,EXP_FS_BC_14d,Flexural Strength,Bacterial Concrete,14,4,False,4.389
FS_BC_14d_046,EXP_FS_BC_14d,Flexural Strength,Bacterial Concrete,14,4,False,4.265
FS_BC_14d_047,EXP_FS_BC_14d,Flexural Strength,Bacterial Concrete,14,4,False,4.058
FS_BC_14d_048,EXP_FS_BC_14d,Flexural Strength,Bacterial Concrete,14,4,False,4.241
FS_BC_14d_049,EXP_FS_BC_14d,Flexural Strength,Bacterial Concrete,14,4,False,4.204
FS_BC_14d_050,EXP_FS_BC_14d,Flexural Strength,Bacterial Concrete,14,4,False,4.044
FS_BC_14d_051,EXP_FS_BC_14d,Flexural Strength,Bacterial Concrete,14,4,False,3.895
FS_BC_14d_052,EXP_FS_BC_14d,Flexural Strength,Bacterial Concrete,14,4,False,3.901
FS_BC_14d_053,EXP_FS_BC_14d,Flexural Strength,Bacterial Concrete,14,4,False,4.236
FS_BC_14d_054,EXP_FS_BC_14d,Flexural Strength,Bacterial Concrete,14,4,False,4.089
FS_BC_14d_055,EXP_FS_BC_14d,Flexural Strength,Bacterial Concrete,14,4,False,4.266
FS_BC_14d_056,EXP_FS_BC_14d,Flexural Strength,Bacterial Concrete,14,4,False,4.061
FS_BC_14d_057,EXP_FS_BC_14d,Flexural Strength,Bacterial Concrete,14,4,False,4.443
FS_BC_14d_058,EXP_FS_BC_14d,Flexural Strength,Bacterial Concrete,14,4,False,4.336
FS_BC_14d_059,EXP_FS_BC_14d,Flexural Strength,Bacterial Concrete,14,4,False,4.287
FS_BC_14d_060,EXP_FS_BC_14d,Flexural Strength,Bacterial Concrete,14,4,False,3.917
FS_BC_14d_061,EXP_FS_BC_14d,Flexural Strength,Bacterial Concrete,14,4,False,3.931
FS_BC_14d_062,EXP_FS_BC_14d,Flexural Strength,Bacterial Concrete,14,4,False,4.308
FS_BC_14d_063,EXP_FS_BC_14d,Flexural Strength,Bacterial Concrete,14,4,False,4.062
FS_BC_14d_064,EXP_FS_BC_14d,Flexural Strength,Bacterial Concrete,14,4,False,4.564
FS_BC_14d_065,EXP_FS_BC_14d,Flexural Strength,Bacterial Concrete,14,4,False,3.749
FS_BC_14d_066,EXP_FS_BC_14d,Flexural Strength,Bacterial Concrete,14,4,False,4.09
FS_BC_14d_067,EXP_FS_BC_14d,Flexural Strength,Bacterial Concrete,14,4,False,4.581
FS_BC_14d_068,EXP_FS_BC_14d,Flexural Strength,Bacterial Concrete,14,4,False,4.172
FS_BC_14d_069,EXP_FS_BC_14d,Flexural Strength,Bacterial Concrete,14,4,False,4.419
FS_BC_14d_070,EXP_FS_BC_14d,Flexural Strength,Bacterial Concrete,14,4,False,3.82
FS_BC_14d_071,EXP_FS_BC_14d,Flexural Strength,Bacterial Concrete,14,4,False,4.566
FS_BC_14d_072,EXP_FS_BC_14d,Flexural Strength,Bacterial Concrete,14,4,False,4.46
FS_BC_14d_073,EXP_FS_BC_14d,Flexural Strength,Bacterial Concrete,14,4,False,4.23
FS_BC_14d_074,EXP_FS_BC_14d,Flexural Strength,Bacterial Concrete,14,4,False,4.346
FS_BC_14d_075,EXP_FS_BC_14d,Flexural Strength,Bacterial Concrete,14,4,False,4.099
FS_BC_14d_076,EXP_FS_BC_14d,Flexural Strength,Bacterial Concrete,14,4,False,4.379
FS_BC_14d_077,EXP_FS_BC_14d,Flexural Strength,Bacterial Concrete,14,4,False,4.412
FS_BC_14d_078,EXP_FS_BC_14d,Flexural Strength,Bacterial Concrete,14,4,False,4.373
FS_BC_14d_079,EXP_FS_BC_14d,Flexural Strength,Bacterial Concrete,14,4,False,4.207
FS_BC_14d_080,EXP_FS_BC_14d,Flexural Strength,Bacterial Concrete,14,4,False,4.162
FS_BC_14d_081,EXP_FS_BC_14d,Flexural Strength,Bacterial Concrete,14,4,False,3.906
FS_BC_14d_082,EXP_FS_BC_14d,Flexural Strength,Bacterial Concrete,14,4,False,4.141
FS_BC_14d_083,EXP_FS_BC_14d,Flexural Strength,Bacterial Concrete,14,4,False,3.904
FS_BC_14d_084,EXP_FS_BC_14d,Flexural Strength,Bacterial Concrete,14,4,False,4.138
FS_BC_14d_085,EXP_FS_BC_14d,Flexural Strength,Bacterial Concrete,14,4,False,4.127
FS_BC_14d_086,EXP_FS_BC_14d,Flexural Strength,Bacterial Concrete,14,4,False,4.279
FS_BC_14d_087,EXP_FS_BC_14d,Flexural Strength,Bacterial Concrete,14,4,False,4.224
FS_BC_14d_088,EXP_FS_BC_14d,Flexural Strength,Bacterial Concrete,14,4,False,4.0
FS_BC_14d_089,EXP_FS_BC_14d,Flexural Strength,Bacterial Concrete,14,4,False,4.066
FS_BC_14d_090,EXP_FS_BC_14d,Flexural Strength,Bacterial Concrete,14,4,False,4.44
FS_BC_14d_091,EXP_FS_BC_14d,Flexural Strength,Bacterial Concrete,14,4,False,4.111
FS_BC_14d_092,EXP_FS_BC_14d,Flexural Strength,Bacterial Concrete,14,4,False,4.011
FS_BC_14d_093,EXP_FS_BC_14d,Flexural Strength,Bacterial Concrete,14,4,False,3.782
FS_BC_14d_094,EXP_FS_BC_14d,Flexural Strength,Bacterial Concrete,14,4,False,4.658
FS_BC_14d_095,EXP_FS_BC_14d,Flexural Strength,Bacterial Concrete,14,4,False,4.693
FS_BC_14d_096,EXP_FS_BC_14d,Flexural Strength,Bacterial Concrete,14,4,False,3.719
FS_BC_14d_097,EXP_FS_BC_14d,Flexural Strength,Bacterial Concrete,14,4,False,3.864
FS_BC_14d_098,EXP_FS_BC_14d,Flexural Strength,Bacterial Concrete,14,4,False,4.19
FS_BC_14d_099,EXP_FS_BC_14d,Flexural Strength,Bacterial Concrete,14,4,False,4.489
FS_BC_14d_100,EXP_FS_BC_14d,Flexural Strength,Bacterial Concrete,14,4,False,4.106
FS_BC_21d_001,EXP_FS_BC_21d,Flexural Strength,Bacterial Concrete,21,3,False,4.908
FS_BC_21d_002,EXP_FS_BC_21d,Flexural Strength,Bacterial Concrete,21,3,False,4.729
FS_BC_21d_003,EXP_FS_BC_21d,Flexural Strength,Bacterial Concrete,21,3,False,4.421
FS_BC_21d_004,EXP_FS_BC_21d,Flexural Strength,Bacterial Concrete,21,3,False,4.522
FS_BC_21d_005,EXP_FS_BC_21d,Flexural Strength,Bacterial Concrete,21,3,False,4.628
FS_BC_21d_006,EXP_FS_BC_21d,Flexural Strength,Bacterial Concrete,21,3,False,4.402
FS_BC_21d_007,EXP_FS_BC_21d,Flexural Strength,Bacterial Concrete,21,3,False,3.898
FS_BC_21d_008,EXP_FS_BC_21d,Flexural Strength,Bacterial Concrete,21,3,False,4.042
FS_BC_21d_009,EXP_FS_BC_21d,Flexural Strength,Bacterial Concrete,21,3,False,4.78
FS_BC_21d_010,EXP_FS_BC_21d,Flexural Strength,Bacterial Concrete,21,3,False,4.724
FS_BC_21d_011,EXP_FS_BC_21d,Flexural Strength,Bacterial Concrete,21,3,False,4.85
FS_BC_21d_012,EXP_FS_BC_21d,Flexural Strength,Bacterial Concrete,21,3,False,4.508
FS_BC_21d_013,EXP_FS_BC_21d,Flexural Strength,Bacterial Concrete,21,3,False,4.511
FS_BC_21d_014,EXP_FS_BC_21d,Flexural Strength,Bacterial Concrete,21,3,False,5.204
FS_BC_21d_015,EXP_FS_BC_21d,Flexural Strength,Bacterial Concrete,21,3,False,4.638
FS_BC_21d_016,EXP_FS_BC_21d,Flexural Strength,Bacterial Concrete,21,3,False,4.51
FS_BC_21d_017,EXP_FS_BC_21d,Flexural Strength,Bacterial Concrete,21,3,False,4.962
FS_BC_21d_018,EXP_FS_BC_21d,Flexural Strength,Bacterial Concrete,21,3,False,4.936
FS_BC_21d_019,EXP_FS_BC_21d,Flexural Strength,Bacterial Concrete,21,3,False,4.552
FS_BC_21d_020,EXP_FS_BC_21d,Flexural Strength,Bacterial Concrete,21,3,False,4.651
FS_BC_21d_021,EXP_FS_BC_21d,Flexural Strength,Bacterial Concrete,21,3,False,4.673
FS_BC_21d_022,EXP_FS_BC_21d,Flexural Strength,Bacterial Concrete,21,3,False,4.972
FS_BC_21d_023,EXP_FS_BC_21d,Flexural Strength,Bacterial Concrete,21,3,False,4.615
FS_BC_21d_024,EXP_FS_BC_21d,Flexural Strength,Bacterial Concrete,21,3,False,4.885
FS_BC_21d_025,EXP_FS_BC_21d,Flexural Strength,Bacterial Concrete,21,3,False,4.707
FS_BC_21d_026,EXP_FS_BC_21d,Flexural Strength,Bacterial Concrete,21,3,False,4.653
FS_BC_21d_027,EXP_FS_BC_21d,Flexural Strength,Bacterial Concrete,21,3,False,4.699
FS_BC_21d_028,EXP_FS_BC_21d,Flexural Strength,Bacterial Concrete,21,3,False,4.491
FS_BC_21d_029,EXP_FS_BC_21d,Flexural Strength,Bacterial Concrete,21,3,False,5.097
FS_BC_21d_030,EXP_FS_BC_21d,Flexural Strength,Bacterial Concrete,21,3,False,4.149
FS_BC_21d_031,EXP_FS_BC_21d,Flexural Strength,Bacterial Concrete,21,3,False,4.447
FS_BC_21d_032,EXP_FS_BC_21d,Flexural Strength,Bacterial Concrete,21,3,False,4.965
FS_BC_21d_033,EXP_FS_BC_21d,Flexural Strength,Bacterial Concrete,21,3,False,5.099
FS_BC_21d_034,EXP_FS_BC_21d,Flexural Strength,Bacterial Concrete,21,3,False,4.83
FS_BC_21d_035,EXP_FS_BC_21d,Flexural Strength,Bacterial Concrete,21,3,False,4.673
FS_BC_21d_036,EXP_FS_BC_21d,Flexural Strength,Bacterial Concrete,21,3,False,4.672
FS_BC_21d_037,EXP_FS_BC_21d,Flexural Strength,Bacterial Concrete,21,3,False,4.834
FS_BC_21d_038,EXP_FS_BC_21d,Flexural Strength,Bacterial Concrete,21,3,False,4.897
FS_BC_21d_039,EXP_FS_BC_21d,Flexural Strength,Bacterial Concrete,21,3,False,5.193
FS_BC_21d_040,EXP_FS_BC_21d,Flexural Strength,Bacterial Concrete,21,3,False,4.75
FS_BC_21d_041,EXP_FS_BC_21d,Flexural Strength,Bacterial Concrete,21,3,False,4.925
FS_BC_21d_042,EXP_FS_BC_21d,Flexural Strength,Bacterial Concrete,21,3,False,4.39
FS_BC_21d_043,EXP_FS_BC_21d,Flexural Strength,Bacterial Concrete,21,3,False,4.999
FS_BC_21d_044,EXP_FS_BC_21d,Flexural Strength,Bacterial Concrete,21,3,False,4.686
FS_BC_21d_045,EXP_FS_BC_21d,Flexural Strength,Bacterial Concrete,21,3,False,4.744
FS_BC_21d_046,EXP_FS_BC_21d,Flexural Strength,Bacterial Concrete,21,3,False,4.301
FS_BC_21d_047,EXP_FS_BC_21d,Flexural Strength,Bacterial Concrete,21,3,False,4.688
FS_BC_21d_048,EXP_FS_BC_21d,Flexural Strength,Bacterial Concrete,21,3,False,4.635
FS_BC_21d_049,EXP_FS_BC_21d,Flexural Strength,Bacterial Concrete,21,3,False,4.744
FS_BC_21d_050,EXP_FS_BC_21d,Flexural Strength,Bacterial Concrete,21,3,False,4.393
FS_BC_21d_051,EXP_FS_BC_21d,Flexural Strength,Bacterial Concrete,21,3,False,4.438
FS_BC_21d_052,EXP_FS_BC_21d,Flexural Strength,Bacterial Concrete,21,3,False,4.262
FS_BC_21d_053,EXP_FS_BC_21d,Flexural Strength,Bacterial Concrete,21,3,False,4.617
FS_BC_21d_054,EXP_FS_BC_21d,Flexural Strength,Bacterial Concrete,21,3,False,4.696
FS_BC_21d_055,EXP_FS_BC_21d,Flexural Strength,Bacterial Concrete,21,3,False,4.441
FS_BC_21d_056,EXP_FS_BC_21d,Flexural Strength,Bacterial Concrete,21,3,False,4.634
FS_BC_21d_057,EXP_FS_BC_21d,Flexural Strength,Bacterial Concrete,21,3,False,4.399
FS_BC_21d_058,EXP_FS_BC_21d,Flexural Strength,Bacterial Concrete,21,3,False,4.438
FS_BC_21d_059,EXP_FS_BC_21d,Flexural Strength,Bacterial Concrete,21,3,False,4.595
FS_BC_21d_060,EXP_FS_BC_21d,Flexural Strength,Bacterial Concrete,21,3,False,4.436
FS_BC_21d_061,EXP_FS_BC_21d,Flexural Strength,Bacterial Concrete,21,3,False,4.539
FS_BC_21d_062,EXP_FS_BC_21d,Flexural Strength,Bacterial Concrete,21,3,False,4.706
FS_BC_21d_063,EXP_FS_BC_21d,Flexural Strength,Bacterial Concrete,21,3,False,5.027
FS_BC_21d_064,EXP_FS_BC_21d,Flexural Strength,Bacterial Concrete,21,3,False,4.694
FS_BC_21d_065,EXP_FS_BC_21d,Flexural Strength,Bacterial Concrete,21,3,False,4.133
FS_BC_21d_066,EXP_FS_BC_21d,Flexural Strength,Bacterial Concrete,21,3,False,4.602
FS_BC_21d_067,EXP_FS_BC_21d,Flexural Strength,Bacterial Concrete,21,3,False,4.464
FS_BC_21d_068,EXP_FS_BC_21d,Flexural Strength,Bacterial Concrete,21,3,False,4.703
FS_BC_21d_069,EXP_FS_BC_21d,Flexural Strength,Bacterial Concrete,21,3,False,4.396
FS_BC_21d_070,EXP_FS_BC_21d,Flexural Strength,Bacterial Concrete,21,3,False,4.21
FS_BC_21d_071,EXP_FS_BC_21d,Flexural Strength,Bacterial Concrete,21,3,False,4.721
FS_BC_21d_072,EXP_FS_BC_21d,Flexural Strength,Bacterial Concrete,21,3,False,4.648
FS_BC_21d_073,EXP_FS_BC_21d,Flexural Strength,Bacterial Concrete,21,3,False,4.732
FS_BC_21d_074,EXP_FS_BC_21d,Flexural Strength,Bacterial Concrete,21,3,False,5.152
FS_BC_21d_075,EXP_FS_BC_21d,Flexural Strength,Bacterial Concrete,21,3,False,4.349
FS_BC_21d_076,EXP_FS_BC_21d,Flexural Strength,Bacterial Concrete,21,3,False,4.559
FS_BC_21d_077,EXP_FS_BC_21d,Flexural Strength,Bacterial Concrete,21,3,False,4.868
FS_BC_21d_078,EXP_FS_BC_21d,Flexural Strength,Bacterial Concrete,21,3,False,4.426
FS_BC_21d_079,EXP_FS_BC_21d,Flexural Strength,Bacterial Concrete,21,3,False,4.586
FS_BC_21d_080,EXP_FS_BC_21d,Flexural Strength,Bacterial Concrete,21,3,False,4.981
FS_BC_21d_081,EXP_FS_BC_21d,Flexural Strength,Bacterial Concrete,21,3,False,4.391
FS_BC_21d_082,EXP_FS_BC_21d,Flexural Strength,Bacterial Concrete,21,3,False,4.353
FS_BC_21d_083,EXP_FS_BC_21d,Flexural Strength,Bacterial Concrete,21,3,False,4.907
FS_BC_21d_084,EXP_FS_BC_21d,Flexural Strength,Bacterial Concrete,21,3,False,4.719
FS_BC_21d_085,EXP_FS_BC_21d,Flexural Strength,Bacterial Concrete,21,3,False,4.547
FS_BC_21d_086,EXP_FS_BC_21d,Flexural Strength,Bacterial Concrete,21,3,False,4.371
FS_BC_21d_087,EXP_FS_BC_21d,Flexural Strength,Bacterial Concrete,21,3,False,4.83
FS_BC_21d_088,EXP_FS_BC_21d,Flexural Strength,Bacterial Concrete,21,3,False,4.166
FS_BC_21d_089,EXP_FS_BC_21d,Flexural Strength,Bacterial Concrete,21,3,False,4.504
FS_BC_21d_090,EXP_FS_BC_21d,Flexural Strength,Bacterial Concrete,21,3,False,4.448
FS_BC_21d_091,EXP_FS_BC_21d,Flexural Strength,Bacterial Concrete,21,3,False,4.756
FS_BC_21d_092,EXP_FS_BC_21d,Flexural Strength,Bacterial Concrete,21,3,False,5.16
FS_BC_21d_093,EXP_FS_BC_21d,Flexural Strength,Bacterial Concrete,21,3,False,4.876
FS_BC_21d_094,EXP_FS_BC_21d,Flexural Strength,Bacterial Concrete,21,3,False,4.231
FS_BC_21d_095,EXP_FS_BC_21d,Flexural Strength,Bacterial Concrete,21,3,False,4.882
FS_BC_21d_096,EXP_FS_BC_21d,Flexural Strength,Bacterial Concrete,21,3,False,4.559
FS_BC_21d_097,EXP_FS_BC_21d,Flexural Strength,Bacterial Concrete,21,3,False,4.644
FS_BC_21d_098,EXP_FS_BC_21d,Flexural Strength,Bacterial Concrete,21,3,False,4.554
FS_BC_21d_099,EXP_FS_BC_21d,Flexural Strength,Bacterial Concrete,21,3,False,4.315
FS_BC_21d_100,EXP_FS_BC_21d,Flexural Strength,Bacterial Concrete,21,3,False,4.209
FS_BC_28d_001,EXP_FS_BC_28d,Flexural Strength,Bacterial Concrete,28,2,False,5.074
FS_BC_28d_002,EXP_FS_BC_28d,Flexural Strength,Bacterial Concrete,28,2,False,5.504
FS_BC_28d_003,EXP_FS_BC_28d,Flexural Strength,Bacterial Concrete,28,2,False,5.279
FS_BC_28d_004,EXP_FS_BC_28d,Flexural Strength,Bacterial Concrete,28,2,False,5.354
FS_BC_28d_005,EXP_FS_BC_28d,Flexural Strength,Bacterial Concrete,28,2,False,5.218
FS_BC_28d_006,EXP_FS_BC_28d,Flexural Strength,Bacterial Concrete,28,2,False,5.424
FS_BC_28d_007,EXP_FS_BC_28d,Flexural Strength,Bacterial Concrete,28,2,False,4.996
FS_BC_28d_008,EXP_FS_BC_28d,Flexural Strength,Bacterial Concrete,28,2,False,5.109
FS_BC_28d_009,EXP_FS_BC_28d,Flexural Strength,Bacterial Concrete,28,2,False,5.061
FS_BC_28d_010,EXP_FS_BC_28d,Flexural Strength,Bacterial Concrete,28,2,False,4.998
FS_BC_28d_011,EXP_FS_BC_28d,Flexural Strength,Bacterial Concrete,28,2,False,4.829
FS_BC_28d_012,EXP_FS_BC_28d,Flexural Strength,Bacterial Concrete,28,2,False,4.775
FS_BC_28d_013,EXP_FS_BC_28d,Flexural Strength,Bacterial Concrete,28,2,False,4.909
FS_BC_28d_014,EXP_FS_BC_28d,Flexural Strength,Bacterial Concrete,28,2,False,4.688
FS_BC_28d_015,EXP_FS_BC_28d,Flexural Strength,Bacterial Concrete,28,2,False,5.324
FS_BC_28d_016,EXP_FS_BC_28d,Flexural Strength,Bacterial Concrete,28,2,False,5.363
FS_BC_28d_017,EXP_FS_BC_28d,Flexural Strength,Bacterial Concrete,28,2,False,5.05
FS_BC_28d_018,EXP_FS_BC_28d,Flexural Strength,Bacterial Concrete,28,2,False,5.007
FS_BC_28d_019,EXP_FS_BC_28d,Flexural Strength,Bacterial Concrete,28,2,False,4.921
FS_BC_28d_020,EXP_FS_BC_28d,Flexural Strength,Bacterial Concrete,28,2,False,4.551
FS_BC_28d_021,EXP_FS_BC_28d,Flexural Strength,Bacterial Concrete,28,2,False,5.021
FS_BC_28d_022,EXP_FS_BC_28d,Flexural Strength,Bacterial Concrete,28,2,False,5.078
FS_BC_28d_023,EXP_FS_BC_28d,Flexural Strength,Bacterial Concrete,28,2,False,5.109
FS_BC_28d_024,EXP_FS_BC_28d,Flexural Strength,Bacterial Concrete,28,2,False,4.9
FS_BC_28d_025,EXP_FS_BC_28d,Flexural Strength,Bacterial Concrete,28,2,False,4.857
FS_BC_28d_026,EXP_FS_BC_28d,Flexural Strength,Bacterial Concrete,28,2,False,5.066
FS_BC_28d_027,EXP_FS_BC_28d,Flexural Strength,Bacterial Concrete,28,2,False,4.833
FS_BC_28d_028,EXP_FS_BC_28d,Flexural Strength,Bacterial Concrete,28,2,False,5.089
FS_BC_28d_029,EXP_FS_BC_28d,Flexural Strength,Bacterial Concrete,28,2,False,5.318
FS_BC_28d_030,EXP_FS_BC_28d,Flexural Strength,Bacterial Concrete,28,2,False,5.039
FS_BC_28d_031,EXP_FS_BC_28d,Flexural Strength,Bacterial Concrete,28,2,False,4.73
FS_BC_28d_032,EXP_FS_BC_28d,Flexural Strength,Bacterial Concrete,28,2,False,4.846
FS_BC_28d_033,EXP_FS_BC_28d,Flexural Strength,Bacterial Concrete,28,2,False,5.034
FS_BC_28d_034,EXP_FS_BC_28d,Flexural Strength,Bacterial Concrete,28,2,False,4.622
FS_BC_28d_035,EXP_FS_BC_28d,Flexural Strength,Bacterial Concrete,28,2,False,5.383
FS_BC_28d_036,EXP_FS_BC_28d,Flexural Strength,Bacterial Concrete,28,2,False,5.524
FS_BC_28d_037,EXP_FS_BC_28d,Flexural Strength,Bacterial Concrete,28,2,False,4.769
FS_BC_28d_038,EXP_FS_BC_28d,Flexural Strength,Bacterial Concrete,28,2,False,5.026
FS_BC_28d_039,EXP_FS_BC_28d,Flexural Strength,Bacterial Concrete,28,2,False,5.271
FS_BC_28d_040,EXP_FS_BC_28d,Flexural Strength,Bacterial Concrete,28,2,False,4.711
FS_BC_28d_041,EXP_FS_BC_28d,Flexural Strength,Bacterial Concrete,28,2,False,4.832
FS_BC_28d_042,EXP_FS_BC_28d,Flexural Strength,Bacterial Concrete,28,2,False,5.374
FS_BC_28d_043,EXP_FS_BC_28d,Flexural Strength,Bacterial Concrete,28,2,False,4.708
FS_BC_28d_044,EXP_FS_BC_28d,Flexural Strength,Bacterial Concrete,28,2,False,4.405
FS_BC_28d_045,EXP_FS_BC_28d,Flexural Strength,Bacterial Concrete,28,2,False,4.508
FS_BC_28d_046,EXP_FS_BC_28d,Flexural Strength,Bacterial Concrete,28,2,False,5.205
FS_BC_28d_047,EXP_FS_BC_28d,Flexural Strength,Bacterial Concrete,28,2,False,5.457
FS_BC_28d_048,EXP_FS_BC_28d,Flexural Strength,Bacterial Concrete,28,2,False,5.056
FS_BC_28d_049,EXP_FS_BC_28d,Flexural Strength,Bacterial Concrete,28,2,False,5.201
FS_BC_28d_050,EXP_FS_BC_28d,Flexural Strength,Bacterial Concrete,28,2,False,5.108
FS_BC_28d_051,EXP_FS_BC_28d,Flexural Strength,Bacterial Concrete,28,2,False,4.939
FS_BC_28d_052,EXP_FS_BC_28d,Flexural Strength,Bacterial Concrete,28,2,False,4.665
FS_BC_28d_053,EXP_FS_BC_28d,Flexural Strength,Bacterial Concrete,28,2,False,5.237
FS_BC_28d_054,EXP_FS_BC_28d,Flexural Strength,Bacterial Concrete,28,2,False,4.762
FS_BC_28d_055,EXP_FS_BC_28d,Flexural Strength,Bacterial Concrete,28,2,False,5.002
FS_BC_28d_056,EXP_FS_BC_28d,Flexural Strength,Bacterial Concrete,28,2,False,5.383
FS_BC_28d_057,EXP_FS_BC_28d,Flexural Strength,Bacterial Concrete,28,2,False,4.971
FS_BC_28d_058,EXP_FS_BC_28d,Flexural Strength,Bacterial Concrete,28,2,False,4.845
FS_BC_28d_059,EXP_FS_BC_28d,Flexural Strength,Bacterial Concrete,28,2,False,4.884
FS_BC_28d_060,EXP_FS_BC_28d,Flexural Strength,Bacterial Concrete,28,2,False,5.319
FS_BC_28d_061,EXP_FS_BC_28d,Flexural Strength,Bacterial Concrete,28,2,False,5.009
FS_BC_28d_062,EXP_FS_BC_28d,Flexural Strength,Bacterial Concrete,28,2,False,5.058
FS_BC_28d_063,EXP_FS_BC_28d,Flexural Strength,Bacterial Concrete,28,2,False,4.83
FS_BC_28d_064,EXP_FS_BC_28d,Flexural Strength,Bacterial Concrete,28,2,False,4.789
FS_BC_28d_065,EXP_FS_BC_28d,Flexural Strength,Bacterial Concrete,28,2,False,5.184
FS_BC_28d_066,EXP_FS_BC_28d,Flexural Strength,Bacterial Concrete,28,2,False,5.126
FS_BC_28d_067,EXP_FS_BC_28d,Flexural Strength,Bacterial Concrete,28,2,False,5.698
FS_BC_28d_068,EXP_FS_BC_28d,Flexural Strength,Bacterial Concrete,28,2,False,4.682
FS_BC_28d_069,EXP_FS_BC_28d,Flexural Strength,Bacterial Concrete,28,2,False,5.234
FS_BC_28d_070,EXP_FS_BC_28d,Flexural Strength,Bacterial Concrete,28,2,False,4.614
FS_BC_28d_071,EXP_FS_BC_28d,Flexural Strength,Bacterial Concrete,28,2,False,5.236
FS_BC_28d_072,EXP_FS_BC_28d,Flexural Strength,Bacterial Concrete,28,2,False,4.691
FS_BC_28d_073,EXP_FS_BC_28d,Flexural Strength,Bacterial Concrete,28,2,False,4.644
FS_BC_28d_074,EXP_FS_BC_28d,Flexural Strength,Bacterial Concrete,28,2,False,5.055
FS_BC_28d_075,EXP_FS_BC_28d,Flexural Strength,Bacterial Concrete,28,2,False,4.949
FS_BC_28d_076,EXP_FS_BC_28d,Flexural Strength,Bacterial Concrete,28,2,False,4.984
FS_BC_28d_077,EXP_FS_BC_28d,Flexural Strength,Bacterial Concrete,28,2,False,5.195
FS_BC_28d_078,EXP_FS_BC_28d,Flexural Strength,Bacterial Concrete,28,2,False,5.368
FS_BC_28d_079,EXP_FS_BC_28d,Flexural Strength,Bacterial Concrete,28,2,False,4.948
FS_BC_28d_080,EXP_FS_BC_28d,Flexural Strength,Bacterial Concrete,28,2,False,4.99
FS_BC_28d_081,EXP_FS_BC_28d,Flexural Strength,Bacterial Concrete,28,2,False,4.933
FS_BC_28d_082,EXP_FS_BC_28d,Flexural Strength,Bacterial Concrete,28,2,False,4.435
FS_BC_28d_083,EXP_FS_BC_28d,Flexural Strength,Bacterial Concrete,28,2,False,5.133
FS_BC_28d_084,EXP_FS_BC_28d,Flexural Strength,Bacterial Concrete,28,2,False,4.376
FS_BC_28d_085,EXP_FS_BC_28d,Flexural Strength,Bacterial Concrete,28,2,False,5.138
FS_BC_28d_086,EXP_FS_BC_28d,Flexural Strength,Bacterial Concrete,28,2,False,5.039
FS_BC_28d_087,EXP_FS_BC_28d,Flexural Strength,Bacterial Concrete,28,2,False,4.857
FS_BC_28d_088,EXP_FS_BC_28d,Flexural Strength,Bacterial Concrete,28,2,False,5.319
FS_BC_28d_089,EXP_FS_BC_28d,Flexural Strength,Bacterial Concrete,28,2,False,4.735
FS_BC_28d_090,EXP_FS_BC_28d,Flexural Strength,Bacterial Concrete,28,2,False,5.549
FS_BC_28d_091,EXP_FS_BC_28d,Flexural Strength,Bacterial Concrete,28,2,False,5.032
FS_BC_28d_092,EXP_FS_BC_28d,Flexural Strength,Bacterial Concrete,28,2,False,4.81
FS_BC_28d_093,EXP_FS_BC_28d,Flexural Strength,Bacterial Concrete,28,2,False,5.007
FS_BC_28d_094,EXP_FS_BC_28d,Flexural Strength,Bacterial Concrete,28,2,False,5.543
FS_BC_28d_095,EXP_FS_BC_28d,Flexural Strength,Bacterial Concrete,28,2,False,4.742
FS_BC_28d_096,EXP_FS_BC_28d,Flexural Strength,Bacterial Concrete,28,2,False,4.652
FS_BC_28d_097,EXP_FS_BC_28d,Flexural Strength,Bacterial Concrete,28,2,False,5.312
FS_BC_28d_098,EXP_FS_BC_28d,Flexural Strength,Bacterial Concrete,28,2,False,5.143
FS_BC_28d_099,EXP_FS_BC_28d,Flexural Strength,Bacterial Concrete,28,2,False,4.827
FS_BC_28d_100,EXP_FS_BC_28d,Flexural Strength,Bacterial Concrete,28,2,False,4.444
FS_BC_56d_001,EXP_FS_BC_56d,Flexural Strength,Bacterial Concrete,56,1,True,5.263
FS_BC_56d_002,EXP_FS_BC_56d,Flexural Strength,Bacterial Concrete,56,1,True,5.395
FS_BC_56d_003,EXP_FS_BC_56d,Flexural Strength,Bacterial Concrete,56,1,True,5.752
FS_BC_56d_004,EXP_FS_BC_56d,Flexural Strength,Bacterial Concrete,56,1,True,5.725
FS_BC_56d_005,EXP_FS_BC_56d,Flexural Strength,Bacterial Concrete,56,1,True,5.966
FS_BC_56d_006,EXP_FS_BC_56d,Flexural Strength,Bacterial Concrete,56,1,True,5.526
FS_BC_56d_007,EXP_FS_BC_56d,Flexural Strength,Bacterial Concrete,56,1,True,5.399
FS_BC_56d_008,EXP_FS_BC_56d,Flexural Strength,Bacterial Concrete,56,1,True,5.401
FS_BC_56d_009,EXP_FS_BC_56d,Flexural Strength,Bacterial Concrete,56,1,True,5.788
FS_BC_56d_010,EXP_FS_BC_56d,Flexural Strength,Bacterial Concrete,56,1,True,5.727
FS_BC_56d_011,EXP_FS_BC_56d,Flexural Strength,Bacterial Concrete,56,1,True,5.543
FS_BC_56d_012,EXP_FS_BC_56d,Flexural Strength,Bacterial Concrete,56,1,True,5.484
FS_BC_56d_013,EXP_FS_BC_56d,Flexural Strength,Bacterial Concrete,56,1,True,5.61
FS_BC_56d_014,EXP_FS_BC_56d,Flexural Strength,Bacterial Concrete,56,1,True,5.308
FS_BC_56d_015,EXP_FS_BC_56d,Flexural Strength,Bacterial Concrete,56,1,True,5.453
FS_BC_56d_016,EXP_FS_BC_56d,Flexural Strength,Bacterial Concrete,56,1,True,5.64
FS_BC_56d_017,EXP_FS_BC_56d,Flexural Strength,Bacterial Concrete,56,1,True,5.432
FS_BC_56d_018,EXP_FS_BC_56d,Flexural Strength,Bacterial Concrete,56,1,True,5.719
FS_BC_56d_019,EXP_FS_BC_56d,Flexural Strength,Bacterial Concrete,56,1,True,6.058
FS_BC_56d_020,EXP_FS_BC_56d,Flexural Strength,Bacterial Concrete,56,1,True,5.47
FS_BC_56d_021,EXP_FS_BC_56d,Flexural Strength,Bacterial Concrete,56,1,True,5.695
FS_BC_56d_022,EXP_FS_BC_56d,Flexural Strength,Bacterial Concrete,56,1,True,5.202
FS_BC_56d_023,EXP_FS_BC_56d,Flexural Strength,Bacterial Concrete,56,1,True,5.131
FS_BC_56d_024,EXP_FS_BC_56d,Flexural Strength,Bacterial Concrete,56,1,True,5.479
FS_BC_56d_025,EXP_FS_BC_56d,Flexural Strength,Bacterial Concrete,56,1,True,5.74
FS_BC_56d_026,EXP_FS_BC_56d,Flexural Strength,Bacterial Concrete,56,1,True,5.343
FS_BC_56d_027,EXP_FS_BC_56d,Flexural Strength,Bacterial Concrete,56,1,True,5.248
FS_BC_56d_028,EXP_FS_BC_56d,Flexural Strength,Bacterial Concrete,56,1,True,5.318
FS_BC_56d_029,EXP_FS_BC_56d,Flexural Strength,Bacterial Concrete,56,1,True,5.701
FS_BC_56d_030,EXP_FS_BC_56d,Flexural Strength,Bacterial Concrete,56,1,True,5.609
FS_BC_56d_031,EXP_FS_BC_56d,Flexural Strength,Bacterial Concrete,56,1,True,5.879
FS_BC_56d_032,EXP_FS_BC_56d,Flexural Strength,Bacterial Concrete,56,1,True,5.633
FS_BC_56d_033,EXP_FS_BC_56d,Flexural Strength,Bacterial Concrete,56,1,True,5.12
FS_BC_56d_034,EXP_FS_BC_56d,Flexural Strength,Bacterial Concrete,56,1,True,5.09
FS_BC_56d_035,EXP_FS_BC_56d,Flexural Strength,Bacterial Concrete,56,1,True,5.504
FS_BC_56d_036,EXP_FS_BC_56d,Flexural Strength,Bacterial Concrete,56,1,True,5.709
FS_BC_56d_037,EXP_FS_BC_56d,Flexural Strength,Bacterial Concrete,56,1,True,5.659
FS_BC_56d_038,EXP_FS_BC_56d,Flexural Strength,Bacterial Concrete,56,1,True,5.577
FS_BC_56d_039,EXP_FS_BC_56d,Flexural Strength,Bacterial Concrete,56,1,True,5.93
FS_BC_56d_040,EXP_FS_BC_56d,Flexural Strength,Bacterial Concrete,56,1,True,5.727
FS_BC_56d_041,EXP_FS_BC_56d,Flexural Strength,Bacterial Concrete,56,1,True,5.554
FS_BC_56d_042,EXP_FS_BC_56d,Flexural Strength,Bacterial Concrete,56,1,True,5.647
FS_BC_56d_043,EXP_FS_BC_56d,Flexural Strength,Bacterial Concrete,56,1,True,5.685
FS_BC_56d_044,EXP_FS_BC_56d,Flexural Strength,Bacterial Concrete,56,1,True,5.421
FS_BC_56d_045,EXP_FS_BC_56d,Flexural Strength,Bacterial Concrete,56,1,True,5.379
FS_BC_56d_046,EXP_FS_BC_56d,Flexural Strength,Bacterial Concrete,56,1,True,5.163
FS_BC_56d_047,EXP_FS_BC_56d,Flexural Strength,Bacterial Concrete,56,1,True,5.645
FS_BC_56d_048,EXP_FS_BC_56d,Flexural Strength,Bacterial Concrete,56,1,True,5.448
FS_BC_56d_049,EXP_FS_BC_56d,Flexural Strength,Bacterial Concrete,56,1,True,5.191
FS_BC_56d_050,EXP_FS_BC_56d,Flexural Strength,Bacterial Concrete,56,1,True,5.816
FS_BC_56d_051,EXP_FS_BC_56d,Flexural Strength,Bacterial Concrete,56,1,True,5.222
FS_BC_56d_052,EXP_FS_BC_56d,Flexural Strength,Bacterial Concrete,56,1,True,5.407
FS_BC_56d_053,EXP_FS_BC_56d,Flexural Strength,Bacterial Concrete,56,1,True,5.241
FS_BC_56d_054,EXP_FS_BC_56d,Flexural Strength,Bacterial Concrete,56,1,True,5.835
FS_BC_56d_055,EXP_FS_BC_56d,Flexural Strength,Bacterial Concrete,56,1,True,5.547
FS_BC_56d_056,EXP_FS_BC_56d,Flexural Strength,Bacterial Concrete,56,1,True,5.973
FS_BC_56d_057,EXP_FS_BC_56d,Flexural Strength,Bacterial Concrete,56,1,True,5.593
FS_BC_56d_058,EXP_FS_BC_56d,Flexural Strength,Bacterial Concrete,56,1,True,5.354
FS_BC_56d_059,EXP_FS_BC_56d,Flexural Strength,Bacterial Concrete,56,1,True,5.405
FS_BC_56d_060,EXP_FS_BC_56d,Flexural Strength,Bacterial Concrete,56,1,True,5.593
FS_BC_56d_061,EXP_FS_BC_56d,Flexural Strength,Bacterial Concrete,56,1,True,5.524
FS_BC_56d_062,EXP_FS_BC_56d,Flexural Strength,Bacterial Concrete,56,1,True,5.812
FS_BC_56d_063,EXP_FS_BC_56d,Flexural Strength,Bacterial Concrete,56,1,True,5.364
FS_BC_56d_064,EXP_FS_BC_56d,Flexural Strength,Bacterial Concrete,56,1,True,5.224
FS_BC_56d_065,EXP_FS_BC_56d,Flexural Strength,Bacterial Concrete,56,1,True,6.172
FS_BC_56d_066,EXP_FS_BC_56d,Flexural Strength,Bacterial Concrete,56,1,True,5.242
FS_BC_56d_067,EXP_FS_BC_56d,Flexural Strength,Bacterial Concrete,56,1,True,5.392
FS_BC_56d_068,EXP_FS_BC_56d,Flexural Strength,Bacterial Concrete,56,1,True,5.709
FS_BC_56d_069,EXP_FS_BC_56d,Flexural Strength,Bacterial Concrete,56,1,True,5.378
FS_BC_56d_070,EXP_FS_BC_56d,Flexural Strength,Bacterial Concrete,56,1,True,5.473
FS_BC_56d_071,EXP_FS_BC_56d,Flexural Strength,Bacterial Concrete,56,1,True,5.777
FS_BC_56d_072,EXP_FS_BC_56d,Flexural Strength,Bacterial Concrete,56,1,True,4.918
FS_BC_56d_073,EXP_FS_BC_56d,Flexural Strength,Bacterial Concrete,56,1,True,5.166
FS_BC_56d_074,EXP_FS_BC_56d,Flexural Strength,Bacterial Concrete,56,1,True,5.389
FS_BC_56d_075,EXP_FS_BC_56d,Flexural Strength,Bacterial Concrete,56,1,True,5.17
FS_BC_56d_076,EXP_FS_BC_56d,Flexural Strength,Bacterial Concrete,56,1,True,5.503
FS_BC_56d_077,EXP_FS_BC_56d,Flexural Strength,Bacterial Concrete,56,1,True,5.689
FS_BC_56d_078,EXP_FS_BC_56d,Flexural Strength,Bacterial Concrete,56,1,True,5.987
FS_BC_56d_079,EXP_FS_BC_56d,Flexural Strength,Bacterial Concrete,56,1,True,5.415
FS_BC_56d_080,EXP_FS_BC_56d,Flexural Strength,Bacterial Concrete,56,1,True,5.855
FS_BC_56d_081,EXP_FS_BC_56d,Flexural Strength,Bacterial Concrete,56,1,True,6.089
FS_BC_56d_082,EXP_FS_BC_56d,Flexural Strength,Bacterial Concrete,56,1,True,5.619
FS_BC_56d_083,EXP_FS_BC_56d,Flexural Strength,Bacterial Concrete,56,1,True,5.219
FS_BC_56d_084,EXP_FS_BC_56d,Flexural Strength,Bacterial Concrete,56,1,True,5.129
FS_BC_56d_085,EXP_FS_BC_56d,Flexural Strength,Bacterial Concrete,56,1,True,5.349
FS_BC_56d_086,EXP_FS_BC_56d,Flexural Strength,Bacterial Concrete,56,1,True,5.739
FS_BC_56d_087,EXP_FS_BC_56d,Flexural Strength,Bacterial Concrete,56,1,True,5.882
FS_BC_56d_088,EXP_FS_BC_56d,Flexural Strength,Bacterial Concrete,56,1,True,5.548
FS_BC_56d_089,EXP_FS_BC_56d,Flexural Strength,Bacterial Concrete,56,1,True,5.713
FS_BC_56d_090,EXP_FS_BC_56d,Flexural Strength,Bacterial Concrete,56,1,True,5.721
FS_BC_56d_091,EXP_FS_BC_56d,Flexural Strength,Bacterial Concrete,56,1,True,5.662
FS_BC_56d_092,EXP_FS_BC_56d,Flexural Strength,Bacterial Concrete,56,1,True,5.434
FS_BC_56d_093,EXP_FS_BC_56d,Flexural Strength,Bacterial Concrete,56,1,True,5.413
FS_BC_56d_094,EXP_FS_BC_56d,Flexural Strength,Bacterial Concrete,56,1,True,5.328
FS_BC_56d_095,EXP_FS_BC_56d,Flexural Strength,Bacterial Concrete,56,1,True,5.522
FS_BC_56d_096,EXP_FS_BC_56d,Flexural Strength,Bacterial Concrete,56,1,True,5.637
FS_BC_56d_097,EXP_FS_BC_56d,Flexural Strength,Bacterial Concrete,56,1,True,5.398
FS_BC_56d_098,EXP_FS_BC_56d,Flexural Strength,Bacterial Concrete,56,1,True,5.622
FS_BC_56d_099,EXP_FS_BC_56d,Flexural Strength,Bacterial Concrete,56,1,True,5.363
FS_BC_56d_100,EXP_FS_BC_56d,Flexural Strength,Bacterial Concrete,56,1,True,5.413
TS_NC_07d_001,EXP_TS_NC_07d,Split Tensile Strength,Normal Concrete,7,5,False,1.637
TS_NC_07d_002,EXP_TS_NC_07d,Split Tensile Strength,Normal Concrete,7,5,False,1.95
TS_NC_07d_003,EXP_TS_NC_07d,Split Tensile Strength,Normal Concrete,7,5,False,1.842
TS_NC_07d_004,EXP_TS_NC_07d,Split Tensile Strength,Normal Concrete,7,5,False,1.574
TS_NC_07d_005,EXP_TS_NC_07d,Split Tensile Strength,Normal Concrete,7,5,False,1.713
TS_NC_07d_006,EXP_TS_NC_07d,Split Tensile Strength,Normal Concrete,7,5,False,2.048
TS_NC_07d_007,EXP_TS_NC_07d,Split Tensile Strength,Normal Concrete,7,5,False,1.436
TS_NC_07d_008,EXP_TS_NC_07d,Split Tensile Strength,Normal Concrete,7,5,False,1.736
TS_NC_07d_009,EXP_TS_NC_07d,Split Tensile Strength,Normal Concrete,7,5,False,1.99
TS_NC_07d_010,EXP_TS_NC_07d,Split Tensile Strength,Normal Concrete,7,5,False,1.67
TS_NC_07d_011,EXP_TS_NC_07d,Split Tensile Strength,Normal Concrete,7,5,False,1.698
TS_NC_07d_012,EXP_TS_NC_07d,Split Tensile Strength,Normal Concrete,7,5,False,1.786
TS_NC_07d_013,EXP_TS_NC_07d,Split Tensile Strength,Normal Concrete,7,5,False,2.024
TS_NC_07d_014,EXP_TS_NC_07d,Split Tensile Strength,Normal Concrete,7,5,False,1.704
TS_NC_07d_015,EXP_TS_NC_07d,Split Tensile Strength,Normal Concrete,7,5,False,1.733
TS_NC_07d_016,EXP_TS_NC_07d,Split Tensile Strength,Normal Concrete,7,5,False,1.735
TS_NC_07d_017,EXP_TS_NC_07d,Split Tensile Strength,Normal Concrete,7,5,False,2.131
TS_NC_07d_018,EXP_TS_NC_07d,Split Tensile Strength,Normal Concrete,7,5,False,2.128
TS_NC_07d_019,EXP_TS_NC_07d,Split Tensile Strength,Normal Concrete,7,5,False,1.951
TS_NC_07d_020,EXP_TS_NC_07d,Split Tensile Strength,Normal Concrete,7,5,False,1.858
TS_NC_07d_021,EXP_TS_NC_07d,Split Tensile Strength,Normal Concrete,7,5,False,1.911
TS_NC_07d_022,EXP_TS_NC_07d,Split Tensile Strength,Normal Concrete,7,5,False,2.024
TS_NC_07d_023,EXP_TS_NC_07d,Split Tensile Strength,Normal Concrete,7,5,False,1.66
TS_NC_07d_024,EXP_TS_NC_07d,Split Tensile Strength,Normal Concrete,7,5,False,1.976
TS_NC_07d_025,EXP_TS_NC_07d,Split Tensile Strength,Normal Concrete,7,5,False,1.612
TS_NC_07d_026,EXP_TS_NC_07d,Split Tensile Strength,Normal Concrete,7,5,False,1.704
TS_NC_07d_027,EXP_TS_NC_07d,Split Tensile Strength,Normal Concrete,7,5,False,1.936
TS_NC_07d_028,EXP_TS_NC_07d,Split Tensile Strength,Normal Concrete,7,5,False,1.586
TS_NC_07d_029,EXP_TS_NC_07d,Split Tensile Strength,Normal Concrete,7,5,False,1.779
TS_NC_07d_030,EXP_TS_NC_07d,Split Tensile Strength,Normal Concrete,7,5,False,1.671
TS_NC_07d_031,EXP_TS_NC_07d,Split Tensile Strength,Normal Concrete,7,5,False,1.762
TS_NC_07d_032,EXP_TS_NC_07d,Split Tensile Strength,Normal Concrete,7,5,False,1.38
TS_NC_07d_033,EXP_TS_NC_07d,Split Tensile Strength,Normal Concrete,7,5,False,1.534
TS_NC_07d_034,EXP_TS_NC_07d,Split Tensile Strength,Normal Concrete,7,5,False,1.695
TS_NC_07d_035,EXP_TS_NC_07d,Split Tensile Strength,Normal Concrete,7,5,False,1.939
TS_NC_07d_036,EXP_TS_NC_07d,Split Tensile Strength,Normal Concrete,7,5,False,1.774
TS_NC_07d_037,EXP_TS_NC_07d,Split Tensile Strength,Normal Concrete,7,5,False,1.8
TS_NC_07d_038,EXP_TS_NC_07d,Split Tensile Strength,Normal Concrete,7,5,False,1.903
TS_NC_07d_039,EXP_TS_NC_07d,Split Tensile Strength,Normal Concrete,7,5,False,1.668
TS_NC_07d_040,EXP_TS_NC_07d,Split Tensile Strength,Normal Concrete,7,5,False,1.843
TS_NC_07d_041,EXP_TS_NC_07d,Split Tensile Strength,Normal Concrete,7,5,False,1.679
TS_NC_07d_042,EXP_TS_NC_07d,Split Tensile Strength,Normal Concrete,7,5,False,1.541
TS_NC_07d_043,EXP_TS_NC_07d,Split Tensile Strength,Normal Concrete,7,5,False,1.741
TS_NC_07d_044,EXP_TS_NC_07d,Split Tensile Strength,Normal Concrete,7,5,False,1.886
TS_NC_07d_045,EXP_TS_NC_07d,Split Tensile Strength,Normal Concrete,7,5,False,1.851
TS_NC_07d_046,EXP_TS_NC_07d,Split Tensile Strength,Normal Concrete,7,5,False,1.798
TS_NC_07d_047,EXP_TS_NC_07d,Split Tensile Strength,Normal Concrete,7,5,False,2.159
TS_NC_07d_048,EXP_TS_NC_07d,Split Tensile Strength,Normal Concrete,7,5,False,1.862
TS_NC_07d_049,EXP_TS_NC_07d,Split Tensile Strength,Normal Concrete,7,5,False,1.947
TS_NC_07d_050,EXP_TS_NC_07d,Split Tensile Strength,Normal Concrete,7,5,False,2.136
TS_NC_07d_051,EXP_TS_NC_07d,Split Tensile Strength,Normal Concrete,7,5,False,1.606
TS_NC_07d_052,EXP_TS_NC_07d,Split Tensile Strength,Normal Concrete,7,5,False,1.644
TS_NC_07d_053,EXP_TS_NC_07d,Split Tensile Strength,Normal Concrete,7,5,False,2.062
TS_NC_07d_054,EXP_TS_NC_07d,Split Tensile Strength,Normal Concrete,7,5,False,1.68
TS_NC_07d_055,EXP_TS_NC_07d,Split Tensile Strength,Normal Concrete,7,5,False,1.804
TS_NC_07d_056,EXP_TS_NC_07d,Split Tensile Strength,Normal Concrete,7,5,False,1.96
TS_NC_07d_057,EXP_TS_NC_07d,Split Tensile Strength,Normal Concrete,7,5,False,1.934
TS_NC_07d_058,EXP_TS_NC_07d,Split Tensile Strength,Normal Concrete,7,5,False,2.063
TS_NC_07d_059,EXP_TS_NC_07d,Split Tensile Strength,Normal Concrete,7,5,False,2.024
TS_NC_07d_060,EXP_TS_NC_07d,Split Tensile Strength,Normal Concrete,7,5,False,1.96
TS_NC_07d_061,EXP_TS_NC_07d,Split Tensile Strength,Normal Concrete,7,5,False,1.684
TS_NC_07d_062,EXP_TS_NC_07d,Split Tensile Strength,Normal Concrete,7,5,False,1.919
TS_NC_07d_063,EXP_TS_NC_07d,Split Tensile Strength,Normal Concrete,7,5,False,1.847
TS_NC_07d_064,EXP_TS_NC_07d,Split Tensile Strength,Normal Concrete,7,5,False,1.601
TS_NC_07d_065,EXP_TS_NC_07d,Split Tensile Strength,Normal Concrete,7,5,False,2.013
TS_NC_07d_066,EXP_TS_NC_07d,Split Tensile Strength,Normal Concrete,7,5,False,1.921
TS_NC_07d_067,EXP_TS_NC_07d,Split Tensile Strength,Normal Concrete,7,5,False,1.807
TS_NC_07d_068,EXP_TS_NC_07d,Split Tensile Strength,Normal Concrete,7,5,False,1.765
TS_NC_07d_069,EXP_TS_NC_07d,Split Tensile Strength,Normal Concrete,7,5,False,1.62
TS_NC_07d_070,EXP_TS_NC_07d,Split Tensile Strength,Normal Concrete,7,5,False,1.83
TS_NC_07d_071,EXP_TS_NC_07d,Split Tensile Strength,Normal Concrete,7,5,False,1.87
TS_NC_07d_072,EXP_TS_NC_07d,Split Tensile Strength,Normal Concrete,7,5,False,1.675
TS_NC_07d_073,EXP_TS_NC_07d,Split Tensile Strength,Normal Concrete,7,5,False,1.974
TS_NC_07d_074,EXP_TS_NC_07d,Split Tensile Strength,Normal Concrete,7,5,False,1.635
TS_NC_07d_075,EXP_TS_NC_07d,Split Tensile Strength,Normal Concrete,7,5,False,1.482
TS_NC_07d_076,EXP_TS_NC_07d,Split Tensile Strength,Normal Concrete,7,5,False,1.956
TS_NC_07d_077,EXP_TS_NC_07d,Split Tensile Strength,Normal Concrete,7,5,False,1.739
TS_NC_07d_078,EXP_TS_NC_07d,Split Tensile Strength,Normal Concrete,7,5,False,1.781
TS_NC_07d_079,EXP_TS_NC_07d,Split Tensile Strength,Normal Concrete,7,5,False,1.674
TS_NC_07d_080,EXP_TS_NC_07d,Split Tensile Strength,Normal Concrete,7,5,False,1.559
TS_NC_07d_081,EXP_TS_NC_07d,Split Tensile Strength,Normal Concrete,7,5,False,1.988
TS_NC_07d_082,EXP_TS_NC_07d,Split Tensile Strength,Normal Concrete,7,5,False,1.697
TS_NC_07d_083,EXP_TS_NC_07d,Split Tensile Strength,Normal Concrete,7,5,False,2.049
TS_NC_07d_084,EXP_TS_NC_07d,Split Tensile Strength,Normal Concrete,7,5,False,1.921
TS_NC_07d_085,EXP_TS_NC_07d,Split Tensile Strength,Normal Concrete,7,5,False,1.753
TS_NC_07d_086,EXP_TS_NC_07d,Split Tensile Strength,Normal Concrete,7,5,False,1.637
TS_NC_07d_087,EXP_TS_NC_07d,Split Tensile Strength,Normal Concrete,7,5,False,1.69
TS_NC_07d_088,EXP_TS_NC_07d,Split Tensile Strength,Normal Concrete,7,5,False,1.618
TS_NC_07d_089,EXP_TS_NC_07d,Split Tensile Strength,Normal Concrete,7,5,False,2.113
TS_NC_07d_090,EXP_TS_NC_07d,Split Tensile Strength,Normal Concrete,7,5,False,1.825
TS_NC_07d_091,EXP_TS_NC_07d,Split Tensile Strength,Normal Concrete,7,5,False,1.973
TS_NC_07d_092,EXP_TS_NC_07d,Split Tensile Strength,Normal Concrete,7,5,False,1.61
TS_NC_07d_093,EXP_TS_NC_07d,Split Tensile Strength,Normal Concrete,7,5,False,1.827
TS_NC_07d_094,EXP_TS_NC_07d,Split Tensile Strength,Normal Concrete,7,5,False,1.977
TS_NC_07d_095,EXP_TS_NC_07d,Split Tensile Strength,Normal Concrete,7,5,False,1.75
TS_NC_07d_096,EXP_TS_NC_07d,Split Tensile Strength,Normal Concrete,7,5,False,1.955
TS_NC_07d_097,EXP_TS_NC_07d,Split Tensile Strength,Normal Concrete,7,5,False,1.637
TS_NC_07d_098,EXP_TS_NC_07d,Split Tensile Strength,Normal Concrete,7,5,False,1.595
TS_NC_07d_099,EXP_TS_NC_07d,Split Tensile Strength,Normal Concrete,7,5,False,1.857
TS_NC_07d_100,EXP_TS_NC_07d,Split Tensile Strength,Normal Concrete,7,5,False,1.743
TS_NC_14d_001,EXP_TS_NC_14d,Split Tensile Strength,Normal Concrete,14,4,False,2.296
TS_NC_14d_002,EXP_TS_NC_14d,Split Tensile Strength,Normal Concrete,14,4,False,1.903
TS_NC_14d_003,EXP_TS_NC_14d,Split Tensile Strength,Normal Concrete,14,4,False,2.307
TS_NC_14d_004,EXP_TS_NC_14d,Split Tensile Strength,Normal Concrete,14,4,False,2.59
TS_NC_14d_005,EXP_TS_NC_14d,Split Tensile Strength,Normal Concrete,14,4,False,2.196
TS_NC_14d_006,EXP_TS_NC_14d,Split Tensile Strength,Normal Concrete,14,4,False,2.205
TS_NC_14d_007,EXP_TS_NC_14d,Split Tensile Strength,Normal Concrete,14,4,False,2.227
TS_NC_14d_008,EXP_TS_NC_14d,Split Tensile Strength,Normal Concrete,14,4,False,1.921
TS_NC_14d_009,EXP_TS_NC_14d,Split Tensile Strength,Normal Concrete,14,4,False,2.264
TS_NC_14d_010,EXP_TS_NC_14d,Split Tensile Strength,Normal Concrete,14,4,False,1.959
TS_NC_14d_011,EXP_TS_NC_14d,Split Tensile Strength,Normal Concrete,14,4,False,2.136
TS_NC_14d_012,EXP_TS_NC_14d,Split Tensile Strength,Normal Concrete,14,4,False,2.386
TS_NC_14d_013,EXP_TS_NC_14d,Split Tensile Strength,Normal Concrete,14,4,False,2.09
TS_NC_14d_014,EXP_TS_NC_14d,Split Tensile Strength,Normal Concrete,14,4,False,2.275
TS_NC_14d_015,EXP_TS_NC_14d,Split Tensile Strength,Normal Concrete,14,4,False,2.352
TS_NC_14d_016,EXP_TS_NC_14d,Split Tensile Strength,Normal Concrete,14,4,False,2.242
TS_NC_14d_017,EXP_TS_NC_14d,Split Tensile Strength,Normal Concrete,14,4,False,1.994
TS_NC_14d_018,EXP_TS_NC_14d,Split Tensile Strength,Normal Concrete,14,4,False,2.15
TS_NC_14d_019,EXP_TS_NC_14d,Split Tensile Strength,Normal Concrete,14,4,False,2.494
TS_NC_14d_020,EXP_TS_NC_14d,Split Tensile Strength,Normal Concrete,14,4,False,1.896
TS_NC_14d_021,EXP_TS_NC_14d,Split Tensile Strength,Normal Concrete,14,4,False,2.159
TS_NC_14d_022,EXP_TS_NC_14d,Split Tensile Strength,Normal Concrete,14,4,False,2.117
TS_NC_14d_023,EXP_TS_NC_14d,Split Tensile Strength,Normal Concrete,14,4,False,2.218
TS_NC_14d_024,EXP_TS_NC_14d,Split Tensile Strength,Normal Concrete,14,4,False,2.312
TS_NC_14d_025,EXP_TS_NC_14d,Split Tensile Strength,Normal Concrete,14,4,False,2.441
TS_NC_14d_026,EXP_TS_NC_14d,Split Tensile Strength,Normal Concrete,14,4,False,2.159
TS_NC_14d_027,EXP_TS_NC_14d,Split Tensile Strength,Normal Concrete,14,4,False,2.322
TS_NC_14d_028,EXP_TS_NC_14d,Split Tensile Strength,Normal Concrete,14,4,False,2.275
TS_NC_14d_029,EXP_TS_NC_14d,Split Tensile Strength,Normal Concrete,14,4,False,2.271
TS_NC_14d_030,EXP_TS_NC_14d,Split Tensile Strength,Normal Concrete,14,4,False,2.115
TS_NC_14d_031,EXP_TS_NC_14d,Split Tensile Strength,Normal Concrete,14,4,False,2.05
TS_NC_14d_032,EXP_TS_NC_14d,Split Tensile Strength,Normal Concrete,14,4,False,2.035
TS_NC_14d_033,EXP_TS_NC_14d,Split Tensile Strength,Normal Concrete,14,4,False,2.087
TS_NC_14d_034,EXP_TS_NC_14d,Split Tensile Strength,Normal Concrete,14,4,False,2.248
TS_NC_14d_035,EXP_TS_NC_14d,Split Tensile Strength,Normal Concrete,14,4,False,2.314
TS_NC_14d_036,EXP_TS_NC_14d,Split Tensile Strength,Normal Concrete,14,4,False,2.249
TS_NC_14d_037,EXP_TS_NC_14d,Split Tensile Strength,Normal Concrete,14,4,False,2.118
TS_NC_14d_038,EXP_TS_NC_14d,Split Tensile Strength,Normal Concrete,14,4,False,2.471
TS_NC_14d_039,EXP_TS_NC_14d,Split Tensile Strength,Normal Concrete,14,4,False,2.428
TS_NC_14d_040,EXP_TS_NC_14d,Split Tensile Strength,Normal Concrete,14,4,False,2.147
TS_NC_14d_041,EXP_TS_NC_14d,Split Tensile Strength,Normal Concrete,14,4,False,2.076
TS_NC_14d_042,EXP_TS_NC_14d,Split Tensile Strength,Normal Concrete,14,4,False,2.22
TS_NC_14d_043,EXP_TS_NC_14d,Split Tensile Strength,Normal Concrete,14,4,False,2.39
TS_NC_14d_044,EXP_TS_NC_14d,Split Tensile Strength,Normal Concrete,14,4,False,2.25
TS_NC_14d_045,EXP_TS_NC_14d,Split Tensile Strength,Normal Concrete,14,4,False,2.283
TS_NC_14d_046,EXP_TS_NC_14d,Split Tensile Strength,Normal Concrete,14,4,False,2.168
TS_NC_14d_047,EXP_TS_NC_14d,Split Tensile Strength,Normal Concrete,14,4,False,2.268
TS_NC_14d_048,EXP_TS_NC_14d,Split Tensile Strength,Normal Concrete,14,4,False,2.432
TS_NC_14d_049,EXP_TS_NC_14d,Split Tensile Strength,Normal Concrete,14,4,False,2.164
TS_NC_14d_050,EXP_TS_NC_14d,Split Tensile Strength,Normal Concrete,14,4,False,2.221
TS_NC_14d_051,EXP_TS_NC_14d,Split Tensile Strength,Normal Concrete,14,4,False,2.238
TS_NC_14d_052,EXP_TS_NC_14d,Split Tensile Strength,Normal Concrete,14,4,False,2.243
TS_NC_14d_053,EXP_TS_NC_14d,Split Tensile Strength,Normal Concrete,14,4,False,1.988
TS_NC_14d_054,EXP_TS_NC_14d,Split Tensile Strength,Normal Concrete,14,4,False,1.918
TS_NC_14d_055,EXP_TS_NC_14d,Split Tensile Strength,Normal Concrete,14,4,False,2.047
TS_NC_14d_056,EXP_TS_NC_14d,Split Tensile Strength,Normal Concrete,14,4,False,2.225
TS_NC_14d_057,EXP_TS_NC_14d,Split Tensile Strength,Normal Concrete,14,4,False,2.283
TS_NC_14d_058,EXP_TS_NC_14d,Split Tensile Strength,Normal Concrete,14,4,False,2.12
TS_NC_14d_059,EXP_TS_NC_14d,Split Tensile Strength,Normal Concrete,14,4,False,2.407
TS_NC_14d_060,EXP_TS_NC_14d,Split Tensile Strength,Normal Concrete,14,4,False,2.179
TS_NC_14d_061,EXP_TS_NC_14d,Split Tensile Strength,Normal Concrete,14,4,False,2.203
TS_NC_14d_062,EXP_TS_NC_14d,Split Tensile Strength,Normal Concrete,14,4,False,2.171
TS_NC_14d_063,EXP_TS_NC_14d,Split Tensile Strength,Normal Concrete,14,4,False,2.22
TS_NC_14d_064,EXP_TS_NC_14d,Split Tensile Strength,Normal Concrete,14,4,False,2.306
TS_NC_14d_065,EXP_TS_NC_14d,Split Tensile Strength,Normal Concrete,14,4,False,2.3
TS_NC_14d_066,EXP_TS_NC_14d,Split Tensile Strength,Normal Concrete,14,4,False,2.065
TS_NC_14d_067,EXP_TS_NC_14d,Split Tensile Strength,Normal Concrete,14,4,False,2.429
TS_NC_14d_068,EXP_TS_NC_14d,Split Tensile Strength,Normal Concrete,14,4,False,2.036
TS_NC_14d_069,EXP_TS_NC_14d,Split Tensile Strength,Normal Concrete,14,4,False,2.212
TS_NC_14d_070,EXP_TS_NC_14d,Split Tensile Strength,Normal Concrete,14,4,False,2.159
TS_NC_14d_071,EXP_TS_NC_14d,Split Tensile Strength,Normal Concrete,14,4,False,2.043
TS_NC_14d_072,EXP_TS_NC_14d,Split Tensile Strength,Normal Concrete,14,4,False,2.189
TS_NC_14d_073,EXP_TS_NC_14d,Split Tensile Strength,Normal Concrete,14,4,False,2.089
TS_NC_14d_074,EXP_TS_NC_14d,Split Tensile Strength,Normal Concrete,14,4,False,2.211
TS_NC_14d_075,EXP_TS_NC_14d,Split Tensile Strength,Normal Concrete,14,4,False,2.26
TS_NC_14d_076,EXP_TS_NC_14d,Split Tensile Strength,Normal Concrete,14,4,False,2.421
TS_NC_14d_077,EXP_TS_NC_14d,Split Tensile Strength,Normal Concrete,14,4,False,2.246
TS_NC_14d_078,EXP_TS_NC_14d,Split Tensile Strength,Normal Concrete,14,4,False,2.108
TS_NC_14d_079,EXP_TS_NC_14d,Split Tensile Strength,Normal Concrete,14,4,False,2.141
TS_NC_14d_080,EXP_TS_NC_14d,Split Tensile Strength,Normal Concrete,14,4,False,2.221
TS_NC_14d_081,EXP_TS_NC_14d,Split Tensile Strength,Normal Concrete,14,4,False,2.214
TS_NC_14d_082,EXP_TS_NC_14d,Split Tensile Strength,Normal Concrete,14,4,False,2.419
TS_NC_14d_083,EXP_TS_NC_14d,Split Tensile Strength,Normal Concrete,14,4,False,2.409
TS_NC_14d_084,EXP_TS_NC_14d,Split Tensile Strength,Normal Concrete,14,4,False,2.146
TS_NC_14d_085,EXP_TS_NC_14d,Split Tensile Strength,Normal Concrete,14,4,False,2.118
TS_NC_14d_086,EXP_TS_NC_14d,Split Tensile Strength,Normal Concrete,14,4,False,1.816
TS_NC_14d_087,EXP_TS_NC_14d,Split Tensile Strength,Normal Concrete,14,4,False,2.118
TS_NC_14d_088,EXP_TS_NC_14d,Split Tensile Strength,Normal Concrete,14,4,False,2.053
TS_NC_14d_089,EXP_TS_NC_14d,Split Tensile Strength,Normal Concrete,14,4,False,2.147
TS_NC_14d_090,EXP_TS_NC_14d,Split Tensile Strength,Normal Concrete,14,4,False,2.259
TS_NC_14d_091,EXP_TS_NC_14d,Split Tensile Strength,Normal Concrete,14,4,False,2.227
TS_NC_14d_092,EXP_TS_NC_14d,Split Tensile Strength,Normal Concrete,14,4,False,2.196
TS_NC_14d_093,EXP_TS_NC_14d,Split Tensile Strength,Normal Concrete,14,4,False,2.23
TS_NC_14d_094,EXP_TS_NC_14d,Split Tensile Strength,Normal Concrete,14,4,False,2.181
TS_NC_14d_095,EXP_TS_NC_14d,Split Tensile Strength,Normal Concrete,14,4,False,2.23
TS_NC_14d_096,EXP_TS_NC_14d,Split Tensile Strength,Normal Concrete,14,4,False,1.715
TS_NC_14d_097,EXP_TS_NC_14d,Split Tensile Strength,Normal Concrete,14,4,False,2.16
TS_NC_14d_098,EXP_TS_NC_14d,Split Tensile Strength,Normal Concrete,14,4,False,2.183
TS_NC_14d_099,EXP_TS_NC_14d,Split Tensile Strength,Normal Concrete,14,4,False,2.149
TS_NC_14d_100,EXP_TS_NC_14d,Split Tensile Strength,Normal Concrete,14,4,False,2.167
TS_NC_28d_001,EXP_TS_NC_28d,Split Tensile Strength,Normal Concrete,28,3,False,2.815
TS_NC_28d_002,EXP_TS_NC_28d,Split Tensile Strength,Normal Concrete,28,3,False,2.576
TS_NC_28d_003,EXP_TS_NC_28d,Split Tensile Strength,Normal Concrete,28,3,False,2.601
TS_NC_28d_004,EXP_TS_NC_28d,Split Tensile Strength,Normal Concrete,28,3,False,2.792
TS_NC_28d_005,EXP_TS_NC_28d,Split Tensile Strength,Normal Concrete,28,3,False,2.678
TS_NC_28d_006,EXP_TS_NC_28d,Split Tensile Strength,Normal Concrete,28,3,False,2.897
TS_NC_28d_007,EXP_TS_NC_28d,Split Tensile Strength,Normal Concrete,28,3,False,2.594
TS_NC_28d_008,EXP_TS_NC_28d,Split Tensile Strength,Normal Concrete,28,3,False,2.813
TS_NC_28d_009,EXP_TS_NC_28d,Split Tensile Strength,Normal Concrete,28,3,False,2.751
TS_NC_28d_010,EXP_TS_NC_28d,Split Tensile Strength,Normal Concrete,28,3,False,2.681
TS_NC_28d_011,EXP_TS_NC_28d,Split Tensile Strength,Normal Concrete,28,3,False,2.876
TS_NC_28d_012,EXP_TS_NC_28d,Split Tensile Strength,Normal Concrete,28,3,False,2.802
TS_NC_28d_013,EXP_TS_NC_28d,Split Tensile Strength,Normal Concrete,28,3,False,2.549
TS_NC_28d_014,EXP_TS_NC_28d,Split Tensile Strength,Normal Concrete,28,3,False,2.796
TS_NC_28d_015,EXP_TS_NC_28d,Split Tensile Strength,Normal Concrete,28,3,False,2.906
TS_NC_28d_016,EXP_TS_NC_28d,Split Tensile Strength,Normal Concrete,28,3,False,2.68
TS_NC_28d_017,EXP_TS_NC_28d,Split Tensile Strength,Normal Concrete,28,3,False,2.663
TS_NC_28d_018,EXP_TS_NC_28d,Split Tensile Strength,Normal Concrete,28,3,False,2.6
TS_NC_28d_019,EXP_TS_NC_28d,Split Tensile Strength,Normal Concrete,28,3,False,2.698
TS_NC_28d_020,EXP_TS_NC_28d,Split Tensile Strength,Normal Concrete,28,3,False,2.803
TS_NC_28d_021,EXP_TS_NC_28d,Split Tensile Strength,Normal Concrete,28,3,False,2.577
TS_NC_28d_022,EXP_TS_NC_28d,Split Tensile Strength,Normal Concrete,28,3,False,2.498
TS_NC_28d_023,EXP_TS_NC_28d,Split Tensile Strength,Normal Concrete,28,3,False,2.644
TS_NC_28d_024,EXP_TS_NC_28d,Split Tensile Strength,Normal Concrete,28,3,False,2.493
TS_NC_28d_025,EXP_TS_NC_28d,Split Tensile Strength,Normal Concrete,28,3,False,2.778
TS_NC_28d_026,EXP_TS_NC_28d,Split Tensile Strength,Normal Concrete,28,3,False,2.636
TS_NC_28d_027,EXP_TS_NC_28d,Split Tensile Strength,Normal Concrete,28,3,False,2.437
TS_NC_28d_028,EXP_TS_NC_28d,Split Tensile Strength,Normal Concrete,28,3,False,2.648
TS_NC_28d_029,EXP_TS_NC_28d,Split Tensile Strength,Normal Concrete,28,3,False,2.671
TS_NC_28d_030,EXP_TS_NC_28d,Split Tensile Strength,Normal Concrete,28,3,False,2.767
TS_NC_28d_031,EXP_TS_NC_28d,Split Tensile Strength,Normal Concrete,28,3,False,2.678
TS_NC_28d_032,EXP_TS_NC_28d,Split Tensile Strength,Normal Concrete,28,3,False,2.98
TS_NC_28d_033,EXP_TS_NC_28d,Split Tensile Strength,Normal Concrete,28,3,False,2.622
TS_NC_28d_034,EXP_TS_NC_28d,Split Tensile Strength,Normal Concrete,28,3,False,2.691
TS_NC_28d_035,EXP_TS_NC_28d,Split Tensile Strength,Normal Concrete,28,3,False,2.685
TS_NC_28d_036,EXP_TS_NC_28d,Split Tensile Strength,Normal Concrete,28,3,False,2.658
TS_NC_28d_037,EXP_TS_NC_28d,Split Tensile Strength,Normal Concrete,28,3,False,2.721
TS_NC_28d_038,EXP_TS_NC_28d,Split Tensile Strength,Normal Concrete,28,3,False,2.781
TS_NC_28d_039,EXP_TS_NC_28d,Split Tensile Strength,Normal Concrete,28,3,False,2.901
TS_NC_28d_040,EXP_TS_NC_28d,Split Tensile Strength,Normal Concrete,28,3,False,2.465
TS_NC_28d_041,EXP_TS_NC_28d,Split Tensile Strength,Normal Concrete,28,3,False,2.623
TS_NC_28d_042,EXP_TS_NC_28d,Split Tensile Strength,Normal Concrete,28,3,False,2.633
TS_NC_28d_043,EXP_TS_NC_28d,Split Tensile Strength,Normal Concrete,28,3,False,2.841
TS_NC_28d_044,EXP_TS_NC_28d,Split Tensile Strength,Normal Concrete,28,3,False,2.647
TS_NC_28d_045,EXP_TS_NC_28d,Split Tensile Strength,Normal Concrete,28,3,False,2.416
TS_NC_28d_046,EXP_TS_NC_28d,Split Tensile Strength,Normal Concrete,28,3,False,2.713
TS_NC_28d_047,EXP_TS_NC_28d,Split Tensile Strength,Normal Concrete,28,3,False,2.695
TS_NC_28d_048,EXP_TS_NC_28d,Split Tensile Strength,Normal Concrete,28,3,False,2.727
TS_NC_28d_049,EXP_TS_NC_28d,Split Tensile Strength,Normal Concrete,28,3,False,2.544
TS_NC_28d_050,EXP_TS_NC_28d,Split Tensile Strength,Normal Concrete,28,3,False,2.958
TS_NC_28d_051,EXP_TS_NC_28d,Split Tensile Strength,Normal Concrete,28,3,False,2.651
TS_NC_28d_052,EXP_TS_NC_28d,Split Tensile Strength,Normal Concrete,28,3,False,2.672
TS_NC_28d_053,EXP_TS_NC_28d,Split Tensile Strength,Normal Concrete,28,3,False,2.565
TS_NC_28d_054,EXP_TS_NC_28d,Split Tensile Strength,Normal Concrete,28,3,False,2.56
TS_NC_28d_055,EXP_TS_NC_28d,Split Tensile Strength,Normal Concrete,28,3,False,2.517
TS_NC_28d_056,EXP_TS_NC_28d,Split Tensile Strength,Normal Concrete,28,3,False,2.641
TS_NC_28d_057,EXP_TS_NC_28d,Split Tensile Strength,Normal Concrete,28,3,False,2.556
TS_NC_28d_058,EXP_TS_NC_28d,Split Tensile Strength,Normal Concrete,28,3,False,3.008
TS_NC_28d_059,EXP_TS_NC_28d,Split Tensile Strength,Normal Concrete,28,3,False,2.417
TS_NC_28d_060,EXP_TS_NC_28d,Split Tensile Strength,Normal Concrete,28,3,False,2.531
TS_NC_28d_061,EXP_TS_NC_28d,Split Tensile Strength,Normal Concrete,28,3,False,2.64
TS_NC_28d_062,EXP_TS_NC_28d,Split Tensile Strength,Normal Concrete,28,3,False,2.801
TS_NC_28d_063,EXP_TS_NC_28d,Split Tensile Strength,Normal Concrete,28,3,False,2.638
TS_NC_28d_064,EXP_TS_NC_28d,Split Tensile Strength,Normal Concrete,28,3,False,2.801
TS_NC_28d_065,EXP_TS_NC_28d,Split Tensile Strength,Normal Concrete,28,3,False,2.552
TS_NC_28d_066,EXP_TS_NC_28d,Split Tensile Strength,Normal Concrete,28,3,False,2.709
TS_NC_28d_067,EXP_TS_NC_28d,Split Tensile Strength,Normal Concrete,28,3,False,2.962
TS_NC_28d_068,EXP_TS_NC_28d,Split Tensile Strength,Normal Concrete,28,3,False,2.555
TS_NC_28d_069,EXP_TS_NC_28d,Split Tensile Strength,Normal Concrete,28,3,False,2.763
TS_NC_28d_070,EXP_TS_NC_28d,Split Tensile Strength,Normal Concrete,28,3,False,2.731
TS_NC_28d_071,EXP_TS_NC_28d,Split Tensile Strength,Normal Concrete,28,3,False,2.362
TS_NC_28d_072,EXP_TS_NC_28d,Split Tensile Strength,Normal Concrete,28,3,False,2.612
TS_NC_28d_073,EXP_TS_NC_28d,Split Tensile Strength,Normal Concrete,28,3,False,2.87
TS_NC_28d_074,EXP_TS_NC_28d,Split Tensile Strength,Normal Concrete,28,3,False,2.72
TS_NC_28d_075,EXP_TS_NC_28d,Split Tensile Strength,Normal Concrete,28,3,False,2.518
TS_NC_28d_076,EXP_TS_NC_28d,Split Tensile Strength,Normal Concrete,28,3,False,2.804
TS_NC_28d_077,EXP_TS_NC_28d,Split Tensile Strength,Normal Concrete,28,3,False,2.628
TS_NC_28d_078,EXP_TS_NC_28d,Split Tensile Strength,Normal Concrete,28,3,False,2.754
TS_NC_28d_079,EXP_TS_NC_28d,Split Tensile Strength,Normal Concrete,28,3,False,2.757
TS_NC_28d_080,EXP_TS_NC_28d,Split Tensile Strength,Normal Concrete,28,3,False,2.532
TS_NC_28d_081,EXP_TS_NC_28d,Split Tensile Strength,Normal Concrete,28,3,False,2.818
TS_NC_28d_082,EXP_TS_NC_28d,Split Tensile Strength,Normal Concrete,28,3,False,2.549
TS_NC_28d_083,EXP_TS_NC_28d,Split Tensile Strength,Normal Concrete,28,3,False,2.504
TS_NC_28d_084,EXP_TS_NC_28d,Split Tensile Strength,Normal Concrete,28,3,False,2.568
TS_NC_28d_085,EXP_TS_NC_28d,Split Tensile Strength,Normal Concrete,28,3,False,2.648
TS_NC_28d_086,EXP_TS_NC_28d,Split Tensile Strength,Normal Concrete,28,3,False,2.716
TS_NC_28d_087,EXP_TS_NC_28d,Split Tensile Strength,Normal Concrete,28,3,False,2.584
TS_NC_28d_088,EXP_TS_NC_28d,Split Tensile Strength,Normal Concrete,28,3,False,2.812
TS_NC_28d_089,EXP_TS_NC_28d,Split Tensile Strength,Normal Concrete,28,3,False,2.738
TS_NC_28d_090,EXP_TS_NC_28d,Split Tensile Strength,Normal Concrete,28,3,False,2.596
TS_NC_28d_091,EXP_TS_NC_28d,Split Tensile Strength,Normal Concrete,28,3,False,2.833
TS_NC_28d_092,EXP_TS_NC_28d,Split Tensile Strength,Normal Concrete,28,3,False,2.874
TS_NC_28d_093,EXP_TS_NC_28d,Split Tensile Strength,Normal Concrete,28,3,False,2.685
TS_NC_28d_094,EXP_TS_NC_28d,Split Tensile Strength,Normal Concrete,28,3,False,2.668
TS_NC_28d_095,EXP_TS_NC_28d,Split Tensile Strength,Normal Concrete,28,3,False,2.434
TS_NC_28d_096,EXP_TS_NC_28d,Split Tensile Strength,Normal Concrete,28,3,False,2.639
TS_NC_28d_097,EXP_TS_NC_28d,Split Tensile Strength,Normal Concrete,28,3,False,2.656
TS_NC_28d_098,EXP_TS_NC_28d,Split Tensile Strength,Normal Concrete,28,3,False,2.737
TS_NC_28d_099,EXP_TS_NC_28d,Split Tensile Strength,Normal Concrete,28,3,False,2.675
TS_NC_28d_100,EXP_TS_NC_28d,Split Tensile Strength,Normal Concrete,28,3,False,2.737
TS_NC_56d_001,EXP_TS_NC_56d,Split Tensile Strength,Normal Concrete,56,2,False,3.13
TS_NC_56d_002,EXP_TS_NC_56d,Split Tensile Strength,Normal Concrete,56,2,False,2.821
TS_NC_56d_003,EXP_TS_NC_56d,Split Tensile Strength,Normal Concrete,56,2,False,2.826
TS_NC_56d_004,EXP_TS_NC_56d,Split Tensile Strength,Normal Concrete,56,2,False,2.704
TS_NC_56d_005,EXP_TS_NC_56d,Split Tensile Strength,Normal Concrete,56,2,False,2.899
TS_NC_56d_006,EXP_TS_NC_56d,Split Tensile Strength,Normal Concrete,56,2,False,3.047
TS_NC_56d_007,EXP_TS_NC_56d,Split Tensile Strength,Normal Concrete,56,2,False,2.637
TS_NC_56d_008,EXP_TS_NC_56d,Split Tensile Strength,Normal Concrete,56,2,False,2.8
TS_NC_56d_009,EXP_TS_NC_56d,Split Tensile Strength,Normal Concrete,56,2,False,2.905
TS_NC_56d_010,EXP_TS_NC_56d,Split Tensile Strength,Normal Concrete,56,2,False,3.028
TS_NC_56d_011,EXP_TS_NC_56d,Split Tensile Strength,Normal Concrete,56,2,False,2.957
TS_NC_56d_012,EXP_TS_NC_56d,Split Tensile Strength,Normal Concrete,56,2,False,2.949
TS_NC_56d_013,EXP_TS_NC_56d,Split Tensile Strength,Normal Concrete,56,2,False,2.866
TS_NC_56d_014,EXP_TS_NC_56d,Split Tensile Strength,Normal Concrete,56,2,False,2.972
TS_NC_56d_015,EXP_TS_NC_56d,Split Tensile Strength,Normal Concrete,56,2,False,3.052
TS_NC_56d_016,EXP_TS_NC_56d,Split Tensile Strength,Normal Concrete,56,2,False,2.644
TS_NC_56d_017,EXP_TS_NC_56d,Split Tensile Strength,Normal Concrete,56,2,False,3.009
TS_NC_56d_018,EXP_TS_NC_56d,Split Tensile Strength,Normal Concrete,56,2,False,2.885
TS_NC_56d_019,EXP_TS_NC_56d,Split Tensile Strength,Normal Concrete,56,2,False,2.821
TS_NC_56d_020,EXP_TS_NC_56d,Split Tensile Strength,Normal Concrete,56,2,False,2.534
TS_NC_56d_021,EXP_TS_NC_56d,Split Tensile Strength,Normal Concrete,56,2,False,2.693
TS_NC_56d_022,EXP_TS_NC_56d,Split Tensile Strength,Normal Concrete,56,2,False,3.155
TS_NC_56d_023,EXP_TS_NC_56d,Split Tensile Strength,Normal Concrete,56,2,False,2.797
TS_NC_56d_024,EXP_TS_NC_56d,Split Tensile Strength,Normal Concrete,56,2,False,2.737
TS_NC_56d_025,EXP_TS_NC_56d,Split Tensile Strength,Normal Concrete,56,2,False,2.832
TS_NC_56d_026,EXP_TS_NC_56d,Split Tensile Strength,Normal Concrete,56,2,False,2.788
TS_NC_56d_027,EXP_TS_NC_56d,Split Tensile Strength,Normal Concrete,56,2,False,2.919
TS_NC_56d_028,EXP_TS_NC_56d,Split Tensile Strength,Normal Concrete,56,2,False,3.128
TS_NC_56d_029,EXP_TS_NC_56d,Split Tensile Strength,Normal Concrete,56,2,False,2.812
TS_NC_56d_030,EXP_TS_NC_56d,Split Tensile Strength,Normal Concrete,56,2,False,2.923
TS_NC_56d_031,EXP_TS_NC_56d,Split Tensile Strength,Normal Concrete,56,2,False,2.728
TS_NC_56d_032,EXP_TS_NC_56d,Split Tensile Strength,Normal Concrete,56,2,False,3.128
TS_NC_56d_033,EXP_TS_NC_56d,Split Tensile Strength,Normal Concrete,56,2,False,2.928
TS_NC_56d_034,EXP_TS_NC_56d,Split Tensile Strength,Normal Concrete,56,2,False,2.738
TS_NC_56d_035,EXP_TS_NC_56d,Split Tensile Strength,Normal Concrete,56,2,False,3.036
TS_NC_56d_036,EXP_TS_NC_56d,Split Tensile Strength,Normal Concrete,56,2,False,3.08
TS_NC_56d_037,EXP_TS_NC_56d,Split Tensile Strength,Normal Concrete,56,2,False,2.924
TS_NC_56d_038,EXP_TS_NC_56d,Split Tensile Strength,Normal Concrete,56,2,False,2.654
TS_NC_56d_039,EXP_TS_NC_56d,Split Tensile Strength,Normal Concrete,56,2,False,3.168
TS_NC_56d_040,EXP_TS_NC_56d,Split Tensile Strength,Normal Concrete,56,2,False,2.947
TS_NC_56d_041,EXP_TS_NC_56d,Split Tensile Strength,Normal Concrete,56,2,False,3.076
TS_NC_56d_042,EXP_TS_NC_56d,Split Tensile Strength,Normal Concrete,56,2,False,2.817
TS_NC_56d_043,EXP_TS_NC_56d,Split Tensile Strength,Normal Concrete,56,2,False,2.84
TS_NC_56d_044,EXP_TS_NC_56d,Split Tensile Strength,Normal Concrete,56,2,False,2.917
TS_NC_56d_045,EXP_TS_NC_56d,Split Tensile Strength,Normal Concrete,56,2,False,3.067
TS_NC_56d_046,EXP_TS_NC_56d,Split Tensile Strength,Normal Concrete,56,2,False,2.921
TS_NC_56d_047,EXP_TS_NC_56d,Split Tensile Strength,Normal Concrete,56,2,False,2.711
TS_NC_56d_048,EXP_TS_NC_56d,Split Tensile Strength,Normal Concrete,56,2,False,2.939
TS_NC_56d_049,EXP_TS_NC_56d,Split Tensile Strength,Normal Concrete,56,2,False,3.144
TS_NC_56d_050,EXP_TS_NC_56d,Split Tensile Strength,Normal Concrete,56,2,False,2.91
TS_NC_56d_051,EXP_TS_NC_56d,Split Tensile Strength,Normal Concrete,56,2,False,2.919
TS_NC_56d_052,EXP_TS_NC_56d,Split Tensile Strength,Normal Concrete,56,2,False,2.711
TS_NC_56d_053,EXP_TS_NC_56d,Split Tensile Strength,Normal Concrete,56,2,False,2.69
TS_NC_56d_054,EXP_TS_NC_56d,Split Tensile Strength,Normal Concrete,56,2,False,2.804
TS_NC_56d_055,EXP_TS_NC_56d,Split Tensile Strength,Normal Concrete,56,2,False,2.851
TS_NC_56d_056,EXP_TS_NC_56d,Split Tensile Strength,Normal Concrete,56,2,False,2.916
TS_NC_56d_057,EXP_TS_NC_56d,Split Tensile Strength,Normal Concrete,56,2,False,2.925
TS_NC_56d_058,EXP_TS_NC_56d,Split Tensile Strength,Normal Concrete,56,2,False,3.14
TS_NC_56d_059,EXP_TS_NC_56d,Split Tensile Strength,Normal Concrete,56,2,False,2.909
TS_NC_56d_060,EXP_TS_NC_56d,Split Tensile Strength,Normal Concrete,56,2,False,3.06
TS_NC_56d_061,EXP_TS_NC_56d,Split Tensile Strength,Normal Concrete,56,2,False,2.894
TS_NC_56d_062,EXP_TS_NC_56d,Split Tensile Strength,Normal Concrete,56,2,False,3.117
TS_NC_56d_063,EXP_TS_NC_56d,Split Tensile Strength,Normal Concrete,56,2,False,2.619
TS_NC_56d_064,EXP_TS_NC_56d,Split Tensile Strength,Normal Concrete,56,2,False,2.81
TS_NC_56d_065,EXP_TS_NC_56d,Split Tensile Strength,Normal Concrete,56,2,False,3.047
TS_NC_56d_066,EXP_TS_NC_56d,Split Tensile Strength,Normal Concrete,56,2,False,2.874
TS_NC_56d_067,EXP_TS_NC_56d,Split Tensile Strength,Normal Concrete,56,2,False,3.04
TS_NC_56d_068,EXP_TS_NC_56d,Split Tensile Strength,Normal Concrete,56,2,False,2.958
TS_NC_56d_069,EXP_TS_NC_56d,Split Tensile Strength,Normal Concrete,56,2,False,3.042
TS_NC_56d_070,EXP_TS_NC_56d,Split Tensile Strength,Normal Concrete,56,2,False,2.992
TS_NC_56d_071,EXP_TS_NC_56d,Split Tensile Strength,Normal Concrete,56,2,False,3.001
TS_NC_56d_072,EXP_TS_NC_56d,Split Tensile Strength,Normal Concrete,56,2,False,3.124
TS_NC_56d_073,EXP_TS_NC_56d,Split Tensile Strength,Normal Concrete,56,2,False,3.048
TS_NC_56d_074,EXP_TS_NC_56d,Split Tensile Strength,Normal Concrete,56,2,False,3.049
TS_NC_56d_075,EXP_TS_NC_56d,Split Tensile Strength,Normal Concrete,56,2,False,2.903
TS_NC_56d_076,EXP_TS_NC_56d,Split Tensile Strength,Normal Concrete,56,2,False,2.813
TS_NC_56d_077,EXP_TS_NC_56d,Split Tensile Strength,Normal Concrete,56,2,False,2.801
TS_NC_56d_078,EXP_TS_NC_56d,Split Tensile Strength,Normal Concrete,56,2,False,3.013
TS_NC_56d_079,EXP_TS_NC_56d,Split Tensile Strength,Normal Concrete,56,2,False,2.534
TS_NC_56d_080,EXP_TS_NC_56d,Split Tensile Strength,Normal Concrete,56,2,False,2.704
TS_NC_56d_081,EXP_TS_NC_56d,Split Tensile Strength,Normal Concrete,56,2,False,2.756
TS_NC_56d_082,EXP_TS_NC_56d,Split Tensile Strength,Normal Concrete,56,2,False,2.863
TS_NC_56d_083,EXP_TS_NC_56d,Split Tensile Strength,Normal Concrete,56,2,False,2.505
TS_NC_56d_084,EXP_TS_NC_56d,Split Tensile Strength,Normal Concrete,56,2,False,3.089
TS_NC_56d_085,EXP_TS_NC_56d,Split Tensile Strength,Normal Concrete,56,2,False,2.99
TS_NC_56d_086,EXP_TS_NC_56d,Split Tensile Strength,Normal Concrete,56,2,False,3.198
TS_NC_56d_087,EXP_TS_NC_56d,Split Tensile Strength,Normal Concrete,56,2,False,3.059
TS_NC_56d_088,EXP_TS_NC_56d,Split Tensile Strength,Normal Concrete,56,2,False,3.055
TS_NC_56d_089,EXP_TS_NC_56d,Split Tensile Strength,Normal Concrete,56,2,False,3.238
TS_NC_56d_090,EXP_TS_NC_56d,Split Tensile Strength,Normal Concrete,56,2,False,2.814
TS_NC_56d_091,EXP_TS_NC_56d,Split Tensile Strength,Normal Concrete,56,2,False,2.674
TS_NC_56d_092,EXP_TS_NC_56d,Split Tensile Strength,Normal Concrete,56,2,False,2.865
TS_NC_56d_093,EXP_TS_NC_56d,Split Tensile Strength,Normal Concrete,56,2,False,2.776
TS_NC_56d_094,EXP_TS_NC_56d,Split Tensile Strength,Normal Concrete,56,2,False,2.861
TS_NC_56d_095,EXP_TS_NC_56d,Split Tensile Strength,Normal Concrete,56,2,False,2.742
TS_NC_56d_096,EXP_TS_NC_56d,Split Tensile Strength,Normal Concrete,56,2,False,2.985
TS_NC_56d_097,EXP_TS_NC_56d,Split Tensile Strength,Normal Concrete,56,2,False,2.977
TS_NC_56d_098,EXP_TS_NC_56d,Split Tensile Strength,Normal Concrete,56,2,False,2.896
TS_NC_56d_099,EXP_TS_NC_56d,Split Tensile Strength,Normal Concrete,56,2,False,2.947
TS_NC_56d_100,EXP_TS_NC_56d,Split Tensile Strength,Normal Concrete,56,2,False,2.879
TS_NC_90d_001,EXP_TS_NC_90d,Split Tensile Strength,Normal Concrete,90,1,False,3.213
TS_NC_90d_002,EXP_TS_NC_90d,Split Tensile Strength,Normal Concrete,90,1,False,3.11
TS_NC_90d_003,EXP_TS_NC_90d,Split Tensile Strength,Normal Concrete,90,1,False,3.06
TS_NC_90d_004,EXP_TS_NC_90d,Split Tensile Strength,Normal Concrete,90,1,False,3.239
TS_NC_90d_005,EXP_TS_NC_90d,Split Tensile Strength,Normal Concrete,90,1,False,3.289
TS_NC_90d_006,EXP_TS_NC_90d,Split Tensile Strength,Normal Concrete,90,1,False,3.301
TS_NC_90d_007,EXP_TS_NC_90d,Split Tensile Strength,Normal Concrete,90,1,False,2.951
TS_NC_90d_008,EXP_TS_NC_90d,Split Tensile Strength,Normal Concrete,90,1,False,3.02
TS_NC_90d_009,EXP_TS_NC_90d,Split Tensile Strength,Normal Concrete,90,1,False,2.845
TS_NC_90d_010,EXP_TS_NC_90d,Split Tensile Strength,Normal Concrete,90,1,False,3.064
TS_NC_90d_011,EXP_TS_NC_90d,Split Tensile Strength,Normal Concrete,90,1,False,3.162
TS_NC_90d_012,EXP_TS_NC_90d,Split Tensile Strength,Normal Concrete,90,1,False,3.08
TS_NC_90d_013,EXP_TS_NC_90d,Split Tensile Strength,Normal Concrete,90,1,False,3.39
TS_NC_90d_014,EXP_TS_NC_90d,Split Tensile Strength,Normal Concrete,90,1,False,3.039
TS_NC_90d_015,EXP_TS_NC_90d,Split Tensile Strength,Normal Concrete,90,1,False,2.937
TS_NC_90d_016,EXP_TS_NC_90d,Split Tensile Strength,Normal Concrete,90,1,False,3.185
TS_NC_90d_017,EXP_TS_NC_90d,Split Tensile Strength,Normal Concrete,90,1,False,3.122
TS_NC_90d_018,EXP_TS_NC_90d,Split Tensile Strength,Normal Concrete,90,1,False,3.182
TS_NC_90d_019,EXP_TS_NC_90d,Split Tensile Strength,Normal Concrete,90,1,False,3.146
TS_NC_90d_020,EXP_TS_NC_90d,Split Tensile Strength,Normal Concrete,90,1,False,3.137
TS_NC_90d_021,EXP_TS_NC_90d,Split Tensile Strength,Normal Concrete,90,1,False,2.782
TS_NC_90d_022,EXP_TS_NC_90d,Split Tensile Strength,Normal Concrete,90,1,False,2.991
TS_NC_90d_023,EXP_TS_NC_90d,Split Tensile Strength,Normal Concrete,90,1,False,3.011
TS_NC_90d_024,EXP_TS_NC_90d,Split Tensile Strength,Normal Concrete,90,1,False,3.048
TS_NC_90d_025,EXP_TS_NC_90d,Split Tensile Strength,Normal Concrete,90,1,False,3.033
TS_NC_90d_026,EXP_TS_NC_90d,Split Tensile Strength,Normal Concrete,90,1,False,3.162
TS_NC_90d_027,EXP_TS_NC_90d,Split Tensile Strength,Normal Concrete,90,1,False,3.19
TS_NC_90d_028,EXP_TS_NC_90d,Split Tensile Strength,Normal Concrete,90,1,False,2.93
TS_NC_90d_029,EXP_TS_NC_90d,Split Tensile Strength,Normal Concrete,90,1,False,3.203
TS_NC_90d_030,EXP_TS_NC_90d,Split Tensile Strength,Normal Concrete,90,1,False,3.188
TS_NC_90d_031,EXP_TS_NC_90d,Split Tensile Strength,Normal Concrete,90,1,False,3.17
TS_NC_90d_032,EXP_TS_NC_90d,Split Tensile Strength,Normal Concrete,90,1,False,2.887
TS_NC_90d_033,EXP_TS_NC_90d,Split Tensile Strength,Normal Concrete,90,1,False,3.166
TS_NC_90d_034,EXP_TS_NC_90d,Split Tensile Strength,Normal Concrete,90,1,False,3.112
TS_NC_90d_035,EXP_TS_NC_90d,Split Tensile Strength,Normal Concrete,90,1,False,3.244
TS_NC_90d_036,EXP_TS_NC_90d,Split Tensile Strength,Normal Concrete,90,1,False,3.368
TS_NC_90d_037,EXP_TS_NC_90d,Split Tensile Strength,Normal Concrete,90,1,False,3.338
TS_NC_90d_038,EXP_TS_NC_90d,Split Tensile Strength,Normal Concrete,90,1,False,3.117
TS_NC_90d_039,EXP_TS_NC_90d,Split Tensile Strength,Normal Concrete,90,1,False,3.1
TS_NC_90d_040,EXP_TS_NC_90d,Split Tensile Strength,Normal Concrete,90,1,False,3.195
TS_NC_90d_041,EXP_TS_NC_90d,Split Tensile Strength,Normal Concrete,90,1,False,2.933
TS_NC_90d_042,EXP_TS_NC_90d,Split Tensile Strength,Normal Concrete,90,1,False,2.882
TS_NC_90d_043,EXP_TS_NC_90d,Split Tensile Strength,Normal Concrete,90,1,False,3.029
TS_NC_90d_044,EXP_TS_NC_90d,Split Tensile Strength,Normal Concrete,90,1,False,3.283
TS_NC_90d_045,EXP_TS_NC_90d,Split Tensile Strength,Normal Concrete,90,1,False,3.05
TS_NC_90d_046,EXP_TS_NC_90d,Split Tensile Strength,Normal Concrete,90,1,False,3.325
TS_NC_90d_047,EXP_TS_NC_90d,Split Tensile Strength,Normal Concrete,90,1,False,2.682
TS_NC_90d_048,EXP_TS_NC_90d,Split Tensile Strength,Normal Concrete,90,1,False,2.862
TS_NC_90d_049,EXP_TS_NC_90d,Split Tensile Strength,Normal Concrete,90,1,False,3.081
TS_NC_90d_050,EXP_TS_NC_90d,Split Tensile Strength,Normal Concrete,90,1,False,3.233
TS_NC_90d_051,EXP_TS_NC_90d,Split Tensile Strength,Normal Concrete,90,1,False,3.09
TS_NC_90d_052,EXP_TS_NC_90d,Split Tensile Strength,Normal Concrete,90,1,False,3.086
TS_NC_90d_053,EXP_TS_NC_90d,Split Tensile Strength,Normal Concrete,90,1,False,3.082
TS_NC_90d_054,EXP_TS_NC_90d,Split Tensile Strength,Normal Concrete,90,1,False,2.836
TS_NC_90d_055,EXP_TS_NC_90d,Split Tensile Strength,Normal Concrete,90,1,False,3.274
TS_NC_90d_056,EXP_TS_NC_90d,Split Tensile Strength,Normal Concrete,90,1,False,2.998
TS_NC_90d_057,EXP_TS_NC_90d,Split Tensile Strength,Normal Concrete,90,1,False,3.263
TS_NC_90d_058,EXP_TS_NC_90d,Split Tensile Strength,Normal Concrete,90,1,False,3.089
TS_NC_90d_059,EXP_TS_NC_90d,Split Tensile Strength,Normal Concrete,90,1,False,3.26
TS_NC_90d_060,EXP_TS_NC_90d,Split Tensile Strength,Normal Concrete,90,1,False,3.151
TS_NC_90d_061,EXP_TS_NC_90d,Split Tensile Strength,Normal Concrete,90,1,False,3.084
TS_NC_90d_062,EXP_TS_NC_90d,Split Tensile Strength,Normal Concrete,90,1,False,3.134
TS_NC_90d_063,EXP_TS_NC_90d,Split Tensile Strength,Normal Concrete,90,1,False,2.879
TS_NC_90d_064,EXP_TS_NC_90d,Split Tensile Strength,Normal Concrete,90,1,False,3.101
TS_NC_90d_065,EXP_TS_NC_90d,Split Tensile Strength,Normal Concrete,90,1,False,3.357
TS_NC_90d_066,EXP_TS_NC_90d,Split Tensile Strength,Normal Concrete,90,1,False,3.296
TS_NC_90d_067,EXP_TS_NC_90d,Split Tensile Strength,Normal Concrete,90,1,False,2.952
TS_NC_90d_068,EXP_TS_NC_90d,Split Tensile Strength,Normal Concrete,90,1,False,3.176
TS_NC_90d_069,EXP_TS_NC_90d,Split Tensile Strength,Normal Concrete,90,1,False,3.137
TS_NC_90d_070,EXP_TS_NC_90d,Split Tensile Strength,Normal Concrete,90,1,False,3.223
TS_NC_90d_071,EXP_TS_NC_90d,Split Tensile Strength,Normal Concrete,90,1,False,3.114
TS_NC_90d_072,EXP_TS_NC_90d,Split Tensile Strength,Normal Concrete,90,1,False,3.065
TS_NC_90d_073,EXP_TS_NC_90d,Split Tensile Strength,Normal Concrete,90,1,False,3.3
TS_NC_90d_074,EXP_TS_NC_90d,Split Tensile Strength,Normal Concrete,90,1,False,3.132
TS_NC_90d_075,EXP_TS_NC_90d,Split Tensile Strength,Normal Concrete,90,1,False,3.288
TS_NC_90d_076,EXP_TS_NC_90d,Split Tensile Strength,Normal Concrete,90,1,False,3.246
TS_NC_90d_077,EXP_TS_NC_90d,Split Tensile Strength,Normal Concrete,90,1,False,3.051
TS_NC_90d_078,EXP_TS_NC_90d,Split Tensile Strength,Normal Concrete,90,1,False,3.075
TS_NC_90d_079,EXP_TS_NC_90d,Split Tensile Strength,Normal Concrete,90,1,False,3.389
TS_NC_90d_080,EXP_TS_NC_90d,Split Tensile Strength,Normal Concrete,90,1,False,3.129
TS_NC_90d_081,EXP_TS_NC_90d,Split Tensile Strength,Normal Concrete,90,1,False,2.986
TS_NC_90d_082,EXP_TS_NC_90d,Split Tensile Strength,Normal Concrete,90,1,False,2.92
TS_NC_90d_083,EXP_TS_NC_90d,Split Tensile Strength,Normal Concrete,90,1,False,3.246
TS_NC_90d_084,EXP_TS_NC_90d,Split Tensile Strength,Normal Concrete,90,1,False,3.124
TS_NC_90d_085,EXP_TS_NC_90d,Split Tensile Strength,Normal Concrete,90,1,False,2.981
TS_NC_90d_086,EXP_TS_NC_90d,Split Tensile Strength,Normal Concrete,90,1,False,3.201
TS_NC_90d_087,EXP_TS_NC_90d,Split Tensile Strength,Normal Concrete,90,1,False,3.124
TS_NC_90d_088,EXP_TS_NC_90d,Split Tensile Strength,Normal Concrete,90,1,False,2.851
TS_NC_90d_089,EXP_TS_NC_90d,Split Tensile Strength,Normal Concrete,90,1,False,3.188
TS_NC_90d_090,EXP_TS_NC_90d,Split Tensile Strength,Normal Concrete,90,1,False,3.3
TS_NC_90d_091,EXP_TS_NC_90d,Split Tensile Strength,Normal Concrete,90,1,False,3.484
TS_NC_90d_092,EXP_TS_NC_90d,Split Tensile Strength,Normal Concrete,90,1,False,3.105
TS_NC_90d_093,EXP_TS_NC_90d,Split Tensile Strength,Normal Concrete,90,1,False,3.135
TS_NC_90d_094,EXP_TS_NC_90d,Split Tensile Strength,Normal Concrete,90,1,False,3.341
TS_NC_90d_095,EXP_TS_NC_90d,Split Tensile Strength,Normal Concrete,90,1,False,3.125
TS_NC_90d_096,EXP_TS_NC_90d,Split Tensile Strength,Normal Concrete,90,1,False,3.141
TS_NC_90d_097,EXP_TS_NC_90d,Split Tensile Strength,Normal Concrete,90,1,False,3.005
TS_NC_90d_098,EXP_TS_NC_90d,Split Tensile Strength,Normal Concrete,90,1,False,2.891
TS_NC_90d_099,EXP_TS_NC_90d,Split Tensile Strength,Normal Concrete,90,1,False,3.237
TS_NC_90d_100,EXP_TS_NC_90d,Split Tensile Strength,Normal Concrete,90,1,False,2.909
TS_BC_07d_001,EXP_TS_BC_07d,Split Tensile Strength,Bacterial Concrete,7,5,False,2.271
TS_BC_07d_002,EXP_TS_BC_07d,Split Tensile Strength,Bacterial Concrete,7,5,False,1.982
TS_BC_07d_003,EXP_TS_BC_07d,Split Tensile Strength,Bacterial Concrete,7,5,False,2.14
TS_BC_07d_004,EXP_TS_BC_07d,Split Tensile Strength,Bacterial Concrete,7,5,False,2.044
TS_BC_07d_005,EXP_TS_BC_07d,Split Tensile Strength,Bacterial Concrete,7,5,False,2.276
TS_BC_07d_006,EXP_TS_BC_07d,Split Tensile Strength,Bacterial Concrete,7,5,False,2.145
TS_BC_07d_007,EXP_TS_BC_07d,Split Tensile Strength,Bacterial Concrete,7,5,False,2.394
TS_BC_07d_008,EXP_TS_BC_07d,Split Tensile Strength,Bacterial Concrete,7,5,False,1.937
TS_BC_07d_009,EXP_TS_BC_07d,Split Tensile Strength,Bacterial Concrete,7,5,False,2.162
TS_BC_07d_010,EXP_TS_BC_07d,Split Tensile Strength,Bacterial Concrete,7,5,False,2.107
TS_BC_07d_011,EXP_TS_BC_07d,Split Tensile Strength,Bacterial Concrete,7,5,False,2.142
TS_BC_07d_012,EXP_TS_BC_07d,Split Tensile Strength,Bacterial Concrete,7,5,False,2.339
TS_BC_07d_013,EXP_TS_BC_07d,Split Tensile Strength,Bacterial Concrete,7,5,False,2.188
TS_BC_07d_014,EXP_TS_BC_07d,Split Tensile Strength,Bacterial Concrete,7,5,False,1.928
TS_BC_07d_015,EXP_TS_BC_07d,Split Tensile Strength,Bacterial Concrete,7,5,False,2.18
TS_BC_07d_016,EXP_TS_BC_07d,Split Tensile Strength,Bacterial Concrete,7,5,False,2.038
TS_BC_07d_017,EXP_TS_BC_07d,Split Tensile Strength,Bacterial Concrete,7,5,False,2.029
TS_BC_07d_018,EXP_TS_BC_07d,Split Tensile Strength,Bacterial Concrete,7,5,False,2.257
TS_BC_07d_019,EXP_TS_BC_07d,Split Tensile Strength,Bacterial Concrete,7,5,False,2.01
TS_BC_07d_020,EXP_TS_BC_07d,Split Tensile Strength,Bacterial Concrete,7,5,False,2.043
TS_BC_07d_021,EXP_TS_BC_07d,Split Tensile Strength,Bacterial Concrete,7,5,False,2.105
TS_BC_07d_022,EXP_TS_BC_07d,Split Tensile Strength,Bacterial Concrete,7,5,False,2.242
TS_BC_07d_023,EXP_TS_BC_07d,Split Tensile Strength,Bacterial Concrete,7,5,False,2.187
TS_BC_07d_024,EXP_TS_BC_07d,Split Tensile Strength,Bacterial Concrete,7,5,False,2.065
TS_BC_07d_025,EXP_TS_BC_07d,Split Tensile Strength,Bacterial Concrete,7,5,False,2.059
TS_BC_07d_026,EXP_TS_BC_07d,Split Tensile Strength,Bacterial Concrete,7,5,False,1.926
TS_BC_07d_027,EXP_TS_BC_07d,Split Tensile Strength,Bacterial Concrete,7,5,False,1.986
TS_BC_07d_028,EXP_TS_BC_07d,Split Tensile Strength,Bacterial Concrete,7,5,False,2.002
TS_BC_07d_029,EXP_TS_BC_07d,Split Tensile Strength,Bacterial Concrete,7,5,False,2.078
TS_BC_07d_030,EXP_TS_BC_07d,Split Tensile Strength,Bacterial Concrete,7,5,False,2.398
TS_BC_07d_031,EXP_TS_BC_07d,Split Tensile Strength,Bacterial Concrete,7,5,False,1.999
TS_BC_07d_032,EXP_TS_BC_07d,Split Tensile Strength,Bacterial Concrete,7,5,False,2.056
TS_BC_07d_033,EXP_TS_BC_07d,Split Tensile Strength,Bacterial Concrete,7,5,False,1.792
TS_BC_07d_034,EXP_TS_BC_07d,Split Tensile Strength,Bacterial Concrete,7,5,False,2.19
TS_BC_07d_035,EXP_TS_BC_07d,Split Tensile Strength,Bacterial Concrete,7,5,False,1.863
TS_BC_07d_036,EXP_TS_BC_07d,Split Tensile Strength,Bacterial Concrete,7,5,False,1.964
TS_BC_07d_037,EXP_TS_BC_07d,Split Tensile Strength,Bacterial Concrete,7,5,False,2.256
TS_BC_07d_038,EXP_TS_BC_07d,Split Tensile Strength,Bacterial Concrete,7,5,False,1.784
TS_BC_07d_039,EXP_TS_BC_07d,Split Tensile Strength,Bacterial Concrete,7,5,False,2.114
TS_BC_07d_040,EXP_TS_BC_07d,Split Tensile Strength,Bacterial Concrete,7,5,False,2.22
TS_BC_07d_041,EXP_TS_BC_07d,Split Tensile Strength,Bacterial Concrete,7,5,False,2.329
TS_BC_07d_042,EXP_TS_BC_07d,Split Tensile Strength,Bacterial Concrete,7,5,False,1.962
TS_BC_07d_043,EXP_TS_BC_07d,Split Tensile Strength,Bacterial Concrete,7,5,False,2.006
TS_BC_07d_044,EXP_TS_BC_07d,Split Tensile Strength,Bacterial Concrete,7,5,False,2.371
TS_BC_07d_045,EXP_TS_BC_07d,Split Tensile Strength,Bacterial Concrete,7,5,False,2.096
TS_BC_07d_046,EXP_TS_BC_07d,Split Tensile Strength,Bacterial Concrete,7,5,False,1.99
TS_BC_07d_047,EXP_TS_BC_07d,Split Tensile Strength,Bacterial Concrete,7,5,False,1.992
TS_BC_07d_048,EXP_TS_BC_07d,Split Tensile Strength,Bacterial Concrete,7,5,False,1.954
TS_BC_07d_049,EXP_TS_BC_07d,Split Tensile Strength,Bacterial Concrete,7,5,False,2.034
TS_BC_07d_050,EXP_TS_BC_07d,Split Tensile Strength,Bacterial Concrete,7,5,False,2.263
TS_BC_07d_051,EXP_TS_BC_07d,Split Tensile Strength,Bacterial Concrete,7,5,False,2.233
TS_BC_07d_052,EXP_TS_BC_07d,Split Tensile Strength,Bacterial Concrete,7,5,False,1.924
TS_BC_07d_053,EXP_TS_BC_07d,Split Tensile Strength,Bacterial Concrete,7,5,False,2.132
TS_BC_07d_054,EXP_TS_BC_07d,Split Tensile Strength,Bacterial Concrete,7,5,False,2.04
TS_BC_07d_055,EXP_TS_BC_07d,Split Tensile Strength,Bacterial Concrete,7,5,False,2.217
TS_BC_07d_056,EXP_TS_BC_07d,Split Tensile Strength,Bacterial Concrete,7,5,False,2.077
TS_BC_07d_057,EXP_TS_BC_07d,Split Tensile Strength,Bacterial Concrete,7,5,False,2.156
TS_BC_07d_058,EXP_TS_BC_07d,Split Tensile Strength,Bacterial Concrete,7,5,False,2.076
TS_BC_07d_059,EXP_TS_BC_07d,Split Tensile Strength,Bacterial Concrete,7,5,False,1.772
TS_BC_07d_060,EXP_TS_BC_07d,Split Tensile Strength,Bacterial Concrete,7,5,False,2.107
TS_BC_07d_061,EXP_TS_BC_07d,Split Tensile Strength,Bacterial Concrete,7,5,False,1.909
TS_BC_07d_062,EXP_TS_BC_07d,Split Tensile Strength,Bacterial Concrete,7,5,False,2.212
TS_BC_07d_063,EXP_TS_BC_07d,Split Tensile Strength,Bacterial Concrete,7,5,False,1.998
TS_BC_07d_064,EXP_TS_BC_07d,Split Tensile Strength,Bacterial Concrete,7,5,False,2.009
TS_BC_07d_065,EXP_TS_BC_07d,Split Tensile Strength,Bacterial Concrete,7,5,False,2.099
TS_BC_07d_066,EXP_TS_BC_07d,Split Tensile Strength,Bacterial Concrete,7,5,False,2.187
TS_BC_07d_067,EXP_TS_BC_07d,Split Tensile Strength,Bacterial Concrete,7,5,False,2.075
TS_BC_07d_068,EXP_TS_BC_07d,Split Tensile Strength,Bacterial Concrete,7,5,False,2.346
TS_BC_07d_069,EXP_TS_BC_07d,Split Tensile Strength,Bacterial Concrete,7,5,False,2.347
TS_BC_07d_070,EXP_TS_BC_07d,Split Tensile Strength,Bacterial Concrete,7,5,False,2.357
TS_BC_07d_071,EXP_TS_BC_07d,Split Tensile Strength,Bacterial Concrete,7,5,False,2.065
TS_BC_07d_072,EXP_TS_BC_07d,Split Tensile Strength,Bacterial Concrete,7,5,False,1.878
TS_BC_07d_073,EXP_TS_BC_07d,Split Tensile Strength,Bacterial Concrete,7,5,False,2.283
TS_BC_07d_074,EXP_TS_BC_07d,Split Tensile Strength,Bacterial Concrete,7,5,False,2.038
TS_BC_07d_075,EXP_TS_BC_07d,Split Tensile Strength,Bacterial Concrete,7,5,False,2.106
TS_BC_07d_076,EXP_TS_BC_07d,Split Tensile Strength,Bacterial Concrete,7,5,False,2.194
TS_BC_07d_077,EXP_TS_BC_07d,Split Tensile Strength,Bacterial Concrete,7,5,False,1.859
TS_BC_07d_078,EXP_TS_BC_07d,Split Tensile Strength,Bacterial Concrete,7,5,False,2.344
TS_BC_07d_079,EXP_TS_BC_07d,Split Tensile Strength,Bacterial Concrete,7,5,False,2.231
TS_BC_07d_080,EXP_TS_BC_07d,Split Tensile Strength,Bacterial Concrete,7,5,False,2.153
TS_BC_07d_081,EXP_TS_BC_07d,Split Tensile Strength,Bacterial Concrete,7,5,False,2.234
TS_BC_07d_082,EXP_TS_BC_07d,Split Tensile Strength,Bacterial Concrete,7,5,False,2.184
TS_BC_07d_083,EXP_TS_BC_07d,Split Tensile Strength,Bacterial Concrete,7,5,False,2.118
TS_BC_07d_084,EXP_TS_BC_07d,Split Tensile Strength,Bacterial Concrete,7,5,False,2.054
TS_BC_07d_085,EXP_TS_BC_07d,Split Tensile Strength,Bacterial Concrete,7,5,False,1.989
TS_BC_07d_086,EXP_TS_BC_07d,Split Tensile Strength,Bacterial Concrete,7,5,False,2.143
TS_BC_07d_087,EXP_TS_BC_07d,Split Tensile Strength,Bacterial Concrete,7,5,False,2.154
TS_BC_07d_088,EXP_TS_BC_07d,Split Tensile Strength,Bacterial Concrete,7,5,False,2.262
TS_BC_07d_089,EXP_TS_BC_07d,Split Tensile Strength,Bacterial Concrete,7,5,False,2.13
TS_BC_07d_090,EXP_TS_BC_07d,Split Tensile Strength,Bacterial Concrete,7,5,False,1.972
TS_BC_07d_091,EXP_TS_BC_07d,Split Tensile Strength,Bacterial Concrete,7,5,False,1.864
TS_BC_07d_092,EXP_TS_BC_07d,Split Tensile Strength,Bacterial Concrete,7,5,False,2.081
TS_BC_07d_093,EXP_TS_BC_07d,Split Tensile Strength,Bacterial Concrete,7,5,False,2.096
TS_BC_07d_094,EXP_TS_BC_07d,Split Tensile Strength,Bacterial Concrete,7,5,False,2.085
TS_BC_07d_095,EXP_TS_BC_07d,Split Tensile Strength,Bacterial Concrete,7,5,False,1.87
TS_BC_07d_096,EXP_TS_BC_07d,Split Tensile Strength,Bacterial Concrete,7,5,False,2.261
TS_BC_07d_097,EXP_TS_BC_07d,Split Tensile Strength,Bacterial Concrete,7,5,False,2.261
TS_BC_07d_098,EXP_TS_BC_07d,Split Tensile Strength,Bacterial Concrete,7,5,False,1.977
TS_BC_07d_099,EXP_TS_BC_07d,Split Tensile Strength,Bacterial Concrete,7,5,False,2.221
TS_BC_07d_100,EXP_TS_BC_07d,Split Tensile Strength,Bacterial Concrete,7,5,False,2.243
TS_BC_14d_001,EXP_TS_BC_14d,Split Tensile Strength,Bacterial Concrete,14,4,False,2.606
TS_BC_14d_002,EXP_TS_BC_14d,Split Tensile Strength,Bacterial Concrete,14,4,False,2.458
TS_BC_14d_003,EXP_TS_BC_14d,Split Tensile Strength,Bacterial Concrete,14,4,False,2.842
TS_BC_14d_004,EXP_TS_BC_14d,Split Tensile Strength,Bacterial Concrete,14,4,False,2.657
TS_BC_14d_005,EXP_TS_BC_14d,Split Tensile Strength,Bacterial Concrete,14,4,False,2.562
TS_BC_14d_006,EXP_TS_BC_14d,Split Tensile Strength,Bacterial Concrete,14,4,False,2.716
TS_BC_14d_007,EXP_TS_BC_14d,Split Tensile Strength,Bacterial Concrete,14,4,False,2.843
TS_BC_14d_008,EXP_TS_BC_14d,Split Tensile Strength,Bacterial Concrete,14,4,False,2.525
TS_BC_14d_009,EXP_TS_BC_14d,Split Tensile Strength,Bacterial Concrete,14,4,False,2.704
TS_BC_14d_010,EXP_TS_BC_14d,Split Tensile Strength,Bacterial Concrete,14,4,False,2.891
TS_BC_14d_011,EXP_TS_BC_14d,Split Tensile Strength,Bacterial Concrete,14,4,False,2.433
TS_BC_14d_012,EXP_TS_BC_14d,Split Tensile Strength,Bacterial Concrete,14,4,False,2.518
TS_BC_14d_013,EXP_TS_BC_14d,Split Tensile Strength,Bacterial Concrete,14,4,False,2.51
TS_BC_14d_014,EXP_TS_BC_14d,Split Tensile Strength,Bacterial Concrete,14,4,False,2.576
TS_BC_14d_015,EXP_TS_BC_14d,Split Tensile Strength,Bacterial Concrete,14,4,False,2.569
TS_BC_14d_016,EXP_TS_BC_14d,Split Tensile Strength,Bacterial Concrete,14,4,False,2.645
TS_BC_14d_017,EXP_TS_BC_14d,Split Tensile Strength,Bacterial Concrete,14,4,False,2.477
TS_BC_14d_018,EXP_TS_BC_14d,Split Tensile Strength,Bacterial Concrete,14,4,False,2.507
TS_BC_14d_019,EXP_TS_BC_14d,Split Tensile Strength,Bacterial Concrete,14,4,False,2.645
TS_BC_14d_020,EXP_TS_BC_14d,Split Tensile Strength,Bacterial Concrete,14,4,False,2.623
TS_BC_14d_021,EXP_TS_BC_14d,Split Tensile Strength,Bacterial Concrete,14,4,False,2.731
TS_BC_14d_022,EXP_TS_BC_14d,Split Tensile Strength,Bacterial Concrete,14,4,False,2.661
TS_BC_14d_023,EXP_TS_BC_14d,Split Tensile Strength,Bacterial Concrete,14,4,False,2.716
TS_BC_14d_024,EXP_TS_BC_14d,Split Tensile Strength,Bacterial Concrete,14,4,False,2.429
TS_BC_14d_025,EXP_TS_BC_14d,Split Tensile Strength,Bacterial Concrete,14,4,False,2.542
TS_BC_14d_026,EXP_TS_BC_14d,Split Tensile Strength,Bacterial Concrete,14,4,False,2.877
TS_BC_14d_027,EXP_TS_BC_14d,Split Tensile Strength,Bacterial Concrete,14,4,False,2.659
TS_BC_14d_028,EXP_TS_BC_14d,Split Tensile Strength,Bacterial Concrete,14,4,False,2.712
TS_BC_14d_029,EXP_TS_BC_14d,Split Tensile Strength,Bacterial Concrete,14,4,False,2.641
TS_BC_14d_030,EXP_TS_BC_14d,Split Tensile Strength,Bacterial Concrete,14,4,False,2.664
TS_BC_14d_031,EXP_TS_BC_14d,Split Tensile Strength,Bacterial Concrete,14,4,False,2.565
TS_BC_14d_032,EXP_TS_BC_14d,Split Tensile Strength,Bacterial Concrete,14,4,False,3.136
TS_BC_14d_033,EXP_TS_BC_14d,Split Tensile Strength,Bacterial Concrete,14,4,False,2.541
TS_BC_14d_034,EXP_TS_BC_14d,Split Tensile Strength,Bacterial Concrete,14,4,False,2.594
TS_BC_14d_035,EXP_TS_BC_14d,Split Tensile Strength,Bacterial Concrete,14,4,False,2.236
TS_BC_14d_036,EXP_TS_BC_14d,Split Tensile Strength,Bacterial Concrete,14,4,False,2.766
TS_BC_14d_037,EXP_TS_BC_14d,Split Tensile Strength,Bacterial Concrete,14,4,False,2.517
TS_BC_14d_038,EXP_TS_BC_14d,Split Tensile Strength,Bacterial Concrete,14,4,False,2.591
TS_BC_14d_039,EXP_TS_BC_14d,Split Tensile Strength,Bacterial Concrete,14,4,False,2.521
TS_BC_14d_040,EXP_TS_BC_14d,Split Tensile Strength,Bacterial Concrete,14,4,False,2.579
TS_BC_14d_041,EXP_TS_BC_14d,Split Tensile Strength,Bacterial Concrete,14,4,False,2.557
TS_BC_14d_042,EXP_TS_BC_14d,Split Tensile Strength,Bacterial Concrete,14,4,False,2.594
TS_BC_14d_043,EXP_TS_BC_14d,Split Tensile Strength,Bacterial Concrete,14,4,False,2.592
TS_BC_14d_044,EXP_TS_BC_14d,Split Tensile Strength,Bacterial Concrete,14,4,False,2.577
TS_BC_14d_045,EXP_TS_BC_14d,Split Tensile Strength,Bacterial Concrete,14,4,False,2.575
TS_BC_14d_046,EXP_TS_BC_14d,Split Tensile Strength,Bacterial Concrete,14,4,False,2.796
TS_BC_14d_047,EXP_TS_BC_14d,Split Tensile Strength,Bacterial Concrete,14,4,False,2.732
TS_BC_14d_048,EXP_TS_BC_14d,Split Tensile Strength,Bacterial Concrete,14,4,False,2.733
TS_BC_14d_049,EXP_TS_BC_14d,Split Tensile Strength,Bacterial Concrete,14,4,False,2.49
TS_BC_14d_050,EXP_TS_BC_14d,Split Tensile Strength,Bacterial Concrete,14,4,False,2.789
TS_BC_14d_051,EXP_TS_BC_14d,Split Tensile Strength,Bacterial Concrete,14,4,False,2.77
TS_BC_14d_052,EXP_TS_BC_14d,Split Tensile Strength,Bacterial Concrete,14,4,False,2.517
TS_BC_14d_053,EXP_TS_BC_14d,Split Tensile Strength,Bacterial Concrete,14,4,False,2.829
TS_BC_14d_054,EXP_TS_BC_14d,Split Tensile Strength,Bacterial Concrete,14,4,False,2.498
TS_BC_14d_055,EXP_TS_BC_14d,Split Tensile Strength,Bacterial Concrete,14,4,False,2.324
TS_BC_14d_056,EXP_TS_BC_14d,Split Tensile Strength,Bacterial Concrete,14,4,False,2.765
TS_BC_14d_057,EXP_TS_BC_14d,Split Tensile Strength,Bacterial Concrete,14,4,False,2.582
TS_BC_14d_058,EXP_TS_BC_14d,Split Tensile Strength,Bacterial Concrete,14,4,False,2.747
TS_BC_14d_059,EXP_TS_BC_14d,Split Tensile Strength,Bacterial Concrete,14,4,False,2.487
TS_BC_14d_060,EXP_TS_BC_14d,Split Tensile Strength,Bacterial Concrete,14,4,False,2.411
TS_BC_14d_061,EXP_TS_BC_14d,Split Tensile Strength,Bacterial Concrete,14,4,False,2.785
TS_BC_14d_062,EXP_TS_BC_14d,Split Tensile Strength,Bacterial Concrete,14,4,False,2.389
TS_BC_14d_063,EXP_TS_BC_14d,Split Tensile Strength,Bacterial Concrete,14,4,False,2.366
TS_BC_14d_064,EXP_TS_BC_14d,Split Tensile Strength,Bacterial Concrete,14,4,False,2.311
TS_BC_14d_065,EXP_TS_BC_14d,Split Tensile Strength,Bacterial Concrete,14,4,False,2.181
TS_BC_14d_066,EXP_TS_BC_14d,Split Tensile Strength,Bacterial Concrete,14,4,False,2.444
TS_BC_14d_067,EXP_TS_BC_14d,Split Tensile Strength,Bacterial Concrete,14,4,False,2.275
TS_BC_14d_068,EXP_TS_BC_14d,Split Tensile Strength,Bacterial Concrete,14,4,False,2.595
TS_BC_14d_069,EXP_TS_BC_14d,Split Tensile Strength,Bacterial Concrete,14,4,False,2.265
TS_BC_14d_070,EXP_TS_BC_14d,Split Tensile Strength,Bacterial Concrete,14,4,False,2.436
TS_BC_14d_071,EXP_TS_BC_14d,Split Tensile Strength,Bacterial Concrete,14,4,False,2.95
TS_BC_14d_072,EXP_TS_BC_14d,Split Tensile Strength,Bacterial Concrete,14,4,False,2.652
TS_BC_14d_073,EXP_TS_BC_14d,Split Tensile Strength,Bacterial Concrete,14,4,False,2.608
TS_BC_14d_074,EXP_TS_BC_14d,Split Tensile Strength,Bacterial Concrete,14,4,False,2.357
TS_BC_14d_075,EXP_TS_BC_14d,Split Tensile Strength,Bacterial Concrete,14,4,False,2.563
TS_BC_14d_076,EXP_TS_BC_14d,Split Tensile Strength,Bacterial Concrete,14,4,False,2.607
TS_BC_14d_077,EXP_TS_BC_14d,Split Tensile Strength,Bacterial Concrete,14,4,False,2.359
TS_BC_14d_078,EXP_TS_BC_14d,Split Tensile Strength,Bacterial Concrete,14,4,False,2.619
TS_BC_14d_079,EXP_TS_BC_14d,Split Tensile Strength,Bacterial Concrete,14,4,False,2.779
TS_BC_14d_080,EXP_TS_BC_14d,Split Tensile Strength,Bacterial Concrete,14,4,False,2.548
TS_BC_14d_081,EXP_TS_BC_14d,Split Tensile Strength,Bacterial Concrete,14,4,False,2.57
TS_BC_14d_082,EXP_TS_BC_14d,Split Tensile Strength,Bacterial Concrete,14,4,False,2.294
TS_BC_14d_083,EXP_TS_BC_14d,Split Tensile Strength,Bacterial Concrete,14,4,False,2.39
TS_BC_14d_084,EXP_TS_BC_14d,Split Tensile Strength,Bacterial Concrete,14,4,False,2.759
TS_BC_14d_085,EXP_TS_BC_14d,Split Tensile Strength,Bacterial Concrete,14,4,False,2.501
TS_BC_14d_086,EXP_TS_BC_14d,Split Tensile Strength,Bacterial Concrete,14,4,False,2.461
TS_BC_14d_087,EXP_TS_BC_14d,Split Tensile Strength,Bacterial Concrete,14,4,False,2.496
TS_BC_14d_088,EXP_TS_BC_14d,Split Tensile Strength,Bacterial Concrete,14,4,False,2.591
TS_BC_14d_089,EXP_TS_BC_14d,Split Tensile Strength,Bacterial Concrete,14,4,False,2.426
TS_BC_14d_090,EXP_TS_BC_14d,Split Tensile Strength,Bacterial Concrete,14,4,False,2.619
TS_BC_14d_091,EXP_TS_BC_14d,Split Tensile Strength,Bacterial Concrete,14,4,False,2.396
TS_BC_14d_092,EXP_TS_BC_14d,Split Tensile Strength,Bacterial Concrete,14,4,False,2.716
TS_BC_14d_093,EXP_TS_BC_14d,Split Tensile Strength,Bacterial Concrete,14,4,False,2.441
TS_BC_14d_094,EXP_TS_BC_14d,Split Tensile Strength,Bacterial Concrete,14,4,False,2.798
TS_BC_14d_095,EXP_TS_BC_14d,Split Tensile Strength,Bacterial Concrete,14,4,False,2.598
TS_BC_14d_096,EXP_TS_BC_14d,Split Tensile Strength,Bacterial Concrete,14,4,False,2.473
TS_BC_14d_097,EXP_TS_BC_14d,Split Tensile Strength,Bacterial Concrete,14,4,False,2.737
TS_BC_14d_098,EXP_TS_BC_14d,Split Tensile Strength,Bacterial Concrete,14,4,False,2.394
TS_BC_14d_099,EXP_TS_BC_14d,Split Tensile Strength,Bacterial Concrete,14,4,False,2.518
TS_BC_14d_100,EXP_TS_BC_14d,Split Tensile Strength,Bacterial Concrete,14,4,False,2.6
TS_BC_21d_001,EXP_TS_BC_21d,Split Tensile Strength,Bacterial Concrete,21,3,False,2.882
TS_BC_21d_002,EXP_TS_BC_21d,Split Tensile Strength,Bacterial Concrete,21,3,False,2.599
TS_BC_21d_003,EXP_TS_BC_21d,Split Tensile Strength,Bacterial Concrete,21,3,False,2.762
TS_BC_21d_004,EXP_TS_BC_21d,Split Tensile Strength,Bacterial Concrete,21,3,False,2.925
TS_BC_21d_005,EXP_TS_BC_21d,Split Tensile Strength,Bacterial Concrete,21,3,False,2.702
TS_BC_21d_006,EXP_TS_BC_21d,Split Tensile Strength,Bacterial Concrete,21,3,False,3.09
TS_BC_21d_007,EXP_TS_BC_21d,Split Tensile Strength,Bacterial Concrete,21,3,False,2.974
TS_BC_21d_008,EXP_TS_BC_21d,Split Tensile Strength,Bacterial Concrete,21,3,False,2.823
TS_BC_21d_009,EXP_TS_BC_21d,Split Tensile Strength,Bacterial Concrete,21,3,False,2.867
TS_BC_21d_010,EXP_TS_BC_21d,Split Tensile Strength,Bacterial Concrete,21,3,False,3.179
TS_BC_21d_011,EXP_TS_BC_21d,Split Tensile Strength,Bacterial Concrete,21,3,False,3.04
TS_BC_21d_012,EXP_TS_BC_21d,Split Tensile Strength,Bacterial Concrete,21,3,False,2.957
TS_BC_21d_013,EXP_TS_BC_21d,Split Tensile Strength,Bacterial Concrete,21,3,False,2.688
TS_BC_21d_014,EXP_TS_BC_21d,Split Tensile Strength,Bacterial Concrete,21,3,False,3.144
TS_BC_21d_015,EXP_TS_BC_21d,Split Tensile Strength,Bacterial Concrete,21,3,False,3.058
TS_BC_21d_016,EXP_TS_BC_21d,Split Tensile Strength,Bacterial Concrete,21,3,False,2.878
TS_BC_21d_017,EXP_TS_BC_21d,Split Tensile Strength,Bacterial Concrete,21,3,False,2.818
TS_BC_21d_018,EXP_TS_BC_21d,Split Tensile Strength,Bacterial Concrete,21,3,False,2.872
TS_BC_21d_019,EXP_TS_BC_21d,Split Tensile Strength,Bacterial Concrete,21,3,False,2.72
TS_BC_21d_020,EXP_TS_BC_21d,Split Tensile Strength,Bacterial Concrete,21,3,False,2.829
TS_BC_21d_021,EXP_TS_BC_21d,Split Tensile Strength,Bacterial Concrete,21,3,False,3.014
TS_BC_21d_022,EXP_TS_BC_21d,Split Tensile Strength,Bacterial Concrete,21,3,False,2.629
TS_BC_21d_023,EXP_TS_BC_21d,Split Tensile Strength,Bacterial Concrete,21,3,False,2.853
TS_BC_21d_024,EXP_TS_BC_21d,Split Tensile Strength,Bacterial Concrete,21,3,False,2.917
TS_BC_21d_025,EXP_TS_BC_21d,Split Tensile Strength,Bacterial Concrete,21,3,False,2.916
TS_BC_21d_026,EXP_TS_BC_21d,Split Tensile Strength,Bacterial Concrete,21,3,False,2.723
TS_BC_21d_027,EXP_TS_BC_21d,Split Tensile Strength,Bacterial Concrete,21,3,False,2.723
TS_BC_21d_028,EXP_TS_BC_21d,Split Tensile Strength,Bacterial Concrete,21,3,False,3.063
TS_BC_21d_029,EXP_TS_BC_21d,Split Tensile Strength,Bacterial Concrete,21,3,False,2.716
TS_BC_21d_030,EXP_TS_BC_21d,Split Tensile Strength,Bacterial Concrete,21,3,False,3.051
TS_BC_21d_031,EXP_TS_BC_21d,Split Tensile Strength,Bacterial Concrete,21,3,False,2.828
TS_BC_21d_032,EXP_TS_BC_21d,Split Tensile Strength,Bacterial Concrete,21,3,False,3.062
TS_BC_21d_033,EXP_TS_BC_21d,Split Tensile Strength,Bacterial Concrete,21,3,False,2.837
TS_BC_21d_034,EXP_TS_BC_21d,Split Tensile Strength,Bacterial Concrete,21,3,False,2.725
TS_BC_21d_035,EXP_TS_BC_21d,Split Tensile Strength,Bacterial Concrete,21,3,False,3.028
TS_BC_21d_036,EXP_TS_BC_21d,Split Tensile Strength,Bacterial Concrete,21,3,False,2.897
TS_BC_21d_037,EXP_TS_BC_21d,Split Tensile Strength,Bacterial Concrete,21,3,False,3.117
TS_BC_21d_038,EXP_TS_BC_21d,Split Tensile Strength,Bacterial Concrete,21,3,False,3.034
TS_BC_21d_039,EXP_TS_BC_21d,Split Tensile Strength,Bacterial Concrete,21,3,False,2.866
TS_BC_21d_040,EXP_TS_BC_21d,Split Tensile Strength,Bacterial Concrete,21,3,False,2.833
TS_BC_21d_041,EXP_TS_BC_21d,Split Tensile Strength,Bacterial Concrete,21,3,False,2.904
TS_BC_21d_042,EXP_TS_BC_21d,Split Tensile Strength,Bacterial Concrete,21,3,False,2.929
TS_BC_21d_043,EXP_TS_BC_21d,Split Tensile Strength,Bacterial Concrete,21,3,False,2.768
TS_BC_21d_044,EXP_TS_BC_21d,Split Tensile Strength,Bacterial Concrete,21,3,False,3.026
TS_BC_21d_045,EXP_TS_BC_21d,Split Tensile Strength,Bacterial Concrete,21,3,False,2.84
TS_BC_21d_046,EXP_TS_BC_21d,Split Tensile Strength,Bacterial Concrete,21,3,False,2.837
TS_BC_21d_047,EXP_TS_BC_21d,Split Tensile Strength,Bacterial Concrete,21,3,False,2.819
TS_BC_21d_048,EXP_TS_BC_21d,Split Tensile Strength,Bacterial Concrete,21,3,False,2.935
TS_BC_21d_049,EXP_TS_BC_21d,Split Tensile Strength,Bacterial Concrete,21,3,False,2.796
TS_BC_21d_050,EXP_TS_BC_21d,Split Tensile Strength,Bacterial Concrete,21,3,False,2.92
TS_BC_21d_051,EXP_TS_BC_21d,Split Tensile Strength,Bacterial Concrete,21,3,False,3.315
TS_BC_21d_052,EXP_TS_BC_21d,Split Tensile Strength,Bacterial Concrete,21,3,False,2.892
TS_BC_21d_053,EXP_TS_BC_21d,Split Tensile Strength,Bacterial Concrete,21,3,False,2.835
TS_BC_21d_054,EXP_TS_BC_21d,Split Tensile Strength,Bacterial Concrete,21,3,False,2.65
TS_BC_21d_055,EXP_TS_BC_21d,Split Tensile Strength,Bacterial Concrete,21,3,False,2.908
TS_BC_21d_056,EXP_TS_BC_21d,Split Tensile Strength,Bacterial Concrete,21,3,False,2.734
TS_BC_21d_057,EXP_TS_BC_21d,Split Tensile Strength,Bacterial Concrete,21,3,False,2.844
TS_BC_21d_058,EXP_TS_BC_21d,Split Tensile Strength,Bacterial Concrete,21,3,False,2.923
TS_BC_21d_059,EXP_TS_BC_21d,Split Tensile Strength,Bacterial Concrete,21,3,False,2.64
TS_BC_21d_060,EXP_TS_BC_21d,Split Tensile Strength,Bacterial Concrete,21,3,False,2.924
TS_BC_21d_061,EXP_TS_BC_21d,Split Tensile Strength,Bacterial Concrete,21,3,False,2.946
TS_BC_21d_062,EXP_TS_BC_21d,Split Tensile Strength,Bacterial Concrete,21,3,False,2.705
TS_BC_21d_063,EXP_TS_BC_21d,Split Tensile Strength,Bacterial Concrete,21,3,False,2.841
TS_BC_21d_064,EXP_TS_BC_21d,Split Tensile Strength,Bacterial Concrete,21,3,False,2.625
TS_BC_21d_065,EXP_TS_BC_21d,Split Tensile Strength,Bacterial Concrete,21,3,False,3.136
TS_BC_21d_066,EXP_TS_BC_21d,Split Tensile Strength,Bacterial Concrete,21,3,False,2.95
TS_BC_21d_067,EXP_TS_BC_21d,Split Tensile Strength,Bacterial Concrete,21,3,False,2.873
TS_BC_21d_068,EXP_TS_BC_21d,Split Tensile Strength,Bacterial Concrete,21,3,False,2.875
TS_BC_21d_069,EXP_TS_BC_21d,Split Tensile Strength,Bacterial Concrete,21,3,False,3.07
TS_BC_21d_070,EXP_TS_BC_21d,Split Tensile Strength,Bacterial Concrete,21,3,False,2.886
TS_BC_21d_071,EXP_TS_BC_21d,Split Tensile Strength,Bacterial Concrete,21,3,False,2.95
TS_BC_21d_072,EXP_TS_BC_21d,Split Tensile Strength,Bacterial Concrete,21,3,False,3.128
TS_BC_21d_073,EXP_TS_BC_21d,Split Tensile Strength,Bacterial Concrete,21,3,False,2.848
TS_BC_21d_074,EXP_TS_BC_21d,Split Tensile Strength,Bacterial Concrete,21,3,False,2.736
TS_BC_21d_075,EXP_TS_BC_21d,Split Tensile Strength,Bacterial Concrete,21,3,False,2.776
TS_BC_21d_076,EXP_TS_BC_21d,Split Tensile Strength,Bacterial Concrete,21,3,False,3.114
TS_BC_21d_077,EXP_TS_BC_21d,Split Tensile Strength,Bacterial Concrete,21,3,False,2.914
TS_BC_21d_078,EXP_TS_BC_21d,Split Tensile Strength,Bacterial Concrete,21,3,False,2.825
TS_BC_21d_079,EXP_TS_BC_21d,Split Tensile Strength,Bacterial Concrete,21,3,False,3.046
TS_BC_21d_080,EXP_TS_BC_21d,Split Tensile Strength,Bacterial Concrete,21,3,False,3.05
TS_BC_21d_081,EXP_TS_BC_21d,Split Tensile Strength,Bacterial Concrete,21,3,False,2.829
TS_BC_21d_082,EXP_TS_BC_21d,Split Tensile Strength,Bacterial Concrete,21,3,False,2.754
TS_BC_21d_083,EXP_TS_BC_21d,Split Tensile Strength,Bacterial Concrete,21,3,False,2.664
TS_BC_21d_084,EXP_TS_BC_21d,Split Tensile Strength,Bacterial Concrete,21,3,False,2.631
TS_BC_21d_085,EXP_TS_BC_21d,Split Tensile Strength,Bacterial Concrete,21,3,False,2.86
TS_BC_21d_086,EXP_TS_BC_21d,Split Tensile Strength,Bacterial Concrete,21,3,False,2.766
TS_BC_21d_087,EXP_TS_BC_21d,Split Tensile Strength,Bacterial Concrete,21,3,False,3.179
TS_BC_21d_088,EXP_TS_BC_21d,Split Tensile Strength,Bacterial Concrete,21,3,False,2.909
TS_BC_21d_089,EXP_TS_BC_21d,Split Tensile Strength,Bacterial Concrete,21,3,False,2.609
TS_BC_21d_090,EXP_TS_BC_21d,Split Tensile Strength,Bacterial Concrete,21,3,False,3.113
TS_BC_21d_091,EXP_TS_BC_21d,Split Tensile Strength,Bacterial Concrete,21,3,False,2.924
TS_BC_21d_092,EXP_TS_BC_21d,Split Tensile Strength,Bacterial Concrete,21,3,False,3.006
TS_BC_21d_093,EXP_TS_BC_21d,Split Tensile Strength,Bacterial Concrete,21,3,False,3.002
TS_BC_21d_094,EXP_TS_BC_21d,Split Tensile Strength,Bacterial Concrete,21,3,False,2.944
TS_BC_21d_095,EXP_TS_BC_21d,Split Tensile Strength,Bacterial Concrete,21,3,False,2.979
TS_BC_21d_096,EXP_TS_BC_21d,Split Tensile Strength,Bacterial Concrete,21,3,False,2.936
TS_BC_21d_097,EXP_TS_BC_21d,Split Tensile Strength,Bacterial Concrete,21,3,False,2.734
TS_BC_21d_098,EXP_TS_BC_21d,Split Tensile Strength,Bacterial Concrete,21,3,False,2.955
TS_BC_21d_099,EXP_TS_BC_21d,Split Tensile Strength,Bacterial Concrete,21,3,False,3.054
TS_BC_21d_100,EXP_TS_BC_21d,Split Tensile Strength,Bacterial Concrete,21,3,False,2.868
TS_BC_28d_001,EXP_TS_BC_28d,Split Tensile Strength,Bacterial Concrete,28,2,False,3.283
TS_BC_28d_002,EXP_TS_BC_28d,Split Tensile Strength,Bacterial Concrete,28,2,False,3.263
TS_BC_28d_003,EXP_TS_BC_28d,Split Tensile Strength,Bacterial Concrete,28,2,False,3.472
TS_BC_28d_004,EXP_TS_BC_28d,Split Tensile Strength,Bacterial Concrete,28,2,False,3.162
TS_BC_28d_005,EXP_TS_BC_28d,Split Tensile Strength,Bacterial Concrete,28,2,False,3.156
TS_BC_28d_006,EXP_TS_BC_28d,Split Tensile Strength,Bacterial Concrete,28,2,False,3.182
TS_BC_28d_007,EXP_TS_BC_28d,Split Tensile Strength,Bacterial Concrete,28,2,False,3.185
TS_BC_28d_008,EXP_TS_BC_28d,Split Tensile Strength,Bacterial Concrete,28,2,False,2.859
TS_BC_28d_009,EXP_TS_BC_28d,Split Tensile Strength,Bacterial Concrete,28,2,False,3.104
TS_BC_28d_010,EXP_TS_BC_28d,Split Tensile Strength,Bacterial Concrete,28,2,False,3.245
TS_BC_28d_011,EXP_TS_BC_28d,Split Tensile Strength,Bacterial Concrete,28,2,False,3.199
TS_BC_28d_012,EXP_TS_BC_28d,Split Tensile Strength,Bacterial Concrete,28,2,False,3.08
TS_BC_28d_013,EXP_TS_BC_28d,Split Tensile Strength,Bacterial Concrete,28,2,False,3.1
TS_BC_28d_014,EXP_TS_BC_28d,Split Tensile Strength,Bacterial Concrete,28,2,False,3.147
TS_BC_28d_015,EXP_TS_BC_28d,Split Tensile Strength,Bacterial Concrete,28,2,False,3.08
TS_BC_28d_016,EXP_TS_BC_28d,Split Tensile Strength,Bacterial Concrete,28,2,False,3.123
TS_BC_28d_017,EXP_TS_BC_28d,Split Tensile Strength,Bacterial Concrete,28,2,False,3.119
TS_BC_28d_018,EXP_TS_BC_28d,Split Tensile Strength,Bacterial Concrete,28,2,False,3.334
TS_BC_28d_019,EXP_TS_BC_28d,Split Tensile Strength,Bacterial Concrete,28,2,False,3.352
TS_BC_28d_020,EXP_TS_BC_28d,Split Tensile Strength,Bacterial Concrete,28,2,False,3.34
TS_BC_28d_021,EXP_TS_BC_28d,Split Tensile Strength,Bacterial Concrete,28,2,False,3.264
TS_BC_28d_022,EXP_TS_BC_28d,Split Tensile Strength,Bacterial Concrete,28,2,False,3.094
TS_BC_28d_023,EXP_TS_BC_28d,Split Tensile Strength,Bacterial Concrete,28,2,False,3.344
TS_BC_28d_024,EXP_TS_BC_28d,Split Tensile Strength,Bacterial Concrete,28,2,False,3.153
TS_BC_28d_025,EXP_TS_BC_28d,Split Tensile Strength,Bacterial Concrete,28,2,False,3.203
TS_BC_28d_026,EXP_TS_BC_28d,Split Tensile Strength,Bacterial Concrete,28,2,False,3.401
TS_BC_28d_027,EXP_TS_BC_28d,Split Tensile Strength,Bacterial Concrete,28,2,False,3.213
TS_BC_28d_028,EXP_TS_BC_28d,Split Tensile Strength,Bacterial Concrete,28,2,False,3.237
TS_BC_28d_029,EXP_TS_BC_28d,Split Tensile Strength,Bacterial Concrete,28,2,False,2.988
TS_BC_28d_030,EXP_TS_BC_28d,Split Tensile Strength,Bacterial Concrete,28,2,False,3.273
TS_BC_28d_031,EXP_TS_BC_28d,Split Tensile Strength,Bacterial Concrete,28,2,False,3.053
TS_BC_28d_032,EXP_TS_BC_28d,Split Tensile Strength,Bacterial Concrete,28,2,False,3.352
TS_BC_28d_033,EXP_TS_BC_28d,Split Tensile Strength,Bacterial Concrete,28,2,False,3.172
TS_BC_28d_034,EXP_TS_BC_28d,Split Tensile Strength,Bacterial Concrete,28,2,False,2.865
TS_BC_28d_035,EXP_TS_BC_28d,Split Tensile Strength,Bacterial Concrete,28,2,False,3.146
TS_BC_28d_036,EXP_TS_BC_28d,Split Tensile Strength,Bacterial Concrete,28,2,False,3.166
TS_BC_28d_037,EXP_TS_BC_28d,Split Tensile Strength,Bacterial Concrete,28,2,False,3.273
TS_BC_28d_038,EXP_TS_BC_28d,Split Tensile Strength,Bacterial Concrete,28,2,False,3.301
TS_BC_28d_039,EXP_TS_BC_28d,Split Tensile Strength,Bacterial Concrete,28,2,False,3.151
TS_BC_28d_040,EXP_TS_BC_28d,Split Tensile Strength,Bacterial Concrete,28,2,False,3.352
TS_BC_28d_041,EXP_TS_BC_28d,Split Tensile Strength,Bacterial Concrete,28,2,False,2.725
TS_BC_28d_042,EXP_TS_BC_28d,Split Tensile Strength,Bacterial Concrete,28,2,False,3.093
TS_BC_28d_043,EXP_TS_BC_28d,Split Tensile Strength,Bacterial Concrete,28,2,False,3.033
TS_BC_28d_044,EXP_TS_BC_28d,Split Tensile Strength,Bacterial Concrete,28,2,False,3.012
TS_BC_28d_045,EXP_TS_BC_28d,Split Tensile Strength,Bacterial Concrete,28,2,False,3.344
TS_BC_28d_046,EXP_TS_BC_28d,Split Tensile Strength,Bacterial Concrete,28,2,False,3.324
TS_BC_28d_047,EXP_TS_BC_28d,Split Tensile Strength,Bacterial Concrete,28,2,False,3.084
TS_BC_28d_048,EXP_TS_BC_28d,Split Tensile Strength,Bacterial Concrete,28,2,False,3.377
TS_BC_28d_049,EXP_TS_BC_28d,Split Tensile Strength,Bacterial Concrete,28,2,False,3.215
TS_BC_28d_050,EXP_TS_BC_28d,Split Tensile Strength,Bacterial Concrete,28,2,False,3.137
TS_BC_28d_051,EXP_TS_BC_28d,Split Tensile Strength,Bacterial Concrete,28,2,False,3.096
TS_BC_28d_052,EXP_TS_BC_28d,Split Tensile Strength,Bacterial Concrete,28,2,False,3.083
TS_BC_28d_053,EXP_TS_BC_28d,Split Tensile Strength,Bacterial Concrete,28,2,False,3.271
TS_BC_28d_054,EXP_TS_BC_28d,Split Tensile Strength,Bacterial Concrete,28,2,False,3.298
TS_BC_28d_055,EXP_TS_BC_28d,Split Tensile Strength,Bacterial Concrete,28,2,False,3.236
TS_BC_28d_056,EXP_TS_BC_28d,Split Tensile Strength,Bacterial Concrete,28,2,False,2.892
TS_BC_28d_057,EXP_TS_BC_28d,Split Tensile Strength,Bacterial Concrete,28,2,False,3.244
TS_BC_28d_058,EXP_TS_BC_28d,Split Tensile Strength,Bacterial Concrete,28,2,False,3.285
TS_BC_28d_059,EXP_TS_BC_28d,Split Tensile Strength,Bacterial Concrete,28,2,False,3.1
TS_BC_28d_060,EXP_TS_BC_28d,Split Tensile Strength,Bacterial Concrete,28,2,False,3.206
TS_BC_28d_061,EXP_TS_BC_28d,Split Tensile Strength,Bacterial Concrete,28,2,False,2.92
TS_BC_28d_062,EXP_TS_BC_28d,Split Tensile Strength,Bacterial Concrete,28,2,False,3.016
TS_BC_28d_063,EXP_TS_BC_28d,Split Tensile Strength,Bacterial Concrete,28,2,False,3.151
TS_BC_28d_064,EXP_TS_BC_28d,Split Tensile Strength,Bacterial Concrete,28,2,False,3.154
TS_BC_28d_065,EXP_TS_BC_28d,Split Tensile Strength,Bacterial Concrete,28,2,False,3.253
TS_BC_28d_066,EXP_TS_BC_28d,Split Tensile Strength,Bacterial Concrete,28,2,False,3.022
TS_BC_28d_067,EXP_TS_BC_28d,Split Tensile Strength,Bacterial Concrete,28,2,False,3.149
TS_BC_28d_068,EXP_TS_BC_28d,Split Tensile Strength,Bacterial Concrete,28,2,False,3.127
TS_BC_28d_069,EXP_TS_BC_28d,Split Tensile Strength,Bacterial Concrete,28,2,False,3.279
TS_BC_28d_070,EXP_TS_BC_28d,Split Tensile Strength,Bacterial Concrete,28,2,False,3.413
TS_BC_28d_071,EXP_TS_BC_28d,Split Tensile Strength,Bacterial Concrete,28,2,False,3.458
TS_BC_28d_072,EXP_TS_BC_28d,Split Tensile Strength,Bacterial Concrete,28,2,False,2.965
TS_BC_28d_073,EXP_TS_BC_28d,Split Tensile Strength,Bacterial Concrete,28,2,False,3.193
TS_BC_28d_074,EXP_TS_BC_28d,Split Tensile Strength,Bacterial Concrete,28,2,False,3.033
TS_BC_28d_075,EXP_TS_BC_28d,Split Tensile Strength,Bacterial Concrete,28,2,False,3.19
TS_BC_28d_076,EXP_TS_BC_28d,Split Tensile Strength,Bacterial Concrete,28,2,False,3.263
TS_BC_28d_077,EXP_TS_BC_28d,Split Tensile Strength,Bacterial Concrete,28,2,False,3.212
TS_BC_28d_078,EXP_TS_BC_28d,Split Tensile Strength,Bacterial Concrete,28,2,False,3.193
TS_BC_28d_079,EXP_TS_BC_28d,Split Tensile Strength,Bacterial Concrete,28,2,False,3.422
TS_BC_28d_080,EXP_TS_BC_28d,Split Tensile Strength,Bacterial Concrete,28,2,False,3.308
TS_BC_28d_081,EXP_TS_BC_28d,Split Tensile Strength,Bacterial Concrete,28,2,False,3.159
TS_BC_28d_082,EXP_TS_BC_28d,Split Tensile Strength,Bacterial Concrete,28,2,False,3.204
TS_BC_28d_083,EXP_TS_BC_28d,Split Tensile Strength,Bacterial Concrete,28,2,False,3.331
TS_BC_28d_084,EXP_TS_BC_28d,Split Tensile Strength,Bacterial Concrete,28,2,False,3.291
TS_BC_28d_085,EXP_TS_BC_28d,Split Tensile Strength,Bacterial Concrete,28,2,False,3.136
TS_BC_28d_086,EXP_TS_BC_28d,Split Tensile Strength,Bacterial Concrete,28,2,False,2.934
TS_BC_28d_087,EXP_TS_BC_28d,Split Tensile Strength,Bacterial Concrete,28,2,False,3.022
TS_BC_28d_088,EXP_TS_BC_28d,Split Tensile Strength,Bacterial Concrete,28,2,False,3.222
TS_BC_28d_089,EXP_TS_BC_28d,Split Tensile Strength,Bacterial Concrete,28,2,False,2.932
TS_BC_28d_090,EXP_TS_BC_28d,Split Tensile Strength,Bacterial Concrete,28,2,False,3.177
TS_BC_28d_091,EXP_TS_BC_28d,Split Tensile Strength,Bacterial Concrete,28,2,False,3.132
TS_BC_28d_092,EXP_TS_BC_28d,Split Tensile Strength,Bacterial Concrete,28,2,False,3.35
TS_BC_28d_093,EXP_TS_BC_28d,Split Tensile Strength,Bacterial Concrete,28,2,False,3.002
TS_BC_28d_094,EXP_TS_BC_28d,Split Tensile Strength,Bacterial Concrete,28,2,False,2.91
TS_BC_28d_095,EXP_TS_BC_28d,Split Tensile Strength,Bacterial Concrete,28,2,False,3.137
TS_BC_28d_096,EXP_TS_BC_28d,Split Tensile Strength,Bacterial Concrete,28,2,False,3.295
TS_BC_28d_097,EXP_TS_BC_28d,Split Tensile Strength,Bacterial Concrete,28,2,False,3.36
TS_BC_28d_098,EXP_TS_BC_28d,Split Tensile Strength,Bacterial Concrete,28,2,False,3.064
TS_BC_28d_099,EXP_TS_BC_28d,Split Tensile Strength,Bacterial Concrete,28,2,False,3.271
TS_BC_28d_100,EXP_TS_BC_28d,Split Tensile Strength,Bacterial Concrete,28,2,False,3.033
TS_BC_56d_001,EXP_TS_BC_56d,Split Tensile Strength,Bacterial Concrete,56,1,False,3.388
TS_BC_56d_002,EXP_TS_BC_56d,Split Tensile Strength,Bacterial Concrete,56,1,False,3.585
TS_BC_56d_003,EXP_TS_BC_56d,Split Tensile Strength,Bacterial Concrete,56,1,False,3.608
TS_BC_56d_004,EXP_TS_BC_56d,Split Tensile Strength,Bacterial Concrete,56,1,False,3.35
TS_BC_56d_005,EXP_TS_BC_56d,Split Tensile Strength,Bacterial Concrete,56,1,False,3.571
TS_BC_56d_006,EXP_TS_BC_56d,Split Tensile Strength,Bacterial Concrete,56,1,False,3.22
TS_BC_56d_007,EXP_TS_BC_56d,Split Tensile Strength,Bacterial Concrete,56,1,False,3.47
TS_BC_56d_008,EXP_TS_BC_56d,Split Tensile Strength,Bacterial Concrete,56,1,False,3.33
TS_BC_56d_009,EXP_TS_BC_56d,Split Tensile Strength,Bacterial Concrete,56,1,False,3.379
TS_BC_56d_010,EXP_TS_BC_56d,Split Tensile Strength,Bacterial Concrete,56,1,False,3.309
TS_BC_56d_011,EXP_TS_BC_56d,Split Tensile Strength,Bacterial Concrete,56,1,False,3.583
TS_BC_56d_012,EXP_TS_BC_56d,Split Tensile Strength,Bacterial Concrete,56,1,False,3.583
TS_BC_56d_013,EXP_TS_BC_56d,Split Tensile Strength,Bacterial Concrete,56,1,False,3.396
TS_BC_56d_014,EXP_TS_BC_56d,Split Tensile Strength,Bacterial Concrete,56,1,False,3.556
TS_BC_56d_015,EXP_TS_BC_56d,Split Tensile Strength,Bacterial Concrete,56,1,False,3.539
TS_BC_56d_016,EXP_TS_BC_56d,Split Tensile Strength,Bacterial Concrete,56,1,False,3.481
TS_BC_56d_017,EXP_TS_BC_56d,Split Tensile Strength,Bacterial Concrete,56,1,False,3.824
TS_BC_56d_018,EXP_TS_BC_56d,Split Tensile Strength,Bacterial Concrete,56,1,False,3.374
TS_BC_56d_019,EXP_TS_BC_56d,Split Tensile Strength,Bacterial Concrete,56,1,False,3.502
TS_BC_56d_020,EXP_TS_BC_56d,Split Tensile Strength,Bacterial Concrete,56,1,False,3.443
TS_BC_56d_021,EXP_TS_BC_56d,Split Tensile Strength,Bacterial Concrete,56,1,False,3.444
TS_BC_56d_022,EXP_TS_BC_56d,Split Tensile Strength,Bacterial Concrete,56,1,False,3.524
TS_BC_56d_023,EXP_TS_BC_56d,Split Tensile Strength,Bacterial Concrete,56,1,False,3.456
TS_BC_56d_024,EXP_TS_BC_56d,Split Tensile Strength,Bacterial Concrete,56,1,False,3.371
TS_BC_56d_025,EXP_TS_BC_56d,Split Tensile Strength,Bacterial Concrete,56,1,False,3.519
TS_BC_56d_026,EXP_TS_BC_56d,Split Tensile Strength,Bacterial Concrete,56,1,False,3.677
TS_BC_56d_027,EXP_TS_BC_56d,Split Tensile Strength,Bacterial Concrete,56,1,False,3.641
TS_BC_56d_028,EXP_TS_BC_56d,Split Tensile Strength,Bacterial Concrete,56,1,False,3.53
TS_BC_56d_029,EXP_TS_BC_56d,Split Tensile Strength,Bacterial Concrete,56,1,False,3.39
TS_BC_56d_030,EXP_TS_BC_56d,Split Tensile Strength,Bacterial Concrete,56,1,False,3.528
TS_BC_56d_031,EXP_TS_BC_56d,Split Tensile Strength,Bacterial Concrete,56,1,False,3.663
TS_BC_56d_032,EXP_TS_BC_56d,Split Tensile Strength,Bacterial Concrete,56,1,False,3.679
TS_BC_56d_033,EXP_TS_BC_56d,Split Tensile Strength,Bacterial Concrete,56,1,False,3.554
TS_BC_56d_034,EXP_TS_BC_56d,Split Tensile Strength,Bacterial Concrete,56,1,False,3.445
TS_BC_56d_035,EXP_TS_BC_56d,Split Tensile Strength,Bacterial Concrete,56,1,False,3.47
TS_BC_56d_036,EXP_TS_BC_56d,Split Tensile Strength,Bacterial Concrete,56,1,False,3.616
TS_BC_56d_037,EXP_TS_BC_56d,Split Tensile Strength,Bacterial Concrete,56,1,False,3.603
TS_BC_56d_038,EXP_TS_BC_56d,Split Tensile Strength,Bacterial Concrete,56,1,False,3.236
TS_BC_56d_039,EXP_TS_BC_56d,Split Tensile Strength,Bacterial Concrete,56,1,False,3.599
TS_BC_56d_040,EXP_TS_BC_56d,Split Tensile Strength,Bacterial Concrete,56,1,False,3.607
TS_BC_56d_041,EXP_TS_BC_56d,Split Tensile Strength,Bacterial Concrete,56,1,False,3.367
TS_BC_56d_042,EXP_TS_BC_56d,Split Tensile Strength,Bacterial Concrete,56,1,False,3.385
TS_BC_56d_043,EXP_TS_BC_56d,Split Tensile Strength,Bacterial Concrete,56,1,False,3.386
TS_BC_56d_044,EXP_TS_BC_56d,Split Tensile Strength,Bacterial Concrete,56,1,False,3.398
TS_BC_56d_045,EXP_TS_BC_56d,Split Tensile Strength,Bacterial Concrete,56,1,False,3.287
TS_BC_56d_046,EXP_TS_BC_56d,Split Tensile Strength,Bacterial Concrete,56,1,False,3.547
TS_BC_56d_047,EXP_TS_BC_56d,Split Tensile Strength,Bacterial Concrete,56,1,False,3.382
TS_BC_56d_048,EXP_TS_BC_56d,Split Tensile Strength,Bacterial Concrete,56,1,False,3.489
TS_BC_56d_049,EXP_TS_BC_56d,Split Tensile Strength,Bacterial Concrete,56,1,False,3.425
TS_BC_56d_050,EXP_TS_BC_56d,Split Tensile Strength,Bacterial Concrete,56,1,False,3.538
TS_BC_56d_051,EXP_TS_BC_56d,Split Tensile Strength,Bacterial Concrete,56,1,False,3.348
TS_BC_56d_052,EXP_TS_BC_56d,Split Tensile Strength,Bacterial Concrete,56,1,False,3.537
TS_BC_56d_053,EXP_TS_BC_56d,Split Tensile Strength,Bacterial Concrete,56,1,False,3.558
TS_BC_56d_054,EXP_TS_BC_56d,Split Tensile Strength,Bacterial Concrete,56,1,False,3.624
TS_BC_56d_055,EXP_TS_BC_56d,Split Tensile Strength,Bacterial Concrete,56,1,False,3.795
TS_BC_56d_056,EXP_TS_BC_56d,Split Tensile Strength,Bacterial Concrete,56,1,False,3.186
TS_BC_56d_057,EXP_TS_BC_56d,Split Tensile Strength,Bacterial Concrete,56,1,False,3.548
TS_BC_56d_058,EXP_TS_BC_56d,Split Tensile Strength,Bacterial Concrete,56,1,False,3.394
TS_BC_56d_059,EXP_TS_BC_56d,Split Tensile Strength,Bacterial Concrete,56,1,False,3.211
TS_BC_56d_060,EXP_TS_BC_56d,Split Tensile Strength,Bacterial Concrete,56,1,False,3.626
TS_BC_56d_061,EXP_TS_BC_56d,Split Tensile Strength,Bacterial Concrete,56,1,False,3.7
TS_BC_56d_062,EXP_TS_BC_56d,Split Tensile Strength,Bacterial Concrete,56,1,False,3.441
TS_BC_56d_063,EXP_TS_BC_56d,Split Tensile Strength,Bacterial Concrete,56,1,False,3.532
TS_BC_56d_064,EXP_TS_BC_56d,Split Tensile Strength,Bacterial Concrete,56,1,False,3.49
TS_BC_56d_065,EXP_TS_BC_56d,Split Tensile Strength,Bacterial Concrete,56,1,False,3.565
TS_BC_56d_066,EXP_TS_BC_56d,Split Tensile Strength,Bacterial Concrete,56,1,False,3.632
TS_BC_56d_067,EXP_TS_BC_56d,Split Tensile Strength,Bacterial Concrete,56,1,False,3.552
TS_BC_56d_068,EXP_TS_BC_56d,Split Tensile Strength,Bacterial Concrete,56,1,False,3.552
TS_BC_56d_069,EXP_TS_BC_56d,Split Tensile Strength,Bacterial Concrete,56,1,False,3.689
TS_BC_56d_070,EXP_TS_BC_56d,Split Tensile Strength,Bacterial Concrete,56,1,False,3.475
TS_BC_56d_071,EXP_TS_BC_56d,Split Tensile Strength,Bacterial Concrete,56,1,False,3.638
TS_BC_56d_072,EXP_TS_BC_56d,Split Tensile Strength,Bacterial Concrete,56,1,False,3.377
TS_BC_56d_073,EXP_TS_BC_56d,Split Tensile Strength,Bacterial Concrete,56,1,False,3.741
TS_BC_56d_074,EXP_TS_BC_56d,Split Tensile Strength,Bacterial Concrete,56,1,False,3.611
TS_BC_56d_075,EXP_TS_BC_56d,Split Tensile Strength,Bacterial Concrete,56,1,False,3.439
TS_BC_56d_076,EXP_TS_BC_56d,Split Tensile Strength,Bacterial Concrete,56,1,False,3.183
TS_BC_56d_077,EXP_TS_BC_56d,Split Tensile Strength,Bacterial Concrete,56,1,False,3.5
TS_BC_56d_078,EXP_TS_BC_56d,Split Tensile Strength,Bacterial Concrete,56,1,False,3.323
TS_BC_56d_079,EXP_TS_BC_56d,Split Tensile Strength,Bacterial Concrete,56,1,False,3.545
TS_BC_56d_080,EXP_TS_BC_56d,Split Tensile Strength,Bacterial Concrete,56,1,False,3.718
TS_BC_56d_081,EXP_TS_BC_56d,Split Tensile Strength,Bacterial Concrete,56,1,False,3.524
TS_BC_56d_082,EXP_TS_BC_56d,Split Tensile Strength,Bacterial Concrete,56,1,False,3.473
TS_BC_56d_083,EXP_TS_BC_56d,Split Tensile Strength,Bacterial Concrete,56,1,False,3.551
TS_BC_56d_084,EXP_TS_BC_56d,Split Tensile Strength,Bacterial Concrete,56,1,False,3.543
TS_BC_56d_085,EXP_TS_BC_56d,Split Tensile Strength,Bacterial Concrete,56,1,False,3.146
TS_BC_56d_086,EXP_TS_BC_56d,Split Tensile Strength,Bacterial Concrete,56,1,False,3.536
TS_BC_56d_087,EXP_TS_BC_56d,Split Tensile Strength,Bacterial Concrete,56,1,False,3.593
TS_BC_56d_088,EXP_TS_BC_56d,Split Tensile Strength,Bacterial Concrete,56,1,False,3.461
TS_BC_56d_089,EXP_TS_BC_56d,Split Tensile Strength,Bacterial Concrete,56,1,False,3.647
TS_BC_56d_090,EXP_TS_BC_56d,Split Tensile Strength,Bacterial Concrete,56,1,False,3.481
TS_BC_56d_091,EXP_TS_BC_56d,Split Tensile Strength,Bacterial Concrete,56,1,False,3.615
TS_BC_56d_092,EXP_TS_BC_56d,Split Tensile Strength,Bacterial Concrete,56,1,False,3.841
TS_BC_56d_093,EXP_TS_BC_56d,Split Tensile Strength,Bacterial Concrete,56,1,False,3.486
TS_BC_56d_094,EXP_TS_BC_56d,Split Tensile Strength,Bacterial Concrete,56,1,False,3.209
TS_BC_56d_095,EXP_TS_BC_56d,Split Tensile Strength,Bacterial Concrete,56,1,False,3.45
TS_BC_56d_096,EXP_TS_BC_56d,Split Tensile Strength,Bacterial Concrete,56,1,False,3.241
TS_BC_56d_097,EXP_TS_BC_56d,Split Tensile Strength,Bacterial Concrete,56,1,False,3.592
TS_BC_56d_098,EXP_TS_BC_56d,Split Tensile Strength,Bacterial Concrete,56,1,False,3.696
TS_BC_56d_099,EXP_TS_BC_56d,Split Tensile Strength,Bacterial Concrete,56,1,False,3.604
TS_BC_56d_100,EXP_TS_BC_56d,Split Tensile Strength,Bacterial Concrete,56,1,False,3.548
