sample_id,experiment_id,mechanical_property,concrete_type,curing_age_days,split
CS_NC_07d_001,EXP_CS_NC_07d,Compressive Strength,Normal Concrete,7,test
CS_BC_07d_001,EXP_CS_BC_07d,Compressive Strength,Bacterial Concrete,7,test
CS_NC_07d_002,EXP_CS_NC_07d,Compressive Strength,Normal Concrete,7,test
CS_BC_07d_002,EXP_CS_BC_07d,Compressive Strength,Bacterial Concrete,7,test
CS_NC_07d_003,EXP_CS_NC_07d,Compressive Strength,Normal Concrete,7,test
CS_BC_07d_003,EXP_CS_BC_07d,Compressive Strength,Bacterial Concrete,7,test
CS_NC_07d_004,EXP_CS_NC_07d,Compressive Strength,Normal Concrete,7,test
CS_BC_07d_004,EXP_CS_BC_07d,Compressive Strength,Bacterial Concrete,7,test
CS_NC_07d_005,EXP_CS_NC_07d,Compressive Strength,Normal Concrete,7,test
CS_BC_07d_005,EXP_CS_BC_07d,Compressive Strength,Bacterial Concrete,7,test
CS_NC_07d_006,EXP_CS_NC_07d,Compressive Strength,Normal Concrete,7,test
CS_BC_07d_006,EXP_CS_BC_07d,Compressive Strength,Bacterial Concrete,7,test
CS_NC_07d_007,EXP_CS_NC_07d,Compressive Strength,Normal Concrete,7,test
CS_BC_07d_007,EXP_CS_BC_07d,Compressive Strength,Bacterial Concrete,7,test
CS_NC_07d_008,EXP_CS_NC_07d,Compressive Strength,Normal Concrete,7,test
CS_BC_07d_008,EXP_CS_BC_07d,Compressive Strength,Bacterial Concrete,7,test
CS_NC_07d_009,EXP_CS_NC_07d,Compressive Strength,Normal Concrete,7,test
CS_BC_07d_009,EXP_CS_BC_07d,Compressive Strength,Bacterial Concrete,7,test
CS_NC_07d_010,EXP_CS_NC_07d,Compressive Strength,Normal Concrete,7,test
CS_BC_07d_010,EXP_CS_BC_07d,Compressive Strength,Bacterial Concrete,7,test
CS_NC_07d_011,EXP_CS_NC_07d,Compressive Strength,Normal Concrete,7,test
CS_BC_07d_011,EXP_CS_BC_07d,Compressive Strength,Bacterial Concrete,7,test
CS_NC_07d_012,EXP_CS_NC_07d,Compressive Strength,Normal Concrete,7,test
CS_BC_07d_012,EXP_CS_BC_07d,Compressive Strength,Bacterial Concrete,7,test
CS_NC_07d_013,EXP_CS_NC_07d,Compressive Strength,Normal Concrete,7,test
CS_BC_07d_013,EXP_CS_BC_07d,Compressive Strength,Bacterial Concrete,7,test
CS_NC_07d_014,EXP_CS_NC_07d,Compressive Strength,Normal Concrete,7,test
CS_BC_07d_014,EXP_CS_BC_07d,Compressive Strength,Bacterial Concrete,7,test
CS_NC_07d_015,EXP_CS_NC_07d,Compressive Strength,Normal Concrete,7,test
CS_BC_07d_015,EXP_CS_BC_07d,Compressive Strength,Bacterial Concrete,7,test
CS_NC_07d_016,EXP_CS_NC_07d,Compressive Strength,Normal Concrete,7,test
CS_BC_07d_016,EXP_CS_BC_07d,Compressive Strength,Bacterial Concrete,7,test
CS_NC_07d_017,EXP_CS_NC_07d,Compressive Strength,Normal Concrete,7,test
CS_BC_07d_017,EXP_CS_BC_07d,Compressive Strength,Bacterial Concrete,7,test
CS_NC_07d_018,EXP_CS_NC_07d,Compressive Strength,Normal Concrete,7,test
CS_BC_07d_018,EXP_CS_BC_07d,Compressive Strength,Bacterial Concrete,7,test
CS_NC_07d_019,EXP_CS_NC_07d,Compressive Strength,Normal Concrete,7,test
CS_BC_07d_019,EXP_CS_BC_07d,Compressive Strength,Bacterial Concrete,7,test
CS_NC_07d_020,EXP_CS_NC_07d,Compressive Strength,Normal Concrete,7,test
CS_BC_07d_020,EXP_CS_BC_07d,Compressive Strength,Bacterial Concrete,7,test
CS_NC_07d_021,EXP_CS_NC_07d,Compressive Strength,Normal Concrete,7,test
CS_BC_07d_021,EXP_CS_BC_07d,Compressive Strength,Bacterial Concrete,7,test
CS_NC_07d_022,EXP_CS_NC_07d,Compressive Strength,Normal Concrete,7,test
CS_BC_07d_022,EXP_CS_BC_07d,Compressive Strength,Bacterial Concrete,7,test
CS_NC_07d_023,EXP_CS_NC_07d,Compressive Strength,Normal Concrete,7,test
CS_BC_07d_023,EXP_CS_BC_07d,Compressive Strength,Bacterial Concrete,7,test
CS_NC_07d_024,EXP_CS_NC_07d,Compressive Strength,Normal Concrete,7,test
CS_BC_07d_024,EXP_CS_BC_07d,Compressive Strength,Bacterial Concrete,7,test
CS_NC_07d_025,EXP_CS_NC_07d,Compressive Strength,Normal Concrete,7,test
CS_BC_07d_025,EXP_CS_BC_07d,Compressive Strength,Bacterial Concrete,7,test
CS_NC_07d_026,EXP_CS_NC_07d,Compressive Strength,Normal Concrete,7,test
CS_BC_07d_026,EXP_CS_BC_07d,Compressive Strength,Bacterial Concrete,7,test
CS_NC_07d_027,EXP_CS_NC_07d,Compressive Strength,Normal Concrete,7,test
CS_BC_07d_027,EXP_CS_BC_07d,Compressive Strength,Bacterial Concrete,7,test
CS_NC_07d_028,EXP_CS_NC_07d,Compressive Strength,Normal Concrete,7,test
CS_BC_07d_028,EXP_CS_BC_07d,Compressive Strength,Bacterial Concrete,7,test
CS_NC_07d_029,EXP_CS_NC_07d,Compressive Strength,Normal Concrete,7,test
CS_BC_07d_029,EXP_CS_BC_07d,Compressive Strength,Bacterial Concrete,7,test
CS_NC_07d_030,EXP_CS_NC_07d,Compressive Strength,Normal Concrete,7,test
CS_BC_07d_030,EXP_CS_BC_07d,Compressive Strength,Bacterial Concrete,7,test
CS_NC_07d_031,EXP_CS_NC_07d,Compressive Strength,Normal Concrete,7,test
CS_BC_07d_031,EXP_CS_BC_07d,Compressive Strength,Bacterial Concrete,7,test
CS_NC_07d_032,EXP_CS_NC_07d,Compressive Strength,Normal Concrete,7,test
CS_BC_07d_032,EXP_CS_BC_07d,Compressive Strength,Bacterial Concrete,7,test
CS_NC_07d_033,EXP_CS_NC_07d,Compressive Strength,Normal Concrete,7,test
CS_BC_07d_033,EXP_CS_BC_07d,Compressive Strength,Bacterial Concrete,7,test
CS_NC_07d_034,EXP_CS_NC_07d,Compressive Strength,Normal Concrete,7,test
CS_BC_07d_034,EXP_CS_BC_07d,Compressive Strength,Bacterial Concrete,7,test
CS_NC_07d_035,EXP_CS_NC_07d,Compressive Strength,Normal Concrete,7,test
CS_BC_07d_035,EXP_CS_BC_07d,Compressive Strength,Bacterial Concrete,7,test
CS_NC_07d_036,EXP_CS_NC_07d,Compressive Strength,Normal Concrete,7,test
CS_BC_07d_036,EXP_CS_BC_07d,Compressive Strength,Bacterial Concrete,7,test
CS_NC_07d_037,EXP_CS_NC_07d,Compressive Strength,Normal Concrete,7,test
CS_BC_07d_037,EXP_CS_BC_07d,Compressive Strength,Bacterial Concrete,7,test
CS_NC_07d_038,EXP_CS_NC_07d,Compressive Strength,Normal Concrete,7,test
CS_BC_07d_038,EXP_CS_BC_07d,Compressive Strength,Bacterial Concrete,7,test
CS_NC_07d_039,EXP_CS_NC_07d,Compressive Strength,Normal Concrete,7,test
CS_BC_07d_039,EXP_CS_BC_07d,Compressive Strength,Bacterial Concrete,7,test
CS_NC_07d_040,EXP_CS_NC_07d,Compressive Strength,Normal Concrete,7,test
CS_BC_07d_040,EXP_CS_BC_07d,Compressive Strength,Bacterial Concrete,7,test
CS_NC_07d_041,EXP_CS_NC_07d,Compressive Strength,Normal Concrete,7,test
CS_BC_07d_041,EXP_CS_BC_07d,Compressive Strength,Bacterial Concrete,7,test
CS_NC_07d_042,EXP_CS_NC_07d,Compressive Strength,Normal Concrete,7,test
CS_BC_07d_042,EXP_CS_BC_07d,Compressive Strength,Bacterial Concrete,7,test
CS_NC_07d_043,EXP_CS_NC_07d,Compressive Strength,Normal Concrete,7,test
CS_BC_07d_043,EXP_CS_BC_07d,Compressive Strength,Bacterial Concrete,7,test
CS_NC_07d_044,EXP_CS_NC_07d,Compressive Strength,Normal Concrete,7,test
CS_BC_07d_044,EXP_CS_BC_07d,Compressive Strength,Bacterial Concrete,7,test
CS_NC_07d_045,EXP_CS_NC_07d,Compressive Strength,Normal Concrete,7,test
CS_BC_07d_045,EXP_CS_BC_07d,Compressive Strength,Bacterial Concrete,7,test
CS_NC_07d_046,EXP_CS_NC_07d,Compressive Strength,Normal Concrete,7,test
CS_BC_07d_046,EXP_CS_BC_07d,Compressive Strength,Bacterial Concrete,7,test
CS_NC_07d_047,EXP_CS_NC_07d,Compressive Strength,Normal Concrete,7,test
CS_BC_07d_047,EXP_CS_BC_07d,Compressive Strength,Bacterial Concrete,7,test
CS_NC_07d_048,EXP_CS_NC_07d,Compressive Strength,Normal Concrete,7,test
CS_BC_07d_048,EXP_CS_BC_07d,Compressive Strength,Bacterial Concrete,7,test
CS_NC_07d_049,EXP_CS_NC_07d,Compressive Strength,Normal Concrete,7,test
CS_BC_07d_049,EXP_CS_BC_07d,Compressive Strength,Bacterial Concrete,7,test
CS_NC_07d_050,EXP_CS_NC_07d,Compressive Strength,Normal Concrete,7,test
CS_BC_07d_050,EXP_CS_BC_07d,Compressive Strength,Bacterial Concrete,7,test
CS_NC_07d_051,EXP_CS_NC_07d,Compressive Strength,Normal Concrete,7,test
CS_BC_07d_051,EXP_CS_BC_07d,Compressive Strength,Bacterial Concrete,7,test
CS_NC_07d_052,EXP_CS_NC_07d,Compressive Strength,Normal Concrete,7,test
CS_BC_07d_052,EXP_CS_BC_07d,Compressive Strength,Bacterial Concrete,7,test
CS_NC_07d_053,EXP_CS_NC_07d,Compressive Strength,Normal Concrete,7,test
CS_BC_07d_053,EXP_CS_BC_07d,Compressive Strength,Bacterial Concrete,7,test
CS_NC_07d_054,EXP_CS_NC_07d,Compressive Strength,Normal Concrete,7,test
CS_BC_07d_054,EXP_CS_BC_07d,Compressive Strength,Bacterial Concrete,7,test
CS_NC_07d_055,EXP_CS_NC_07d,Compressive Strength,Normal Concrete,7,test
CS_BC_07d_055,EXP_CS_BC_07d,Compressive Strength,Bacterial Concrete,7,test
CS_NC_07d_056,EXP_CS_NC_07d,Compressive Strength,Normal Concrete,7,test
CS_BC_07d_056,EXP_CS_BC_07d,Compressive Strength,Bacterial Concrete,7,test
CS_NC_07d_057,EXP_CS_NC_07d,Compressive Strength,Normal Concrete,7,test
CS_BC_07d_057,EXP_CS_BC_07d,Compressive Strength,Bacterial Concrete,7,test
CS_NC_07d_058,EXP_CS_NC_07d,Compressive Strength,Normal Concrete,7,test
CS_BC_07d_058,EXP_CS_BC_07d,Compressive Strength,Bacterial Concrete,7,test
CS_NC_07d_059,EXP_CS_NC_07d,Compressive Strength,Normal Concrete,7,test
CS_BC_07d_059,EXP_CS_BC_07d,Compressive Strength,Bacterial Concrete,7,test
CS_NC_07d_060,EXP_CS_NC_07d,Compressive Strength,Normal Concrete,7,test
CS_BC_07d_060,EXP_CS_BC_07d,Compressive Strength,Bacterial Concrete,7,test
CS_NC_07d_061,EXP_CS_NC_07d,Compressive Strength,Normal Concrete,7,test
CS_BC_07d_061,EXP_CS_BC_07d,Compressive Strength,Bacterial Concrete,7,test
CS_NC_07d_062,EXP_CS_NC_07d,Compressive Strength,Normal Concrete,7,test
CS_BC_07d_062,EXP_CS_BC_07d,Compressive Strength,Bacterial Concrete,7,test
CS_NC_07d_063,EXP_CS_NC_07d,Compressive Strength,Normal Concrete,7,test
CS_BC_07d_063,EXP_CS_BC_07d,Compressive Strength,Bacterial Concrete,7,test
CS_NC_07d_064,EXP_CS_NC_07d,Compressive Strength,Normal Concrete,7,test
CS_BC_07d_064,EXP_CS_BC_07d,Compressive Strength,Bacterial Concrete,7,test
CS_NC_07d_065,EXP_CS_NC_07d,Compressive Strength,Normal Concrete,7,test
CS_BC_07d_065,EXP_CS_BC_07d,Compressive Strength,Bacterial Concrete,7,test
CS_NC_07d_066,EXP_CS_NC_07d,Compressive Strength,Normal Concrete,7,test
CS_BC_07d_066,EXP_CS_BC_07d,Compressive Strength,Bacterial Concrete,7,test
CS_NC_07d_067,EXP_CS_NC_07d,Compressive Strength,Normal Concrete,7,test
CS_BC_07d_067,EXP_CS_BC_07d,Compressive Strength,Bacterial Concrete,7,test
CS_NC_07d_068,EXP_CS_NC_07d,Compressive Strength,Normal Concrete,7,test
CS_BC_07d_068,EXP_CS_BC_07d,Compressive Strength,Bacterial Concrete,7,test
CS_NC_07d_069,EXP_CS_NC_07d,Compressive Strength,Normal Concrete,7,test
CS_BC_07d_069,EXP_CS_BC_07d,Compressive Strength,Bacterial Concrete,7,test
CS_NC_07d_070,EXP_CS_NC_07d,Compressive Strength,Normal Concrete,7,test
CS_BC_07d_070,EXP_CS_BC_07d,Compressive Strength,Bacterial Concrete,7,test
CS_NC_07d_071,EXP_CS_NC_07d,Compressive Strength,Normal Concrete,7,test
CS_BC_07d_071,EXP_CS_BC_07d,Compressive Strength,Bacterial Concrete,7,test
CS_NC_07d_072,EXP_CS_NC_07d,Compressive Strength,Normal Concrete,7,test
CS_BC_07d_072,EXP_CS_BC_07d,Compressive Strength,Bacterial Concrete,7,test
CS_NC_07d_073,EXP_CS_NC_07d,Compressive Strength,Normal Concrete,7,test
CS_BC_07d_073,EXP_CS_BC_07d,Compressive Strength,Bacterial Concrete,7,test
CS_NC_07d_074,EXP_CS_NC_07d,Compressive Strength,Normal Concrete,7,test
CS_BC_07d_074,EXP_CS_BC_07d,Compressive Strength,Bacterial Concrete,7,test
CS_NC_07d_075,EXP_CS_NC_07d,Compressive Strength,Normal Concrete,7,test
CS_BC_07d_075,EXP_CS_BC_07d,Compressive Strength,Bacterial Concrete,7,test
CS_NC_07d_076,EXP_CS_NC_07d,Compressive Strength,Normal Concrete,7,test
CS_BC_07d_076,EXP_CS_BC_07d,Compressive Strength,Bacterial Concrete,7,test
CS_NC_07d_077,EXP_CS_NC_07d,Compressive Strength,Normal Concrete,7,test
CS_BC_07d_077,EXP_CS_BC_07d,Compressive Strength,Bacterial Concrete,7,test
CS_NC_07d_078,EXP_CS_NC_07d,Compressive Strength,Normal Concrete,7,test
CS_BC_07d_078,EXP_CS_BC_07d,Compressive Strength,Bacterial Concrete,7,test
CS_NC_07d_079,EXP_CS_NC_07d,Compressive Strength,Normal Concrete,7,test
CS_BC_07d_079,EXP_CS_BC_07d,Compressive Strength,Bacterial Concrete,7,test
CS_NC_07d_080,EXP_CS_NC_07d,Compressive Strength,Normal Concrete,7,test
CS_BC_07d_080,EXP_CS_BC_07d,Compressive Strength,Bacterial Concrete,7,test
CS_NC_07d_081,EXP_CS_NC_07d,Compressive Strength,Normal Concrete,7,test
CS_BC_07d_081,EXP_CS_BC_07d,Compressive Strength,Bacterial Concrete,7,test
CS_NC_07d_082,EXP_CS_NC_07d,Compressive Strength,Normal Concrete,7,test
CS_BC_07d_082,EXP_CS_BC_07d,Compressive Strength,Bacterial Concrete,7,test
CS_NC_07d_083,EXP_CS_NC_07d,Compressive Strength,Normal Concrete,7,test
CS_BC_07d_083,EXP_CS_BC_07d,Compressive Strength,Bacterial Concrete,7,test
CS_NC_07d_084,EXP_CS_NC_07d,Compressive Strength,Normal Concrete,7,test
CS_BC_07d_084,EXP_CS_BC_07d,Compressive Strength,Bacterial Concrete,7,test
CS_NC_07d_085,EXP_CS_NC_07d,Compressive Strength,Normal Concrete,7,test
CS_BC_07d_085,EXP_CS_BC_07d,Compressive Strength,Bacterial Concrete,7,test
CS_NC_07d_086,EXP_CS_NC_07d,Compressive Strength,Normal Concrete,7,test
CS_BC_07d_086,EXP_CS_BC_07d,Compressive Strength,Bacterial Concrete,7,test
CS_NC_07d_087,EXP_CS_NC_07d,Compressive Strength,Normal Concrete,7,test
CS_BC_07d_087,EXP_CS_BC_07d,Compressive Strength,Bacterial Concrete,7,test
CS_NC_07d_088,EXP_CS_NC_07d,Compressive Strength,Normal Concrete,7,test
CS_BC_07d_088,EXP_CS_BC_07d,Compressive Strength,Bacterial Concrete,7,test
CS_NC_07d_089,EXP_CS_NC_07d,Compressive Strength,Normal Concrete,7,test
CS_BC_07d_089,EXP_CS_BC_07d,Compressive Strength,Bacterial Concrete,7,test
CS_NC_07d_090,EXP_CS_NC_07d,Compressive Strength,Normal Concrete,7,test
CS_BC_07d_090,EXP_CS_BC_07d,Compressive Strength,Bacterial Concrete,7,test
CS_NC_07d_091,EXP_CS_NC_07d,Compressive Strength,Normal Concrete,7,test
CS_BC_07d_091,EXP_CS_BC_07d,Compressive Strength,Bacterial Concrete,7,test
CS_NC_07d_092,EXP_CS_NC_07d,Compressive Strength,Normal Concrete,7,test
CS_BC_07d_092,EXP_CS_BC_07d,Compressive Strength,Bacterial Concrete,7,test
CS_NC_07d_093,EXP_CS_NC_07d,Compressive Strength,Normal Concrete,7,test
CS_BC_07d_093,EXP_CS_BC_07d,Compressive Strength,Bacterial Concrete,7,test
CS_NC_07d_094,EXP_CS_NC_07d,Compressive Strength,Normal Concrete,7,test
CS_BC_07d_094,EXP_CS_BC_07d,Compressive Strength,Bacterial Concrete,7,test
CS_NC_07d_095,EXP_CS_NC_07d,Compressive Strength,Normal Concrete,7,test
CS_BC_07d_095,EXP_CS_BC_07d,Compressive Strength,Bacterial Concrete,7,test
CS_NC_07d_096,EXP_CS_NC_07d,Compressive Strength,Normal Concrete,7,test
CS_BC_07d_096,EXP_CS_BC_07d,Compressive Strength,Bacterial Concrete,7,test
CS_NC_07d_097,EXP_CS_NC_07d,Compressive Strength,Normal Concrete,7,test
CS_BC_07d_097,EXP_CS_BC_07d,Compressive Strength,Bacterial Concrete,7,test
CS_NC_07d_098,EXP_CS_NC_07d,Compressive Strength,Normal Concrete,7,test
CS_BC_07d_098,EXP_CS_BC_07d,Compressive Strength,Bacterial Concrete,7,test
CS_NC_07d_099,EXP_CS_NC_07d,Compressive Strength,Normal Concrete,7,test
CS_BC_07d_099,EXP_CS_BC_07d,Compressive Strength,Bacterial Concrete,7,test
CS_NC_07d_100,EXP_CS_NC_07d,Compressive Strength,Normal Concrete,7,test
CS_BC_07d_100,EXP_CS_BC_07d,Compressive Strength,Bacterial Concrete,7,test
CS_NC_14d_001,EXP_CS_NC_14d,Compressive Strength,Normal Concrete,14,train
CS_BC_14d_001,EXP_CS_BC_14d,Compressive Strength,Bacterial Concrete,14,train
CS_NC_14d_002,EXP_CS_NC_14d,Compressive Strength,Normal Concrete,14,train
CS_BC_14d_002,EXP_CS_BC_14d,Compressive Strength,Bacterial Concrete,14,train
CS_NC_14d_003,EXP_CS_NC_14d,Compressive Strength,Normal Concrete,14,train
CS_BC_14d_003,EXP_CS_BC_14d,Compressive Strength,Bacterial Concrete,14,train
CS_NC_14d_004,EXP_CS_NC_14d,Compressive Strength,Normal Concrete,14,train
CS_BC_14d_004,EXP_CS_BC_14d,Compressive Strength,Bacterial Concrete,14,train
CS_NC_14d_005,EXP_CS_NC_14d,Compressive Strength,Normal Concrete,14,train
CS_BC_14d_005,EXP_CS_BC_14d,Compressive Strength,Bacterial Concrete,14,train
CS_NC_14d_006,EXP_CS_NC_14d,Compressive Strength,Normal Concrete,14,train
CS_BC_14d_006,EXP_CS_BC_14d,Compressive Strength,Bacterial Concrete,14,train
CS_NC_14d_007,EXP_CS_NC_14d,Compressive Strength,Normal Concrete,14,train
CS_BC_14d_007,EXP_CS_BC_14d,Compressive Strength,Bacterial Concrete,14,train
CS_NC_14d_008,EXP_CS_NC_14d,Compressive Strength,Normal Concrete,14,train
CS_BC_14d_008,EXP_CS_BC_14d,Compressive Strength,Bacterial Concrete,14,train
CS_NC_14d_009,EXP_CS_NC_14d,Compressive Strength,Normal Concrete,14,train
CS_BC_14d_009,EXP_CS_BC_14d,Compressive Strength,Bacterial Concrete,14,train
CS_NC_14d_010,EXP_CS_NC_14d,Compressive Strength,Normal Concrete,14,train
CS_BC_14d_010,EXP_CS_BC_14d,Compressive Strength,Bacterial Concrete,14,train
CS_NC_14d_011,EXP_CS_NC_14d,Compressive Strength,Normal Concrete,14,train
CS_BC_14d_011,EXP_CS_BC_14d,Compressive Strength,Bacterial Concrete,14,train
CS_NC_14d_012,EXP_CS_NC_14d,Compressive Strength,Normal Concrete,14,train
CS_BC_14d_012,EXP_CS_BC_14d,Compressive Strength,Bacterial Concrete,14,train
CS_NC_14d_013,EXP_CS_NC_14d,Compressive Strength,Normal Concrete,14,train
CS_BC_14d_013,EXP_CS_BC_14d,Compressive Strength,Bacterial Concrete,14,train
CS_NC_14d_014,EXP_CS_NC_14d,Compressive Strength,Normal Concrete,14,train
CS_BC_14d_014,EXP_CS_BC_14d,Compressive Strength,Bacterial Concrete,14,train
CS_NC_14d_015,EXP_CS_NC_14d,Compressive Strength,Normal Concrete,14,train
CS_BC_14d_015,EXP_CS_BC_14d,Compressive Strength,Bacterial Concrete,14,train
CS_NC_14d_016,EXP_CS_NC_14d,Compressive Strength,Normal Concrete,14,train
CS_BC_14d_016,EXP_CS_BC_14d,Compressive Strength,Bacterial Concrete,14,train
CS_NC_14d_017,EXP_CS_NC_14d,Compressive Strength,Normal Concrete,14,train
CS_BC_14d_017,EXP_CS_BC_14d,Compressive Strength,Bacterial Concrete,14,train
CS_NC_14d_018,EXP_CS_NC_14d,Compressive Strength,Normal Concrete,14,train
CS_BC_14d_018,EXP_CS_BC_14d,Compressive Strength,Bacterial Concrete,14,train
CS_NC_14d_019,EXP_CS_NC_14d,Compressive Strength,Normal Concrete,14,train
CS_BC_14d_019,EXP_CS_BC_14d,Compressive Strength,Bacterial Concrete,14,train
CS_NC_14d_020,EXP_CS_NC_14d,Compressive Strength,Normal Concrete,14,train
CS_BC_14d_020,EXP_CS_BC_14d,Compressive Strength,Bacterial Concrete,14,train
CS_NC_14d_021,EXP_CS_NC_14d,Compressive Strength,Normal Concrete,14,train
CS_BC_14d_021,EXP_CS_BC_14d,Compressive Strength,Bacterial Concrete,14,train
CS_NC_14d_022,EXP_CS_NC_14d,Compressive Strength,Normal Concrete,14,train
CS_BC_14d_022,EXP_CS_BC_14d,Compressive Strength,Bacterial Concrete,14,train
CS_NC_14d_023,EXP_CS_NC_14d,Compressive Strength,Normal Concrete,14,train
CS_BC_14d_023,EXP_CS_BC_14d,Compressive Strength,Bacterial Concrete,14,train
CS_NC_14d_024,EXP_CS_NC_14d,Compressive Strength,Normal Concrete,14,train
CS_BC_14d_024,EXP_CS_BC_14d,Compressive Strength,Bacterial Concrete,14,train
CS_NC_14d_025,EXP_CS_NC_14d,Compressive Strength,Normal Concrete,14,train
CS_BC_14d_025,EXP_CS_BC_14d,Compressive Strength,Bacterial Concrete,14,train
CS_NC_14d_026,EXP_CS_NC_14d,Compressive Strength,Normal Concrete,14,train
CS_BC_14d_026,EXP_CS_BC_14d,Compressive Strength,Bacterial Concrete,14,train
CS_NC_14d_027,EXP_CS_NC_14d,Compressive Strength,Normal Concrete,14,train
CS_BC_14d_027,EXP_CS_BC_14d,Compressive Strength,Bacterial Concrete,14,train
CS_NC_14d_028,EXP_CS_NC_14d,Compressive Strength,Normal Concrete,14,train
CS_BC_14d_028,EXP_CS_BC_14d,Compressive Strength,Bacterial Concrete,14,train
CS_NC_14d_029,EXP_CS_NC_14d,Compressive Strength,Normal Concrete,14,train
CS_BC_14d_029,EXP_CS_BC_14d,Compressive Strength,Bacterial Concrete,14,train
CS_NC_14d_030,EXP_CS_NC_14d,Compressive Strength,Normal Concrete,14,train
CS_BC_14d_030,EXP_CS_BC_14d,Compressive Strength,Bacterial Concrete,14,train
CS_NC_14d_031,EXP_CS_NC_14d,Compressive Strength,Normal Concrete,14,train
CS_BC_14d_031,EXP_CS_BC_14d,Compressive Strength,Bacterial Concrete,14,train
CS_NC_14d_032,EXP_CS_NC_14d,Compressive Strength,Normal Concrete,14,train
CS_BC_14d_032,EXP_CS_BC_14d,Compressive Strength,Bacterial Concrete,14,train
CS_NC_14d_033,EXP_CS_NC_14d,Compressive Strength,Normal Concrete,14,train
CS_BC_14d_033,EXP_CS_BC_14d,Compressive Strength,Bacterial Concrete,14,train
CS_NC_14d_034,EXP_CS_NC_14d,Compressive Strength,Normal Concrete,14,train
CS_BC_14d_034,EXP_CS_BC_14d,Compressive Strength,Bacterial Concrete,14,train
CS_NC_14d_035,EXP_CS_NC_14d,Compressive Strength,Normal Concrete,14,train
CS_BC_14d_035,EXP_CS_BC_14d,Compressive Strength,Bacterial Concrete,14,train
CS_NC_14d_036,EXP_CS_NC_14d,Compressive Strength,Normal Concrete,14,train
CS_BC_14d_036,EXP_CS_BC_14d,Compressive Strength,Bacterial Concrete,14,train
CS_NC_14d_037,EXP_CS_NC_14d,Compressive Strength,Normal Concrete,14,train
CS_BC_14d_037,EXP_CS_BC_14d,Compressive Strength,Bacterial Concrete,14,train
CS_NC_14d_038,EXP_CS_NC_14d,Compressive Strength,Normal Concrete,14,train
CS_BC_14d_038,EXP_CS_BC_14d,Compressive Strength,Bacterial Concrete,14,train
CS_NC_14d_039,EXP_CS_NC_14d,Compressive Strength,Normal Concrete,14,train
CS_BC_14d_039,EXP_CS_BC_14d,Compressive Strength,Bacterial Concrete,14,train
CS_NC_14d_040,EXP_CS_NC_14d,Compressive Strength,Normal Concrete,14,train
CS_BC_14d_040,EXP_CS_BC_14d,Compressive Strength,Bacterial Concrete,14,train
CS_NC_14d_041,EXP_CS_NC_14d,Compressive Strength,Normal Concrete,14,train
CS_BC_14d_041,EXP_CS_BC_14d,Compressive Strength,Bacterial Concrete,14,train
CS_NC_14d_042,EXP_CS_NC_14d,Compressive Strength,Normal Concrete,14,train
CS_BC_14d_042,EXP_CS_BC_14d,Compressive Strength,Bacterial Concrete,14,train
CS_NC_14d_043,EXP_CS_NC_14d,Compressive Strength,Normal Concrete,14,train
CS_BC_14d_043,EXP_CS_BC_14d,Compressive Strength,Bacterial Concrete,14,train
CS_NC_14d_044,EXP_CS_NC_14d,Compressive Strength,Normal Concrete,14,train
CS_BC_14d_044,EXP_CS_BC_14d,Compressive Strength,Bacterial Concrete,14,train
CS_NC_14d_045,EXP_CS_NC_14d,Compressive Strength,Normal Concrete,14,train
CS_BC_14d_045,EXP_CS_BC_14d,Compressive Strength,Bacterial Concrete,14,train
CS_NC_14d_046,EXP_CS_NC_14d,Compressive Strength,Normal Concrete,14,train
CS_BC_14d_046,EXP_CS_BC_14d,Compressive Strength,Bacterial Concrete,14,train
CS_NC_14d_047,EXP_CS_NC_14d,Compressive Strength,Normal Concrete,14,train
CS_BC_14d_047,EXP_CS_BC_14d,Compressive Strength,Bacterial Concrete,14,train
CS_NC_14d_048,EXP_CS_NC_14d,Compressive Strength,Normal Concrete,14,train
CS_BC_14d_048,EXP_CS_BC_14d,Compressive Strength,Bacterial Concrete,14,train
CS_NC_14d_049,EXP_CS_NC_14d,Compressive Strength,Normal Concrete,14,train
CS_BC_14d_049,EXP_CS_BC_14d,Compressive Strength,Bacterial Concrete,14,train
CS_NC_14d_050,EXP_CS_NC_14d,Compressive Strength,Normal Concrete,14,train
CS_BC_14d_050,EXP_CS_BC_14d,Compressive Strength,Bacterial Concrete,14,train
CS_NC_14d_051,EXP_CS_NC_14d,Compressive Strength,Normal Concrete,14,train
CS_BC_14d_051,EXP_CS_BC_14d,Compressive Strength,Bacterial Concrete,14,train
CS_NC_14d_052,EXP_CS_NC_14d,Compressive Strength,Normal Concrete,14,train
CS_BC_14d_052,EXP_CS_BC_14d,Compressive Strength,Bacterial Concrete,14,train
CS_NC_14d_053,EXP_CS_NC_14d,Compressive Strength,Normal Concrete,14,train
CS_BC_14d_053,EXP_CS_BC_14d,Compressive Strength,Bacterial Concrete,14,train
CS_NC_14d_054,EXP_CS_NC_14d,Compressive Strength,Normal Concrete,14,train
CS_BC_14d_054,EXP_CS_BC_14d,Compressive Strength,Bacterial Concrete,14,train
CS_NC_14d_055,EXP_CS_NC_14d,Compressive Strength,Normal Concrete,14,train
CS_BC_14d_055,EXP_CS_BC_14d,Compressive Strength,Bacterial Concrete,14,train
CS_NC_14d_056,EXP_CS_NC_14d,Compressive Strength,Normal Concrete,14,train
CS_BC_14d_056,EXP_CS_BC_14d,Compressive Strength,Bacterial Concrete,14,train
CS_NC_14d_057,EXP_CS_NC_14d,Compressive Strength,Normal Concrete,14,train
CS_BC_14d_057,EXP_CS_BC_14d,Compressive Strength,Bacterial Concrete,14,train
CS_NC_14d_058,EXP_CS_NC_14d,Compressive Strength,Normal Concrete,14,train
CS_BC_14d_058,EXP_CS_BC_14d,Compressive Strength,Bacterial Concrete,14,train
CS_NC_14d_059,EXP_CS_NC_14d,Compressive Strength,Normal Concrete,14,train
CS_BC_14d_059,EXP_CS_BC_14d,Compressive Strength,Bacterial Concrete,14,train
CS_NC_14d_060,EXP_CS_NC_14d,Compressive Strength,Normal Concrete,14,train
CS_BC_14d_060,EXP_CS_BC_14d,Compressive Strength,Bacterial Concrete,14,train
CS_NC_14d_061,EXP_CS_NC_14d,Compressive Strength,Normal Concrete,14,train
CS_BC_14d_061,EXP_CS_BC_14d,Compressive Strength,Bacterial Concrete,14,train
CS_NC_14d_062,EXP_CS_NC_14d,Compressive Strength,Normal Concrete,14,train
CS_BC_14d_062,EXP_CS_BC_14d,Compressive Strength,Bacterial Concrete,14,train
CS_NC_14d_063,EXP_CS_NC_14d,Compressive Strength,Normal Concrete,14,train
CS_BC_14d_063,EXP_CS_BC_14d,Compressive Strength,Bacterial Concrete,14,train
CS_NC_14d_064,EXP_CS_NC_14d,Compressive Strength,Normal Concrete,14,train
CS_BC_14d_064,EXP_CS_BC_14d,Compressive Strength,Bacterial Concrete,14,train
CS_NC_14d_065,EXP_CS_NC_14d,Compressive Strength,Normal Concrete,14,train
CS_BC_14d_065,EXP_CS_BC_14d,Compressive Strength,Bacterial Concrete,14,train
CS_NC_14d_066,EXP_CS_NC_14d,Compressive Strength,Normal Concrete,14,train
CS_BC_14d_066,EXP_CS_BC_14d,Compressive Strength,Bacterial Concrete,14,train
CS_NC_14d_067,EXP_CS_NC_14d,Compressive Strength,Normal Concrete,14,train
CS_BC_14d_067,EXP_CS_BC_14d,Compressive Strength,Bacterial Concrete,14,train
CS_NC_14d_068,EXP_CS_NC_14d,Compressive Strength,Normal Concrete,14,train
CS_BC_14d_068,EXP_CS_BC_14d,Compressive Strength,Bacterial Concrete,14,train
CS_NC_14d_069,EXP_CS_NC_14d,Compressive Strength,Normal Concrete,14,train
CS_BC_14d_069,EXP_CS_BC_14d,Compressive Strength,Bacterial Concrete,14,train
CS_NC_14d_070,EXP_CS_NC_14d,Compressive Strength,Normal Concrete,14,train
CS_BC_14d_070,EXP_CS_BC_14d,Compressive Strength,Bacterial Concrete,14,train
CS_NC_14d_071,EXP_CS_NC_14d,Compressive Strength,Normal Concrete,14,train
CS_BC_14d_071,EXP_CS_BC_14d,Compressive Strength,Bacterial Concrete,14,train
CS_NC_14d_072,EXP_CS_NC_14d,Compressive Strength,Normal Concrete,14,train
CS_BC_14d_072,EXP_CS_BC_14d,Compressive Strength,Bacterial Concrete,14,train
CS_NC_14d_073,EXP_CS_NC_14d,Compressive Strength,Normal Concrete,14,train
CS_BC_14d_073,EXP_CS_BC_14d,Compressive Strength,Bacterial Concrete,14,train
CS_NC_14d_074,EXP_CS_NC_14d,Compressive Strength,Normal Concrete,14,train
CS_BC_14d_074,EXP_CS_BC_14d,Compressive Strength,Bacterial Concrete,14,train
CS_NC_14d_075,EXP_CS_NC_14d,Compressive Strength,Normal Concrete,14,train
CS_BC_14d_075,EXP_CS_BC_14d,Compressive Strength,Bacterial Concrete,14,train
CS_NC_14d_076,EXP_CS_NC_14d,Compressive Strength,Normal Concrete,14,train
CS_BC_14d_076,EXP_CS_BC_14d,Compressive Strength,Bacterial Concrete,14,train
CS_NC_14d_077,EXP_CS_NC_14d,Compressive Strength,Normal Concrete,14,train
CS_BC_14d_077,EXP_CS_BC_14d,Compressive Strength,Bacterial Concrete,14,train
CS_NC_14d_078,EXP_CS_NC_14d,Compressive Strength,Normal Concrete,14,train
CS_BC_14d_078,EXP_CS_BC_14d,Compressive Strength,Bacterial Concrete,14,train
CS_NC_14d_079,EXP_CS_NC_14d,Compressive Strength,Normal Concrete,14,train
CS_BC_14d_079,EXP_CS_BC_14d,Compressive Strength,Bacterial Concrete,14,train
CS_NC_14d_080,EXP_CS_NC_14d,Compressive Strength,Normal Concrete,14,train
CS_BC_14d_080,EXP_CS_BC_14d,Compressive Strength,Bacterial Concrete,14,train
CS_NC_14d_081,EXP_CS_NC_14d,Compressive Strength,Normal Concrete,14,train
CS_BC_14d_081,EXP_CS_BC_14d,Compressive Strength,Bacterial Concrete,14,train
CS_NC_14d_082,EXP_CS_NC_14d,Compressive Strength,Normal Concrete,14,train
CS_BC_14d_082,EXP_CS_BC_14d,Compressive Strength,Bacterial Concrete,14,train
CS_NC_14d_083,EXP_CS_NC_14d,Compressive Strength,Normal Concrete,14,train
CS_BC_14d_083,EXP_CS_BC_14d,Compressive Strength,Bacterial Concrete,14,train
CS_NC_14d_084,EXP_CS_NC_14d,Compressive Strength,Normal Concrete,14,train
CS_BC_14d_084,EXP_CS_BC_14d,Compressive Strength,Bacterial Concrete,14,train
CS_NC_14d_085,EXP_CS_NC_14d,Compressive Strength,Normal Concrete,14,train
CS_BC_14d_085,EXP_CS_BC_14d,Compressive Strength,Bacterial Concrete,14,train
CS_NC_14d_086,EXP_CS_NC_14d,Compressive Strength,Normal Concrete,14,train
CS_BC_14d_086,EXP_CS_BC_14d,Compressive Strength,Bacterial Concrete,14,train
CS_NC_14d_087,EXP_CS_NC_14d,Compressive Strength,Normal Concrete,14,train
CS_BC_14d_087,EXP_CS_BC_14d,Compressive Strength,Bacterial Concrete,14,train
CS_NC_14d_088,EXP_CS_NC_14d,Compressive Strength,Normal Concrete,14,train
CS_BC_14d_088,EXP_CS_BC_14d,Compressive Strength,Bacterial Concrete,14,train
CS_NC_14d_089,EXP_CS_NC_14d,Compressive Strength,Normal Concrete,14,train
CS_BC_14d_089,EXP_CS_BC_14d,Compressive Strength,Bacterial Concrete,14,train
CS_NC_14d_090,EXP_CS_NC_14d,Compressive Strength,Normal Concrete,14,train
CS_BC_14d_090,EXP_CS_BC_14d,Compressive Strength,Bacterial Concrete,14,train
CS_NC_14d_091,EXP_CS_NC_14d,Compressive Strength,Normal Concrete,14,train
CS_BC_14d_091,EXP_CS_BC_14d,Compressive Strength,Bacterial Concrete,14,train
CS_NC_14d_092,EXP_CS_NC_14d,Compressive Strength,Normal Concrete,14,train
CS_BC_14d_092,EXP_CS_BC_14d,Compressive Strength,Bacterial Concrete,14,train
CS_NC_14d_093,EXP_CS_NC_14d,Compressive Strength,Normal Concrete,14,train
CS_BC_14d_093,EXP_CS_BC_14d,Compressive Strength,Bacterial Concrete,14,train
CS_NC_14d_094,EXP_CS_NC_14d,Compressive Strength,Normal Concrete,14,train
CS_BC_14d_094,EXP_CS_BC_14d,Compressive Strength,Bacterial Concrete,14,train
CS_NC_14d_095,EXP_CS_NC_14d,Compressive Strength,Normal Concrete,14,train
CS_BC_14d_095,EXP_CS_BC_14d,Compressive Strength,Bacterial Concrete,14,train
CS_NC_14d_096,EXP_CS_NC_14d,Compressive Strength,Normal Concrete,14,train
CS_BC_14d_096,EXP_CS_BC_14d,Compressive Strength,Bacterial Concrete,14,train
CS_NC_14d_097,EXP_CS_NC_14d,Compressive Strength,Normal Concrete,14,train
CS_BC_14d_097,EXP_CS_BC_14d,Compressive Strength,Bacterial Concrete,14,train
CS_NC_14d_098,EXP_CS_NC_14d,Compressive Strength,Normal Concrete,14,train
CS_BC_14d_098,EXP_CS_BC_14d,Compressive Strength,Bacterial Concrete,14,train
CS_NC_14d_099,EXP_CS_NC_14d,Compressive Strength,Normal Concrete,14,train
CS_BC_14d_099,EXP_CS_BC_14d,Compressive Strength,Bacterial Concrete,14,train
CS_NC_14d_100,EXP_CS_NC_14d,Compressive Strength,Normal Concrete,14,train
CS_BC_14d_100,EXP_CS_BC_14d,Compressive Strength,Bacterial Concrete,14,train
CS_NC_21d_001,EXP_CS_NC_21d,Compressive Strength,Normal Concrete,21,train
CS_BC_21d_001,EXP_CS_BC_21d,Compressive Strength,Bacterial Concrete,21,train
CS_NC_21d_002,EXP_CS_NC_21d,Compressive Strength,Normal Concrete,21,train
CS_BC_21d_002,EXP_CS_BC_21d,Compressive Strength,Bacterial Concrete,21,train
CS_NC_21d_003,EXP_CS_NC_21d,Compressive Strength,Normal Concrete,21,train
CS_BC_21d_003,EXP_CS_BC_21d,Compressive Strength,Bacterial Concrete,21,train
CS_NC_21d_004,EXP_CS_NC_21d,Compressive Strength,Normal Concrete,21,train
CS_BC_21d_004,EXP_CS_BC_21d,Compressive Strength,Bacterial Concrete,21,train
CS_NC_21d_005,EXP_CS_NC_21d,Compressive Strength,Normal Concrete,21,train
CS_BC_21d_005,EXP_CS_BC_21d,Compressive Strength,Bacterial Concrete,21,train
CS_NC_21d_006,EXP_CS_NC_21d,Compressive Strength,Normal Concrete,21,train
CS_BC_21d_006,EXP_CS_BC_21d,Compressive Strength,Bacterial Concrete,21,train
CS_NC_21d_007,EXP_CS_NC_21d,Compressive Strength,Normal Concrete,21,train
CS_BC_21d_007,EXP_CS_BC_21d,Compressive Strength,Bacterial Concrete,21,train
CS_NC_21d_008,EXP_CS_NC_21d,Compressive Strength,Normal Concrete,21,train
CS_BC_21d_008,EXP_CS_BC_21d,Compressive Strength,Bacterial Concrete,21,train
CS_NC_21d_009,EXP_CS_NC_21d,Compressive Strength,Normal Concrete,21,train
CS_BC_21d_009,EXP_CS_BC_21d,Compressive Strength,Bacterial Concrete,21,train
CS_NC_21d_010,EXP_CS_NC_21d,Compressive Strength,Normal Concrete,21,train
CS_BC_21d_010,EXP_CS_BC_21d,Compressive Strength,Bacterial Concrete,21,train
CS_NC_21d_011,EXP_CS_NC_21d,Compressive Strength,Normal Concrete,21,train
CS_BC_21d_011,EXP_CS_BC_21d,Compressive Strength,Bacterial Concrete,21,train
CS_NC_21d_012,EXP_CS_NC_21d,Compressive Strength,Normal Concrete,21,train
CS_BC_21d_012,EXP_CS_BC_21d,Compressive Strength,Bacterial Concrete,21,train
CS_NC_21d_013,EXP_CS_NC_21d,Compressive Strength,Normal Concrete,21,train
CS_BC_21d_013,EXP_CS_BC_21d,Compressive Strength,Bacterial Concrete,21,train
CS_NC_21d_014,EXP_CS_NC_21d,Compressive Strength,Normal Concrete,21,train
CS_BC_21d_014,EXP_CS_BC_21d,Compressive Strength,Bacterial Concrete,21,train
CS_NC_21d_015,EXP_CS_NC_21d,Compressive Strength,Normal Concrete,21,train
CS_BC_21d_015,EXP_CS_BC_21d,Compressive Strength,Bacterial Concrete,21,train
CS_NC_21d_016,EXP_CS_NC_21d,Compressive Strength,Normal Concrete,21,train
CS_BC_21d_016,EXP_CS_BC_21d,Compressive Strength,Bacterial Concrete,21,train
CS_NC_21d_017,EXP_CS_NC_21d,Compressive Strength,Normal Concrete,21,train
CS_BC_21d_017,EXP_CS_BC_21d,Compressive Strength,Bacterial Concrete,21,train
CS_NC_21d_018,EXP_CS_NC_21d,Compressive Strength,Normal Concrete,21,train
CS_BC_21d_018,EXP_CS_BC_21d,Compressive Strength,Bacterial Concrete,21,train
CS_NC_21d_019,EXP_CS_NC_21d,Compressive Strength,Normal Concrete,21,train
CS_BC_21d_019,EXP_CS_BC_21d,Compressive Strength,Bacterial Concrete,21,train
CS_NC_21d_020,EXP_CS_NC_21d,Compressive Strength,Normal Concrete,21,train
CS_BC_21d_020,EXP_CS_BC_21d,Compressive Strength,Bacterial Concrete,21,train
CS_NC_21d_021,EXP_CS_NC_21d,Compressive Strength,Normal Concrete,21,train
CS_BC_21d_021,EXP_CS_BC_21d,Compressive Strength,Bacterial Concrete,21,train
CS_NC_21d_022,EXP_CS_NC_21d,Compressive Strength,Normal Concrete,21,train
CS_BC_21d_022,EXP_CS_BC_21d,Compressive Strength,Bacterial Concrete,21,train
CS_NC_21d_023,EXP_CS_NC_21d,Compressive Strength,Normal Concrete,21,train
CS_BC_21d_023,EXP_CS_BC_21d,Compressive Strength,Bacterial Concrete,21,train
CS_NC_21d_024,EXP_CS_NC_21d,Compressive Strength,Normal Concrete,21,train
CS_BC_21d_024,EXP_CS_BC_21d,Compressive Strength,Bacterial Concrete,21,train
CS_NC_21d_025,EXP_CS_NC_21d,Compressive Strength,Normal Concrete,21,train
CS_BC_21d_025,EXP_CS_BC_21d,Compressive Strength,Bacterial Concrete,21,train
CS_NC_21d_026,EXP_CS_NC_21d,Compressive Strength,Normal Concrete,21,train
CS_BC_21d_026,EXP_CS_BC_21d,Compressive Strength,Bacterial Concrete,21,train
CS_NC_21d_027,EXP_CS_NC_21d,Compressive Strength,Normal Concrete,21,train
CS_BC_21d_027,EXP_CS_BC_21d,Compressive Strength,Bacterial Concrete,21,train
CS_NC_21d_028,EXP_CS_NC_21d,Compressive Strength,Normal Concrete,21,train
CS_BC_21d_028,EXP_CS_BC_21d,Compressive Strength,Bacterial Concrete,21,train
CS_NC_21d_029,EXP_CS_NC_21d,Compressive Strength,Normal Concrete,21,train
CS_BC_21d_029,EXP_CS_BC_21d,Compressive Strength,Bacterial Concrete,21,train
CS_NC_21d_030,EXP_CS_NC_21d,Compressive Strength,Normal Concrete,21,train
CS_BC_21d_030,EXP_CS_BC_21d,Compressive Strength,Bacterial Concrete,21,train
CS_NC_21d_031,EXP_CS_NC_21d,Compressive Strength,Normal Concrete,21,train
CS_BC_21d_031,EXP_CS_BC_21d,Compressive Strength,Bacterial Concrete,21,train
CS_NC_21d_032,EXP_CS_NC_21d,Compressive Strength,Normal Concrete,21,train
CS_BC_21d_032,EXP_CS_BC_21d,Compressive Strength,Bacterial Concrete,21,train
CS_NC_21d_033,EXP_CS_NC_21d,Compressive Strength,Normal Concrete,21,train
CS_BC_21d_033,EXP_CS_BC_21d,Compressive Strength,Bacterial Concrete,21,train
CS_NC_21d_034,EXP_CS_NC_21d,Compressive Strength,Normal Concrete,21,train
CS_BC_21d_034,EXP_CS_BC_21d,Compressive Strength,Bacterial Concrete,21,train
CS_NC_21d_035,EXP_CS_NC_21d,Compressive Strength,Normal Concrete,21,train
CS_BC_21d_035,EXP_CS_BC_21d,Compressive Strength,Bacterial Concrete,21,train
CS_NC_21d_036,EXP_CS_NC_21d,Compressive Strength,Normal Concrete,21,train
CS_BC_21d_036,EXP_CS_BC_21d,Compressive Strength,Bacterial Concrete,21,train
CS_NC_21d_037,EXP_CS_NC_21d,Compressive Strength,Normal Concrete,21,train
CS_BC_21d_037,EXP_CS_BC_21d,Compressive Strength,Bacterial Concrete,21,train
CS_NC_21d_038,EXP_CS_NC_21d,Compressive Strength,Normal Concrete,21,train
CS_BC_21d_038,EXP_CS_BC_21d,Compressive Strength,Bacterial Concrete,21,train
CS_NC_21d_039,EXP_CS_NC_21d,Compressive Strength,Normal Concrete,21,train
CS_BC_21d_039,EXP_CS_BC_21d,Compressive Strength,Bacterial Concrete,21,train
CS_NC_21d_040,EXP_CS_NC_21d,Compressive Strength,Normal Concrete,21,train
CS_BC_21d_040,EXP_CS_BC_21d,Compressive Strength,Bacterial Concrete,21,train
CS_NC_21d_041,EXP_CS_NC_21d,Compressive Strength,Normal Concrete,21,train
CS_BC_21d_041,EXP_CS_BC_21d,Compressive Strength,Bacterial Concrete,21,train
CS_NC_21d_042,EXP_CS_NC_21d,Compressive Strength,Normal Concrete,21,train
CS_BC_21d_042,EXP_CS_BC_21d,Compressive Strength,Bacterial Concrete,21,train
CS_NC_21d_043,EXP_CS_NC_21d,Compressive Strength,Normal Concrete,21,train
CS_BC_21d_043,EXP_CS_BC_21d,Compressive Strength,Bacterial Concrete,21,train
CS_NC_21d_044,EXP_CS_NC_21d,Compressive Strength,Normal Concrete,21,train
CS_BC_21d_044,EXP_CS_BC_21d,Compressive Strength,Bacterial Concrete,21,train
CS_NC_21d_045,EXP_CS_NC_21d,Compressive Strength,Normal Concrete,21,train
CS_BC_21d_045,EXP_CS_BC_21d,Compressive Strength,Bacterial Concrete,21,train
CS_NC_21d_046,EXP_CS_NC_21d,Compressive Strength,Normal Concrete,21,train
CS_BC_21d_046,EXP_CS_BC_21d,Compressive Strength,Bacterial Concrete,21,train
CS_NC_21d_047,EXP_CS_NC_21d,Compressive Strength,Normal Concrete,21,train
CS_BC_21d_047,EXP_CS_BC_21d,Compressive Strength,Bacterial Concrete,21,train
CS_NC_21d_048,EXP_CS_NC_21d,Compressive Strength,Normal Concrete,21,train
CS_BC_21d_048,EXP_CS_BC_21d,Compressive Strength,Bacterial Concrete,21,train
CS_NC_21d_049,EXP_CS_NC_21d,Compressive Strength,Normal Concrete,21,train
CS_BC_21d_049,EXP_CS_BC_21d,Compressive Strength,Bacterial Concrete,21,train
CS_NC_21d_050,EXP_CS_NC_21d,Compressive Strength,Normal Concrete,21,train
CS_BC_21d_050,EXP_CS_BC_21d,Compressive Strength,Bacterial Concrete,21,train
CS_NC_21d_051,EXP_CS_NC_21d,Compressive Strength,Normal Concrete,21,train
CS_BC_21d_051,EXP_CS_BC_21d,Compressive Strength,Bacterial Concrete,21,train
CS_NC_21d_052,EXP_CS_NC_21d,Compressive Strength,Normal Concrete,21,train
CS_BC_21d_052,EXP_CS_BC_21d,Compressive Strength,Bacterial Concrete,21,train
CS_NC_21d_053,EXP_CS_NC_21d,Compressive Strength,Normal Concrete,21,train
CS_BC_21d_053,EXP_CS_BC_21d,Compressive Strength,Bacterial Concrete,21,train
CS_NC_21d_054,EXP_CS_NC_21d,Compressive Strength,Normal Concrete,21,train
CS_BC_21d_054,EXP_CS_BC_21d,Compressive Strength,Bacterial Concrete,21,train
CS_NC_21d_055,EXP_CS_NC_21d,Compressive Strength,Normal Concrete,21,train
CS_BC_21d_055,EXP_CS_BC_21d,Compressive Strength,Bacterial Concrete,21,train
CS_NC_21d_056,EXP_CS_NC_21d,Compressive Strength,Normal Concrete,21,train
CS_BC_21d_056,EXP_CS_BC_21d,Compressive Strength,Bacterial Concrete,21,train
CS_NC_21d_057,EXP_CS_NC_21d,Compressive Strength,Normal Concrete,21,train
CS_BC_21d_057,EXP_CS_BC_21d,Compressive Strength,Bacterial Concrete,21,train
CS_NC_21d_058,EXP_CS_NC_21d,Compressive Strength,Normal Concrete,21,train
CS_BC_21d_058,EXP_CS_BC_21d,Compressive Strength,Bacterial Concrete,21,train
CS_NC_21d_059,EXP_CS_NC_21d,Compressive Strength,Normal Concrete,21,train
CS_BC_21d_059,EXP_CS_BC_21d,Compressive Strength,Bacterial Concrete,21,train
CS_NC_21d_060,EXP_CS_NC_21d,Compressive Strength,Normal Concrete,21,train
CS_BC_21d_060,EXP_CS_BC_21d,Compressive Strength,Bacterial Concrete,21,train
CS_NC_21d_061,EXP_CS_NC_21d,Compressive Strength,Normal Concrete,21,train
CS_BC_21d_061,EXP_CS_BC_21d,Compressive Strength,Bacterial Concrete,21,train
CS_NC_21d_062,EXP_CS_NC_21d,Compressive Strength,Normal Concrete,21,train
CS_BC_21d_062,EXP_CS_BC_21d,Compressive Strength,Bacterial Concrete,21,train
CS_NC_21d_063,EXP_CS_NC_21d,Compressive Strength,Normal Concrete,21,train
CS_BC_21d_063,EXP_CS_BC_21d,Compressive Strength,Bacterial Concrete,21,train
CS_NC_21d_064,EXP_CS_NC_21d,Compressive Strength,Normal Concrete,21,train
CS_BC_21d_064,EXP_CS_BC_21d,Compressive Strength,Bacterial Concrete,21,train
CS_NC_21d_065,EXP_CS_NC_21d,Compressive Strength,Normal Concrete,21,train
CS_BC_21d_065,EXP_CS_BC_21d,Compressive Strength,Bacterial Concrete,21,train
CS_NC_21d_066,EXP_CS_NC_21d,Compressive Strength,Normal Concrete,21,train
CS_BC_21d_066,EXP_CS_BC_21d,Compressive Strength,Bacterial Concrete,21,train
CS_NC_21d_067,EXP_CS_NC_21d,Compressive Strength,Normal Concrete,21,train
CS_BC_21d_067,EXP_CS_BC_21d,Compressive Strength,Bacterial Concrete,21,train
CS_NC_21d_068,EXP_CS_NC_21d,Compressive Strength,Normal Concrete,21,train
CS_BC_21d_068,EXP_CS_BC_21d,Compressive Strength,Bacterial Concrete,21,train
CS_NC_21d_069,EXP_CS_NC_21d,Compressive Strength,Normal Concrete,21,train
CS_BC_21d_069,EXP_CS_BC_21d,Compressive Strength,Bacterial Concrete,21,train
CS_NC_21d_070,EXP_CS_NC_21d,Compressive Strength,Normal Concrete,21,train
CS_BC_21d_070,EXP_CS_BC_21d,Compressive Strength,Bacterial Concrete,21,train
CS_NC_21d_071,EXP_CS_NC_21d,Compressive Strength,Normal Concrete,21,train
CS_BC_21d_071,EXP_CS_BC_21d,Compressive Strength,Bacterial Concrete,21,train
CS_NC_21d_072,EXP_CS_NC_21d,Compressive Strength,Normal Concrete,21,train
CS_BC_21d_072,EXP_CS_BC_21d,Compressive Strength,Bacterial Concrete,21,train
CS_NC_21d_073,EXP_CS_NC_21d,Compressive Strength,Normal Concrete,21,train
CS_BC_21d_073,EXP_CS_BC_21d,Compressive Strength,Bacterial Concrete,21,train
CS_NC_21d_074,EXP_CS_NC_21d,Compressive Strength,Normal Concrete,21,train
CS_BC_21d_074,EXP_CS_BC_21d,Compressive Strength,Bacterial Concrete,21,train
CS_NC_21d_075,EXP_CS_NC_21d,Compressive Strength,Normal Concrete,21,train
CS_BC_21d_075,EXP_CS_BC_21d,Compressive Strength,Bacterial Concrete,21,train
CS_NC_21d_076,EXP_CS_NC_21d,Compressive Strength,Normal Concrete,21,train
CS_BC_21d_076,EXP_CS_BC_21d,Compressive Strength,Bacterial Concrete,21,train
CS_NC_21d_077,EXP_CS_NC_21d,Compressive Strength,Normal Concrete,21,train
CS_BC_21d_077,EXP_CS_BC_21d,Compressive Strength,Bacterial Concrete,21,train
CS_NC_21d_078,EXP_CS_NC_21d,Compressive Strength,Normal Concrete,21,train
CS_BC_21d_078,EXP_CS_BC_21d,Compressive Strength,Bacterial Concrete,21,train
CS_NC_21d_079,EXP_CS_NC_21d,Compressive Strength,Normal Concrete,21,train
CS_BC_21d_079,EXP_CS_BC_21d,Compressive Strength,Bacterial Concrete,21,train
CS_NC_21d_080,EXP_CS_NC_21d,Compressive Strength,Normal Concrete,21,train
CS_BC_21d_080,EXP_CS_BC_21d,Compressive Strength,Bacterial Concrete,21,train
CS_NC_21d_081,EXP_CS_NC_21d,Compressive Strength,Normal Concrete,21,train
CS_BC_21d_081,EXP_CS_BC_21d,Compressive Strength,Bacterial Concrete,21,train
CS_NC_21d_082,EXP_CS_NC_21d,Compressive Strength,Normal Concrete,21,train
CS_BC_21d_082,EXP_CS_BC_21d,Compressive Strength,Bacterial Concrete,21,train
CS_NC_21d_083,EXP_CS_NC_21d,Compressive Strength,Normal Concrete,21,train
CS_BC_21d_083,EXP_CS_BC_21d,Compressive Strength,Bacterial Concrete,21,train
CS_NC_21d_084,EXP_CS_NC_21d,Compressive Strength,Normal Concrete,21,train
CS_BC_21d_084,EXP_CS_BC_21d,Compressive Strength,Bacterial Concrete,21,train
CS_NC_21d_085,EXP_CS_NC_21d,Compressive Strength,Normal Concrete,21,train
CS_BC_21d_085,EXP_CS_BC_21d,Compressive Strength,Bacterial Concrete,21,train
CS_NC_21d_086,EXP_CS_NC_21d,Compressive Strength,Normal Concrete,21,train
CS_BC_21d_086,EXP_CS_BC_21d,Compressive Strength,Bacterial Concrete,21,train
CS_NC_21d_087,EXP_CS_NC_21d,Compressive Strength,Normal Concrete,21,train
CS_BC_21d_087,EXP_CS_BC_21d,Compressive Strength,Bacterial Concrete,21,train
CS_NC_21d_088,EXP_CS_NC_21d,Compressive Strength,Normal Concrete,21,train
CS_BC_21d_088,EXP_CS_BC_21d,Compressive Strength,Bacterial Concrete,21,train
CS_NC_21d_089,EXP_CS_NC_21d,Compressive Strength,Normal Concrete,21,train
CS_BC_21d_089,EXP_CS_BC_21d,Compressive Strength,Bacterial Concrete,21,train
CS_NC_21d_090,EXP_CS_NC_21d,Compressive Strength,Normal Concrete,21,train
CS_BC_21d_090,EXP_CS_BC_21d,Compressive Strength,Bacterial Concrete,21,train
CS_NC_21d_091,EXP_CS_NC_21d,Compressive Strength,Normal Concrete,21,train
CS_BC_21d_091,EXP_CS_BC_21d,Compressive Strength,Bacterial Concrete,21,train
CS_NC_21d_092,EXP_CS_NC_21d,Compressive Strength,Normal Concrete,21,train
CS_BC_21d_092,EXP_CS_BC_21d,Compressive Strength,Bacterial Concrete,21,train
CS_NC_21d_093,EXP_CS_NC_21d,Compressive Strength,Normal Concrete,21,train
CS_BC_21d_093,EXP_CS_BC_21d,Compressive Strength,Bacterial Concrete,21,train
CS_NC_21d_094,EXP_CS_NC_21d,Compressive Strength,Normal Concrete,21,train
CS_BC_21d_094,EXP_CS_BC_21d,Compressive Strength,Bacterial Concrete,21,train
CS_NC_21d_095,EXP_CS_NC_21d,Compressive Strength,Normal Concrete,21,train
CS_BC_21d_095,EXP_CS_BC_21d,Compressive Strength,Bacterial Concrete,21,train
CS_NC_21d_096,EXP_CS_NC_21d,Compressive Strength,Normal Concrete,21,train
CS_BC_21d_096,EXP_CS_BC_21d,Compressive Strength,Bacterial Concrete,21,train
CS_NC_21d_097,EXP_CS_NC_21d,Compressive Strength,Normal Concrete,21,train
CS_BC_21d_097,EXP_CS_BC_21d,Compressive Strength,Bacterial Concrete,21,train
CS_NC_21d_098,EXP_CS_NC_21d,Compressive Strength,Normal Concrete,21,train
CS_BC_21d_098,EXP_CS_BC_21d,Compressive Strength,Bacterial Concrete,21,train
CS_NC_21d_099,EXP_CS_NC_21d,Compressive Strength,Normal Concrete,21,train
CS_BC_21d_099,EXP_CS_BC_21d,Compressive Strength,Bacterial Concrete,21,train
CS_NC_21d_100,EXP_CS_NC_21d,Compressive Strength,Normal Concrete,21,train
CS_BC_21d_100,EXP_CS_BC_21d,Compressive Strength,Bacterial Concrete,21,train
CS_NC_28d_001,EXP_CS_NC_28d,Compressive Strength,Normal Concrete,28,train
CS_BC_28d_001,EXP_CS_BC_28d,Compressive Strength,Bacterial Concrete,28,test
CS_NC_28d_002,EXP_CS_NC_28d,Compressive Strength,Normal Concrete,28,train
CS_BC_28d_002,EXP_CS_BC_28d,Compressive Strength,Bacterial Concrete,28,test
CS_NC_28d_003,EXP_CS_NC_28d,Compressive Strength,Normal Concrete,28,train
CS_BC_28d_003,EXP_CS_BC_28d,Compressive Strength,Bacterial Concrete,28,test
CS_NC_28d_004,EXP_CS_NC_28d,Compressive Strength,Normal Concrete,28,train
CS_BC_28d_004,EXP_CS_BC_28d,Compressive Strength,Bacterial Concrete,28,test
CS_NC_28d_005,EXP_CS_NC_28d,Compressive Strength,Normal Concrete,28,train
CS_BC_28d_005,EXP_CS_BC_28d,Compressive Strength,Bacterial Concrete,28,test
CS_NC_28d_006,EXP_CS_NC_28d,Compressive Strength,Normal Concrete,28,train
CS_BC_28d_006,EXP_CS_BC_28d,Compressive Strength,Bacterial Concrete,28,test
CS_NC_28d_007,EXP_CS_NC_28d,Compressive Strength,Normal Concrete,28,train
CS_BC_28d_007,EXP_CS_BC_28d,Compressive Strength,Bacterial Concrete,28,test
CS_NC_28d_008,EXP_CS_NC_28d,Compressive Strength,Normal Concrete,28,train
CS_BC_28d_008,EXP_CS_BC_28d,Compressive Strength,Bacterial Concrete,28,test
CS_NC_28d_009,EXP_CS_NC_28d,Compressive Strength,Normal Concrete,28,train
CS_BC_28d_009,EXP_CS_BC_28d,Compressive Strength,Bacterial Concrete,28,test
CS_NC_28d_010,EXP_CS_NC_28d,Compressive Strength,Normal Concrete,28,train
CS_BC_28d_010,EXP_CS_BC_28d,Compressive Strength,Bacterial Concrete,28,test
CS_NC_28d_011,EXP_CS_NC_28d,Compressive Strength,Normal Concrete,28,train
CS_BC_28d_011,EXP_CS_BC_28d,Compressive Strength,Bacterial Concrete,28,test
CS_NC_28d_012,EXP_CS_NC_28d,Compressive Strength,Normal Concrete,28,train
CS_BC_28d_012,EXP_CS_BC_28d,Compressive Strength,Bacterial Concrete,28,test
CS_NC_28d_013,EXP_CS_NC_28d,Compressive Strength,Normal Concrete,28,train
CS_BC_28d_013,EXP_CS_BC_28d,Compressive Strength,Bacterial Concrete,28,test
CS_NC_28d_014,EXP_CS_NC_28d,Compressive Strength,Normal Concrete,28,train
CS_BC_28d_014,EXP_CS_BC_28d,Compressive Strength,Bacterial Concrete,28,test
CS_NC_28d_015,EXP_CS_NC_28d,Compressive Strength,Normal Concrete,28,train
CS_BC_28d_015,EXP_CS_BC_28d,Compressive Strength,Bacterial Concrete,28,test
CS_NC_28d_016,EXP_CS_NC_28d,Compressive Strength,Normal Concrete,28,train
CS_BC_28d_016,EXP_CS_BC_28d,Compressive Strength,Bacterial Concrete,28,test
CS_NC_28d_017,EXP_CS_NC_28d,Compressive Strength,Normal Concrete,28,train
CS_BC_28d_017,EXP_CS_BC_28d,Compressive Strength,Bacterial Concrete,28,test
CS_NC_28d_018,EXP_CS_NC_28d,Compressive Strength,Normal Concrete,28,train
CS_BC_28d_018,EXP_CS_BC_28d,Compressive Strength,Bacterial Concrete,28,test
CS_NC_28d_019,EXP_CS_NC_28d,Compressive Strength,Normal Concrete,28,train
CS_BC_28d_019,EXP_CS_BC_28d,Compressive Strength,Bacterial Concrete,28,test
CS_NC_28d_020,EXP_CS_NC_28d,Compressive Strength,Normal Concrete,28,train
CS_BC_28d_020,EXP_CS_BC_28d,Compressive Strength,Bacterial Concrete,28,test
CS_NC_28d_021,EXP_CS_NC_28d,Compressive Strength,Normal Concrete,28,train
CS_BC_28d_021,EXP_CS_BC_28d,Compressive Strength,Bacterial Concrete,28,test
CS_NC_28d_022,EXP_CS_NC_28d,Compressive Strength,Normal Concrete,28,train
CS_BC_28d_022,EXP_CS_BC_28d,Compressive Strength,Bacterial Concrete,28,test
CS_NC_28d_023,EXP_CS_NC_28d,Compressive Strength,Normal Concrete,28,train
CS_BC_28d_023,EXP_CS_BC_28d,Compressive Strength,Bacterial Concrete,28,test
CS_NC_28d_024,EXP_CS_NC_28d,Compressive Strength,Normal Concrete,28,train
CS_BC_28d_024,EXP_CS_BC_28d,Compressive Strength,Bacterial Concrete,28,test
CS_NC_28d_025,EXP_CS_NC_28d,Compressive Strength,Normal Concrete,28,train
CS_BC_28d_025,EXP_CS_BC_28d,Compressive Strength,Bacterial Concrete,28,test
CS_NC_28d_026,EXP_CS_NC_28d,Compressive Strength,Normal Concrete,28,train
CS_BC_28d_026,EXP_CS_BC_28d,Compressive Strength,Bacterial Concrete,28,test
CS_NC_28d_027,EXP_CS_NC_28d,Compressive Strength,Normal Concrete,28,train
CS_BC_28d_027,EXP_CS_BC_28d,Compressive Strength,Bacterial Concrete,28,test
CS_NC_28d_028,EXP_CS_NC_28d,Compressive Strength,Normal Concrete,28,train
CS_BC_28d_028,EXP_CS_BC_28d,Compressive Strength,Bacterial Concrete,28,test
CS_NC_28d_029,EXP_CS_NC_28d,Compressive Strength,Normal Concrete,28,train
CS_BC_28d_029,EXP_CS_BC_28d,Compressive Strength,Bacterial Concrete,28,test
CS_NC_28d_030,EXP_CS_NC_28d,Compressive Strength,Normal Concrete,28,train
CS_BC_28d_030,EXP_CS_BC_28d,Compressive Strength,Bacterial Concrete,28,test
CS_NC_28d_031,EXP_CS_NC_28d,Compressive Strength,Normal Concrete,28,train
CS_BC_28d_031,EXP_CS_BC_28d,Compressive Strength,Bacterial Concrete,28,test
CS_NC_28d_032,EXP_CS_NC_28d,Compressive Strength,Normal Concrete,28,train
CS_BC_28d_032,EXP_CS_BC_28d,Compressive Strength,Bacterial Concrete,28,test
CS_NC_28d_033,EXP_CS_NC_28d,Compressive Strength,Normal Concrete,28,train
CS_BC_28d_033,EXP_CS_BC_28d,Compressive Strength,Bacterial Concrete,28,test
CS_NC_28d_034,EXP_CS_NC_28d,Compressive Strength,Normal Concrete,28,train
CS_BC_28d_034,EXP_CS_BC_28d,Compressive Strength,Bacterial Concrete,28,test
CS_NC_28d_035,EXP_CS_NC_28d,Compressive Strength,Normal Concrete,28,train
CS_BC_28d_035,EXP_CS_BC_28d,Compressive Strength,Bacterial Concrete,28,test
CS_NC_28d_036,EXP_CS_NC_28d,Compressive Strength,Normal Concrete,28,train
CS_BC_28d_036,EXP_CS_BC_28d,Compressive Strength,Bacterial Concrete,28,test
CS_NC_28d_037,EXP_CS_NC_28d,Compressive Strength,Normal Concrete,28,train
CS_BC_28d_037,EXP_CS_BC_28d,Compressive Strength,Bacterial Concrete,28,test
CS_NC_28d_038,EXP_CS_NC_28d,Compressive Strength,Normal Concrete,28,train
CS_BC_28d_038,EXP_CS_BC_28d,Compressive Strength,Bacterial Concrete,28,test
CS_NC_28d_039,EXP_CS_NC_28d,Compressive Strength,Normal Concrete,28,train
CS_BC_28d_039,EXP_CS_BC_28d,Compressive Strength,Bacterial Concrete,28,test
CS_NC_28d_040,EXP_CS_NC_28d,Compressive Strength,Normal Concrete,28,train
CS_BC_28d_040,EXP_CS_BC_28d,Compressive Strength,Bacterial Concrete,28,test
CS_NC_28d_041,EXP_CS_NC_28d,Compressive Strength,Normal Concrete,28,train
CS_BC_28d_041,EXP_CS_BC_28d,Compressive Strength,Bacterial Concrete,28,test
CS_NC_28d_042,EXP_CS_NC_28d,Compressive Strength,Normal Concrete,28,train
CS_BC_28d_042,EXP_CS_BC_28d,Compressive Strength,Bacterial Concrete,28,test
CS_NC_28d_043,EXP_CS_NC_28d,Compressive Strength,Normal Concrete,28,train
CS_BC_28d_043,EXP_CS_BC_28d,Compressive Strength,Bacterial Concrete,28,test
CS_NC_28d_044,EXP_CS_NC_28d,Compressive Strength,Normal Concrete,28,train
CS_BC_28d_044,EXP_CS_BC_28d,Compressive Strength,Bacterial Concrete,28,test
CS_NC_28d_045,EXP_CS_NC_28d,Compressive Strength,Normal Concrete,28,train
CS_BC_28d_045,EXP_CS_BC_28d,Compressive Strength,Bacterial Concrete,28,test
CS_NC_28d_046,EXP_CS_NC_28d,Compressive Strength,Normal Concrete,28,train
CS_BC_28d_046,EXP_CS_BC_28d,Compressive Strength,Bacterial Concrete,28,test
CS_NC_28d_047,EXP_CS_NC_28d,Compressive Strength,Normal Concrete,28,train
CS_BC_28d_047,EXP_CS_BC_28d,Compressive Strength,Bacterial Concrete,28,test
CS_NC_28d_048,EXP_CS_NC_28d,Compressive Strength,Normal Concrete,28,train
CS_BC_28d_048,EXP_CS_BC_28d,Compressive Strength,Bacterial Concrete,28,test
CS_NC_28d_049,EXP_CS_NC_28d,Compressive Strength,Normal Concrete,28,train
CS_BC_28d_049,EXP_CS_BC_28d,Compressive Strength,Bacterial Concrete,28,test
CS_NC_28d_050,EXP_CS_NC_28d,Compressive Strength,Normal Concrete,28,train
CS_BC_28d_050,EXP_CS_BC_28d,Compressive Strength,Bacterial Concrete,28,test
CS_NC_28d_051,EXP_CS_NC_28d,Compressive Strength,Normal Concrete,28,train
CS_BC_28d_051,EXP_CS_BC_28d,Compressive Strength,Bacterial Concrete,28,test
CS_NC_28d_052,EXP_CS_NC_28d,Compressive Strength,Normal Concrete,28,train
CS_BC_28d_052,EXP_CS_BC_28d,Compressive Strength,Bacterial Concrete,28,test
CS_NC_28d_053,EXP_CS_NC_28d,Compressive Strength,Normal Concrete,28,train
CS_BC_28d_053,EXP_CS_BC_28d,Compressive Strength,Bacterial Concrete,28,test
CS_NC_28d_054,EXP_CS_NC_28d,Compressive Strength,Normal Concrete,28,train
CS_BC_28d_054,EXP_CS_BC_28d,Compressive Strength,Bacterial Concrete,28,test
CS_NC_28d_055,EXP_CS_NC_28d,Compressive Strength,Normal Concrete,28,train
CS_BC_28d_055,EXP_CS_BC_28d,Compressive Strength,Bacterial Concrete,28,test
CS_NC_28d_056,EXP_CS_NC_28d,Compressive Strength,Normal Concrete,28,train
CS_BC_28d_056,EXP_CS_BC_28d,Compressive Strength,Bacterial Concrete,28,test
CS_NC_28d_057,EXP_CS_NC_28d,Compressive Strength,Normal Concrete,28,train
CS_BC_28d_057,EXP_CS_BC_28d,Compressive Strength,Bacterial Concrete,28,test
CS_NC_28d_058,EXP_CS_NC_28d,Compressive Strength,Normal Concrete,28,train
CS_BC_28d_058,EXP_CS_BC_28d,Compressive Strength,Bacterial Concrete,28,test
CS_NC_28d_059,EXP_CS_NC_28d,Compressive Strength,Normal Concrete,28,train
CS_BC_28d_059,EXP_CS_BC_28d,Compressive Strength,Bacterial Concrete,28,test
CS_NC_28d_060,EXP_CS_NC_28d,Compressive Strength,Normal Concrete,28,train
CS_BC_28d_060,EXP_CS_BC_28d,Compressive Strength,Bacterial Concrete,28,test
CS_NC_28d_061,EXP_CS_NC_28d,Compressive Strength,Normal Concrete,28,train
CS_BC_28d_061,EXP_CS_BC_28d,Compressive Strength,Bacterial Concrete,28,test
CS_NC_28d_062,EXP_CS_NC_28d,Compressive Strength,Normal Concrete,28,train
CS_BC_28d_062,EXP_CS_BC_28d,Compressive Strength,Bacterial Concrete,28,test
CS_NC_28d_063,EXP_CS_NC_28d,Compressive Strength,Normal Concrete,28,train
CS_BC_28d_063,EXP_CS_BC_28d,Compressive Strength,Bacterial Concrete,28,test
CS_NC_28d_064,EXP_CS_NC_28d,Compressive Strength,Normal Concrete,28,train
CS_BC_28d_064,EXP_CS_BC_28d,Compressive Strength,Bacterial Concrete,28,test
CS_NC_28d_065,EXP_CS_NC_28d,Compressive Strength,Normal Concrete,28,train
CS_BC_28d_065,EXP_CS_BC_28d,Compressive Strength,Bacterial Concrete,28,test
CS_NC_28d_066,EXP_CS_NC_28d,Compressive Strength,Normal Concrete,28,train
CS_BC_28d_066,EXP_CS_BC_28d,Compressive Strength,Bacterial Concrete,28,test
CS_NC_28d_067,EXP_CS_NC_28d,Compressive Strength,Normal Concrete,28,train
CS_BC_28d_067,EXP_CS_BC_28d,Compressive Strength,Bacterial Concrete,28,test
CS_NC_28d_068,EXP_CS_NC_28d,Compressive Strength,Normal Concrete,28,train
CS_BC_28d_068,EXP_CS_BC_28d,Compressive Strength,Bacterial Concrete,28,test
CS_NC_28d_069,EXP_CS_NC_28d,Compressive Strength,Normal Concrete,28,train
CS_BC_28d_069,EXP_CS_BC_28d,Compressive Strength,Bacterial Concrete,28,test
CS_NC_28d_070,EXP_CS_NC_28d,Compressive Strength,Normal Concrete,28,train
CS_BC_28d_070,EXP_CS_BC_28d,Compressive Strength,Bacterial Concrete,28,test
CS_NC_28d_071,EXP_CS_NC_28d,Compressive Strength,Normal Concrete,28,train
CS_BC_28d_071,EXP_CS_BC_28d,Compressive Strength,Bacterial Concrete,28,test
CS_NC_28d_072,EXP_CS_NC_28d,Compressive Strength,Normal Concrete,28,train
CS_BC_28d_072,EXP_CS_BC_28d,Compressive Strength,Bacterial Concrete,28,test
CS_NC_28d_073,EXP_CS_NC_28d,Compressive Strength,Normal Concrete,28,train
CS_BC_28d_073,EXP_CS_BC_28d,Compressive Strength,Bacterial Concrete,28,test
CS_NC_28d_074,EXP_CS_NC_28d,Compressive Strength,Normal Concrete,28,train
CS_BC_28d_074,EXP_CS_BC_28d,Compressive Strength,Bacterial Concrete,28,test
CS_NC_28d_075,EXP_CS_NC_28d,Compressive Strength,Normal Concrete,28,train
CS_BC_28d_075,EXP_CS_BC_28d,Compressive Strength,Bacterial Concrete,28,test
CS_NC_28d_076,EXP_CS_NC_28d,Compressive Strength,Normal Concrete,28,train
CS_BC_28d_076,EXP_CS_BC_28d,Compressive Strength,Bacterial Concrete,28,test
CS_NC_28d_077,EXP_CS_NC_28d,Compressive Strength,Normal Concrete,28,train
CS_BC_28d_077,EXP_CS_BC_28d,Compressive Strength,Bacterial Concrete,28,test
CS_NC_28d_078,EXP_CS_NC_28d,Compressive Strength,Normal Concrete,28,train
CS_BC_28d_078,EXP_CS_BC_28d,Compressive Strength,Bacterial Concrete,28,test
CS_NC_28d_079,EXP_CS_NC_28d,Compressive Strength,Normal Concrete,28,train
CS_BC_28d_079,EXP_CS_BC_28d,Compressive Strength,Bacterial Concrete,28,test
CS_NC_28d_080,EXP_CS_NC_28d,Compressive Strength,Normal Concrete,28,train
CS_BC_28d_080,EXP_CS_BC_28d,Compressive Strength,Bacterial Concrete,28,test
CS_NC_28d_081,EXP_CS_NC_28d,Compressive Strength,Normal Concrete,28,train
CS_BC_28d_081,EXP_CS_BC_28d,Compressive Strength,Bacterial Concrete,28,test
CS_NC_28d_082,EXP_CS_NC_28d,Compressive Strength,Normal Concrete,28,train
CS_BC_28d_082,EXP_CS_BC_28d,Compressive Strength,Bacterial Concrete,28,test
CS_NC_28d_083,EXP_CS_NC_28d,Compressive Strength,Normal Concrete,28,train
CS_BC_28d_083,EXP_CS_BC_28d,Compressive Strength,Bacterial Concrete,28,test
CS_NC_28d_084,EXP_CS_NC_28d,Compressive Strength,Normal Concrete,28,train
CS_BC_28d_084,EXP_CS_BC_28d,Compressive Strength,Bacterial Concrete,28,test
CS_NC_28d_085,EXP_CS_NC_28d,Compressive Strength,Normal Concrete,28,train
CS_BC_28d_085,EXP_CS_BC_28d,Compressive Strength,Bacterial Concrete,28,test
CS_NC_28d_086,EXP_CS_NC_28d,Compressive Strength,Normal Concrete,28,train
CS_BC_28d_086,EXP_CS_BC_28d,Compressive Strength,Bacterial Concrete,28,test
CS_NC_28d_087,EXP_CS_NC_28d,Compressive Strength,Normal Concrete,28,train
CS_BC_28d_087,EXP_CS_BC_28d,Compressive Strength,Bacterial Concrete,28,test
CS_NC_28d_088,EXP_CS_NC_28d,Compressive Strength,Normal Concrete,28,train
CS_BC_28d_088,EXP_CS_BC_28d,Compressive Strength,Bacterial Concrete,28,test
CS_NC_28d_089,EXP_CS_NC_28d,Compressive Strength,Normal Concrete,28,train
CS_BC_28d_089,EXP_CS_BC_28d,Compressive Strength,Bacterial Concrete,28,test
CS_NC_28d_090,EXP_CS_NC_28d,Compressive Strength,Normal Concrete,28,train
CS_BC_28d_090,EXP_CS_BC_28d,Compressive Strength,Bacterial Concrete,28,test
CS_NC_28d_091,EXP_CS_NC_28d,Compressive Strength,Normal Concrete,28,train
CS_BC_28d_091,EXP_CS_BC_28d,Compressive Strength,Bacterial Concrete,28,test
CS_NC_28d_092,EXP_CS_NC_28d,Compressive Strength,Normal Concrete,28,train
CS_BC_28d_092,EXP_CS_BC_28d,Compressive Strength,Bacterial Concrete,28,test
CS_NC_28d_093,EXP_CS_NC_28d,Compressive Strength,Normal Concrete,28,train
CS_BC_28d_093,EXP_CS_BC_28d,Compressive Strength,Bacterial Concrete,28,test
CS_NC_28d_094,EXP_CS_NC_28d,Compressive Strength,Normal Concrete,28,train
CS_BC_28d_094,EXP_CS_BC_28d,Compressive Strength,Bacterial Concrete,28,test
CS_NC_28d_095,EXP_CS_NC_28d,Compressive Strength,Normal Concrete,28,train
CS_BC_28d_095,EXP_CS_BC_28d,Compressive Strength,Bacterial Concrete,28,test
CS_NC_28d_096,EXP_CS_NC_28d,Compressive Strength,Normal Concrete,28,train
CS_BC_28d_096,EXP_CS_BC_28d,Compressive Strength,Bacterial Concrete,28,test
CS_NC_28d_097,EXP_CS_NC_28d,Compressive Strength,Normal Concrete,28,train
CS_BC_28d_097,EXP_CS_BC_28d,Compressive Strength,Bacterial Concrete,28,test
CS_NC_28d_098,EXP_CS_NC_28d,Compressive Strength,Normal Concrete,28,train
CS_BC_28d_098,EXP_CS_BC_28d,Compressive Strength,Bacterial Concrete,28,test
CS_NC_28d_099,EXP_CS_NC_28d,Compressive Strength,Normal Concrete,28,train
CS_BC_28d_099,EXP_CS_BC_28d,Compressive Strength,Bacterial Concrete,28,test
CS_NC_28d_100,EXP_CS_NC_28d,Compressive Strength,Normal Concrete,28,train
CS_BC_28d_100,EXP_CS_BC_28d,Compressive Strength,Bacterial Concrete,28,test
CS_NC_56d_001,EXP_CS_NC_56d,Compressive Strength,Normal Concrete,56,train
CS_BC_56d_001,EXP_CS_BC_56d,Compressive Strength,Bacterial Concrete,56,train
CS_NC_56d_002,EXP_CS_NC_56d,Compressive Strength,Normal Concrete,56,train
CS_BC_56d_002,EXP_CS_BC_56d,Compressive Strength,Bacterial Concrete,56,train
CS_NC_56d_003,EXP_CS_NC_56d,Compressive Strength,Normal Concrete,56,train
CS_BC_56d_003,EXP_CS_BC_56d,Compressive Strength,Bacterial Concrete,56,train
CS_NC_56d_004,EXP_CS_NC_56d,Compressive Strength,Normal Concrete,56,train
CS_BC_56d_004,EXP_CS_BC_56d,Compressive Strength,Bacterial Concrete,56,train
CS_NC_56d_005,EXP_CS_NC_56d,Compressive Strength,Normal Concrete,56,train
CS_BC_56d_005,EXP_CS_BC_56d,Compressive Strength,Bacterial Concrete,56,train
CS_NC_56d_006,EXP_CS_NC_56d,Compressive Strength,Normal Concrete,56,train
CS_BC_56d_006,EXP_CS_BC_56d,Compressive Strength,Bacterial Concrete,56,train
CS_NC_56d_007,EXP_CS_NC_56d,Compressive Strength,Normal Concrete,56,train
CS_BC_56d_007,EXP_CS_BC_56d,Compressive Strength,Bacterial Concrete,56,train
CS_NC_56d_008,EXP_CS_NC_56d,Compressive Strength,Normal Concrete,56,train
CS_BC_56d_008,EXP_CS_BC_56d,Compressive Strength,Bacterial Concrete,56,train
CS_NC_56d_009,EXP_CS_NC_56d,Compressive Strength,Normal Concrete,56,train
CS_BC_56d_009,EXP_CS_BC_56d,Compressive Strength,Bacterial Concrete,56,train
CS_NC_56d_010,EXP_CS_NC_56d,Compressive Strength,Normal Concrete,56,train
CS_BC_56d_010,EXP_CS_BC_56d,Compressive Strength,Bacterial Concrete,56,train
CS_NC_56d_011,EXP_CS_NC_56d,Compressive Strength,Normal Concrete,56,train
CS_BC_56d_011,EXP_CS_BC_56d,Compressive Strength,Bacterial Concrete,56,train
CS_NC_56d_012,EXP_CS_NC_56d,Compressive Strength,Normal Concrete,56,train
CS_BC_56d_012,EXP_CS_BC_56d,Compressive Strength,Bacterial Concrete,56,train
CS_NC_56d_013,EXP_CS_NC_56d,Compressive Strength,Normal Concrete,56,train
CS_BC_56d_013,EXP_CS_BC_56d,Compressive Strength,Bacterial Concrete,56,train
CS_NC_56d_014,EXP_CS_NC_56d,Compressive Strength,Normal Concrete,56,train
CS_BC_56d_014,EXP_CS_BC_56d,Compressive Strength,Bacterial Concrete,56,train
CS_NC_56d_015,EXP_CS_NC_56d,Compressive Strength,Normal Concrete,56,train
CS_BC_56d_015,EXP_CS_BC_56d,Compressive Strength,Bacterial Concrete,56,train
CS_NC_56d_016,EXP_CS_NC_56d,Compressive Strength,Normal Concrete,56,train
CS_BC_56d_016,EXP_CS_BC_56d,Compressive Strength,Bacterial Concrete,56,train
CS_NC_56d_017,EXP_CS_NC_56d,Compressive Strength,Normal Concrete,56,train
CS_BC_56d_017,EXP_CS_BC_56d,Compressive Strength,Bacterial Concrete,56,train
CS_NC_56d_018,EXP_CS_NC_56d,Compressive Strength,Normal Concrete,56,train
CS_BC_56d_018,EXP_CS_BC_56d,Compressive Strength,Bacterial Concrete,56,train
CS_NC_56d_019,EXP_CS_NC_56d,Compressive Strength,Normal Concrete,56,train
CS_BC_56d_019,EXP_CS_BC_56d,Compressive Strength,Bacterial Concrete,56,train
CS_NC_56d_020,EXP_CS_NC_56d,Compressive Strength,Normal Concrete,56,train
CS_BC_56d_020,EXP_CS_BC_56d,Compressive Strength,Bacterial Concrete,56,train
CS_NC_56d_021,EXP_CS_NC_56d,Compressive Strength,Normal Concrete,56,train
CS_BC_56d_021,EXP_CS_BC_56d,Compressive Strength,Bacterial Concrete,56,train
CS_NC_56d_022,EXP_CS_NC_56d,Compressive Strength,Normal Concrete,56,train
CS_BC_56d_022,EXP_CS_BC_56d,Compressive Strength,Bacterial Concrete,56,train
CS_NC_56d_023,EXP_CS_NC_56d,Compressive Strength,Normal Concrete,56,train
CS_BC_56d_023,EXP_CS_BC_56d,Compressive Strength,Bacterial Concrete,56,train
CS_NC_56d_024,EXP_CS_NC_56d,Compressive Strength,Normal Concrete,56,train
CS_BC_56d_024,EXP_CS_BC_56d,Compressive Strength,Bacterial Concrete,56,train
CS_NC_56d_025,EXP_CS_NC_56d,Compressive Strength,Normal Concrete,56,train
CS_BC_56d_025,EXP_CS_BC_56d,Compressive Strength,Bacterial Concrete,56,train
CS_NC_56d_026,EXP_CS_NC_56d,Compressive Strength,Normal Concrete,56,train
CS_BC_56d_026,EXP_CS_BC_56d,Compressive Strength,Bacterial Concrete,56,train
CS_NC_56d_027,EXP_CS_NC_56d,Compressive Strength,Normal Concrete,56,train
CS_BC_56d_027,EXP_CS_BC_56d,Compressive Strength,Bacterial Concrete,56,train
CS_NC_56d_028,EXP_CS_NC_56d,Compressive Strength,Normal Concrete,56,train
CS_BC_56d_028,EXP_CS_BC_56d,Compressive Strength,Bacterial Concrete,56,train
CS_NC_56d_029,EXP_CS_NC_56d,Compressive Strength,Normal Concrete,56,train
CS_BC_56d_029,EXP_CS_BC_56d,Compressive Strength,Bacterial Concrete,56,train
CS_NC_56d_030,EXP_CS_NC_56d,Compressive Strength,Normal Concrete,56,train
CS_BC_56d_030,EXP_CS_BC_56d,Compressive Strength,Bacterial Concrete,56,train
CS_NC_56d_031,EXP_CS_NC_56d,Compressive Strength,Normal Concrete,56,train
CS_BC_56d_031,EXP_CS_BC_56d,Compressive Strength,Bacterial Concrete,56,train
CS_NC_56d_032,EXP_CS_NC_56d,Compressive Strength,Normal Concrete,56,train
CS_BC_56d_032,EXP_CS_BC_56d,Compressive Strength,Bacterial Concrete,56,train
CS_NC_56d_033,EXP_CS_NC_56d,Compressive Strength,Normal Concrete,56,train
CS_BC_56d_033,EXP_CS_BC_56d,Compressive Strength,Bacterial Concrete,56,train
CS_NC_56d_034,EXP_CS_NC_56d,Compressive Strength,Normal Concrete,56,train
CS_BC_56d_034,EXP_CS_BC_56d,Compressive Strength,Bacterial Concrete,56,train
CS_NC_56d_035,EXP_CS_NC_56d,Compressive Strength,Normal Concrete,56,train
CS_BC_56d_035,EXP_CS_BC_56d,Compressive Strength,Bacterial Concrete,56,train
CS_NC_56d_036,EXP_CS_NC_56d,Compressive Strength,Normal Concrete,56,train
CS_BC_56d_036,EXP_CS_BC_56d,Compressive Strength,Bacterial Concrete,56,train
CS_NC_56d_037,EXP_CS_NC_56d,Compressive Strength,Normal Concrete,56,train
CS_BC_56d_037,EXP_CS_BC_56d,Compressive Strength,Bacterial Concrete,56,train
CS_NC_56d_038,EXP_CS_NC_56d,Compressive Strength,Normal Concrete,56,train
CS_BC_56d_038,EXP_CS_BC_56d,Compressive Strength,Bacterial Concrete,56,train
CS_NC_56d_039,EXP_CS_NC_56d,Compressive Strength,Normal Concrete,56,train
CS_BC_56d_039,EXP_CS_BC_56d,Compressive Strength,Bacterial Concrete,56,train
CS_NC_56d_040,EXP_CS_NC_56d,Compressive Strength,Normal Concrete,56,train
CS_BC_56d_040,EXP_CS_BC_56d,Compressive Strength,Bacterial Concrete,56,train
CS_NC_56d_041,EXP_CS_NC_56d,Compressive Strength,Normal Concrete,56,train
CS_BC_56d_041,EXP_CS_BC_56d,Compressive Strength,Bacterial Concrete,56,train
CS_NC_56d_042,EXP_CS_NC_56d,Compressive Strength,Normal Concrete,56,train
CS_BC_56d_042,EXP_CS_BC_56d,Compressive Strength,Bacterial Concrete,56,train
CS_NC_56d_043,EXP_CS_NC_56d,Compressive Strength,Normal Concrete,56,train
CS_BC_56d_043,EXP_CS_BC_56d,Compressive Strength,Bacterial Concrete,56,train
CS_NC_56d_044,EXP_CS_NC_56d,Compressive Strength,Normal Concrete,56,train
CS_BC_56d_044,EXP_CS_BC_56d,Compressive Strength,Bacterial Concrete,56,train
CS_NC_56d_045,EXP_CS_NC_56d,Compressive Strength,Normal Concrete,56,train
CS_BC_56d_045,EXP_CS_BC_56d,Compressive Strength,Bacterial Concrete,56,train
CS_NC_56d_046,EXP_CS_NC_56d,Compressive Strength,Normal Concrete,56,train
CS_BC_56d_046,EXP_CS_BC_56d,Compressive Strength,Bacterial Concrete,56,train
CS_NC_56d_047,EXP_CS_NC_56d,Compressive Strength,Normal Concrete,56,train
CS_BC_56d_047,EXP_CS_BC_56d,Compressive Strength,Bacterial Concrete,56,train
CS_NC_56d_048,EXP_CS_NC_56d,Compressive Strength,Normal Concrete,56,train
CS_BC_56d_048,EXP_CS_BC_56d,Compressive Strength,Bacterial Concrete,56,train
CS_NC_56d_049,EXP_CS_NC_56d,Compressive Strength,Normal Concrete,56,train
CS_BC_56d_049,EXP_CS_BC_56d,Compressive Strength,Bacterial Concrete,56,train
CS_NC_56d_050,EXP_CS_NC_56d,Compressive Strength,Normal Concrete,56,train
CS_BC_56d_050,EXP_CS_BC_56d,Compressive Strength,Bacterial Concrete,56,train
CS_NC_56d_051,EXP_CS_NC_56d,Compressive Strength,Normal Concrete,56,train
CS_BC_56d_051,EXP_CS_BC_56d,Compressive Strength,Bacterial Concrete,56,train
CS_NC_56d_052,EXP_CS_NC_56d,Compressive Strength,Normal Concrete,56,train
CS_BC_56d_052,EXP_CS_BC_56d,Compressive Strength,Bacterial Concrete,56,train
CS_NC_56d_053,EXP_CS_NC_56d,Compressive Strength,Normal Concrete,56,train
CS_BC_56d_053,EXP_CS_BC_56d,Compressive Strength,Bacterial Concrete,56,train
CS_NC_56d_054,EXP_CS_NC_56d,Compressive Strength,Normal Concrete,56,train
CS_BC_56d_054,EXP_CS_BC_56d,Compressive Strength,Bacterial Concrete,56,train
CS_NC_56d_055,EXP_CS_NC_56d,Compressive Strength,Normal Concrete,56,train
CS_BC_56d_055,EXP_CS_BC_56d,Compressive Strength,Bacterial Concrete,56,train
CS_NC_56d_056,EXP_CS_NC_56d,Compressive Strength,Normal Concrete,56,train
CS_BC_56d_056,EXP_CS_BC_56d,Compressive Strength,Bacterial Concrete,56,train
CS_NC_56d_057,EXP_CS_NC_56d,Compressive Strength,Normal Concrete,56,train
CS_BC_56d_057,EXP_CS_BC_56d,Compressive Strength,Bacterial Concrete,56,train
CS_NC_56d_058,EXP_CS_NC_56d,Compressive Strength,Normal Concrete,56,train
CS_BC_56d_058,EXP_CS_BC_56d,Compressive Strength,Bacterial Concrete,56,train
CS_NC_56d_059,EXP_CS_NC_56d,Compressive Strength,Normal Concrete,56,train
CS_BC_56d_059,EXP_CS_BC_56d,Compressive Strength,Bacterial Concrete,56,train
CS_NC_56d_060,EXP_CS_NC_56d,Compressive Strength,Normal Concrete,56,train
CS_BC_56d_060,EXP_CS_BC_56d,Compressive Strength,Bacterial Concrete,56,train
CS_NC_56d_061,EXP_CS_NC_56d,Compressive Strength,Normal Concrete,56,train
CS_BC_56d_061,EXP_CS_BC_56d,Compressive Strength,Bacterial Concrete,56,train
CS_NC_56d_062,EXP_CS_NC_56d,Compressive Strength,Normal Concrete,56,train
CS_BC_56d_062,EXP_CS_BC_56d,Compressive Strength,Bacterial Concrete,56,train
CS_NC_56d_063,EXP_CS_NC_56d,Compressive Strength,Normal Concrete,56,train
CS_BC_56d_063,EXP_CS_BC_56d,Compressive Strength,Bacterial Concrete,56,train
CS_NC_56d_064,EXP_CS_NC_56d,Compressive Strength,Normal Concrete,56,train
CS_BC_56d_064,EXP_CS_BC_56d,Compressive Strength,Bacterial Concrete,56,train
CS_NC_56d_065,EXP_CS_NC_56d,Compressive Strength,Normal Concrete,56,train
CS_BC_56d_065,EXP_CS_BC_56d,Compressive Strength,Bacterial Concrete,56,train
CS_NC_56d_066,EXP_CS_NC_56d,Compressive Strength,Normal Concrete,56,train
CS_BC_56d_066,EXP_CS_BC_56d,Compressive Strength,Bacterial Concrete,56,train
CS_NC_56d_067,EXP_CS_NC_56d,Compressive Strength,Normal Concrete,56,train
CS_BC_56d_067,EXP_CS_BC_56d,Compressive Strength,Bacterial Concrete,56,train
CS_NC_56d_068,EXP_CS_NC_56d,Compressive Strength,Normal Concrete,56,train
CS_BC_56d_068,EXP_CS_BC_56d,Compressive Strength,Bacterial Concrete,56,train
CS_NC_56d_069,EXP_CS_NC_56d,Compressive Strength,Normal Concrete,56,train
CS_BC_56d_069,EXP_CS_BC_56d,Compressive Strength,Bacterial Concrete,56,train
CS_NC_56d_070,EXP_CS_NC_56d,Compressive Strength,Normal Concrete,56,train
CS_BC_56d_070,EXP_CS_BC_56d,Compressive Strength,Bacterial Concrete,56,train
CS_NC_56d_071,EXP_CS_NC_56d,Compressive Strength,Normal Concrete,56,train
CS_BC_56d_071,EXP_CS_BC_56d,Compressive Strength,Bacterial Concrete,56,train
CS_NC_56d_072,EXP_CS_NC_56d,Compressive Strength,Normal Concrete,56,train
CS_BC_56d_072,EXP_CS_BC_56d,Compressive Strength,Bacterial Concrete,56,train
CS_NC_56d_073,EXP_CS_NC_56d,Compressive Strength,Normal Concrete,56,train
CS_BC_56d_073,EXP_CS_BC_56d,Compressive Strength,Bacterial Concrete,56,train
CS_NC_56d_074,EXP_CS_NC_56d,Compressive Strength,Normal Concrete,56,train
CS_BC_56d_074,EXP_CS_BC_56d,Compressive Strength,Bacterial Concrete,56,train
CS_NC_56d_075,EXP_CS_NC_56d,Compressive Strength,Normal Concrete,56,train
CS_BC_56d_075,EXP_CS_BC_56d,Compressive Strength,Bacterial Concrete,56,train
CS_NC_56d_076,EXP_CS_NC_56d,Compressive Strength,Normal Concrete,56,train
CS_BC_56d_076,EXP_CS_BC_56d,Compressive Strength,Bacterial Concrete,56,train
CS_NC_56d_077,EXP_CS_NC_56d,Compressive Strength,Normal Concrete,56,train
CS_BC_56d_077,EXP_CS_BC_56d,Compressive Strength,Bacterial Concrete,56,train
CS_NC_56d_078,EXP_CS_NC_56d,Compressive Strength,Normal Concrete,56,train
CS_BC_56d_078,EXP_CS_BC_56d,Compressive Strength,Bacterial Concrete,56,train
CS_NC_56d_079,EXP_CS_NC_56d,Compressive Strength,Normal Concrete,56,train
CS_BC_56d_079,EXP_CS_BC_56d,Compressive Strength,Bacterial Concrete,56,train
CS_NC_56d_080,EXP_CS_NC_56d,Compressive Strength,Normal Concrete,56,train
CS_BC_56d_080,EXP_CS_BC_56d,Compressive Strength,Bacterial Concrete,56,train
CS_NC_56d_081,EXP_CS_NC_56d,Compressive Strength,Normal Concrete,56,train
CS_BC_56d_081,EXP_CS_BC_56d,Compressive Strength,Bacterial Concrete,56,train
CS_NC_56d_082,EXP_CS_NC_56d,Compressive Strength,Normal Concrete,56,train
CS_BC_56d_082,EXP_CS_BC_56d,Compressive Strength,Bacterial Concrete,56,train
CS_NC_56d_083,EXP_CS_NC_56d,Compressive Strength,Normal Concrete,56,train
CS_BC_56d_083,EXP_CS_BC_56d,Compressive Strength,Bacterial Concrete,56,train
CS_NC_56d_084,EXP_CS_NC_56d,Compressive Strength,Normal Concrete,56,train
CS_BC_56d_084,EXP_CS_BC_56d,Compressive Strength,Bacterial Concrete,56,train
CS_NC_56d_085,EXP_CS_NC_56d,Compressive Strength,Normal Concrete,56,train
CS_BC_56d_085,EXP_CS_BC_56d,Compressive Strength,Bacterial Concrete,56,train
CS_NC_56d_086,EXP_CS_NC_56d,Compressive Strength,Normal Concrete,56,train
CS_BC_56d_086,EXP_CS_BC_56d,Compressive Strength,Bacterial Concrete,56,train
CS_NC_56d_087,EXP_CS_NC_56d,Compressive Strength,Normal Concrete,56,train
CS_BC_56d_087,EXP_CS_BC_56d,Compressive Strength,Bacterial Concrete,56,train
CS_NC_56d_088,EXP_CS_NC_56d,Compressive Strength,Normal Concrete,56,train
CS_BC_56d_088,EXP_CS_BC_56d,Compressive Strength,Bacterial Concrete,56,train
CS_NC_56d_089,EXP_CS_NC_56d,Compressive Strength,Normal Concrete,56,train
CS_BC_56d_089,EXP_CS_BC_56d,Compressive Strength,Bacterial Concrete,56,train
CS_NC_56d_090,EXP_CS_NC_56d,Compressive Strength,Normal Concrete,56,train
CS_BC_56d_090,EXP_CS_BC_56d,Compressive Strength,Bacterial Concrete,56,train
CS_NC_56d_091,EXP_CS_NC_56d,Compressive Strength,Normal Concrete,56,train
CS_BC_56d_091,EXP_CS_BC_56d,Compressive Strength,Bacterial Concrete,56,train
CS_NC_56d_092,EXP_CS_NC_56d,Compressive Strength,Normal Concrete,56,train
CS_BC_56d_092,EXP_CS_BC_56d,Compressive Strength,Bacterial Concrete,56,train
CS_NC_56d_093,EXP_CS_NC_56d,Compressive Strength,Normal Concrete,56,train
CS_BC_56d_093,EXP_CS_BC_56d,Compressive Strength,Bacterial Concrete,56,train
CS_NC_56d_094,EXP_CS_NC_56d,Compressive Strength,Normal Concrete,56,train
CS_BC_56d_094,EXP_CS_BC_56d,Compressive Strength,Bacterial Concrete,56,train
CS_NC_56d_095,EXP_CS_NC_56d,Compressive Strength,Normal Concrete,56,train
CS_BC_56d_095,EXP_CS_BC_56d,Compressive Strength,Bacterial Concrete,56,train
CS_NC_56d_096,EXP_CS_NC_56d,Compressive Strength,Normal Concrete,56,train
CS_BC_56d_096,EXP_CS_BC_56d,Compressive Strength,Bacterial Concrete,56,train
CS_NC_56d_097,EXP_CS_NC_56d,Compressive Strength,Normal Concrete,56,train
CS_BC_56d_097,EXP_CS_BC_56d,Compressive Strength,Bacterial Concrete,56,train
CS_NC_56d_098,EXP_CS_NC_56d,Compressive Strength,Normal Concrete,56,train
CS_BC_56d_098,EXP_CS_BC_56d,Compressive Strength,Bacterial Concrete,56,train
CS_NC_56d_099,EXP_CS_NC_56d,Compressive Strength,Normal Concrete,56,train
CS_BC_56d_099,EXP_CS_BC_56d,Compressive Strength,Bacterial Concrete,56,train
CS_NC_56d_100,EXP_CS_NC_56d,Compressive Strength,Normal Concrete,56,train
CS_BC_56d_100,EXP_CS_BC_56d,Compressive Strength,Bacterial Concrete,56,train
CS_NC_90d_001,EXP_CS_NC_90d,Compressive Strength,Normal Concrete,90,train
CS_BC_90d_001,EXP_CS_BC_90d,Compressive Strength,Bacterial Concrete,90,train
CS_NC_90d_002,EXP_CS_NC_90d,Compressive Strength,Normal Concrete,90,train
CS_BC_90d_002,EXP_CS_BC_90d,Compressive Strength,Bacterial Concrete,90,train
CS_NC_90d_003,EXP_CS_NC_90d,Compressive Strength,Normal Concrete,90,train
CS_BC_90d_003,EXP_CS_BC_90d,Compressive Strength,Bacterial Concrete,90,train
CS_NC_90d_004,EXP_CS_NC_90d,Compressive Strength,Normal Concrete,90,train
CS_BC_90d_004,EXP_CS_BC_90d,Compressive Strength,Bacterial Concrete,90,train
CS_NC_90d_005,EXP_CS_NC_90d,Compressive Strength,Normal Concrete,90,train
CS_BC_90d_005,EXP_CS_BC_90d,Compressive Strength,Bacterial Concrete,90,train
CS_NC_90d_006,EXP_CS_NC_90d,Compressive Strength,Normal Concrete,90,train
CS_BC_90d_006,EXP_CS_BC_90d,Compressive Strength,Bacterial Concrete,90,train
CS_NC_90d_007,EXP_CS_NC_90d,Compressive Strength,Normal Concrete,90,train
CS_BC_90d_007,EXP_CS_BC_90d,Compressive Strength,Bacterial Concrete,90,train
CS_NC_90d_008,EXP_CS_NC_90d,Compressive Strength,Normal Concrete,90,train
CS_BC_90d_008,EXP_CS_BC_90d,Compressive Strength,Bacterial Concrete,90,train
CS_NC_90d_009,EXP_CS_NC_90d,Compressive Strength,Normal Concrete,90,train
CS_BC_90d_009,EXP_CS_BC_90d,Compressive Strength,Bacterial Concrete,90,train
CS_NC_90d_010,EXP_CS_NC_90d,Compressive Strength,Normal Concrete,90,train
CS_BC_90d_010,EXP_CS_BC_90d,Compressive Strength,Bacterial Concrete,90,train
CS_NC_90d_011,EXP_CS_NC_90d,Compressive Strength,Normal Concrete,90,train
CS_BC_90d_011,EXP_CS_BC_90d,Compressive Strength,Bacterial Concrete,90,train
CS_NC_90d_012,EXP_CS_NC_90d,Compressive Strength,Normal Concrete,90,train
CS_BC_90d_012,EXP_CS_BC_90d,Compressive Strength,Bacterial Concrete,90,train
CS_NC_90d_013,EXP_CS_NC_90d,Compressive Strength,Normal Concrete,90,train
CS_BC_90d_013,EXP_CS_BC_90d,Compressive Strength,Bacterial Concrete,90,train
CS_NC_90d_014,EXP_CS_NC_90d,Compressive Strength,Normal Concrete,90,train
CS_BC_90d_014,EXP_CS_BC_90d,Compressive Strength,Bacterial Concrete,90,train
CS_NC_90d_015,EXP_CS_NC_90d,Compressive Strength,Normal Concrete,90,train
CS_BC_90d_015,EXP_CS_BC_90d,Compressive Strength,Bacterial Concrete,90,train
CS_NC_90d_016,EXP_CS_NC_90d,Compressive Strength,Normal Concrete,90,train
CS_BC_90d_016,EXP_CS_BC_90d,Compressive Strength,Bacterial Concrete,90,train
CS_NC_90d_017,EXP_CS_NC_90d,Compressive Strength,Normal Concrete,90,train
CS_BC_90d_017,EXP_CS_BC_90d,Compressive Strength,Bacterial Concrete,90,train
CS_NC_90d_018,EXP_CS_NC_90d,Compressive Strength,Normal Concrete,90,train
CS_BC_90d_018,EXP_CS_BC_90d,Compressive Strength,Bacterial Concrete,90,train
CS_NC_90d_019,EXP_CS_NC_90d,Compressive Strength,Normal Concrete,90,train
CS_BC_90d_019,EXP_CS_BC_90d,Compressive Strength,Bacterial Concrete,90,train
CS_NC_90d_020,EXP_CS_NC_90d,Compressive Strength,Normal Concrete,90,train
CS_BC_90d_020,EXP_CS_BC_90d,Compressive Strength,Bacterial Concrete,90,train
CS_NC_90d_021,EXP_CS_NC_90d,Compressive Strength,Normal Concrete,90,train
CS_BC_90d_021,EXP_CS_BC_90d,Compressive Strength,Bacterial Concrete,90,train
CS_NC_90d_022,EXP_CS_NC_90d,Compressive Strength,Normal Concrete,90,train
CS_BC_90d_022,EXP_CS_BC_90d,Compressive Strength,Bacterial Concrete,90,train
CS_NC_90d_023,EXP_CS_NC_90d,Compressive Strength,Normal Concrete,90,train
CS_BC_90d_023,EXP_CS_BC_90d,Compressive Strength,Bacterial Concrete,90,train
CS_NC_90d_024,EXP_CS_NC_90d,Compressive Strength,Normal Concrete,90,train
CS_BC_90d_024,EXP_CS_BC_90d,Compressive Strength,Bacterial Concrete,90,train
CS_NC_90d_025,EXP_CS_NC_90d,Compressive Strength,Normal Concrete,90,train
CS_BC_90d_025,EXP_CS_BC_90d,Compressive Strength,Bacterial Concrete,90,train
CS_NC_90d_026,EXP_CS_NC_90d,Compressive Strength,Normal Concrete,90,train
CS_BC_90d_026,EXP_CS_BC_90d,Compressive Strength,Bacterial Concrete,90,train
CS_NC_90d_027,EXP_CS_NC_90d,Compressive Strength,Normal Concrete,90,train
CS_BC_90d_027,EXP_CS_BC_90d,Compressive Strength,Bacterial Concrete,90,train
CS_NC_90d_028,EXP_CS_NC_90d,Compressive Strength,Normal Concrete,90,train
CS_BC_90d_028,EXP_CS_BC_90d,Compressive Strength,Bacterial Concrete,90,train
CS_NC_90d_029,EXP_CS_NC_90d,Compressive Strength,Normal Concrete,90,train
CS_BC_90d_029,EXP_CS_BC_90d,Compressive Strength,Bacterial Concrete,90,train
CS_NC_90d_030,EXP_CS_NC_90d,Compressive Strength,Normal Concrete,90,train
CS_BC_90d_030,EXP_CS_BC_90d,Compressive Strength,Bacterial Concrete,90,train
CS_NC_90d_031,EXP_CS_NC_90d,Compressive Strength,Normal Concrete,90,train
CS_BC_90d_031,EXP_CS_BC_90d,Compressive Strength,Bacterial Concrete,90,train
CS_NC_90d_032,EXP_CS_NC_90d,Compressive Strength,Normal Concrete,90,train
CS_BC_90d_032,EXP_CS_BC_90d,Compressive Strength,Bacterial Concrete,90,train
CS_NC_90d_033,EXP_CS_NC_90d,Compressive Strength,Normal Concrete,90,train
CS_BC_90d_033,EXP_CS_BC_90d,Compressive Strength,Bacterial Concrete,90,train
CS_NC_90d_034,EXP_CS_NC_90d,Compressive Strength,Normal Concrete,90,train
CS_BC_90d_034,EXP_CS_BC_90d,Compressive Strength,Bacterial Concrete,90,train
CS_NC_90d_035,EXP_CS_NC_90d,Compressive Strength,Normal Concrete,90,train
CS_BC_90d_035,EXP_CS_BC_90d,Compressive Strength,Bacterial Concrete,90,train
CS_NC_90d_036,EXP_CS_NC_90d,Compressive Strength,Normal Concrete,90,train
CS_BC_90d_036,EXP_CS_BC_90d,Compressive Strength,Bacterial Concrete,90,train
CS_NC_90d_037,EXP_CS_NC_90d,Compressive Strength,Normal Concrete,90,train
CS_BC_90d_037,EXP_CS_BC_90d,Compressive Strength,Bacterial Concrete,90,train
CS_NC_90d_038,EXP_CS_NC_90d,Compressive Strength,Normal Concrete,90,train
CS_BC_90d_038,EXP_CS_BC_90d,Compressive Strength,Bacterial Concrete,90,train
CS_NC_90d_039,EXP_CS_NC_90d,Compressive Strength,Normal Concrete,90,train
CS_BC_90d_039,EXP_CS_BC_90d,Compressive Strength,Bacterial Concrete,90,train
CS_NC_90d_040,EXP_CS_NC_90d,Compressive Strength,Normal Concrete,90,train
CS_BC_90d_040,EXP_CS_BC_90d,Compressive Strength,Bacterial Concrete,90,train
CS_NC_90d_041,EXP_CS_NC_90d,Compressive Strength,Normal Concrete,90,train
CS_BC_90d_041,EXP_CS_BC_90d,Compressive Strength,Bacterial Concrete,90,train
CS_NC_90d_042,EXP_CS_NC_90d,Compressive Strength,Normal Concrete,90,train
CS_BC_90d_042,EXP_CS_BC_90d,Compressive Strength,Bacterial Concrete,90,train
CS_NC_90d_043,EXP_CS_NC_90d,Compressive Strength,Normal Concrete,90,train
CS_BC_90d_043,EXP_CS_BC_90d,Compressive Strength,Bacterial Concrete,90,train
CS_NC_90d_044,EXP_CS_NC_90d,Compressive Strength,Normal Concrete,90,train
CS_BC_90d_044,EXP_CS_BC_90d,Compressive Strength,Bacterial Concrete,90,train
CS_NC_90d_045,EXP_CS_NC_90d,Compressive Strength,Normal Concrete,90,train
CS_BC_90d_045,EXP_CS_BC_90d,Compressive Strength,Bacterial Concrete,90,train
CS_NC_90d_046,EXP_CS_NC_90d,Compressive Strength,Normal Concrete,90,train
CS_BC_90d_046,EXP_CS_BC_90d,Compressive Strength,Bacterial Concrete,90,train
CS_NC_90d_047,EXP_CS_NC_90d,Compressive Strength,Normal Concrete,90,train
CS_BC_90d_047,EXP_CS_BC_90d,Compressive Strength,Bacterial Concrete,90,train
CS_NC_90d_048,EXP_CS_NC_90d,Compressive Strength,Normal Concrete,90,train
CS_BC_90d_048,EXP_CS_BC_90d,Compressive Strength,Bacterial Concrete,90,train
CS_NC_90d_049,EXP_CS_NC_90d,Compressive Strength,Normal Concrete,90,train
CS_BC_90d_049,EXP_CS_BC_90d,Compressive Strength,Bacterial Concrete,90,train
CS_NC_90d_050,EXP_CS_NC_90d,Compressive Strength,Normal Concrete,90,train
CS_BC_90d_050,EXP_CS_BC_90d,Compressive Strength,Bacterial Concrete,90,train
CS_NC_90d_051,EXP_CS_NC_90d,Compressive Strength,Normal Concrete,90,train
CS_BC_90d_051,EXP_CS_BC_90d,Compressive Strength,Bacterial Concrete,90,train
CS_NC_90d_052,EXP_CS_NC_90d,Compressive Strength,Normal Concrete,90,train
CS_BC_90d_052,EXP_CS_BC_90d,Compressive Strength,Bacterial Concrete,90,train
CS_NC_90d_053,EXP_CS_NC_90d,Compressive Strength,Normal Concrete,90,train
CS_BC_90d_053,EXP_CS_BC_90d,Compressive Strength,Bacterial Concrete,90,train
CS_NC_90d_054,EXP_CS_NC_90d,Compressive Strength,Normal Concrete,90,train
CS_BC_90d_054,EXP_CS_BC_90d,Compressive Strength,Bacterial Concrete,90,train
CS_NC_90d_055,EXP_CS_NC_90d,Compressive Strength,Normal Concrete,90,train
CS_BC_90d_055,EXP_CS_BC_90d,Compressive Strength,Bacterial Concrete,90,train
CS_NC_90d_056,EXP_CS_NC_90d,Compressive Strength,Normal Concrete,90,train
CS_BC_90d_056,EXP_CS_BC_90d,Compressive Strength,Bacterial Concrete,90,train
CS_NC_90d_057,EXP_CS_NC_90d,Compressive Strength,Normal Concrete,90,train
CS_BC_90d_057,EXP_CS_BC_90d,Compressive Strength,Bacterial Concrete,90,train
CS_NC_90d_058,EXP_CS_NC_90d,Compressive Strength,Normal Concrete,90,train
CS_BC_90d_058,EXP_CS_BC_90d,Compressive Strength,Bacterial Concrete,90,train
CS_NC_90d_059,EXP_CS_NC_90d,Compressive Strength,Normal Concrete,90,train
CS_BC_90d_059,EXP_CS_BC_90d,Compressive Strength,Bacterial Concrete,90,train
CS_NC_90d_060,EXP_CS_NC_90d,Compressive Strength,Normal Concrete,90,train
CS_BC_90d_060,EXP_CS_BC_90d,Compressive Strength,Bacterial Concrete,90,train
CS_NC_90d_061,EXP_CS_NC_90d,Compressive Strength,Normal Concrete,90,train
CS_BC_90d_061,EXP_CS_BC_90d,Compressive Strength,Bacterial Concrete,90,train
CS_NC_90d_062,EXP_CS_NC_90d,Compressive Strength,Normal Concrete,90,train
CS_BC_90d_062,EXP_CS_BC_90d,Compressive Strength,Bacterial Concrete,90,train
CS_NC_90d_063,EXP_CS_NC_90d,Compressive Strength,Normal Concrete,90,train
CS_BC_90d_063,EXP_CS_BC_90d,Compressive Strength,Bacterial Concrete,90,train
CS_NC_90d_064,EXP_CS_NC_90d,Compressive Strength,Normal Concrete,90,train
CS_BC_90d_064,EXP_CS_BC_90d,Compressive Strength,Bacterial Concrete,90,train
CS_NC_90d_065,EXP_CS_NC_90d,Compressive Strength,Normal Concrete,90,train
CS_BC_90d_065,EXP_CS_BC_90d,Compressive Strength,Bacterial Concrete,90,train
CS_NC_90d_066,EXP_CS_NC_90d,Compressive Strength,Normal Concrete,90,train
CS_BC_90d_066,EXP_CS_BC_90d,Compressive Strength,Bacterial Concrete,90,train
CS_NC_90d_067,EXP_CS_NC_90d,Compressive Strength,Normal Concrete,90,train
CS_BC_90d_067,EXP_CS_BC_90d,Compressive Strength,Bacterial Concrete,90,train
CS_NC_90d_068,EXP_CS_NC_90d,Compressive Strength,Normal Concrete,90,train
CS_BC_90d_068,EXP_CS_BC_90d,Compressive Strength,Bacterial Concrete,90,train
CS_NC_90d_069,EXP_CS_NC_90d,Compressive Strength,Normal Concrete,90,train
CS_BC_90d_069,EXP_CS_BC_90d,Compressive Strength,Bacterial Concrete,90,train
CS_NC_90d_070,EXP_CS_NC_90d,Compressive Strength,Normal Concrete,90,train
CS_BC_90d_070,EXP_CS_BC_90d,Compressive Strength,Bacterial Concrete,90,train
CS_NC_90d_071,EXP_CS_NC_90d,Compressive Strength,Normal Concrete,90,train
CS_BC_90d_071,EXP_CS_BC_90d,Compressive Strength,Bacterial Concrete,90,train
CS_NC_90d_072,EXP_CS_NC_90d,Compressive Strength,Normal Concrete,90,train
CS_BC_90d_072,EXP_CS_BC_90d,Compressive Strength,Bacterial Concrete,90,train
CS_NC_90d_073,EXP_CS_NC_90d,Compressive Strength,Normal Concrete,90,train
CS_BC_90d_073,EXP_CS_BC_90d,Compressive Strength,Bacterial Concrete,90,train
CS_NC_90d_074,EXP_CS_NC_90d,Compressive Strength,Normal Concrete,90,train
CS_BC_90d_074,EXP_CS_BC_90d,Compressive Strength,Bacterial Concrete,90,train
CS_NC_90d_075,EXP_CS_NC_90d,Compressive Strength,Normal Concrete,90,train
CS_BC_90d_075,EXP_CS_BC_90d,Compressive Strength,Bacterial Concrete,90,train
CS_NC_90d_076,EXP_CS_NC_90d,Compressive Strength,Normal Concrete,90,train
CS_BC_90d_076,EXP_CS_BC_90d,Compressive Strength,Bacterial Concrete,90,train
CS_NC_90d_077,EXP_CS_NC_90d,Compressive Strength,Normal Concrete,90,train
CS_BC_90d_077,EXP_CS_BC_90d,Compressive Strength,Bacterial Concrete,90,train
CS_NC_90d_078,EXP_CS_NC_90d,Compressive Strength,Normal Concrete,90,train
CS_BC_90d_078,EXP_CS_BC_90d,Compressive Strength,Bacterial Concrete,90,train
CS_NC_90d_079,EXP_CS_NC_90d,Compressive Strength,Normal Concrete,90,train
CS_BC_90d_079,EXP_CS_BC_90d,Compressive Strength,Bacterial Concrete,90,train
CS_NC_90d_080,EXP_CS_NC_90d,Compressive Strength,Normal Concrete,90,train
CS_BC_90d_080,EXP_CS_BC_90d,Compressive Strength,Bacterial Concrete,90,train
CS_NC_90d_081,EXP_CS_NC_90d,Compressive Strength,Normal Concrete,90,train
CS_BC_90d_081,EXP_CS_BC_90d,Compressive Strength,Bacterial Concrete,90,train
CS_NC_90d_082,EXP_CS_NC_90d,Compressive Strength,Normal Concrete,90,train
CS_BC_90d_082,EXP_CS_BC_90d,Compressive Strength,Bacterial Concrete,90,train
CS_NC_90d_083,EXP_CS_NC_90d,Compressive Strength,Normal Concrete,90,train
CS_BC_90d_083,EXP_CS_BC_90d,Compressive Strength,Bacterial Concrete,90,train
CS_NC_90d_084,EXP_CS_NC_90d,Compressive Strength,Normal Concrete,90,train
CS_BC_90d_084,EXP_CS_BC_90d,Compressive Strength,Bacterial Concrete,90,train
CS_NC_90d_085,EXP_CS_NC_90d,Compressive Strength,Normal Concrete,90,train
CS_BC_90d_085,EXP_CS_BC_90d,Compressive Strength,Bacterial Concrete,90,train
CS_NC_90d_086,EXP_CS_NC_90d,Compressive Strength,Normal Concrete,90,train
CS_BC_90d_086,EXP_CS_BC_90d,Compressive Strength,Bacterial Concrete,90,train
CS_NC_90d_087,EXP_CS_NC_90d,Compressive Strength,Normal Concrete,90,train
CS_BC_90d_087,EXP_CS_BC_90d,Compressive Strength,Bacterial Concrete,90,train
CS_NC_90d_088,EXP_CS_NC_90d,Compressive Strength,Normal Concrete,90,train
CS_BC_90d_088,EXP_CS_BC_90d,Compressive Strength,Bacterial Concrete,90,train
CS_NC_90d_089,EXP_CS_NC_90d,Compressive Strength,Normal Concrete,90,train
CS_BC_90d_089,EXP_CS_BC_90d,Compressive Strength,Bacterial Concrete,90,train
CS_NC_90d_090,EXP_CS_NC_90d,Compressive Strength,Normal Concrete,90,train
CS_BC_90d_090,EXP_CS_BC_90d,Compressive Strength,Bacterial Concrete,90,train
CS_NC_90d_091,EXP_CS_NC_90d,Compressive Strength,Normal Concrete,90,train
CS_BC_90d_091,EXP_CS_BC_90d,Compressive Strength,Bacterial Concrete,90,train
CS_NC_90d_092,EXP_CS_NC_90d,Compressive Strength,Normal Concrete,90,train
CS_BC_90d_092,EXP_CS_BC_90d,Compressive Strength,Bacterial Concrete,90,train
CS_NC_90d_093,EXP_CS_NC_90d,Compressive Strength,Normal Concrete,90,train
CS_BC_90d_093,EXP_CS_BC_90d,Compressive Strength,Bacterial Concrete,90,train
CS_NC_90d_094,EXP_CS_NC_90d,Compressive Strength,Normal Concrete,90,train
CS_BC_90d_094,EXP_CS_BC_90d,Compressive Strength,Bacterial Concrete,90,train
CS_NC_90d_095,EXP_CS_NC_90d,Compressive Strength,Normal Concrete,90,train
CS_BC_90d_095,EXP_CS_BC_90d,Compressive Strength,Bacterial Concrete,90,train
CS_NC_90d_096,EXP_CS_NC_90d,Compressive Strength,Normal Concrete,90,train
CS_BC_90d_096,EXP_CS_BC_90d,Compressive Strength,Bacterial Concrete,90,train
CS_NC_90d_097,EXP_CS_NC_90d,Compressive Strength,Normal Concrete,90,train
CS_BC_90d_097,EXP_CS_BC_90d,Compressive Strength,Bacterial Concrete,90,train
CS_NC_90d_098,EXP_CS_NC_90d,Compressive Strength,Normal Concrete,90,train
CS_BC_90d_098,EXP_CS_BC_90d,Compressive Strength,Bacterial Concrete,90,train
CS_NC_90d_099,EXP_CS_NC_90d,Compressive Strength,Normal Concrete,90,train
CS_BC_90d_099,EXP_CS_BC_90d,Compressive Strength,Bacterial Concrete,90,train
CS_NC_90d_100,EXP_CS_NC_90d,Compressive Strength,Normal Concrete,90,train
CS_BC_90d_100,EXP_CS_BC_90d,Compressive Strength,Bacterial Concrete,90,train
FS_NC_07d_001,EXP_FS_NC_07d,Flexural Strength,Normal Concrete,7,train
FS_NC_07d_002,EXP_FS_NC_07d,Flexural Strength,Normal Concrete,7,train
FS_NC_07d_003,EXP_FS_NC_07d,Flexural Strength,Normal Concrete,7,train
FS_NC_07d_004,EXP_FS_NC_07d,Flexural Strength,Normal Concrete,7,train
FS_NC_07d_005,EXP_FS_NC_07d,Flexural Strength,Normal Concrete,7,train
FS_NC_07d_006,EXP_FS_NC_07d,Flexural Strength,Normal Concrete,7,train
FS_NC_07d_007,EXP_FS_NC_07d,Flexural Strength,Normal Concrete,7,train
FS_NC_07d_008,EXP_FS_NC_07d,Flexural Strength,Normal Concrete,7,train
FS_NC_07d_009,EXP_FS_NC_07d,Flexural Strength,Normal Concrete,7,train
FS_NC_07d_010,EXP_FS_NC_07d,Flexural Strength,Normal Concrete,7,train
FS_NC_07d_011,EXP_FS_NC_07d,Flexural Strength,Normal Concrete,7,train
FS_NC_07d_012,EXP_FS_NC_07d,Flexural Strength,Normal Concrete,7,train
FS_NC_07d_013,EXP_FS_NC_07d,Flexural Strength,Normal Concrete,7,train
FS_NC_07d_014,EXP_FS_NC_07d,Flexural Strength,Normal Concrete,7,train
FS_NC_07d_015,EXP_FS_NC_07d,Flexural Strength,Normal Concrete,7,train
FS_NC_07d_016,EXP_FS_NC_07d,Flexural Strength,Normal Concrete,7,train
FS_NC_07d_017,EXP_FS_NC_07d,Flexural Strength,Normal Concrete,7,train
FS_NC_07d_018,EXP_FS_NC_07d,Flexural Strength,Normal Concrete,7,train
FS_NC_07d_019,EXP_FS_NC_07d,Flexural Strength,Normal Concrete,7,train
FS_NC_07d_020,EXP_FS_NC_07d,Flexural Strength,Normal Concrete,7,train
FS_NC_07d_021,EXP_FS_NC_07d,Flexural Strength,Normal Concrete,7,train
FS_NC_07d_022,EXP_FS_NC_07d,Flexural Strength,Normal Concrete,7,train
FS_NC_07d_023,EXP_FS_NC_07d,Flexural Strength,Normal Concrete,7,train
FS_NC_07d_024,EXP_FS_NC_07d,Flexural Strength,Normal Concrete,7,train
FS_NC_07d_025,EXP_FS_NC_07d,Flexural Strength,Normal Concrete,7,train
FS_NC_07d_026,EXP_FS_NC_07d,Flexural Strength,Normal Concrete,7,train
FS_NC_07d_027,EXP_FS_NC_07d,Flexural Strength,Normal Concrete,7,train
FS_NC_07d_028,EXP_FS_NC_07d,Flexural Strength,Normal Concrete,7,train
FS_NC_07d_029,EXP_FS_NC_07d,Flexural Strength,Normal Concrete,7,train
FS_NC_07d_030,EXP_FS_NC_07d,Flexural Strength,Normal Concrete,7,train
FS_NC_07d_031,EXP_FS_NC_07d,Flexural Strength,Normal Concrete,7,train
FS_NC_07d_032,EXP_FS_NC_07d,Flexural Strength,Normal Concrete,7,train
FS_NC_07d_033,EXP_FS_NC_07d,Flexural Strength,Normal Concrete,7,train
FS_NC_07d_034,EXP_FS_NC_07d,Flexural Strength,Normal Concrete,7,train
FS_NC_07d_035,EXP_FS_NC_07d,Flexural Strength,Normal Concrete,7,train
FS_NC_07d_036,EXP_FS_NC_07d,Flexural Strength,Normal Concrete,7,train
FS_NC_07d_037,EXP_FS_NC_07d,Flexural Strength,Normal Concrete,7,train
FS_NC_07d_038,EXP_FS_NC_07d,Flexural Strength,Normal Concrete,7,train
FS_NC_07d_039,EXP_FS_NC_07d,Flexural Strength,Normal Concrete,7,train
FS_NC_07d_040,EXP_FS_NC_07d,Flexural Strength,Normal Concrete,7,train
FS_NC_07d_041,EXP_FS_NC_07d,Flexural Strength,Normal Concrete,7,train
FS_NC_07d_042,EXP_FS_NC_07d,Flexural Strength,Normal Concrete,7,train
FS_NC_07d_043,EXP_FS_NC_07d,Flexural Strength,Normal Concrete,7,train
FS_NC_07d_044,EXP_FS_NC_07d,Flexural Strength,Normal Concrete,7,train
FS_NC_07d_045,EXP_FS_NC_07d,Flexural Strength,Normal Concrete,7,train
FS_NC_07d_046,EXP_FS_NC_07d,Flexural Strength,Normal Concrete,7,train
FS_NC_07d_047,EXP_FS_NC_07d,Flexural Strength,Normal Concrete,7,train
FS_NC_07d_048,EXP_FS_NC_07d,Flexural Strength,Normal Concrete,7,train
FS_NC_07d_049,EXP_FS_NC_07d,Flexural Strength,Normal Concrete,7,train
FS_NC_07d_050,EXP_FS_NC_07d,Flexural Strength,Normal Concrete,7,train
FS_NC_07d_051,EXP_FS_NC_07d,Flexural Strength,Normal Concrete,7,train
FS_NC_07d_052,EXP_FS_NC_07d,Flexural Strength,Normal Concrete,7,train
FS_NC_07d_053,EXP_FS_NC_07d,Flexural Strength,Normal Concrete,7,train
FS_NC_07d_054,EXP_FS_NC_07d,Flexural Strength,Normal Concrete,7,train
FS_NC_07d_055,EXP_FS_NC_07d,Flexural Strength,Normal Concrete,7,train
FS_NC_07d_056,EXP_FS_NC_07d,Flexural Strength,Normal Concrete,7,train
FS_NC_07d_057,EXP_FS_NC_07d,Flexural Strength,Normal Concrete,7,train
FS_NC_07d_058,EXP_FS_NC_07d,Flexural Strength,Normal Concrete,7,train
FS_NC_07d_059,EXP_FS_NC_07d,Flexural Strength,Normal Concrete,7,train
FS_NC_07d_060,EXP_FS_NC_07d,Flexural Strength,Normal Concrete,7,train
FS_NC_07d_061,EXP_FS_NC_07d,Flexural Strength,Normal Concrete,7,train
FS_NC_07d_062,EXP_FS_NC_07d,Flexural Strength,Normal Concrete,7,train
FS_NC_07d_063,EXP_FS_NC_07d,Flexural Strength,Normal Concrete,7,train
FS_NC_07d_064,EXP_FS_NC_07d,Flexural Strength,Normal Concrete,7,train
FS_NC_07d_065,EXP_FS_NC_07d,Flexural Strength,Normal Concrete,7,train
FS_NC_07d_066,EXP_FS_NC_07d,Flexural Strength,Normal Concrete,7,train
FS_NC_07d_067,EXP_FS_NC_07d,Flexural Strength,Normal Concrete,7,train
FS_NC_07d_068,EXP_FS_NC_07d,Flexural Strength,Normal Concrete,7,train
FS_NC_07d_069,EXP_FS_NC_07d,Flexural Strength,Normal Concrete,7,train
FS_NC_07d_070,EXP_FS_NC_07d,Flexural Strength,Normal Concrete,7,train
FS_NC_07d_071,EXP_FS_NC_07d,Flexural Strength,Normal Concrete,7,train
FS_NC_07d_072,EXP_FS_NC_07d,Flexural Strength,Normal Concrete,7,train
FS_NC_07d_073,EXP_FS_NC_07d,Flexural Strength,Normal Concrete,7,train
FS_NC_07d_074,EXP_FS_NC_07d,Flexural Strength,Normal Concrete,7,train
FS_NC_07d_075,EXP_FS_NC_07d,Flexural Strength,Normal Concrete,7,train
FS_NC_07d_076,EXP_FS_NC_07d,Flexural Strength,Normal Concrete,7,train
FS_NC_07d_077,EXP_FS_NC_07d,Flexural Strength,Normal Concrete,7,train
FS_NC_07d_078,EXP_FS_NC_07d,Flexural Strength,Normal Concrete,7,train
FS_NC_07d_079,EXP_FS_NC_07d,Flexural Strength,Normal Concrete,7,train
FS_NC_07d_080,EXP_FS_NC_07d,Flexural Strength,Normal Concrete,7,train
FS_NC_07d_081,EXP_FS_NC_07d,Flexural Strength,Normal Concrete,7,train
FS_NC_07d_082,EXP_FS_NC_07d,Flexural Strength,Normal Concrete,7,train
FS_NC_07d_083,EXP_FS_NC_07d,Flexural Strength,Normal Concrete,7,train
FS_NC_07d_084,EXP_FS_NC_07d,Flexural Strength,Normal Concrete,7,train
FS_NC_07d_085,EXP_FS_NC_07d,Flexural Strength,Normal Concrete,7,train
FS_NC_07d_086,EXP_FS_NC_07d,Flexural Strength,Normal Concrete,7,train
FS_NC_07d_087,EXP_FS_NC_07d,Flexural Strength,Normal Concrete,7,train
FS_NC_07d_088,EXP_FS_NC_07d,Flexural Strength,Normal Concrete,7,train
FS_NC_07d_089,EXP_FS_NC_07d,Flexural Strength,Normal Concrete,7,train
FS_NC_07d_090,EXP_FS_NC_07d,Flexural Strength,Normal Concrete,7,train
FS_NC_07d_091,EXP_FS_NC_07d,Flexural Strength,Normal Concrete,7,train
FS_NC_07d_092,EXP_FS_NC_07d,Flexural Strength,Normal Concrete,7,train
FS_NC_07d_093,EXP_FS_NC_07d,Flexural Strength,Normal Concrete,7,train
FS_NC_07d_094,EXP_FS_NC_07d,Flexural Strength,Normal Concrete,7,train
FS_NC_07d_095,EXP_FS_NC_07d,Flexural Strength,Normal Concrete,7,train
FS_NC_07d_096,EXP_FS_NC_07d,Flexural Strength,Normal Concrete,7,train
FS_NC_07d_097,EXP_FS_NC_07d,Flexural Strength,Normal Concrete,7,train
FS_NC_07d_098,EXP_FS_NC_07d,Flexural Strength,Normal Concrete,7,train
FS_NC_07d_099,EXP_FS_NC_07d,Flexural Strength,Normal Concrete,7,train
FS_NC_07d_100,EXP_FS_NC_07d,Flexural Strength,Normal Concrete,7,train
FS_NC_14d_001,EXP_FS_NC_14d,Flexural Strength,Normal Concrete,14,train
FS_NC_14d_002,EXP_FS_NC_14d,Flexural Strength,Normal Concrete,14,train
FS_NC_14d_003,EXP_FS_NC_14d,Flexural Strength,Normal Concrete,14,train
FS_NC_14d_004,EXP_FS_NC_14d,Flexural Strength,Normal Concrete,14,train
FS_NC_14d_005,EXP_FS_NC_14d,Flexural Strength,Normal Concrete,14,train
FS_NC_14d_006,EXP_FS_NC_14d,Flexural Strength,Normal Concrete,14,train
FS_NC_14d_007,EXP_FS_NC_14d,Flexural Strength,Normal Concrete,14,train
FS_NC_14d_008,EXP_FS_NC_14d,Flexural Strength,Normal Concrete,14,train
FS_NC_14d_009,EXP_FS_NC_14d,Flexural Strength,Normal Concrete,14,train
FS_NC_14d_010,EXP_FS_NC_14d,Flexural Strength,Normal Concrete,14,train
FS_NC_14d_011,EXP_FS_NC_14d,Flexural Strength,Normal Concrete,14,train
FS_NC_14d_012,EXP_FS_NC_14d,Flexural Strength,Normal Concrete,14,train
FS_NC_14d_013,EXP_FS_NC_14d,Flexural Strength,Normal Concrete,14,train
FS_NC_14d_014,EXP_FS_NC_14d,Flexural Strength,Normal Concrete,14,train
FS_NC_14d_015,EXP_FS_NC_14d,Flexural Strength,Normal Concrete,14,train
FS_NC_14d_016,EXP_FS_NC_14d,Flexural Strength,Normal Concrete,14,train
FS_NC_14d_017,EXP_FS_NC_14d,Flexural Strength,Normal Concrete,14,train
FS_NC_14d_018,EXP_FS_NC_14d,Flexural Strength,Normal Concrete,14,train
FS_NC_14d_019,EXP_FS_NC_14d,Flexural Strength,Normal Concrete,14,train
FS_NC_14d_020,EXP_FS_NC_14d,Flexural Strength,Normal Concrete,14,train
FS_NC_14d_021,EXP_FS_NC_14d,Flexural Strength,Normal Concrete,14,train
FS_NC_14d_022,EXP_FS_NC_14d,Flexural Strength,Normal Concrete,14,train
FS_NC_14d_023,EXP_FS_NC_14d,Flexural Strength,Normal Concrete,14,train
FS_NC_14d_024,EXP_FS_NC_14d,Flexural Strength,Normal Concrete,14,train
FS_NC_14d_025,EXP_FS_NC_14d,Flexural Strength,Normal Concrete,14,train
FS_NC_14d_026,EXP_FS_NC_14d,Flexural Strength,Normal Concrete,14,train
FS_NC_14d_027,EXP_FS_NC_14d,Flexural Strength,Normal Concrete,14,train
FS_NC_14d_028,EXP_FS_NC_14d,Flexural Strength,Normal Concrete,14,train
FS_NC_14d_029,EXP_FS_NC_14d,Flexural Strength,Normal Concrete,14,train
FS_NC_14d_030,EXP_FS_NC_14d,Flexural Strength,Normal Concrete,14,train
FS_NC_14d_031,EXP_FS_NC_14d,Flexural Strength,Normal Concrete,14,train
FS_NC_14d_032,EXP_FS_NC_14d,Flexural Strength,Normal Concrete,14,train
FS_NC_14d_033,EXP_FS_NC_14d,Flexural Strength,Normal Concrete,14,train
FS_NC_14d_034,EXP_FS_NC_14d,Flexural Strength,Normal Concrete,14,train
FS_NC_14d_035,EXP_FS_NC_14d,Flexural Strength,Normal Concrete,14,train
FS_NC_14d_036,EXP_FS_NC_14d,Flexural Strength,Normal Concrete,14,train
FS_NC_14d_037,EXP_FS_NC_14d,Flexural Strength,Normal Concrete,14,train
FS_NC_14d_038,EXP_FS_NC_14d,Flexural Strength,Normal Concrete,14,train
FS_NC_14d_039,EXP_FS_NC_14d,Flexural Strength,Normal Concrete,14,train
FS_NC_14d_040,EXP_FS_NC_14d,Flexural Strength,Normal Concrete,14,train
FS_NC_14d_041,EXP_FS_NC_14d,Flexural Strength,Normal Concrete,14,train
FS_NC_14d_042,EXP_FS_NC_14d,Flexural Strength,Normal Concrete,14,train
FS_NC_14d_043,EXP_FS_NC_14d,Flexural Strength,Normal Concrete,14,train
FS_NC_14d_044,EXP_FS_NC_14d,Flexural Strength,Normal Concrete,14,train
FS_NC_14d_045,EXP_FS_NC_14d,Flexural Strength,Normal Concrete,14,train
FS_NC_14d_046,EXP_FS_NC_14d,Flexural Strength,Normal Concrete,14,train
FS_NC_14d_047,EXP_FS_NC_14d,Flexural Strength,Normal Concrete,14,train
FS_NC_14d_048,EXP_FS_NC_14d,Flexural Strength,Normal Concrete,14,train
FS_NC_14d_049,EXP_FS_NC_14d,Flexural Strength,Normal Concrete,14,train
FS_NC_14d_050,EXP_FS_NC_14d,Flexural Strength,Normal Concrete,14,train
FS_NC_14d_051,EXP_FS_NC_14d,Flexural Strength,Normal Concrete,14,train
FS_NC_14d_052,EXP_FS_NC_14d,Flexural Strength,Normal Concrete,14,train
FS_NC_14d_053,EXP_FS_NC_14d,Flexural Strength,Normal Concrete,14,train
FS_NC_14d_054,EXP_FS_NC_14d,Flexural Strength,Normal Concrete,14,train
FS_NC_14d_055,EXP_FS_NC_14d,Flexural Strength,Normal Concrete,14,train
FS_NC_14d_056,EXP_FS_NC_14d,Flexural Strength,Normal Concrete,14,train
FS_NC_14d_057,EXP_FS_NC_14d,Flexural Strength,Normal Concrete,14,train
FS_NC_14d_058,EXP_FS_NC_14d,Flexural Strength,Normal Concrete,14,train
FS_NC_14d_059,EXP_FS_NC_14d,Flexural Strength,Normal Concrete,14,train
FS_NC_14d_060,EXP_FS_NC_14d,Flexural Strength,Normal Concrete,14,train
FS_NC_14d_061,EXP_FS_NC_14d,Flexural Strength,Normal Concrete,14,train
FS_NC_14d_062,EXP_FS_NC_14d,Flexural Strength,Normal Concrete,14,train
FS_NC_14d_063,EXP_FS_NC_14d,Flexural Strength,Normal Concrete,14,train
FS_NC_14d_064,EXP_FS_NC_14d,Flexural Strength,Normal Concrete,14,train
FS_NC_14d_065,EXP_FS_NC_14d,Flexural Strength,Normal Concrete,14,train
FS_NC_14d_066,EXP_FS_NC_14d,Flexural Strength,Normal Concrete,14,train
FS_NC_14d_067,EXP_FS_NC_14d,Flexural Strength,Normal Concrete,14,train
FS_NC_14d_068,EXP_FS_NC_14d,Flexural Strength,Normal Concrete,14,train
FS_NC_14d_069,EXP_FS_NC_14d,Flexural Strength,Normal Concrete,14,train
FS_NC_14d_070,EXP_FS_NC_14d,Flexural Strength,Normal Concrete,14,train
FS_NC_14d_071,EXP_FS_NC_14d,Flexural Strength,Normal Concrete,14,train
FS_NC_14d_072,EXP_FS_NC_14d,Flexural Strength,Normal Concrete,14,train
FS_NC_14d_073,EXP_FS_NC_14d,Flexural Strength,Normal Concrete,14,train
FS_NC_14d_074,EXP_FS_NC_14d,Flexural Strength,Normal Concrete,14,train
FS_NC_14d_075,EXP_FS_NC_14d,Flexural Strength,Normal Concrete,14,train
FS_NC_14d_076,EXP_FS_NC_14d,Flexural Strength,Normal Concrete,14,train
FS_NC_14d_077,EXP_FS_NC_14d,Flexural Strength,Normal Concrete,14,train
FS_NC_14d_078,EXP_FS_NC_14d,Flexural Strength,Normal Concrete,14,train
FS_NC_14d_079,EXP_FS_NC_14d,Flexural Strength,Normal Concrete,14,train
FS_NC_14d_080,EXP_FS_NC_14d,Flexural Strength,Normal Concrete,14,train
FS_NC_14d_081,EXP_FS_NC_14d,Flexural Strength,Normal Concrete,14,train
FS_NC_14d_082,EXP_FS_NC_14d,Flexural Strength,Normal Concrete,14,train
FS_NC_14d_083,EXP_FS_NC_14d,Flexural Strength,Normal Concrete,14,train
FS_NC_14d_084,EXP_FS_NC_14d,Flexural Strength,Normal Concrete,14,train
FS_NC_14d_085,EXP_FS_NC_14d,Flexural Strength,Normal Concrete,14,train
FS_NC_14d_086,EXP_FS_NC_14d,Flexural Strength,Normal Concrete,14,train
FS_NC_14d_087,EXP_FS_NC_14d,Flexural Strength,Normal Concrete,14,train
FS_NC_14d_088,EXP_FS_NC_14d,Flexural Strength,Normal Concrete,14,train
FS_NC_14d_089,EXP_FS_NC_14d,Flexural Strength,Normal Concrete,14,train
FS_NC_14d_090,EXP_FS_NC_14d,Flexural Strength,Normal Concrete,14,train
FS_NC_14d_091,EXP_FS_NC_14d,Flexural Strength,Normal Concrete,14,train
FS_NC_14d_092,EXP_FS_NC_14d,Flexural Strength,Normal Concrete,14,train
FS_NC_14d_093,EXP_FS_NC_14d,Flexural Strength,Normal Concrete,14,train
FS_NC_14d_094,EXP_FS_NC_14d,Flexural Strength,Normal Concrete,14,train
FS_NC_14d_095,EXP_FS_NC_14d,Flexural Strength,Normal Concrete,14,train
FS_NC_14d_096,EXP_FS_NC_14d,Flexural Strength,Normal Concrete,14,train
FS_NC_14d_097,EXP_FS_NC_14d,Flexural Strength,Normal Concrete,14,train
FS_NC_14d_098,EXP_FS_NC_14d,Flexural Strength,Normal Concrete,14,train
FS_NC_14d_099,EXP_FS_NC_14d,Flexural Strength,Normal Concrete,14,train
FS_NC_14d_100,EXP_FS_NC_14d,Flexural Strength,Normal Concrete,14,train
FS_NC_21d_001,EXP_FS_NC_21d,Flexural Strength,Normal Concrete,21,train
FS_NC_21d_002,EXP_FS_NC_21d,Flexural Strength,Normal Concrete,21,train
FS_NC_21d_003,EXP_FS_NC_21d,Flexural Strength,Normal Concrete,21,train
FS_NC_21d_004,EXP_FS_NC_21d,Flexural Strength,Normal Concrete,21,train
FS_NC_21d_005,EXP_FS_NC_21d,Flexural Strength,Normal Concrete,21,train
FS_NC_21d_006,EXP_FS_NC_21d,Flexural Strength,Normal Concrete,21,train
FS_NC_21d_007,EXP_FS_NC_21d,Flexural Strength,Normal Concrete,21,train
FS_NC_21d_008,EXP_FS_NC_21d,Flexural Strength,Normal Concrete,21,train
FS_NC_21d_009,EXP_FS_NC_21d,Flexural Strength,Normal Concrete,21,train
FS_NC_21d_010,EXP_FS_NC_21d,Flexural Strength,Normal Concrete,21,train
FS_NC_21d_011,EXP_FS_NC_21d,Flexural Strength,Normal Concrete,21,train
FS_NC_21d_012,EXP_FS_NC_21d,Flexural Strength,Normal Concrete,21,train
FS_NC_21d_013,EXP_FS_NC_21d,Flexural Strength,Normal Concrete,21,train
FS_NC_21d_014,EXP_FS_NC_21d,Flexural Strength,Normal Concrete,21,train
FS_NC_21d_015,EXP_FS_NC_21d,Flexural Strength,Normal Concrete,21,train
FS_NC_21d_016,EXP_FS_NC_21d,Flexural Strength,Normal Concrete,21,train
FS_NC_21d_017,EXP_FS_NC_21d,Flexural Strength,Normal Concrete,21,train
FS_NC_21d_018,EXP_FS_NC_21d,Flexural Strength,Normal Concrete,21,train
FS_NC_21d_019,EXP_FS_NC_21d,Flexural Strength,Normal Concrete,21,train
FS_NC_21d_020,EXP_FS_NC_21d,Flexural Strength,Normal Concrete,21,train
FS_NC_21d_021,EXP_FS_NC_21d,Flexural Strength,Normal Concrete,21,train
FS_NC_21d_022,EXP_FS_NC_21d,Flexural Strength,Normal Concrete,21,train
FS_NC_21d_023,EXP_FS_NC_21d,Flexural Strength,Normal Concrete,21,train
FS_NC_21d_024,EXP_FS_NC_21d,Flexural Strength,Normal Concrete,21,train
FS_NC_21d_025,EXP_FS_NC_21d,Flexural Strength,Normal Concrete,21,train
FS_NC_21d_026,EXP_FS_NC_21d,Flexural Strength,Normal Concrete,21,train
FS_NC_21d_027,EXP_FS_NC_21d,Flexural Strength,Normal Concrete,21,train
FS_NC_21d_028,EXP_FS_NC_21d,Flexural Strength,Normal Concrete,21,train
FS_NC_21d_029,EXP_FS_NC_21d,Flexural Strength,Normal Concrete,21,train
FS_NC_21d_030,EXP_FS_NC_21d,Flexural Strength,Normal Concrete,21,train
FS_NC_21d_031,EXP_FS_NC_21d,Flexural Strength,Normal Concrete,21,train
FS_NC_21d_032,EXP_FS_NC_21d,Flexural Strength,Normal Concrete,21,train
FS_NC_21d_033,EXP_FS_NC_21d,Flexural Strength,Normal Concrete,21,train
FS_NC_21d_034,EXP_FS_NC_21d,Flexural Strength,Normal Concrete,21,train
FS_NC_21d_035,EXP_FS_NC_21d,Flexural Strength,Normal Concrete,21,train
FS_NC_21d_036,EXP_FS_NC_21d,Flexural Strength,Normal Concrete,21,train
FS_NC_21d_037,EXP_FS_NC_21d,Flexural Strength,Normal Concrete,21,train
FS_NC_21d_038,EXP_FS_NC_21d,Flexural Strength,Normal Concrete,21,train
FS_NC_21d_039,EXP_FS_NC_21d,Flexural Strength,Normal Concrete,21,train
FS_NC_21d_040,EXP_FS_NC_21d,Flexural Strength,Normal Concrete,21,train
FS_NC_21d_041,EXP_FS_NC_21d,Flexural Strength,Normal Concrete,21,train
FS_NC_21d_042,EXP_FS_NC_21d,Flexural Strength,Normal Concrete,21,train
FS_NC_21d_043,EXP_FS_NC_21d,Flexural Strength,Normal Concrete,21,train
FS_NC_21d_044,EXP_FS_NC_21d,Flexural Strength,Normal Concrete,21,train
FS_NC_21d_045,EXP_FS_NC_21d,Flexural Strength,Normal Concrete,21,train
FS_NC_21d_046,EXP_FS_NC_21d,Flexural Strength,Normal Concrete,21,train
FS_NC_21d_047,EXP_FS_NC_21d,Flexural Strength,Normal Concrete,21,train
FS_NC_21d_048,EXP_FS_NC_21d,Flexural Strength,Normal Concrete,21,train
FS_NC_21d_049,EXP_FS_NC_21d,Flexural Strength,Normal Concrete,21,train
FS_NC_21d_050,EXP_FS_NC_21d,Flexural Strength,Normal Concrete,21,train
FS_NC_21d_051,EXP_FS_NC_21d,Flexural Strength,Normal Concrete,21,train
FS_NC_21d_052,EXP_FS_NC_21d,Flexural Strength,Normal Concrete,21,train
FS_NC_21d_053,EXP_FS_NC_21d,Flexural Strength,Normal Concrete,21,train
FS_NC_21d_054,EXP_FS_NC_21d,Flexural Strength,Normal Concrete,21,train
FS_NC_21d_055,EXP_FS_NC_21d,Flexural Strength,Normal Concrete,21,train
FS_NC_21d_056,EXP_FS_NC_21d,Flexural Strength,Normal Concrete,21,train
FS_NC_21d_057,EXP_FS_NC_21d,Flexural Strength,Normal Concrete,21,train
FS_NC_21d_058,EXP_FS_NC_21d,Flexural Strength,Normal Concrete,21,train
FS_NC_21d_059,EXP_FS_NC_21d,Flexural Strength,Normal Concrete,21,train
FS_NC_21d_060,EXP_FS_NC_21d,Flexural Strength,Normal Concrete,21,train
FS_NC_21d_061,EXP_FS_NC_21d,Flexural Strength,Normal Concrete,21,train
FS_NC_21d_062,EXP_FS_NC_21d,Flexural Strength,Normal Concrete,21,train
FS_NC_21d_063,EXP_FS_NC_21d,Flexural Strength,Normal Concrete,21,train
FS_NC_21d_064,EXP_FS_NC_21d,Flexural Strength,Normal Concrete,21,train
FS_NC_21d_065,EXP_FS_NC_21d,Flexural Strength,Normal Concrete,21,train
FS_NC_21d_066,EXP_FS_NC_21d,Flexural Strength,Normal Concrete,21,train
FS_NC_21d_067,EXP_FS_NC_21d,Flexural Strength,Normal Concrete,21,train
FS_NC_21d_068,EXP_FS_NC_21d,Flexural Strength,Normal Concrete,21,train
FS_NC_21d_069,EXP_FS_NC_21d,Flexural Strength,Normal Concrete,21,train
FS_NC_21d_070,EXP_FS_NC_21d,Flexural Strength,Normal Concrete,21,train
FS_NC_21d_071,EXP_FS_NC_21d,Flexural Strength,Normal Concrete,21,train
FS_NC_21d_072,EXP_FS_NC_21d,Flexural Strength,Normal Concrete,21,train
FS_NC_21d_073,EXP_FS_NC_21d,Flexural Strength,Normal Concrete,21,train
FS_NC_21d_074,EXP_FS_NC_21d,Flexural Strength,Normal Concrete,21,train
FS_NC_21d_075,EXP_FS_NC_21d,Flexural Strength,Normal Concrete,21,train
FS_NC_21d_076,EXP_FS_NC_21d,Flexural Strength,Normal Concrete,21,train
FS_NC_21d_077,EXP_FS_NC_21d,Flexural Strength,Normal Concrete,21,train
FS_NC_21d_078,EXP_FS_NC_21d,Flexural Strength,Normal Concrete,21,train
FS_NC_21d_079,EXP_FS_NC_21d,Flexural Strength,Normal Concrete,21,train
FS_NC_21d_080,EXP_FS_NC_21d,Flexural Strength,Normal Concrete,21,train
FS_NC_21d_081,EXP_FS_NC_21d,Flexural Strength,Normal Concrete,21,train
FS_NC_21d_082,EXP_FS_NC_21d,Flexural Strength,Normal Concrete,21,train
FS_NC_21d_083,EXP_FS_NC_21d,Flexural Strength,Normal Concrete,21,train
FS_NC_21d_084,EXP_FS_NC_21d,Flexural Strength,Normal Concrete,21,train
FS_NC_21d_085,EXP_FS_NC_21d,Flexural Strength,Normal Concrete,21,train
FS_NC_21d_086,EXP_FS_NC_21d,Flexural Strength,Normal Concrete,21,train
FS_NC_21d_087,EXP_FS_NC_21d,Flexural Strength,Normal Concrete,21,train
FS_NC_21d_088,EXP_FS_NC_21d,Flexural Strength,Normal Concrete,21,train
FS_NC_21d_089,EXP_FS_NC_21d,Flexural Strength,Normal Concrete,21,train
FS_NC_21d_090,EXP_FS_NC_21d,Flexural Strength,Normal Concrete,21,train
FS_NC_21d_091,EXP_FS_NC_21d,Flexural Strength,Normal Concrete,21,train
FS_NC_21d_092,EXP_FS_NC_21d,Flexural Strength,Normal Concrete,21,train
FS_NC_21d_093,EXP_FS_NC_21d,Flexural Strength,Normal Concrete,21,train
FS_NC_21d_094,EXP_FS_NC_21d,Flexural Strength,Normal Concrete,21,train
FS_NC_21d_095,EXP_FS_NC_21d,Flexural Strength,Normal Concrete,21,train
FS_NC_21d_096,EXP_FS_NC_21d,Flexural Strength,Normal Concrete,21,train
FS_NC_21d_097,EXP_FS_NC_21d,Flexural Strength,Normal Concrete,21,train
FS_NC_21d_098,EXP_FS_NC_21d,Flexural Strength,Normal Concrete,21,train
FS_NC_21d_099,EXP_FS_NC_21d,Flexural Strength,Normal Concrete,21,train
FS_NC_21d_100,EXP_FS_NC_21d,Flexural Strength,Normal Concrete,21,train
FS_NC_28d_001,EXP_FS_NC_28d,Flexural Strength,Normal Concrete,28,train
FS_NC_28d_002,EXP_FS_NC_28d,Flexural Strength,Normal Concrete,28,train
FS_NC_28d_003,EXP_FS_NC_28d,Flexural Strength,Normal Concrete,28,train
FS_NC_28d_004,EXP_FS_NC_28d,Flexural Strength,Normal Concrete,28,train
FS_NC_28d_005,EXP_FS_NC_28d,Flexural Strength,Normal Concrete,28,train
FS_NC_28d_006,EXP_FS_NC_28d,Flexural Strength,Normal Concrete,28,train
FS_NC_28d_007,EXP_FS_NC_28d,Flexural Strength,Normal Concrete,28,train
FS_NC_28d_008,EXP_FS_NC_28d,Flexural Strength,Normal Concrete,28,train
FS_NC_28d_009,EXP_FS_NC_28d,Flexural Strength,Normal Concrete,28,train
FS_NC_28d_010,EXP_FS_NC_28d,Flexural Strength,Normal Concrete,28,train
FS_NC_28d_011,EXP_FS_NC_28d,Flexural Strength,Normal Concrete,28,train
FS_NC_28d_012,EXP_FS_NC_28d,Flexural Strength,Normal Concrete,28,train
FS_NC_28d_013,EXP_FS_NC_28d,Flexural Strength,Normal Concrete,28,train
FS_NC_28d_014,EXP_FS_NC_28d,Flexural Strength,Normal Concrete,28,train
FS_NC_28d_015,EXP_FS_NC_28d,Flexural Strength,Normal Concrete,28,train
FS_NC_28d_016,EXP_FS_NC_28d,Flexural Strength,Normal Concrete,28,train
FS_NC_28d_017,EXP_FS_NC_28d,Flexural Strength,Normal Concrete,28,train
FS_NC_28d_018,EXP_FS_NC_28d,Flexural Strength,Normal Concrete,28,train
FS_NC_28d_019,EXP_FS_NC_28d,Flexural Strength,Normal Concrete,28,train
FS_NC_28d_020,EXP_FS_NC_28d,Flexural Strength,Normal Concrete,28,train
FS_NC_28d_021,EXP_FS_NC_28d,Flexural Strength,Normal Concrete,28,train
FS_NC_28d_022,EXP_FS_NC_28d,Flexural Strength,Normal Concrete,28,train
FS_NC_28d_023,EXP_FS_NC_28d,Flexural Strength,Normal Concrete,28,train
FS_NC_28d_024,EXP_FS_NC_28d,Flexural Strength,Normal Concrete,28,train
FS_NC_28d_025,EXP_FS_NC_28d,Flexural Strength,Normal Concrete,28,train
FS_NC_28d_026,EXP_FS_NC_28d,Flexural Strength,Normal Concrete,28,train
FS_NC_28d_027,EXP_FS_NC_28d,Flexural Strength,Normal Concrete,28,train
FS_NC_28d_028,EXP_FS_NC_28d,Flexural Strength,Normal Concrete,28,train
FS_NC_28d_029,EXP_FS_NC_28d,Flexural Strength,Normal Concrete,28,train
FS_NC_28d_030,EXP_FS_NC_28d,Flexural Strength,Normal Concrete,28,train
FS_NC_28d_031,EXP_FS_NC_28d,Flexural Strength,Normal Concrete,28,train
FS_NC_28d_032,EXP_FS_NC_28d,Flexural Strength,Normal Concrete,28,train
FS_NC_28d_033,EXP_FS_NC_28d,Flexural Strength,Normal Concrete,28,train
FS_NC_28d_034,EXP_FS_NC_28d,Flexural Strength,Normal Concrete,28,train
FS_NC_28d_035,EXP_FS_NC_28d,Flexural Strength,Normal Concrete,28,train
FS_NC_28d_036,EXP_FS_NC_28d,Flexural Strength,Normal Concrete,28,train
FS_NC_28d_037,EXP_FS_NC_28d,Flexural Strength,Normal Concrete,28,train
FS_NC_28d_038,EXP_FS_NC_28d,Flexural Strength,Normal Concrete,28,train
FS_NC_28d_039,EXP_FS_NC_28d,Flexural Strength,Normal Concrete,28,train
FS_NC_28d_040,EXP_FS_NC_28d,Flexural Strength,Normal Concrete,28,train
FS_NC_28d_041,EXP_FS_NC_28d,Flexural Strength,Normal Concrete,28,train
FS_NC_28d_042,EXP_FS_NC_28d,Flexural Strength,Normal Concrete,28,train
FS_NC_28d_043,EXP_FS_NC_28d,Flexural Strength,Normal Concrete,28,train
FS_NC_28d_044,EXP_FS_NC_28d,Flexural Strength,Normal Concrete,28,train
FS_NC_28d_045,EXP_FS_NC_28d,Flexural Strength,Normal Concrete,28,train
FS_NC_28d_046,EXP_FS_NC_28d,Flexural Strength,Normal Concrete,28,train
FS_NC_28d_047,EXP_FS_NC_28d,Flexural Strength,Normal Concrete,28,train
FS_NC_28d_048,EXP_FS_NC_28d,Flexural Strength,Normal Concrete,28,train
FS_NC_28d_049,EXP_FS_NC_28d,Flexural Strength,Normal Concrete,28,train
FS_NC_28d_050,EXP_FS_NC_28d,Flexural Strength,Normal Concrete,28,train
FS_NC_28d_051,EXP_FS_NC_28d,Flexural Strength,Normal Concrete,28,train
FS_NC_28d_052,EXP_FS_NC_28d,Flexural Strength,Normal Concrete,28,train
FS_NC_28d_053,EXP_FS_NC_28d,Flexural Strength,Normal Concrete,28,train
FS_NC_28d_054,EXP_FS_NC_28d,Flexural Strength,Normal Concrete,28,train
FS_NC_28d_055,EXP_FS_NC_28d,Flexural Strength,Normal Concrete,28,train
FS_NC_28d_056,EXP_FS_NC_28d,Flexural Strength,Normal Concrete,28,train
FS_NC_28d_057,EXP_FS_NC_28d,Flexural Strength,Normal Concrete,28,train
FS_NC_28d_058,EXP_FS_NC_28d,Flexural Strength,Normal Concrete,28,train
FS_NC_28d_059,EXP_FS_NC_28d,Flexural Strength,Normal Concrete,28,train
FS_NC_28d_060,EXP_FS_NC_28d,Flexural Strength,Normal Concrete,28,train
FS_NC_28d_061,EXP_FS_NC_28d,Flexural Strength,Normal Concrete,28,train
FS_NC_28d_062,EXP_FS_NC_28d,Flexural Strength,Normal Concrete,28,train
FS_NC_28d_063,EXP_FS_NC_28d,Flexural Strength,Normal Concrete,28,train
FS_NC_28d_064,EXP_FS_NC_28d,Flexural Strength,Normal Concrete,28,train
FS_NC_28d_065,EXP_FS_NC_28d,Flexural Strength,Normal Concrete,28,train
FS_NC_28d_066,EXP_FS_NC_28d,Flexural Strength,Normal Concrete,28,train
FS_NC_28d_067,EXP_FS_NC_28d,Flexural Strength,Normal Concrete,28,train
FS_NC_28d_068,EXP_FS_NC_28d,Flexural Strength,Normal Concrete,28,train
FS_NC_28d_069,EXP_FS_NC_28d,Flexural Strength,Normal Concrete,28,train
FS_NC_28d_070,EXP_FS_NC_28d,Flexural Strength,Normal Concrete,28,train
FS_NC_28d_071,EXP_FS_NC_28d,Flexural Strength,Normal Concrete,28,train
FS_NC_28d_072,EXP_FS_NC_28d,Flexural Strength,Normal Concrete,28,train
FS_NC_28d_073,EXP_FS_NC_28d,Flexural Strength,Normal Concrete,28,train
FS_NC_28d_074,EXP_FS_NC_28d,Flexural Strength,Normal Concrete,28,train
FS_NC_28d_075,EXP_FS_NC_28d,Flexural Strength,Normal Concrete,28,train
FS_NC_28d_076,EXP_FS_NC_28d,Flexural Strength,Normal Concrete,28,train
FS_NC_28d_077,EXP_FS_NC_28d,Flexural Strength,Normal Concrete,28,train
FS_NC_28d_078,EXP_FS_NC_28d,Flexural Strength,Normal Concrete,28,train
FS_NC_28d_079,EXP_FS_NC_28d,Flexural Strength,Normal Concrete,28,train
FS_NC_28d_080,EXP_FS_NC_28d,Flexural Strength,Normal Concrete,28,train
FS_NC_28d_081,EXP_FS_NC_28d,Flexural Strength,Normal Concrete,28,train
FS_NC_28d_082,EXP_FS_NC_28d,Flexural Strength,Normal Concrete,28,train
FS_NC_28d_083,EXP_FS_NC_28d,Flexural Strength,Normal Concrete,28,train
FS_NC_28d_084,EXP_FS_NC_28d,Flexural Strength,Normal Concrete,28,train
FS_NC_28d_085,EXP_FS_NC_28d,Flexural Strength,Normal Concrete,28,train
FS_NC_28d_086,EXP_FS_NC_28d,Flexural Strength,Normal Concrete,28,train
FS_NC_28d_087,EXP_FS_NC_28d,Flexural Strength,Normal Concrete,28,train
FS_NC_28d_088,EXP_FS_NC_28d,Flexural Strength,Normal Concrete,28,train
FS_NC_28d_089,EXP_FS_NC_28d,Flexural Strength,Normal Concrete,28,train
FS_NC_28d_090,EXP_FS_NC_28d,Flexural Strength,Normal Concrete,28,train
FS_NC_28d_091,EXP_FS_NC_28d,Flexural Strength,Normal Concrete,28,train
FS_NC_28d_092,EXP_FS_NC_28d,Flexural Strength,Normal Concrete,28,train
FS_NC_28d_093,EXP_FS_NC_28d,Flexural Strength,Normal Concrete,28,train
FS_NC_28d_094,EXP_FS_NC_28d,Flexural Strength,Normal Concrete,28,train
FS_NC_28d_095,EXP_FS_NC_28d,Flexural Strength,Normal Concrete,28,train
FS_NC_28d_096,EXP_FS_NC_28d,Flexural Strength,Normal Concrete,28,train
FS_NC_28d_097,EXP_FS_NC_28d,Flexural Strength,Normal Concrete,28,train
FS_NC_28d_098,EXP_FS_NC_28d,Flexural Strength,Normal Concrete,28,train
FS_NC_28d_099,EXP_FS_NC_28d,Flexural Strength,Normal Concrete,28,train
FS_NC_28d_100,EXP_FS_NC_28d,Flexural Strength,Normal Concrete,28,train
FS_NC_56d_001,EXP_FS_NC_56d,Flexural Strength,Normal Concrete,56,test
FS_NC_56d_002,EXP_FS_NC_56d,Flexural Strength,Normal Concrete,56,test
FS_NC_56d_003,EXP_FS_NC_56d,Flexural Strength,Normal Concrete,56,test
FS_NC_56d_004,EXP_FS_NC_56d,Flexural Strength,Normal Concrete,56,test
FS_NC_56d_005,EXP_FS_NC_56d,Flexural Strength,Normal Concrete,56,test
FS_NC_56d_006,EXP_FS_NC_56d,Flexural Strength,Normal Concrete,56,test
FS_NC_56d_007,EXP_FS_NC_56d,Flexural Strength,Normal Concrete,56,test
FS_NC_56d_008,EXP_FS_NC_56d,Flexural Strength,Normal Concrete,56,test
FS_NC_56d_009,EXP_FS_NC_56d,Flexural Strength,Normal Concrete,56,test
FS_NC_56d_010,EXP_FS_NC_56d,Flexural Strength,Normal Concrete,56,test
FS_NC_56d_011,EXP_FS_NC_56d,Flexural Strength,Normal Concrete,56,test
FS_NC_56d_012,EXP_FS_NC_56d,Flexural Strength,Normal Concrete,56,test
FS_NC_56d_013,EXP_FS_NC_56d,Flexural Strength,Normal Concrete,56,test
FS_NC_56d_014,EXP_FS_NC_56d,Flexural Strength,Normal Concrete,56,test
FS_NC_56d_015,EXP_FS_NC_56d,Flexural Strength,Normal Concrete,56,test
FS_NC_56d_016,EXP_FS_NC_56d,Flexural Strength,Normal Concrete,56,test
FS_NC_56d_017,EXP_FS_NC_56d,Flexural Strength,Normal Concrete,56,test
FS_NC_56d_018,EXP_FS_NC_56d,Flexural Strength,Normal Concrete,56,test
FS_NC_56d_019,EXP_FS_NC_56d,Flexural Strength,Normal Concrete,56,test
FS_NC_56d_020,EXP_FS_NC_56d,Flexural Strength,Normal Concrete,56,test
FS_NC_56d_021,EXP_FS_NC_56d,Flexural Strength,Normal Concrete,56,test
FS_NC_56d_022,EXP_FS_NC_56d,Flexural Strength,Normal Concrete,56,test
FS_NC_56d_023,EXP_FS_NC_56d,Flexural Strength,Normal Concrete,56,test
FS_NC_56d_024,EXP_FS_NC_56d,Flexural Strength,Normal Concrete,56,test
FS_NC_56d_025,EXP_FS_NC_56d,Flexural Strength,Normal Concrete,56,test
FS_NC_56d_026,EXP_FS_NC_56d,Flexural Strength,Normal Concrete,56,test
FS_NC_56d_027,EXP_FS_NC_56d,Flexural Strength,Normal Concrete,56,test
FS_NC_56d_028,EXP_FS_NC_56d,Flexural Strength,Normal Concrete,56,test
FS_NC_56d_029,EXP_FS_NC_56d,Flexural Strength,Normal Concrete,56,test
FS_NC_56d_030,EXP_FS_NC_56d,Flexural Strength,Normal Concrete,56,test
FS_NC_56d_031,EXP_FS_NC_56d,Flexural Strength,Normal Concrete,56,test
FS_NC_56d_032,EXP_FS_NC_56d,Flexural Strength,Normal Concrete,56,test
FS_NC_56d_033,EXP_FS_NC_56d,Flexural Strength,Normal Concrete,56,test
FS_NC_56d_034,EXP_FS_NC_56d,Flexural Strength,Normal Concrete,56,test
FS_NC_56d_035,EXP_FS_NC_56d,Flexural Strength,Normal Concrete,56,test
FS_NC_56d_036,EXP_FS_NC_56d,Flexural Strength,Normal Concrete,56,test
FS_NC_56d_037,EXP_FS_NC_56d,Flexural Strength,Normal Concrete,56,test
FS_NC_56d_038,EXP_FS_NC_56d,Flexural Strength,Normal Concrete,56,test
FS_NC_56d_039,EXP_FS_NC_56d,Flexural Strength,Normal Concrete,56,test
FS_NC_56d_040,EXP_FS_NC_56d,Flexural Strength,Normal Concrete,56,test
FS_NC_56d_041,EXP_FS_NC_56d,Flexural Strength,Normal Concrete,56,test
FS_NC_56d_042,EXP_FS_NC_56d,Flexural Strength,Normal Concrete,56,test
FS_NC_56d_043,EXP_FS_NC_56d,Flexural Strength,Normal Concrete,56,test
FS_NC_56d_044,EXP_FS_NC_56d,Flexural Strength,Normal Concrete,56,test
FS_NC_56d_045,EXP_FS_NC_56d,Flexural Strength,Normal Concrete,56,test
FS_NC_56d_046,EXP_FS_NC_56d,Flexural Strength,Normal Concrete,56,test
FS_NC_56d_047,EXP_FS_NC_56d,Flexural Strength,Normal Concrete,56,test
FS_NC_56d_048,EXP_FS_NC_56d,Flexural Strength,Normal Concrete,56,test
FS_NC_56d_049,EXP_FS_NC_56d,Flexural Strength,Normal Concrete,56,test
FS_NC_56d_050,EXP_FS_NC_56d,Flexural Strength,Normal Concrete,56,test
FS_NC_56d_051,EXP_FS_NC_56d,Flexural Strength,Normal Concrete,56,test
FS_NC_56d_052,EXP_FS_NC_56d,Flexural Strength,Normal Concrete,56,test
FS_NC_56d_053,EXP_FS_NC_56d,Flexural Strength,Normal Concrete,56,test
FS_NC_56d_054,EXP_FS_NC_56d,Flexural Strength,Normal Concrete,56,test
FS_NC_56d_055,EXP_FS_NC_56d,Flexural Strength,Normal Concrete,56,test
FS_NC_56d_056,EXP_FS_NC_56d,Flexural Strength,Normal Concrete,56,test
FS_NC_56d_057,EXP_FS_NC_56d,Flexural Strength,Normal Concrete,56,test
FS_NC_56d_058,EXP_FS_NC_56d,Flexural Strength,Normal Concrete,56,test
FS_NC_56d_059,EXP_FS_NC_56d,Flexural Strength,Normal Concrete,56,test
FS_NC_56d_060,EXP_FS_NC_56d,Flexural Strength,Normal Concrete,56,test
FS_NC_56d_061,EXP_FS_NC_56d,Flexural Strength,Normal Concrete,56,test
FS_NC_56d_062,EXP_FS_NC_56d,Flexural Strength,Normal Concrete,56,test
FS_NC_56d_063,EXP_FS_NC_56d,Flexural Strength,Normal Concrete,56,test
FS_NC_56d_064,EXP_FS_NC_56d,Flexural Strength,Normal Concrete,56,test
FS_NC_56d_065,EXP_FS_NC_56d,Flexural Strength,Normal Concrete,56,test
FS_NC_56d_066,EXP_FS_NC_56d,Flexural Strength,Normal Concrete,56,test
FS_NC_56d_067,EXP_FS_NC_56d,Flexural Strength,Normal Concrete,56,test
FS_NC_56d_068,EXP_FS_NC_56d,Flexural Strength,Normal Concrete,56,test
FS_NC_56d_069,EXP_FS_NC_56d,Flexural Strength,Normal Concrete,56,test
FS_NC_56d_070,EXP_FS_NC_56d,Flexural Strength,Normal Concrete,56,test
FS_NC_56d_071,EXP_FS_NC_56d,Flexural Strength,Normal Concrete,56,test
FS_NC_56d_072,EXP_FS_NC_56d,Flexural Strength,Normal Concrete,56,test
FS_NC_56d_073,EXP_FS_NC_56d,Flexural Strength,Normal Concrete,56,test
FS_NC_56d_074,EXP_FS_NC_56d,Flexural Strength,Normal Concrete,56,test
FS_NC_56d_075,EXP_FS_NC_56d,Flexural Strength,Normal Concrete,56,test
FS_NC_56d_076,EXP_FS_NC_56d,Flexural Strength,Normal Concrete,56,test
FS_NC_56d_077,EXP_FS_NC_56d,Flexural Strength,Normal Concrete,56,test
FS_NC_56d_078,EXP_FS_NC_56d,Flexural Strength,Normal Concrete,56,test
FS_NC_56d_079,EXP_FS_NC_56d,Flexural Strength,Normal Concrete,56,test
FS_NC_56d_080,EXP_FS_NC_56d,Flexural Strength,Normal Concrete,56,test
FS_NC_56d_081,EXP_FS_NC_56d,Flexural Strength,Normal Concrete,56,test
FS_NC_56d_082,EXP_FS_NC_56d,Flexural Strength,Normal Concrete,56,test
FS_NC_56d_083,EXP_FS_NC_56d,Flexural Strength,Normal Concrete,56,test
FS_NC_56d_084,EXP_FS_NC_56d,Flexural Strength,Normal Concrete,56,test
FS_NC_56d_085,EXP_FS_NC_56d,Flexural Strength,Normal Concrete,56,test
FS_NC_56d_086,EXP_FS_NC_56d,Flexural Strength,Normal Concrete,56,test
FS_NC_56d_087,EXP_FS_NC_56d,Flexural Strength,Normal Concrete,56,test
FS_NC_56d_088,EXP_FS_NC_56d,Flexural Strength,Normal Concrete,56,test
FS_NC_56d_089,EXP_FS_NC_56d,Flexural Strength,Normal Concrete,56,test
FS_NC_56d_090,EXP_FS_NC_56d,Flexural Strength,Normal Concrete,56,test
FS_NC_56d_091,EXP_FS_NC_56d,Flexural Strength,Normal Concrete,56,test
FS_NC_56d_092,EXP_FS_NC_56d,Flexural Strength,Normal Concrete,56,test
FS_NC_56d_093,EXP_FS_NC_56d,Flexural Strength,Normal Concrete,56,test
FS_NC_56d_094,EXP_FS_NC_56d,Flexural Strength,Normal Concrete,56,test
FS_NC_56d_095,EXP_FS_NC_56d,Flexural Strength,Normal Concrete,56,test
FS_NC_56d_096,EXP_FS_NC_56d,Flexural Strength,Normal Concrete,56,test
FS_NC_56d_097,EXP_FS_NC_56d,Flexural Strength,Normal Concrete,56,test
FS_NC_56d_098,EXP_FS_NC_56d,Flexural Strength,Normal Concrete,56,test
FS_NC_56d_099,EXP_FS_NC_56d,Flexural Strength,Normal Concrete,56,test
FS_NC_56d_100,EXP_FS_NC_56d,Flexural Strength,Normal Concrete,56,test
FS_NC_90d_001,EXP_FS_NC_90d,Flexural Strength,Normal Concrete,90,train
FS_NC_90d_002,EXP_FS_NC_90d,Flexural Strength,Normal Concrete,90,train
FS_NC_90d_003,EXP_FS_NC_90d,Flexural Strength,Normal Concrete,90,train
FS_NC_90d_004,EXP_FS_NC_90d,Flexural Strength,Normal Concrete,90,train
FS_NC_90d_005,EXP_FS_NC_90d,Flexural Strength,Normal Concrete,90,train
FS_NC_90d_006,EXP_FS_NC_90d,Flexural Strength,Normal Concrete,90,train
FS_NC_90d_007,EXP_FS_NC_90d,Flexural Strength,Normal Concrete,90,train
FS_NC_90d_008,EXP_FS_NC_90d,Flexural Strength,Normal Concrete,90,train
FS_NC_90d_009,EXP_FS_NC_90d,Flexural Strength,Normal Concrete,90,train
FS_NC_90d_010,EXP_FS_NC_90d,Flexural Strength,Normal Concrete,90,train
FS_NC_90d_011,EXP_FS_NC_90d,Flexural Strength,Normal Concrete,90,train
FS_NC_90d_012,EXP_FS_NC_90d,Flexural Strength,Normal Concrete,90,train
FS_NC_90d_013,EXP_FS_NC_90d,Flexural Strength,Normal Concrete,90,train
FS_NC_90d_014,EXP_FS_NC_90d,Flexural Strength,Normal Concrete,90,train
FS_NC_90d_015,EXP_FS_NC_90d,Flexural Strength,Normal Concrete,90,train
FS_NC_90d_016,EXP_FS_NC_90d,Flexural Strength,Normal Concrete,90,train
FS_NC_90d_017,EXP_FS_NC_90d,Flexural Strength,Normal Concrete,90,train
FS_NC_90d_018,EXP_FS_NC_90d,Flexural Strength,Normal Concrete,90,train
FS_NC_90d_019,EXP_FS_NC_90d,Flexural Strength,Normal Concrete,90,train
FS_NC_90d_020,EXP_FS_NC_90d,Flexural Strength,Normal Concrete,90,train
FS_NC_90d_021,EXP_FS_NC_90d,Flexural Strength,Normal Concrete,90,train
FS_NC_90d_022,EXP_FS_NC_90d,Flexural Strength,Normal Concrete,90,train
FS_NC_90d_023,EXP_FS_NC_90d,Flexural Strength,Normal Concrete,90,train
FS_NC_90d_024,EXP_FS_NC_90d,Flexural Strength,Normal Concrete,90,train
FS_NC_90d_025,EXP_FS_NC_90d,Flexural Strength,Normal Concrete,90,train
FS_NC_90d_026,EXP_FS_NC_90d,Flexural Strength,Normal Concrete,90,train
FS_NC_90d_027,EXP_FS_NC_90d,Flexural Strength,Normal Concrete,90,train
FS_NC_90d_028,EXP_FS_NC_90d,Flexural Strength,Normal Concrete,90,train
FS_NC_90d_029,EXP_FS_NC_90d,Flexural Strength,Normal Concrete,90,train
FS_NC_90d_030,EXP_FS_NC_90d,Flexural Strength,Normal Concrete,90,train
FS_NC_90d_031,EXP_FS_NC_90d,Flexural Strength,Normal Concrete,90,train
FS_NC_90d_032,EXP_FS_NC_90d,Flexural Strength,Normal Concrete,90,train
FS_NC_90d_033,EXP_FS_NC_90d,Flexural Strength,Normal Concrete,90,train
FS_NC_90d_034,EXP_FS_NC_90d,Flexural Strength,Normal Concrete,90,train
FS_NC_90d_035,EXP_FS_NC_90d,Flexural Strength,Normal Concrete,90,train
FS_NC_90d_036,EXP_FS_NC_90d,Flexural Strength,Normal Concrete,90,train
FS_NC_90d_037,EXP_FS_NC_90d,Flexural Strength,Normal Concrete,90,train
FS_NC_90d_038,EXP_FS_NC_90d,Flexural Strength,Normal Concrete,90,train
FS_NC_90d_039,EXP_FS_NC_90d,Flexural Strength,Normal Concrete,90,train
FS_NC_90d_040,EXP_FS_NC_90d,Flexural Strength,Normal Concrete,90,train
FS_NC_90d_041,EXP_FS_NC_90d,Flexural Strength,Normal Concrete,90,train
FS_NC_90d_042,EXP_FS_NC_90d,Flexural Strength,Normal Concrete,90,train
FS_NC_90d_043,EXP_FS_NC_90d,Flexural Strength,Normal Concrete,90,train
FS_NC_90d_044,EXP_FS_NC_90d,Flexural Strength,Normal Concrete,90,train
FS_NC_90d_045,EXP_FS_NC_90d,Flexural Strength,Normal Concrete,90,train
FS_NC_90d_046,EXP_FS_NC_90d,Flexural Strength,Normal Concrete,90,train
FS_NC_90d_047,EXP_FS_NC_90d,Flexural Strength,Normal Concrete,90,train
FS_NC_90d_048,EXP_FS_NC_90d,Flexural Strength,Normal Concrete,90,train
FS_NC_90d_049,EXP_FS_NC_90d,Flexural Strength,Normal Concrete,90,train
FS_NC_90d_050,EXP_FS_NC_90d,Flexural Strength,Normal Concrete,90,train
FS_NC_90d_051,EXP_FS_NC_90d,Flexural Strength,Normal Concrete,90,train
FS_NC_90d_052,EXP_FS_NC_90d,Flexural Strength,Normal Concrete,90,train
FS_NC_90d_053,EXP_FS_NC_90d,Flexural Strength,Normal Concrete,90,train
FS_NC_90d_054,EXP_FS_NC_90d,Flexural Strength,Normal Concrete,90,train
FS_NC_90d_055,EXP_FS_NC_90d,Flexural Strength,Normal Concrete,90,train
FS_NC_90d_056,EXP_FS_NC_90d,Flexural Strength,Normal Concrete,90,train
FS_NC_90d_057,EXP_FS_NC_90d,Flexural Strength,Normal Concrete,90,train
FS_NC_90d_058,EXP_FS_NC_90d,Flexural Strength,Normal Concrete,90,train
FS_NC_90d_059,EXP_FS_NC_90d,Flexural Strength,Normal Concrete,90,train
FS_NC_90d_060,EXP_FS_NC_90d,Flexural Strength,Normal Concrete,90,train
FS_NC_90d_061,EXP_FS_NC_90d,Flexural Strength,Normal Concrete,90,train
FS_NC_90d_062,EXP_FS_NC_90d,Flexural Strength,Normal Concrete,90,train
FS_NC_90d_063,EXP_FS_NC_90d,Flexural Strength,Normal Concrete,90,train
FS_NC_90d_064,EXP_FS_NC_90d,Flexural Strength,Normal Concrete,90,train
FS_NC_90d_065,EXP_FS_NC_90d,Flexural Strength,Normal Concrete,90,train
FS_NC_90d_066,EXP_FS_NC_90d,Flexural Strength,Normal Concrete,90,train
FS_NC_90d_067,EXP_FS_NC_90d,Flexural Strength,Normal Concrete,90,train
FS_NC_90d_068,EXP_FS_NC_90d,Flexural Strength,Normal Concrete,90,train
FS_NC_90d_069,EXP_FS_NC_90d,Flexural Strength,Normal Concrete,90,train
FS_NC_90d_070,EXP_FS_NC_90d,Flexural Strength,Normal Concrete,90,train
FS_NC_90d_071,EXP_FS_NC_90d,Flexural Strength,Normal Concrete,90,train
FS_NC_90d_072,EXP_FS_NC_90d,Flexural Strength,Normal Concrete,90,train
FS_NC_90d_073,EXP_FS_NC_90d,Flexural Strength,Normal Concrete,90,train
FS_NC_90d_074,EXP_FS_NC_90d,Flexural Strength,Normal Concrete,90,train
FS_NC_90d_075,EXP_FS_NC_90d,Flexural Strength,Normal Concrete,90,train
FS_NC_90d_076,EXP_FS_NC_90d,Flexural Strength,Normal Concrete,90,train
FS_NC_90d_077,EXP_FS_NC_90d,Flexural Strength,Normal Concrete,90,train
FS_NC_90d_078,EXP_FS_NC_90d,Flexural Strength,Normal Concrete,90,train
FS_NC_90d_079,EXP_FS_NC_90d,Flexural Strength,Normal Concrete,90,train
FS_NC_90d_080,EXP_FS_NC_90d,Flexural Strength,Normal Concrete,90,train
FS_NC_90d_081,EXP_FS_NC_90d,Flexural Strength,Normal Concrete,90,train
FS_NC_90d_082,EXP_FS_NC_90d,Flexural Strength,Normal Concrete,90,train
FS_NC_90d_083,EXP_FS_NC_90d,Flexural Strength,Normal Concrete,90,train
FS_NC_90d_084,EXP_FS_NC_90d,Flexural Strength,Normal Concrete,90,train
FS_NC_90d_085,EXP_FS_NC_90d,Flexural Strength,Normal Concrete,90,train
FS_NC_90d_086,EXP_FS_NC_90d,Flexural Strength,Normal Concrete,90,train
FS_NC_90d_087,EXP_FS_NC_90d,Flexural Strength,Normal Concrete,90,train
FS_NC_90d_088,EXP_FS_NC_90d,Flexural Strength,Normal Concrete,90,train
FS_NC_90d_089,EXP_FS_NC_90d,Flexural Strength,Normal Concrete,90,train
FS_NC_90d_090,EXP_FS_NC_90d,Flexural Strength,Normal Concrete,90,train
FS_NC_90d_091,EXP_FS_NC_90d,Flexural Strength,Normal Concrete,90,train
FS_NC_90d_092,EXP_FS_NC_90d,Flexural Strength,Normal Concrete,90,train
FS_NC_90d_093,EXP_FS_NC_90d,Flexural Strength,Normal Concrete,90,train
FS_NC_90d_094,EXP_FS_NC_90d,Flexural Strength,Normal Concrete,90,train
FS_NC_90d_095,EXP_FS_NC_90d,Flexural Strength,Normal Concrete,90,train
FS_NC_90d_096,EXP_FS_NC_90d,Flexural Strength,Normal Concrete,90,train
FS_NC_90d_097,EXP_FS_NC_90d,Flexural Strength,Normal Concrete,90,train
FS_NC_90d_098,EXP_FS_NC_90d,Flexural Strength,Normal Concrete,90,train
FS_NC_90d_099,EXP_FS_NC_90d,Flexural Strength,Normal Concrete,90,train
FS_NC_90d_100,EXP_FS_NC_90d,Flexural Strength,Normal Concrete,90,train
FS_BC_07d_001,EXP_FS_BC_07d,Flexural Strength,Bacterial Concrete,7,test
FS_BC_07d_002,EXP_FS_BC_07d,Flexural Strength,Bacterial Concrete,7,test
FS_BC_07d_003,EXP_FS_BC_07d,Flexural Strength,Bacterial Concrete,7,test
FS_BC_07d_004,EXP_FS_BC_07d,Flexural Strength,Bacterial Concrete,7,test
FS_BC_07d_005,EXP_FS_BC_07d,Flexural Strength,Bacterial Concrete,7,test
FS_BC_07d_006,EXP_FS_BC_07d,Flexural Strength,Bacterial Concrete,7,test
FS_BC_07d_007,EXP_FS_BC_07d,Flexural Strength,Bacterial Concrete,7,test
FS_BC_07d_008,EXP_FS_BC_07d,Flexural Strength,Bacterial Concrete,7,test
FS_BC_07d_009,EXP_FS_BC_07d,Flexural Strength,Bacterial Concrete,7,test
FS_BC_07d_010,EXP_FS_BC_07d,Flexural Strength,Bacterial Concrete,7,test
FS_BC_07d_011,EXP_FS_BC_07d,Flexural Strength,Bacterial Concrete,7,test
FS_BC_07d_012,EXP_FS_BC_07d,Flexural Strength,Bacterial Concrete,7,test
FS_BC_07d_013,EXP_FS_BC_07d,Flexural Strength,Bacterial Concrete,7,test
FS_BC_07d_014,EXP_FS_BC_07d,Flexural Strength,Bacterial Concrete,7,test
FS_BC_07d_015,EXP_FS_BC_07d,Flexural Strength,Bacterial Concrete,7,test
FS_BC_07d_016,EXP_FS_BC_07d,Flexural Strength,Bacterial Concrete,7,test
FS_BC_07d_017,EXP_FS_BC_07d,Flexural Strength,Bacterial Concrete,7,test
FS_BC_07d_018,EXP_FS_BC_07d,Flexural Strength,Bacterial Concrete,7,test
FS_BC_07d_019,EXP_FS_BC_07d,Flexural Strength,Bacterial Concrete,7,test
FS_BC_07d_020,EXP_FS_BC_07d,Flexural Strength,Bacterial Concrete,7,test
FS_BC_07d_021,EXP_FS_BC_07d,Flexural Strength,Bacterial Concrete,7,test
FS_BC_07d_022,EXP_FS_BC_07d,Flexural Strength,Bacterial Concrete,7,test
FS_BC_07d_023,EXP_FS_BC_07d,Flexural Strength,Bacterial Concrete,7,test
FS_BC_07d_024,EXP_FS_BC_07d,Flexural Strength,Bacterial Concrete,7,test
FS_BC_07d_025,EXP_FS_BC_07d,Flexural Strength,Bacterial Concrete,7,test
FS_BC_07d_026,EXP_FS_BC_07d,Flexural Strength,Bacterial Concrete,7,test
FS_BC_07d_027,EXP_FS_BC_07d,Flexural Strength,Bacterial Concrete,7,test
FS_BC_07d_028,EXP_FS_BC_07d,Flexural Strength,Bacterial Concrete,7,test
FS_BC_07d_029,EXP_FS_BC_07d,Flexural Strength,Bacterial Concrete,7,test
FS_BC_07d_030,EXP_FS_BC_07d,Flexural Strength,Bacterial Concrete,7,test
FS_BC_07d_031,EXP_FS_BC_07d,Flexural Strength,Bacterial Concrete,7,test
FS_BC_07d_032,EXP_FS_BC_07d,Flexural Strength,Bacterial Concrete,7,test
FS_BC_07d_033,EXP_FS_BC_07d,Flexural Strength,Bacterial Concrete,7,test
FS_BC_07d_034,EXP_FS_BC_07d,Flexural Strength,Bacterial Concrete,7,test
FS_BC_07d_035,EXP_FS_BC_07d,Flexural Strength,Bacterial Concrete,7,test
FS_BC_07d_036,EXP_FS_BC_07d,Flexural Strength,Bacterial Concrete,7,test
FS_BC_07d_037,EXP_FS_BC_07d,Flexural Strength,Bacterial Concrete,7,test
FS_BC_07d_038,EXP_FS_BC_07d,Flexural Strength,Bacterial Concrete,7,test
FS_BC_07d_039,EXP_FS_BC_07d,Flexural Strength,Bacterial Concrete,7,test
FS_BC_07d_040,EXP_FS_BC_07d,Flexural Strength,Bacterial Concrete,7,test
FS_BC_07d_041,EXP_FS_BC_07d,Flexural Strength,Bacterial Concrete,7,test
FS_BC_07d_042,EXP_FS_BC_07d,Flexural Strength,Bacterial Concrete,7,test
FS_BC_07d_043,EXP_FS_BC_07d,Flexural Strength,Bacterial Concrete,7,test
FS_BC_07d_044,EXP_FS_BC_07d,Flexural Strength,Bacterial Concrete,7,test
FS_BC_07d_045,EXP_FS_BC_07d,Flexural Strength,Bacterial Concrete,7,test
FS_BC_07d_046,EXP_FS_BC_07d,Flexural Strength,Bacterial Concrete,7,test
FS_BC_07d_047,EXP_FS_BC_07d,Flexural Strength,Bacterial Concrete,7,test
FS_BC_07d_048,EXP_FS_BC_07d,Flexural Strength,Bacterial Concrete,7,test
FS_BC_07d_049,EXP_FS_BC_07d,Flexural Strength,Bacterial Concrete,7,test
FS_BC_07d_050,EXP_FS_BC_07d,Flexural Strength,Bacterial Concrete,7,test
FS_BC_07d_051,EXP_FS_BC_07d,Flexural Strength,Bacterial Concrete,7,test
FS_BC_07d_052,EXP_FS_BC_07d,Flexural Strength,Bacterial Concrete,7,test
FS_BC_07d_053,EXP_FS_BC_07d,Flexural Strength,Bacterial Concrete,7,test
FS_BC_07d_054,EXP_FS_BC_07d,Flexural Strength,Bacterial Concrete,7,test
FS_BC_07d_055,EXP_FS_BC_07d,Flexural Strength,Bacterial Concrete,7,test
FS_BC_07d_056,EXP_FS_BC_07d,Flexural Strength,Bacterial Concrete,7,test
FS_BC_07d_057,EXP_FS_BC_07d,Flexural Strength,Bacterial Concrete,7,test
FS_BC_07d_058,EXP_FS_BC_07d,Flexural Strength,Bacterial Concrete,7,test
FS_BC_07d_059,EXP_FS_BC_07d,Flexural Strength,Bacterial Concrete,7,test
FS_BC_07d_060,EXP_FS_BC_07d,Flexural Strength,Bacterial Concrete,7,test
FS_BC_07d_061,EXP_FS_BC_07d,Flexural Strength,Bacterial Concrete,7,test
FS_BC_07d_062,EXP_FS_BC_07d,Flexural Strength,Bacterial Concrete,7,test
FS_BC_07d_063,EXP_FS_BC_07d,Flexural Strength,Bacterial Concrete,7,test
FS_BC_07d_064,EXP_FS_BC_07d,Flexural Strength,Bacterial Concrete,7,test
FS_BC_07d_065,EXP_FS_BC_07d,Flexural Strength,Bacterial Concrete,7,test
FS_BC_07d_066,EXP_FS_BC_07d,Flexural Strength,Bacterial Concrete,7,test
FS_BC_07d_067,EXP_FS_BC_07d,Flexural Strength,Bacterial Concrete,7,test
FS_BC_07d_068,EXP_FS_BC_07d,Flexural Strength,Bacterial Concrete,7,test
FS_BC_07d_069,EXP_FS_BC_07d,Flexural Strength,Bacterial Concrete,7,test
FS_BC_07d_070,EXP_FS_BC_07d,Flexural Strength,Bacterial Concrete,7,test
FS_BC_07d_071,EXP_FS_BC_07d,Flexural Strength,Bacterial Concrete,7,test
FS_BC_07d_072,EXP_FS_BC_07d,Flexural Strength,Bacterial Concrete,7,test
FS_BC_07d_073,EXP_FS_BC_07d,Flexural Strength,Bacterial Concrete,7,test
FS_BC_07d_074,EXP_FS_BC_07d,Flexural Strength,Bacterial Concrete,7,test
FS_BC_07d_075,EXP_FS_BC_07d,Flexural Strength,Bacterial Concrete,7,test
FS_BC_07d_076,EXP_FS_BC_07d,Flexural Strength,Bacterial Concrete,7,test
FS_BC_07d_077,EXP_FS_BC_07d,Flexural Strength,Bacterial Concrete,7,test
FS_BC_07d_078,EXP_FS_BC_07d,Flexural Strength,Bacterial Concrete,7,test
FS_BC_07d_079,EXP_FS_BC_07d,Flexural Strength,Bacterial Concrete,7,test
FS_BC_07d_080,EXP_FS_BC_07d,Flexural Strength,Bacterial Concrete,7,test
FS_BC_07d_081,EXP_FS_BC_07d,Flexural Strength,Bacterial Concrete,7,test
FS_BC_07d_082,EXP_FS_BC_07d,Flexural Strength,Bacterial Concrete,7,test
FS_BC_07d_083,EXP_FS_BC_07d,Flexural Strength,Bacterial Concrete,7,test
FS_BC_07d_084,EXP_FS_BC_07d,Flexural Strength,Bacterial Concrete,7,test
FS_BC_07d_085,EXP_FS_BC_07d,Flexural Strength,Bacterial Concrete,7,test
FS_BC_07d_086,EXP_FS_BC_07d,Flexural Strength,Bacterial Concrete,7,test
FS_BC_07d_087,EXP_FS_BC_07d,Flexural Strength,Bacterial Concrete,7,test
FS_BC_07d_088,EXP_FS_BC_07d,Flexural Strength,Bacterial Concrete,7,test
FS_BC_07d_089,EXP_FS_BC_07d,Flexural Strength,Bacterial Concrete,7,test
FS_BC_07d_090,EXP_FS_BC_07d,Flexural Strength,Bacterial Concrete,7,test
FS_BC_07d_091,EXP_FS_BC_07d,Flexural Strength,Bacterial Concrete,7,test
FS_BC_07d_092,EXP_FS_BC_07d,Flexural Strength,Bacterial Concrete,7,test
FS_BC_07d_093,EXP_FS_BC_07d,Flexural Strength,Bacterial Concrete,7,test
FS_BC_07d_094,EXP_FS_BC_07d,Flexural Strength,Bacterial Concrete,7,test
FS_BC_07d_095,EXP_FS_BC_07d,Flexural Strength,Bacterial Concrete,7,test
FS_BC_07d_096,EXP_FS_BC_07d,Flexural Strength,Bacterial Concrete,7,test
FS_BC_07d_097,EXP_FS_BC_07d,Flexural Strength,Bacterial Concrete,7,test
FS_BC_07d_098,EXP_FS_BC_07d,Flexural Strength,Bacterial Concrete,7,test
FS_BC_07d_099,EXP_FS_BC_07d,Flexural Strength,Bacterial Concrete,7,test
FS_BC_07d_100,EXP_FS_BC_07d,Flexural Strength,Bacterial Concrete,7,test
FS_BC_14d_001,EXP_FS_BC_14d,Flexural Strength,Bacterial Concrete,14,train
FS_BC_14d_002,EXP_FS_BC_14d,Flexural Strength,Bacterial Concrete,14,train
FS_BC_14d_003,EXP_FS_BC_14d,Flexural Strength,Bacterial Concrete,14,train
FS_BC_14d_004,EXP_FS_BC_14d,Flexural Strength,Bacterial Concrete,14,train
FS_BC_14d_005,EXP_FS_BC_14d,Flexural Strength,Bacterial Concrete,14,train
FS_BC_14d_006,EXP_FS_BC_14d,Flexural Strength,Bacterial Concrete,14,train
FS_BC_14d_007,EXP_FS_BC_14d,Flexural Strength,Bacterial Concrete,14,train
FS_BC_14d_008,EXP_FS_BC_14d,Flexural Strength,Bacterial Concrete,14,train
FS_BC_14d_009,EXP_FS_BC_14d,Flexural Strength,Bacterial Concrete,14,train
FS_BC_14d_010,EXP_FS_BC_14d,Flexural Strength,Bacterial Concrete,14,train
FS_BC_14d_011,EXP_FS_BC_14d,Flexural Strength,Bacterial Concrete,14,train
FS_BC_14d_012,EXP_FS_BC_14d,Flexural Strength,Bacterial Concrete,14,train
FS_BC_14d_013,EXP_FS_BC_14d,Flexural Strength,Bacterial Concrete,14,train
FS_BC_14d_014,EXP_FS_BC_14d,Flexural Strength,Bacterial Concrete,14,train
FS_BC_14d_015,EXP_FS_BC_14d,Flexural Strength,Bacterial Concrete,14,train
FS_BC_14d_016,EXP_FS_BC_14d,Flexural Strength,Bacterial Concrete,14,train
FS_BC_14d_017,EXP_FS_BC_14d,Flexural Strength,Bacterial Concrete,14,train
FS_BC_14d_018,EXP_FS_BC_14d,Flexural Strength,Bacterial Concrete,14,train
FS_BC_14d_019,EXP_FS_BC_14d,Flexural Strength,Bacterial Concrete,14,train
FS_BC_14d_020,EXP_FS_BC_14d,Flexural Strength,Bacterial Concrete,14,train
FS_BC_14d_021,EXP_FS_BC_14d,Flexural Strength,Bacterial Concrete,14,train
FS_BC_14d_022,EXP_FS_BC_14d,Flexural Strength,Bacterial Concrete,14,train
FS_BC_14d_023,EXP_FS_BC_14d,Flexural Strength,Bacterial Concrete,14,train
FS_BC_14d_024,EXP_FS_BC_14d,Flexural Strength,Bacterial Concrete,14,train
FS_BC_14d_025,EXP_FS_BC_14d,Flexural Strength,Bacterial Concrete,14,train
FS_BC_14d_026,EXP_FS_BC_14d,Flexural Strength,Bacterial Concrete,14,train
FS_BC_14d_027,EXP_FS_BC_14d,Flexural Strength,Bacterial Concrete,14,train
FS_BC_14d_028,EXP_FS_BC_14d,Flexural Strength,Bacterial Concrete,14,train
FS_BC_14d_029,EXP_FS_BC_14d,Flexural Strength,Bacterial Concrete,14,train
FS_BC_14d_030,EXP_FS_BC_14d,Flexural Strength,Bacterial Concrete,14,train
FS_BC_14d_031,EXP_FS_BC_14d,Flexural Strength,Bacterial Concrete,14,train
FS_BC_14d_032,EXP_FS_BC_14d,Flexural Strength,Bacterial Concrete,14,train
FS_BC_14d_033,EXP_FS_BC_14d,Flexural Strength,Bacterial Concrete,14,train
FS_BC_14d_034,EXP_FS_BC_14d,Flexural Strength,Bacterial Concrete,14,train
FS_BC_14d_035,EXP_FS_BC_14d,Flexural Strength,Bacterial Concrete,14,train
FS_BC_14d_036,EXP_FS_BC_14d,Flexural Strength,Bacterial Concrete,14,train
FS_BC_14d_037,EXP_FS_BC_14d,Flexural Strength,Bacterial Concrete,14,train
FS_BC_14d_038,EXP_FS_BC_14d,Flexural Strength,Bacterial Concrete,14,train
FS_BC_14d_039,EXP_FS_BC_14d,Flexural Strength,Bacterial Concrete,14,train
FS_BC_14d_040,EXP_FS_BC_14d,Flexural Strength,Bacterial Concrete,14,train
FS_BC_14d_041,EXP_FS_BC_14d,Flexural Strength,Bacterial Concrete,14,train
FS_BC_14d_042,EXP_FS_BC_14d,Flexural Strength,Bacterial Concrete,14,train
FS_BC_14d_043,EXP_FS_BC_14d,Flexural Strength,Bacterial Concrete,14,train
FS_BC_14d_044,EXP_FS_BC_14d,Flexural Strength,Bacterial Concrete,14,train
FS_BC_14d_045,EXP_FS_BC_14d,Flexural Strength,Bacterial Concrete,14,train
FS_BC_14d_046,EXP_FS_BC_14d,Flexural Strength,Bacterial Concrete,14,train
FS_BC_14d_047,EXP_FS_BC_14d,Flexural Strength,Bacterial Concrete,14,train
FS_BC_14d_048,EXP_FS_BC_14d,Flexural Strength,Bacterial Concrete,14,train
FS_BC_14d_049,EXP_FS_BC_14d,Flexural Strength,Bacterial Concrete,14,train
FS_BC_14d_050,EXP_FS_BC_14d,Flexural Strength,Bacterial Concrete,14,train
FS_BC_14d_051,EXP_FS_BC_14d,Flexural Strength,Bacterial Concrete,14,train
FS_BC_14d_052,EXP_FS_BC_14d,Flexural Strength,Bacterial Concrete,14,train
FS_BC_14d_053,EXP_FS_BC_14d,Flexural Strength,Bacterial Concrete,14,train
FS_BC_14d_054,EXP_FS_BC_14d,Flexural Strength,Bacterial Concrete,14,train
FS_BC_14d_055,EXP_FS_BC_14d,Flexural Strength,Bacterial Concrete,14,train
FS_BC_14d_056,EXP_FS_BC_14d,Flexural Strength,Bacterial Concrete,14,train
FS_BC_14d_057,EXP_FS_BC_14d,Flexural Strength,Bacterial Concrete,14,train
FS_BC_14d_058,EXP_FS_BC_14d,Flexural Strength,Bacterial Concrete,14,train
FS_BC_14d_059,EXP_FS_BC_14d,Flexural Strength,Bacterial Concrete,14,train
FS_BC_14d_060,EXP_FS_BC_14d,Flexural Strength,Bacterial Concrete,14,train
FS_BC_14d_061,EXP_FS_BC_14d,Flexural Strength,Bacterial Concrete,14,train
FS_BC_14d_062,EXP_FS_BC_14d,Flexural Strength,Bacterial Concrete,14,train
FS_BC_14d_063,EXP_FS_BC_14d,Flexural Strength,Bacterial Concrete,14,train
FS_BC_14d_064,EXP_FS_BC_14d,Flexural Strength,Bacterial Concrete,14,train
FS_BC_14d_065,EXP_FS_BC_14d,Flexural Strength,Bacterial Concrete,14,train
FS_BC_14d_066,EXP_FS_BC_14d,Flexural Strength,Bacterial Concrete,14,train
FS_BC_14d_067,EXP_FS_BC_14d,Flexural Strength,Bacterial Concrete,14,train
FS_BC_14d_068,EXP_FS_BC_14d,Flexural Strength,Bacterial Concrete,14,train
FS_BC_14d_069,EXP_FS_BC_14d,Flexural Strength,Bacterial Concrete,14,train
FS_BC_14d_070,EXP_FS_BC_14d,Flexural Strength,Bacterial Concrete,14,train
FS_BC_14d_071,EXP_FS_BC_14d,Flexural Strength,Bacterial Concrete,14,train
FS_BC_14d_072,EXP_FS_BC_14d,Flexural Strength,Bacterial Concrete,14,train
FS_BC_14d_073,EXP_FS_BC_14d,Flexural Strength,Bacterial Concrete,14,train
FS_BC_14d_074,EXP_FS_BC_14d,Flexural Strength,Bacterial Concrete,14,train
FS_BC_14d_075,EXP_FS_BC_14d,Flexural Strength,Bacterial Concrete,14,train
FS_BC_14d_076,EXP_FS_BC_14d,Flexural Strength,Bacterial Concrete,14,train
FS_BC_14d_077,EXP_FS_BC_14d,Flexural Strength,Bacterial Concrete,14,train
FS_BC_14d_078,EXP_FS_BC_14d,Flexural Strength,Bacterial Concrete,14,train
FS_BC_14d_079,EXP_FS_BC_14d,Flexural Strength,Bacterial Concrete,14,train
FS_BC_14d_080,EXP_FS_BC_14d,Flexural Strength,Bacterial Concrete,14,train
FS_BC_14d_081,EXP_FS_BC_14d,Flexural Strength,Bacterial Concrete,14,train
FS_BC_14d_082,EXP_FS_BC_14d,Flexural Strength,Bacterial Concrete,14,train
FS_BC_14d_083,EXP_FS_BC_14d,Flexural Strength,Bacterial Concrete,14,train
FS_BC_14d_084,EXP_FS_BC_14d,Flexural Strength,Bacterial Concrete,14,train
FS_BC_14d_085,EXP_FS_BC_14d,Flexural Strength,Bacterial Concrete,14,train
FS_BC_14d_086,EXP_FS_BC_14d,Flexural Strength,Bacterial Concrete,14,train
FS_BC_14d_087,EXP_FS_BC_14d,Flexural Strength,Bacterial Concrete,14,train
FS_BC_14d_088,EXP_FS_BC_14d,Flexural Strength,Bacterial Concrete,14,train
FS_BC_14d_089,EXP_FS_BC_14d,Flexural Strength,Bacterial Concrete,14,train
FS_BC_14d_090,EXP_FS_BC_14d,Flexural Strength,Bacterial Concrete,14,train
FS_BC_14d_091,EXP_FS_BC_14d,Flexural Strength,Bacterial Concrete,14,train
FS_BC_14d_092,EXP_FS_BC_14d,Flexural Strength,Bacterial Concrete,14,train
FS_BC_14d_093,EXP_FS_BC_14d,Flexural Strength,Bacterial Concrete,14,train
FS_BC_14d_094,EXP_FS_BC_14d,Flexural Strength,Bacterial Concrete,14,train
FS_BC_14d_095,EXP_FS_BC_14d,Flexural Strength,Bacterial Concrete,14,train
FS_BC_14d_096,EXP_FS_BC_14d,Flexural Strength,Bacterial Concrete,14,train
FS_BC_14d_097,EXP_FS_BC_14d,Flexural Strength,Bacterial Concrete,14,train
FS_BC_14d_098,EXP_FS_BC_14d,Flexural Strength,Bacterial Concrete,14,train
FS_BC_14d_099,EXP_FS_BC_14d,Flexural Strength,Bacterial Concrete,14,train
FS_BC_14d_100,EXP_FS_BC_14d,Flexural Strength,Bacterial Concrete,14,train
FS_BC_21d_001,EXP_FS_BC_21d,Flexural Strength,Bacterial Concrete,21,train
FS_BC_21d_002,EXP_FS_BC_21d,Flexural Strength,Bacterial Concrete,21,train
FS_BC_21d_003,EXP_FS_BC_21d,Flexural Strength,Bacterial Concrete,21,train
FS_BC_21d_004,EXP_FS_BC_21d,Flexural Strength,Bacterial Concrete,21,train
FS_BC_21d_005,EXP_FS_BC_21d,Flexural Strength,Bacterial Concrete,21,train
FS_BC_21d_006,EXP_FS_BC_21d,Flexural Strength,Bacterial Concrete,21,train
FS_BC_21d_007,EXP_FS_BC_21d,Flexural Strength,Bacterial Concrete,21,train
FS_BC_21d_008,EXP_FS_BC_21d,Flexural Strength,Bacterial Concrete,21,train
FS_BC_21d_009,EXP_FS_BC_21d,Flexural Strength,Bacterial Concrete,21,train
FS_BC_21d_010,EXP_FS_BC_21d,Flexural Strength,Bacterial Concrete,21,train
FS_BC_21d_011,EXP_FS_BC_21d,Flexural Strength,Bacterial Concrete,21,train
FS_BC_21d_012,EXP_FS_BC_21d,Flexural Strength,Bacterial Concrete,21,train
FS_BC_21d_013,EXP_FS_BC_21d,Flexural Strength,Bacterial Concrete,21,train
FS_BC_21d_014,EXP_FS_BC_21d,Flexural Strength,Bacterial Concrete,21,train
FS_BC_21d_015,EXP_FS_BC_21d,Flexural Strength,Bacterial Concrete,21,train
FS_BC_21d_016,EXP_FS_BC_21d,Flexural Strength,Bacterial Concrete,21,train
FS_BC_21d_017,EXP_FS_BC_21d,Flexural Strength,Bacterial Concrete,21,train
FS_BC_21d_018,EXP_FS_BC_21d,Flexural Strength,Bacterial Concrete,21,train
FS_BC_21d_019,EXP_FS_BC_21d,Flexural Strength,Bacterial Concrete,21,train
FS_BC_21d_020,EXP_FS_BC_21d,Flexural Strength,Bacterial Concrete,21,train
FS_BC_21d_021,EXP_FS_BC_21d,Flexural Strength,Bacterial Concrete,21,train
FS_BC_21d_022,EXP_FS_BC_21d,Flexural Strength,Bacterial Concrete,21,train
FS_BC_21d_023,EXP_FS_BC_21d,Flexural Strength,Bacterial Concrete,21,train
FS_BC_21d_024,EXP_FS_BC_21d,Flexural Strength,Bacterial Concrete,21,train
FS_BC_21d_025,EXP_FS_BC_21d,Flexural Strength,Bacterial Concrete,21,train
FS_BC_21d_026,EXP_FS_BC_21d,Flexural Strength,Bacterial Concrete,21,train
FS_BC_21d_027,EXP_FS_BC_21d,Flexural Strength,Bacterial Concrete,21,train
FS_BC_21d_028,EXP_FS_BC_21d,Flexural Strength,Bacterial Concrete,21,train
FS_BC_21d_029,EXP_FS_BC_21d,Flexural Strength,Bacterial Concrete,21,train
FS_BC_21d_030,EXP_FS_BC_21d,Flexural Strength,Bacterial Concrete,21,train
FS_BC_21d_031,EXP_FS_BC_21d,Flexural Strength,Bacterial Concrete,21,train
FS_BC_21d_032,EXP_FS_BC_21d,Flexural Strength,Bacterial Concrete,21,train
FS_BC_21d_033,EXP_FS_BC_21d,Flexural Strength,Bacterial Concrete,21,train
FS_BC_21d_034,EXP_FS_BC_21d,Flexural Strength,Bacterial Concrete,21,train
FS_BC_21d_035,EXP_FS_BC_21d,Flexural Strength,Bacterial Concrete,21,train
FS_BC_21d_036,EXP_FS_BC_21d,Flexural Strength,Bacterial Concrete,21,train
FS_BC_21d_037,EXP_FS_BC_21d,Flexural Strength,Bacterial Concrete,21,train
FS_BC_21d_038,EXP_FS_BC_21d,Flexural Strength,Bacterial Concrete,21,train
FS_BC_21d_039,EXP_FS_BC_21d,Flexural Strength,Bacterial Concrete,21,train
FS_BC_21d_040,EXP_FS_BC_21d,Flexural Strength,Bacterial Concrete,21,train
FS_BC_21d_041,EXP_FS_BC_21d,Flexural Strength,Bacterial Concrete,21,train
FS_BC_21d_042,EXP_FS_BC_21d,Flexural Strength,Bacterial Concrete,21,train
FS_BC_21d_043,EXP_FS_BC_21d,Flexural Strength,Bacterial Concrete,21,train
FS_BC_21d_044,EXP_FS_BC_21d,Flexural Strength,Bacterial Concrete,21,train
FS_BC_21d_045,EXP_FS_BC_21d,Flexural Strength,Bacterial Concrete,21,train
FS_BC_21d_046,EXP_FS_BC_21d,Flexural Strength,Bacterial Concrete,21,train
FS_BC_21d_047,EXP_FS_BC_21d,Flexural Strength,Bacterial Concrete,21,train
FS_BC_21d_048,EXP_FS_BC_21d,Flexural Strength,Bacterial Concrete,21,train
FS_BC_21d_049,EXP_FS_BC_21d,Flexural Strength,Bacterial Concrete,21,train
FS_BC_21d_050,EXP_FS_BC_21d,Flexural Strength,Bacterial Concrete,21,train
FS_BC_21d_051,EXP_FS_BC_21d,Flexural Strength,Bacterial Concrete,21,train
FS_BC_21d_052,EXP_FS_BC_21d,Flexural Strength,Bacterial Concrete,21,train
FS_BC_21d_053,EXP_FS_BC_21d,Flexural Strength,Bacterial Concrete,21,train
FS_BC_21d_054,EXP_FS_BC_21d,Flexural Strength,Bacterial Concrete,21,train
FS_BC_21d_055,EXP_FS_BC_21d,Flexural Strength,Bacterial Concrete,21,train
FS_BC_21d_056,EXP_FS_BC_21d,Flexural Strength,Bacterial Concrete,21,train
FS_BC_21d_057,EXP_FS_BC_21d,Flexural Strength,Bacterial Concrete,21,train
FS_BC_21d_058,EXP_FS_BC_21d,Flexural Strength,Bacterial Concrete,21,train
FS_BC_21d_059,EXP_FS_BC_21d,Flexural Strength,Bacterial Concrete,21,train
FS_BC_21d_060,EXP_FS_BC_21d,Flexural Strength,Bacterial Concrete,21,train
FS_BC_21d_061,EXP_FS_BC_21d,Flexural Strength,Bacterial Concrete,21,train
FS_BC_21d_062,EXP_FS_BC_21d,Flexural Strength,Bacterial Concrete,21,train
FS_BC_21d_063,EXP_FS_BC_21d,Flexural Strength,Bacterial Concrete,21,train
FS_BC_21d_064,EXP_FS_BC_21d,Flexural Strength,Bacterial Concrete,21,train
FS_BC_21d_065,EXP_FS_BC_21d,Flexural Strength,Bacterial Concrete,21,train
FS_BC_21d_066,EXP_FS_BC_21d,Flexural Strength,Bacterial Concrete,21,train
FS_BC_21d_067,EXP_FS_BC_21d,Flexural Strength,Bacterial Concrete,21,train
FS_BC_21d_068,EXP_FS_BC_21d,Flexural Strength,Bacterial Concrete,21,train
FS_BC_21d_069,EXP_FS_BC_21d,Flexural Strength,Bacterial Concrete,21,train
FS_BC_21d_070,EXP_FS_BC_21d,Flexural Strength,Bacterial Concrete,21,train
FS_BC_21d_071,EXP_FS_BC_21d,Flexural Strength,Bacterial Concrete,21,train
FS_BC_21d_072,EXP_FS_BC_21d,Flexural Strength,Bacterial Concrete,21,train
FS_BC_21d_073,EXP_FS_BC_21d,Flexural Strength,Bacterial Concrete,21,train
FS_BC_21d_074,EXP_FS_BC_21d,Flexural Strength,Bacterial Concrete,21,train
FS_BC_21d_075,EXP_FS_BC_21d,Flexural Strength,Bacterial Concrete,21,train
FS_BC_21d_076,EXP_FS_BC_21d,Flexural Strength,Bacterial Concrete,21,train
FS_BC_21d_077,EXP_FS_BC_21d,Flexural Strength,Bacterial Concrete,21,train
FS_BC_21d_078,EXP_FS_BC_21d,Flexural Strength,Bacterial Concrete,21,train
FS_BC_21d_079,EXP_FS_BC_21d,Flexural Strength,Bacterial Concrete,21,train
FS_BC_21d_080,EXP_FS_BC_21d,Flexural Strength,Bacterial Concrete,21,train
FS_BC_21d_081,EXP_FS_BC_21d,Flexural Strength,Bacterial Concrete,21,train
FS_BC_21d_082,EXP_FS_BC_21d,Flexural Strength,Bacterial Concrete,21,train
FS_BC_21d_083,EXP_FS_BC_21d,Flexural Strength,Bacterial Concrete,21,train
FS_BC_21d_084,EXP_FS_BC_21d,Flexural Strength,Bacterial Concrete,21,train
FS_BC_21d_085,EXP_FS_BC_21d,Flexural Strength,Bacterial Concrete,21,train
FS_BC_21d_086,EXP_FS_BC_21d,Flexural Strength,Bacterial Concrete,21,train
FS_BC_21d_087,EXP_FS_BC_21d,Flexural Strength,Bacterial Concrete,21,train
FS_BC_21d_088,EXP_FS_BC_21d,Flexural Strength,Bacterial Concrete,21,train
FS_BC_21d_089,EXP_FS_BC_21d,Flexural Strength,Bacterial Concrete,21,train
FS_BC_21d_090,EXP_FS_BC_21d,Flexural Strength,Bacterial Concrete,21,train
FS_BC_21d_091,EXP_FS_BC_21d,Flexural Strength,Bacterial Concrete,21,train
FS_BC_21d_092,EXP_FS_BC_21d,Flexural Strength,Bacterial Concrete,21,train
FS_BC_21d_093,EXP_FS_BC_21d,Flexural Strength,Bacterial Concrete,21,train
FS_BC_21d_094,EXP_FS_BC_21d,Flexural Strength,Bacterial Concrete,21,train
FS_BC_21d_095,EXP_FS_BC_21d,Flexural Strength,Bacterial Concrete,21,train
FS_BC_21d_096,EXP_FS_BC_21d,Flexural Strength,Bacterial Concrete,21,train
FS_BC_21d_097,EXP_FS_BC_21d,Flexural Strength,Bacterial Concrete,21,train
FS_BC_21d_098,EXP_FS_BC_21d,Flexural Strength,Bacterial Concrete,21,train
FS_BC_21d_099,EXP_FS_BC_21d,Flexural Strength,Bacterial Concrete,21,train
FS_BC_21d_100,EXP_FS_BC_21d,Flexural Strength,Bacterial Concrete,21,train
FS_BC_28d_001,EXP_FS_BC_28d,Flexural Strength,Bacterial Concrete,28,train
FS_BC_28d_002,EXP_FS_BC_28d,Flexural Strength,Bacterial Concrete,28,train
FS_BC_28d_003,EXP_FS_BC_28d,Flexural Strength,Bacterial Concrete,28,train
FS_BC_28d_004,EXP_FS_BC_28d,Flexural Strength,Bacterial Concrete,28,train
FS_BC_28d_005,EXP_FS_BC_28d,Flexural Strength,Bacterial Concrete,28,train
FS_BC_28d_006,EXP_FS_BC_28d,Flexural Strength,Bacterial Concrete,28,train
FS_BC_28d_007,EXP_FS_BC_28d,Flexural Strength,Bacterial Concrete,28,train
FS_BC_28d_008,EXP_FS_BC_28d,Flexural Strength,Bacterial Concrete,28,train
FS_BC_28d_009,EXP_FS_BC_28d,Flexural Strength,Bacterial Concrete,28,train
FS_BC_28d_010,EXP_FS_BC_28d,Flexural Strength,Bacterial Concrete,28,train
FS_BC_28d_011,EXP_FS_BC_28d,Flexural Strength,Bacterial Concrete,28,train
FS_BC_28d_012,EXP_FS_BC_28d,Flexural Strength,Bacterial Concrete,28,train
FS_BC_28d_013,EXP_FS_BC_28d,Flexural Strength,Bacterial Concrete,28,train
FS_BC_28d_014,EXP_FS_BC_28d,Flexural Strength,Bacterial Concrete,28,train
FS_BC_28d_015,EXP_FS_BC_28d,Flexural Strength,Bacterial Concrete,28,train
FS_BC_28d_016,EXP_FS_BC_28d,Flexural Strength,Bacterial Concrete,28,train
FS_BC_28d_017,EXP_FS_BC_28d,Flexural Strength,Bacterial Concrete,28,train
FS_BC_28d_018,EXP_FS_BC_28d,Flexural Strength,Bacterial Concrete,28,train
FS_BC_28d_019,EXP_FS_BC_28d,Flexural Strength,Bacterial Concrete,28,train
FS_BC_28d_020,EXP_FS_BC_28d,Flexural Strength,Bacterial Concrete,28,train
FS_BC_28d_021,EXP_FS_BC_28d,Flexural Strength,Bacterial Concrete,28,train
FS_BC_28d_022,EXP_FS_BC_28d,Flexural Strength,Bacterial Concrete,28,train
FS_BC_28d_023,EXP_FS_BC_28d,Flexural Strength,Bacterial Concrete,28,train
FS_BC_28d_024,EXP_FS_BC_28d,Flexural Strength,Bacterial Concrete,28,train
FS_BC_28d_025,EXP_FS_BC_28d,Flexural Strength,Bacterial Concrete,28,train
FS_BC_28d_026,EXP_FS_BC_28d,Flexural Strength,Bacterial Concrete,28,train
FS_BC_28d_027,EXP_FS_BC_28d,Flexural Strength,Bacterial Concrete,28,train
FS_BC_28d_028,EXP_FS_BC_28d,Flexural Strength,Bacterial Concrete,28,train
FS_BC_28d_029,EXP_FS_BC_28d,Flexural Strength,Bacterial Concrete,28,train
FS_BC_28d_030,EXP_FS_BC_28d,Flexural Strength,Bacterial Concrete,28,train
FS_BC_28d_031,EXP_FS_BC_28d,Flexural Strength,Bacterial Concrete,28,train
FS_BC_28d_032,EXP_FS_BC_28d,Flexural Strength,Bacterial Concrete,28,train
FS_BC_28d_033,EXP_FS_BC_28d,Flexural Strength,Bacterial Concrete,28,train
FS_BC_28d_034,EXP_FS_BC_28d,Flexural Strength,Bacterial Concrete,28,train
FS_BC_28d_035,EXP_FS_BC_28d,Flexural Strength,Bacterial Concrete,28,train
FS_BC_28d_036,EXP_FS_BC_28d,Flexural Strength,Bacterial Concrete,28,train
FS_BC_28d_037,EXP_FS_BC_28d,Flexural Strength,Bacterial Concrete,28,train
FS_BC_28d_038,EXP_FS_BC_28d,Flexural Strength,Bacterial Concrete,28,train
FS_BC_28d_039,EXP_FS_BC_28d,Flexural Strength,Bacterial Concrete,28,train
FS_BC_28d_040,EXP_FS_BC_28d,Flexural Strength,Bacterial Concrete,28,train
FS_BC_28d_041,EXP_FS_BC_28d,Flexural Strength,Bacterial Concrete,28,train
FS_BC_28d_042,EXP_FS_BC_28d,Flexural Strength,Bacterial Concrete,28,train
FS_BC_28d_043,EXP_FS_BC_28d,Flexural Strength,Bacterial Concrete,28,train
FS_BC_28d_044,EXP_FS_BC_28d,Flexural Strength,Bacterial Concrete,28,train
FS_BC_28d_045,EXP_FS_BC_28d,Flexural Strength,Bacterial Concrete,28,train
FS_BC_28d_046,EXP_FS_BC_28d,Flexural Strength,Bacterial Concrete,28,train
FS_BC_28d_047,EXP_FS_BC_28d,Flexural Strength,Bacterial Concrete,28,train
FS_BC_28d_048,EXP_FS_BC_28d,Flexural Strength,Bacterial Concrete,28,train
FS_BC_28d_049,EXP_FS_BC_28d,Flexural Strength,Bacterial Concrete,28,train
FS_BC_28d_050,EXP_FS_BC_28d,Flexural Strength,Bacterial Concrete,28,train
FS_BC_28d_051,EXP_FS_BC_28d,Flexural Strength,Bacterial Concrete,28,train
FS_BC_28d_052,EXP_FS_BC_28d,Flexural Strength,Bacterial Concrete,28,train
FS_BC_28d_053,EXP_FS_BC_28d,Flexural Strength,Bacterial Concrete,28,train
FS_BC_28d_054,EXP_FS_BC_28d,Flexural Strength,Bacterial Concrete,28,train
FS_BC_28d_055,EXP_FS_BC_28d,Flexural Strength,Bacterial Concrete,28,train
FS_BC_28d_056,EXP_FS_BC_28d,Flexural Strength,Bacterial Concrete,28,train
FS_BC_28d_057,EXP_FS_BC_28d,Flexural Strength,Bacterial Concrete,28,train
FS_BC_28d_058,EXP_FS_BC_28d,Flexural Strength,Bacterial Concrete,28,train
FS_BC_28d_059,EXP_FS_BC_28d,Flexural Strength,Bacterial Concrete,28,train
FS_BC_28d_060,EXP_FS_BC_28d,Flexural Strength,Bacterial Concrete,28,train
FS_BC_28d_061,EXP_FS_BC_28d,Flexural Strength,Bacterial Concrete,28,train
FS_BC_28d_062,EXP_FS_BC_28d,Flexural Strength,Bacterial Concrete,28,train
FS_BC_28d_063,EXP_FS_BC_28d,Flexural Strength,Bacterial Concrete,28,train
FS_BC_28d_064,EXP_FS_BC_28d,Flexural Strength,Bacterial Concrete,28,train
FS_BC_28d_065,EXP_FS_BC_28d,Flexural Strength,Bacterial Concrete,28,train
FS_BC_28d_066,EXP_FS_BC_28d,Flexural Strength,Bacterial Concrete,28,train
FS_BC_28d_067,EXP_FS_BC_28d,Flexural Strength,Bacterial Concrete,28,train
FS_BC_28d_068,EXP_FS_BC_28d,Flexural Strength,Bacterial Concrete,28,train
FS_BC_28d_069,EXP_FS_BC_28d,Flexural Strength,Bacterial Concrete,28,train
FS_BC_28d_070,EXP_FS_BC_28d,Flexural Strength,Bacterial Concrete,28,train
FS_BC_28d_071,EXP_FS_BC_28d,Flexural Strength,Bacterial Concrete,28,train
FS_BC_28d_072,EXP_FS_BC_28d,Flexural Strength,Bacterial Concrete,28,train
FS_BC_28d_073,EXP_FS_BC_28d,Flexural Strength,Bacterial Concrete,28,train
FS_BC_28d_074,EXP_FS_BC_28d,Flexural Strength,Bacterial Concrete,28,train
FS_BC_28d_075,EXP_FS_BC_28d,Flexural Strength,Bacterial Concrete,28,train
FS_BC_28d_076,EXP_FS_BC_28d,Flexural Strength,Bacterial Concrete,28,train
FS_BC_28d_077,EXP_FS_BC_28d,Flexural Strength,Bacterial Concrete,28,train
FS_BC_28d_078,EXP_FS_BC_28d,Flexural Strength,Bacterial Concrete,28,train
FS_BC_28d_079,EXP_FS_BC_28d,Flexural Strength,Bacterial Concrete,28,train
FS_BC_28d_080,EXP_FS_BC_28d,Flexural Strength,Bacterial Concrete,28,train
FS_BC_28d_081,EXP_FS_BC_28d,Flexural Strength,Bacterial Concrete,28,train
FS_BC_28d_082,EXP_FS_BC_28d,Flexural Strength,Bacterial Concrete,28,train
FS_BC_28d_083,EXP_FS_BC_28d,Flexural Strength,Bacterial Concrete,28,train
FS_BC_28d_084,EXP_FS_BC_28d,Flexural Strength,Bacterial Concrete,28,train
FS_BC_28d_085,EXP_FS_BC_28d,Flexural Strength,Bacterial Concrete,28,train
FS_BC_28d_086,EXP_FS_BC_28d,Flexural Strength,Bacterial Concrete,28,train
FS_BC_28d_087,EXP_FS_BC_28d,Flexural Strength,Bacterial Concrete,28,train
FS_BC_28d_088,EXP_FS_BC_28d,Flexural Strength,Bacterial Concrete,28,train
FS_BC_28d_089,EXP_FS_BC_28d,Flexural Strength,Bacterial Concrete,28,train
FS_BC_28d_090,EXP_FS_BC_28d,Flexural Strength,Bacterial Concrete,28,train
FS_BC_28d_091,EXP_FS_BC_28d,Flexural Strength,Bacterial Concrete,28,train
FS_BC_28d_092,EXP_FS_BC_28d,Flexural Strength,Bacterial Concrete,28,train
FS_BC_28d_093,EXP_FS_BC_28d,Flexural Strength,Bacterial Concrete,28,train
FS_BC_28d_094,EXP_FS_BC_28d,Flexural Strength,Bacterial Concrete,28,train
FS_BC_28d_095,EXP_FS_BC_28d,Flexural Strength,Bacterial Concrete,28,train
FS_BC_28d_096,EXP_FS_BC_28d,Flexural Strength,Bacterial Concrete,28,train
FS_BC_28d_097,EXP_FS_BC_28d,Flexural Strength,Bacterial Concrete,28,train
FS_BC_28d_098,EXP_FS_BC_28d,Flexural Strength,Bacterial Concrete,28,train
FS_BC_28d_099,EXP_FS_BC_28d,Flexural Strength,Bacterial Concrete,28,train
FS_BC_28d_100,EXP_FS_BC_28d,Flexural Strength,Bacterial Concrete,28,train
FS_BC_56d_001,EXP_FS_BC_56d,Flexural Strength,Bacterial Concrete,56,train
FS_BC_56d_002,EXP_FS_BC_56d,Flexural Strength,Bacterial Concrete,56,train
FS_BC_56d_003,EXP_FS_BC_56d,Flexural Strength,Bacterial Concrete,56,train
FS_BC_56d_004,EXP_FS_BC_56d,Flexural Strength,Bacterial Concrete,56,train
FS_BC_56d_005,EXP_FS_BC_56d,Flexural Strength,Bacterial Concrete,56,train
FS_BC_56d_006,EXP_FS_BC_56d,Flexural Strength,Bacterial Concrete,56,train
FS_BC_56d_007,EXP_FS_BC_56d,Flexural Strength,Bacterial Concrete,56,train
FS_BC_56d_008,EXP_FS_BC_56d,Flexural Strength,Bacterial Concrete,56,train
FS_BC_56d_009,EXP_FS_BC_56d,Flexural Strength,Bacterial Concrete,56,train
FS_BC_56d_010,EXP_FS_BC_56d,Flexural Strength,Bacterial Concrete,56,train
FS_BC_56d_011,EXP_FS_BC_56d,Flexural Strength,Bacterial Concrete,56,train
FS_BC_56d_012,EXP_FS_BC_56d,Flexural Strength,Bacterial Concrete,56,train
FS_BC_56d_013,EXP_FS_BC_56d,Flexural Strength,Bacterial Concrete,56,train
FS_BC_56d_014,EXP_FS_BC_56d,Flexural Strength,Bacterial Concrete,56,train
FS_BC_56d_015,EXP_FS_BC_56d,Flexural Strength,Bacterial Concrete,56,train
FS_BC_56d_016,EXP_FS_BC_56d,Flexural Strength,Bacterial Concrete,56,train
FS_BC_56d_017,EXP_FS_BC_56d,Flexural Strength,Bacterial Concrete,56,train
FS_BC_56d_018,EXP_FS_BC_56d,Flexural Strength,Bacterial Concrete,56,train
FS_BC_56d_019,EXP_FS_BC_56d,Flexural Strength,Bacterial Concrete,56,train
FS_BC_56d_020,EXP_FS_BC_56d,Flexural Strength,Bacterial Concrete,56,train
FS_BC_56d_021,EXP_FS_BC_56d,Flexural Strength,Bacterial Concrete,56,train
FS_BC_56d_022,EXP_FS_BC_56d,Flexural Strength,Bacterial Concrete,56,train
FS_BC_56d_023,EXP_FS_BC_56d,Flexural Strength,Bacterial Concrete,56,train
FS_BC_56d_024,EXP_FS_BC_56d,Flexural Strength,Bacterial Concrete,56,train
FS_BC_56d_025,EXP_FS_BC_56d,Flexural Strength,Bacterial Concrete,56,train
FS_BC_56d_026,EXP_FS_BC_56d,Flexural Strength,Bacterial Concrete,56,train
FS_BC_56d_027,EXP_FS_BC_56d,Flexural Strength,Bacterial Concrete,56,train
FS_BC_56d_028,EXP_FS_BC_56d,Flexural Strength,Bacterial Concrete,56,train
FS_BC_56d_029,EXP_FS_BC_56d,Flexural Strength,Bacterial Concrete,56,train
FS_BC_56d_030,EXP_FS_BC_56d,Flexural Strength,Bacterial Concrete,56,train
FS_BC_56d_031,EXP_FS_BC_56d,Flexural Strength,Bacterial Concrete,56,train
FS_BC_56d_032,EXP_FS_BC_56d,Flexural Strength,Bacterial Concrete,56,train
FS_BC_56d_033,EXP_FS_BC_56d,Flexural Strength,Bacterial Concrete,56,train
FS_BC_56d_034,EXP_FS_BC_56d,Flexural Strength,Bacterial Concrete,56,train
FS_BC_56d_035,EXP_FS_BC_56d,Flexural Strength,Bacterial Concrete,56,train
FS_BC_56d_036,EXP_FS_BC_56d,Flexural Strength,Bacterial Concrete,56,train
FS_BC_56d_037,EXP_FS_BC_56d,Flexural Strength,Bacterial Concrete,56,train
FS_BC_56d_038,EXP_FS_BC_56d,Flexural Strength,Bacterial Concrete,56,train
FS_BC_56d_039,EXP_FS_BC_56d,Flexural Strength,Bacterial Concrete,56,train
FS_BC_56d_040,EXP_FS_BC_56d,Flexural Strength,Bacterial Concrete,56,train
FS_BC_56d_041,EXP_FS_BC_56d,Flexural Strength,Bacterial Concrete,56,train
FS_BC_56d_042,EXP_FS_BC_56d,Flexural Strength,Bacterial Concrete,56,train
FS_BC_56d_043,EXP_FS_BC_56d,Flexural Strength,Bacterial Concrete,56,train
FS_BC_56d_044,EXP_FS_BC_56d,Flexural Strength,Bacterial Concrete,56,train
FS_BC_56d_045,EXP_FS_BC_56d,Flexural Strength,Bacterial Concrete,56,train
FS_BC_56d_046,EXP_FS_BC_56d,Flexural Strength,Bacterial Concrete,56,train
FS_BC_56d_047,EXP_FS_BC_56d,Flexural Strength,Bacterial Concrete,56,train
FS_BC_56d_048,EXP_FS_BC_56d,Flexural Strength,Bacterial Concrete,56,train
FS_BC_56d_049,EXP_FS_BC_56d,Flexural Strength,Bacterial Concrete,56,train
FS_BC_56d_050,EXP_FS_BC_56d,Flexural Strength,Bacterial Concrete,56,train
FS_BC_56d_051,EXP_FS_BC_56d,Flexural Strength,Bacterial Concrete,56,train
FS_BC_56d_052,EXP_FS_BC_56d,Flexural Strength,Bacterial Concrete,56,train
FS_BC_56d_053,EXP_FS_BC_56d,Flexural Strength,Bacterial Concrete,56,train
FS_BC_56d_054,EXP_FS_BC_56d,Flexural Strength,Bacterial Concrete,56,train
FS_BC_56d_055,EXP_FS_BC_56d,Flexural Strength,Bacterial Concrete,56,train
FS_BC_56d_056,EXP_FS_BC_56d,Flexural Strength,Bacterial Concrete,56,train
FS_BC_56d_057,EXP_FS_BC_56d,Flexural Strength,Bacterial Concrete,56,train
FS_BC_56d_058,EXP_FS_BC_56d,Flexural Strength,Bacterial Concrete,56,train
FS_BC_56d_059,EXP_FS_BC_56d,Flexural Strength,Bacterial Concrete,56,train
FS_BC_56d_060,EXP_FS_BC_56d,Flexural Strength,Bacterial Concrete,56,train
FS_BC_56d_061,EXP_FS_BC_56d,Flexural Strength,Bacterial Concrete,56,train
FS_BC_56d_062,EXP_FS_BC_56d,Flexural Strength,Bacterial Concrete,56,train
FS_BC_56d_063,EXP_FS_BC_56d,Flexural Strength,Bacterial Concrete,56,train
FS_BC_56d_064,EXP_FS_BC_56d,Flexural Strength,Bacterial Concrete,56,train
FS_BC_56d_065,EXP_FS_BC_56d,Flexural Strength,Bacterial Concrete,56,train
FS_BC_56d_066,EXP_FS_BC_56d,Flexural Strength,Bacterial Concrete,56,train
FS_BC_56d_067,EXP_FS_BC_56d,Flexural Strength,Bacterial Concrete,56,train
FS_BC_56d_068,EXP_FS_BC_56d,Flexural Strength,Bacterial Concrete,56,train
FS_BC_56d_069,EXP_FS_BC_56d,Flexural Strength,Bacterial Concrete,56,train
FS_BC_56d_070,EXP_FS_BC_56d,Flexural Strength,Bacterial Concrete,56,train
FS_BC_56d_071,EXP_FS_BC_56d,Flexural Strength,Bacterial Concrete,56,train
FS_BC_56d_072,EXP_FS_BC_56d,Flexural Strength,Bacterial Concrete,56,train
FS_BC_56d_073,EXP_FS_BC_56d,Flexural Strength,Bacterial Concrete,56,train
FS_BC_56d_074,EXP_FS_BC_56d,Flexural Strength,Bacterial Concrete,56,train
FS_BC_56d_075,EXP_FS_BC_56d,Flexural Strength,Bacterial Concrete,56,train
FS_BC_56d_076,EXP_FS_BC_56d,Flexural Strength,Bacterial Concrete,56,train
FS_BC_56d_077,EXP_FS_BC_56d,Flexural Strength,Bacterial Concrete,56,train
FS_BC_56d_078,EXP_FS_BC_56d,Flexural Strength,Bacterial Concrete,56,train
FS_BC_56d_079,EXP_FS_BC_56d,Flexural Strength,Bacterial Concrete,56,train
FS_BC_56d_080,EXP_FS_BC_56d,Flexural Strength,Bacterial Concrete,56,train
FS_BC_56d_081,EXP_FS_BC_56d,Flexural Strength,Bacterial Concrete,56,train
FS_BC_56d_082,EXP_FS_BC_56d,Flexural Strength,Bacterial Concrete,56,train
FS_BC_56d_083,EXP_FS_BC_56d,Flexural Strength,Bacterial Concrete,56,train
FS_BC_56d_084,EXP_FS_BC_56d,Flexural Strength,Bacterial Concrete,56,train
FS_BC_56d_085,EXP_FS_BC_56d,Flexural Strength,Bacterial Concrete,56,train
FS_BC_56d_086,EXP_FS_BC_56d,Flexural Strength,Bacterial Concrete,56,train
FS_BC_56d_087,EXP_FS_BC_56d,Flexural Strength,Bacterial Concrete,56,train
FS_BC_56d_088,EXP_FS_BC_56d,Flexural Strength,Bacterial Concrete,56,train
FS_BC_56d_089,EXP_FS_BC_56d,Flexural Strength,Bacterial Concrete,56,train
FS_BC_56d_090,EXP_FS_BC_56d,Flexural Strength,Bacterial Concrete,56,train
FS_BC_56d_091,EXP_FS_BC_56d,Flexural Strength,Bacterial Concrete,56,train
FS_BC_56d_092,EXP_FS_BC_56d,Flexural Strength,Bacterial Concrete,56,train
FS_BC_56d_093,EXP_FS_BC_56d,Flexural Strength,Bacterial Concrete,56,train
FS_BC_56d_094,EXP_FS_BC_56d,Flexural Strength,Bacterial Concrete,56,train
FS_BC_56d_095,EXP_FS_BC_56d,Flexural Strength,Bacterial Concrete,56,train
FS_BC_56d_096,EXP_FS_BC_56d,Flexural Strength,Bacterial Concrete,56,train
FS_BC_56d_097,EXP_FS_BC_56d,Flexural Strength,Bacterial Concrete,56,train
FS_BC_56d_098,EXP_FS_BC_56d,Flexural Strength,Bacterial Concrete,56,train
FS_BC_56d_099,EXP_FS_BC_56d,Flexural Strength,Bacterial Concrete,56,train
FS_BC_56d_100,EXP_FS_BC_56d,Flexural Strength,Bacterial Concrete,56,train
FS_BC_90d_001,EXP_FS_BC_90d,Flexural Strength,Bacterial Concrete,90,test
FS_BC_90d_002,EXP_FS_BC_90d,Flexural Strength,Bacterial Concrete,90,test
FS_BC_90d_003,EXP_FS_BC_90d,Flexural Strength,Bacterial Concrete,90,test
FS_BC_90d_004,EXP_FS_BC_90d,Flexural Strength,Bacterial Concrete,90,test
FS_BC_90d_005,EXP_FS_BC_90d,Flexural Strength,Bacterial Concrete,90,test
FS_BC_90d_006,EXP_FS_BC_90d,Flexural Strength,Bacterial Concrete,90,test
FS_BC_90d_007,EXP_FS_BC_90d,Flexural Strength,Bacterial Concrete,90,test
FS_BC_90d_008,EXP_FS_BC_90d,Flexural Strength,Bacterial Concrete,90,test
FS_BC_90d_009,EXP_FS_BC_90d,Flexural Strength,Bacterial Concrete,90,test
FS_BC_90d_010,EXP_FS_BC_90d,Flexural Strength,Bacterial Concrete,90,test
FS_BC_90d_011,EXP_FS_BC_90d,Flexural Strength,Bacterial Concrete,90,test
FS_BC_90d_012,EXP_FS_BC_90d,Flexural Strength,Bacterial Concrete,90,test
FS_BC_90d_013,EXP_FS_BC_90d,Flexural Strength,Bacterial Concrete,90,test
FS_BC_90d_014,EXP_FS_BC_90d,Flexural Strength,Bacterial Concrete,90,test
FS_BC_90d_015,EXP_FS_BC_90d,Flexural Strength,Bacterial Concrete,90,test
FS_BC_90d_016,EXP_FS_BC_90d,Flexural Strength,Bacterial Concrete,90,test
FS_BC_90d_017,EXP_FS_BC_90d,Flexural Strength,Bacterial Concrete,90,test
FS_BC_90d_018,EXP_FS_BC_90d,Flexural Strength,Bacterial Concrete,90,test
FS_BC_90d_019,EXP_FS_BC_90d,Flexural Strength,Bacterial Concrete,90,test
FS_BC_90d_020,EXP_FS_BC_90d,Flexural Strength,Bacterial Concrete,90,test
FS_BC_90d_021,EXP_FS_BC_90d,Flexural Strength,Bacterial Concrete,90,test
FS_BC_90d_022,EXP_FS_BC_90d,Flexural Strength,Bacterial Concrete,90,test
FS_BC_90d_023,EXP_FS_BC_90d,Flexural Strength,Bacterial Concrete,90,test
FS_BC_90d_024,EXP_FS_BC_90d,Flexural Strength,Bacterial Concrete,90,test
FS_BC_90d_025,EXP_FS_BC_90d,Flexural Strength,Bacterial Concrete,90,test
FS_BC_90d_026,EXP_FS_BC_90d,Flexural Strength,Bacterial Concrete,90,test
FS_BC_90d_027,EXP_FS_BC_90d,Flexural Strength,Bacterial Concrete,90,test
FS_BC_90d_028,EXP_FS_BC_90d,Flexural Strength,Bacterial Concrete,90,test
FS_BC_90d_029,EXP_FS_BC_90d,Flexural Strength,Bacterial Concrete,90,test
FS_BC_90d_030,EXP_FS_BC_90d,Flexural Strength,Bacterial Concrete,90,test
FS_BC_90d_031,EXP_FS_BC_90d,Flexural Strength,Bacterial Concrete,90,test
FS_BC_90d_032,EXP_FS_BC_90d,Flexural Strength,Bacterial Concrete,90,test
FS_BC_90d_033,EXP_FS_BC_90d,Flexural Strength,Bacterial Concrete,90,test
FS_BC_90d_034,EXP_FS_BC_90d,Flexural Strength,Bacterial Concrete,90,test
FS_BC_90d_035,EXP_FS_BC_90d,Flexural Strength,Bacterial Concrete,90,test
FS_BC_90d_036,EXP_FS_BC_90d,Flexural Strength,Bacterial Concrete,90,test
FS_BC_90d_037,EXP_FS_BC_90d,Flexural Strength,Bacterial Concrete,90,test
FS_BC_90d_038,EXP_FS_BC_90d,Flexural Strength,Bacterial Concrete,90,test
FS_BC_90d_039,EXP_FS_BC_90d,Flexural Strength,Bacterial Concrete,90,test
FS_BC_90d_040,EXP_FS_BC_90d,Flexural Strength,Bacterial Concrete,90,test
FS_BC_90d_041,EXP_FS_BC_90d,Flexural Strength,Bacterial Concrete,90,test
FS_BC_90d_042,EXP_FS_BC_90d,Flexural Strength,Bacterial Concrete,90,test
FS_BC_90d_043,EXP_FS_BC_90d,Flexural Strength,Bacterial Concrete,90,test
FS_BC_90d_044,EXP_FS_BC_90d,Flexural Strength,Bacterial Concrete,90,test
FS_BC_90d_045,EXP_FS_BC_90d,Flexural Strength,Bacterial Concrete,90,test
FS_BC_90d_046,EXP_FS_BC_90d,Flexural Strength,Bacterial Concrete,90,test
FS_BC_90d_047,EXP_FS_BC_90d,Flexural Strength,Bacterial Concrete,90,test
FS_BC_90d_048,EXP_FS_BC_90d,Flexural Strength,Bacterial Concrete,90,test
FS_BC_90d_049,EXP_FS_BC_90d,Flexural Strength,Bacterial Concrete,90,test
FS_BC_90d_050,EXP_FS_BC_90d,Flexural Strength,Bacterial Concrete,90,test
FS_BC_90d_051,EXP_FS_BC_90d,Flexural Strength,Bacterial Concrete,90,test
FS_BC_90d_052,EXP_FS_BC_90d,Flexural Strength,Bacterial Concrete,90,test
FS_BC_90d_053,EXP_FS_BC_90d,Flexural Strength,Bacterial Concrete,90,test
FS_BC_90d_054,EXP_FS_BC_90d,Flexural Strength,Bacterial Concrete,90,test
FS_BC_90d_055,EXP_FS_BC_90d,Flexural Strength,Bacterial Concrete,90,test
FS_BC_90d_056,EXP_FS_BC_90d,Flexural Strength,Bacterial Concrete,90,test
FS_BC_90d_057,EXP_FS_BC_90d,Flexural Strength,Bacterial Concrete,90,test
FS_BC_90d_058,EXP_FS_BC_90d,Flexural Strength,Bacterial Concrete,90,test
FS_BC_90d_059,EXP_FS_BC_90d,Flexural Strength,Bacterial Concrete,90,test
FS_BC_90d_060,EXP_FS_BC_90d,Flexural Strength,Bacterial Concrete,90,test
FS_BC_90d_061,EXP_FS_BC_90d,Flexural Strength,Bacterial Concrete,90,test
FS_BC_90d_062,EXP_FS_BC_90d,Flexural Strength,Bacterial Concrete,90,test
FS_BC_90d_063,EXP_FS_BC_90d,Flexural Strength,Bacterial Concrete,90,test
FS_BC_90d_064,EXP_FS_BC_90d,Flexural Strength,Bacterial Concrete,90,test
FS_BC_90d_065,EXP_FS_BC_90d,Flexural Strength,Bacterial Concrete,90,test
FS_BC_90d_066,EXP_FS_BC_90d,Flexural Strength,Bacterial Concrete,90,test
FS_BC_90d_067,EXP_FS_BC_90d,Flexural Strength,Bacterial Concrete,90,test
FS_BC_90d_068,EXP_FS_BC_90d,Flexural Strength,Bacterial Concrete,90,test
FS_BC_90d_069,EXP_FS_BC_90d,Flexural Strength,Bacterial Concrete,90,test
FS_BC_90d_070,EXP_FS_BC_90d,Flexural Strength,Bacterial Concrete,90,test
FS_BC_90d_071,EXP_FS_BC_90d,Flexural Strength,Bacterial Concrete,90,test
FS_BC_90d_072,EXP_FS_BC_90d,Flexural Strength,Bacterial Concrete,90,test
FS_BC_90d_073,EXP_FS_BC_90d,Flexural Strength,Bacterial Concrete,90,test
FS_BC_90d_074,EXP_FS_BC_90d,Flexural Strength,Bacterial Concrete,90,test
FS_BC_90d_075,EXP_FS_BC_90d,Flexural Strength,Bacterial Concrete,90,test
FS_BC_90d_076,EXP_FS_BC_90d,Flexural Strength,Bacterial Concrete,90,test
FS_BC_90d_077,EXP_FS_BC_90d,Flexural Strength,Bacterial Concrete,90,test
FS_BC_90d_078,EXP_FS_BC_90d,Flexural Strength,Bacterial Concrete,90,test
FS_BC_90d_079,EXP_FS_BC_90d,Flexural Strength,Bacterial Concrete,90,test
FS_BC_90d_080,EXP_FS_BC_90d,Flexural Strength,Bacterial Concrete,90,test
FS_BC_90d_081,EXP_FS_BC_90d,Flexural Strength,Bacterial Concrete,90,test
FS_BC_90d_082,EXP_FS_BC_90d,Flexural Strength,Bacterial Concrete,90,test
FS_BC_90d_083,EXP_FS_BC_90d,Flexural Strength,Bacterial Concrete,90,test
FS_BC_90d_084,EXP_FS_BC_90d,Flexural Strength,Bacterial Concrete,90,test
FS_BC_90d_085,EXP_FS_BC_90d,Flexural Strength,Bacterial Concrete,90,test
FS_BC_90d_086,EXP_FS_BC_90d,Flexural Strength,Bacterial Concrete,90,test
FS_BC_90d_087,EXP_FS_BC_90d,Flexural Strength,Bacterial Concrete,90,test
FS_BC_90d_088,EXP_FS_BC_90d,Flexural Strength,Bacterial Concrete,90,test
FS_BC_90d_089,EXP_FS_BC_90d,Flexural Strength,Bacterial Concrete,90,test
FS_BC_90d_090,EXP_FS_BC_90d,Flexural Strength,Bacterial Concrete,90,test
FS_BC_90d_091,EXP_FS_BC_90d,Flexural Strength,Bacterial Concrete,90,test
FS_BC_90d_092,EXP_FS_BC_90d,Flexural Strength,Bacterial Concrete,90,test
FS_BC_90d_093,EXP_FS_BC_90d,Flexural Strength,Bacterial Concrete,90,test
FS_BC_90d_094,EXP_FS_BC_90d,Flexural Strength,Bacterial Concrete,90,test
FS_BC_90d_095,EXP_FS_BC_90d,Flexural Strength,Bacterial Concrete,90,test
FS_BC_90d_096,EXP_FS_BC_90d,Flexural Strength,Bacterial Concrete,90,test
FS_BC_90d_097,EXP_FS_BC_90d,Flexural Strength,Bacterial Concrete,90,test
FS_BC_90d_098,EXP_FS_BC_90d,Flexural Strength,Bacterial Concrete,90,test
FS_BC_90d_099,EXP_FS_BC_90d,Flexural Strength,Bacterial Concrete,90,test
FS_BC_90d_100,EXP_FS_BC_90d,Flexural Strength,Bacterial Concrete,90,test
TS_NC_07d_001,EXP_TS_NC_07d,Split Tensile Strength,Normal Concrete,7,train
TS_NC_07d_002,EXP_TS_NC_07d,Split Tensile Strength,Normal Concrete,7,train
TS_NC_07d_003,EXP_TS_NC_07d,Split Tensile Strength,Normal Concrete,7,train
TS_NC_07d_004,EXP_TS_NC_07d,Split Tensile Strength,Normal Concrete,7,train
TS_NC_07d_005,EXP_TS_NC_07d,Split Tensile Strength,Normal Concrete,7,train
TS_NC_07d_006,EXP_TS_NC_07d,Split Tensile Strength,Normal Concrete,7,train
TS_NC_07d_007,EXP_TS_NC_07d,Split Tensile Strength,Normal Concrete,7,train
TS_NC_07d_008,EXP_TS_NC_07d,Split Tensile Strength,Normal Concrete,7,train
TS_NC_07d_009,EXP_TS_NC_07d,Split Tensile Strength,Normal Concrete,7,train
TS_NC_07d_010,EXP_TS_NC_07d,Split Tensile Strength,Normal Concrete,7,train
TS_NC_07d_011,EXP_TS_NC_07d,Split Tensile Strength,Normal Concrete,7,train
TS_NC_07d_012,EXP_TS_NC_07d,Split Tensile Strength,Normal Concrete,7,train
TS_NC_07d_013,EXP_TS_NC_07d,Split Tensile Strength,Normal Concrete,7,train
TS_NC_07d_014,EXP_TS_NC_07d,Split Tensile Strength,Normal Concrete,7,train
TS_NC_07d_015,EXP_TS_NC_07d,Split Tensile Strength,Normal Concrete,7,train
TS_NC_07d_016,EXP_TS_NC_07d,Split Tensile Strength,Normal Concrete,7,train
TS_NC_07d_017,EXP_TS_NC_07d,Split Tensile Strength,Normal Concrete,7,train
TS_NC_07d_018,EXP_TS_NC_07d,Split Tensile Strength,Normal Concrete,7,train
TS_NC_07d_019,EXP_TS_NC_07d,Split Tensile Strength,Normal Concrete,7,train
TS_NC_07d_020,EXP_TS_NC_07d,Split Tensile Strength,Normal Concrete,7,train
TS_NC_07d_021,EXP_TS_NC_07d,Split Tensile Strength,Normal Concrete,7,train
TS_NC_07d_022,EXP_TS_NC_07d,Split Tensile Strength,Normal Concrete,7,train
TS_NC_07d_023,EXP_TS_NC_07d,Split Tensile Strength,Normal Concrete,7,train
TS_NC_07d_024,EXP_TS_NC_07d,Split Tensile Strength,Normal Concrete,7,train
TS_NC_07d_025,EXP_TS_NC_07d,Split Tensile Strength,Normal Concrete,7,train
TS_NC_07d_026,EXP_TS_NC_07d,Split Tensile Strength,Normal Concrete,7,train
TS_NC_07d_027,EXP_TS_NC_07d,Split Tensile Strength,Normal Concrete,7,train
TS_NC_07d_028,EXP_TS_NC_07d,Split Tensile Strength,Normal Concrete,7,train
TS_NC_07d_029,EXP_TS_NC_07d,Split Tensile Strength,Normal Concrete,7,train
TS_NC_07d_030,EXP_TS_NC_07d,Split Tensile Strength,Normal Concrete,7,train
TS_NC_07d_031,EXP_TS_NC_07d,Split Tensile Strength,Normal Concrete,7,train
TS_NC_07d_032,EXP_TS_NC_07d,Split Tensile Strength,Normal Concrete,7,train
TS_NC_07d_033,EXP_TS_NC_07d,Split Tensile Strength,Normal Concrete,7,train
TS_NC_07d_034,EXP_TS_NC_07d,Split Tensile Strength,Normal Concrete,7,train
TS_NC_07d_035,EXP_TS_NC_07d,Split Tensile Strength,Normal Concrete,7,train
TS_NC_07d_036,EXP_TS_NC_07d,Split Tensile Strength,Normal Concrete,7,train
TS_NC_07d_037,EXP_TS_NC_07d,Split Tensile Strength,Normal Concrete,7,train
TS_NC_07d_038,EXP_TS_NC_07d,Split Tensile Strength,Normal Concrete,7,train
TS_NC_07d_039,EXP_TS_NC_07d,Split Tensile Strength,Normal Concrete,7,train
TS_NC_07d_040,EXP_TS_NC_07d,Split Tensile Strength,Normal Concrete,7,train
TS_NC_07d_041,EXP_TS_NC_07d,Split Tensile Strength,Normal Concrete,7,train
TS_NC_07d_042,EXP_TS_NC_07d,Split Tensile Strength,Normal Concrete,7,train
TS_NC_07d_043,EXP_TS_NC_07d,Split Tensile Strength,Normal Concrete,7,train
TS_NC_07d_044,EXP_TS_NC_07d,Split Tensile Strength,Normal Concrete,7,train
TS_NC_07d_045,EXP_TS_NC_07d,Split Tensile Strength,Normal Concrete,7,train
TS_NC_07d_046,EXP_TS_NC_07d,Split Tensile Strength,Normal Concrete,7,train
TS_NC_07d_047,EXP_TS_NC_07d,Split Tensile Strength,Normal Concrete,7,train
TS_NC_07d_048,EXP_TS_NC_07d,Split Tensile Strength,Normal Concrete,7,train
TS_NC_07d_049,EXP_TS_NC_07d,Split Tensile Strength,Normal Concrete,7,train
TS_NC_07d_050,EXP_TS_NC_07d,Split Tensile Strength,Normal Concrete,7,train
TS_NC_07d_051,EXP_TS_NC_07d,Split Tensile Strength,Normal Concrete,7,train
TS_NC_07d_052,EXP_TS_NC_07d,Split Tensile Strength,Normal Concrete,7,train
TS_NC_07d_053,EXP_TS_NC_07d,Split Tensile Strength,Normal Concrete,7,train
TS_NC_07d_054,EXP_TS_NC_07d,Split Tensile Strength,Normal Concrete,7,train
TS_NC_07d_055,EXP_TS_NC_07d,Split Tensile Strength,Normal Concrete,7,train
TS_NC_07d_056,EXP_TS_NC_07d,Split Tensile Strength,Normal Concrete,7,train
TS_NC_07d_057,EXP_TS_NC_07d,Split Tensile Strength,Normal Concrete,7,train
TS_NC_07d_058,EXP_TS_NC_07d,Split Tensile Strength,Normal Concrete,7,train
TS_NC_07d_059,EXP_TS_NC_07d,Split Tensile Strength,Normal Concrete,7,train
TS_NC_07d_060,EXP_TS_NC_07d,Split Tensile Strength,Normal Concrete,7,train
TS_NC_07d_061,EXP_TS_NC_07d,Split Tensile Strength,Normal Concrete,7,train
TS_NC_07d_062,EXP_TS_NC_07d,Split Tensile Strength,Normal Concrete,7,train
TS_NC_07d_063,EXP_TS_NC_07d,Split Tensile Strength,Normal Concrete,7,train
TS_NC_07d_064,EXP_TS_NC_07d,Split Tensile Strength,Normal Concrete,7,train
TS_NC_07d_065,EXP_TS_NC_07d,Split Tensile Strength,Normal Concrete,7,train
TS_NC_07d_066,EXP_TS_NC_07d,Split Tensile Strength,Normal Concrete,7,train
TS_NC_07d_067,EXP_TS_NC_07d,Split Tensile Strength,Normal Concrete,7,train
TS_NC_07d_068,EXP_TS_NC_07d,Split Tensile Strength,Normal Concrete,7,train
TS_NC_07d_069,EXP_TS_NC_07d,Split Tensile Strength,Normal Concrete,7,train
TS_NC_07d_070,EXP_TS_NC_07d,Split Tensile Strength,Normal Concrete,7,train
TS_NC_07d_071,EXP_TS_NC_07d,Split Tensile Strength,Normal Concrete,7,train
TS_NC_07d_072,EXP_TS_NC_07d,Split Tensile Strength,Normal Concrete,7,train
TS_NC_07d_073,EXP_TS_NC_07d,Split Tensile Strength,Normal Concrete,7,train
TS_NC_07d_074,EXP_TS_NC_07d,Split Tensile Strength,Normal Concrete,7,train
TS_NC_07d_075,EXP_TS_NC_07d,Split Tensile Strength,Normal Concrete,7,train
TS_NC_07d_076,EXP_TS_NC_07d,Split Tensile Strength,Normal Concrete,7,train
TS_NC_07d_077,EXP_TS_NC_07d,Split Tensile Strength,Normal Concrete,7,train
TS_NC_07d_078,EXP_TS_NC_07d,Split Tensile Strength,Normal Concrete,7,train
TS_NC_07d_079,EXP_TS_NC_07d,Split Tensile Strength,Normal Concrete,7,train
TS_NC_07d_080,EXP_TS_NC_07d,Split Tensile Strength,Normal Concrete,7,train
TS_NC_07d_081,EXP_TS_NC_07d,Split Tensile Strength,Normal Concrete,7,train
TS_NC_07d_082,EXP_TS_NC_07d,Split Tensile Strength,Normal Concrete,7,train
TS_NC_07d_083,EXP_TS_NC_07d,Split Tensile Strength,Normal Concrete,7,train
TS_NC_07d_084,EXP_TS_NC_07d,Split Tensile Strength,Normal Concrete,7,train
TS_NC_07d_085,EXP_TS_NC_07d,Split Tensile Strength,Normal Concrete,7,train
TS_NC_07d_086,EXP_TS_NC_07d,Split Tensile Strength,Normal Concrete,7,train
TS_NC_07d_087,EXP_TS_NC_07d,Split Tensile Strength,Normal Concrete,7,train
TS_NC_07d_088,EXP_TS_NC_07d,Split Tensile Strength,Normal Concrete,7,train
TS_NC_07d_089,EXP_TS_NC_07d,Split Tensile Strength,Normal Concrete,7,train
TS_NC_07d_090,EXP_TS_NC_07d,Split Tensile Strength,Normal Concrete,7,train
TS_NC_07d_091,EXP_TS_NC_07d,Split Tensile Strength,Normal Concrete,7,train
TS_NC_07d_092,EXP_TS_NC_07d,Split Tensile Strength,Normal Concrete,7,train
TS_NC_07d_093,EXP_TS_NC_07d,Split Tensile Strength,Normal Concrete,7,train
TS_NC_07d_094,EXP_TS_NC_07d,Split Tensile Strength,Normal Concrete,7,train
TS_NC_07d_095,EXP_TS_NC_07d,Split Tensile Strength,Normal Concrete,7,train
TS_NC_07d_096,EXP_TS_NC_07d,Split Tensile Strength,Normal Concrete,7,train
TS_NC_07d_097,EXP_TS_NC_07d,Split Tensile Strength,Normal Concrete,7,train
TS_NC_07d_098,EXP_TS_NC_07d,Split Tensile Strength,Normal Concrete,7,train
TS_NC_07d_099,EXP_TS_NC_07d,Split Tensile Strength,Normal Concrete,7,train
TS_NC_07d_100,EXP_TS_NC_07d,Split Tensile Strength,Normal Concrete,7,train
TS_NC_14d_001,EXP_TS_NC_14d,Split Tensile Strength,Normal Concrete,14,train
TS_NC_14d_002,EXP_TS_NC_14d,Split Tensile Strength,Normal Concrete,14,train
TS_NC_14d_003,EXP_TS_NC_14d,Split Tensile Strength,Normal Concrete,14,train
TS_NC_14d_004,EXP_TS_NC_14d,Split Tensile Strength,Normal Concrete,14,train
TS_NC_14d_005,EXP_TS_NC_14d,Split Tensile Strength,Normal Concrete,14,train
TS_NC_14d_006,EXP_TS_NC_14d,Split Tensile Strength,Normal Concrete,14,train
TS_NC_14d_007,EXP_TS_NC_14d,Split Tensile Strength,Normal Concrete,14,train
TS_NC_14d_008,EXP_TS_NC_14d,Split Tensile Strength,Normal Concrete,14,train
TS_NC_14d_009,EXP_TS_NC_14d,Split Tensile Strength,Normal Concrete,14,train
TS_NC_14d_010,EXP_TS_NC_14d,Split Tensile Strength,Normal Concrete,14,train
TS_NC_14d_011,EXP_TS_NC_14d,Split Tensile Strength,Normal Concrete,14,train
TS_NC_14d_012,EXP_TS_NC_14d,Split Tensile Strength,Normal Concrete,14,train
TS_NC_14d_013,EXP_TS_NC_14d,Split Tensile Strength,Normal Concrete,14,train
TS_NC_14d_014,EXP_TS_NC_14d,Split Tensile Strength,Normal Concrete,14,train
TS_NC_14d_015,EXP_TS_NC_14d,Split Tensile Strength,Normal Concrete,14,train
TS_NC_14d_016,EXP_TS_NC_14d,Split Tensile Strength,Normal Concrete,14,train
TS_NC_14d_017,EXP_TS_NC_14d,Split Tensile Strength,Normal Concrete,14,train
TS_NC_14d_018,EXP_TS_NC_14d,Split Tensile Strength,Normal Concrete,14,train
TS_NC_14d_019,EXP_TS_NC_14d,Split Tensile Strength,Normal Concrete,14,train
TS_NC_14d_020,EXP_TS_NC_14d,Split Tensile Strength,Normal Concrete,14,train
TS_NC_14d_021,EXP_TS_NC_14d,Split Tensile Strength,Normal Concrete,14,train
TS_NC_14d_022,EXP_TS_NC_14d,Split Tensile Strength,Normal Concrete,14,train
TS_NC_14d_023,EXP_TS_NC_14d,Split Tensile Strength,Normal Concrete,14,train
TS_NC_14d_024,EXP_TS_NC_14d,Split Tensile Strength,Normal Concrete,14,train
TS_NC_14d_025,EXP_TS_NC_14d,Split Tensile Strength,Normal Concrete,14,train
TS_NC_14d_026,EXP_TS_NC_14d,Split Tensile Strength,Normal Concrete,14,train
TS_NC_14d_027,EXP_TS_NC_14d,Split Tensile Strength,Normal Concrete,14,train
TS_NC_14d_028,EXP_TS_NC_14d,Split Tensile Strength,Normal Concrete,14,train
TS_NC_14d_029,EXP_TS_NC_14d,Split Tensile Strength,Normal Concrete,14,train
TS_NC_14d_030,EXP_TS_NC_14d,Split Tensile Strength,Normal Concrete,14,train
TS_NC_14d_031,EXP_TS_NC_14d,Split Tensile Strength,Normal Concrete,14,train
TS_NC_14d_032,EXP_TS_NC_14d,Split Tensile Strength,Normal Concrete,14,train
TS_NC_14d_033,EXP_TS_NC_14d,Split Tensile Strength,Normal Concrete,14,train
TS_NC_14d_034,EXP_TS_NC_14d,Split Tensile Strength,Normal Concrete,14,train
TS_NC_14d_035,EXP_TS_NC_14d,Split Tensile Strength,Normal Concrete,14,train
TS_NC_14d_036,EXP_TS_NC_14d,Split Tensile Strength,Normal Concrete,14,train
TS_NC_14d_037,EXP_TS_NC_14d,Split Tensile Strength,Normal Concrete,14,train
TS_NC_14d_038,EXP_TS_NC_14d,Split Tensile Strength,Normal Concrete,14,train
TS_NC_14d_039,EXP_TS_NC_14d,Split Tensile Strength,Normal Concrete,14,train
TS_NC_14d_040,EXP_TS_NC_14d,Split Tensile Strength,Normal Concrete,14,train
TS_NC_14d_041,EXP_TS_NC_14d,Split Tensile Strength,Normal Concrete,14,train
TS_NC_14d_042,EXP_TS_NC_14d,Split Tensile Strength,Normal Concrete,14,train
TS_NC_14d_043,EXP_TS_NC_14d,Split Tensile Strength,Normal Concrete,14,train
TS_NC_14d_044,EXP_TS_NC_14d,Split Tensile Strength,Normal Concrete,14,train
TS_NC_14d_045,EXP_TS_NC_14d,Split Tensile Strength,Normal Concrete,14,train
TS_NC_14d_046,EXP_TS_NC_14d,Split Tensile Strength,Normal Concrete,14,train
TS_NC_14d_047,EXP_TS_NC_14d,Split Tensile Strength,Normal Concrete,14,train
TS_NC_14d_048,EXP_TS_NC_14d,Split Tensile Strength,Normal Concrete,14,train
TS_NC_14d_049,EXP_TS_NC_14d,Split Tensile Strength,Normal Concrete,14,train
TS_NC_14d_050,EXP_TS_NC_14d,Split Tensile Strength,Normal Concrete,14,train
TS_NC_14d_051,EXP_TS_NC_14d,Split Tensile Strength,Normal Concrete,14,train
TS_NC_14d_052,EXP_TS_NC_14d,Split Tensile Strength,Normal Concrete,14,train
TS_NC_14d_053,EXP_TS_NC_14d,Split Tensile Strength,Normal Concrete,14,train
TS_NC_14d_054,EXP_TS_NC_14d,Split Tensile Strength,Normal Concrete,14,train
TS_NC_14d_055,EXP_TS_NC_14d,Split Tensile Strength,Normal Concrete,14,train
TS_NC_14d_056,EXP_TS_NC_14d,Split Tensile Strength,Normal Concrete,14,train
TS_NC_14d_057,EXP_TS_NC_14d,Split Tensile Strength,Normal Concrete,14,train
TS_NC_14d_058,EXP_TS_NC_14d,Split Tensile Strength,Normal Concrete,14,train
TS_NC_14d_059,EXP_TS_NC_14d,Split Tensile Strength,Normal Concrete,14,train
TS_NC_14d_060,EXP_TS_NC_14d,Split Tensile Strength,Normal Concrete,14,train
TS_NC_14d_061,EXP_TS_NC_14d,Split Tensile Strength,Normal Concrete,14,train
TS_NC_14d_062,EXP_TS_NC_14d,Split Tensile Strength,Normal Concrete,14,train
TS_NC_14d_063,EXP_TS_NC_14d,Split Tensile Strength,Normal Concrete,14,train
TS_NC_14d_064,EXP_TS_NC_14d,Split Tensile Strength,Normal Concrete,14,train
TS_NC_14d_065,EXP_TS_NC_14d,Split Tensile Strength,Normal Concrete,14,train
TS_NC_14d_066,EXP_TS_NC_14d,Split Tensile Strength,Normal Concrete,14,train
TS_NC_14d_067,EXP_TS_NC_14d,Split Tensile Strength,Normal Concrete,14,train
TS_NC_14d_068,EXP_TS_NC_14d,Split Tensile Strength,Normal Concrete,14,train
TS_NC_14d_069,EXP_TS_NC_14d,Split Tensile Strength,Normal Concrete,14,train
TS_NC_14d_070,EXP_TS_NC_14d,Split Tensile Strength,Normal Concrete,14,train
TS_NC_14d_071,EXP_TS_NC_14d,Split Tensile Strength,Normal Concrete,14,train
TS_NC_14d_072,EXP_TS_NC_14d,Split Tensile Strength,Normal Concrete,14,train
TS_NC_14d_073,EXP_TS_NC_14d,Split Tensile Strength,Normal Concrete,14,train
TS_NC_14d_074,EXP_TS_NC_14d,Split Tensile Strength,Normal Concrete,14,train
TS_NC_14d_075,EXP_TS_NC_14d,Split Tensile Strength,Normal Concrete,14,train
TS_NC_14d_076,EXP_TS_NC_14d,Split Tensile Strength,Normal Concrete,14,train
TS_NC_14d_077,EXP_TS_NC_14d,Split Tensile Strength,Normal Concrete,14,train
TS_NC_14d_078,EXP_TS_NC_14d,Split Tensile Strength,Normal Concrete,14,train
TS_NC_14d_079,EXP_TS_NC_14d,Split Tensile Strength,Normal Concrete,14,train
TS_NC_14d_080,EXP_TS_NC_14d,Split Tensile Strength,Normal Concrete,14,train
TS_NC_14d_081,EXP_TS_NC_14d,Split Tensile Strength,Normal Concrete,14,train
TS_NC_14d_082,EXP_TS_NC_14d,Split Tensile Strength,Normal Concrete,14,train
TS_NC_14d_083,EXP_TS_NC_14d,Split Tensile Strength,Normal Concrete,14,train
TS_NC_14d_084,EXP_TS_NC_14d,Split Tensile Strength,Normal Concrete,14,train
TS_NC_14d_085,EXP_TS_NC_14d,Split Tensile Strength,Normal Concrete,14,train
TS_NC_14d_086,EXP_TS_NC_14d,Split Tensile Strength,Normal Concrete,14,train
TS_NC_14d_087,EXP_TS_NC_14d,Split Tensile Strength,Normal Concrete,14,train
TS_NC_14d_088,EXP_TS_NC_14d,Split Tensile Strength,Normal Concrete,14,train
TS_NC_14d_089,EXP_TS_NC_14d,Split Tensile Strength,Normal Concrete,14,train
TS_NC_14d_090,EXP_TS_NC_14d,Split Tensile Strength,Normal Concrete,14,train
TS_NC_14d_091,EXP_TS_NC_14d,Split Tensile Strength,Normal Concrete,14,train
TS_NC_14d_092,EXP_TS_NC_14d,Split Tensile Strength,Normal Concrete,14,train
TS_NC_14d_093,EXP_TS_NC_14d,Split Tensile Strength,Normal Concrete,14,train
TS_NC_14d_094,EXP_TS_NC_14d,Split Tensile Strength,Normal Concrete,14,train
TS_NC_14d_095,EXP_TS_NC_14d,Split Tensile Strength,Normal Concrete,14,train
TS_NC_14d_096,EXP_TS_NC_14d,Split Tensile Strength,Normal Concrete,14,train
TS_NC_14d_097,EXP_TS_NC_14d,Split Tensile Strength,Normal Concrete,14,train
TS_NC_14d_098,EXP_TS_NC_14d,Split Tensile Strength,Normal Concrete,14,train
TS_NC_14d_099,EXP_TS_NC_14d,Split Tensile Strength,Normal Concrete,14,train
TS_NC_14d_100,EXP_TS_NC_14d,Split Tensile Strength,Normal Concrete,14,train
TS_NC_21d_001,EXP_TS_NC_21d,Split Tensile Strength,Normal Concrete,21,test
TS_NC_21d_002,EXP_TS_NC_21d,Split Tensile Strength,Normal Concrete,21,test
TS_NC_21d_003,EXP_TS_NC_21d,Split Tensile Strength,Normal Concrete,21,test
TS_NC_21d_004,EXP_TS_NC_21d,Split Tensile Strength,Normal Concrete,21,test
TS_NC_21d_005,EXP_TS_NC_21d,Split Tensile Strength,Normal Concrete,21,test
TS_NC_21d_006,EXP_TS_NC_21d,Split Tensile Strength,Normal Concrete,21,test
TS_NC_21d_007,EXP_TS_NC_21d,Split Tensile Strength,Normal Concrete,21,test
TS_NC_21d_008,EXP_TS_NC_21d,Split Tensile Strength,Normal Concrete,21,test
TS_NC_21d_009,EXP_TS_NC_21d,Split Tensile Strength,Normal Concrete,21,test
TS_NC_21d_010,EXP_TS_NC_21d,Split Tensile Strength,Normal Concrete,21,test
TS_NC_21d_011,EXP_TS_NC_21d,Split Tensile Strength,Normal Concrete,21,test
TS_NC_21d_012,EXP_TS_NC_21d,Split Tensile Strength,Normal Concrete,21,test
TS_NC_21d_013,EXP_TS_NC_21d,Split Tensile Strength,Normal Concrete,21,test
TS_NC_21d_014,EXP_TS_NC_21d,Split Tensile Strength,Normal Concrete,21,test
TS_NC_21d_015,EXP_TS_NC_21d,Split Tensile Strength,Normal Concrete,21,test
TS_NC_21d_016,EXP_TS_NC_21d,Split Tensile Strength,Normal Concrete,21,test
TS_NC_21d_017,EXP_TS_NC_21d,Split Tensile Strength,Normal Concrete,21,test
TS_NC_21d_018,EXP_TS_NC_21d,Split Tensile Strength,Normal Concrete,21,test
TS_NC_21d_019,EXP_TS_NC_21d,Split Tensile Strength,Normal Concrete,21,test
TS_NC_21d_020,EXP_TS_NC_21d,Split Tensile Strength,Normal Concrete,21,test
TS_NC_21d_021,EXP_TS_NC_21d,Split Tensile Strength,Normal Concrete,21,test
TS_NC_21d_022,EXP_TS_NC_21d,Split Tensile Strength,Normal Concrete,21,test
TS_NC_21d_023,EXP_TS_NC_21d,Split Tensile Strength,Normal Concrete,21,test
TS_NC_21d_024,EXP_TS_NC_21d,Split Tensile Strength,Normal Concrete,21,test
TS_NC_21d_025,EXP_TS_NC_21d,Split Tensile Strength,Normal Concrete,21,test
TS_NC_21d_026,EXP_TS_NC_21d,Split Tensile Strength,Normal Concrete,21,test
TS_NC_21d_027,EXP_TS_NC_21d,Split Tensile Strength,Normal Concrete,21,test
TS_NC_21d_028,EXP_TS_NC_21d,Split Tensile Strength,Normal Concrete,21,test
TS_NC_21d_029,EXP_TS_NC_21d,Split Tensile Strength,Normal Concrete,21,test
TS_NC_21d_030,EXP_TS_NC_21d,Split Tensile Strength,Normal Concrete,21,test
TS_NC_21d_031,EXP_TS_NC_21d,Split Tensile Strength,Normal Concrete,21,test
TS_NC_21d_032,EXP_TS_NC_21d,Split Tensile Strength,Normal Concrete,21,test
TS_NC_21d_033,EXP_TS_NC_21d,Split Tensile Strength,Normal Concrete,21,test
TS_NC_21d_034,EXP_TS_NC_21d,Split Tensile Strength,Normal Concrete,21,test
TS_NC_21d_035,EXP_TS_NC_21d,Split Tensile Strength,Normal Concrete,21,test
TS_NC_21d_036,EXP_TS_NC_21d,Split Tensile Strength,Normal Concrete,21,test
TS_NC_21d_037,EXP_TS_NC_21d,Split Tensile Strength,Normal Concrete,21,test
TS_NC_21d_038,EXP_TS_NC_21d,Split Tensile Strength,Normal Concrete,21,test
TS_NC_21d_039,EXP_TS_NC_21d,Split Tensile Strength,Normal Concrete,21,test
TS_NC_21d_040,EXP_TS_NC_21d,Split Tensile Strength,Normal Concrete,21,test
TS_NC_21d_041,EXP_TS_NC_21d,Split Tensile Strength,Normal Concrete,21,test
TS_NC_21d_042,EXP_TS_NC_21d,Split Tensile Strength,Normal Concrete,21,test
TS_NC_21d_043,EXP_TS_NC_21d,Split Tensile Strength,Normal Concrete,21,test
TS_NC_21d_044,EXP_TS_NC_21d,Split Tensile Strength,Normal Concrete,21,test
TS_NC_21d_045,EXP_TS_NC_21d,Split Tensile Strength,Normal Concrete,21,test
TS_NC_21d_046,EXP_TS_NC_21d,Split Tensile Strength,Normal Concrete,21,test
TS_NC_21d_047,EXP_TS_NC_21d,Split Tensile Strength,Normal Concrete,21,test
TS_NC_21d_048,EXP_TS_NC_21d,Split Tensile Strength,Normal Concrete,21,test
TS_NC_21d_049,EXP_TS_NC_21d,Split Tensile Strength,Normal Concrete,21,test
TS_NC_21d_050,EXP_TS_NC_21d,Split Tensile Strength,Normal Concrete,21,test
TS_NC_21d_051,EXP_TS_NC_21d,Split Tensile Strength,Normal Concrete,21,test
TS_NC_21d_052,EXP_TS_NC_21d,Split Tensile Strength,Normal Concrete,21,test
TS_NC_21d_053,EXP_TS_NC_21d,Split Tensile Strength,Normal Concrete,21,test
TS_NC_21d_054,EXP_TS_NC_21d,Split Tensile Strength,Normal Concrete,21,test
TS_NC_21d_055,EXP_TS_NC_21d,Split Tensile Strength,Normal Concrete,21,test
TS_NC_21d_056,EXP_TS_NC_21d,Split Tensile Strength,Normal Concrete,21,test
TS_NC_21d_057,EXP_TS_NC_21d,Split Tensile Strength,Normal Concrete,21,test
TS_NC_21d_058,EXP_TS_NC_21d,Split Tensile Strength,Normal Concrete,21,test
TS_NC_21d_059,EXP_TS_NC_21d,Split Tensile Strength,Normal Concrete,21,test
TS_NC_21d_060,EXP_TS_NC_21d,Split Tensile Strength,Normal Concrete,21,test
TS_NC_21d_061,EXP_TS_NC_21d,Split Tensile Strength,Normal Concrete,21,test
TS_NC_21d_062,EXP_TS_NC_21d,Split Tensile Strength,Normal Concrete,21,test
TS_NC_21d_063,EXP_TS_NC_21d,Split Tensile Strength,Normal Concrete,21,test
TS_NC_21d_064,EXP_TS_NC_21d,Split Tensile Strength,Normal Concrete,21,test
TS_NC_21d_065,EXP_TS_NC_21d,Split Tensile Strength,Normal Concrete,21,test
TS_NC_21d_066,EXP_TS_NC_21d,Split Tensile Strength,Normal Concrete,21,test
TS_NC_21d_067,EXP_TS_NC_21d,Split Tensile Strength,Normal Concrete,21,test
TS_NC_21d_068,EXP_TS_NC_21d,Split Tensile Strength,Normal Concrete,21,test
TS_NC_21d_069,EXP_TS_NC_21d,Split Tensile Strength,Normal Concrete,21,test
TS_NC_21d_070,EXP_TS_NC_21d,Split Tensile Strength,Normal Concrete,21,test
TS_NC_21d_071,EXP_TS_NC_21d,Split Tensile Strength,Normal Concrete,21,test
TS_NC_21d_072,EXP_TS_NC_21d,Split Tensile Strength,Normal Concrete,21,test
TS_NC_21d_073,EXP_TS_NC_21d,Split Tensile Strength,Normal Concrete,21,test
TS_NC_21d_074,EXP_TS_NC_21d,Split Tensile Strength,Normal Concrete,21,test
TS_NC_21d_075,EXP_TS_NC_21d,Split Tensile Strength,Normal Concrete,21,test
TS_NC_21d_076,EXP_TS_NC_21d,Split Tensile Strength,Normal Concrete,21,test
TS_NC_21d_077,EXP_TS_NC_21d,Split Tensile Strength,Normal Concrete,21,test
TS_NC_21d_078,EXP_TS_NC_21d,Split Tensile Strength,Normal Concrete,21,test
TS_NC_21d_079,EXP_TS_NC_21d,Split Tensile Strength,Normal Concrete,21,test
TS_NC_21d_080,EXP_TS_NC_21d,Split Tensile Strength,Normal Concrete,21,test
TS_NC_21d_081,EXP_TS_NC_21d,Split Tensile Strength,Normal Concrete,21,test
TS_NC_21d_082,EXP_TS_NC_21d,Split Tensile Strength,Normal Concrete,21,test
TS_NC_21d_083,EXP_TS_NC_21d,Split Tensile Strength,Normal Concrete,21,test
TS_NC_21d_084,EXP_TS_NC_21d,Split Tensile Strength,Normal Concrete,21,test
TS_NC_21d_085,EXP_TS_NC_21d,Split Tensile Strength,Normal Concrete,21,test
TS_NC_21d_086,EXP_TS_NC_21d,Split Tensile Strength,Normal Concrete,21,test
TS_NC_21d_087,EXP_TS_NC_21d,Split Tensile Strength,Normal Concrete,21,test
TS_NC_21d_088,EXP_TS_NC_21d,Split Tensile Strength,Normal Concrete,21,test
TS_NC_21d_089,EXP_TS_NC_21d,Split Tensile Strength,Normal Concrete,21,test
TS_NC_21d_090,EXP_TS_NC_21d,Split Tensile Strength,Normal Concrete,21,test
TS_NC_21d_091,EXP_TS_NC_21d,Split Tensile Strength,Normal Concrete,21,test
TS_NC_21d_092,EXP_TS_NC_21d,Split Tensile Strength,Normal Concrete,21,test
TS_NC_21d_093,EXP_TS_NC_21d,Split Tensile Strength,Normal Concrete,21,test
TS_NC_21d_094,EXP_TS_NC_21d,Split Tensile Strength,Normal Concrete,21,test
TS_NC_21d_095,EXP_TS_NC_21d,Split Tensile Strength,Normal Concrete,21,test
TS_NC_21d_096,EXP_TS_NC_21d,Split Tensile Strength,Normal Concrete,21,test
TS_NC_21d_097,EXP_TS_NC_21d,Split Tensile Strength,Normal Concrete,21,test
TS_NC_21d_098,EXP_TS_NC_21d,Split Tensile Strength,Normal Concrete,21,test
TS_NC_21d_099,EXP_TS_NC_21d,Split Tensile Strength,Normal Concrete,21,test
TS_NC_21d_100,EXP_TS_NC_21d,Split Tensile Strength,Normal Concrete,21,test
TS_NC_28d_001,EXP_TS_NC_28d,Split Tensile Strength,Normal Concrete,28,train
TS_NC_28d_002,EXP_TS_NC_28d,Split Tensile Strength,Normal Concrete,28,train
TS_NC_28d_003,EXP_TS_NC_28d,Split Tensile Strength,Normal Concrete,28,train
TS_NC_28d_004,EXP_TS_NC_28d,Split Tensile Strength,Normal Concrete,28,train
TS_NC_28d_005,EXP_TS_NC_28d,Split Tensile Strength,Normal Concrete,28,train
TS_NC_28d_006,EXP_TS_NC_28d,Split Tensile Strength,Normal Concrete,28,train
TS_NC_28d_007,EXP_TS_NC_28d,Split Tensile Strength,Normal Concrete,28,train
TS_NC_28d_008,EXP_TS_NC_28d,Split Tensile Strength,Normal Concrete,28,train
TS_NC_28d_009,EXP_TS_NC_28d,Split Tensile Strength,Normal Concrete,28,train
TS_NC_28d_010,EXP_TS_NC_28d,Split Tensile Strength,Normal Concrete,28,train
TS_NC_28d_011,EXP_TS_NC_28d,Split Tensile Strength,Normal Concrete,28,train
TS_NC_28d_012,EXP_TS_NC_28d,Split Tensile Strength,Normal Concrete,28,train
TS_NC_28d_013,EXP_TS_NC_28d,Split Tensile Strength,Normal Concrete,28,train
TS_NC_28d_014,EXP_TS_NC_28d,Split Tensile Strength,Normal Concrete,28,train
TS_NC_28d_015,EXP_TS_NC_28d,Split Tensile Strength,Normal Concrete,28,train
TS_NC_28d_016,EXP_TS_NC_28d,Split Tensile Strength,Normal Concrete,28,train
TS_NC_28d_017,EXP_TS_NC_28d,Split Tensile Strength,Normal Concrete,28,train
TS_NC_28d_018,EXP_TS_NC_28d,Split Tensile Strength,Normal Concrete,28,train
TS_NC_28d_019,EXP_TS_NC_28d,Split Tensile Strength,Normal Concrete,28,train
TS_NC_28d_020,EXP_TS_NC_28d,Split Tensile Strength,Normal Concrete,28,train
TS_NC_28d_021,EXP_TS_NC_28d,Split Tensile Strength,Normal Concrete,28,train
TS_NC_28d_022,EXP_TS_NC_28d,Split Tensile Strength,Normal Concrete,28,train
TS_NC_28d_023,EXP_TS_NC_28d,Split Tensile Strength,Normal Concrete,28,train
TS_NC_28d_024,EXP_TS_NC_28d,Split Tensile Strength,Normal Concrete,28,train
TS_NC_28d_025,EXP_TS_NC_28d,Split Tensile Strength,Normal Concrete,28,train
TS_NC_28d_026,EXP_TS_NC_28d,Split Tensile Strength,Normal Concrete,28,train
TS_NC_28d_027,EXP_TS_NC_28d,Split Tensile Strength,Normal Concrete,28,train
TS_NC_28d_028,EXP_TS_NC_28d,Split Tensile Strength,Normal Concrete,28,train
TS_NC_28d_029,EXP_TS_NC_28d,Split Tensile Strength,Normal Concrete,28,train
TS_NC_28d_030,EXP_TS_NC_28d,Split Tensile Strength,Normal Concrete,28,train
TS_NC_28d_031,EXP_TS_NC_28d,Split Tensile Strength,Normal Concrete,28,train
TS_NC_28d_032,EXP_TS_NC_28d,Split Tensile Strength,Normal Concrete,28,train
TS_NC_28d_033,EXP_TS_NC_28d,Split Tensile Strength,Normal Concrete,28,train
TS_NC_28d_034,EXP_TS_NC_28d,Split Tensile Strength,Normal Concrete,28,train
TS_NC_28d_035,EXP_TS_NC_28d,Split Tensile Strength,Normal Concrete,28,train
TS_NC_28d_036,EXP_TS_NC_28d,Split Tensile Strength,Normal Concrete,28,train
TS_NC_28d_037,EXP_TS_NC_28d,Split Tensile Strength,Normal Concrete,28,train
TS_NC_28d_038,EXP_TS_NC_28d,Split Tensile Strength,Normal Concrete,28,train
TS_NC_28d_039,EXP_TS_NC_28d,Split Tensile Strength,Normal Concrete,28,train
TS_NC_28d_040,EXP_TS_NC_28d,Split Tensile Strength,Normal Concrete,28,train
TS_NC_28d_041,EXP_TS_NC_28d,Split Tensile Strength,Normal Concrete,28,train
TS_NC_28d_042,EXP_TS_NC_28d,Split Tensile Strength,Normal Concrete,28,train
TS_NC_28d_043,EXP_TS_NC_28d,Split Tensile Strength,Normal Concrete,28,train
TS_NC_28d_044,EXP_TS_NC_28d,Split Tensile Strength,Normal Concrete,28,train
TS_NC_28d_045,EXP_TS_NC_28d,Split Tensile Strength,Normal Concrete,28,train
TS_NC_28d_046,EXP_TS_NC_28d,Split Tensile Strength,Normal Concrete,28,train
TS_NC_28d_047,EXP_TS_NC_28d,Split Tensile Strength,Normal Concrete,28,train
TS_NC_28d_048,EXP_TS_NC_28d,Split Tensile Strength,Normal Concrete,28,train
TS_NC_28d_049,EXP_TS_NC_28d,Split Tensile Strength,Normal Concrete,28,train
TS_NC_28d_050,EXP_TS_NC_28d,Split Tensile Strength,Normal Concrete,28,train
TS_NC_28d_051,EXP_TS_NC_28d,Split Tensile Strength,Normal Concrete,28,train
TS_NC_28d_052,EXP_TS_NC_28d,Split Tensile Strength,Normal Concrete,28,train
TS_NC_28d_053,EXP_TS_NC_28d,Split Tensile Strength,Normal Concrete,28,train
TS_NC_28d_054,EXP_TS_NC_28d,Split Tensile Strength,Normal Concrete,28,train
TS_NC_28d_055,EXP_TS_NC_28d,Split Tensile Strength,Normal Concrete,28,train
TS_NC_28d_056,EXP_TS_NC_28d,Split Tensile Strength,Normal Concrete,28,train
TS_NC_28d_057,EXP_TS_NC_28d,Split Tensile Strength,Normal Concrete,28,train
TS_NC_28d_058,EXP_TS_NC_28d,Split Tensile Strength,Normal Concrete,28,train
TS_NC_28d_059,EXP_TS_NC_28d,Split Tensile Strength,Normal Concrete,28,train
TS_NC_28d_060,EXP_TS_NC_28d,Split Tensile Strength,Normal Concrete,28,train
TS_NC_28d_061,EXP_TS_NC_28d,Split Tensile Strength,Normal Concrete,28,train
TS_NC_28d_062,EXP_TS_NC_28d,Split Tensile Strength,Normal Concrete,28,train
TS_NC_28d_063,EXP_TS_NC_28d,Split Tensile Strength,Normal Concrete,28,train
TS_NC_28d_064,EXP_TS_NC_28d,Split Tensile Strength,Normal Concrete,28,train
TS_NC_28d_065,EXP_TS_NC_28d,Split Tensile Strength,Normal Concrete,28,train
TS_NC_28d_066,EXP_TS_NC_28d,Split Tensile Strength,Normal Concrete,28,train
TS_NC_28d_067,EXP_TS_NC_28d,Split Tensile Strength,Normal Concrete,28,train
TS_NC_28d_068,EXP_TS_NC_28d,Split Tensile Strength,Normal Concrete,28,train
TS_NC_28d_069,EXP_TS_NC_28d,Split Tensile Strength,Normal Concrete,28,train
TS_NC_28d_070,EXP_TS_NC_28d,Split Tensile Strength,Normal Concrete,28,train
TS_NC_28d_071,EXP_TS_NC_28d,Split Tensile Strength,Normal Concrete,28,train
TS_NC_28d_072,EXP_TS_NC_28d,Split Tensile Strength,Normal Concrete,28,train
TS_NC_28d_073,EXP_TS_NC_28d,Split Tensile Strength,Normal Concrete,28,train
TS_NC_28d_074,EXP_TS_NC_28d,Split Tensile Strength,Normal Concrete,28,train
TS_NC_28d_075,EXP_TS_NC_28d,Split Tensile Strength,Normal Concrete,28,train
TS_NC_28d_076,EXP_TS_NC_28d,Split Tensile Strength,Normal Concrete,28,train
TS_NC_28d_077,EXP_TS_NC_28d,Split Tensile Strength,Normal Concrete,28,train
TS_NC_28d_078,EXP_TS_NC_28d,Split Tensile Strength,Normal Concrete,28,train
TS_NC_28d_079,EXP_TS_NC_28d,Split Tensile Strength,Normal Concrete,28,train
TS_NC_28d_080,EXP_TS_NC_28d,Split Tensile Strength,Normal Concrete,28,train
TS_NC_28d_081,EXP_TS_NC_28d,Split Tensile Strength,Normal Concrete,28,train
TS_NC_28d_082,EXP_TS_NC_28d,Split Tensile Strength,Normal Concrete,28,train
TS_NC_28d_083,EXP_TS_NC_28d,Split Tensile Strength,Normal Concrete,28,train
TS_NC_28d_084,EXP_TS_NC_28d,Split Tensile Strength,Normal Concrete,28,train
TS_NC_28d_085,EXP_TS_NC_28d,Split Tensile Strength,Normal Concrete,28,train
TS_NC_28d_086,EXP_TS_NC_28d,Split Tensile Strength,Normal Concrete,28,train
TS_NC_28d_087,EXP_TS_NC_28d,Split Tensile Strength,Normal Concrete,28,train
TS_NC_28d_088,EXP_TS_NC_28d,Split Tensile Strength,Normal Concrete,28,train
TS_NC_28d_089,EXP_TS_NC_28d,Split Tensile Strength,Normal Concrete,28,train
TS_NC_28d_090,EXP_TS_NC_28d,Split Tensile Strength,Normal Concrete,28,train
TS_NC_28d_091,EXP_TS_NC_28d,Split Tensile Strength,Normal Concrete,28,train
TS_NC_28d_092,EXP_TS_NC_28d,Split Tensile Strength,Normal Concrete,28,train
TS_NC_28d_093,EXP_TS_NC_28d,Split Tensile Strength,Normal Concrete,28,train
TS_NC_28d_094,EXP_TS_NC_28d,Split Tensile Strength,Normal Concrete,28,train
TS_NC_28d_095,EXP_TS_NC_28d,Split Tensile Strength,Normal Concrete,28,train
TS_NC_28d_096,EXP_TS_NC_28d,Split Tensile Strength,Normal Concrete,28,train
TS_NC_28d_097,EXP_TS_NC_28d,Split Tensile Strength,Normal Concrete,28,train
TS_NC_28d_098,EXP_TS_NC_28d,Split Tensile Strength,Normal Concrete,28,train
TS_NC_28d_099,EXP_TS_NC_28d,Split Tensile Strength,Normal Concrete,28,train
TS_NC_28d_100,EXP_TS_NC_28d,Split Tensile Strength,Normal Concrete,28,train
TS_NC_56d_001,EXP_TS_NC_56d,Split Tensile Strength,Normal Concrete,56,train
TS_NC_56d_002,EXP_TS_NC_56d,Split Tensile Strength,Normal Concrete,56,train
TS_NC_56d_003,EXP_TS_NC_56d,Split Tensile Strength,Normal Concrete,56,train
TS_NC_56d_004,EXP_TS_NC_56d,Split Tensile Strength,Normal Concrete,56,train
TS_NC_56d_005,EXP_TS_NC_56d,Split Tensile Strength,Normal Concrete,56,train
TS_NC_56d_006,EXP_TS_NC_56d,Split Tensile Strength,Normal Concrete,56,train
TS_NC_56d_007,EXP_TS_NC_56d,Split Tensile Strength,Normal Concrete,56,train
TS_NC_56d_008,EXP_TS_NC_56d,Split Tensile Strength,Normal Concrete,56,train
TS_NC_56d_009,EXP_TS_NC_56d,Split Tensile Strength,Normal Concrete,56,train
TS_NC_56d_010,EXP_TS_NC_56d,Split Tensile Strength,Normal Concrete,56,train
TS_NC_56d_011,EXP_TS_NC_56d,Split Tensile Strength,Normal Concrete,56,train
TS_NC_56d_012,EXP_TS_NC_56d,Split Tensile Strength,Normal Concrete,56,train
TS_NC_56d_013,EXP_TS_NC_56d,Split Tensile Strength,Normal Concrete,56,train
TS_NC_56d_014,EXP_TS_NC_56d,Split Tensile Strength,Normal Concrete,56,train
TS_NC_56d_015,EXP_TS_NC_56d,Split Tensile Strength,Normal Concrete,56,train
TS_NC_56d_016,EXP_TS_NC_56d,Split Tensile Strength,Normal Concrete,56,train
TS_NC_56d_017,EXP_TS_NC_56d,Split Tensile Strength,Normal Concrete,56,train
TS_NC_56d_018,EXP_TS_NC_56d,Split Tensile Strength,Normal Concrete,56,train
TS_NC_56d_019,EXP_TS_NC_56d,Split Tensile Strength,Normal Concrete,56,train
TS_NC_56d_020,EXP_TS_NC_56d,Split Tensile Strength,Normal Concrete,56,train
TS_NC_56d_021,EXP_TS_NC_56d,Split Tensile Strength,Normal Concrete,56,train
TS_NC_56d_022,EXP_TS_NC_56d,Split Tensile Strength,Normal Concrete,56,train
TS_NC_56d_023,EXP_TS_NC_56d,Split Tensile Strength,Normal Concrete,56,train
TS_NC_56d_024,EXP_TS_NC_56d,Split Tensile Strength,Normal Concrete,56,train
TS_NC_56d_025,EXP_TS_NC_56d,Split Tensile Strength,Normal Concrete,56,train
TS_NC_56d_026,EXP_TS_NC_56d,Split Tensile Strength,Normal Concrete,56,train
TS_NC_56d_027,EXP_TS_NC_56d,Split Tensile Strength,Normal Concrete,56,train
TS_NC_56d_028,EXP_TS_NC_56d,Split Tensile Strength,Normal Concrete,56,train
TS_NC_56d_029,EXP_TS_NC_56d,Split Tensile Strength,Normal Concrete,56,train
TS_NC_56d_030,EXP_TS_NC_56d,Split Tensile Strength,Normal Concrete,56,train
TS_NC_56d_031,EXP_TS_NC_56d,Split Tensile Strength,Normal Concrete,56,train
TS_NC_56d_032,EXP_TS_NC_56d,Split Tensile Strength,Normal Concrete,56,train
TS_NC_56d_033,EXP_TS_NC_56d,Split Tensile Strength,Normal Concrete,56,train
TS_NC_56d_034,EXP_TS_NC_56d,Split Tensile Strength,Normal Concrete,56,train
TS_NC_56d_035,EXP_TS_NC_56d,Split Tensile Strength,Normal Concrete,56,train
TS_NC_56d_036,EXP_TS_NC_56d,Split Tensile Strength,Normal Concrete,56,train
TS_NC_56d_037,EXP_TS_NC_56d,Split Tensile Strength,Normal Concrete,56,train
TS_NC_56d_038,EXP_TS_NC_56d,Split Tensile Strength,Normal Concrete,56,train
TS_NC_56d_039,EXP_TS_NC_56d,Split Tensile Strength,Normal Concrete,56,train
TS_NC_56d_040,EXP_TS_NC_56d,Split Tensile Strength,Normal Concrete,56,train
TS_NC_56d_041,EXP_TS_NC_56d,Split Tensile Strength,Normal Concrete,56,train
TS_NC_56d_042,EXP_TS_NC_56d,Split Tensile Strength,Normal Concrete,56,train
TS_NC_56d_043,EXP_TS_NC_56d,Split Tensile Strength,Normal Concrete,56,train
TS_NC_56d_044,EXP_TS_NC_56d,Split Tensile Strength,Normal Concrete,56,train
TS_NC_56d_045,EXP_TS_NC_56d,Split Tensile Strength,Normal Concrete,56,train
TS_NC_56d_046,EXP_TS_NC_56d,Split Tensile Strength,Normal Concrete,56,train
TS_NC_56d_047,EXP_TS_NC_56d,Split Tensile Strength,Normal Concrete,56,train
TS_NC_56d_048,EXP_TS_NC_56d,Split Tensile Strength,Normal Concrete,56,train
TS_NC_56d_049,EXP_TS_NC_56d,Split Tensile Strength,Normal Concrete,56,train
TS_NC_56d_050,EXP_TS_NC_56d,Split Tensile Strength,Normal Concrete,56,train
TS_NC_56d_051,EXP_TS_NC_56d,Split Tensile Strength,Normal Concrete,56,train
TS_NC_56d_052,EXP_TS_NC_56d,Split Tensile Strength,Normal Concrete,56,train
TS_NC_56d_053,EXP_TS_NC_56d,Split Tensile Strength,Normal Concrete,56,train
TS_NC_56d_054,EXP_TS_NC_56d,Split Tensile Strength,Normal Concrete,56,train
TS_NC_56d_055,EXP_TS_NC_56d,Split Tensile Strength,Normal Concrete,56,train
TS_NC_56d_056,EXP_TS_NC_56d,Split Tensile Strength,Normal Concrete,56,train
TS_NC_56d_057,EXP_TS_NC_56d,Split Tensile Strength,Normal Concrete,56,train
TS_NC_56d_058,EXP_TS_NC_56d,Split Tensile Strength,Normal Concrete,56,train
TS_NC_56d_059,EXP_TS_NC_56d,Split Tensile Strength,Normal Concrete,56,train
TS_NC_56d_060,EXP_TS_NC_56d,Split Tensile Strength,Normal Concrete,56,train
TS_NC_56d_061,EXP_TS_NC_56d,Split Tensile Strength,Normal Concrete,56,train
TS_NC_56d_062,EXP_TS_NC_56d,Split Tensile Strength,Normal Concrete,56,train
TS_NC_56d_063,EXP_TS_NC_56d,Split Tensile Strength,Normal Concrete,56,train
TS_NC_56d_064,EXP_TS_NC_56d,Split Tensile Strength,Normal Concrete,56,train
TS_NC_56d_065,EXP_TS_NC_56d,Split Tensile Strength,Normal Concrete,56,train
TS_NC_56d_066,EXP_TS_NC_56d,Split Tensile Strength,Normal Concrete,56,train
TS_NC_56d_067,EXP_TS_NC_56d,Split Tensile Strength,Normal Concrete,56,train
TS_NC_56d_068,EXP_TS_NC_56d,Split Tensile Strength,Normal Concrete,56,train
TS_NC_56d_069,EXP_TS_NC_56d,Split Tensile Strength,Normal Concrete,56,train
TS_NC_56d_070,EXP_TS_NC_56d,Split Tensile Strength,Normal Concrete,56,train
TS_NC_56d_071,EXP_TS_NC_56d,Split Tensile Strength,Normal Concrete,56,train
TS_NC_56d_072,EXP_TS_NC_56d,Split Tensile Strength,Normal Concrete,56,train
TS_NC_56d_073,EXP_TS_NC_56d,Split Tensile Strength,Normal Concrete,56,train
TS_NC_56d_074,EXP_TS_NC_56d,Split Tensile Strength,Normal Concrete,56,train
TS_NC_56d_075,EXP_TS_NC_56d,Split Tensile Strength,Normal Concrete,56,train
TS_NC_56d_076,EXP_TS_NC_56d,Split Tensile Strength,Normal Concrete,56,train
TS_NC_56d_077,EXP_TS_NC_56d,Split Tensile Strength,Normal Concrete,56,train
TS_NC_56d_078,EXP_TS_NC_56d,Split Tensile Strength,Normal Concrete,56,train
TS_NC_56d_079,EXP_TS_NC_56d,Split Tensile Strength,Normal Concrete,56,train
TS_NC_56d_080,EXP_TS_NC_56d,Split Tensile Strength,Normal Concrete,56,train
TS_NC_56d_081,EXP_TS_NC_56d,Split Tensile Strength,Normal Concrete,56,train
TS_NC_56d_082,EXP_TS_NC_56d,Split Tensile Strength,Normal Concrete,56,train
TS_NC_56d_083,EXP_TS_NC_56d,Split Tensile Strength,Normal Concrete,56,train
TS_NC_56d_084,EXP_TS_NC_56d,Split Tensile Strength,Normal Concrete,56,train
TS_NC_56d_085,EXP_TS_NC_56d,Split Tensile Strength,Normal Concrete,56,train
TS_NC_56d_086,EXP_TS_NC_56d,Split Tensile Strength,Normal Concrete,56,train
TS_NC_56d_087,EXP_TS_NC_56d,Split Tensile Strength,Normal Concrete,56,train
TS_NC_56d_088,EXP_TS_NC_56d,Split Tensile Strength,Normal Concrete,56,train
TS_NC_56d_089,EXP_TS_NC_56d,Split Tensile Strength,Normal Concrete,56,train
TS_NC_56d_090,EXP_TS_NC_56d,Split Tensile Strength,Normal Concrete,56,train
TS_NC_56d_091,EXP_TS_NC_56d,Split Tensile Strength,Normal Concrete,56,train
TS_NC_56d_092,EXP_TS_NC_56d,Split Tensile Strength,Normal Concrete,56,train
TS_NC_56d_093,EXP_TS_NC_56d,Split Tensile Strength,Normal Concrete,56,train
TS_NC_56d_094,EXP_TS_NC_56d,Split Tensile Strength,Normal Concrete,56,train
TS_NC_56d_095,EXP_TS_NC_56d,Split Tensile Strength,Normal Concrete,56,train
TS_NC_56d_096,EXP_TS_NC_56d,Split Tensile Strength,Normal Concrete,56,train
TS_NC_56d_097,EXP_TS_NC_56d,Split Tensile Strength,Normal Concrete,56,train
TS_NC_56d_098,EXP_TS_NC_56d,Split Tensile Strength,Normal Concrete,56,train
TS_NC_56d_099,EXP_TS_NC_56d,Split Tensile Strength,Normal Concrete,56,train
TS_NC_56d_100,EXP_TS_NC_56d,Split Tensile Strength,Normal Concrete,56,train
TS_NC_90d_001,EXP_TS_NC_90d,Split Tensile Strength,Normal Concrete,90,train
TS_NC_90d_002,EXP_TS_NC_90d,Split Tensile Strength,Normal Concrete,90,train
TS_NC_90d_003,EXP_TS_NC_90d,Split Tensile Strength,Normal Concrete,90,train
TS_NC_90d_004,EXP_TS_NC_90d,Split Tensile Strength,Normal Concrete,90,train
TS_NC_90d_005,EXP_TS_NC_90d,Split Tensile Strength,Normal Concrete,90,train
TS_NC_90d_006,EXP_TS_NC_90d,Split Tensile Strength,Normal Concrete,90,train
TS_NC_90d_007,EXP_TS_NC_90d,Split Tensile Strength,Normal Concrete,90,train
TS_NC_90d_008,EXP_TS_NC_90d,Split Tensile Strength,Normal Concrete,90,train
TS_NC_90d_009,EXP_TS_NC_90d,Split Tensile Strength,Normal Concrete,90,train
TS_NC_90d_010,EXP_TS_NC_90d,Split Tensile Strength,Normal Concrete,90,train
TS_NC_90d_011,EXP_TS_NC_90d,Split Tensile Strength,Normal Concrete,90,train
TS_NC_90d_012,EXP_TS_NC_90d,Split Tensile Strength,Normal Concrete,90,train
TS_NC_90d_013,EXP_TS_NC_90d,Split Tensile Strength,Normal Concrete,90,train
TS_NC_90d_014,EXP_TS_NC_90d,Split Tensile Strength,Normal Concrete,90,train
TS_NC_90d_015,EXP_TS_NC_90d,Split Tensile Strength,Normal Concrete,90,train
TS_NC_90d_016,EXP_TS_NC_90d,Split Tensile Strength,Normal Concrete,90,train
TS_NC_90d_017,EXP_TS_NC_90d,Split Tensile Strength,Normal Concrete,90,train
TS_NC_90d_018,EXP_TS_NC_90d,Split Tensile Strength,Normal Concrete,90,train
TS_NC_90d_019,EXP_TS_NC_90d,Split Tensile Strength,Normal Concrete,90,train
TS_NC_90d_020,EXP_TS_NC_90d,Split Tensile Strength,Normal Concrete,90,train
TS_NC_90d_021,EXP_TS_NC_90d,Split Tensile Strength,Normal Concrete,90,train
TS_NC_90d_022,EXP_TS_NC_90d,Split Tensile Strength,Normal Concrete,90,train
TS_NC_90d_023,EXP_TS_NC_90d,Split Tensile Strength,Normal Concrete,90,train
TS_NC_90d_024,EXP_TS_NC_90d,Split Tensile Strength,Normal Concrete,90,train
TS_NC_90d_025,EXP_TS_NC_90d,Split Tensile Strength,Normal Concrete,90,train
TS_NC_90d_026,EXP_TS_NC_90d,Split Tensile Strength,Normal Concrete,90,train
TS_NC_90d_027,EXP_TS_NC_90d,Split Tensile Strength,Normal Concrete,90,train
TS_NC_90d_028,EXP_TS_NC_90d,Split Tensile Strength,Normal Concrete,90,train
TS_NC_90d_029,EXP_TS_NC_90d,Split Tensile Strength,Normal Concrete,90,train
TS_NC_90d_030,EXP_TS_NC_90d,Split Tensile Strength,Normal Concrete,90,train
TS_NC_90d_031,EXP_TS_NC_90d,Split Tensile Strength,Normal Concrete,90,train
TS_NC_90d_032,EXP_TS_NC_90d,Split Tensile Strength,Normal Concrete,90,train
TS_NC_90d_033,EXP_TS_NC_90d,Split Tensile Strength,Normal Concrete,90,train
TS_NC_90d_034,EXP_TS_NC_90d,Split Tensile Strength,Normal Concrete,90,train
TS_NC_90d_035,EXP_TS_NC_90d,Split Tensile Strength,Normal Concrete,90,train
TS_NC_90d_036,EXP_TS_NC_90d,Split Tensile Strength,Normal Concrete,90,train
TS_NC_90d_037,EXP_TS_NC_90d,Split Tensile Strength,Normal Concrete,90,train
TS_NC_90d_038,EXP_TS_NC_90d,Split Tensile Strength,Normal Concrete,90,train
TS_NC_90d_039,EXP_TS_NC_90d,Split Tensile Strength,Normal Concrete,90,train
TS_NC_90d_040,EXP_TS_NC_90d,Split Tensile Strength,Normal Concrete,90,train
TS_NC_90d_041,EXP_TS_NC_90d,Split Tensile Strength,Normal Concrete,90,train
TS_NC_90d_042,EXP_TS_NC_90d,Split Tensile Strength,Normal Concrete,90,train
TS_NC_90d_043,EXP_TS_NC_90d,Split Tensile Strength,Normal Concrete,90,train
TS_NC_90d_044,EXP_TS_NC_90d,Split Tensile Strength,Normal Concrete,90,train
TS_NC_90d_045,EXP_TS_NC_90d,Split Tensile Strength,Normal Concrete,90,train
TS_NC_90d_046,EXP_TS_NC_90d,Split Tensile Strength,Normal Concrete,90,train
TS_NC_90d_047,EXP_TS_NC_90d,Split Tensile Strength,Normal Concrete,90,train
TS_NC_90d_048,EXP_TS_NC_90d,Split Tensile Strength,Normal Concrete,90,train
TS_NC_90d_049,EXP_TS_NC_90d,Split Tensile Strength,Normal Concrete,90,train
TS_NC_90d_050,EXP_TS_NC_90d,Split Tensile Strength,Normal Concrete,90,train
TS_NC_90d_051,EXP_TS_NC_90d,Split Tensile Strength,Normal Concrete,90,train
TS_NC_90d_052,EXP_TS_NC_90d,Split Tensile Strength,Normal Concrete,90,train
TS_NC_90d_053,EXP_TS_NC_90d,Split Tensile Strength,Normal Concrete,90,train
TS_NC_90d_054,EXP_TS_NC_90d,Split Tensile Strength,Normal Concrete,90,train
TS_NC_90d_055,EXP_TS_NC_90d,Split Tensile Strength,Normal Concrete,90,train
TS_NC_90d_056,EXP_TS_NC_90d,Split Tensile Strength,Normal Concrete,90,train
TS_NC_90d_057,EXP_TS_NC_90d,Split Tensile Strength,Normal Concrete,90,train
TS_NC_90d_058,EXP_TS_NC_90d,Split Tensile Strength,Normal Concrete,90,train
TS_NC_90d_059,EXP_TS_NC_90d,Split Tensile Strength,Normal Concrete,90,train
TS_NC_90d_060,EXP_TS_NC_90d,Split Tensile Strength,Normal Concrete,90,train
TS_NC_90d_061,EXP_TS_NC_90d,Split Tensile Strength,Normal Concrete,90,train
TS_NC_90d_062,EXP_TS_NC_90d,Split Tensile Strength,Normal Concrete,90,train
TS_NC_90d_063,EXP_TS_NC_90d,Split Tensile Strength,Normal Concrete,90,train
TS_NC_90d_064,EXP_TS_NC_90d,Split Tensile Strength,Normal Concrete,90,train
TS_NC_90d_065,EXP_TS_NC_90d,Split Tensile Strength,Normal Concrete,90,train
TS_NC_90d_066,EXP_TS_NC_90d,Split Tensile Strength,Normal Concrete,90,train
TS_NC_90d_067,EXP_TS_NC_90d,Split Tensile Strength,Normal Concrete,90,train
TS_NC_90d_068,EXP_TS_NC_90d,Split Tensile Strength,Normal Concrete,90,train
TS_NC_90d_069,EXP_TS_NC_90d,Split Tensile Strength,Normal Concrete,90,train
TS_NC_90d_070,EXP_TS_NC_90d,Split Tensile Strength,Normal Concrete,90,train
TS_NC_90d_071,EXP_TS_NC_90d,Split Tensile Strength,Normal Concrete,90,train
TS_NC_90d_072,EXP_TS_NC_90d,Split Tensile Strength,Normal Concrete,90,train
TS_NC_90d_073,EXP_TS_NC_90d,Split Tensile Strength,Normal Concrete,90,train
TS_NC_90d_074,EXP_TS_NC_90d,Split Tensile Strength,Normal Concrete,90,train
TS_NC_90d_075,EXP_TS_NC_90d,Split Tensile Strength,Normal Concrete,90,train
TS_NC_90d_076,EXP_TS_NC_90d,Split Tensile Strength,Normal Concrete,90,train
TS_NC_90d_077,EXP_TS_NC_90d,Split Tensile Strength,Normal Concrete,90,train
TS_NC_90d_078,EXP_TS_NC_90d,Split Tensile Strength,Normal Concrete,90,train
TS_NC_90d_079,EXP_TS_NC_90d,Split Tensile Strength,Normal Concrete,90,train
TS_NC_90d_080,EXP_TS_NC_90d,Split Tensile Strength,Normal Concrete,90,train
TS_NC_90d_081,EXP_TS_NC_90d,Split Tensile Strength,Normal Concrete,90,train
TS_NC_90d_082,EXP_TS_NC_90d,Split Tensile Strength,Normal Concrete,90,train
TS_NC_90d_083,EXP_TS_NC_90d,Split Tensile Strength,Normal Concrete,90,train
TS_NC_90d_084,EXP_TS_NC_90d,Split Tensile Strength,Normal Concrete,90,train
TS_NC_90d_085,EXP_TS_NC_90d,Split Tensile Strength,Normal Concrete,90,train
TS_NC_90d_086,EXP_TS_NC_90d,Split Tensile Strength,Normal Concrete,90,train
TS_NC_90d_087,EXP_TS_NC_90d,Split Tensile Strength,Normal Concrete,90,train
TS_NC_90d_088,EXP_TS_NC_90d,Split Tensile Strength,Normal Concrete,90,train
TS_NC_90d_089,EXP_TS_NC_90d,Split Tensile Strength,Normal Concrete,90,train
TS_NC_90d_090,EXP_TS_NC_90d,Split Tensile Strength,Normal Concrete,90,train
TS_NC_90d_091,EXP_TS_NC_90d,Split Tensile Strength,Normal Concrete,90,train
TS_NC_90d_092,EXP_TS_NC_90d,Split Tensile Strength,Normal Concrete,90,train
TS_NC_90d_093,EXP_TS_NC_90d,Split Tensile Strength,Normal Concrete,90,train
TS_NC_90d_094,EXP_TS_NC_90d,Split Tensile Strength,Normal Concrete,90,train
TS_NC_90d_095,EXP_TS_NC_90d,Split Tensile Strength,Normal Concrete,90,train
TS_NC_90d_096,EXP_TS_NC_90d,Split Tensile Strength,Normal Concrete,90,train
TS_NC_90d_097,EXP_TS_NC_90d,Split Tensile Strength,Normal Concrete,90,train
TS_NC_90d_098,EXP_TS_NC_90d,Split Tensile Strength,Normal Concrete,90,train
TS_NC_90d_099,EXP_TS_NC_90d,Split Tensile Strength,Normal Concrete,90,train
TS_NC_90d_100,EXP_TS_NC_90d,Split Tensile Strength,Normal Concrete,90,train
TS_BC_07d_001,EXP_TS_BC_07d,Split Tensile Strength,Bacterial Concrete,7,train
TS_BC_07d_002,EXP_TS_BC_07d,Split Tensile Strength,Bacterial Concrete,7,train
TS_BC_07d_003,EXP_TS_BC_07d,Split Tensile Strength,Bacterial Concrete,7,train
TS_BC_07d_004,EXP_TS_BC_07d,Split Tensile Strength,Bacterial Concrete,7,train
TS_BC_07d_005,EXP_TS_BC_07d,Split Tensile Strength,Bacterial Concrete,7,train
TS_BC_07d_006,EXP_TS_BC_07d,Split Tensile Strength,Bacterial Concrete,7,train
TS_BC_07d_007,EXP_TS_BC_07d,Split Tensile Strength,Bacterial Concrete,7,train
TS_BC_07d_008,EXP_TS_BC_07d,Split Tensile Strength,Bacterial Concrete,7,train
TS_BC_07d_009,EXP_TS_BC_07d,Split Tensile Strength,Bacterial Concrete,7,train
TS_BC_07d_010,EXP_TS_BC_07d,Split Tensile Strength,Bacterial Concrete,7,train
TS_BC_07d_011,EXP_TS_BC_07d,Split Tensile Strength,Bacterial Concrete,7,train
TS_BC_07d_012,EXP_TS_BC_07d,Split Tensile Strength,Bacterial Concrete,7,train
TS_BC_07d_013,EXP_TS_BC_07d,Split Tensile Strength,Bacterial Concrete,7,train
TS_BC_07d_014,EXP_TS_BC_07d,Split Tensile Strength,Bacterial Concrete,7,train
TS_BC_07d_015,EXP_TS_BC_07d,Split Tensile Strength,Bacterial Concrete,7,train
TS_BC_07d_016,EXP_TS_BC_07d,Split Tensile Strength,Bacterial Concrete,7,train
TS_BC_07d_017,EXP_TS_BC_07d,Split Tensile Strength,Bacterial Concrete,7,train
TS_BC_07d_018,EXP_TS_BC_07d,Split Tensile Strength,Bacterial Concrete,7,train
TS_BC_07d_019,EXP_TS_BC_07d,Split Tensile Strength,Bacterial Concrete,7,train
TS_BC_07d_020,EXP_TS_BC_07d,Split Tensile Strength,Bacterial Concrete,7,train
TS_BC_07d_021,EXP_TS_BC_07d,Split Tensile Strength,Bacterial Concrete,7,train
TS_BC_07d_022,EXP_TS_BC_07d,Split Tensile Strength,Bacterial Concrete,7,train
TS_BC_07d_023,EXP_TS_BC_07d,Split Tensile Strength,Bacterial Concrete,7,train
TS_BC_07d_024,EXP_TS_BC_07d,Split Tensile Strength,Bacterial Concrete,7,train
TS_BC_07d_025,EXP_TS_BC_07d,Split Tensile Strength,Bacterial Concrete,7,train
TS_BC_07d_026,EXP_TS_BC_07d,Split Tensile Strength,Bacterial Concrete,7,train
TS_BC_07d_027,EXP_TS_BC_07d,Split Tensile Strength,Bacterial Concrete,7,train
TS_BC_07d_028,EXP_TS_BC_07d,Split Tensile Strength,Bacterial Concrete,7,train
TS_BC_07d_029,EXP_TS_BC_07d,Split Tensile Strength,Bacterial Concrete,7,train
TS_BC_07d_030,EXP_TS_BC_07d,Split Tensile Strength,Bacterial Concrete,7,train
TS_BC_07d_031,EXP_TS_BC_07d,Split Tensile Strength,Bacterial Concrete,7,train
TS_BC_07d_032,EXP_TS_BC_07d,Split Tensile Strength,Bacterial Concrete,7,train
TS_BC_07d_033,EXP_TS_BC_07d,Split Tensile Strength,Bacterial Concrete,7,train
TS_BC_07d_034,EXP_TS_BC_07d,Split Tensile Strength,Bacterial Concrete,7,train
TS_BC_07d_035,EXP_TS_BC_07d,Split Tensile Strength,Bacterial Concrete,7,train
TS_BC_07d_036,EXP_TS_BC_07d,Split Tensile Strength,Bacterial Concrete,7,train
TS_BC_07d_037,EXP_TS_BC_07d,Split Tensile Strength,Bacterial Concrete,7,train
TS_BC_07d_038,EXP_TS_BC_07d,Split Tensile Strength,Bacterial Concrete,7,train
TS_BC_07d_039,EXP_TS_BC_07d,Split Tensile Strength,Bacterial Concrete,7,train
TS_BC_07d_040,EXP_TS_BC_07d,Split Tensile Strength,Bacterial Concrete,7,train
TS_BC_07d_041,EXP_TS_BC_07d,Split Tensile Strength,Bacterial Concrete,7,train
TS_BC_07d_042,EXP_TS_BC_07d,Split Tensile Strength,Bacterial Concrete,7,train
TS_BC_07d_043,EXP_TS_BC_07d,Split Tensile Strength,Bacterial Concrete,7,train
TS_BC_07d_044,EXP_TS_BC_07d,Split Tensile Strength,Bacterial Concrete,7,train
TS_BC_07d_045,EXP_TS_BC_07d,Split Tensile Strength,Bacterial Concrete,7,train
TS_BC_07d_046,EXP_TS_BC_07d,Split Tensile Strength,Bacterial Concrete,7,train
TS_BC_07d_047,EXP_TS_BC_07d,Split Tensile Strength,Bacterial Concrete,7,train
TS_BC_07d_048,EXP_TS_BC_07d,Split Tensile Strength,Bacterial Concrete,7,train
TS_BC_07d_049,EXP_TS_BC_07d,Split Tensile Strength,Bacterial Concrete,7,train
TS_BC_07d_050,EXP_TS_BC_07d,Split Tensile Strength,Bacterial Concrete,7,train
TS_BC_07d_051,EXP_TS_BC_07d,Split Tensile Strength,Bacterial Concrete,7,train
TS_BC_07d_052,EXP_TS_BC_07d,Split Tensile Strength,Bacterial Concrete,7,train
TS_BC_07d_053,EXP_TS_BC_07d,Split Tensile Strength,Bacterial Concrete,7,train
TS_BC_07d_054,EXP_TS_BC_07d,Split Tensile Strength,Bacterial Concrete,7,train
TS_BC_07d_055,EXP_TS_BC_07d,Split Tensile Strength,Bacterial Concrete,7,train
TS_BC_07d_056,EXP_TS_BC_07d,Split Tensile Strength,Bacterial Concrete,7,train
TS_BC_07d_057,EXP_TS_BC_07d,Split Tensile Strength,Bacterial Concrete,7,train
TS_BC_07d_058,EXP_TS_BC_07d,Split Tensile Strength,Bacterial Concrete,7,train
TS_BC_07d_059,EXP_TS_BC_07d,Split Tensile Strength,Bacterial Concrete,7,train
TS_BC_07d_060,EXP_TS_BC_07d,Split Tensile Strength,Bacterial Concrete,7,train
TS_BC_07d_061,EXP_TS_BC_07d,Split Tensile Strength,Bacterial Concrete,7,train
TS_BC_07d_062,EXP_TS_BC_07d,Split Tensile Strength,Bacterial Concrete,7,train
TS_BC_07d_063,EXP_TS_BC_07d,Split Tensile Strength,Bacterial Concrete,7,train
TS_BC_07d_064,EXP_TS_BC_07d,Split Tensile Strength,Bacterial Concrete,7,train
TS_BC_07d_065,EXP_TS_BC_07d,Split Tensile Strength,Bacterial Concrete,7,train
TS_BC_07d_066,EXP_TS_BC_07d,Split Tensile Strength,Bacterial Concrete,7,train
TS_BC_07d_067,EXP_TS_BC_07d,Split Tensile Strength,Bacterial Concrete,7,train
TS_BC_07d_068,EXP_TS_BC_07d,Split Tensile Strength,Bacterial Concrete,7,train
TS_BC_07d_069,EXP_TS_BC_07d,Split Tensile Strength,Bacterial Concrete,7,train
TS_BC_07d_070,EXP_TS_BC_07d,Split Tensile Strength,Bacterial Concrete,7,train
TS_BC_07d_071,EXP_TS_BC_07d,Split Tensile Strength,Bacterial Concrete,7,train
TS_BC_07d_072,EXP_TS_BC_07d,Split Tensile Strength,Bacterial Concrete,7,train
TS_BC_07d_073,EXP_TS_BC_07d,Split Tensile Strength,Bacterial Concrete,7,train
TS_BC_07d_074,EXP_TS_BC_07d,Split Tensile Strength,Bacterial Concrete,7,train
TS_BC_07d_075,EXP_TS_BC_07d,Split Tensile Strength,Bacterial Concrete,7,train
TS_BC_07d_076,EXP_TS_BC_07d,Split Tensile Strength,Bacterial Concrete,7,train
TS_BC_07d_077,EXP_TS_BC_07d,Split Tensile Strength,Bacterial Concrete,7,train
TS_BC_07d_078,EXP_TS_BC_07d,Split Tensile Strength,Bacterial Concrete,7,train
TS_BC_07d_079,EXP_TS_BC_07d,Split Tensile Strength,Bacterial Concrete,7,train
TS_BC_07d_080,EXP_TS_BC_07d,Split Tensile Strength,Bacterial Concrete,7,train
TS_BC_07d_081,EXP_TS_BC_07d,Split Tensile Strength,Bacterial Concrete,7,train
TS_BC_07d_082,EXP_TS_BC_07d,Split Tensile Strength,Bacterial Concrete,7,train
TS_BC_07d_083,EXP_TS_BC_07d,Split Tensile Strength,Bacterial Concrete,7,train
TS_BC_07d_084,EXP_TS_BC_07d,Split Tensile Strength,Bacterial Concrete,7,train
TS_BC_07d_085,EXP_TS_BC_07d,Split Tensile Strength,Bacterial Concrete,7,train
TS_BC_07d_086,EXP_TS_BC_07d,Split Tensile Strength,Bacterial Concrete,7,train
TS_BC_07d_087,EXP_TS_BC_07d,Split Tensile Strength,Bacterial Concrete,7,train
TS_BC_07d_088,EXP_TS_BC_07d,Split Tensile Strength,Bacterial Concrete,7,train
TS_BC_07d_089,EXP_TS_BC_07d,Split Tensile Strength,Bacterial Concrete,7,train
TS_BC_07d_090,EXP_TS_BC_07d,Split Tensile Strength,Bacterial Concrete,7,train
TS_BC_07d_091,EXP_TS_BC_07d,Split Tensile Strength,Bacterial Concrete,7,train
TS_BC_07d_092,EXP_TS_BC_07d,Split Tensile Strength,Bacterial Concrete,7,train
TS_BC_07d_093,EXP_TS_BC_07d,Split Tensile Strength,Bacterial Concrete,7,train
TS_BC_07d_094,EXP_TS_BC_07d,Split Tensile Strength,Bacterial Concrete,7,train
TS_BC_07d_095,EXP_TS_BC_07d,Split Tensile Strength,Bacterial Concrete,7,train
TS_BC_07d_096,EXP_TS_BC_07d,Split Tensile Strength,Bacterial Concrete,7,train
TS_BC_07d_097,EXP_TS_BC_07d,Split Tensile Strength,Bacterial Concrete,7,train
TS_BC_07d_098,EXP_TS_BC_07d,Split Tensile Strength,Bacterial Concrete,7,train
TS_BC_07d_099,EXP_TS_BC_07d,Split Tensile Strength,Bacterial Concrete,7,train
TS_BC_07d_100,EXP_TS_BC_07d,Split Tensile Strength,Bacterial Concrete,7,train
TS_BC_14d_001,EXP_TS_BC_14d,Split Tensile Strength,Bacterial Concrete,14,train
TS_BC_14d_002,EXP_TS_BC_14d,Split Tensile Strength,Bacterial Concrete,14,train
TS_BC_14d_003,EXP_TS_BC_14d,Split Tensile Strength,Bacterial Concrete,14,train
TS_BC_14d_004,EXP_TS_BC_14d,Split Tensile Strength,Bacterial Concrete,14,train
TS_BC_14d_005,EXP_TS_BC_14d,Split Tensile Strength,Bacterial Concrete,14,train
TS_BC_14d_006,EXP_TS_BC_14d,Split Tensile Strength,Bacterial Concrete,14,train
TS_BC_14d_007,EXP_TS_BC_14d,Split Tensile Strength,Bacterial Concrete,14,train
TS_BC_14d_008,EXP_TS_BC_14d,Split Tensile Strength,Bacterial Concrete,14,train
TS_BC_14d_009,EXP_TS_BC_14d,Split Tensile Strength,Bacterial Concrete,14,train
TS_BC_14d_010,EXP_TS_BC_14d,Split Tensile Strength,Bacterial Concrete,14,train
TS_BC_14d_011,EXP_TS_BC_14d,Split Tensile Strength,Bacterial Concrete,14,train
TS_BC_14d_012,EXP_TS_BC_14d,Split Tensile Strength,Bacterial Concrete,14,train
TS_BC_14d_013,EXP_TS_BC_14d,Split Tensile Strength,Bacterial Concrete,14,train
TS_BC_14d_014,EXP_TS_BC_14d,Split Tensile Strength,Bacterial Concrete,14,train
TS_BC_14d_015,EXP_TS_BC_14d,Split Tensile Strength,Bacterial Concrete,14,train
TS_BC_14d_016,EXP_TS_BC_14d,Split Tensile Strength,Bacterial Concrete,14,train
TS_BC_14d_017,EXP_TS_BC_14d,Split Tensile Strength,Bacterial Concrete,14,train
TS_BC_14d_018,EXP_TS_BC_14d,Split Tensile Strength,Bacterial Concrete,14,train
TS_BC_14d_019,EXP_TS_BC_14d,Split Tensile Strength,Bacterial Concrete,14,train
TS_BC_14d_020,EXP_TS_BC_14d,Split Tensile Strength,Bacterial Concrete,14,train
TS_BC_14d_021,EXP_TS_BC_14d,Split Tensile Strength,Bacterial Concrete,14,train
TS_BC_14d_022,EXP_TS_BC_14d,Split Tensile Strength,Bacterial Concrete,14,train
TS_BC_14d_023,EXP_TS_BC_14d,Split Tensile Strength,Bacterial Concrete,14,train
TS_BC_14d_024,EXP_TS_BC_14d,Split Tensile Strength,Bacterial Concrete,14,train
TS_BC_14d_025,EXP_TS_BC_14d,Split Tensile Strength,Bacterial Concrete,14,train
TS_BC_14d_026,EXP_TS_BC_14d,Split Tensile Strength,Bacterial Concrete,14,train
TS_BC_14d_027,EXP_TS_BC_14d,Split Tensile Strength,Bacterial Concrete,14,train
TS_BC_14d_028,EXP_TS_BC_14d,Split Tensile Strength,Bacterial Concrete,14,train
TS_BC_14d_029,EXP_TS_BC_14d,Split Tensile Strength,Bacterial Concrete,14,train
TS_BC_14d_030,EXP_TS_BC_14d,Split Tensile Strength,Bacterial Concrete,14,train
TS_BC_14d_031,EXP_TS_BC_14d,Split Tensile Strength,Bacterial Concrete,14,train
TS_BC_14d_032,EXP_TS_BC_14d,Split Tensile Strength,Bacterial Concrete,14,train
TS_BC_14d_033,EXP_TS_BC_14d,Split Tensile Strength,Bacterial Concrete,14,train
TS_BC_14d_034,EXP_TS_BC_14d,Split Tensile Strength,Bacterial Concrete,14,train
TS_BC_14d_035,EXP_TS_BC_14d,Split Tensile Strength,Bacterial Concrete,14,train
TS_BC_14d_036,EXP_TS_BC_14d,Split Tensile Strength,Bacterial Concrete,14,train
TS_BC_14d_037,EXP_TS_BC_14d,Split Tensile Strength,Bacterial Concrete,14,train
TS_BC_14d_038,EXP_TS_BC_14d,Split Tensile Strength,Bacterial Concrete,14,train
TS_BC_14d_039,EXP_TS_BC_14d,Split Tensile Strength,Bacterial Concrete,14,train
TS_BC_14d_040,EXP_TS_BC_14d,Split Tensile Strength,Bacterial Concrete,14,train
TS_BC_14d_041,EXP_TS_BC_14d,Split Tensile Strength,Bacterial Concrete,14,train
TS_BC_14d_042,EXP_TS_BC_14d,Split Tensile Strength,Bacterial Concrete,14,train
TS_BC_14d_043,EXP_TS_BC_14d,Split Tensile Strength,Bacterial Concrete,14,train
TS_BC_14d_044,EXP_TS_BC_14d,Split Tensile Strength,Bacterial Concrete,14,train
TS_BC_14d_045,EXP_TS_BC_14d,Split Tensile Strength,Bacterial Concrete,14,train
TS_BC_14d_046,EXP_TS_BC_14d,Split Tensile Strength,Bacterial Concrete,14,train
TS_BC_14d_047,EXP_TS_BC_14d,Split Tensile Strength,Bacterial Concrete,14,train
TS_BC_14d_048,EXP_TS_BC_14d,Split Tensile Strength,Bacterial Concrete,14,train
TS_BC_14d_049,EXP_TS_BC_14d,Split Tensile Strength,Bacterial Concrete,14,train
TS_BC_14d_050,EXP_TS_BC_14d,Split Tensile Strength,Bacterial Concrete,14,train
TS_BC_14d_051,EXP_TS_BC_14d,Split Tensile Strength,Bacterial Concrete,14,train
TS_BC_14d_052,EXP_TS_BC_14d,Split Tensile Strength,Bacterial Concrete,14,train
TS_BC_14d_053,EXP_TS_BC_14d,Split Tensile Strength,Bacterial Concrete,14,train
TS_BC_14d_054,EXP_TS_BC_14d,Split Tensile Strength,Bacterial Concrete,14,train
TS_BC_14d_055,EXP_TS_BC_14d,Split Tensile Strength,Bacterial Concrete,14,train
TS_BC_14d_056,EXP_TS_BC_14d,Split Tensile Strength,Bacterial Concrete,14,train
TS_BC_14d_057,EXP_TS_BC_14d,Split Tensile Strength,Bacterial Concrete,14,train
TS_BC_14d_058,EXP_TS_BC_14d,Split Tensile Strength,Bacterial Concrete,14,train
TS_BC_14d_059,EXP_TS_BC_14d,Split Tensile Strength,Bacterial Concrete,14,train
TS_BC_14d_060,EXP_TS_BC_14d,Split Tensile Strength,Bacterial Concrete,14,train
TS_BC_14d_061,EXP_TS_BC_14d,Split Tensile Strength,Bacterial Concrete,14,train
TS_BC_14d_062,EXP_TS_BC_14d,Split Tensile Strength,Bacterial Concrete,14,train
TS_BC_14d_063,EXP_TS_BC_14d,Split Tensile Strength,Bacterial Concrete,14,train
TS_BC_14d_064,EXP_TS_BC_14d,Split Tensile Strength,Bacterial Concrete,14,train
TS_BC_14d_065,EXP_TS_BC_14d,Split Tensile Strength,Bacterial Concrete,14,train
TS_BC_14d_066,EXP_TS_BC_14d,Split Tensile Strength,Bacterial Concrete,14,train
TS_BC_14d_067,EXP_TS_BC_14d,Split Tensile Strength,Bacterial Concrete,14,train
TS_BC_14d_068,EXP_TS_BC_14d,Split Tensile Strength,Bacterial Concrete,14,train
TS_BC_14d_069,EXP_TS_BC_14d,Split Tensile Strength,Bacterial Concrete,14,train
TS_BC_14d_070,EXP_TS_BC_14d,Split Tensile Strength,Bacterial Concrete,14,train
TS_BC_14d_071,EXP_TS_BC_14d,Split Tensile Strength,Bacterial Concrete,14,train
TS_BC_14d_072,EXP_TS_BC_14d,Split Tensile Strength,Bacterial Concrete,14,train
TS_BC_14d_073,EXP_TS_BC_14d,Split Tensile Strength,Bacterial Concrete,14,train
TS_BC_14d_074,EXP_TS_BC_14d,Split Tensile Strength,Bacterial Concrete,14,train
TS_BC_14d_075,EXP_TS_BC_14d,Split Tensile Strength,Bacterial Concrete,14,train
TS_BC_14d_076,EXP_TS_BC_14d,Split Tensile Strength,Bacterial Concrete,14,train
TS_BC_14d_077,EXP_TS_BC_14d,Split Tensile Strength,Bacterial Concrete,14,train
TS_BC_14d_078,EXP_TS_BC_14d,Split Tensile Strength,Bacterial Concrete,14,train
TS_BC_14d_079,EXP_TS_BC_14d,Split Tensile Strength,Bacterial Concrete,14,train
TS_BC_14d_080,EXP_TS_BC_14d,Split Tensile Strength,Bacterial Concrete,14,train
TS_BC_14d_081,EXP_TS_BC_14d,Split Tensile Strength,Bacterial Concrete,14,train
TS_BC_14d_082,EXP_TS_BC_14d,Split Tensile Strength,Bacterial Concrete,14,train
TS_BC_14d_083,EXP_TS_BC_14d,Split Tensile Strength,Bacterial Concrete,14,train
TS_BC_14d_084,EXP_TS_BC_14d,Split Tensile Strength,Bacterial Concrete,14,train
TS_BC_14d_085,EXP_TS_BC_14d,Split Tensile Strength,Bacterial Concrete,14,train
TS_BC_14d_086,EXP_TS_BC_14d,Split Tensile Strength,Bacterial Concrete,14,train
TS_BC_14d_087,EXP_TS_BC_14d,Split Tensile Strength,Bacterial Concrete,14,train
TS_BC_14d_088,EXP_TS_BC_14d,Split Tensile Strength,Bacterial Concrete,14,train
TS_BC_14d_089,EXP_TS_BC_14d,Split Tensile Strength,Bacterial Concrete,14,train
TS_BC_14d_090,EXP_TS_BC_14d,Split Tensile Strength,Bacterial Concrete,14,train
TS_BC_14d_091,EXP_TS_BC_14d,Split Tensile Strength,Bacterial Concrete,14,train
TS_BC_14d_092,EXP_TS_BC_14d,Split Tensile Strength,Bacterial Concrete,14,train
TS_BC_14d_093,EXP_TS_BC_14d,Split Tensile Strength,Bacterial Concrete,14,train
TS_BC_14d_094,EXP_TS_BC_14d,Split Tensile Strength,Bacterial Concrete,14,train
TS_BC_14d_095,EXP_TS_BC_14d,Split Tensile Strength,Bacterial Concrete,14,train
TS_BC_14d_096,EXP_TS_BC_14d,Split Tensile Strength,Bacterial Concrete,14,train
TS_BC_14d_097,EXP_TS_BC_14d,Split Tensile Strength,Bacterial Concrete,14,train
TS_BC_14d_098,EXP_TS_BC_14d,Split Tensile Strength,Bacterial Concrete,14,train
TS_BC_14d_099,EXP_TS_BC_14d,Split Tensile Strength,Bacterial Concrete,14,train
TS_BC_14d_100,EXP_TS_BC_14d,Split Tensile Strength,Bacterial Concrete,14,train
TS_BC_21d_001,EXP_TS_BC_21d,Split Tensile Strength,Bacterial Concrete,21,train
TS_BC_21d_002,EXP_TS_BC_21d,Split Tensile Strength,Bacterial Concrete,21,train
TS_BC_21d_003,EXP_TS_BC_21d,Split Tensile Strength,Bacterial Concrete,21,train
TS_BC_21d_004,EXP_TS_BC_21d,Split Tensile Strength,Bacterial Concrete,21,train
TS_BC_21d_005,EXP_TS_BC_21d,Split Tensile Strength,Bacterial Concrete,21,train
TS_BC_21d_006,EXP_TS_BC_21d,Split Tensile Strength,Bacterial Concrete,21,train
TS_BC_21d_007,EXP_TS_BC_21d,Split Tensile Strength,Bacterial Concrete,21,train
TS_BC_21d_008,EXP_TS_BC_21d,Split Tensile Strength,Bacterial Concrete,21,train
TS_BC_21d_009,EXP_TS_BC_21d,Split Tensile Strength,Bacterial Concrete,21,train
TS_BC_21d_010,EXP_TS_BC_21d,Split Tensile Strength,Bacterial Concrete,21,train
TS_BC_21d_011,EXP_TS_BC_21d,Split Tensile Strength,Bacterial Concrete,21,train
TS_BC_21d_012,EXP_TS_BC_21d,Split Tensile Strength,Bacterial Concrete,21,train
TS_BC_21d_013,EXP_TS_BC_21d,Split Tensile Strength,Bacterial Concrete,21,train
TS_BC_21d_014,EXP_TS_BC_21d,Split Tensile Strength,Bacterial Concrete,21,train
TS_BC_21d_015,EXP_TS_BC_21d,Split Tensile Strength,Bacterial Concrete,21,train
TS_BC_21d_016,EXP_TS_BC_21d,Split Tensile Strength,Bacterial Concrete,21,train
TS_BC_21d_017,EXP_TS_BC_21d,Split Tensile Strength,Bacterial Concrete,21,train
TS_BC_21d_018,EXP_TS_BC_21d,Split Tensile Strength,Bacterial Concrete,21,train
TS_BC_21d_019,EXP_TS_BC_21d,Split Tensile Strength,Bacterial Concrete,21,train
TS_BC_21d_020,EXP_TS_BC_21d,Split Tensile Strength,Bacterial Concrete,21,train
TS_BC_21d_021,EXP_TS_BC_21d,Split Tensile Strength,Bacterial Concrete,21,train
TS_BC_21d_022,EXP_TS_BC_21d,Split Tensile Strength,Bacterial Concrete,21,train
TS_BC_21d_023,EXP_TS_BC_21d,Split Tensile Strength,Bacterial Concrete,21,train
TS_BC_21d_024,EXP_TS_BC_21d,Split Tensile Strength,Bacterial Concrete,21,train
TS_BC_21d_025,EXP_TS_BC_21d,Split Tensile Strength,Bacterial Concrete,21,train
TS_BC_21d_026,EXP_TS_BC_21d,Split Tensile Strength,Bacterial Concrete,21,train
TS_BC_21d_027,EXP_TS_BC_21d,Split Tensile Strength,Bacterial Concrete,21,train
TS_BC_21d_028,EXP_TS_BC_21d,Split Tensile Strength,Bacterial Concrete,21,train
TS_BC_21d_029,EXP_TS_BC_21d,Split Tensile Strength,Bacterial Concrete,21,train
TS_BC_21d_030,EXP_TS_BC_21d,Split Tensile Strength,Bacterial Concrete,21,train
TS_BC_21d_031,EXP_TS_BC_21d,Split Tensile Strength,Bacterial Concrete,21,train
TS_BC_21d_032,EXP_TS_BC_21d,Split Tensile Strength,Bacterial Concrete,21,train
TS_BC_21d_033,EXP_TS_BC_21d,Split Tensile Strength,Bacterial Concrete,21,train
TS_BC_21d_034,EXP_TS_BC_21d,Split Tensile Strength,Bacterial Concrete,21,train
TS_BC_21d_035,EXP_TS_BC_21d,Split Tensile Strength,Bacterial Concrete,21,train
TS_BC_21d_036,EXP_TS_BC_21d,Split Tensile Strength,Bacterial Concrete,21,train
TS_BC_21d_037,EXP_TS_BC_21d,Split Tensile Strength,Bacterial Concrete,21,train
TS_BC_21d_038,EXP_TS_BC_21d,Split Tensile Strength,Bacterial Concrete,21,train
TS_BC_21d_039,EXP_TS_BC_21d,Split Tensile Strength,Bacterial Concrete,21,train
TS_BC_21d_040,EXP_TS_BC_21d,Split Tensile Strength,Bacterial Concrete,21,train
TS_BC_21d_041,EXP_TS_BC_21d,Split Tensile Strength,Bacterial Concrete,21,train
TS_BC_21d_042,EXP_TS_BC_21d,Split Tensile Strength,Bacterial Concrete,21,train
TS_BC_21d_043,EXP_TS_BC_21d,Split Tensile Strength,Bacterial Concrete,21,train
TS_BC_21d_044,EXP_TS_BC_21d,Split Tensile Strength,Bacterial Concrete,21,train
TS_BC_21d_045,EXP_TS_BC_21d,Split Tensile Strength,Bacterial Concrete,21,train
TS_BC_21d_046,EXP_TS_BC_21d,Split Tensile Strength,Bacterial Concrete,21,train
TS_BC_21d_047,EXP_TS_BC_21d,Split Tensile Strength,Bacterial Concrete,21,train
TS_BC_21d_048,EXP_TS_BC_21d,Split Tensile Strength,Bacterial Concrete,21,train
TS_BC_21d_049,EXP_TS_BC_21d,Split Tensile Strength,Bacterial Concrete,21,train
TS_BC_21d_050,EXP_TS_BC_21d,Split Tensile Strength,Bacterial Concrete,21,train
TS_BC_21d_051,EXP_TS_BC_21d,Split Tensile Strength,Bacterial Concrete,21,train
TS_BC_21d_052,EXP_TS_BC_21d,Split Tensile Strength,Bacterial Concrete,21,train
TS_BC_21d_053,EXP_TS_BC_21d,Split Tensile Strength,Bacterial Concrete,21,train
TS_BC_21d_054,EXP_TS_BC_21d,Split Tensile Strength,Bacterial Concrete,21,train
TS_BC_21d_055,EXP_TS_BC_21d,Split Tensile Strength,Bacterial Concrete,21,train
TS_BC_21d_056,EXP_TS_BC_21d,Split Tensile Strength,Bacterial Concrete,21,train
TS_BC_21d_057,EXP_TS_BC_21d,Split Tensile Strength,Bacterial Concrete,21,train
TS_BC_21d_058,EXP_TS_BC_21d,Split Tensile Strength,Bacterial Concrete,21,train
TS_BC_21d_059,EXP_TS_BC_21d,Split Tensile Strength,Bacterial Concrete,21,train
TS_BC_21d_060,EXP_TS_BC_21d,Split Tensile Strength,Bacterial Concrete,21,train
TS_BC_21d_061,EXP_TS_BC_21d,Split Tensile Strength,Bacterial Concrete,21,train
TS_BC_21d_062,EXP_TS_BC_21d,Split Tensile Strength,Bacterial Concrete,21,train
TS_BC_21d_063,EXP_TS_BC_21d,Split Tensile Strength,Bacterial Concrete,21,train
TS_BC_21d_064,EXP_TS_BC_21d,Split Tensile Strength,Bacterial Concrete,21,train
TS_BC_21d_065,EXP_TS_BC_21d,Split Tensile Strength,Bacterial Concrete,21,train
TS_BC_21d_066,EXP_TS_BC_21d,Split Tensile Strength,Bacterial Concrete,21,train
TS_BC_21d_067,EXP_TS_BC_21d,Split Tensile Strength,Bacterial Concrete,21,train
TS_BC_21d_068,EXP_TS_BC_21d,Split Tensile Strength,Bacterial Concrete,21,train
TS_BC_21d_069,EXP_TS_BC_21d,Split Tensile Strength,Bacterial Concrete,21,train
TS_BC_21d_070,EXP_TS_BC_21d,Split Tensile Strength,Bacterial Concrete,21,train
TS_BC_21d_071,EXP_TS_BC_21d,Split Tensile Strength,Bacterial Concrete,21,train
TS_BC_21d_072,EXP_TS_BC_21d,Split Tensile Strength,Bacterial Concrete,21,train
TS_BC_21d_073,EXP_TS_BC_21d,Split Tensile Strength,Bacterial Concrete,21,train
TS_BC_21d_074,EXP_TS_BC_21d,Split Tensile Strength,Bacterial Concrete,21,train
TS_BC_21d_075,EXP_TS_BC_21d,Split Tensile Strength,Bacterial Concrete,21,train
TS_BC_21d_076,EXP_TS_BC_21d,Split Tensile Strength,Bacterial Concrete,21,train
TS_BC_21d_077,EXP_TS_BC_21d,Split Tensile Strength,Bacterial Concrete,21,train
TS_BC_21d_078,EXP_TS_BC_21d,Split Tensile Strength,Bacterial Concrete,21,train
TS_BC_21d_079,EXP_TS_BC_21d,Split Tensile Strength,Bacterial Concrete,21,train
TS_BC_21d_080,EXP_TS_BC_21d,Split Tensile Strength,Bacterial Concrete,21,train
TS_BC_21d_081,EXP_TS_BC_21d,Split Tensile Strength,Bacterial Concrete,21,train
TS_BC_21d_082,EXP_TS_BC_21d,Split Tensile Strength,Bacterial Concrete,21,train
TS_BC_21d_083,EXP_TS_BC_21d,Split Tensile Strength,Bacterial Concrete,21,train
TS_BC_21d_084,EXP_TS_BC_21d,Split Tensile Strength,Bacterial Concrete,21,train
TS_BC_21d_085,EXP_TS_BC_21d,Split Tensile Strength,Bacterial Concrete,21,train
TS_BC_21d_086,EXP_TS_BC_21d,Split Tensile Strength,Bacterial Concrete,21,train
TS_BC_21d_087,EXP_TS_BC_21d,Split Tensile Strength,Bacterial Concrete,21,train
TS_BC_21d_088,EXP_TS_BC_21d,Split Tensile Strength,Bacterial Concrete,21,train
TS_BC_21d_089,EXP_TS_BC_21d,Split Tensile Strength,Bacterial Concrete,21,train
TS_BC_21d_090,EXP_TS_BC_21d,Split Tensile Strength,Bacterial Concrete,21,train
TS_BC_21d_091,EXP_TS_BC_21d,Split Tensile Strength,Bacterial Concrete,21,train
TS_BC_21d_092,EXP_TS_BC_21d,Split Tensile Strength,Bacterial Concrete,21,train
TS_BC_21d_093,EXP_TS_BC_21d,Split Tensile Strength,Bacterial Concrete,21,train
TS_BC_21d_094,EXP_TS_BC_21d,Split Tensile Strength,Bacterial Concrete,21,train
TS_BC_21d_095,EXP_TS_BC_21d,Split Tensile Strength,Bacterial Concrete,21,train
TS_BC_21d_096,EXP_TS_BC_21d,Split Tensile Strength,Bacterial Concrete,21,train
TS_BC_21d_097,EXP_TS_BC_21d,Split Tensile Strength,Bacterial Concrete,21,train
TS_BC_21d_098,EXP_TS_BC_21d,Split Tensile Strength,Bacterial Concrete,21,train
TS_BC_21d_099,EXP_TS_BC_21d,Split Tensile Strength,Bacterial Concrete,21,train
TS_BC_21d_100,EXP_TS_BC_21d,Split Tensile Strength,Bacterial Concrete,21,train
TS_BC_28d_001,EXP_TS_BC_28d,Split Tensile Strength,Bacterial Concrete,28,train
TS_BC_28d_002,EXP_TS_BC_28d,Split Tensile Strength,Bacterial Concrete,28,train
TS_BC_28d_003,EXP_TS_BC_28d,Split Tensile Strength,Bacterial Concrete,28,train
TS_BC_28d_004,EXP_TS_BC_28d,Split Tensile Strength,Bacterial Concrete,28,train
TS_BC_28d_005,EXP_TS_BC_28d,Split Tensile Strength,Bacterial Concrete,28,train
TS_BC_28d_006,EXP_TS_BC_28d,Split Tensile Strength,Bacterial Concrete,28,train
TS_BC_28d_007,EXP_TS_BC_28d,Split Tensile Strength,Bacterial Concrete,28,train
TS_BC_28d_008,EXP_TS_BC_28d,Split Tensile Strength,Bacterial Concrete,28,train
TS_BC_28d_009,EXP_TS_BC_28d,Split Tensile Strength,Bacterial Concrete,28,train
TS_BC_28d_010,EXP_TS_BC_28d,Split Tensile Strength,Bacterial Concrete,28,train
TS_BC_28d_011,EXP_TS_BC_28d,Split Tensile Strength,Bacterial Concrete,28,train
TS_BC_28d_012,EXP_TS_BC_28d,Split Tensile Strength,Bacterial Concrete,28,train
TS_BC_28d_013,EXP_TS_BC_28d,Split Tensile Strength,Bacterial Concrete,28,train
TS_BC_28d_014,EXP_TS_BC_28d,Split Tensile Strength,Bacterial Concrete,28,train
TS_BC_28d_015,EXP_TS_BC_28d,Split Tensile Strength,Bacterial Concrete,28,train
TS_BC_28d_016,EXP_TS_BC_28d,Split Tensile Strength,Bacterial Concrete,28,train
TS_BC_28d_017,EXP_TS_BC_28d,Split Tensile Strength,Bacterial Concrete,28,train
TS_BC_28d_018,EXP_TS_BC_28d,Split Tensile Strength,Bacterial Concrete,28,train
TS_BC_28d_019,EXP_TS_BC_28d,Split Tensile Strength,Bacterial Concrete,28,train
TS_BC_28d_020,EXP_TS_BC_28d,Split Tensile Strength,Bacterial Concrete,28,train
TS_BC_28d_021,EXP_TS_BC_28d,Split Tensile Strength,Bacterial Concrete,28,train
TS_BC_28d_022,EXP_TS_BC_28d,Split Tensile Strength,Bacterial Concrete,28,train
TS_BC_28d_023,EXP_TS_BC_28d,Split Tensile Strength,Bacterial Concrete,28,train
TS_BC_28d_024,EXP_TS_BC_28d,Split Tensile Strength,Bacterial Concrete,28,train
TS_BC_28d_025,EXP_TS_BC_28d,Split Tensile Strength,Bacterial Concrete,28,train
TS_BC_28d_026,EXP_TS_BC_28d,Split Tensile Strength,Bacterial Concrete,28,train
TS_BC_28d_027,EXP_TS_BC_28d,Split Tensile Strength,Bacterial Concrete,28,train
TS_BC_28d_028,EXP_TS_BC_28d,Split Tensile Strength,Bacterial Concrete,28,train
TS_BC_28d_029,EXP_TS_BC_28d,Split Tensile Strength,Bacterial Concrete,28,train
TS_BC_28d_030,EXP_TS_BC_28d,Split Tensile Strength,Bacterial Concrete,28,train
TS_BC_28d_031,EXP_TS_BC_28d,Split Tensile Strength,Bacterial Concrete,28,train
TS_BC_28d_032,EXP_TS_BC_28d,Split Tensile Strength,Bacterial Concrete,28,train
TS_BC_28d_033,EXP_TS_BC_28d,Split Tensile Strength,Bacterial Concrete,28,train
TS_BC_28d_034,EXP_TS_BC_28d,Split Tensile Strength,Bacterial Concrete,28,train
TS_BC_28d_035,EXP_TS_BC_28d,Split Tensile Strength,Bacterial Concrete,28,train
TS_BC_28d_036,EXP_TS_BC_28d,Split Tensile Strength,Bacterial Concrete,28,train
TS_BC_28d_037,EXP_TS_BC_28d,Split Tensile Strength,Bacterial Concrete,28,train
TS_BC_28d_038,EXP_TS_BC_28d,Split Tensile Strength,Bacterial Concrete,28,train
TS_BC_28d_039,EXP_TS_BC_28d,Split Tensile Strength,Bacterial Concrete,28,train
TS_BC_28d_040,EXP_TS_BC_28d,Split Tensile Strength,Bacterial Concrete,28,train
TS_BC_28d_041,EXP_TS_BC_28d,Split Tensile Strength,Bacterial Concrete,28,train
TS_BC_28d_042,EXP_TS_BC_28d,Split Tensile Strength,Bacterial Concrete,28,train
TS_BC_28d_043,EXP_TS_BC_28d,Split Tensile Strength,Bacterial Concrete,28,train
TS_BC_28d_044,EXP_TS_BC_28d,Split Tensile Strength,Bacterial Concrete,28,train
TS_BC_28d_045,EXP_TS_BC_28d,Split Tensile Strength,Bacterial Concrete,28,train
TS_BC_28d_046,EXP_TS_BC_28d,Split Tensile Strength,Bacterial Concrete,28,train
TS_BC_28d_047,EXP_TS_BC_28d,Split Tensile Strength,Bacterial Concrete,28,train
TS_BC_28d_048,EXP_TS_BC_28d,Split Tensile Strength,Bacterial Concrete,28,train
TS_BC_28d_049,EXP_TS_BC_28d,Split Tensile Strength,Bacterial Concrete,28,train
TS_BC_28d_050,EXP_TS_BC_28d,Split Tensile Strength,Bacterial Concrete,28,train
TS_BC_28d_051,EXP_TS_BC_28d,Split Tensile Strength,Bacterial Concrete,28,train
TS_BC_28d_052,EXP_TS_BC_28d,Split Tensile Strength,Bacterial Concrete,28,train
TS_BC_28d_053,EXP_TS_BC_28d,Split Tensile Strength,Bacterial Concrete,28,train
TS_BC_28d_054,EXP_TS_BC_28d,Split Tensile Strength,Bacterial Concrete,28,train
TS_BC_28d_055,EXP_TS_BC_28d,Split Tensile Strength,Bacterial Concrete,28,train
TS_BC_28d_056,EXP_TS_BC_28d,Split Tensile Strength,Bacterial Concrete,28,train
TS_BC_28d_057,EXP_TS_BC_28d,Split Tensile Strength,Bacterial Concrete,28,train
TS_BC_28d_058,EXP_TS_BC_28d,Split Tensile Strength,Bacterial Concrete,28,train
TS_BC_28d_059,EXP_TS_BC_28d,Split Tensile Strength,Bacterial Concrete,28,train
TS_BC_28d_060,EXP_TS_BC_28d,Split Tensile Strength,Bacterial Concrete,28,train
TS_BC_28d_061,EXP_TS_BC_28d,Split Tensile Strength,Bacterial Concrete,28,train
TS_BC_28d_062,EXP_TS_BC_28d,Split Tensile Strength,Bacterial Concrete,28,train
TS_BC_28d_063,EXP_TS_BC_28d,Split Tensile Strength,Bacterial Concrete,28,train
TS_BC_28d_064,EXP_TS_BC_28d,Split Tensile Strength,Bacterial Concrete,28,train
TS_BC_28d_065,EXP_TS_BC_28d,Split Tensile Strength,Bacterial Concrete,28,train
TS_BC_28d_066,EXP_TS_BC_28d,Split Tensile Strength,Bacterial Concrete,28,train
TS_BC_28d_067,EXP_TS_BC_28d,Split Tensile Strength,Bacterial Concrete,28,train
TS_BC_28d_068,EXP_TS_BC_28d,Split Tensile Strength,Bacterial Concrete,28,train
TS_BC_28d_069,EXP_TS_BC_28d,Split Tensile Strength,Bacterial Concrete,28,train
TS_BC_28d_070,EXP_TS_BC_28d,Split Tensile Strength,Bacterial Concrete,28,train
TS_BC_28d_071,EXP_TS_BC_28d,Split Tensile Strength,Bacterial Concrete,28,train
TS_BC_28d_072,EXP_TS_BC_28d,Split Tensile Strength,Bacterial Concrete,28,train
TS_BC_28d_073,EXP_TS_BC_28d,Split Tensile Strength,Bacterial Concrete,28,train
TS_BC_28d_074,EXP_TS_BC_28d,Split Tensile Strength,Bacterial Concrete,28,train
TS_BC_28d_075,EXP_TS_BC_28d,Split Tensile Strength,Bacterial Concrete,28,train
TS_BC_28d_076,EXP_TS_BC_28d,Split Tensile Strength,Bacterial Concrete,28,train
TS_BC_28d_077,EXP_TS_BC_28d,Split Tensile Strength,Bacterial Concrete,28,train
TS_BC_28d_078,EXP_TS_BC_28d,Split Tensile Strength,Bacterial Concrete,28,train
TS_BC_28d_079,EXP_TS_BC_28d,Split Tensile Strength,Bacterial Concrete,28,train
TS_BC_28d_080,EXP_TS_BC_28d,Split Tensile Strength,Bacterial Concrete,28,train
TS_BC_28d_081,EXP_TS_BC_28d,Split Tensile Strength,Bacterial Concrete,28,train
TS_BC_28d_082,EXP_TS_BC_28d,Split Tensile Strength,Bacterial Concrete,28,train
TS_BC_28d_083,EXP_TS_BC_28d,Split Tensile Strength,Bacterial Concrete,28,train
TS_BC_28d_084,EXP_TS_BC_28d,Split Tensile Strength,Bacterial Concrete,28,train
TS_BC_28d_085,EXP_TS_BC_28d,Split Tensile Strength,Bacterial Concrete,28,train
TS_BC_28d_086,EXP_TS_BC_28d,Split Tensile Strength,Bacterial Concrete,28,train
TS_BC_28d_087,EXP_TS_BC_28d,Split Tensile Strength,Bacterial Concrete,28,train
TS_BC_28d_088,EXP_TS_BC_28d,Split Tensile Strength,Bacterial Concrete,28,train
TS_BC_28d_089,EXP_TS_BC_28d,Split Tensile Strength,Bacterial Concrete,28,train
TS_BC_28d_090,EXP_TS_BC_28d,Split Tensile Strength,Bacterial Concrete,28,train
TS_BC_28d_091,EXP_TS_BC_28d,Split Tensile Strength,Bacterial Concrete,28,train
TS_BC_28d_092,EXP_TS_BC_28d,Split Tensile Strength,Bacterial Concrete,28,train
TS_BC_28d_093,EXP_TS_BC_28d,Split Tensile Strength,Bacterial Concrete,28,train
TS_BC_28d_094,EXP_TS_BC_28d,Split Tensile Strength,Bacterial Concrete,28,train
TS_BC_28d_095,EXP_TS_BC_28d,Split Tensile Strength,Bacterial Concrete,28,train
TS_BC_28d_096,EXP_TS_BC_28d,Split Tensile Strength,Bacterial Concrete,28,train
TS_BC_28d_097,EXP_TS_BC_28d,Split Tensile Strength,Bacterial Concrete,28,train
TS_BC_28d_098,EXP_TS_BC_28d,Split Tensile Strength,Bacterial Concrete,28,train
TS_BC_28d_099,EXP_TS_BC_28d,Split Tensile Strength,Bacterial Concrete,28,train
TS_BC_28d_100,EXP_TS_BC_28d,Split Tensile Strength,Bacterial Concrete,28,train
TS_BC_56d_001,EXP_TS_BC_56d,Split Tensile Strength,Bacterial Concrete,56,train
TS_BC_56d_002,EXP_TS_BC_56d,Split Tensile Strength,Bacterial Concrete,56,train
TS_BC_56d_003,EXP_TS_BC_56d,Split Tensile Strength,Bacterial Concrete,56,train
TS_BC_56d_004,EXP_TS_BC_56d,Split Tensile Strength,Bacterial Concrete,56,train
TS_BC_56d_005,EXP_TS_BC_56d,Split Tensile Strength,Bacterial Concrete,56,train
TS_BC_56d_006,EXP_TS_BC_56d,Split Tensile Strength,Bacterial Concrete,56,train
TS_BC_56d_007,EXP_TS_BC_56d,Split Tensile Strength,Bacterial Concrete,56,train
TS_BC_56d_008,EXP_TS_BC_56d,Split Tensile Strength,Bacterial Concrete,56,train
TS_BC_56d_009,EXP_TS_BC_56d,Split Tensile Strength,Bacterial Concrete,56,train
TS_BC_56d_010,EXP_TS_BC_56d,Split Tensile Strength,Bacterial Concrete,56,train
TS_BC_56d_011,EXP_TS_BC_56d,Split Tensile Strength,Bacterial Concrete,56,train
TS_BC_56d_012,EXP_TS_BC_56d,Split Tensile Strength,Bacterial Concrete,56,train
TS_BC_56d_013,EXP_TS_BC_56d,Split Tensile Strength,Bacterial Concrete,56,train
TS_BC_56d_014,EXP_TS_BC_56d,Split Tensile Strength,Bacterial Concrete,56,train
TS_BC_56d_015,EXP_TS_BC_56d,Split Tensile Strength,Bacterial Concrete,56,train
TS_BC_56d_016,EXP_TS_BC_56d,Split Tensile Strength,Bacterial Concrete,56,train
TS_BC_56d_017,EXP_TS_BC_56d,Split Tensile Strength,Bacterial Concrete,56,train
TS_BC_56d_018,EXP_TS_BC_56d,Split Tensile Strength,Bacterial Concrete,56,train
TS_BC_56d_019,EXP_TS_BC_56d,Split Tensile Strength,Bacterial Concrete,56,train
TS_BC_56d_020,EXP_TS_BC_56d,Split Tensile Strength,Bacterial Concrete,56,train
TS_BC_56d_021,EXP_TS_BC_56d,Split Tensile Strength,Bacterial Concrete,56,train
TS_BC_56d_022,EXP_TS_BC_56d,Split Tensile Strength,Bacterial Concrete,56,train
TS_BC_56d_023,EXP_TS_BC_56d,Split Tensile Strength,Bacterial Concrete,56,train
TS_BC_56d_024,EXP_TS_BC_56d,Split Tensile Strength,Bacterial Concrete,56,train
TS_BC_56d_025,EXP_TS_BC_56d,Split Tensile Strength,Bacterial Concrete,56,train
TS_BC_56d_026,EXP_TS_BC_56d,Split Tensile Strength,Bacterial Concrete,56,train
TS_BC_56d_027,EXP_TS_BC_56d,Split Tensile Strength,Bacterial Concrete,56,train
TS_BC_56d_028,EXP_TS_BC_56d,Split Tensile Strength,Bacterial Concrete,56,train
TS_BC_56d_029,EXP_TS_BC_56d,Split Tensile Strength,Bacterial Concrete,56,train
TS_BC_56d_030,EXP_TS_BC_56d,Split Tensile Strength,Bacterial Concrete,56,train
TS_BC_56d_031,EXP_TS_BC_56d,Split Tensile Strength,Bacterial Concrete,56,train
TS_BC_56d_032,EXP_TS_BC_56d,Split Tensile Strength,Bacterial Concrete,56,train
TS_BC_56d_033,EXP_TS_BC_56d,Split Tensile Strength,Bacterial Concrete,56,train
TS_BC_56d_034,EXP_TS_BC_56d,Split Tensile Strength,Bacterial Concrete,56,train
TS_BC_56d_035,EXP_TS_BC_56d,Split Tensile Strength,Bacterial Concrete,56,train
TS_BC_56d_036,EXP_TS_BC_56d,Split Tensile Strength,Bacterial Concrete,56,train
TS_BC_56d_037,EXP_TS_BC_56d,Split Tensile Strength,Bacterial Concrete,56,train
TS_BC_56d_038,EXP_TS_BC_56d,Split Tensile Strength,Bacterial Concrete,56,train
TS_BC_56d_039,EXP_TS_BC_56d,Split Tensile Strength,Bacterial Concrete,56,train
TS_BC_56d_040,EXP_TS_BC_56d,Split Tensile Strength,Bacterial Concrete,56,train
TS_BC_56d_041,EXP_TS_BC_56d,Split Tensile Strength,Bacterial Concrete,56,train
TS_BC_56d_042,EXP_TS_BC_56d,Split Tensile Strength,Bacterial Concrete,56,train
TS_BC_56d_043,EXP_TS_BC_56d,Split Tensile Strength,Bacterial Concrete,56,train
TS_BC_56d_044,EXP_TS_BC_56d,Split Tensile Strength,Bacterial Concrete,56,train
TS_BC_56d_045,EXP_TS_BC_56d,Split Tensile Strength,Bacterial Concrete,56,train
TS_BC_56d_046,EXP_TS_BC_56d,Split Tensile Strength,Bacterial Concrete,56,train
TS_BC_56d_047,EXP_TS_BC_56d,Split Tensile Strength,Bacterial Concrete,56,train
TS_BC_56d_048,EXP_TS_BC_56d,Split Tensile Strength,Bacterial Concrete,56,train
TS_BC_56d_049,EXP_TS_BC_56d,Split Tensile Strength,Bacterial Concrete,56,train
TS_BC_56d_050,EXP_TS_BC_56d,Split Tensile Strength,Bacterial Concrete,56,train
TS_BC_56d_051,EXP_TS_BC_56d,Split Tensile Strength,Bacterial Concrete,56,train
TS_BC_56d_052,EXP_TS_BC_56d,Split Tensile Strength,Bacterial Concrete,56,train
TS_BC_56d_053,EXP_TS_BC_56d,Split Tensile Strength,Bacterial Concrete,56,train
TS_BC_56d_054,EXP_TS_BC_56d,Split Tensile Strength,Bacterial Concrete,56,train
TS_BC_56d_055,EXP_TS_BC_56d,Split Tensile Strength,Bacterial Concrete,56,train
TS_BC_56d_056,EXP_TS_BC_56d,Split Tensile Strength,Bacterial Concrete,56,train
TS_BC_56d_057,EXP_TS_BC_56d,Split Tensile Strength,Bacterial Concrete,56,train
TS_BC_56d_058,EXP_TS_BC_56d,Split Tensile Strength,Bacterial Concrete,56,train
TS_BC_56d_059,EXP_TS_BC_56d,Split Tensile Strength,Bacterial Concrete,56,train
TS_BC_56d_060,EXP_TS_BC_56d,Split Tensile Strength,Bacterial Concrete,56,train
TS_BC_56d_061,EXP_TS_BC_56d,Split Tensile Strength,Bacterial Concrete,56,train
TS_BC_56d_062,EXP_TS_BC_56d,Split Tensile Strength,Bacterial Concrete,56,train
TS_BC_56d_063,EXP_TS_BC_56d,Split Tensile Strength,Bacterial Concrete,56,train
TS_BC_56d_064,EXP_TS_BC_56d,Split Tensile Strength,Bacterial Concrete,56,train
TS_BC_56d_065,EXP_TS_BC_56d,Split Tensile Strength,Bacterial Concrete,56,train
TS_BC_56d_066,EXP_TS_BC_56d,Split Tensile Strength,Bacterial Concrete,56,train
TS_BC_56d_067,EXP_TS_BC_56d,Split Tensile Strength,Bacterial Concrete,56,train
TS_BC_56d_068,EXP_TS_BC_56d,Split Tensile Strength,Bacterial Concrete,56,train
TS_BC_56d_069,EXP_TS_BC_56d,Split Tensile Strength,Bacterial Concrete,56,train
TS_BC_56d_070,EXP_TS_BC_56d,Split Tensile Strength,Bacterial Concrete,56,train
TS_BC_56d_071,EXP_TS_BC_56d,Split Tensile Strength,Bacterial Concrete,56,train
TS_BC_56d_072,EXP_TS_BC_56d,Split Tensile Strength,Bacterial Concrete,56,train
TS_BC_56d_073,EXP_TS_BC_56d,Split Tensile Strength,Bacterial Concrete,56,train
TS_BC_56d_074,EXP_TS_BC_56d,Split Tensile Strength,Bacterial Concrete,56,train
TS_BC_56d_075,EXP_TS_BC_56d,Split Tensile Strength,Bacterial Concrete,56,train
TS_BC_56d_076,EXP_TS_BC_56d,Split Tensile Strength,Bacterial Concrete,56,train
TS_BC_56d_077,EXP_TS_BC_56d,Split Tensile Strength,Bacterial Concrete,56,train
TS_BC_56d_078,EXP_TS_BC_56d,Split Tensile Strength,Bacterial Concrete,56,train
TS_BC_56d_079,EXP_TS_BC_56d,Split Tensile Strength,Bacterial Concrete,56,train
TS_BC_56d_080,EXP_TS_BC_56d,Split Tensile Strength,Bacterial Concrete,56,train
TS_BC_56d_081,EXP_TS_BC_56d,Split Tensile Strength,Bacterial Concrete,56,train
TS_BC_56d_082,EXP_TS_BC_56d,Split Tensile Strength,Bacterial Concrete,56,train
TS_BC_56d_083,EXP_TS_BC_56d,Split Tensile Strength,Bacterial Concrete,56,train
TS_BC_56d_084,EXP_TS_BC_56d,Split Tensile Strength,Bacterial Concrete,56,train
TS_BC_56d_085,EXP_TS_BC_56d,Split Tensile Strength,Bacterial Concrete,56,train
TS_BC_56d_086,EXP_TS_BC_56d,Split Tensile Strength,Bacterial Concrete,56,train
TS_BC_56d_087,EXP_TS_BC_56d,Split Tensile Strength,Bacterial Concrete,56,train
TS_BC_56d_088,EXP_TS_BC_56d,Split Tensile Strength,Bacterial Concrete,56,train
TS_BC_56d_089,EXP_TS_BC_56d,Split Tensile Strength,Bacterial Concrete,56,train
TS_BC_56d_090,EXP_TS_BC_56d,Split Tensile Strength,Bacterial Concrete,56,train
TS_BC_56d_091,EXP_TS_BC_56d,Split Tensile Strength,Bacterial Concrete,56,train
TS_BC_56d_092,EXP_TS_BC_56d,Split Tensile Strength,Bacterial Concrete,56,train
TS_BC_56d_093,EXP_TS_BC_56d,Split Tensile Strength,Bacterial Concrete,56,train
TS_BC_56d_094,EXP_TS_BC_56d,Split Tensile Strength,Bacterial Concrete,56,train
TS_BC_56d_095,EXP_TS_BC_56d,Split Tensile Strength,Bacterial Concrete,56,train
TS_BC_56d_096,EXP_TS_BC_56d,Split Tensile Strength,Bacterial Concrete,56,train
TS_BC_56d_097,EXP_TS_BC_56d,Split Tensile Strength,Bacterial Concrete,56,train
TS_BC_56d_098,EXP_TS_BC_56d,Split Tensile Strength,Bacterial Concrete,56,train
TS_BC_56d_099,EXP_TS_BC_56d,Split Tensile Strength,Bacterial Concrete,56,train
TS_BC_56d_100,EXP_TS_BC_56d,Split Tensile Strength,Bacterial Concrete,56,train
TS_BC_90d_001,EXP_TS_BC_90d,Split Tensile Strength,Bacterial Concrete,90,test
TS_BC_90d_002,EXP_TS_BC_90d,Split Tensile Strength,Bacterial Concrete,90,test
TS_BC_90d_003,EXP_TS_BC_90d,Split Tensile Strength,Bacterial Concrete,90,test
TS_BC_90d_004,EXP_TS_BC_90d,Split Tensile Strength,Bacterial Concrete,90,test
TS_BC_90d_005,EXP_TS_BC_90d,Split Tensile Strength,Bacterial Concrete,90,test
TS_BC_90d_006,EXP_TS_BC_90d,Split Tensile Strength,Bacterial Concrete,90,test
TS_BC_90d_007,EXP_TS_BC_90d,Split Tensile Strength,Bacterial Concrete,90,test
TS_BC_90d_008,EXP_TS_BC_90d,Split Tensile Strength,Bacterial Concrete,90,test
TS_BC_90d_009,EXP_TS_BC_90d,Split Tensile Strength,Bacterial Concrete,90,test
TS_BC_90d_010,EXP_TS_BC_90d,Split Tensile Strength,Bacterial Concrete,90,test
TS_BC_90d_011,EXP_TS_BC_90d,Split Tensile Strength,Bacterial Concrete,90,test
TS_BC_90d_012,EXP_TS_BC_90d,Split Tensile Strength,Bacterial Concrete,90,test
TS_BC_90d_013,EXP_TS_BC_90d,Split Tensile Strength,Bacterial Concrete,90,test
TS_BC_90d_014,EXP_TS_BC_90d,Split Tensile Strength,Bacterial Concrete,90,test
TS_BC_90d_015,EXP_TS_BC_90d,Split Tensile Strength,Bacterial Concrete,90,test
TS_BC_90d_016,EXP_TS_BC_90d,Split Tensile Strength,Bacterial Concrete,90,test
TS_BC_90d_017,EXP_TS_BC_90d,Split Tensile Strength,Bacterial Concrete,90,test
TS_BC_90d_018,EXP_TS_BC_90d,Split Tensile Strength,Bacterial Concrete,90,test
TS_BC_90d_019,EXP_TS_BC_90d,Split Tensile Strength,Bacterial Concrete,90,test
TS_BC_90d_020,EXP_TS_BC_90d,Split Tensile Strength,Bacterial Concrete,90,test
TS_BC_90d_021,EXP_TS_BC_90d,Split Tensile Strength,Bacterial Concrete,90,test
TS_BC_90d_022,EXP_TS_BC_90d,Split Tensile Strength,Bacterial Concrete,90,test
TS_BC_90d_023,EXP_TS_BC_90d,Split Tensile Strength,Bacterial Concrete,90,test
TS_BC_90d_024,EXP_TS_BC_90d,Split Tensile Strength,Bacterial Concrete,90,test
TS_BC_90d_025,EXP_TS_BC_90d,Split Tensile Strength,Bacterial Concrete,90,test
TS_BC_90d_026,EXP_TS_BC_90d,Split Tensile Strength,Bacterial Concrete,90,test
TS_BC_90d_027,EXP_TS_BC_90d,Split Tensile Strength,Bacterial Concrete,90,test
TS_BC_90d_028,EXP_TS_BC_90d,Split Tensile Strength,Bacterial Concrete,90,test
TS_BC_90d_029,EXP_TS_BC_90d,Split Tensile Strength,Bacterial Concrete,90,test
TS_BC_90d_030,EXP_TS_BC_90d,Split Tensile Strength,Bacterial Concrete,90,test
TS_BC_90d_031,EXP_TS_BC_90d,Split Tensile Strength,Bacterial Concrete,90,test
TS_BC_90d_032,EXP_TS_BC_90d,Split Tensile Strength,Bacterial Concrete,90,test
TS_BC_90d_033,EXP_TS_BC_90d,Split Tensile Strength,Bacterial Concrete,90,test
TS_BC_90d_034,EXP_TS_BC_90d,Split Tensile Strength,Bacterial Concrete,90,test
TS_BC_90d_035,EXP_TS_BC_90d,Split Tensile Strength,Bacterial Concrete,90,test
TS_BC_90d_036,EXP_TS_BC_90d,Split Tensile Strength,Bacterial Concrete,90,test
TS_BC_90d_037,EXP_TS_BC_90d,Split Tensile Strength,Bacterial Concrete,90,test
TS_BC_90d_038,EXP_TS_BC_90d,Split Tensile Strength,Bacterial Concrete,90,test
TS_BC_90d_039,EXP_TS_BC_90d,Split Tensile Strength,Bacterial Concrete,90,test
TS_BC_90d_040,EXP_TS_BC_90d,Split Tensile Strength,Bacterial Concrete,90,test
TS_BC_90d_041,EXP_TS_BC_90d,Split Tensile Strength,Bacterial Concrete,90,test
TS_BC_90d_042,EXP_TS_BC_90d,Split Tensile Strength,Bacterial Concrete,90,test
TS_BC_90d_043,EXP_TS_BC_90d,Split Tensile Strength,Bacterial Concrete,90,test
TS_BC_90d_044,EXP_TS_BC_90d,Split Tensile Strength,Bacterial Concrete,90,test
TS_BC_90d_045,EXP_TS_BC_90d,Split Tensile Strength,Bacterial Concrete,90,test
TS_BC_90d_046,EXP_TS_BC_90d,Split Tensile Strength,Bacterial Concrete,90,test
TS_BC_90d_047,EXP_TS_BC_90d,Split Tensile Strength,Bacterial Concrete,90,test
TS_BC_90d_048,EXP_TS_BC_90d,Split Tensile Strength,Bacterial Concrete,90,test
TS_BC_90d_049,EXP_TS_BC_90d,Split Tensile Strength,Bacterial Concrete,90,test
TS_BC_90d_050,EXP_TS_BC_90d,Split Tensile Strength,Bacterial Concrete,90,test
TS_BC_90d_051,EXP_TS_BC_90d,Split Tensile Strength,Bacterial Concrete,90,test
TS_BC_90d_052,EXP_TS_BC_90d,Split Tensile Strength,Bacterial Concrete,90,test
TS_BC_90d_053,EXP_TS_BC_90d,Split Tensile Strength,Bacterial Concrete,90,test
TS_BC_90d_054,EXP_TS_BC_90d,Split Tensile Strength,Bacterial Concrete,90,test
TS_BC_90d_055,EXP_TS_BC_90d,Split Tensile Strength,Bacterial Concrete,90,test
TS_BC_90d_056,EXP_TS_BC_90d,Split Tensile Strength,Bacterial Concrete,90,test
TS_BC_90d_057,EXP_TS_BC_90d,Split Tensile Strength,Bacterial Concrete,90,test
TS_BC_90d_058,EXP_TS_BC_90d,Split Tensile Strength,Bacterial Concrete,90,test
TS_BC_90d_059,EXP_TS_BC_90d,Split Tensile Strength,Bacterial Concrete,90,test
TS_BC_90d_060,EXP_TS_BC_90d,Split Tensile Strength,Bacterial Concrete,90,test
TS_BC_90d_061,EXP_TS_BC_90d,Split Tensile Strength,Bacterial Concrete,90,test
TS_BC_90d_062,EXP_TS_BC_90d,Split Tensile Strength,Bacterial Concrete,90,test
TS_BC_90d_063,EXP_TS_BC_90d,Split Tensile Strength,Bacterial Concrete,90,test
TS_BC_90d_064,EXP_TS_BC_90d,Split Tensile Strength,Bacterial Concrete,90,test
TS_BC_90d_065,EXP_TS_BC_90d,Split Tensile Strength,Bacterial Concrete,90,test
TS_BC_90d_066,EXP_TS_BC_90d,Split Tensile Strength,Bacterial Concrete,90,test
TS_BC_90d_067,EXP_TS_BC_90d,Split Tensile Strength,Bacterial Concrete,90,test
TS_BC_90d_068,EXP_TS_BC_90d,Split Tensile Strength,Bacterial Concrete,90,test
TS_BC_90d_069,EXP_TS_BC_90d,Split Tensile Strength,Bacterial Concrete,90,test
TS_BC_90d_070,EXP_TS_BC_90d,Split Tensile Strength,Bacterial Concrete,90,test
TS_BC_90d_071,EXP_TS_BC_90d,Split Tensile Strength,Bacterial Concrete,90,test
TS_BC_90d_072,EXP_TS_BC_90d,Split Tensile Strength,Bacterial Concrete,90,test
TS_BC_90d_073,EXP_TS_BC_90d,Split Tensile Strength,Bacterial Concrete,90,test
TS_BC_90d_074,EXP_TS_BC_90d,Split Tensile Strength,Bacterial Concrete,90,test
TS_BC_90d_075,EXP_TS_BC_90d,Split Tensile Strength,Bacterial Concrete,90,test
TS_BC_90d_076,EXP_TS_BC_90d,Split Tensile Strength,Bacterial Concrete,90,test
TS_BC_90d_077,EXP_TS_BC_90d,Split Tensile Strength,Bacterial Concrete,90,test
TS_BC_90d_078,EXP_TS_BC_90d,Split Tensile Strength,Bacterial Concrete,90,test
TS_BC_90d_079,EXP_TS_BC_90d,Split Tensile Strength,Bacterial Concrete,90,test
TS_BC_90d_080,EXP_TS_BC_90d,Split Tensile Strength,Bacterial Concrete,90,test
TS_BC_90d_081,EXP_TS_BC_90d,Split Tensile Strength,Bacterial Concrete,90,test
TS_BC_90d_082,EXP_TS_BC_90d,Split Tensile Strength,Bacterial Concrete,90,test
TS_BC_90d_083,EXP_TS_BC_90d,Split Tensile Strength,Bacterial Concrete,90,test
TS_BC_90d_084,EXP_TS_BC_90d,Split Tensile Strength,Bacterial Concrete,90,test
TS_BC_90d_085,EXP_TS_BC_90d,Split Tensile Strength,Bacterial Concrete,90,test
TS_BC_90d_086,EXP_TS_BC_90d,Split Tensile Strength,Bacterial Concrete,90,test
TS_BC_90d_087,EXP_TS_BC_90d,Split Tensile Strength,Bacterial Concrete,90,test
TS_BC_90d_088,EXP_TS_BC_90d,Split Tensile Strength,Bacterial Concrete,90,test
TS_BC_90d_089,EXP_TS_BC_90d,Split Tensile Strength,Bacterial Concrete,90,test
TS_BC_90d_090,EXP_TS_BC_90d,Split Tensile Strength,Bacterial Concrete,90,test
TS_BC_90d_091,EXP_TS_BC_90d,Split Tensile Strength,Bacterial Concrete,90,test
TS_BC_90d_092,EXP_TS_BC_90d,Split Tensile Strength,Bacterial Concrete,90,test
TS_BC_90d_093,EXP_TS_BC_90d,Split Tensile Strength,Bacterial Concrete,90,test
TS_BC_90d_094,EXP_TS_BC_90d,Split Tensile Strength,Bacterial Concrete,90,test
TS_BC_90d_095,EXP_TS_BC_90d,Split Tensile Strength,Bacterial Concrete,90,test
TS_BC_90d_096,EXP_TS_BC_90d,Split Tensile Strength,Bacterial Concrete,90,test
TS_BC_90d_097,EXP_TS_BC_90d,Split Tensile Strength,Bacterial Concrete,90,test
TS_BC_90d_098,EXP_TS_BC_90d,Split Tensile Strength,Bacterial Concrete,90,test
TS_BC_90d_099,EXP_TS_BC_90d,Split Tensile Strength,Bacterial Concrete,90,test
TS_BC_90d_100,EXP_TS_BC_90d,Split Tensile Strength,Bacterial Concrete,90,test
