sample_id,experiment_id,sample_replicate,concrete_type,bacterial_status,bacterial_species,bacterial_concentration_cells_ml,cement_type,curing_age_days,mechanical_property,strength_mpa,specimen_geometry,source_file,source_sheet,source_row_index,is_restored_value,age_log,age_sqrt,bacterial_present,bacterial_concentration_log,age_x_bacterial,age_log_x_bacterial,age_squared,age_cubed
CS_NC_07d_001,EXP_CS_NC_07d,1,Normal Concrete,Control,,0,OPC 53 (UltraTech),7,Compressive Strength,20.25,150mm Cube,C Strenth Reading 1000000.xlsx,Comp 6,3,False,2.0794415416798357,2.6457513110645907,0,0.0,0,0.0,49.0,343.0
CS_BC_07d_001,EXP_CS_BC_07d,1,Bacterial Concrete,Inoculated,Bacillus subtilis,1000000,OPC 53 (UltraTech),7,Compressive Strength,23.14,150mm Cube,C Strenth Reading 1000000.xlsx,Comp 6,3,False,2.0794415416798357,2.6457513110645907,1,13.815511557963774,7,2.0794415416798357,49.0,343.0
CS_NC_07d_002,EXP_CS_NC_07d,2,Normal Concrete,Control,,0,OPC 53 (UltraTech),7,Compressive Strength,19.29,150mm Cube,C Strenth Reading 1000000.xlsx,Comp 6,4,False,2.0794415416798357,2.6457513110645907,0,0.0,0,0.0,49.0,343.0
CS_BC_07d_002,EXP_CS_BC_07d,2,Bacterial Concrete,Inoculated,Bacillus subtilis,1000000,OPC 53 (UltraTech),7,Compressive Strength,20.62,150mm Cube,C Strenth Reading 1000000.xlsx,Comp 6,4,False,2.0794415416798357,2.6457513110645907,1,13.815511557963774,7,2.0794415416798357,49.0,343.0
CS_NC_07d_003,EXP_CS_NC_07d,3,Normal Concrete,Control,,0,OPC 53 (UltraTech),7,Compressive Strength,20.47,150mm Cube,C Strenth Reading 1000000.xlsx,Comp 6,5,False,2.0794415416798357,2.6457513110645907,0,0.0,0,0.0,49.0,343.0
CS_BC_07d_003,EXP_CS_BC_07d,3,Bacterial Concrete,Inoculated,Bacillus subtilis,1000000,OPC 53 (UltraTech),7,Compressive Strength,23.3,150mm Cube,C Strenth Reading 1000000.xlsx,Comp 6,5,False,2.0794415416798357,2.6457513110645907,1,13.815511557963774,7,2.0794415416798357,49.0,343.0
CS_NC_07d_004,EXP_CS_NC_07d,4,Normal Concrete,Control,,0,OPC 53 (UltraTech),7,Compressive Strength,21.78,150mm Cube,C Strenth Reading 1000000.xlsx,Comp 6,6,False,2.0794415416798357,2.6457513110645907,0,0.0,0,0.0,49.0,343.0
CS_BC_07d_004,EXP_CS_BC_07d,4,Bacterial Concrete,Inoculated,Bacillus subtilis,1000000,OPC 53 (UltraTech),7,Compressive Strength,24.03,150mm Cube,C Strenth Reading 1000000.xlsx,Comp 6,6,False,2.0794415416798357,2.6457513110645907,1,13.815511557963774,7,2.0794415416798357,49.0,343.0
CS_NC_07d_005,EXP_CS_NC_07d,5,Normal Concrete,Control,,0,OPC 53 (UltraTech),7,Compressive Strength,19.15,150mm Cube,C Strenth Reading 1000000.xlsx,Comp 6,7,False,2.0794415416798357,2.6457513110645907,0,0.0,0,0.0,49.0,343.0
CS_BC_07d_005,EXP_CS_BC_07d,5,Bacterial Concrete,Inoculated,Bacillus subtilis,1000000,OPC 53 (UltraTech),7,Compressive Strength,22.62,150mm Cube,C Strenth Reading 1000000.xlsx,Comp 6,7,False,2.0794415416798357,2.6457513110645907,1,13.815511557963774,7,2.0794415416798357,49.0,343.0
CS_NC_07d_006,EXP_CS_NC_07d,6,Normal Concrete,Control,,0,OPC 53 (UltraTech),7,Compressive Strength,19.15,150mm Cube,C Strenth Reading 1000000.xlsx,Comp 6,8,False,2.0794415416798357,2.6457513110645907,0,0.0,0,0.0,49.0,343.0
CS_BC_07d_006,EXP_CS_BC_07d,6,Bacterial Concrete,Inoculated,Bacillus subtilis,1000000,OPC 53 (UltraTech),7,Compressive Strength,24.82,150mm Cube,C Strenth Reading 1000000.xlsx,Comp 6,8,False,2.0794415416798357,2.6457513110645907,1,13.815511557963774,7,2.0794415416798357,49.0,343.0
CS_NC_07d_007,EXP_CS_NC_07d,7,Normal Concrete,Control,,0,OPC 53 (UltraTech),7,Compressive Strength,21.87,150mm Cube,C Strenth Reading 1000000.xlsx,Comp 6,9,False,2.0794415416798357,2.6457513110645907,0,0.0,0,0.0,49.0,343.0
CS_BC_07d_007,EXP_CS_BC_07d,7,Bacterial Concrete,Inoculated,Bacillus subtilis,1000000,OPC 53 (UltraTech),7,Compressive Strength,20.84,150mm Cube,C Strenth Reading 1000000.xlsx,Comp 6,9,False,2.0794415416798357,2.6457513110645907,1,13.815511557963774,7,2.0794415416798357,49.0,343.0
CS_NC_07d_008,EXP_CS_NC_07d,8,Normal Concrete,Control,,0,OPC 53 (UltraTech),7,Compressive Strength,20.65,150mm Cube,C Strenth Reading 1000000.xlsx,Comp 6,10,False,2.0794415416798357,2.6457513110645907,0,0.0,0,0.0,49.0,343.0
CS_BC_07d_008,EXP_CS_BC_07d,8,Bacterial Concrete,Inoculated,Bacillus subtilis,1000000,OPC 53 (UltraTech),7,Compressive Strength,20.13,150mm Cube,C Strenth Reading 1000000.xlsx,Comp 6,10,False,2.0794415416798357,2.6457513110645907,1,13.815511557963774,7,2.0794415416798357,49.0,343.0
CS_NC_07d_009,EXP_CS_NC_07d,9,Normal Concrete,Control,,0,OPC 53 (UltraTech),7,Compressive Strength,18.8,150mm Cube,C Strenth Reading 1000000.xlsx,Comp 6,11,False,2.0794415416798357,2.6457513110645907,0,0.0,0,0.0,49.0,343.0
CS_BC_07d_009,EXP_CS_BC_07d,9,Bacterial Concrete,Inoculated,Bacillus subtilis,1000000,OPC 53 (UltraTech),7,Compressive Strength,19.33,150mm Cube,C Strenth Reading 1000000.xlsx,Comp 6,11,False,2.0794415416798357,2.6457513110645907,1,13.815511557963774,7,2.0794415416798357,49.0,343.0
CS_NC_07d_010,EXP_CS_NC_07d,10,Normal Concrete,Control,,0,OPC 53 (UltraTech),7,Compressive Strength,20.31,150mm Cube,C Strenth Reading 1000000.xlsx,Comp 6,12,False,2.0794415416798357,2.6457513110645907,0,0.0,0,0.0,49.0,343.0
CS_BC_07d_010,EXP_CS_BC_07d,10,Bacterial Concrete,Inoculated,Bacillus subtilis,1000000,OPC 53 (UltraTech),7,Compressive Strength,24.24,150mm Cube,C Strenth Reading 1000000.xlsx,Comp 6,12,False,2.0794415416798357,2.6457513110645907,1,13.815511557963774,7,2.0794415416798357,49.0,343.0
CS_NC_07d_011,EXP_CS_NC_07d,11,Normal Concrete,Control,,0,OPC 53 (UltraTech),7,Compressive Strength,18.8,150mm Cube,C Strenth Reading 1000000.xlsx,Comp 6,13,False,2.0794415416798357,2.6457513110645907,0,0.0,0,0.0,49.0,343.0
CS_BC_07d_011,EXP_CS_BC_07d,11,Bacterial Concrete,Inoculated,Bacillus subtilis,1000000,OPC 53 (UltraTech),7,Compressive Strength,22.98,150mm Cube,C Strenth Reading 1000000.xlsx,Comp 6,13,False,2.0794415416798357,2.6457513110645907,1,13.815511557963774,7,2.0794415416798357,49.0,343.0
CS_NC_07d_012,EXP_CS_NC_07d,12,Normal Concrete,Control,,0,OPC 53 (UltraTech),7,Compressive Strength,18.8,150mm Cube,C Strenth Reading 1000000.xlsx,Comp 6,14,False,2.0794415416798357,2.6457513110645907,0,0.0,0,0.0,49.0,343.0
CS_BC_07d_012,EXP_CS_BC_07d,12,Bacterial Concrete,Inoculated,Bacillus subtilis,1000000,OPC 53 (UltraTech),7,Compressive Strength,21.92,150mm Cube,C Strenth Reading 1000000.xlsx,Comp 6,14,False,2.0794415416798357,2.6457513110645907,1,13.815511557963774,7,2.0794415416798357,49.0,343.0
CS_NC_07d_013,EXP_CS_NC_07d,13,Normal Concrete,Control,,0,OPC 53 (UltraTech),7,Compressive Strength,19.86,150mm Cube,C Strenth Reading 1000000.xlsx,Comp 6,15,False,2.0794415416798357,2.6457513110645907,0,0.0,0,0.0,49.0,343.0
CS_BC_07d_013,EXP_CS_BC_07d,13,Bacterial Concrete,Inoculated,Bacillus subtilis,1000000,OPC 53 (UltraTech),7,Compressive Strength,22.42,150mm Cube,C Strenth Reading 1000000.xlsx,Comp 6,15,False,2.0794415416798357,2.6457513110645907,1,13.815511557963774,7,2.0794415416798357,49.0,343.0
CS_NC_07d_014,EXP_CS_NC_07d,14,Normal Concrete,Control,,0,OPC 53 (UltraTech),7,Compressive Strength,16.63,150mm Cube,C Strenth Reading 1000000.xlsx,Comp 6,16,False,2.0794415416798357,2.6457513110645907,0,0.0,0,0.0,49.0,343.0
CS_BC_07d_014,EXP_CS_BC_07d,14,Bacterial Concrete,Inoculated,Bacillus subtilis,1000000,OPC 53 (UltraTech),7,Compressive Strength,20.31,150mm Cube,C Strenth Reading 1000000.xlsx,Comp 6,16,False,2.0794415416798357,2.6457513110645907,1,13.815511557963774,7,2.0794415416798357,49.0,343.0
CS_NC_07d_015,EXP_CS_NC_07d,15,Normal Concrete,Control,,0,OPC 53 (UltraTech),7,Compressive Strength,16.91,150mm Cube,C Strenth Reading 1000000.xlsx,Comp 6,17,False,2.0794415416798357,2.6457513110645907,0,0.0,0,0.0,49.0,343.0
CS_BC_07d_015,EXP_CS_BC_07d,15,Bacterial Concrete,Inoculated,Bacillus subtilis,1000000,OPC 53 (UltraTech),7,Compressive Strength,25.67,150mm Cube,C Strenth Reading 1000000.xlsx,Comp 6,17,False,2.0794415416798357,2.6457513110645907,1,13.815511557963774,7,2.0794415416798357,49.0,343.0
CS_NC_07d_016,EXP_CS_NC_07d,16,Normal Concrete,Control,,0,OPC 53 (UltraTech),7,Compressive Strength,18.66,150mm Cube,C Strenth Reading 1000000.xlsx,Comp 6,18,False,2.0794415416798357,2.6457513110645907,0,0.0,0,0.0,49.0,343.0
CS_BC_07d_016,EXP_CS_BC_07d,16,Bacterial Concrete,Inoculated,Bacillus subtilis,1000000,OPC 53 (UltraTech),7,Compressive Strength,22.19,150mm Cube,C Strenth Reading 1000000.xlsx,Comp 6,18,False,2.0794415416798357,2.6457513110645907,1,13.815511557963774,7,2.0794415416798357,49.0,343.0
CS_NC_07d_017,EXP_CS_NC_07d,17,Normal Concrete,Control,,0,OPC 53 (UltraTech),7,Compressive Strength,17.98,150mm Cube,C Strenth Reading 1000000.xlsx,Comp 6,19,False,2.0794415416798357,2.6457513110645907,0,0.0,0,0.0,49.0,343.0
CS_BC_07d_017,EXP_CS_BC_07d,17,Bacterial Concrete,Inoculated,Bacillus subtilis,1000000,OPC 53 (UltraTech),7,Compressive Strength,22.16,150mm Cube,C Strenth Reading 1000000.xlsx,Comp 6,19,False,2.0794415416798357,2.6457513110645907,1,13.815511557963774,7,2.0794415416798357,49.0,343.0
CS_NC_07d_018,EXP_CS_NC_07d,18,Normal Concrete,Control,,0,OPC 53 (UltraTech),7,Compressive Strength,19.97,150mm Cube,C Strenth Reading 1000000.xlsx,Comp 6,20,False,2.0794415416798357,2.6457513110645907,0,0.0,0,0.0,49.0,343.0
CS_BC_07d_018,EXP_CS_BC_07d,18,Bacterial Concrete,Inoculated,Bacillus subtilis,1000000,OPC 53 (UltraTech),7,Compressive Strength,23.09,150mm Cube,C Strenth Reading 1000000.xlsx,Comp 6,20,False,2.0794415416798357,2.6457513110645907,1,13.815511557963774,7,2.0794415416798357,49.0,343.0
CS_NC_07d_019,EXP_CS_NC_07d,19,Normal Concrete,Control,,0,OPC 53 (UltraTech),7,Compressive Strength,18.14,150mm Cube,C Strenth Reading 1000000.xlsx,Comp 6,21,False,2.0794415416798357,2.6457513110645907,0,0.0,0,0.0,49.0,343.0
CS_BC_07d_019,EXP_CS_BC_07d,19,Bacterial Concrete,Inoculated,Bacillus subtilis,1000000,OPC 53 (UltraTech),7,Compressive Strength,22.72,150mm Cube,C Strenth Reading 1000000.xlsx,Comp 6,21,False,2.0794415416798357,2.6457513110645907,1,13.815511557963774,7,2.0794415416798357,49.0,343.0
CS_NC_07d_020,EXP_CS_NC_07d,20,Normal Concrete,Control,,0,OPC 53 (UltraTech),7,Compressive Strength,17.38,150mm Cube,C Strenth Reading 1000000.xlsx,Comp 6,22,False,2.0794415416798357,2.6457513110645907,0,0.0,0,0.0,49.0,343.0
CS_BC_07d_020,EXP_CS_BC_07d,20,Bacterial Concrete,Inoculated,Bacillus subtilis,1000000,OPC 53 (UltraTech),7,Compressive Strength,22.34,150mm Cube,C Strenth Reading 1000000.xlsx,Comp 6,22,False,2.0794415416798357,2.6457513110645907,1,13.815511557963774,7,2.0794415416798357,49.0,343.0
CS_NC_07d_021,EXP_CS_NC_07d,21,Normal Concrete,Control,,0,OPC 53 (UltraTech),7,Compressive Strength,21.7,150mm Cube,C Strenth Reading 1000000.xlsx,Comp 6,23,False,2.0794415416798357,2.6457513110645907,0,0.0,0,0.0,49.0,343.0
CS_BC_07d_021,EXP_CS_BC_07d,21,Bacterial Concrete,Inoculated,Bacillus subtilis,1000000,OPC 53 (UltraTech),7,Compressive Strength,20.81,150mm Cube,C Strenth Reading 1000000.xlsx,Comp 6,23,False,2.0794415416798357,2.6457513110645907,1,13.815511557963774,7,2.0794415416798357,49.0,343.0
CS_NC_07d_022,EXP_CS_NC_07d,22,Normal Concrete,Control,,0,OPC 53 (UltraTech),7,Compressive Strength,19.16,150mm Cube,C Strenth Reading 1000000.xlsx,Comp 6,24,False,2.0794415416798357,2.6457513110645907,0,0.0,0,0.0,49.0,343.0
CS_BC_07d_022,EXP_CS_BC_07d,22,Bacterial Concrete,Inoculated,Bacillus subtilis,1000000,OPC 53 (UltraTech),7,Compressive Strength,22.71,150mm Cube,C Strenth Reading 1000000.xlsx,Comp 6,24,False,2.0794415416798357,2.6457513110645907,1,13.815511557963774,7,2.0794415416798357,49.0,343.0
CS_NC_07d_023,EXP_CS_NC_07d,23,Normal Concrete,Control,,0,OPC 53 (UltraTech),7,Compressive Strength,19.6,150mm Cube,C Strenth Reading 1000000.xlsx,Comp 6,25,False,2.0794415416798357,2.6457513110645907,0,0.0,0,0.0,49.0,343.0
CS_BC_07d_023,EXP_CS_BC_07d,23,Bacterial Concrete,Inoculated,Bacillus subtilis,1000000,OPC 53 (UltraTech),7,Compressive Strength,24.82,150mm Cube,C Strenth Reading 1000000.xlsx,Comp 6,25,False,2.0794415416798357,2.6457513110645907,1,13.815511557963774,7,2.0794415416798357,49.0,343.0
CS_NC_07d_024,EXP_CS_NC_07d,24,Normal Concrete,Control,,0,OPC 53 (UltraTech),7,Compressive Strength,17.36,150mm Cube,C Strenth Reading 1000000.xlsx,Comp 6,26,False,2.0794415416798357,2.6457513110645907,0,0.0,0,0.0,49.0,343.0
CS_BC_07d_024,EXP_CS_BC_07d,24,Bacterial Concrete,Inoculated,Bacillus subtilis,1000000,OPC 53 (UltraTech),7,Compressive Strength,24.02,150mm Cube,C Strenth Reading 1000000.xlsx,Comp 6,26,False,2.0794415416798357,2.6457513110645907,1,13.815511557963774,7,2.0794415416798357,49.0,343.0
CS_NC_07d_025,EXP_CS_NC_07d,25,Normal Concrete,Control,,0,OPC 53 (UltraTech),7,Compressive Strength,18.68,150mm Cube,C Strenth Reading 1000000.xlsx,Comp 6,27,False,2.0794415416798357,2.6457513110645907,0,0.0,0,0.0,49.0,343.0
CS_BC_07d_025,EXP_CS_BC_07d,25,Bacterial Concrete,Inoculated,Bacillus subtilis,1000000,OPC 53 (UltraTech),7,Compressive Strength,24.39,150mm Cube,C Strenth Reading 1000000.xlsx,Comp 6,27,False,2.0794415416798357,2.6457513110645907,1,13.815511557963774,7,2.0794415416798357,49.0,343.0
CS_NC_07d_026,EXP_CS_NC_07d,26,Normal Concrete,Control,,0,OPC 53 (UltraTech),7,Compressive Strength,19.67,150mm Cube,C Strenth Reading 1000000.xlsx,Comp 6,28,False,2.0794415416798357,2.6457513110645907,0,0.0,0,0.0,49.0,343.0
CS_BC_07d_026,EXP_CS_BC_07d,26,Bacterial Concrete,Inoculated,Bacillus subtilis,1000000,OPC 53 (UltraTech),7,Compressive Strength,21.23,150mm Cube,C Strenth Reading 1000000.xlsx,Comp 6,28,False,2.0794415416798357,2.6457513110645907,1,13.815511557963774,7,2.0794415416798357,49.0,343.0
CS_NC_07d_027,EXP_CS_NC_07d,27,Normal Concrete,Control,,0,OPC 53 (UltraTech),7,Compressive Strength,17.77,150mm Cube,C Strenth Reading 1000000.xlsx,Comp 6,29,False,2.0794415416798357,2.6457513110645907,0,0.0,0,0.0,49.0,343.0
CS_BC_07d_027,EXP_CS_BC_07d,27,Bacterial Concrete,Inoculated,Bacillus subtilis,1000000,OPC 53 (UltraTech),7,Compressive Strength,20.52,150mm Cube,C Strenth Reading 1000000.xlsx,Comp 6,29,False,2.0794415416798357,2.6457513110645907,1,13.815511557963774,7,2.0794415416798357,49.0,343.0
CS_NC_07d_028,EXP_CS_NC_07d,28,Normal Concrete,Control,,0,OPC 53 (UltraTech),7,Compressive Strength,20.06,150mm Cube,C Strenth Reading 1000000.xlsx,Comp 6,30,False,2.0794415416798357,2.6457513110645907,0,0.0,0,0.0,49.0,343.0
CS_BC_07d_028,EXP_CS_BC_07d,28,Bacterial Concrete,Inoculated,Bacillus subtilis,1000000,OPC 53 (UltraTech),7,Compressive Strength,21.81,150mm Cube,C Strenth Reading 1000000.xlsx,Comp 6,30,False,2.0794415416798357,2.6457513110645907,1,13.815511557963774,7,2.0794415416798357,49.0,343.0
CS_NC_07d_029,EXP_CS_NC_07d,29,Normal Concrete,Control,,0,OPC 53 (UltraTech),7,Compressive Strength,18.6,150mm Cube,C Strenth Reading 1000000.xlsx,Comp 6,31,False,2.0794415416798357,2.6457513110645907,0,0.0,0,0.0,49.0,343.0
CS_BC_07d_029,EXP_CS_BC_07d,29,Bacterial Concrete,Inoculated,Bacillus subtilis,1000000,OPC 53 (UltraTech),7,Compressive Strength,22.08,150mm Cube,C Strenth Reading 1000000.xlsx,Comp 6,31,False,2.0794415416798357,2.6457513110645907,1,13.815511557963774,7,2.0794415416798357,49.0,343.0
CS_NC_07d_030,EXP_CS_NC_07d,30,Normal Concrete,Control,,0,OPC 53 (UltraTech),7,Compressive Strength,19.06,150mm Cube,C Strenth Reading 1000000.xlsx,Comp 6,32,False,2.0794415416798357,2.6457513110645907,0,0.0,0,0.0,49.0,343.0
CS_BC_07d_030,EXP_CS_BC_07d,30,Bacterial Concrete,Inoculated,Bacillus subtilis,1000000,OPC 53 (UltraTech),7,Compressive Strength,23.64,150mm Cube,C Strenth Reading 1000000.xlsx,Comp 6,32,False,2.0794415416798357,2.6457513110645907,1,13.815511557963774,7,2.0794415416798357,49.0,343.0
CS_NC_07d_031,EXP_CS_NC_07d,31,Normal Concrete,Control,,0,OPC 53 (UltraTech),7,Compressive Strength,18.6,150mm Cube,C Strenth Reading 1000000.xlsx,Comp 6,33,False,2.0794415416798357,2.6457513110645907,0,0.0,0,0.0,49.0,343.0
CS_BC_07d_031,EXP_CS_BC_07d,31,Bacterial Concrete,Inoculated,Bacillus subtilis,1000000,OPC 53 (UltraTech),7,Compressive Strength,19.46,150mm Cube,C Strenth Reading 1000000.xlsx,Comp 6,33,False,2.0794415416798357,2.6457513110645907,1,13.815511557963774,7,2.0794415416798357,49.0,343.0
CS_NC_07d_032,EXP_CS_NC_07d,32,Normal Concrete,Control,,0,OPC 53 (UltraTech),7,Compressive Strength,22.28,150mm Cube,C Strenth Reading 1000000.xlsx,Comp 6,34,False,2.0794415416798357,2.6457513110645907,0,0.0,0,0.0,49.0,343.0
CS_BC_07d_032,EXP_CS_BC_07d,32,Bacterial Concrete,Inoculated,Bacillus subtilis,1000000,OPC 53 (UltraTech),7,Compressive Strength,24.29,150mm Cube,C Strenth Reading 1000000.xlsx,Comp 6,34,False,2.0794415416798357,2.6457513110645907,1,13.815511557963774,7,2.0794415416798357,49.0,343.0
CS_NC_07d_033,EXP_CS_NC_07d,33,Normal Concrete,Control,,0,OPC 53 (UltraTech),7,Compressive Strength,19.48,150mm Cube,C Strenth Reading 1000000.xlsx,Comp 6,35,False,2.0794415416798357,2.6457513110645907,0,0.0,0,0.0,49.0,343.0
CS_BC_07d_033,EXP_CS_BC_07d,33,Bacterial Concrete,Inoculated,Bacillus subtilis,1000000,OPC 53 (UltraTech),7,Compressive Strength,21.76,150mm Cube,C Strenth Reading 1000000.xlsx,Comp 6,35,False,2.0794415416798357,2.6457513110645907,1,13.815511557963774,7,2.0794415416798357,49.0,343.0
CS_NC_07d_034,EXP_CS_NC_07d,34,Normal Concrete,Control,,0,OPC 53 (UltraTech),7,Compressive Strength,17.91,150mm Cube,C Strenth Reading 1000000.xlsx,Comp 6,36,False,2.0794415416798357,2.6457513110645907,0,0.0,0,0.0,49.0,343.0
CS_BC_07d_034,EXP_CS_BC_07d,34,Bacterial Concrete,Inoculated,Bacillus subtilis,1000000,OPC 53 (UltraTech),7,Compressive Strength,21.36,150mm Cube,C Strenth Reading 1000000.xlsx,Comp 6,36,False,2.0794415416798357,2.6457513110645907,1,13.815511557963774,7,2.0794415416798357,49.0,343.0
CS_NC_07d_035,EXP_CS_NC_07d,35,Normal Concrete,Control,,0,OPC 53 (UltraTech),7,Compressive Strength,20.73,150mm Cube,C Strenth Reading 1000000.xlsx,Comp 6,37,False,2.0794415416798357,2.6457513110645907,0,0.0,0,0.0,49.0,343.0
CS_BC_07d_035,EXP_CS_BC_07d,35,Bacterial Concrete,Inoculated,Bacillus subtilis,1000000,OPC 53 (UltraTech),7,Compressive Strength,20.48,150mm Cube,C Strenth Reading 1000000.xlsx,Comp 6,37,False,2.0794415416798357,2.6457513110645907,1,13.815511557963774,7,2.0794415416798357,49.0,343.0
CS_NC_07d_036,EXP_CS_NC_07d,36,Normal Concrete,Control,,0,OPC 53 (UltraTech),7,Compressive Strength,17.67,150mm Cube,C Strenth Reading 1000000.xlsx,Comp 6,38,False,2.0794415416798357,2.6457513110645907,0,0.0,0,0.0,49.0,343.0
CS_BC_07d_036,EXP_CS_BC_07d,36,Bacterial Concrete,Inoculated,Bacillus subtilis,1000000,OPC 53 (UltraTech),7,Compressive Strength,19.52,150mm Cube,C Strenth Reading 1000000.xlsx,Comp 6,38,False,2.0794415416798357,2.6457513110645907,1,13.815511557963774,7,2.0794415416798357,49.0,343.0
CS_NC_07d_037,EXP_CS_NC_07d,37,Normal Concrete,Control,,0,OPC 53 (UltraTech),7,Compressive Strength,19.81,150mm Cube,C Strenth Reading 1000000.xlsx,Comp 6,39,False,2.0794415416798357,2.6457513110645907,0,0.0,0,0.0,49.0,343.0
CS_BC_07d_037,EXP_CS_BC_07d,37,Bacterial Concrete,Inoculated,Bacillus subtilis,1000000,OPC 53 (UltraTech),7,Compressive Strength,23.23,150mm Cube,C Strenth Reading 1000000.xlsx,Comp 6,39,False,2.0794415416798357,2.6457513110645907,1,13.815511557963774,7,2.0794415416798357,49.0,343.0
CS_NC_07d_038,EXP_CS_NC_07d,38,Normal Concrete,Control,,0,OPC 53 (UltraTech),7,Compressive Strength,16.56,150mm Cube,C Strenth Reading 1000000.xlsx,Comp 6,40,False,2.0794415416798357,2.6457513110645907,0,0.0,0,0.0,49.0,343.0
CS_BC_07d_038,EXP_CS_BC_07d,38,Bacterial Concrete,Inoculated,Bacillus subtilis,1000000,OPC 53 (UltraTech),7,Compressive Strength,22.11,150mm Cube,C Strenth Reading 1000000.xlsx,Comp 6,40,False,2.0794415416798357,2.6457513110645907,1,13.815511557963774,7,2.0794415416798357,49.0,343.0
CS_NC_07d_039,EXP_CS_NC_07d,39,Normal Concrete,Control,,0,OPC 53 (UltraTech),7,Compressive Strength,17.51,150mm Cube,C Strenth Reading 1000000.xlsx,Comp 6,41,False,2.0794415416798357,2.6457513110645907,0,0.0,0,0.0,49.0,343.0
CS_BC_07d_039,EXP_CS_BC_07d,39,Bacterial Concrete,Inoculated,Bacillus subtilis,1000000,OPC 53 (UltraTech),7,Compressive Strength,20.07,150mm Cube,C Strenth Reading 1000000.xlsx,Comp 6,41,False,2.0794415416798357,2.6457513110645907,1,13.815511557963774,7,2.0794415416798357,49.0,343.0
CS_NC_07d_040,EXP_CS_NC_07d,40,Normal Concrete,Control,,0,OPC 53 (UltraTech),7,Compressive Strength,19.8,150mm Cube,C Strenth Reading 1000000.xlsx,Comp 6,42,False,2.0794415416798357,2.6457513110645907,0,0.0,0,0.0,49.0,343.0
CS_BC_07d_040,EXP_CS_BC_07d,40,Bacterial Concrete,Inoculated,Bacillus subtilis,1000000,OPC 53 (UltraTech),7,Compressive Strength,20.06,150mm Cube,C Strenth Reading 1000000.xlsx,Comp 6,42,False,2.0794415416798357,2.6457513110645907,1,13.815511557963774,7,2.0794415416798357,49.0,343.0
CS_NC_07d_041,EXP_CS_NC_07d,41,Normal Concrete,Control,,0,OPC 53 (UltraTech),7,Compressive Strength,20.61,150mm Cube,C Strenth Reading 1000000.xlsx,Comp 6,43,False,2.0794415416798357,2.6457513110645907,0,0.0,0,0.0,49.0,343.0
CS_BC_07d_041,EXP_CS_BC_07d,41,Bacterial Concrete,Inoculated,Bacillus subtilis,1000000,OPC 53 (UltraTech),7,Compressive Strength,21.5,150mm Cube,C Strenth Reading 1000000.xlsx,Comp 6,43,False,2.0794415416798357,2.6457513110645907,1,13.815511557963774,7,2.0794415416798357,49.0,343.0
CS_NC_07d_042,EXP_CS_NC_07d,42,Normal Concrete,Control,,0,OPC 53 (UltraTech),7,Compressive Strength,19.76,150mm Cube,C Strenth Reading 1000000.xlsx,Comp 6,44,False,2.0794415416798357,2.6457513110645907,0,0.0,0,0.0,49.0,343.0
CS_BC_07d_042,EXP_CS_BC_07d,42,Bacterial Concrete,Inoculated,Bacillus subtilis,1000000,OPC 53 (UltraTech),7,Compressive Strength,24.5,150mm Cube,C Strenth Reading 1000000.xlsx,Comp 6,44,False,2.0794415416798357,2.6457513110645907,1,13.815511557963774,7,2.0794415416798357,49.0,343.0
CS_NC_07d_043,EXP_CS_NC_07d,43,Normal Concrete,Control,,0,OPC 53 (UltraTech),7,Compressive Strength,19.33,150mm Cube,C Strenth Reading 1000000.xlsx,Comp 6,45,False,2.0794415416798357,2.6457513110645907,0,0.0,0,0.0,49.0,343.0
CS_BC_07d_043,EXP_CS_BC_07d,43,Bacterial Concrete,Inoculated,Bacillus subtilis,1000000,OPC 53 (UltraTech),7,Compressive Strength,21.61,150mm Cube,C Strenth Reading 1000000.xlsx,Comp 6,45,False,2.0794415416798357,2.6457513110645907,1,13.815511557963774,7,2.0794415416798357,49.0,343.0
CS_NC_07d_044,EXP_CS_NC_07d,44,Normal Concrete,Control,,0,OPC 53 (UltraTech),7,Compressive Strength,19.05,150mm Cube,C Strenth Reading 1000000.xlsx,Comp 6,46,False,2.0794415416798357,2.6457513110645907,0,0.0,0,0.0,49.0,343.0
CS_BC_07d_044,EXP_CS_BC_07d,44,Bacterial Concrete,Inoculated,Bacillus subtilis,1000000,OPC 53 (UltraTech),7,Compressive Strength,19.75,150mm Cube,C Strenth Reading 1000000.xlsx,Comp 6,46,False,2.0794415416798357,2.6457513110645907,1,13.815511557963774,7,2.0794415416798357,49.0,343.0
CS_NC_07d_045,EXP_CS_NC_07d,45,Normal Concrete,Control,,0,OPC 53 (UltraTech),7,Compressive Strength,17.28,150mm Cube,C Strenth Reading 1000000.xlsx,Comp 6,47,False,2.0794415416798357,2.6457513110645907,0,0.0,0,0.0,49.0,343.0
CS_BC_07d_045,EXP_CS_BC_07d,45,Bacterial Concrete,Inoculated,Bacillus subtilis,1000000,OPC 53 (UltraTech),7,Compressive Strength,21.63,150mm Cube,C Strenth Reading 1000000.xlsx,Comp 6,47,False,2.0794415416798357,2.6457513110645907,1,13.815511557963774,7,2.0794415416798357,49.0,343.0
CS_NC_07d_046,EXP_CS_NC_07d,46,Normal Concrete,Control,,0,OPC 53 (UltraTech),7,Compressive Strength,18.42,150mm Cube,C Strenth Reading 1000000.xlsx,Comp 6,48,False,2.0794415416798357,2.6457513110645907,0,0.0,0,0.0,49.0,343.0
CS_BC_07d_046,EXP_CS_BC_07d,46,Bacterial Concrete,Inoculated,Bacillus subtilis,1000000,OPC 53 (UltraTech),7,Compressive Strength,21.59,150mm Cube,C Strenth Reading 1000000.xlsx,Comp 6,48,False,2.0794415416798357,2.6457513110645907,1,13.815511557963774,7,2.0794415416798357,49.0,343.0
CS_NC_07d_047,EXP_CS_NC_07d,47,Normal Concrete,Control,,0,OPC 53 (UltraTech),7,Compressive Strength,18.81,150mm Cube,C Strenth Reading 1000000.xlsx,Comp 6,49,False,2.0794415416798357,2.6457513110645907,0,0.0,0,0.0,49.0,343.0
CS_BC_07d_047,EXP_CS_BC_07d,47,Bacterial Concrete,Inoculated,Bacillus subtilis,1000000,OPC 53 (UltraTech),7,Compressive Strength,17.95,150mm Cube,C Strenth Reading 1000000.xlsx,Comp 6,49,False,2.0794415416798357,2.6457513110645907,1,13.815511557963774,7,2.0794415416798357,49.0,343.0
CS_NC_07d_048,EXP_CS_NC_07d,48,Normal Concrete,Control,,0,OPC 53 (UltraTech),7,Compressive Strength,21.09,150mm Cube,C Strenth Reading 1000000.xlsx,Comp 6,50,False,2.0794415416798357,2.6457513110645907,0,0.0,0,0.0,49.0,343.0
CS_BC_07d_048,EXP_CS_BC_07d,48,Bacterial Concrete,Inoculated,Bacillus subtilis,1000000,OPC 53 (UltraTech),7,Compressive Strength,21.92,150mm Cube,C Strenth Reading 1000000.xlsx,Comp 6,50,False,2.0794415416798357,2.6457513110645907,1,13.815511557963774,7,2.0794415416798357,49.0,343.0
CS_NC_07d_049,EXP_CS_NC_07d,49,Normal Concrete,Control,,0,OPC 53 (UltraTech),7,Compressive Strength,20.02,150mm Cube,C Strenth Reading 1000000.xlsx,Comp 6,51,False,2.0794415416798357,2.6457513110645907,0,0.0,0,0.0,49.0,343.0
CS_BC_07d_049,EXP_CS_BC_07d,49,Bacterial Concrete,Inoculated,Bacillus subtilis,1000000,OPC 53 (UltraTech),7,Compressive Strength,21.65,150mm Cube,C Strenth Reading 1000000.xlsx,Comp 6,51,False,2.0794415416798357,2.6457513110645907,1,13.815511557963774,7,2.0794415416798357,49.0,343.0
CS_NC_07d_050,EXP_CS_NC_07d,50,Normal Concrete,Control,,0,OPC 53 (UltraTech),7,Compressive Strength,16.86,150mm Cube,C Strenth Reading 1000000.xlsx,Comp 6,52,False,2.0794415416798357,2.6457513110645907,0,0.0,0,0.0,49.0,343.0
CS_BC_07d_050,EXP_CS_BC_07d,50,Bacterial Concrete,Inoculated,Bacillus subtilis,1000000,OPC 53 (UltraTech),7,Compressive Strength,23.04,150mm Cube,C Strenth Reading 1000000.xlsx,Comp 6,52,False,2.0794415416798357,2.6457513110645907,1,13.815511557963774,7,2.0794415416798357,49.0,343.0
CS_NC_07d_051,EXP_CS_NC_07d,51,Normal Concrete,Control,,0,OPC 53 (UltraTech),7,Compressive Strength,19.99,150mm Cube,C Strenth Reading 1000000.xlsx,Comp 6,53,False,2.0794415416798357,2.6457513110645907,0,0.0,0,0.0,49.0,343.0
CS_BC_07d_051,EXP_CS_BC_07d,51,Bacterial Concrete,Inoculated,Bacillus subtilis,1000000,OPC 53 (UltraTech),7,Compressive Strength,24.77,150mm Cube,C Strenth Reading 1000000.xlsx,Comp 6,53,False,2.0794415416798357,2.6457513110645907,1,13.815511557963774,7,2.0794415416798357,49.0,343.0
CS_NC_07d_052,EXP_CS_NC_07d,52,Normal Concrete,Control,,0,OPC 53 (UltraTech),7,Compressive Strength,18.92,150mm Cube,C Strenth Reading 1000000.xlsx,Comp 6,54,False,2.0794415416798357,2.6457513110645907,0,0.0,0,0.0,49.0,343.0
CS_BC_07d_052,EXP_CS_BC_07d,52,Bacterial Concrete,Inoculated,Bacillus subtilis,1000000,OPC 53 (UltraTech),7,Compressive Strength,23.69,150mm Cube,C Strenth Reading 1000000.xlsx,Comp 6,54,False,2.0794415416798357,2.6457513110645907,1,13.815511557963774,7,2.0794415416798357,49.0,343.0
CS_NC_07d_053,EXP_CS_NC_07d,53,Normal Concrete,Control,,0,OPC 53 (UltraTech),7,Compressive Strength,18.48,150mm Cube,C Strenth Reading 1000000.xlsx,Comp 6,55,False,2.0794415416798357,2.6457513110645907,0,0.0,0,0.0,49.0,343.0
CS_BC_07d_053,EXP_CS_BC_07d,53,Bacterial Concrete,Inoculated,Bacillus subtilis,1000000,OPC 53 (UltraTech),7,Compressive Strength,21.6,150mm Cube,C Strenth Reading 1000000.xlsx,Comp 6,55,False,2.0794415416798357,2.6457513110645907,1,13.815511557963774,7,2.0794415416798357,49.0,343.0
CS_NC_07d_054,EXP_CS_NC_07d,54,Normal Concrete,Control,,0,OPC 53 (UltraTech),7,Compressive Strength,20.42,150mm Cube,C Strenth Reading 1000000.xlsx,Comp 6,56,False,2.0794415416798357,2.6457513110645907,0,0.0,0,0.0,49.0,343.0
CS_BC_07d_054,EXP_CS_BC_07d,54,Bacterial Concrete,Inoculated,Bacillus subtilis,1000000,OPC 53 (UltraTech),7,Compressive Strength,20.34,150mm Cube,C Strenth Reading 1000000.xlsx,Comp 6,56,False,2.0794415416798357,2.6457513110645907,1,13.815511557963774,7,2.0794415416798357,49.0,343.0
CS_NC_07d_055,EXP_CS_NC_07d,55,Normal Concrete,Control,,0,OPC 53 (UltraTech),7,Compressive Strength,21.05,150mm Cube,C Strenth Reading 1000000.xlsx,Comp 6,57,False,2.0794415416798357,2.6457513110645907,0,0.0,0,0.0,49.0,343.0
CS_BC_07d_055,EXP_CS_BC_07d,55,Bacterial Concrete,Inoculated,Bacillus subtilis,1000000,OPC 53 (UltraTech),7,Compressive Strength,25.86,150mm Cube,C Strenth Reading 1000000.xlsx,Comp 6,57,False,2.0794415416798357,2.6457513110645907,1,13.815511557963774,7,2.0794415416798357,49.0,343.0
CS_NC_07d_056,EXP_CS_NC_07d,56,Normal Concrete,Control,,0,OPC 53 (UltraTech),7,Compressive Strength,20.9,150mm Cube,C Strenth Reading 1000000.xlsx,Comp 6,58,False,2.0794415416798357,2.6457513110645907,0,0.0,0,0.0,49.0,343.0
CS_BC_07d_056,EXP_CS_BC_07d,56,Bacterial Concrete,Inoculated,Bacillus subtilis,1000000,OPC 53 (UltraTech),7,Compressive Strength,22.09,150mm Cube,C Strenth Reading 1000000.xlsx,Comp 6,58,False,2.0794415416798357,2.6457513110645907,1,13.815511557963774,7,2.0794415416798357,49.0,343.0
CS_NC_07d_057,EXP_CS_NC_07d,57,Normal Concrete,Control,,0,OPC 53 (UltraTech),7,Compressive Strength,18.24,150mm Cube,C Strenth Reading 1000000.xlsx,Comp 6,59,False,2.0794415416798357,2.6457513110645907,0,0.0,0,0.0,49.0,343.0
CS_BC_07d_057,EXP_CS_BC_07d,57,Bacterial Concrete,Inoculated,Bacillus subtilis,1000000,OPC 53 (UltraTech),7,Compressive Strength,22.02,150mm Cube,C Strenth Reading 1000000.xlsx,Comp 6,59,False,2.0794415416798357,2.6457513110645907,1,13.815511557963774,7,2.0794415416798357,49.0,343.0
CS_NC_07d_058,EXP_CS_NC_07d,58,Normal Concrete,Control,,0,OPC 53 (UltraTech),7,Compressive Strength,19.04,150mm Cube,C Strenth Reading 1000000.xlsx,Comp 6,60,False,2.0794415416798357,2.6457513110645907,0,0.0,0,0.0,49.0,343.0
CS_BC_07d_058,EXP_CS_BC_07d,58,Bacterial Concrete,Inoculated,Bacillus subtilis,1000000,OPC 53 (UltraTech),7,Compressive Strength,21.96,150mm Cube,C Strenth Reading 1000000.xlsx,Comp 6,60,False,2.0794415416798357,2.6457513110645907,1,13.815511557963774,7,2.0794415416798357,49.0,343.0
CS_NC_07d_059,EXP_CS_NC_07d,59,Normal Concrete,Control,,0,OPC 53 (UltraTech),7,Compressive Strength,20.0,150mm Cube,C Strenth Reading 1000000.xlsx,Comp 6,61,False,2.0794415416798357,2.6457513110645907,0,0.0,0,0.0,49.0,343.0
CS_BC_07d_059,EXP_CS_BC_07d,59,Bacterial Concrete,Inoculated,Bacillus subtilis,1000000,OPC 53 (UltraTech),7,Compressive Strength,22.3,150mm Cube,C Strenth Reading 1000000.xlsx,Comp 6,61,False,2.0794415416798357,2.6457513110645907,1,13.815511557963774,7,2.0794415416798357,49.0,343.0
CS_NC_07d_060,EXP_CS_NC_07d,60,Normal Concrete,Control,,0,OPC 53 (UltraTech),7,Compressive Strength,20.96,150mm Cube,C Strenth Reading 1000000.xlsx,Comp 6,62,False,2.0794415416798357,2.6457513110645907,0,0.0,0,0.0,49.0,343.0
CS_BC_07d_060,EXP_CS_BC_07d,60,Bacterial Concrete,Inoculated,Bacillus subtilis,1000000,OPC 53 (UltraTech),7,Compressive Strength,21.78,150mm Cube,C Strenth Reading 1000000.xlsx,Comp 6,62,False,2.0794415416798357,2.6457513110645907,1,13.815511557963774,7,2.0794415416798357,49.0,343.0
CS_NC_07d_061,EXP_CS_NC_07d,61,Normal Concrete,Control,,0,OPC 53 (UltraTech),7,Compressive Strength,18.78,150mm Cube,C Strenth Reading 1000000.xlsx,Comp 6,63,False,2.0794415416798357,2.6457513110645907,0,0.0,0,0.0,49.0,343.0
CS_BC_07d_061,EXP_CS_BC_07d,61,Bacterial Concrete,Inoculated,Bacillus subtilis,1000000,OPC 53 (UltraTech),7,Compressive Strength,21.14,150mm Cube,C Strenth Reading 1000000.xlsx,Comp 6,63,False,2.0794415416798357,2.6457513110645907,1,13.815511557963774,7,2.0794415416798357,49.0,343.0
CS_NC_07d_062,EXP_CS_NC_07d,62,Normal Concrete,Control,,0,OPC 53 (UltraTech),7,Compressive Strength,19.22,150mm Cube,C Strenth Reading 1000000.xlsx,Comp 6,64,False,2.0794415416798357,2.6457513110645907,0,0.0,0,0.0,49.0,343.0
CS_BC_07d_062,EXP_CS_BC_07d,62,Bacterial Concrete,Inoculated,Bacillus subtilis,1000000,OPC 53 (UltraTech),7,Compressive Strength,21.18,150mm Cube,C Strenth Reading 1000000.xlsx,Comp 6,64,False,2.0794415416798357,2.6457513110645907,1,13.815511557963774,7,2.0794415416798357,49.0,343.0
CS_NC_07d_063,EXP_CS_NC_07d,63,Normal Concrete,Control,,0,OPC 53 (UltraTech),7,Compressive Strength,17.84,150mm Cube,C Strenth Reading 1000000.xlsx,Comp 6,65,False,2.0794415416798357,2.6457513110645907,0,0.0,0,0.0,49.0,343.0
CS_BC_07d_063,EXP_CS_BC_07d,63,Bacterial Concrete,Inoculated,Bacillus subtilis,1000000,OPC 53 (UltraTech),7,Compressive Strength,21.95,150mm Cube,C Strenth Reading 1000000.xlsx,Comp 6,65,False,2.0794415416798357,2.6457513110645907,1,13.815511557963774,7,2.0794415416798357,49.0,343.0
CS_NC_07d_064,EXP_CS_NC_07d,64,Normal Concrete,Control,,0,OPC 53 (UltraTech),7,Compressive Strength,17.71,150mm Cube,C Strenth Reading 1000000.xlsx,Comp 6,66,False,2.0794415416798357,2.6457513110645907,0,0.0,0,0.0,49.0,343.0
CS_BC_07d_064,EXP_CS_BC_07d,64,Bacterial Concrete,Inoculated,Bacillus subtilis,1000000,OPC 53 (UltraTech),7,Compressive Strength,21.18,150mm Cube,C Strenth Reading 1000000.xlsx,Comp 6,66,False,2.0794415416798357,2.6457513110645907,1,13.815511557963774,7,2.0794415416798357,49.0,343.0
CS_NC_07d_065,EXP_CS_NC_07d,65,Normal Concrete,Control,,0,OPC 53 (UltraTech),7,Compressive Strength,20.72,150mm Cube,C Strenth Reading 1000000.xlsx,Comp 6,67,False,2.0794415416798357,2.6457513110645907,0,0.0,0,0.0,49.0,343.0
CS_BC_07d_065,EXP_CS_BC_07d,65,Bacterial Concrete,Inoculated,Bacillus subtilis,1000000,OPC 53 (UltraTech),7,Compressive Strength,20.93,150mm Cube,C Strenth Reading 1000000.xlsx,Comp 6,67,False,2.0794415416798357,2.6457513110645907,1,13.815511557963774,7,2.0794415416798357,49.0,343.0
CS_NC_07d_066,EXP_CS_NC_07d,66,Normal Concrete,Control,,0,OPC 53 (UltraTech),7,Compressive Strength,21.53,150mm Cube,C Strenth Reading 1000000.xlsx,Comp 6,68,False,2.0794415416798357,2.6457513110645907,0,0.0,0,0.0,49.0,343.0
CS_BC_07d_066,EXP_CS_BC_07d,66,Bacterial Concrete,Inoculated,Bacillus subtilis,1000000,OPC 53 (UltraTech),7,Compressive Strength,22.16,150mm Cube,C Strenth Reading 1000000.xlsx,Comp 6,68,False,2.0794415416798357,2.6457513110645907,1,13.815511557963774,7,2.0794415416798357,49.0,343.0
CS_NC_07d_067,EXP_CS_NC_07d,67,Normal Concrete,Control,,0,OPC 53 (UltraTech),7,Compressive Strength,19.39,150mm Cube,C Strenth Reading 1000000.xlsx,Comp 6,69,False,2.0794415416798357,2.6457513110645907,0,0.0,0,0.0,49.0,343.0
CS_BC_07d_067,EXP_CS_BC_07d,67,Bacterial Concrete,Inoculated,Bacillus subtilis,1000000,OPC 53 (UltraTech),7,Compressive Strength,21.62,150mm Cube,C Strenth Reading 1000000.xlsx,Comp 6,69,False,2.0794415416798357,2.6457513110645907,1,13.815511557963774,7,2.0794415416798357,49.0,343.0
CS_NC_07d_068,EXP_CS_NC_07d,68,Normal Concrete,Control,,0,OPC 53 (UltraTech),7,Compressive Strength,21.01,150mm Cube,C Strenth Reading 1000000.xlsx,Comp 6,70,False,2.0794415416798357,2.6457513110645907,0,0.0,0,0.0,49.0,343.0
CS_BC_07d_068,EXP_CS_BC_07d,68,Bacterial Concrete,Inoculated,Bacillus subtilis,1000000,OPC 53 (UltraTech),7,Compressive Strength,24.26,150mm Cube,C Strenth Reading 1000000.xlsx,Comp 6,70,False,2.0794415416798357,2.6457513110645907,1,13.815511557963774,7,2.0794415416798357,49.0,343.0
CS_NC_07d_069,EXP_CS_NC_07d,69,Normal Concrete,Control,,0,OPC 53 (UltraTech),7,Compressive Strength,20.04,150mm Cube,C Strenth Reading 1000000.xlsx,Comp 6,71,False,2.0794415416798357,2.6457513110645907,0,0.0,0,0.0,49.0,343.0
CS_BC_07d_069,EXP_CS_BC_07d,69,Bacterial Concrete,Inoculated,Bacillus subtilis,1000000,OPC 53 (UltraTech),7,Compressive Strength,18.02,150mm Cube,C Strenth Reading 1000000.xlsx,Comp 6,71,False,2.0794415416798357,2.6457513110645907,1,13.815511557963774,7,2.0794415416798357,49.0,343.0
CS_NC_07d_070,EXP_CS_NC_07d,70,Normal Concrete,Control,,0,OPC 53 (UltraTech),7,Compressive Strength,18.53,150mm Cube,C Strenth Reading 1000000.xlsx,Comp 6,72,False,2.0794415416798357,2.6457513110645907,0,0.0,0,0.0,49.0,343.0
CS_BC_07d_070,EXP_CS_BC_07d,70,Bacterial Concrete,Inoculated,Bacillus subtilis,1000000,OPC 53 (UltraTech),7,Compressive Strength,23.64,150mm Cube,C Strenth Reading 1000000.xlsx,Comp 6,72,False,2.0794415416798357,2.6457513110645907,1,13.815511557963774,7,2.0794415416798357,49.0,343.0
CS_NC_07d_071,EXP_CS_NC_07d,71,Normal Concrete,Control,,0,OPC 53 (UltraTech),7,Compressive Strength,20.04,150mm Cube,C Strenth Reading 1000000.xlsx,Comp 6,73,False,2.0794415416798357,2.6457513110645907,0,0.0,0,0.0,49.0,343.0
CS_BC_07d_071,EXP_CS_BC_07d,71,Bacterial Concrete,Inoculated,Bacillus subtilis,1000000,OPC 53 (UltraTech),7,Compressive Strength,23.87,150mm Cube,C Strenth Reading 1000000.xlsx,Comp 6,73,False,2.0794415416798357,2.6457513110645907,1,13.815511557963774,7,2.0794415416798357,49.0,343.0
CS_NC_07d_072,EXP_CS_NC_07d,72,Normal Concrete,Control,,0,OPC 53 (UltraTech),7,Compressive Strength,21.81,150mm Cube,C Strenth Reading 1000000.xlsx,Comp 6,74,False,2.0794415416798357,2.6457513110645907,0,0.0,0,0.0,49.0,343.0
CS_BC_07d_072,EXP_CS_BC_07d,72,Bacterial Concrete,Inoculated,Bacillus subtilis,1000000,OPC 53 (UltraTech),7,Compressive Strength,18.89,150mm Cube,C Strenth Reading 1000000.xlsx,Comp 6,74,False,2.0794415416798357,2.6457513110645907,1,13.815511557963774,7,2.0794415416798357,49.0,343.0
CS_NC_07d_073,EXP_CS_NC_07d,73,Normal Concrete,Control,,0,OPC 53 (UltraTech),7,Compressive Strength,19.45,150mm Cube,C Strenth Reading 1000000.xlsx,Comp 6,75,False,2.0794415416798357,2.6457513110645907,0,0.0,0,0.0,49.0,343.0
CS_BC_07d_073,EXP_CS_BC_07d,73,Bacterial Concrete,Inoculated,Bacillus subtilis,1000000,OPC 53 (UltraTech),7,Compressive Strength,21.49,150mm Cube,C Strenth Reading 1000000.xlsx,Comp 6,75,False,2.0794415416798357,2.6457513110645907,1,13.815511557963774,7,2.0794415416798357,49.0,343.0
CS_NC_07d_074,EXP_CS_NC_07d,74,Normal Concrete,Control,,0,OPC 53 (UltraTech),7,Compressive Strength,21.85,150mm Cube,C Strenth Reading 1000000.xlsx,Comp 6,76,False,2.0794415416798357,2.6457513110645907,0,0.0,0,0.0,49.0,343.0
CS_BC_07d_074,EXP_CS_BC_07d,74,Bacterial Concrete,Inoculated,Bacillus subtilis,1000000,OPC 53 (UltraTech),7,Compressive Strength,21.44,150mm Cube,C Strenth Reading 1000000.xlsx,Comp 6,76,False,2.0794415416798357,2.6457513110645907,1,13.815511557963774,7,2.0794415416798357,49.0,343.0
CS_NC_07d_075,EXP_CS_NC_07d,75,Normal Concrete,Control,,0,OPC 53 (UltraTech),7,Compressive Strength,15.57,150mm Cube,C Strenth Reading 1000000.xlsx,Comp 6,77,False,2.0794415416798357,2.6457513110645907,0,0.0,0,0.0,49.0,343.0
CS_BC_07d_075,EXP_CS_BC_07d,75,Bacterial Concrete,Inoculated,Bacillus subtilis,1000000,OPC 53 (UltraTech),7,Compressive Strength,19.89,150mm Cube,C Strenth Reading 1000000.xlsx,Comp 6,77,False,2.0794415416798357,2.6457513110645907,1,13.815511557963774,7,2.0794415416798357,49.0,343.0
CS_NC_07d_076,EXP_CS_NC_07d,76,Normal Concrete,Control,,0,OPC 53 (UltraTech),7,Compressive Strength,20.73,150mm Cube,C Strenth Reading 1000000.xlsx,Comp 6,78,False,2.0794415416798357,2.6457513110645907,0,0.0,0,0.0,49.0,343.0
CS_BC_07d_076,EXP_CS_BC_07d,76,Bacterial Concrete,Inoculated,Bacillus subtilis,1000000,OPC 53 (UltraTech),7,Compressive Strength,20.83,150mm Cube,C Strenth Reading 1000000.xlsx,Comp 6,78,False,2.0794415416798357,2.6457513110645907,1,13.815511557963774,7,2.0794415416798357,49.0,343.0
CS_NC_07d_077,EXP_CS_NC_07d,77,Normal Concrete,Control,,0,OPC 53 (UltraTech),7,Compressive Strength,19.63,150mm Cube,C Strenth Reading 1000000.xlsx,Comp 6,79,False,2.0794415416798357,2.6457513110645907,0,0.0,0,0.0,49.0,343.0
CS_BC_07d_077,EXP_CS_BC_07d,77,Bacterial Concrete,Inoculated,Bacillus subtilis,1000000,OPC 53 (UltraTech),7,Compressive Strength,20.33,150mm Cube,C Strenth Reading 1000000.xlsx,Comp 6,79,False,2.0794415416798357,2.6457513110645907,1,13.815511557963774,7,2.0794415416798357,49.0,343.0
CS_NC_07d_078,EXP_CS_NC_07d,78,Normal Concrete,Control,,0,OPC 53 (UltraTech),7,Compressive Strength,19.05,150mm Cube,C Strenth Reading 1000000.xlsx,Comp 6,80,False,2.0794415416798357,2.6457513110645907,0,0.0,0,0.0,49.0,343.0
CS_BC_07d_078,EXP_CS_BC_07d,78,Bacterial Concrete,Inoculated,Bacillus subtilis,1000000,OPC 53 (UltraTech),7,Compressive Strength,24.63,150mm Cube,C Strenth Reading 1000000.xlsx,Comp 6,80,False,2.0794415416798357,2.6457513110645907,1,13.815511557963774,7,2.0794415416798357,49.0,343.0
CS_NC_07d_079,EXP_CS_NC_07d,79,Normal Concrete,Control,,0,OPC 53 (UltraTech),7,Compressive Strength,19.64,150mm Cube,C Strenth Reading 1000000.xlsx,Comp 6,81,False,2.0794415416798357,2.6457513110645907,0,0.0,0,0.0,49.0,343.0
CS_BC_07d_079,EXP_CS_BC_07d,79,Bacterial Concrete,Inoculated,Bacillus subtilis,1000000,OPC 53 (UltraTech),7,Compressive Strength,23.4,150mm Cube,C Strenth Reading 1000000.xlsx,Comp 6,81,False,2.0794415416798357,2.6457513110645907,1,13.815511557963774,7,2.0794415416798357,49.0,343.0
CS_NC_07d_080,EXP_CS_NC_07d,80,Normal Concrete,Control,,0,OPC 53 (UltraTech),7,Compressive Strength,16.52,150mm Cube,C Strenth Reading 1000000.xlsx,Comp 6,82,False,2.0794415416798357,2.6457513110645907,0,0.0,0,0.0,49.0,343.0
CS_BC_07d_080,EXP_CS_BC_07d,80,Bacterial Concrete,Inoculated,Bacillus subtilis,1000000,OPC 53 (UltraTech),7,Compressive Strength,23.91,150mm Cube,C Strenth Reading 1000000.xlsx,Comp 6,82,False,2.0794415416798357,2.6457513110645907,1,13.815511557963774,7,2.0794415416798357,49.0,343.0
CS_NC_07d_081,EXP_CS_NC_07d,81,Normal Concrete,Control,,0,OPC 53 (UltraTech),7,Compressive Strength,19.17,150mm Cube,C Strenth Reading 1000000.xlsx,Comp 6,83,False,2.0794415416798357,2.6457513110645907,0,0.0,0,0.0,49.0,343.0
CS_BC_07d_081,EXP_CS_BC_07d,81,Bacterial Concrete,Inoculated,Bacillus subtilis,1000000,OPC 53 (UltraTech),7,Compressive Strength,23.08,150mm Cube,C Strenth Reading 1000000.xlsx,Comp 6,83,False,2.0794415416798357,2.6457513110645907,1,13.815511557963774,7,2.0794415416798357,49.0,343.0
CS_NC_07d_082,EXP_CS_NC_07d,82,Normal Concrete,Control,,0,OPC 53 (UltraTech),7,Compressive Strength,20.04,150mm Cube,C Strenth Reading 1000000.xlsx,Comp 6,84,False,2.0794415416798357,2.6457513110645907,0,0.0,0,0.0,49.0,343.0
CS_BC_07d_082,EXP_CS_BC_07d,82,Bacterial Concrete,Inoculated,Bacillus subtilis,1000000,OPC 53 (UltraTech),7,Compressive Strength,20.31,150mm Cube,C Strenth Reading 1000000.xlsx,Comp 6,84,False,2.0794415416798357,2.6457513110645907,1,13.815511557963774,7,2.0794415416798357,49.0,343.0
CS_NC_07d_083,EXP_CS_NC_07d,83,Normal Concrete,Control,,0,OPC 53 (UltraTech),7,Compressive Strength,21.72,150mm Cube,C Strenth Reading 1000000.xlsx,Comp 6,85,False,2.0794415416798357,2.6457513110645907,0,0.0,0,0.0,49.0,343.0
CS_BC_07d_083,EXP_CS_BC_07d,83,Bacterial Concrete,Inoculated,Bacillus subtilis,1000000,OPC 53 (UltraTech),7,Compressive Strength,21.21,150mm Cube,C Strenth Reading 1000000.xlsx,Comp 6,85,False,2.0794415416798357,2.6457513110645907,1,13.815511557963774,7,2.0794415416798357,49.0,343.0
CS_NC_07d_084,EXP_CS_NC_07d,84,Normal Concrete,Control,,0,OPC 53 (UltraTech),7,Compressive Strength,18.72,150mm Cube,C Strenth Reading 1000000.xlsx,Comp 6,86,False,2.0794415416798357,2.6457513110645907,0,0.0,0,0.0,49.0,343.0
CS_BC_07d_084,EXP_CS_BC_07d,84,Bacterial Concrete,Inoculated,Bacillus subtilis,1000000,OPC 53 (UltraTech),7,Compressive Strength,22.73,150mm Cube,C Strenth Reading 1000000.xlsx,Comp 6,86,False,2.0794415416798357,2.6457513110645907,1,13.815511557963774,7,2.0794415416798357,49.0,343.0
CS_NC_07d_085,EXP_CS_NC_07d,85,Normal Concrete,Control,,0,OPC 53 (UltraTech),7,Compressive Strength,18.29,150mm Cube,C Strenth Reading 1000000.xlsx,Comp 6,87,False,2.0794415416798357,2.6457513110645907,0,0.0,0,0.0,49.0,343.0
CS_BC_07d_085,EXP_CS_BC_07d,85,Bacterial Concrete,Inoculated,Bacillus subtilis,1000000,OPC 53 (UltraTech),7,Compressive Strength,20.17,150mm Cube,C Strenth Reading 1000000.xlsx,Comp 6,87,False,2.0794415416798357,2.6457513110645907,1,13.815511557963774,7,2.0794415416798357,49.0,343.0
CS_NC_07d_086,EXP_CS_NC_07d,86,Normal Concrete,Control,,0,OPC 53 (UltraTech),7,Compressive Strength,18.75,150mm Cube,C Strenth Reading 1000000.xlsx,Comp 6,88,False,2.0794415416798357,2.6457513110645907,0,0.0,0,0.0,49.0,343.0
CS_BC_07d_086,EXP_CS_BC_07d,86,Bacterial Concrete,Inoculated,Bacillus subtilis,1000000,OPC 53 (UltraTech),7,Compressive Strength,23.07,150mm Cube,C Strenth Reading 1000000.xlsx,Comp 6,88,False,2.0794415416798357,2.6457513110645907,1,13.815511557963774,7,2.0794415416798357,49.0,343.0
CS_NC_07d_087,EXP_CS_NC_07d,87,Normal Concrete,Control,,0,OPC 53 (UltraTech),7,Compressive Strength,20.87,150mm Cube,C Strenth Reading 1000000.xlsx,Comp 6,89,False,2.0794415416798357,2.6457513110645907,0,0.0,0,0.0,49.0,343.0
CS_BC_07d_087,EXP_CS_BC_07d,87,Bacterial Concrete,Inoculated,Bacillus subtilis,1000000,OPC 53 (UltraTech),7,Compressive Strength,21.64,150mm Cube,C Strenth Reading 1000000.xlsx,Comp 6,89,False,2.0794415416798357,2.6457513110645907,1,13.815511557963774,7,2.0794415416798357,49.0,343.0
CS_NC_07d_088,EXP_CS_NC_07d,88,Normal Concrete,Control,,0,OPC 53 (UltraTech),7,Compressive Strength,19.99,150mm Cube,C Strenth Reading 1000000.xlsx,Comp 6,90,False,2.0794415416798357,2.6457513110645907,0,0.0,0,0.0,49.0,343.0
CS_BC_07d_088,EXP_CS_BC_07d,88,Bacterial Concrete,Inoculated,Bacillus subtilis,1000000,OPC 53 (UltraTech),7,Compressive Strength,21.44,150mm Cube,C Strenth Reading 1000000.xlsx,Comp 6,90,False,2.0794415416798357,2.6457513110645907,1,13.815511557963774,7,2.0794415416798357,49.0,343.0
CS_NC_07d_089,EXP_CS_NC_07d,89,Normal Concrete,Control,,0,OPC 53 (UltraTech),7,Compressive Strength,18.71,150mm Cube,C Strenth Reading 1000000.xlsx,Comp 6,91,False,2.0794415416798357,2.6457513110645907,0,0.0,0,0.0,49.0,343.0
CS_BC_07d_089,EXP_CS_BC_07d,89,Bacterial Concrete,Inoculated,Bacillus subtilis,1000000,OPC 53 (UltraTech),7,Compressive Strength,23.07,150mm Cube,C Strenth Reading 1000000.xlsx,Comp 6,91,False,2.0794415416798357,2.6457513110645907,1,13.815511557963774,7,2.0794415416798357,49.0,343.0
CS_NC_07d_090,EXP_CS_NC_07d,90,Normal Concrete,Control,,0,OPC 53 (UltraTech),7,Compressive Strength,20.27,150mm Cube,C Strenth Reading 1000000.xlsx,Comp 6,92,False,2.0794415416798357,2.6457513110645907,0,0.0,0,0.0,49.0,343.0
CS_BC_07d_090,EXP_CS_BC_07d,90,Bacterial Concrete,Inoculated,Bacillus subtilis,1000000,OPC 53 (UltraTech),7,Compressive Strength,22.67,150mm Cube,C Strenth Reading 1000000.xlsx,Comp 6,92,False,2.0794415416798357,2.6457513110645907,1,13.815511557963774,7,2.0794415416798357,49.0,343.0
CS_NC_07d_091,EXP_CS_NC_07d,91,Normal Concrete,Control,,0,OPC 53 (UltraTech),7,Compressive Strength,19.65,150mm Cube,C Strenth Reading 1000000.xlsx,Comp 6,93,False,2.0794415416798357,2.6457513110645907,0,0.0,0,0.0,49.0,343.0
CS_BC_07d_091,EXP_CS_BC_07d,91,Bacterial Concrete,Inoculated,Bacillus subtilis,1000000,OPC 53 (UltraTech),7,Compressive Strength,21.46,150mm Cube,C Strenth Reading 1000000.xlsx,Comp 6,93,False,2.0794415416798357,2.6457513110645907,1,13.815511557963774,7,2.0794415416798357,49.0,343.0
CS_NC_07d_092,EXP_CS_NC_07d,92,Normal Concrete,Control,,0,OPC 53 (UltraTech),7,Compressive Strength,20.95,150mm Cube,C Strenth Reading 1000000.xlsx,Comp 6,94,False,2.0794415416798357,2.6457513110645907,0,0.0,0,0.0,49.0,343.0
CS_BC_07d_092,EXP_CS_BC_07d,92,Bacterial Concrete,Inoculated,Bacillus subtilis,1000000,OPC 53 (UltraTech),7,Compressive Strength,23.74,150mm Cube,C Strenth Reading 1000000.xlsx,Comp 6,94,False,2.0794415416798357,2.6457513110645907,1,13.815511557963774,7,2.0794415416798357,49.0,343.0
CS_NC_07d_093,EXP_CS_NC_07d,93,Normal Concrete,Control,,0,OPC 53 (UltraTech),7,Compressive Strength,18.45,150mm Cube,C Strenth Reading 1000000.xlsx,Comp 6,95,False,2.0794415416798357,2.6457513110645907,0,0.0,0,0.0,49.0,343.0
CS_BC_07d_093,EXP_CS_BC_07d,93,Bacterial Concrete,Inoculated,Bacillus subtilis,1000000,OPC 53 (UltraTech),7,Compressive Strength,20.38,150mm Cube,C Strenth Reading 1000000.xlsx,Comp 6,95,False,2.0794415416798357,2.6457513110645907,1,13.815511557963774,7,2.0794415416798357,49.0,343.0
CS_NC_07d_094,EXP_CS_NC_07d,94,Normal Concrete,Control,,0,OPC 53 (UltraTech),7,Compressive Strength,19.01,150mm Cube,C Strenth Reading 1000000.xlsx,Comp 6,96,False,2.0794415416798357,2.6457513110645907,0,0.0,0,0.0,49.0,343.0
CS_BC_07d_094,EXP_CS_BC_07d,94,Bacterial Concrete,Inoculated,Bacillus subtilis,1000000,OPC 53 (UltraTech),7,Compressive Strength,22.92,150mm Cube,C Strenth Reading 1000000.xlsx,Comp 6,96,False,2.0794415416798357,2.6457513110645907,1,13.815511557963774,7,2.0794415416798357,49.0,343.0
CS_NC_07d_095,EXP_CS_NC_07d,95,Normal Concrete,Control,,0,OPC 53 (UltraTech),7,Compressive Strength,18.91,150mm Cube,C Strenth Reading 1000000.xlsx,Comp 6,97,False,2.0794415416798357,2.6457513110645907,0,0.0,0,0.0,49.0,343.0
CS_BC_07d_095,EXP_CS_BC_07d,95,Bacterial Concrete,Inoculated,Bacillus subtilis,1000000,OPC 53 (UltraTech),7,Compressive Strength,22.89,150mm Cube,C Strenth Reading 1000000.xlsx,Comp 6,97,False,2.0794415416798357,2.6457513110645907,1,13.815511557963774,7,2.0794415416798357,49.0,343.0
CS_NC_07d_096,EXP_CS_NC_07d,96,Normal Concrete,Control,,0,OPC 53 (UltraTech),7,Compressive Strength,17.3,150mm Cube,C Strenth Reading 1000000.xlsx,Comp 6,98,False,2.0794415416798357,2.6457513110645907,0,0.0,0,0.0,49.0,343.0
CS_BC_07d_096,EXP_CS_BC_07d,96,Bacterial Concrete,Inoculated,Bacillus subtilis,1000000,OPC 53 (UltraTech),7,Compressive Strength,21.54,150mm Cube,C Strenth Reading 1000000.xlsx,Comp 6,98,False,2.0794415416798357,2.6457513110645907,1,13.815511557963774,7,2.0794415416798357,49.0,343.0
CS_NC_07d_097,EXP_CS_NC_07d,97,Normal Concrete,Control,,0,OPC 53 (UltraTech),7,Compressive Strength,19.94,150mm Cube,C Strenth Reading 1000000.xlsx,Comp 6,99,False,2.0794415416798357,2.6457513110645907,0,0.0,0,0.0,49.0,343.0
CS_BC_07d_097,EXP_CS_BC_07d,97,Bacterial Concrete,Inoculated,Bacillus subtilis,1000000,OPC 53 (UltraTech),7,Compressive Strength,22.49,150mm Cube,C Strenth Reading 1000000.xlsx,Comp 6,99,False,2.0794415416798357,2.6457513110645907,1,13.815511557963774,7,2.0794415416798357,49.0,343.0
CS_NC_07d_098,EXP_CS_NC_07d,98,Normal Concrete,Control,,0,OPC 53 (UltraTech),7,Compressive Strength,19.89,150mm Cube,C Strenth Reading 1000000.xlsx,Comp 6,100,False,2.0794415416798357,2.6457513110645907,0,0.0,0,0.0,49.0,343.0
CS_BC_07d_098,EXP_CS_BC_07d,98,Bacterial Concrete,Inoculated,Bacillus subtilis,1000000,OPC 53 (UltraTech),7,Compressive Strength,20.12,150mm Cube,C Strenth Reading 1000000.xlsx,Comp 6,100,False,2.0794415416798357,2.6457513110645907,1,13.815511557963774,7,2.0794415416798357,49.0,343.0
CS_NC_07d_099,EXP_CS_NC_07d,99,Normal Concrete,Control,,0,OPC 53 (UltraTech),7,Compressive Strength,19.51,150mm Cube,C Strenth Reading 1000000.xlsx,Comp 6,101,False,2.0794415416798357,2.6457513110645907,0,0.0,0,0.0,49.0,343.0
CS_BC_07d_099,EXP_CS_BC_07d,99,Bacterial Concrete,Inoculated,Bacillus subtilis,1000000,OPC 53 (UltraTech),7,Compressive Strength,23.39,150mm Cube,C Strenth Reading 1000000.xlsx,Comp 6,101,False,2.0794415416798357,2.6457513110645907,1,13.815511557963774,7,2.0794415416798357,49.0,343.0
CS_NC_07d_100,EXP_CS_NC_07d,100,Normal Concrete,Control,,0,OPC 53 (UltraTech),7,Compressive Strength,19.15,150mm Cube,C Strenth Reading 1000000.xlsx,Comp 6,102,False,2.0794415416798357,2.6457513110645907,0,0.0,0,0.0,49.0,343.0
CS_BC_07d_100,EXP_CS_BC_07d,100,Bacterial Concrete,Inoculated,Bacillus subtilis,1000000,OPC 53 (UltraTech),7,Compressive Strength,21.72,150mm Cube,C Strenth Reading 1000000.xlsx,Comp 6,102,False,2.0794415416798357,2.6457513110645907,1,13.815511557963774,7,2.0794415416798357,49.0,343.0
CS_NC_14d_001,EXP_CS_NC_14d,1,Normal Concrete,Control,,0,OPC 53 (UltraTech),14,Compressive Strength,21.38,150mm Cube,C Strenth Reading 1000000.xlsx,Comp 6,103,False,2.70805020110221,3.7416573867739413,0,0.0,0,0.0,196.0,2744.0
CS_BC_14d_001,EXP_CS_BC_14d,1,Bacterial Concrete,Inoculated,Bacillus subtilis,1000000,OPC 53 (UltraTech),14,Compressive Strength,25.72,150mm Cube,C Strenth Reading 1000000.xlsx,Comp 6,103,False,2.70805020110221,3.7416573867739413,1,13.815511557963774,14,2.70805020110221,196.0,2744.0
CS_NC_14d_002,EXP_CS_NC_14d,2,Normal Concrete,Control,,0,OPC 53 (UltraTech),14,Compressive Strength,22.87,150mm Cube,C Strenth Reading 1000000.xlsx,Comp 6,104,False,2.70805020110221,3.7416573867739413,0,0.0,0,0.0,196.0,2744.0
CS_BC_14d_002,EXP_CS_BC_14d,2,Bacterial Concrete,Inoculated,Bacillus subtilis,1000000,OPC 53 (UltraTech),14,Compressive Strength,28.07,150mm Cube,C Strenth Reading 1000000.xlsx,Comp 6,104,False,2.70805020110221,3.7416573867739413,1,13.815511557963774,14,2.70805020110221,196.0,2744.0
CS_NC_14d_003,EXP_CS_NC_14d,3,Normal Concrete,Control,,0,OPC 53 (UltraTech),14,Compressive Strength,22.99,150mm Cube,C Strenth Reading 1000000.xlsx,Comp 6,105,False,2.70805020110221,3.7416573867739413,0,0.0,0,0.0,196.0,2744.0
CS_BC_14d_003,EXP_CS_BC_14d,3,Bacterial Concrete,Inoculated,Bacillus subtilis,1000000,OPC 53 (UltraTech),14,Compressive Strength,25.44,150mm Cube,C Strenth Reading 1000000.xlsx,Comp 6,105,False,2.70805020110221,3.7416573867739413,1,13.815511557963774,14,2.70805020110221,196.0,2744.0
CS_NC_14d_004,EXP_CS_NC_14d,4,Normal Concrete,Control,,0,OPC 53 (UltraTech),14,Compressive Strength,22.3,150mm Cube,C Strenth Reading 1000000.xlsx,Comp 6,106,False,2.70805020110221,3.7416573867739413,0,0.0,0,0.0,196.0,2744.0
CS_BC_14d_004,EXP_CS_BC_14d,4,Bacterial Concrete,Inoculated,Bacillus subtilis,1000000,OPC 53 (UltraTech),14,Compressive Strength,24.39,150mm Cube,C Strenth Reading 1000000.xlsx,Comp 6,106,False,2.70805020110221,3.7416573867739413,1,13.815511557963774,14,2.70805020110221,196.0,2744.0
CS_NC_14d_005,EXP_CS_NC_14d,5,Normal Concrete,Control,,0,OPC 53 (UltraTech),14,Compressive Strength,23.26,150mm Cube,C Strenth Reading 1000000.xlsx,Comp 6,107,False,2.70805020110221,3.7416573867739413,0,0.0,0,0.0,196.0,2744.0
CS_BC_14d_005,EXP_CS_BC_14d,5,Bacterial Concrete,Inoculated,Bacillus subtilis,1000000,OPC 53 (UltraTech),14,Compressive Strength,24.17,150mm Cube,C Strenth Reading 1000000.xlsx,Comp 6,107,False,2.70805020110221,3.7416573867739413,1,13.815511557963774,14,2.70805020110221,196.0,2744.0
CS_NC_14d_006,EXP_CS_NC_14d,6,Normal Concrete,Control,,0,OPC 53 (UltraTech),14,Compressive Strength,24.11,150mm Cube,C Strenth Reading 1000000.xlsx,Comp 6,108,False,2.70805020110221,3.7416573867739413,0,0.0,0,0.0,196.0,2744.0
CS_BC_14d_006,EXP_CS_BC_14d,6,Bacterial Concrete,Inoculated,Bacillus subtilis,1000000,OPC 53 (UltraTech),14,Compressive Strength,27.41,150mm Cube,C Strenth Reading 1000000.xlsx,Comp 6,108,False,2.70805020110221,3.7416573867739413,1,13.815511557963774,14,2.70805020110221,196.0,2744.0
CS_NC_14d_007,EXP_CS_NC_14d,7,Normal Concrete,Control,,0,OPC 53 (UltraTech),14,Compressive Strength,26.33,150mm Cube,C Strenth Reading 1000000.xlsx,Comp 6,109,False,2.70805020110221,3.7416573867739413,0,0.0,0,0.0,196.0,2744.0
CS_BC_14d_007,EXP_CS_BC_14d,7,Bacterial Concrete,Inoculated,Bacillus subtilis,1000000,OPC 53 (UltraTech),14,Compressive Strength,24.58,150mm Cube,C Strenth Reading 1000000.xlsx,Comp 6,109,False,2.70805020110221,3.7416573867739413,1,13.815511557963774,14,2.70805020110221,196.0,2744.0
CS_NC_14d_008,EXP_CS_NC_14d,8,Normal Concrete,Control,,0,OPC 53 (UltraTech),14,Compressive Strength,23.76,150mm Cube,C Strenth Reading 1000000.xlsx,Comp 6,110,False,2.70805020110221,3.7416573867739413,0,0.0,0,0.0,196.0,2744.0
CS_BC_14d_008,EXP_CS_BC_14d,8,Bacterial Concrete,Inoculated,Bacillus subtilis,1000000,OPC 53 (UltraTech),14,Compressive Strength,29.13,150mm Cube,C Strenth Reading 1000000.xlsx,Comp 6,110,False,2.70805020110221,3.7416573867739413,1,13.815511557963774,14,2.70805020110221,196.0,2744.0
CS_NC_14d_009,EXP_CS_NC_14d,9,Normal Concrete,Control,,0,OPC 53 (UltraTech),14,Compressive Strength,23.89,150mm Cube,C Strenth Reading 1000000.xlsx,Comp 6,111,False,2.70805020110221,3.7416573867739413,0,0.0,0,0.0,196.0,2744.0
CS_BC_14d_009,EXP_CS_BC_14d,9,Bacterial Concrete,Inoculated,Bacillus subtilis,1000000,OPC 53 (UltraTech),14,Compressive Strength,23.38,150mm Cube,C Strenth Reading 1000000.xlsx,Comp 6,111,False,2.70805020110221,3.7416573867739413,1,13.815511557963774,14,2.70805020110221,196.0,2744.0
CS_NC_14d_010,EXP_CS_NC_14d,10,Normal Concrete,Control,,0,OPC 53 (UltraTech),14,Compressive Strength,23.39,150mm Cube,C Strenth Reading 1000000.xlsx,Comp 6,112,False,2.70805020110221,3.7416573867739413,0,0.0,0,0.0,196.0,2744.0
CS_BC_14d_010,EXP_CS_BC_14d,10,Bacterial Concrete,Inoculated,Bacillus subtilis,1000000,OPC 53 (UltraTech),14,Compressive Strength,29.04,150mm Cube,C Strenth Reading 1000000.xlsx,Comp 6,112,False,2.70805020110221,3.7416573867739413,1,13.815511557963774,14,2.70805020110221,196.0,2744.0
CS_NC_14d_011,EXP_CS_NC_14d,11,Normal Concrete,Control,,0,OPC 53 (UltraTech),14,Compressive Strength,20.62,150mm Cube,C Strenth Reading 1000000.xlsx,Comp 6,113,False,2.70805020110221,3.7416573867739413,0,0.0,0,0.0,196.0,2744.0
CS_BC_14d_011,EXP_CS_BC_14d,11,Bacterial Concrete,Inoculated,Bacillus subtilis,1000000,OPC 53 (UltraTech),14,Compressive Strength,26.82,150mm Cube,C Strenth Reading 1000000.xlsx,Comp 6,113,False,2.70805020110221,3.7416573867739413,1,13.815511557963774,14,2.70805020110221,196.0,2744.0
CS_NC_14d_012,EXP_CS_NC_14d,12,Normal Concrete,Control,,0,OPC 53 (UltraTech),14,Compressive Strength,23.46,150mm Cube,C Strenth Reading 1000000.xlsx,Comp 6,114,False,2.70805020110221,3.7416573867739413,0,0.0,0,0.0,196.0,2744.0
CS_BC_14d_012,EXP_CS_BC_14d,12,Bacterial Concrete,Inoculated,Bacillus subtilis,1000000,OPC 53 (UltraTech),14,Compressive Strength,26.35,150mm Cube,C Strenth Reading 1000000.xlsx,Comp 6,114,False,2.70805020110221,3.7416573867739413,1,13.815511557963774,14,2.70805020110221,196.0,2744.0
CS_NC_14d_013,EXP_CS_NC_14d,13,Normal Concrete,Control,,0,OPC 53 (UltraTech),14,Compressive Strength,23.59,150mm Cube,C Strenth Reading 1000000.xlsx,Comp 6,115,False,2.70805020110221,3.7416573867739413,0,0.0,0,0.0,196.0,2744.0
CS_BC_14d_013,EXP_CS_BC_14d,13,Bacterial Concrete,Inoculated,Bacillus subtilis,1000000,OPC 53 (UltraTech),14,Compressive Strength,25.68,150mm Cube,C Strenth Reading 1000000.xlsx,Comp 6,115,False,2.70805020110221,3.7416573867739413,1,13.815511557963774,14,2.70805020110221,196.0,2744.0
CS_NC_14d_014,EXP_CS_NC_14d,14,Normal Concrete,Control,,0,OPC 53 (UltraTech),14,Compressive Strength,27.19,150mm Cube,C Strenth Reading 1000000.xlsx,Comp 6,116,False,2.70805020110221,3.7416573867739413,0,0.0,0,0.0,196.0,2744.0
CS_BC_14d_014,EXP_CS_BC_14d,14,Bacterial Concrete,Inoculated,Bacillus subtilis,1000000,OPC 53 (UltraTech),14,Compressive Strength,27.1,150mm Cube,C Strenth Reading 1000000.xlsx,Comp 6,116,False,2.70805020110221,3.7416573867739413,1,13.815511557963774,14,2.70805020110221,196.0,2744.0
CS_NC_14d_015,EXP_CS_NC_14d,15,Normal Concrete,Control,,0,OPC 53 (UltraTech),14,Compressive Strength,23.21,150mm Cube,C Strenth Reading 1000000.xlsx,Comp 6,117,False,2.70805020110221,3.7416573867739413,0,0.0,0,0.0,196.0,2744.0
CS_BC_14d_015,EXP_CS_BC_14d,15,Bacterial Concrete,Inoculated,Bacillus subtilis,1000000,OPC 53 (UltraTech),14,Compressive Strength,26.44,150mm Cube,C Strenth Reading 1000000.xlsx,Comp 6,117,False,2.70805020110221,3.7416573867739413,1,13.815511557963774,14,2.70805020110221,196.0,2744.0
CS_NC_14d_016,EXP_CS_NC_14d,16,Normal Concrete,Control,,0,OPC 53 (UltraTech),14,Compressive Strength,23.95,150mm Cube,C Strenth Reading 1000000.xlsx,Comp 6,118,False,2.70805020110221,3.7416573867739413,0,0.0,0,0.0,196.0,2744.0
CS_BC_14d_016,EXP_CS_BC_14d,16,Bacterial Concrete,Inoculated,Bacillus subtilis,1000000,OPC 53 (UltraTech),14,Compressive Strength,28.15,150mm Cube,C Strenth Reading 1000000.xlsx,Comp 6,118,False,2.70805020110221,3.7416573867739413,1,13.815511557963774,14,2.70805020110221,196.0,2744.0
CS_NC_14d_017,EXP_CS_NC_14d,17,Normal Concrete,Control,,0,OPC 53 (UltraTech),14,Compressive Strength,23.45,150mm Cube,C Strenth Reading 1000000.xlsx,Comp 6,119,False,2.70805020110221,3.7416573867739413,0,0.0,0,0.0,196.0,2744.0
CS_BC_14d_017,EXP_CS_BC_14d,17,Bacterial Concrete,Inoculated,Bacillus subtilis,1000000,OPC 53 (UltraTech),14,Compressive Strength,26.67,150mm Cube,C Strenth Reading 1000000.xlsx,Comp 6,119,False,2.70805020110221,3.7416573867739413,1,13.815511557963774,14,2.70805020110221,196.0,2744.0
CS_NC_14d_018,EXP_CS_NC_14d,18,Normal Concrete,Control,,0,OPC 53 (UltraTech),14,Compressive Strength,21.75,150mm Cube,C Strenth Reading 1000000.xlsx,Comp 6,120,False,2.70805020110221,3.7416573867739413,0,0.0,0,0.0,196.0,2744.0
CS_BC_14d_018,EXP_CS_BC_14d,18,Bacterial Concrete,Inoculated,Bacillus subtilis,1000000,OPC 53 (UltraTech),14,Compressive Strength,26.73,150mm Cube,C Strenth Reading 1000000.xlsx,Comp 6,120,False,2.70805020110221,3.7416573867739413,1,13.815511557963774,14,2.70805020110221,196.0,2744.0
CS_NC_14d_019,EXP_CS_NC_14d,19,Normal Concrete,Control,,0,OPC 53 (UltraTech),14,Compressive Strength,25.21,150mm Cube,C Strenth Reading 1000000.xlsx,Comp 6,121,False,2.70805020110221,3.7416573867739413,0,0.0,0,0.0,196.0,2744.0
CS_BC_14d_019,EXP_CS_BC_14d,19,Bacterial Concrete,Inoculated,Bacillus subtilis,1000000,OPC 53 (UltraTech),14,Compressive Strength,25.95,150mm Cube,C Strenth Reading 1000000.xlsx,Comp 6,121,False,2.70805020110221,3.7416573867739413,1,13.815511557963774,14,2.70805020110221,196.0,2744.0
CS_NC_14d_020,EXP_CS_NC_14d,20,Normal Concrete,Control,,0,OPC 53 (UltraTech),14,Compressive Strength,24.63,150mm Cube,C Strenth Reading 1000000.xlsx,Comp 6,122,False,2.70805020110221,3.7416573867739413,0,0.0,0,0.0,196.0,2744.0
CS_BC_14d_020,EXP_CS_BC_14d,20,Bacterial Concrete,Inoculated,Bacillus subtilis,1000000,OPC 53 (UltraTech),14,Compressive Strength,26.41,150mm Cube,C Strenth Reading 1000000.xlsx,Comp 6,122,False,2.70805020110221,3.7416573867739413,1,13.815511557963774,14,2.70805020110221,196.0,2744.0
CS_NC_14d_021,EXP_CS_NC_14d,21,Normal Concrete,Control,,0,OPC 53 (UltraTech),14,Compressive Strength,24.69,150mm Cube,C Strenth Reading 1000000.xlsx,Comp 6,123,False,2.70805020110221,3.7416573867739413,0,0.0,0,0.0,196.0,2744.0
CS_BC_14d_021,EXP_CS_BC_14d,21,Bacterial Concrete,Inoculated,Bacillus subtilis,1000000,OPC 53 (UltraTech),14,Compressive Strength,26.96,150mm Cube,C Strenth Reading 1000000.xlsx,Comp 6,123,False,2.70805020110221,3.7416573867739413,1,13.815511557963774,14,2.70805020110221,196.0,2744.0
CS_NC_14d_022,EXP_CS_NC_14d,22,Normal Concrete,Control,,0,OPC 53 (UltraTech),14,Compressive Strength,22.14,150mm Cube,C Strenth Reading 1000000.xlsx,Comp 6,124,False,2.70805020110221,3.7416573867739413,0,0.0,0,0.0,196.0,2744.0
CS_BC_14d_022,EXP_CS_BC_14d,22,Bacterial Concrete,Inoculated,Bacillus subtilis,1000000,OPC 53 (UltraTech),14,Compressive Strength,23.93,150mm Cube,C Strenth Reading 1000000.xlsx,Comp 6,124,False,2.70805020110221,3.7416573867739413,1,13.815511557963774,14,2.70805020110221,196.0,2744.0
CS_NC_14d_023,EXP_CS_NC_14d,23,Normal Concrete,Control,,0,OPC 53 (UltraTech),14,Compressive Strength,25.6,150mm Cube,C Strenth Reading 1000000.xlsx,Comp 6,125,False,2.70805020110221,3.7416573867739413,0,0.0,0,0.0,196.0,2744.0
CS_BC_14d_023,EXP_CS_BC_14d,23,Bacterial Concrete,Inoculated,Bacillus subtilis,1000000,OPC 53 (UltraTech),14,Compressive Strength,24.48,150mm Cube,C Strenth Reading 1000000.xlsx,Comp 6,125,False,2.70805020110221,3.7416573867739413,1,13.815511557963774,14,2.70805020110221,196.0,2744.0
CS_NC_14d_024,EXP_CS_NC_14d,24,Normal Concrete,Control,,0,OPC 53 (UltraTech),14,Compressive Strength,21.4,150mm Cube,C Strenth Reading 1000000.xlsx,Comp 6,126,False,2.70805020110221,3.7416573867739413,0,0.0,0,0.0,196.0,2744.0
CS_BC_14d_024,EXP_CS_BC_14d,24,Bacterial Concrete,Inoculated,Bacillus subtilis,1000000,OPC 53 (UltraTech),14,Compressive Strength,27.61,150mm Cube,C Strenth Reading 1000000.xlsx,Comp 6,126,False,2.70805020110221,3.7416573867739413,1,13.815511557963774,14,2.70805020110221,196.0,2744.0
CS_NC_14d_025,EXP_CS_NC_14d,25,Normal Concrete,Control,,0,OPC 53 (UltraTech),14,Compressive Strength,24.38,150mm Cube,C Strenth Reading 1000000.xlsx,Comp 6,127,False,2.70805020110221,3.7416573867739413,0,0.0,0,0.0,196.0,2744.0
CS_BC_14d_025,EXP_CS_BC_14d,25,Bacterial Concrete,Inoculated,Bacillus subtilis,1000000,OPC 53 (UltraTech),14,Compressive Strength,26.76,150mm Cube,C Strenth Reading 1000000.xlsx,Comp 6,127,False,2.70805020110221,3.7416573867739413,1,13.815511557963774,14,2.70805020110221,196.0,2744.0
CS_NC_14d_026,EXP_CS_NC_14d,26,Normal Concrete,Control,,0,OPC 53 (UltraTech),14,Compressive Strength,26.79,150mm Cube,C Strenth Reading 1000000.xlsx,Comp 6,128,False,2.70805020110221,3.7416573867739413,0,0.0,0,0.0,196.0,2744.0
CS_BC_14d_026,EXP_CS_BC_14d,26,Bacterial Concrete,Inoculated,Bacillus subtilis,1000000,OPC 53 (UltraTech),14,Compressive Strength,26.22,150mm Cube,C Strenth Reading 1000000.xlsx,Comp 6,128,False,2.70805020110221,3.7416573867739413,1,13.815511557963774,14,2.70805020110221,196.0,2744.0
CS_NC_14d_027,EXP_CS_NC_14d,27,Normal Concrete,Control,,0,OPC 53 (UltraTech),14,Compressive Strength,22.01,150mm Cube,C Strenth Reading 1000000.xlsx,Comp 6,129,False,2.70805020110221,3.7416573867739413,0,0.0,0,0.0,196.0,2744.0
CS_BC_14d_027,EXP_CS_BC_14d,27,Bacterial Concrete,Inoculated,Bacillus subtilis,1000000,OPC 53 (UltraTech),14,Compressive Strength,26.53,150mm Cube,C Strenth Reading 1000000.xlsx,Comp 6,129,False,2.70805020110221,3.7416573867739413,1,13.815511557963774,14,2.70805020110221,196.0,2744.0
CS_NC_14d_028,EXP_CS_NC_14d,28,Normal Concrete,Control,,0,OPC 53 (UltraTech),14,Compressive Strength,22.65,150mm Cube,C Strenth Reading 1000000.xlsx,Comp 6,130,False,2.70805020110221,3.7416573867739413,0,0.0,0,0.0,196.0,2744.0
CS_BC_14d_028,EXP_CS_BC_14d,28,Bacterial Concrete,Inoculated,Bacillus subtilis,1000000,OPC 53 (UltraTech),14,Compressive Strength,27.02,150mm Cube,C Strenth Reading 1000000.xlsx,Comp 6,130,False,2.70805020110221,3.7416573867739413,1,13.815511557963774,14,2.70805020110221,196.0,2744.0
CS_NC_14d_029,EXP_CS_NC_14d,29,Normal Concrete,Control,,0,OPC 53 (UltraTech),14,Compressive Strength,23.65,150mm Cube,C Strenth Reading 1000000.xlsx,Comp 6,131,False,2.70805020110221,3.7416573867739413,0,0.0,0,0.0,196.0,2744.0
CS_BC_14d_029,EXP_CS_BC_14d,29,Bacterial Concrete,Inoculated,Bacillus subtilis,1000000,OPC 53 (UltraTech),14,Compressive Strength,25.69,150mm Cube,C Strenth Reading 1000000.xlsx,Comp 6,131,False,2.70805020110221,3.7416573867739413,1,13.815511557963774,14,2.70805020110221,196.0,2744.0
CS_NC_14d_030,EXP_CS_NC_14d,30,Normal Concrete,Control,,0,OPC 53 (UltraTech),14,Compressive Strength,22.74,150mm Cube,C Strenth Reading 1000000.xlsx,Comp 6,132,False,2.70805020110221,3.7416573867739413,0,0.0,0,0.0,196.0,2744.0
CS_BC_14d_030,EXP_CS_BC_14d,30,Bacterial Concrete,Inoculated,Bacillus subtilis,1000000,OPC 53 (UltraTech),14,Compressive Strength,25.33,150mm Cube,C Strenth Reading 1000000.xlsx,Comp 6,132,False,2.70805020110221,3.7416573867739413,1,13.815511557963774,14,2.70805020110221,196.0,2744.0
CS_NC_14d_031,EXP_CS_NC_14d,31,Normal Concrete,Control,,0,OPC 53 (UltraTech),14,Compressive Strength,21.17,150mm Cube,C Strenth Reading 1000000.xlsx,Comp 6,133,False,2.70805020110221,3.7416573867739413,0,0.0,0,0.0,196.0,2744.0
CS_BC_14d_031,EXP_CS_BC_14d,31,Bacterial Concrete,Inoculated,Bacillus subtilis,1000000,OPC 53 (UltraTech),14,Compressive Strength,26.79,150mm Cube,C Strenth Reading 1000000.xlsx,Comp 6,133,False,2.70805020110221,3.7416573867739413,1,13.815511557963774,14,2.70805020110221,196.0,2744.0
CS_NC_14d_032,EXP_CS_NC_14d,32,Normal Concrete,Control,,0,OPC 53 (UltraTech),14,Compressive Strength,23.6,150mm Cube,C Strenth Reading 1000000.xlsx,Comp 6,134,False,2.70805020110221,3.7416573867739413,0,0.0,0,0.0,196.0,2744.0
CS_BC_14d_032,EXP_CS_BC_14d,32,Bacterial Concrete,Inoculated,Bacillus subtilis,1000000,OPC 53 (UltraTech),14,Compressive Strength,25.03,150mm Cube,C Strenth Reading 1000000.xlsx,Comp 6,134,False,2.70805020110221,3.7416573867739413,1,13.815511557963774,14,2.70805020110221,196.0,2744.0
CS_NC_14d_033,EXP_CS_NC_14d,33,Normal Concrete,Control,,0,OPC 53 (UltraTech),14,Compressive Strength,21.91,150mm Cube,C Strenth Reading 1000000.xlsx,Comp 6,135,False,2.70805020110221,3.7416573867739413,0,0.0,0,0.0,196.0,2744.0
CS_BC_14d_033,EXP_CS_BC_14d,33,Bacterial Concrete,Inoculated,Bacillus subtilis,1000000,OPC 53 (UltraTech),14,Compressive Strength,27.11,150mm Cube,C Strenth Reading 1000000.xlsx,Comp 6,135,False,2.70805020110221,3.7416573867739413,1,13.815511557963774,14,2.70805020110221,196.0,2744.0
CS_NC_14d_034,EXP_CS_NC_14d,34,Normal Concrete,Control,,0,OPC 53 (UltraTech),14,Compressive Strength,24.21,150mm Cube,C Strenth Reading 1000000.xlsx,Comp 6,136,False,2.70805020110221,3.7416573867739413,0,0.0,0,0.0,196.0,2744.0
CS_BC_14d_034,EXP_CS_BC_14d,34,Bacterial Concrete,Inoculated,Bacillus subtilis,1000000,OPC 53 (UltraTech),14,Compressive Strength,23.95,150mm Cube,C Strenth Reading 1000000.xlsx,Comp 6,136,False,2.70805020110221,3.7416573867739413,1,13.815511557963774,14,2.70805020110221,196.0,2744.0
CS_NC_14d_035,EXP_CS_NC_14d,35,Normal Concrete,Control,,0,OPC 53 (UltraTech),14,Compressive Strength,22.12,150mm Cube,C Strenth Reading 1000000.xlsx,Comp 6,137,False,2.70805020110221,3.7416573867739413,0,0.0,0,0.0,196.0,2744.0
CS_BC_14d_035,EXP_CS_BC_14d,35,Bacterial Concrete,Inoculated,Bacillus subtilis,1000000,OPC 53 (UltraTech),14,Compressive Strength,28.04,150mm Cube,C Strenth Reading 1000000.xlsx,Comp 6,137,False,2.70805020110221,3.7416573867739413,1,13.815511557963774,14,2.70805020110221,196.0,2744.0
CS_NC_14d_036,EXP_CS_NC_14d,36,Normal Concrete,Control,,0,OPC 53 (UltraTech),14,Compressive Strength,25.82,150mm Cube,C Strenth Reading 1000000.xlsx,Comp 6,138,False,2.70805020110221,3.7416573867739413,0,0.0,0,0.0,196.0,2744.0
CS_BC_14d_036,EXP_CS_BC_14d,36,Bacterial Concrete,Inoculated,Bacillus subtilis,1000000,OPC 53 (UltraTech),14,Compressive Strength,27.21,150mm Cube,C Strenth Reading 1000000.xlsx,Comp 6,138,False,2.70805020110221,3.7416573867739413,1,13.815511557963774,14,2.70805020110221,196.0,2744.0
CS_NC_14d_037,EXP_CS_NC_14d,37,Normal Concrete,Control,,0,OPC 53 (UltraTech),14,Compressive Strength,22.33,150mm Cube,C Strenth Reading 1000000.xlsx,Comp 6,139,False,2.70805020110221,3.7416573867739413,0,0.0,0,0.0,196.0,2744.0
CS_BC_14d_037,EXP_CS_BC_14d,37,Bacterial Concrete,Inoculated,Bacillus subtilis,1000000,OPC 53 (UltraTech),14,Compressive Strength,26.88,150mm Cube,C Strenth Reading 1000000.xlsx,Comp 6,139,False,2.70805020110221,3.7416573867739413,1,13.815511557963774,14,2.70805020110221,196.0,2744.0
CS_NC_14d_038,EXP_CS_NC_14d,38,Normal Concrete,Control,,0,OPC 53 (UltraTech),14,Compressive Strength,23.02,150mm Cube,C Strenth Reading 1000000.xlsx,Comp 6,140,False,2.70805020110221,3.7416573867739413,0,0.0,0,0.0,196.0,2744.0
CS_BC_14d_038,EXP_CS_BC_14d,38,Bacterial Concrete,Inoculated,Bacillus subtilis,1000000,OPC 53 (UltraTech),14,Compressive Strength,27.97,150mm Cube,C Strenth Reading 1000000.xlsx,Comp 6,140,False,2.70805020110221,3.7416573867739413,1,13.815511557963774,14,2.70805020110221,196.0,2744.0
CS_NC_14d_039,EXP_CS_NC_14d,39,Normal Concrete,Control,,0,OPC 53 (UltraTech),14,Compressive Strength,24.72,150mm Cube,C Strenth Reading 1000000.xlsx,Comp 6,141,False,2.70805020110221,3.7416573867739413,0,0.0,0,0.0,196.0,2744.0
CS_BC_14d_039,EXP_CS_BC_14d,39,Bacterial Concrete,Inoculated,Bacillus subtilis,1000000,OPC 53 (UltraTech),14,Compressive Strength,29.0,150mm Cube,C Strenth Reading 1000000.xlsx,Comp 6,141,False,2.70805020110221,3.7416573867739413,1,13.815511557963774,14,2.70805020110221,196.0,2744.0
CS_NC_14d_040,EXP_CS_NC_14d,40,Normal Concrete,Control,,0,OPC 53 (UltraTech),14,Compressive Strength,21.65,150mm Cube,C Strenth Reading 1000000.xlsx,Comp 6,142,False,2.70805020110221,3.7416573867739413,0,0.0,0,0.0,196.0,2744.0
CS_BC_14d_040,EXP_CS_BC_14d,40,Bacterial Concrete,Inoculated,Bacillus subtilis,1000000,OPC 53 (UltraTech),14,Compressive Strength,28.02,150mm Cube,C Strenth Reading 1000000.xlsx,Comp 6,142,False,2.70805020110221,3.7416573867739413,1,13.815511557963774,14,2.70805020110221,196.0,2744.0
CS_NC_14d_041,EXP_CS_NC_14d,41,Normal Concrete,Control,,0,OPC 53 (UltraTech),14,Compressive Strength,23.84,150mm Cube,C Strenth Reading 1000000.xlsx,Comp 6,143,False,2.70805020110221,3.7416573867739413,0,0.0,0,0.0,196.0,2744.0
CS_BC_14d_041,EXP_CS_BC_14d,41,Bacterial Concrete,Inoculated,Bacillus subtilis,1000000,OPC 53 (UltraTech),14,Compressive Strength,23.74,150mm Cube,C Strenth Reading 1000000.xlsx,Comp 6,143,False,2.70805020110221,3.7416573867739413,1,13.815511557963774,14,2.70805020110221,196.0,2744.0
CS_NC_14d_042,EXP_CS_NC_14d,42,Normal Concrete,Control,,0,OPC 53 (UltraTech),14,Compressive Strength,25.46,150mm Cube,C Strenth Reading 1000000.xlsx,Comp 6,144,False,2.70805020110221,3.7416573867739413,0,0.0,0,0.0,196.0,2744.0
CS_BC_14d_042,EXP_CS_BC_14d,42,Bacterial Concrete,Inoculated,Bacillus subtilis,1000000,OPC 53 (UltraTech),14,Compressive Strength,24.58,150mm Cube,C Strenth Reading 1000000.xlsx,Comp 6,144,False,2.70805020110221,3.7416573867739413,1,13.815511557963774,14,2.70805020110221,196.0,2744.0
CS_NC_14d_043,EXP_CS_NC_14d,43,Normal Concrete,Control,,0,OPC 53 (UltraTech),14,Compressive Strength,21.09,150mm Cube,C Strenth Reading 1000000.xlsx,Comp 6,145,False,2.70805020110221,3.7416573867739413,0,0.0,0,0.0,196.0,2744.0
CS_BC_14d_043,EXP_CS_BC_14d,43,Bacterial Concrete,Inoculated,Bacillus subtilis,1000000,OPC 53 (UltraTech),14,Compressive Strength,25.56,150mm Cube,C Strenth Reading 1000000.xlsx,Comp 6,145,False,2.70805020110221,3.7416573867739413,1,13.815511557963774,14,2.70805020110221,196.0,2744.0
CS_NC_14d_044,EXP_CS_NC_14d,44,Normal Concrete,Control,,0,OPC 53 (UltraTech),14,Compressive Strength,23.78,150mm Cube,C Strenth Reading 1000000.xlsx,Comp 6,146,False,2.70805020110221,3.7416573867739413,0,0.0,0,0.0,196.0,2744.0
CS_BC_14d_044,EXP_CS_BC_14d,44,Bacterial Concrete,Inoculated,Bacillus subtilis,1000000,OPC 53 (UltraTech),14,Compressive Strength,26.54,150mm Cube,C Strenth Reading 1000000.xlsx,Comp 6,146,False,2.70805020110221,3.7416573867739413,1,13.815511557963774,14,2.70805020110221,196.0,2744.0
CS_NC_14d_045,EXP_CS_NC_14d,45,Normal Concrete,Control,,0,OPC 53 (UltraTech),14,Compressive Strength,23.89,150mm Cube,C Strenth Reading 1000000.xlsx,Comp 6,147,False,2.70805020110221,3.7416573867739413,0,0.0,0,0.0,196.0,2744.0
CS_BC_14d_045,EXP_CS_BC_14d,45,Bacterial Concrete,Inoculated,Bacillus subtilis,1000000,OPC 53 (UltraTech),14,Compressive Strength,27.28,150mm Cube,C Strenth Reading 1000000.xlsx,Comp 6,147,False,2.70805020110221,3.7416573867739413,1,13.815511557963774,14,2.70805020110221,196.0,2744.0
CS_NC_14d_046,EXP_CS_NC_14d,46,Normal Concrete,Control,,0,OPC 53 (UltraTech),14,Compressive Strength,24.67,150mm Cube,C Strenth Reading 1000000.xlsx,Comp 6,148,False,2.70805020110221,3.7416573867739413,0,0.0,0,0.0,196.0,2744.0
CS_BC_14d_046,EXP_CS_BC_14d,46,Bacterial Concrete,Inoculated,Bacillus subtilis,1000000,OPC 53 (UltraTech),14,Compressive Strength,25.41,150mm Cube,C Strenth Reading 1000000.xlsx,Comp 6,148,False,2.70805020110221,3.7416573867739413,1,13.815511557963774,14,2.70805020110221,196.0,2744.0
CS_NC_14d_047,EXP_CS_NC_14d,47,Normal Concrete,Control,,0,OPC 53 (UltraTech),14,Compressive Strength,21.64,150mm Cube,C Strenth Reading 1000000.xlsx,Comp 6,149,False,2.70805020110221,3.7416573867739413,0,0.0,0,0.0,196.0,2744.0
CS_BC_14d_047,EXP_CS_BC_14d,47,Bacterial Concrete,Inoculated,Bacillus subtilis,1000000,OPC 53 (UltraTech),14,Compressive Strength,26.78,150mm Cube,C Strenth Reading 1000000.xlsx,Comp 6,149,False,2.70805020110221,3.7416573867739413,1,13.815511557963774,14,2.70805020110221,196.0,2744.0
CS_NC_14d_048,EXP_CS_NC_14d,48,Normal Concrete,Control,,0,OPC 53 (UltraTech),14,Compressive Strength,21.52,150mm Cube,C Strenth Reading 1000000.xlsx,Comp 6,150,False,2.70805020110221,3.7416573867739413,0,0.0,0,0.0,196.0,2744.0
CS_BC_14d_048,EXP_CS_BC_14d,48,Bacterial Concrete,Inoculated,Bacillus subtilis,1000000,OPC 53 (UltraTech),14,Compressive Strength,25.37,150mm Cube,C Strenth Reading 1000000.xlsx,Comp 6,150,False,2.70805020110221,3.7416573867739413,1,13.815511557963774,14,2.70805020110221,196.0,2744.0
CS_NC_14d_049,EXP_CS_NC_14d,49,Normal Concrete,Control,,0,OPC 53 (UltraTech),14,Compressive Strength,24.28,150mm Cube,C Strenth Reading 1000000.xlsx,Comp 6,151,False,2.70805020110221,3.7416573867739413,0,0.0,0,0.0,196.0,2744.0
CS_BC_14d_049,EXP_CS_BC_14d,49,Bacterial Concrete,Inoculated,Bacillus subtilis,1000000,OPC 53 (UltraTech),14,Compressive Strength,25.58,150mm Cube,C Strenth Reading 1000000.xlsx,Comp 6,151,False,2.70805020110221,3.7416573867739413,1,13.815511557963774,14,2.70805020110221,196.0,2744.0
CS_NC_14d_050,EXP_CS_NC_14d,50,Normal Concrete,Control,,0,OPC 53 (UltraTech),14,Compressive Strength,23.95,150mm Cube,C Strenth Reading 1000000.xlsx,Comp 6,152,False,2.70805020110221,3.7416573867739413,0,0.0,0,0.0,196.0,2744.0
CS_BC_14d_050,EXP_CS_BC_14d,50,Bacterial Concrete,Inoculated,Bacillus subtilis,1000000,OPC 53 (UltraTech),14,Compressive Strength,24.39,150mm Cube,C Strenth Reading 1000000.xlsx,Comp 6,152,False,2.70805020110221,3.7416573867739413,1,13.815511557963774,14,2.70805020110221,196.0,2744.0
CS_NC_14d_051,EXP_CS_NC_14d,51,Normal Concrete,Control,,0,OPC 53 (UltraTech),14,Compressive Strength,23.88,150mm Cube,C Strenth Reading 1000000.xlsx,Comp 6,153,False,2.70805020110221,3.7416573867739413,0,0.0,0,0.0,196.0,2744.0
CS_BC_14d_051,EXP_CS_BC_14d,51,Bacterial Concrete,Inoculated,Bacillus subtilis,1000000,OPC 53 (UltraTech),14,Compressive Strength,25.12,150mm Cube,C Strenth Reading 1000000.xlsx,Comp 6,153,False,2.70805020110221,3.7416573867739413,1,13.815511557963774,14,2.70805020110221,196.0,2744.0
CS_NC_14d_052,EXP_CS_NC_14d,52,Normal Concrete,Control,,0,OPC 53 (UltraTech),14,Compressive Strength,24.02,150mm Cube,C Strenth Reading 1000000.xlsx,Comp 6,154,False,2.70805020110221,3.7416573867739413,0,0.0,0,0.0,196.0,2744.0
CS_BC_14d_052,EXP_CS_BC_14d,52,Bacterial Concrete,Inoculated,Bacillus subtilis,1000000,OPC 53 (UltraTech),14,Compressive Strength,24.47,150mm Cube,C Strenth Reading 1000000.xlsx,Comp 6,154,False,2.70805020110221,3.7416573867739413,1,13.815511557963774,14,2.70805020110221,196.0,2744.0
CS_NC_14d_053,EXP_CS_NC_14d,53,Normal Concrete,Control,,0,OPC 53 (UltraTech),14,Compressive Strength,22.48,150mm Cube,C Strenth Reading 1000000.xlsx,Comp 6,155,False,2.70805020110221,3.7416573867739413,0,0.0,0,0.0,196.0,2744.0
CS_BC_14d_053,EXP_CS_BC_14d,53,Bacterial Concrete,Inoculated,Bacillus subtilis,1000000,OPC 53 (UltraTech),14,Compressive Strength,25.04,150mm Cube,C Strenth Reading 1000000.xlsx,Comp 6,155,False,2.70805020110221,3.7416573867739413,1,13.815511557963774,14,2.70805020110221,196.0,2744.0
CS_NC_14d_054,EXP_CS_NC_14d,54,Normal Concrete,Control,,0,OPC 53 (UltraTech),14,Compressive Strength,23.85,150mm Cube,C Strenth Reading 1000000.xlsx,Comp 6,156,False,2.70805020110221,3.7416573867739413,0,0.0,0,0.0,196.0,2744.0
CS_BC_14d_054,EXP_CS_BC_14d,54,Bacterial Concrete,Inoculated,Bacillus subtilis,1000000,OPC 53 (UltraTech),14,Compressive Strength,28.08,150mm Cube,C Strenth Reading 1000000.xlsx,Comp 6,156,False,2.70805020110221,3.7416573867739413,1,13.815511557963774,14,2.70805020110221,196.0,2744.0
CS_NC_14d_055,EXP_CS_NC_14d,55,Normal Concrete,Control,,0,OPC 53 (UltraTech),14,Compressive Strength,23.94,150mm Cube,C Strenth Reading 1000000.xlsx,Comp 6,157,False,2.70805020110221,3.7416573867739413,0,0.0,0,0.0,196.0,2744.0
CS_BC_14d_055,EXP_CS_BC_14d,55,Bacterial Concrete,Inoculated,Bacillus subtilis,1000000,OPC 53 (UltraTech),14,Compressive Strength,25.08,150mm Cube,C Strenth Reading 1000000.xlsx,Comp 6,157,False,2.70805020110221,3.7416573867739413,1,13.815511557963774,14,2.70805020110221,196.0,2744.0
CS_NC_14d_056,EXP_CS_NC_14d,56,Normal Concrete,Control,,0,OPC 53 (UltraTech),14,Compressive Strength,22.43,150mm Cube,C Strenth Reading 1000000.xlsx,Comp 6,158,False,2.70805020110221,3.7416573867739413,0,0.0,0,0.0,196.0,2744.0
CS_BC_14d_056,EXP_CS_BC_14d,56,Bacterial Concrete,Inoculated,Bacillus subtilis,1000000,OPC 53 (UltraTech),14,Compressive Strength,30.45,150mm Cube,C Strenth Reading 1000000.xlsx,Comp 6,158,False,2.70805020110221,3.7416573867739413,1,13.815511557963774,14,2.70805020110221,196.0,2744.0
CS_NC_14d_057,EXP_CS_NC_14d,57,Normal Concrete,Control,,0,OPC 53 (UltraTech),14,Compressive Strength,26.3,150mm Cube,C Strenth Reading 1000000.xlsx,Comp 6,159,False,2.70805020110221,3.7416573867739413,0,0.0,0,0.0,196.0,2744.0
CS_BC_14d_057,EXP_CS_BC_14d,57,Bacterial Concrete,Inoculated,Bacillus subtilis,1000000,OPC 53 (UltraTech),14,Compressive Strength,27.24,150mm Cube,C Strenth Reading 1000000.xlsx,Comp 6,159,False,2.70805020110221,3.7416573867739413,1,13.815511557963774,14,2.70805020110221,196.0,2744.0
CS_NC_14d_058,EXP_CS_NC_14d,58,Normal Concrete,Control,,0,OPC 53 (UltraTech),14,Compressive Strength,24.21,150mm Cube,C Strenth Reading 1000000.xlsx,Comp 6,160,False,2.70805020110221,3.7416573867739413,0,0.0,0,0.0,196.0,2744.0
CS_BC_14d_058,EXP_CS_BC_14d,58,Bacterial Concrete,Inoculated,Bacillus subtilis,1000000,OPC 53 (UltraTech),14,Compressive Strength,26.78,150mm Cube,C Strenth Reading 1000000.xlsx,Comp 6,160,False,2.70805020110221,3.7416573867739413,1,13.815511557963774,14,2.70805020110221,196.0,2744.0
CS_NC_14d_059,EXP_CS_NC_14d,59,Normal Concrete,Control,,0,OPC 53 (UltraTech),14,Compressive Strength,21.71,150mm Cube,C Strenth Reading 1000000.xlsx,Comp 6,161,False,2.70805020110221,3.7416573867739413,0,0.0,0,0.0,196.0,2744.0
CS_BC_14d_059,EXP_CS_BC_14d,59,Bacterial Concrete,Inoculated,Bacillus subtilis,1000000,OPC 53 (UltraTech),14,Compressive Strength,25.21,150mm Cube,C Strenth Reading 1000000.xlsx,Comp 6,161,False,2.70805020110221,3.7416573867739413,1,13.815511557963774,14,2.70805020110221,196.0,2744.0
CS_NC_14d_060,EXP_CS_NC_14d,60,Normal Concrete,Control,,0,OPC 53 (UltraTech),14,Compressive Strength,24.48,150mm Cube,C Strenth Reading 1000000.xlsx,Comp 6,162,False,2.70805020110221,3.7416573867739413,0,0.0,0,0.0,196.0,2744.0
CS_BC_14d_060,EXP_CS_BC_14d,60,Bacterial Concrete,Inoculated,Bacillus subtilis,1000000,OPC 53 (UltraTech),14,Compressive Strength,27.55,150mm Cube,C Strenth Reading 1000000.xlsx,Comp 6,162,False,2.70805020110221,3.7416573867739413,1,13.815511557963774,14,2.70805020110221,196.0,2744.0
CS_NC_14d_061,EXP_CS_NC_14d,61,Normal Concrete,Control,,0,OPC 53 (UltraTech),14,Compressive Strength,22.04,150mm Cube,C Strenth Reading 1000000.xlsx,Comp 6,163,False,2.70805020110221,3.7416573867739413,0,0.0,0,0.0,196.0,2744.0
CS_BC_14d_061,EXP_CS_BC_14d,61,Bacterial Concrete,Inoculated,Bacillus subtilis,1000000,OPC 53 (UltraTech),14,Compressive Strength,25.64,150mm Cube,C Strenth Reading 1000000.xlsx,Comp 6,163,False,2.70805020110221,3.7416573867739413,1,13.815511557963774,14,2.70805020110221,196.0,2744.0
CS_NC_14d_062,EXP_CS_NC_14d,62,Normal Concrete,Control,,0,OPC 53 (UltraTech),14,Compressive Strength,24.68,150mm Cube,C Strenth Reading 1000000.xlsx,Comp 6,164,False,2.70805020110221,3.7416573867739413,0,0.0,0,0.0,196.0,2744.0
CS_BC_14d_062,EXP_CS_BC_14d,62,Bacterial Concrete,Inoculated,Bacillus subtilis,1000000,OPC 53 (UltraTech),14,Compressive Strength,26.68,150mm Cube,C Strenth Reading 1000000.xlsx,Comp 6,164,False,2.70805020110221,3.7416573867739413,1,13.815511557963774,14,2.70805020110221,196.0,2744.0
CS_NC_14d_063,EXP_CS_NC_14d,63,Normal Concrete,Control,,0,OPC 53 (UltraTech),14,Compressive Strength,25.24,150mm Cube,C Strenth Reading 1000000.xlsx,Comp 6,165,False,2.70805020110221,3.7416573867739413,0,0.0,0,0.0,196.0,2744.0
CS_BC_14d_063,EXP_CS_BC_14d,63,Bacterial Concrete,Inoculated,Bacillus subtilis,1000000,OPC 53 (UltraTech),14,Compressive Strength,30.34,150mm Cube,C Strenth Reading 1000000.xlsx,Comp 6,165,False,2.70805020110221,3.7416573867739413,1,13.815511557963774,14,2.70805020110221,196.0,2744.0
CS_NC_14d_064,EXP_CS_NC_14d,64,Normal Concrete,Control,,0,OPC 53 (UltraTech),14,Compressive Strength,22.27,150mm Cube,C Strenth Reading 1000000.xlsx,Comp 6,166,False,2.70805020110221,3.7416573867739413,0,0.0,0,0.0,196.0,2744.0
CS_BC_14d_064,EXP_CS_BC_14d,64,Bacterial Concrete,Inoculated,Bacillus subtilis,1000000,OPC 53 (UltraTech),14,Compressive Strength,26.36,150mm Cube,C Strenth Reading 1000000.xlsx,Comp 6,166,False,2.70805020110221,3.7416573867739413,1,13.815511557963774,14,2.70805020110221,196.0,2744.0
CS_NC_14d_065,EXP_CS_NC_14d,65,Normal Concrete,Control,,0,OPC 53 (UltraTech),14,Compressive Strength,24.95,150mm Cube,C Strenth Reading 1000000.xlsx,Comp 6,167,False,2.70805020110221,3.7416573867739413,0,0.0,0,0.0,196.0,2744.0
CS_BC_14d_065,EXP_CS_BC_14d,65,Bacterial Concrete,Inoculated,Bacillus subtilis,1000000,OPC 53 (UltraTech),14,Compressive Strength,28.22,150mm Cube,C Strenth Reading 1000000.xlsx,Comp 6,167,False,2.70805020110221,3.7416573867739413,1,13.815511557963774,14,2.70805020110221,196.0,2744.0
CS_NC_14d_066,EXP_CS_NC_14d,66,Normal Concrete,Control,,0,OPC 53 (UltraTech),14,Compressive Strength,24.12,150mm Cube,C Strenth Reading 1000000.xlsx,Comp 6,168,False,2.70805020110221,3.7416573867739413,0,0.0,0,0.0,196.0,2744.0
CS_BC_14d_066,EXP_CS_BC_14d,66,Bacterial Concrete,Inoculated,Bacillus subtilis,1000000,OPC 53 (UltraTech),14,Compressive Strength,25.45,150mm Cube,C Strenth Reading 1000000.xlsx,Comp 6,168,False,2.70805020110221,3.7416573867739413,1,13.815511557963774,14,2.70805020110221,196.0,2744.0
CS_NC_14d_067,EXP_CS_NC_14d,67,Normal Concrete,Control,,0,OPC 53 (UltraTech),14,Compressive Strength,24.73,150mm Cube,C Strenth Reading 1000000.xlsx,Comp 6,169,False,2.70805020110221,3.7416573867739413,0,0.0,0,0.0,196.0,2744.0
CS_BC_14d_067,EXP_CS_BC_14d,67,Bacterial Concrete,Inoculated,Bacillus subtilis,1000000,OPC 53 (UltraTech),14,Compressive Strength,26.45,150mm Cube,C Strenth Reading 1000000.xlsx,Comp 6,169,False,2.70805020110221,3.7416573867739413,1,13.815511557963774,14,2.70805020110221,196.0,2744.0
CS_NC_14d_068,EXP_CS_NC_14d,68,Normal Concrete,Control,,0,OPC 53 (UltraTech),14,Compressive Strength,26.35,150mm Cube,C Strenth Reading 1000000.xlsx,Comp 6,170,False,2.70805020110221,3.7416573867739413,0,0.0,0,0.0,196.0,2744.0
CS_BC_14d_068,EXP_CS_BC_14d,68,Bacterial Concrete,Inoculated,Bacillus subtilis,1000000,OPC 53 (UltraTech),14,Compressive Strength,29.16,150mm Cube,C Strenth Reading 1000000.xlsx,Comp 6,170,False,2.70805020110221,3.7416573867739413,1,13.815511557963774,14,2.70805020110221,196.0,2744.0
CS_NC_14d_069,EXP_CS_NC_14d,69,Normal Concrete,Control,,0,OPC 53 (UltraTech),14,Compressive Strength,23.13,150mm Cube,C Strenth Reading 1000000.xlsx,Comp 6,171,False,2.70805020110221,3.7416573867739413,0,0.0,0,0.0,196.0,2744.0
CS_BC_14d_069,EXP_CS_BC_14d,69,Bacterial Concrete,Inoculated,Bacillus subtilis,1000000,OPC 53 (UltraTech),14,Compressive Strength,25.56,150mm Cube,C Strenth Reading 1000000.xlsx,Comp 6,171,False,2.70805020110221,3.7416573867739413,1,13.815511557963774,14,2.70805020110221,196.0,2744.0
CS_NC_14d_070,EXP_CS_NC_14d,70,Normal Concrete,Control,,0,OPC 53 (UltraTech),14,Compressive Strength,22.37,150mm Cube,C Strenth Reading 1000000.xlsx,Comp 6,172,False,2.70805020110221,3.7416573867739413,0,0.0,0,0.0,196.0,2744.0
CS_BC_14d_070,EXP_CS_BC_14d,70,Bacterial Concrete,Inoculated,Bacillus subtilis,1000000,OPC 53 (UltraTech),14,Compressive Strength,29.22,150mm Cube,C Strenth Reading 1000000.xlsx,Comp 6,172,False,2.70805020110221,3.7416573867739413,1,13.815511557963774,14,2.70805020110221,196.0,2744.0
CS_NC_14d_071,EXP_CS_NC_14d,71,Normal Concrete,Control,,0,OPC 53 (UltraTech),14,Compressive Strength,22.17,150mm Cube,C Strenth Reading 1000000.xlsx,Comp 6,173,False,2.70805020110221,3.7416573867739413,0,0.0,0,0.0,196.0,2744.0
CS_BC_14d_071,EXP_CS_BC_14d,71,Bacterial Concrete,Inoculated,Bacillus subtilis,1000000,OPC 53 (UltraTech),14,Compressive Strength,27.56,150mm Cube,C Strenth Reading 1000000.xlsx,Comp 6,173,False,2.70805020110221,3.7416573867739413,1,13.815511557963774,14,2.70805020110221,196.0,2744.0
CS_NC_14d_072,EXP_CS_NC_14d,72,Normal Concrete,Control,,0,OPC 53 (UltraTech),14,Compressive Strength,22.28,150mm Cube,C Strenth Reading 1000000.xlsx,Comp 6,174,False,2.70805020110221,3.7416573867739413,0,0.0,0,0.0,196.0,2744.0
CS_BC_14d_072,EXP_CS_BC_14d,72,Bacterial Concrete,Inoculated,Bacillus subtilis,1000000,OPC 53 (UltraTech),14,Compressive Strength,25.66,150mm Cube,C Strenth Reading 1000000.xlsx,Comp 6,174,False,2.70805020110221,3.7416573867739413,1,13.815511557963774,14,2.70805020110221,196.0,2744.0
CS_NC_14d_073,EXP_CS_NC_14d,73,Normal Concrete,Control,,0,OPC 53 (UltraTech),14,Compressive Strength,23.38,150mm Cube,C Strenth Reading 1000000.xlsx,Comp 6,175,False,2.70805020110221,3.7416573867739413,0,0.0,0,0.0,196.0,2744.0
CS_BC_14d_073,EXP_CS_BC_14d,73,Bacterial Concrete,Inoculated,Bacillus subtilis,1000000,OPC 53 (UltraTech),14,Compressive Strength,27.45,150mm Cube,C Strenth Reading 1000000.xlsx,Comp 6,175,False,2.70805020110221,3.7416573867739413,1,13.815511557963774,14,2.70805020110221,196.0,2744.0
CS_NC_14d_074,EXP_CS_NC_14d,74,Normal Concrete,Control,,0,OPC 53 (UltraTech),14,Compressive Strength,24.01,150mm Cube,C Strenth Reading 1000000.xlsx,Comp 6,176,False,2.70805020110221,3.7416573867739413,0,0.0,0,0.0,196.0,2744.0
CS_BC_14d_074,EXP_CS_BC_14d,74,Bacterial Concrete,Inoculated,Bacillus subtilis,1000000,OPC 53 (UltraTech),14,Compressive Strength,27.96,150mm Cube,C Strenth Reading 1000000.xlsx,Comp 6,176,False,2.70805020110221,3.7416573867739413,1,13.815511557963774,14,2.70805020110221,196.0,2744.0
CS_NC_14d_075,EXP_CS_NC_14d,75,Normal Concrete,Control,,0,OPC 53 (UltraTech),14,Compressive Strength,23.92,150mm Cube,C Strenth Reading 1000000.xlsx,Comp 6,177,False,2.70805020110221,3.7416573867739413,0,0.0,0,0.0,196.0,2744.0
CS_BC_14d_075,EXP_CS_BC_14d,75,Bacterial Concrete,Inoculated,Bacillus subtilis,1000000,OPC 53 (UltraTech),14,Compressive Strength,27.43,150mm Cube,C Strenth Reading 1000000.xlsx,Comp 6,177,False,2.70805020110221,3.7416573867739413,1,13.815511557963774,14,2.70805020110221,196.0,2744.0
CS_NC_14d_076,EXP_CS_NC_14d,76,Normal Concrete,Control,,0,OPC 53 (UltraTech),14,Compressive Strength,24.74,150mm Cube,C Strenth Reading 1000000.xlsx,Comp 6,178,False,2.70805020110221,3.7416573867739413,0,0.0,0,0.0,196.0,2744.0
CS_BC_14d_076,EXP_CS_BC_14d,76,Bacterial Concrete,Inoculated,Bacillus subtilis,1000000,OPC 53 (UltraTech),14,Compressive Strength,24.14,150mm Cube,C Strenth Reading 1000000.xlsx,Comp 6,178,False,2.70805020110221,3.7416573867739413,1,13.815511557963774,14,2.70805020110221,196.0,2744.0
CS_NC_14d_077,EXP_CS_NC_14d,77,Normal Concrete,Control,,0,OPC 53 (UltraTech),14,Compressive Strength,23.52,150mm Cube,C Strenth Reading 1000000.xlsx,Comp 6,179,False,2.70805020110221,3.7416573867739413,0,0.0,0,0.0,196.0,2744.0
CS_BC_14d_077,EXP_CS_BC_14d,77,Bacterial Concrete,Inoculated,Bacillus subtilis,1000000,OPC 53 (UltraTech),14,Compressive Strength,25.41,150mm Cube,C Strenth Reading 1000000.xlsx,Comp 6,179,False,2.70805020110221,3.7416573867739413,1,13.815511557963774,14,2.70805020110221,196.0,2744.0
CS_NC_14d_078,EXP_CS_NC_14d,78,Normal Concrete,Control,,0,OPC 53 (UltraTech),14,Compressive Strength,25.68,150mm Cube,C Strenth Reading 1000000.xlsx,Comp 6,180,False,2.70805020110221,3.7416573867739413,0,0.0,0,0.0,196.0,2744.0
CS_BC_14d_078,EXP_CS_BC_14d,78,Bacterial Concrete,Inoculated,Bacillus subtilis,1000000,OPC 53 (UltraTech),14,Compressive Strength,26.13,150mm Cube,C Strenth Reading 1000000.xlsx,Comp 6,180,False,2.70805020110221,3.7416573867739413,1,13.815511557963774,14,2.70805020110221,196.0,2744.0
CS_NC_14d_079,EXP_CS_NC_14d,79,Normal Concrete,Control,,0,OPC 53 (UltraTech),14,Compressive Strength,23.1,150mm Cube,C Strenth Reading 1000000.xlsx,Comp 6,181,False,2.70805020110221,3.7416573867739413,0,0.0,0,0.0,196.0,2744.0
CS_BC_14d_079,EXP_CS_BC_14d,79,Bacterial Concrete,Inoculated,Bacillus subtilis,1000000,OPC 53 (UltraTech),14,Compressive Strength,26.39,150mm Cube,C Strenth Reading 1000000.xlsx,Comp 6,181,False,2.70805020110221,3.7416573867739413,1,13.815511557963774,14,2.70805020110221,196.0,2744.0
CS_NC_14d_080,EXP_CS_NC_14d,80,Normal Concrete,Control,,0,OPC 53 (UltraTech),14,Compressive Strength,27.58,150mm Cube,C Strenth Reading 1000000.xlsx,Comp 6,182,False,2.70805020110221,3.7416573867739413,0,0.0,0,0.0,196.0,2744.0
CS_BC_14d_080,EXP_CS_BC_14d,80,Bacterial Concrete,Inoculated,Bacillus subtilis,1000000,OPC 53 (UltraTech),14,Compressive Strength,27.43,150mm Cube,C Strenth Reading 1000000.xlsx,Comp 6,182,False,2.70805020110221,3.7416573867739413,1,13.815511557963774,14,2.70805020110221,196.0,2744.0
CS_NC_14d_081,EXP_CS_NC_14d,81,Normal Concrete,Control,,0,OPC 53 (UltraTech),14,Compressive Strength,24.44,150mm Cube,C Strenth Reading 1000000.xlsx,Comp 6,183,False,2.70805020110221,3.7416573867739413,0,0.0,0,0.0,196.0,2744.0
CS_BC_14d_081,EXP_CS_BC_14d,81,Bacterial Concrete,Inoculated,Bacillus subtilis,1000000,OPC 53 (UltraTech),14,Compressive Strength,26.77,150mm Cube,C Strenth Reading 1000000.xlsx,Comp 6,183,False,2.70805020110221,3.7416573867739413,1,13.815511557963774,14,2.70805020110221,196.0,2744.0
CS_NC_14d_082,EXP_CS_NC_14d,82,Normal Concrete,Control,,0,OPC 53 (UltraTech),14,Compressive Strength,22.21,150mm Cube,C Strenth Reading 1000000.xlsx,Comp 6,184,False,2.70805020110221,3.7416573867739413,0,0.0,0,0.0,196.0,2744.0
CS_BC_14d_082,EXP_CS_BC_14d,82,Bacterial Concrete,Inoculated,Bacillus subtilis,1000000,OPC 53 (UltraTech),14,Compressive Strength,24.5,150mm Cube,C Strenth Reading 1000000.xlsx,Comp 6,184,False,2.70805020110221,3.7416573867739413,1,13.815511557963774,14,2.70805020110221,196.0,2744.0
CS_NC_14d_083,EXP_CS_NC_14d,83,Normal Concrete,Control,,0,OPC 53 (UltraTech),14,Compressive Strength,21.89,150mm Cube,C Strenth Reading 1000000.xlsx,Comp 6,185,False,2.70805020110221,3.7416573867739413,0,0.0,0,0.0,196.0,2744.0
CS_BC_14d_083,EXP_CS_BC_14d,83,Bacterial Concrete,Inoculated,Bacillus subtilis,1000000,OPC 53 (UltraTech),14,Compressive Strength,27.07,150mm Cube,C Strenth Reading 1000000.xlsx,Comp 6,185,False,2.70805020110221,3.7416573867739413,1,13.815511557963774,14,2.70805020110221,196.0,2744.0
CS_NC_14d_084,EXP_CS_NC_14d,84,Normal Concrete,Control,,0,OPC 53 (UltraTech),14,Compressive Strength,24.22,150mm Cube,C Strenth Reading 1000000.xlsx,Comp 6,186,False,2.70805020110221,3.7416573867739413,0,0.0,0,0.0,196.0,2744.0
CS_BC_14d_084,EXP_CS_BC_14d,84,Bacterial Concrete,Inoculated,Bacillus subtilis,1000000,OPC 53 (UltraTech),14,Compressive Strength,27.42,150mm Cube,C Strenth Reading 1000000.xlsx,Comp 6,186,False,2.70805020110221,3.7416573867739413,1,13.815511557963774,14,2.70805020110221,196.0,2744.0
CS_NC_14d_085,EXP_CS_NC_14d,85,Normal Concrete,Control,,0,OPC 53 (UltraTech),14,Compressive Strength,23.16,150mm Cube,C Strenth Reading 1000000.xlsx,Comp 6,187,False,2.70805020110221,3.7416573867739413,0,0.0,0,0.0,196.0,2744.0
CS_BC_14d_085,EXP_CS_BC_14d,85,Bacterial Concrete,Inoculated,Bacillus subtilis,1000000,OPC 53 (UltraTech),14,Compressive Strength,27.34,150mm Cube,C Strenth Reading 1000000.xlsx,Comp 6,187,False,2.70805020110221,3.7416573867739413,1,13.815511557963774,14,2.70805020110221,196.0,2744.0
CS_NC_14d_086,EXP_CS_NC_14d,86,Normal Concrete,Control,,0,OPC 53 (UltraTech),14,Compressive Strength,24.57,150mm Cube,C Strenth Reading 1000000.xlsx,Comp 6,188,False,2.70805020110221,3.7416573867739413,0,0.0,0,0.0,196.0,2744.0
CS_BC_14d_086,EXP_CS_BC_14d,86,Bacterial Concrete,Inoculated,Bacillus subtilis,1000000,OPC 53 (UltraTech),14,Compressive Strength,28.12,150mm Cube,C Strenth Reading 1000000.xlsx,Comp 6,188,False,2.70805020110221,3.7416573867739413,1,13.815511557963774,14,2.70805020110221,196.0,2744.0
CS_NC_14d_087,EXP_CS_NC_14d,87,Normal Concrete,Control,,0,OPC 53 (UltraTech),14,Compressive Strength,24.21,150mm Cube,C Strenth Reading 1000000.xlsx,Comp 6,189,False,2.70805020110221,3.7416573867739413,0,0.0,0,0.0,196.0,2744.0
CS_BC_14d_087,EXP_CS_BC_14d,87,Bacterial Concrete,Inoculated,Bacillus subtilis,1000000,OPC 53 (UltraTech),14,Compressive Strength,27.75,150mm Cube,C Strenth Reading 1000000.xlsx,Comp 6,189,False,2.70805020110221,3.7416573867739413,1,13.815511557963774,14,2.70805020110221,196.0,2744.0
CS_NC_14d_088,EXP_CS_NC_14d,88,Normal Concrete,Control,,0,OPC 53 (UltraTech),14,Compressive Strength,23.39,150mm Cube,C Strenth Reading 1000000.xlsx,Comp 6,190,False,2.70805020110221,3.7416573867739413,0,0.0,0,0.0,196.0,2744.0
CS_BC_14d_088,EXP_CS_BC_14d,88,Bacterial Concrete,Inoculated,Bacillus subtilis,1000000,OPC 53 (UltraTech),14,Compressive Strength,27.19,150mm Cube,C Strenth Reading 1000000.xlsx,Comp 6,190,False,2.70805020110221,3.7416573867739413,1,13.815511557963774,14,2.70805020110221,196.0,2744.0
CS_NC_14d_089,EXP_CS_NC_14d,89,Normal Concrete,Control,,0,OPC 53 (UltraTech),14,Compressive Strength,22.23,150mm Cube,C Strenth Reading 1000000.xlsx,Comp 6,191,False,2.70805020110221,3.7416573867739413,0,0.0,0,0.0,196.0,2744.0
CS_BC_14d_089,EXP_CS_BC_14d,89,Bacterial Concrete,Inoculated,Bacillus subtilis,1000000,OPC 53 (UltraTech),14,Compressive Strength,26.39,150mm Cube,C Strenth Reading 1000000.xlsx,Comp 6,191,False,2.70805020110221,3.7416573867739413,1,13.815511557963774,14,2.70805020110221,196.0,2744.0
CS_NC_14d_090,EXP_CS_NC_14d,90,Normal Concrete,Control,,0,OPC 53 (UltraTech),14,Compressive Strength,21.23,150mm Cube,C Strenth Reading 1000000.xlsx,Comp 6,192,False,2.70805020110221,3.7416573867739413,0,0.0,0,0.0,196.0,2744.0
CS_BC_14d_090,EXP_CS_BC_14d,90,Bacterial Concrete,Inoculated,Bacillus subtilis,1000000,OPC 53 (UltraTech),14,Compressive Strength,24.01,150mm Cube,C Strenth Reading 1000000.xlsx,Comp 6,192,False,2.70805020110221,3.7416573867739413,1,13.815511557963774,14,2.70805020110221,196.0,2744.0
CS_NC_14d_091,EXP_CS_NC_14d,91,Normal Concrete,Control,,0,OPC 53 (UltraTech),14,Compressive Strength,22.83,150mm Cube,C Strenth Reading 1000000.xlsx,Comp 6,193,False,2.70805020110221,3.7416573867739413,0,0.0,0,0.0,196.0,2744.0
CS_BC_14d_091,EXP_CS_BC_14d,91,Bacterial Concrete,Inoculated,Bacillus subtilis,1000000,OPC 53 (UltraTech),14,Compressive Strength,27.14,150mm Cube,C Strenth Reading 1000000.xlsx,Comp 6,193,False,2.70805020110221,3.7416573867739413,1,13.815511557963774,14,2.70805020110221,196.0,2744.0
CS_NC_14d_092,EXP_CS_NC_14d,92,Normal Concrete,Control,,0,OPC 53 (UltraTech),14,Compressive Strength,24.78,150mm Cube,C Strenth Reading 1000000.xlsx,Comp 6,194,False,2.70805020110221,3.7416573867739413,0,0.0,0,0.0,196.0,2744.0
CS_BC_14d_092,EXP_CS_BC_14d,92,Bacterial Concrete,Inoculated,Bacillus subtilis,1000000,OPC 53 (UltraTech),14,Compressive Strength,26.81,150mm Cube,C Strenth Reading 1000000.xlsx,Comp 6,194,False,2.70805020110221,3.7416573867739413,1,13.815511557963774,14,2.70805020110221,196.0,2744.0
CS_NC_14d_093,EXP_CS_NC_14d,93,Normal Concrete,Control,,0,OPC 53 (UltraTech),14,Compressive Strength,23.82,150mm Cube,C Strenth Reading 1000000.xlsx,Comp 6,195,False,2.70805020110221,3.7416573867739413,0,0.0,0,0.0,196.0,2744.0
CS_BC_14d_093,EXP_CS_BC_14d,93,Bacterial Concrete,Inoculated,Bacillus subtilis,1000000,OPC 53 (UltraTech),14,Compressive Strength,26.91,150mm Cube,C Strenth Reading 1000000.xlsx,Comp 6,195,False,2.70805020110221,3.7416573867739413,1,13.815511557963774,14,2.70805020110221,196.0,2744.0
CS_NC_14d_094,EXP_CS_NC_14d,94,Normal Concrete,Control,,0,OPC 53 (UltraTech),14,Compressive Strength,21.63,150mm Cube,C Strenth Reading 1000000.xlsx,Comp 6,196,False,2.70805020110221,3.7416573867739413,0,0.0,0,0.0,196.0,2744.0
CS_BC_14d_094,EXP_CS_BC_14d,94,Bacterial Concrete,Inoculated,Bacillus subtilis,1000000,OPC 53 (UltraTech),14,Compressive Strength,24.58,150mm Cube,C Strenth Reading 1000000.xlsx,Comp 6,196,False,2.70805020110221,3.7416573867739413,1,13.815511557963774,14,2.70805020110221,196.0,2744.0
CS_NC_14d_095,EXP_CS_NC_14d,95,Normal Concrete,Control,,0,OPC 53 (UltraTech),14,Compressive Strength,23.76,150mm Cube,C Strenth Reading 1000000.xlsx,Comp 6,197,False,2.70805020110221,3.7416573867739413,0,0.0,0,0.0,196.0,2744.0
CS_BC_14d_095,EXP_CS_BC_14d,95,Bacterial Concrete,Inoculated,Bacillus subtilis,1000000,OPC 53 (UltraTech),14,Compressive Strength,24.88,150mm Cube,C Strenth Reading 1000000.xlsx,Comp 6,197,False,2.70805020110221,3.7416573867739413,1,13.815511557963774,14,2.70805020110221,196.0,2744.0
CS_NC_14d_096,EXP_CS_NC_14d,96,Normal Concrete,Control,,0,OPC 53 (UltraTech),14,Compressive Strength,24.08,150mm Cube,C Strenth Reading 1000000.xlsx,Comp 6,198,False,2.70805020110221,3.7416573867739413,0,0.0,0,0.0,196.0,2744.0
CS_BC_14d_096,EXP_CS_BC_14d,96,Bacterial Concrete,Inoculated,Bacillus subtilis,1000000,OPC 53 (UltraTech),14,Compressive Strength,28.08,150mm Cube,C Strenth Reading 1000000.xlsx,Comp 6,198,False,2.70805020110221,3.7416573867739413,1,13.815511557963774,14,2.70805020110221,196.0,2744.0
CS_NC_14d_097,EXP_CS_NC_14d,97,Normal Concrete,Control,,0,OPC 53 (UltraTech),14,Compressive Strength,22.17,150mm Cube,C Strenth Reading 1000000.xlsx,Comp 6,199,False,2.70805020110221,3.7416573867739413,0,0.0,0,0.0,196.0,2744.0
CS_BC_14d_097,EXP_CS_BC_14d,97,Bacterial Concrete,Inoculated,Bacillus subtilis,1000000,OPC 53 (UltraTech),14,Compressive Strength,26.44,150mm Cube,C Strenth Reading 1000000.xlsx,Comp 6,199,False,2.70805020110221,3.7416573867739413,1,13.815511557963774,14,2.70805020110221,196.0,2744.0
CS_NC_14d_098,EXP_CS_NC_14d,98,Normal Concrete,Control,,0,OPC 53 (UltraTech),14,Compressive Strength,23.73,150mm Cube,C Strenth Reading 1000000.xlsx,Comp 6,200,False,2.70805020110221,3.7416573867739413,0,0.0,0,0.0,196.0,2744.0
CS_BC_14d_098,EXP_CS_BC_14d,98,Bacterial Concrete,Inoculated,Bacillus subtilis,1000000,OPC 53 (UltraTech),14,Compressive Strength,27.52,150mm Cube,C Strenth Reading 1000000.xlsx,Comp 6,200,False,2.70805020110221,3.7416573867739413,1,13.815511557963774,14,2.70805020110221,196.0,2744.0
CS_NC_14d_099,EXP_CS_NC_14d,99,Normal Concrete,Control,,0,OPC 53 (UltraTech),14,Compressive Strength,23.59,150mm Cube,C Strenth Reading 1000000.xlsx,Comp 6,201,False,2.70805020110221,3.7416573867739413,0,0.0,0,0.0,196.0,2744.0
CS_BC_14d_099,EXP_CS_BC_14d,99,Bacterial Concrete,Inoculated,Bacillus subtilis,1000000,OPC 53 (UltraTech),14,Compressive Strength,26.54,150mm Cube,C Strenth Reading 1000000.xlsx,Comp 6,201,False,2.70805020110221,3.7416573867739413,1,13.815511557963774,14,2.70805020110221,196.0,2744.0
CS_NC_14d_100,EXP_CS_NC_14d,100,Normal Concrete,Control,,0,OPC 53 (UltraTech),14,Compressive Strength,21.79,150mm Cube,C Strenth Reading 1000000.xlsx,Comp 6,202,False,2.70805020110221,3.7416573867739413,0,0.0,0,0.0,196.0,2744.0
CS_BC_14d_100,EXP_CS_BC_14d,100,Bacterial Concrete,Inoculated,Bacillus subtilis,1000000,OPC 53 (UltraTech),14,Compressive Strength,26.54,150mm Cube,C Strenth Reading 1000000.xlsx,Comp 6,202,False,2.70805020110221,3.7416573867739413,1,13.815511557963774,14,2.70805020110221,196.0,2744.0
CS_NC_21d_001,EXP_CS_NC_21d,1,Normal Concrete,Control,,0,OPC 53 (UltraTech),21,Compressive Strength,26.04,150mm Cube,C Strenth Reading 1000000.xlsx,Comp 6,203,False,3.091042453358316,4.58257569495584,0,0.0,0,0.0,441.0,9261.0
CS_BC_21d_001,EXP_CS_BC_21d,1,Bacterial Concrete,Inoculated,Bacillus subtilis,1000000,OPC 53 (UltraTech),21,Compressive Strength,30.91,150mm Cube,C Strenth Reading 1000000.xlsx,Comp 6,203,False,3.091042453358316,4.58257569495584,1,13.815511557963774,21,3.091042453358316,441.0,9261.0
CS_NC_21d_002,EXP_CS_NC_21d,2,Normal Concrete,Control,,0,OPC 53 (UltraTech),21,Compressive Strength,26.34,150mm Cube,C Strenth Reading 1000000.xlsx,Comp 6,204,False,3.091042453358316,4.58257569495584,0,0.0,0,0.0,441.0,9261.0
CS_BC_21d_002,EXP_CS_BC_21d,2,Bacterial Concrete,Inoculated,Bacillus subtilis,1000000,OPC 53 (UltraTech),21,Compressive Strength,28.73,150mm Cube,C Strenth Reading 1000000.xlsx,Comp 6,204,False,3.091042453358316,4.58257569495584,1,13.815511557963774,21,3.091042453358316,441.0,9261.0
CS_NC_21d_003,EXP_CS_NC_21d,3,Normal Concrete,Control,,0,OPC 53 (UltraTech),21,Compressive Strength,27.12,150mm Cube,C Strenth Reading 1000000.xlsx,Comp 6,205,False,3.091042453358316,4.58257569495584,0,0.0,0,0.0,441.0,9261.0
CS_BC_21d_003,EXP_CS_BC_21d,3,Bacterial Concrete,Inoculated,Bacillus subtilis,1000000,OPC 53 (UltraTech),21,Compressive Strength,29.64,150mm Cube,C Strenth Reading 1000000.xlsx,Comp 6,205,False,3.091042453358316,4.58257569495584,1,13.815511557963774,21,3.091042453358316,441.0,9261.0
CS_NC_21d_004,EXP_CS_NC_21d,4,Normal Concrete,Control,,0,OPC 53 (UltraTech),21,Compressive Strength,27.08,150mm Cube,C Strenth Reading 1000000.xlsx,Comp 6,206,False,3.091042453358316,4.58257569495584,0,0.0,0,0.0,441.0,9261.0
CS_BC_21d_004,EXP_CS_BC_21d,4,Bacterial Concrete,Inoculated,Bacillus subtilis,1000000,OPC 53 (UltraTech),21,Compressive Strength,28.81,150mm Cube,C Strenth Reading 1000000.xlsx,Comp 6,206,False,3.091042453358316,4.58257569495584,1,13.815511557963774,21,3.091042453358316,441.0,9261.0
CS_NC_21d_005,EXP_CS_NC_21d,5,Normal Concrete,Control,,0,OPC 53 (UltraTech),21,Compressive Strength,23.43,150mm Cube,C Strenth Reading 1000000.xlsx,Comp 6,207,False,3.091042453358316,4.58257569495584,0,0.0,0,0.0,441.0,9261.0
CS_BC_21d_005,EXP_CS_BC_21d,5,Bacterial Concrete,Inoculated,Bacillus subtilis,1000000,OPC 53 (UltraTech),21,Compressive Strength,28.85,150mm Cube,C Strenth Reading 1000000.xlsx,Comp 6,207,False,3.091042453358316,4.58257569495584,1,13.815511557963774,21,3.091042453358316,441.0,9261.0
CS_NC_21d_006,EXP_CS_NC_21d,6,Normal Concrete,Control,,0,OPC 53 (UltraTech),21,Compressive Strength,24.09,150mm Cube,C Strenth Reading 1000000.xlsx,Comp 6,208,False,3.091042453358316,4.58257569495584,0,0.0,0,0.0,441.0,9261.0
CS_BC_21d_006,EXP_CS_BC_21d,6,Bacterial Concrete,Inoculated,Bacillus subtilis,1000000,OPC 53 (UltraTech),21,Compressive Strength,29.04,150mm Cube,C Strenth Reading 1000000.xlsx,Comp 6,208,False,3.091042453358316,4.58257569495584,1,13.815511557963774,21,3.091042453358316,441.0,9261.0
CS_NC_21d_007,EXP_CS_NC_21d,7,Normal Concrete,Control,,0,OPC 53 (UltraTech),21,Compressive Strength,26.27,150mm Cube,C Strenth Reading 1000000.xlsx,Comp 6,209,False,3.091042453358316,4.58257569495584,0,0.0,0,0.0,441.0,9261.0
CS_BC_21d_007,EXP_CS_BC_21d,7,Bacterial Concrete,Inoculated,Bacillus subtilis,1000000,OPC 53 (UltraTech),21,Compressive Strength,29.83,150mm Cube,C Strenth Reading 1000000.xlsx,Comp 6,209,False,3.091042453358316,4.58257569495584,1,13.815511557963774,21,3.091042453358316,441.0,9261.0
CS_NC_21d_008,EXP_CS_NC_21d,8,Normal Concrete,Control,,0,OPC 53 (UltraTech),21,Compressive Strength,26.27,150mm Cube,C Strenth Reading 1000000.xlsx,Comp 6,210,False,3.091042453358316,4.58257569495584,0,0.0,0,0.0,441.0,9261.0
CS_BC_21d_008,EXP_CS_BC_21d,8,Bacterial Concrete,Inoculated,Bacillus subtilis,1000000,OPC 53 (UltraTech),21,Compressive Strength,28.78,150mm Cube,C Strenth Reading 1000000.xlsx,Comp 6,210,False,3.091042453358316,4.58257569495584,1,13.815511557963774,21,3.091042453358316,441.0,9261.0
CS_NC_21d_009,EXP_CS_NC_21d,9,Normal Concrete,Control,,0,OPC 53 (UltraTech),21,Compressive Strength,26.27,150mm Cube,C Strenth Reading 1000000.xlsx,Comp 6,211,False,3.091042453358316,4.58257569495584,0,0.0,0,0.0,441.0,9261.0
CS_BC_21d_009,EXP_CS_BC_21d,9,Bacterial Concrete,Inoculated,Bacillus subtilis,1000000,OPC 53 (UltraTech),21,Compressive Strength,31.38,150mm Cube,C Strenth Reading 1000000.xlsx,Comp 6,211,False,3.091042453358316,4.58257569495584,1,13.815511557963774,21,3.091042453358316,441.0,9261.0
CS_NC_21d_010,EXP_CS_NC_21d,10,Normal Concrete,Control,,0,OPC 53 (UltraTech),21,Compressive Strength,31.28,150mm Cube,C Strenth Reading 1000000.xlsx,Comp 6,212,False,3.091042453358316,4.58257569495584,0,0.0,0,0.0,441.0,9261.0
CS_BC_21d_010,EXP_CS_BC_21d,10,Bacterial Concrete,Inoculated,Bacillus subtilis,1000000,OPC 53 (UltraTech),21,Compressive Strength,28.16,150mm Cube,C Strenth Reading 1000000.xlsx,Comp 6,212,False,3.091042453358316,4.58257569495584,1,13.815511557963774,21,3.091042453358316,441.0,9261.0
CS_NC_21d_011,EXP_CS_NC_21d,11,Normal Concrete,Control,,0,OPC 53 (UltraTech),21,Compressive Strength,26.36,150mm Cube,C Strenth Reading 1000000.xlsx,Comp 6,213,False,3.091042453358316,4.58257569495584,0,0.0,0,0.0,441.0,9261.0
CS_BC_21d_011,EXP_CS_BC_21d,11,Bacterial Concrete,Inoculated,Bacillus subtilis,1000000,OPC 53 (UltraTech),21,Compressive Strength,29.22,150mm Cube,C Strenth Reading 1000000.xlsx,Comp 6,213,False,3.091042453358316,4.58257569495584,1,13.815511557963774,21,3.091042453358316,441.0,9261.0
CS_NC_21d_012,EXP_CS_NC_21d,12,Normal Concrete,Control,,0,OPC 53 (UltraTech),21,Compressive Strength,27.2,150mm Cube,C Strenth Reading 1000000.xlsx,Comp 6,214,False,3.091042453358316,4.58257569495584,0,0.0,0,0.0,441.0,9261.0
CS_BC_21d_012,EXP_CS_BC_21d,12,Bacterial Concrete,Inoculated,Bacillus subtilis,1000000,OPC 53 (UltraTech),21,Compressive Strength,28.84,150mm Cube,C Strenth Reading 1000000.xlsx,Comp 6,214,False,3.091042453358316,4.58257569495584,1,13.815511557963774,21,3.091042453358316,441.0,9261.0
CS_NC_21d_013,EXP_CS_NC_21d,13,Normal Concrete,Control,,0,OPC 53 (UltraTech),21,Compressive Strength,26.93,150mm Cube,C Strenth Reading 1000000.xlsx,Comp 6,215,False,3.091042453358316,4.58257569495584,0,0.0,0,0.0,441.0,9261.0
CS_BC_21d_013,EXP_CS_BC_21d,13,Bacterial Concrete,Inoculated,Bacillus subtilis,1000000,OPC 53 (UltraTech),21,Compressive Strength,31.67,150mm Cube,C Strenth Reading 1000000.xlsx,Comp 6,215,False,3.091042453358316,4.58257569495584,1,13.815511557963774,21,3.091042453358316,441.0,9261.0
CS_NC_21d_014,EXP_CS_NC_21d,14,Normal Concrete,Control,,0,OPC 53 (UltraTech),21,Compressive Strength,26.48,150mm Cube,C Strenth Reading 1000000.xlsx,Comp 6,216,False,3.091042453358316,4.58257569495584,0,0.0,0,0.0,441.0,9261.0
CS_BC_21d_014,EXP_CS_BC_21d,14,Bacterial Concrete,Inoculated,Bacillus subtilis,1000000,OPC 53 (UltraTech),21,Compressive Strength,29.79,150mm Cube,C Strenth Reading 1000000.xlsx,Comp 6,216,False,3.091042453358316,4.58257569495584,1,13.815511557963774,21,3.091042453358316,441.0,9261.0
CS_NC_21d_015,EXP_CS_NC_21d,15,Normal Concrete,Control,,0,OPC 53 (UltraTech),21,Compressive Strength,25.03,150mm Cube,C Strenth Reading 1000000.xlsx,Comp 6,217,False,3.091042453358316,4.58257569495584,0,0.0,0,0.0,441.0,9261.0
CS_BC_21d_015,EXP_CS_BC_21d,15,Bacterial Concrete,Inoculated,Bacillus subtilis,1000000,OPC 53 (UltraTech),21,Compressive Strength,31.05,150mm Cube,C Strenth Reading 1000000.xlsx,Comp 6,217,False,3.091042453358316,4.58257569495584,1,13.815511557963774,21,3.091042453358316,441.0,9261.0
CS_NC_21d_016,EXP_CS_NC_21d,16,Normal Concrete,Control,,0,OPC 53 (UltraTech),21,Compressive Strength,26.64,150mm Cube,C Strenth Reading 1000000.xlsx,Comp 6,218,False,3.091042453358316,4.58257569495584,0,0.0,0,0.0,441.0,9261.0
CS_BC_21d_016,EXP_CS_BC_21d,16,Bacterial Concrete,Inoculated,Bacillus subtilis,1000000,OPC 53 (UltraTech),21,Compressive Strength,27.27,150mm Cube,C Strenth Reading 1000000.xlsx,Comp 6,218,False,3.091042453358316,4.58257569495584,1,13.815511557963774,21,3.091042453358316,441.0,9261.0
CS_NC_21d_017,EXP_CS_NC_21d,17,Normal Concrete,Control,,0,OPC 53 (UltraTech),21,Compressive Strength,24.34,150mm Cube,C Strenth Reading 1000000.xlsx,Comp 6,219,False,3.091042453358316,4.58257569495584,0,0.0,0,0.0,441.0,9261.0
CS_BC_21d_017,EXP_CS_BC_21d,17,Bacterial Concrete,Inoculated,Bacillus subtilis,1000000,OPC 53 (UltraTech),21,Compressive Strength,29.9,150mm Cube,C Strenth Reading 1000000.xlsx,Comp 6,219,False,3.091042453358316,4.58257569495584,1,13.815511557963774,21,3.091042453358316,441.0,9261.0
CS_NC_21d_018,EXP_CS_NC_21d,18,Normal Concrete,Control,,0,OPC 53 (UltraTech),21,Compressive Strength,25.14,150mm Cube,C Strenth Reading 1000000.xlsx,Comp 6,220,False,3.091042453358316,4.58257569495584,0,0.0,0,0.0,441.0,9261.0
CS_BC_21d_018,EXP_CS_BC_21d,18,Bacterial Concrete,Inoculated,Bacillus subtilis,1000000,OPC 53 (UltraTech),21,Compressive Strength,30.83,150mm Cube,C Strenth Reading 1000000.xlsx,Comp 6,220,False,3.091042453358316,4.58257569495584,1,13.815511557963774,21,3.091042453358316,441.0,9261.0
CS_NC_21d_019,EXP_CS_NC_21d,19,Normal Concrete,Control,,0,OPC 53 (UltraTech),21,Compressive Strength,24.77,150mm Cube,C Strenth Reading 1000000.xlsx,Comp 6,221,False,3.091042453358316,4.58257569495584,0,0.0,0,0.0,441.0,9261.0
CS_BC_21d_019,EXP_CS_BC_21d,19,Bacterial Concrete,Inoculated,Bacillus subtilis,1000000,OPC 53 (UltraTech),21,Compressive Strength,29.62,150mm Cube,C Strenth Reading 1000000.xlsx,Comp 6,221,False,3.091042453358316,4.58257569495584,1,13.815511557963774,21,3.091042453358316,441.0,9261.0
CS_NC_21d_020,EXP_CS_NC_21d,20,Normal Concrete,Control,,0,OPC 53 (UltraTech),21,Compressive Strength,25.62,150mm Cube,C Strenth Reading 1000000.xlsx,Comp 6,222,False,3.091042453358316,4.58257569495584,0,0.0,0,0.0,441.0,9261.0
CS_BC_21d_020,EXP_CS_BC_21d,20,Bacterial Concrete,Inoculated,Bacillus subtilis,1000000,OPC 53 (UltraTech),21,Compressive Strength,31.1,150mm Cube,C Strenth Reading 1000000.xlsx,Comp 6,222,False,3.091042453358316,4.58257569495584,1,13.815511557963774,21,3.091042453358316,441.0,9261.0
CS_NC_21d_021,EXP_CS_NC_21d,21,Normal Concrete,Control,,0,OPC 53 (UltraTech),21,Compressive Strength,28.97,150mm Cube,C Strenth Reading 1000000.xlsx,Comp 6,223,False,3.091042453358316,4.58257569495584,0,0.0,0,0.0,441.0,9261.0
CS_BC_21d_021,EXP_CS_BC_21d,21,Bacterial Concrete,Inoculated,Bacillus subtilis,1000000,OPC 53 (UltraTech),21,Compressive Strength,28.72,150mm Cube,C Strenth Reading 1000000.xlsx,Comp 6,223,False,3.091042453358316,4.58257569495584,1,13.815511557963774,21,3.091042453358316,441.0,9261.0
CS_NC_21d_022,EXP_CS_NC_21d,22,Normal Concrete,Control,,0,OPC 53 (UltraTech),21,Compressive Strength,22.7,150mm Cube,C Strenth Reading 1000000.xlsx,Comp 6,224,False,3.091042453358316,4.58257569495584,0,0.0,0,0.0,441.0,9261.0
CS_BC_21d_022,EXP_CS_BC_21d,22,Bacterial Concrete,Inoculated,Bacillus subtilis,1000000,OPC 53 (UltraTech),21,Compressive Strength,31.61,150mm Cube,C Strenth Reading 1000000.xlsx,Comp 6,224,False,3.091042453358316,4.58257569495584,1,13.815511557963774,21,3.091042453358316,441.0,9261.0
CS_NC_21d_023,EXP_CS_NC_21d,23,Normal Concrete,Control,,0,OPC 53 (UltraTech),21,Compressive Strength,26.53,150mm Cube,C Strenth Reading 1000000.xlsx,Comp 6,225,False,3.091042453358316,4.58257569495584,0,0.0,0,0.0,441.0,9261.0
CS_BC_21d_023,EXP_CS_BC_21d,23,Bacterial Concrete,Inoculated,Bacillus subtilis,1000000,OPC 53 (UltraTech),21,Compressive Strength,32.95,150mm Cube,C Strenth Reading 1000000.xlsx,Comp 6,225,False,3.091042453358316,4.58257569495584,1,13.815511557963774,21,3.091042453358316,441.0,9261.0
CS_NC_21d_024,EXP_CS_NC_21d,24,Normal Concrete,Control,,0,OPC 53 (UltraTech),21,Compressive Strength,23.08,150mm Cube,C Strenth Reading 1000000.xlsx,Comp 6,226,False,3.091042453358316,4.58257569495584,0,0.0,0,0.0,441.0,9261.0
CS_BC_21d_024,EXP_CS_BC_21d,24,Bacterial Concrete,Inoculated,Bacillus subtilis,1000000,OPC 53 (UltraTech),21,Compressive Strength,28.96,150mm Cube,C Strenth Reading 1000000.xlsx,Comp 6,226,False,3.091042453358316,4.58257569495584,1,13.815511557963774,21,3.091042453358316,441.0,9261.0
CS_NC_21d_025,EXP_CS_NC_21d,25,Normal Concrete,Control,,0,OPC 53 (UltraTech),21,Compressive Strength,24.79,150mm Cube,C Strenth Reading 1000000.xlsx,Comp 6,227,False,3.091042453358316,4.58257569495584,0,0.0,0,0.0,441.0,9261.0
CS_BC_21d_025,EXP_CS_BC_21d,25,Bacterial Concrete,Inoculated,Bacillus subtilis,1000000,OPC 53 (UltraTech),21,Compressive Strength,28.83,150mm Cube,C Strenth Reading 1000000.xlsx,Comp 6,227,False,3.091042453358316,4.58257569495584,1,13.815511557963774,21,3.091042453358316,441.0,9261.0
CS_NC_21d_026,EXP_CS_NC_21d,26,Normal Concrete,Control,,0,OPC 53 (UltraTech),21,Compressive Strength,27.13,150mm Cube,C Strenth Reading 1000000.xlsx,Comp 6,228,False,3.091042453358316,4.58257569495584,0,0.0,0,0.0,441.0,9261.0
CS_BC_21d_026,EXP_CS_BC_21d,26,Bacterial Concrete,Inoculated,Bacillus subtilis,1000000,OPC 53 (UltraTech),21,Compressive Strength,31.68,150mm Cube,C Strenth Reading 1000000.xlsx,Comp 6,228,False,3.091042453358316,4.58257569495584,1,13.815511557963774,21,3.091042453358316,441.0,9261.0
CS_NC_21d_027,EXP_CS_NC_21d,27,Normal Concrete,Control,,0,OPC 53 (UltraTech),21,Compressive Strength,25.6,150mm Cube,C Strenth Reading 1000000.xlsx,Comp 6,229,False,3.091042453358316,4.58257569495584,0,0.0,0,0.0,441.0,9261.0
CS_BC_21d_027,EXP_CS_BC_21d,27,Bacterial Concrete,Inoculated,Bacillus subtilis,1000000,OPC 53 (UltraTech),21,Compressive Strength,31.87,150mm Cube,C Strenth Reading 1000000.xlsx,Comp 6,229,False,3.091042453358316,4.58257569495584,1,13.815511557963774,21,3.091042453358316,441.0,9261.0
CS_NC_21d_028,EXP_CS_NC_21d,28,Normal Concrete,Control,,0,OPC 53 (UltraTech),21,Compressive Strength,23.88,150mm Cube,C Strenth Reading 1000000.xlsx,Comp 6,230,False,3.091042453358316,4.58257569495584,0,0.0,0,0.0,441.0,9261.0
CS_BC_21d_028,EXP_CS_BC_21d,28,Bacterial Concrete,Inoculated,Bacillus subtilis,1000000,OPC 53 (UltraTech),21,Compressive Strength,28.72,150mm Cube,C Strenth Reading 1000000.xlsx,Comp 6,230,False,3.091042453358316,4.58257569495584,1,13.815511557963774,21,3.091042453358316,441.0,9261.0
CS_NC_21d_029,EXP_CS_NC_21d,29,Normal Concrete,Control,,0,OPC 53 (UltraTech),21,Compressive Strength,24.43,150mm Cube,C Strenth Reading 1000000.xlsx,Comp 6,231,False,3.091042453358316,4.58257569495584,0,0.0,0,0.0,441.0,9261.0
CS_BC_21d_029,EXP_CS_BC_21d,29,Bacterial Concrete,Inoculated,Bacillus subtilis,1000000,OPC 53 (UltraTech),21,Compressive Strength,28.87,150mm Cube,C Strenth Reading 1000000.xlsx,Comp 6,231,False,3.091042453358316,4.58257569495584,1,13.815511557963774,21,3.091042453358316,441.0,9261.0
CS_NC_21d_030,EXP_CS_NC_21d,30,Normal Concrete,Control,,0,OPC 53 (UltraTech),21,Compressive Strength,26.52,150mm Cube,C Strenth Reading 1000000.xlsx,Comp 6,232,False,3.091042453358316,4.58257569495584,0,0.0,0,0.0,441.0,9261.0
CS_BC_21d_030,EXP_CS_BC_21d,30,Bacterial Concrete,Inoculated,Bacillus subtilis,1000000,OPC 53 (UltraTech),21,Compressive Strength,29.08,150mm Cube,C Strenth Reading 1000000.xlsx,Comp 6,232,False,3.091042453358316,4.58257569495584,1,13.815511557963774,21,3.091042453358316,441.0,9261.0
CS_NC_21d_031,EXP_CS_NC_21d,31,Normal Concrete,Control,,0,OPC 53 (UltraTech),21,Compressive Strength,24.4,150mm Cube,C Strenth Reading 1000000.xlsx,Comp 6,233,False,3.091042453358316,4.58257569495584,0,0.0,0,0.0,441.0,9261.0
CS_BC_21d_031,EXP_CS_BC_21d,31,Bacterial Concrete,Inoculated,Bacillus subtilis,1000000,OPC 53 (UltraTech),21,Compressive Strength,27.48,150mm Cube,C Strenth Reading 1000000.xlsx,Comp 6,233,False,3.091042453358316,4.58257569495584,1,13.815511557963774,21,3.091042453358316,441.0,9261.0
CS_NC_21d_032,EXP_CS_NC_21d,32,Normal Concrete,Control,,0,OPC 53 (UltraTech),21,Compressive Strength,25.82,150mm Cube,C Strenth Reading 1000000.xlsx,Comp 6,234,False,3.091042453358316,4.58257569495584,0,0.0,0,0.0,441.0,9261.0
CS_BC_21d_032,EXP_CS_BC_21d,32,Bacterial Concrete,Inoculated,Bacillus subtilis,1000000,OPC 53 (UltraTech),21,Compressive Strength,28.12,150mm Cube,C Strenth Reading 1000000.xlsx,Comp 6,234,False,3.091042453358316,4.58257569495584,1,13.815511557963774,21,3.091042453358316,441.0,9261.0
CS_NC_21d_033,EXP_CS_NC_21d,33,Normal Concrete,Control,,0,OPC 53 (UltraTech),21,Compressive Strength,25.57,150mm Cube,C Strenth Reading 1000000.xlsx,Comp 6,235,False,3.091042453358316,4.58257569495584,0,0.0,0,0.0,441.0,9261.0
CS_BC_21d_033,EXP_CS_BC_21d,33,Bacterial Concrete,Inoculated,Bacillus subtilis,1000000,OPC 53 (UltraTech),21,Compressive Strength,27.99,150mm Cube,C Strenth Reading 1000000.xlsx,Comp 6,235,False,3.091042453358316,4.58257569495584,1,13.815511557963774,21,3.091042453358316,441.0,9261.0
CS_NC_21d_034,EXP_CS_NC_21d,34,Normal Concrete,Control,,0,OPC 53 (UltraTech),21,Compressive Strength,24.52,150mm Cube,C Strenth Reading 1000000.xlsx,Comp 6,236,False,3.091042453358316,4.58257569495584,0,0.0,0,0.0,441.0,9261.0
CS_BC_21d_034,EXP_CS_BC_21d,34,Bacterial Concrete,Inoculated,Bacillus subtilis,1000000,OPC 53 (UltraTech),21,Compressive Strength,28.35,150mm Cube,C Strenth Reading 1000000.xlsx,Comp 6,236,False,3.091042453358316,4.58257569495584,1,13.815511557963774,21,3.091042453358316,441.0,9261.0
CS_NC_21d_035,EXP_CS_NC_21d,35,Normal Concrete,Control,,0,OPC 53 (UltraTech),21,Compressive Strength,28.72,150mm Cube,C Strenth Reading 1000000.xlsx,Comp 6,237,False,3.091042453358316,4.58257569495584,0,0.0,0,0.0,441.0,9261.0
CS_BC_21d_035,EXP_CS_BC_21d,35,Bacterial Concrete,Inoculated,Bacillus subtilis,1000000,OPC 53 (UltraTech),21,Compressive Strength,29.45,150mm Cube,C Strenth Reading 1000000.xlsx,Comp 6,237,False,3.091042453358316,4.58257569495584,1,13.815511557963774,21,3.091042453358316,441.0,9261.0
CS_NC_21d_036,EXP_CS_NC_21d,36,Normal Concrete,Control,,0,OPC 53 (UltraTech),21,Compressive Strength,26.45,150mm Cube,C Strenth Reading 1000000.xlsx,Comp 6,238,False,3.091042453358316,4.58257569495584,0,0.0,0,0.0,441.0,9261.0
CS_BC_21d_036,EXP_CS_BC_21d,36,Bacterial Concrete,Inoculated,Bacillus subtilis,1000000,OPC 53 (UltraTech),21,Compressive Strength,29.85,150mm Cube,C Strenth Reading 1000000.xlsx,Comp 6,238,False,3.091042453358316,4.58257569495584,1,13.815511557963774,21,3.091042453358316,441.0,9261.0
CS_NC_21d_037,EXP_CS_NC_21d,37,Normal Concrete,Control,,0,OPC 53 (UltraTech),21,Compressive Strength,22.46,150mm Cube,C Strenth Reading 1000000.xlsx,Comp 6,239,False,3.091042453358316,4.58257569495584,0,0.0,0,0.0,441.0,9261.0
CS_BC_21d_037,EXP_CS_BC_21d,37,Bacterial Concrete,Inoculated,Bacillus subtilis,1000000,OPC 53 (UltraTech),21,Compressive Strength,31.83,150mm Cube,C Strenth Reading 1000000.xlsx,Comp 6,239,False,3.091042453358316,4.58257569495584,1,13.815511557963774,21,3.091042453358316,441.0,9261.0
CS_NC_21d_038,EXP_CS_NC_21d,38,Normal Concrete,Control,,0,OPC 53 (UltraTech),21,Compressive Strength,25.78,150mm Cube,C Strenth Reading 1000000.xlsx,Comp 6,240,False,3.091042453358316,4.58257569495584,0,0.0,0,0.0,441.0,9261.0
CS_BC_21d_038,EXP_CS_BC_21d,38,Bacterial Concrete,Inoculated,Bacillus subtilis,1000000,OPC 53 (UltraTech),21,Compressive Strength,28.0,150mm Cube,C Strenth Reading 1000000.xlsx,Comp 6,240,False,3.091042453358316,4.58257569495584,1,13.815511557963774,21,3.091042453358316,441.0,9261.0
CS_NC_21d_039,EXP_CS_NC_21d,39,Normal Concrete,Control,,0,OPC 53 (UltraTech),21,Compressive Strength,24.51,150mm Cube,C Strenth Reading 1000000.xlsx,Comp 6,241,False,3.091042453358316,4.58257569495584,0,0.0,0,0.0,441.0,9261.0
CS_BC_21d_039,EXP_CS_BC_21d,39,Bacterial Concrete,Inoculated,Bacillus subtilis,1000000,OPC 53 (UltraTech),21,Compressive Strength,30.98,150mm Cube,C Strenth Reading 1000000.xlsx,Comp 6,241,False,3.091042453358316,4.58257569495584,1,13.815511557963774,21,3.091042453358316,441.0,9261.0
CS_NC_21d_040,EXP_CS_NC_21d,40,Normal Concrete,Control,,0,OPC 53 (UltraTech),21,Compressive Strength,26.78,150mm Cube,C Strenth Reading 1000000.xlsx,Comp 6,242,False,3.091042453358316,4.58257569495584,0,0.0,0,0.0,441.0,9261.0
CS_BC_21d_040,EXP_CS_BC_21d,40,Bacterial Concrete,Inoculated,Bacillus subtilis,1000000,OPC 53 (UltraTech),21,Compressive Strength,29.18,150mm Cube,C Strenth Reading 1000000.xlsx,Comp 6,242,False,3.091042453358316,4.58257569495584,1,13.815511557963774,21,3.091042453358316,441.0,9261.0
CS_NC_21d_041,EXP_CS_NC_21d,41,Normal Concrete,Control,,0,OPC 53 (UltraTech),21,Compressive Strength,24.31,150mm Cube,C Strenth Reading 1000000.xlsx,Comp 6,243,False,3.091042453358316,4.58257569495584,0,0.0,0,0.0,441.0,9261.0
CS_BC_21d_041,EXP_CS_BC_21d,41,Bacterial Concrete,Inoculated,Bacillus subtilis,1000000,OPC 53 (UltraTech),21,Compressive Strength,29.43,150mm Cube,C Strenth Reading 1000000.xlsx,Comp 6,243,False,3.091042453358316,4.58257569495584,1,13.815511557963774,21,3.091042453358316,441.0,9261.0
CS_NC_21d_042,EXP_CS_NC_21d,42,Normal Concrete,Control,,0,OPC 53 (UltraTech),21,Compressive Strength,25.33,150mm Cube,C Strenth Reading 1000000.xlsx,Comp 6,244,False,3.091042453358316,4.58257569495584,0,0.0,0,0.0,441.0,9261.0
CS_BC_21d_042,EXP_CS_BC_21d,42,Bacterial Concrete,Inoculated,Bacillus subtilis,1000000,OPC 53 (UltraTech),21,Compressive Strength,30.51,150mm Cube,C Strenth Reading 1000000.xlsx,Comp 6,244,False,3.091042453358316,4.58257569495584,1,13.815511557963774,21,3.091042453358316,441.0,9261.0
CS_NC_21d_043,EXP_CS_NC_21d,43,Normal Concrete,Control,,0,OPC 53 (UltraTech),21,Compressive Strength,26.26,150mm Cube,C Strenth Reading 1000000.xlsx,Comp 6,245,False,3.091042453358316,4.58257569495584,0,0.0,0,0.0,441.0,9261.0
CS_BC_21d_043,EXP_CS_BC_21d,43,Bacterial Concrete,Inoculated,Bacillus subtilis,1000000,OPC 53 (UltraTech),21,Compressive Strength,27.82,150mm Cube,C Strenth Reading 1000000.xlsx,Comp 6,245,False,3.091042453358316,4.58257569495584,1,13.815511557963774,21,3.091042453358316,441.0,9261.0
CS_NC_21d_044,EXP_CS_NC_21d,44,Normal Concrete,Control,,0,OPC 53 (UltraTech),21,Compressive Strength,26.8,150mm Cube,C Strenth Reading 1000000.xlsx,Comp 6,246,False,3.091042453358316,4.58257569495584,0,0.0,0,0.0,441.0,9261.0
CS_BC_21d_044,EXP_CS_BC_21d,44,Bacterial Concrete,Inoculated,Bacillus subtilis,1000000,OPC 53 (UltraTech),21,Compressive Strength,30.07,150mm Cube,C Strenth Reading 1000000.xlsx,Comp 6,246,False,3.091042453358316,4.58257569495584,1,13.815511557963774,21,3.091042453358316,441.0,9261.0
CS_NC_21d_045,EXP_CS_NC_21d,45,Normal Concrete,Control,,0,OPC 53 (UltraTech),21,Compressive Strength,23.7,150mm Cube,C Strenth Reading 1000000.xlsx,Comp 6,247,False,3.091042453358316,4.58257569495584,0,0.0,0,0.0,441.0,9261.0
CS_BC_21d_045,EXP_CS_BC_21d,45,Bacterial Concrete,Inoculated,Bacillus subtilis,1000000,OPC 53 (UltraTech),21,Compressive Strength,29.75,150mm Cube,C Strenth Reading 1000000.xlsx,Comp 6,247,False,3.091042453358316,4.58257569495584,1,13.815511557963774,21,3.091042453358316,441.0,9261.0
CS_NC_21d_046,EXP_CS_NC_21d,46,Normal Concrete,Control,,0,OPC 53 (UltraTech),21,Compressive Strength,25.0,150mm Cube,C Strenth Reading 1000000.xlsx,Comp 6,248,False,3.091042453358316,4.58257569495584,0,0.0,0,0.0,441.0,9261.0
CS_BC_21d_046,EXP_CS_BC_21d,46,Bacterial Concrete,Inoculated,Bacillus subtilis,1000000,OPC 53 (UltraTech),21,Compressive Strength,30.24,150mm Cube,C Strenth Reading 1000000.xlsx,Comp 6,248,False,3.091042453358316,4.58257569495584,1,13.815511557963774,21,3.091042453358316,441.0,9261.0
CS_NC_21d_047,EXP_CS_NC_21d,47,Normal Concrete,Control,,0,OPC 53 (UltraTech),21,Compressive Strength,24.79,150mm Cube,C Strenth Reading 1000000.xlsx,Comp 6,249,False,3.091042453358316,4.58257569495584,0,0.0,0,0.0,441.0,9261.0
CS_BC_21d_047,EXP_CS_BC_21d,47,Bacterial Concrete,Inoculated,Bacillus subtilis,1000000,OPC 53 (UltraTech),21,Compressive Strength,29.93,150mm Cube,C Strenth Reading 1000000.xlsx,Comp 6,249,False,3.091042453358316,4.58257569495584,1,13.815511557963774,21,3.091042453358316,441.0,9261.0
CS_NC_21d_048,EXP_CS_NC_21d,48,Normal Concrete,Control,,0,OPC 53 (UltraTech),21,Compressive Strength,24.52,150mm Cube,C Strenth Reading 1000000.xlsx,Comp 6,250,False,3.091042453358316,4.58257569495584,0,0.0,0,0.0,441.0,9261.0
CS_BC_21d_048,EXP_CS_BC_21d,48,Bacterial Concrete,Inoculated,Bacillus subtilis,1000000,OPC 53 (UltraTech),21,Compressive Strength,33.18,150mm Cube,C Strenth Reading 1000000.xlsx,Comp 6,250,False,3.091042453358316,4.58257569495584,1,13.815511557963774,21,3.091042453358316,441.0,9261.0
CS_NC_21d_049,EXP_CS_NC_21d,49,Normal Concrete,Control,,0,OPC 53 (UltraTech),21,Compressive Strength,28.15,150mm Cube,C Strenth Reading 1000000.xlsx,Comp 6,251,False,3.091042453358316,4.58257569495584,0,0.0,0,0.0,441.0,9261.0
CS_BC_21d_049,EXP_CS_BC_21d,49,Bacterial Concrete,Inoculated,Bacillus subtilis,1000000,OPC 53 (UltraTech),21,Compressive Strength,28.54,150mm Cube,C Strenth Reading 1000000.xlsx,Comp 6,251,False,3.091042453358316,4.58257569495584,1,13.815511557963774,21,3.091042453358316,441.0,9261.0
CS_NC_21d_050,EXP_CS_NC_21d,50,Normal Concrete,Control,,0,OPC 53 (UltraTech),21,Compressive Strength,26.11,150mm Cube,C Strenth Reading 1000000.xlsx,Comp 6,252,False,3.091042453358316,4.58257569495584,0,0.0,0,0.0,441.0,9261.0
CS_BC_21d_050,EXP_CS_BC_21d,50,Bacterial Concrete,Inoculated,Bacillus subtilis,1000000,OPC 53 (UltraTech),21,Compressive Strength,28.7,150mm Cube,C Strenth Reading 1000000.xlsx,Comp 6,252,False,3.091042453358316,4.58257569495584,1,13.815511557963774,21,3.091042453358316,441.0,9261.0
CS_NC_21d_051,EXP_CS_NC_21d,51,Normal Concrete,Control,,0,OPC 53 (UltraTech),21,Compressive Strength,23.61,150mm Cube,C Strenth Reading 1000000.xlsx,Comp 6,253,False,3.091042453358316,4.58257569495584,0,0.0,0,0.0,441.0,9261.0
CS_BC_21d_051,EXP_CS_BC_21d,51,Bacterial Concrete,Inoculated,Bacillus subtilis,1000000,OPC 53 (UltraTech),21,Compressive Strength,28.57,150mm Cube,C Strenth Reading 1000000.xlsx,Comp 6,253,False,3.091042453358316,4.58257569495584,1,13.815511557963774,21,3.091042453358316,441.0,9261.0
CS_NC_21d_052,EXP_CS_NC_21d,52,Normal Concrete,Control,,0,OPC 53 (UltraTech),21,Compressive Strength,26.88,150mm Cube,C Strenth Reading 1000000.xlsx,Comp 6,254,False,3.091042453358316,4.58257569495584,0,0.0,0,0.0,441.0,9261.0
CS_BC_21d_052,EXP_CS_BC_21d,52,Bacterial Concrete,Inoculated,Bacillus subtilis,1000000,OPC 53 (UltraTech),21,Compressive Strength,28.67,150mm Cube,C Strenth Reading 1000000.xlsx,Comp 6,254,False,3.091042453358316,4.58257569495584,1,13.815511557963774,21,3.091042453358316,441.0,9261.0
CS_NC_21d_053,EXP_CS_NC_21d,53,Normal Concrete,Control,,0,OPC 53 (UltraTech),21,Compressive Strength,28.68,150mm Cube,C Strenth Reading 1000000.xlsx,Comp 6,255,False,3.091042453358316,4.58257569495584,0,0.0,0,0.0,441.0,9261.0
CS_BC_21d_053,EXP_CS_BC_21d,53,Bacterial Concrete,Inoculated,Bacillus subtilis,1000000,OPC 53 (UltraTech),21,Compressive Strength,28.54,150mm Cube,C Strenth Reading 1000000.xlsx,Comp 6,255,False,3.091042453358316,4.58257569495584,1,13.815511557963774,21,3.091042453358316,441.0,9261.0
CS_NC_21d_054,EXP_CS_NC_21d,54,Normal Concrete,Control,,0,OPC 53 (UltraTech),21,Compressive Strength,27.05,150mm Cube,C Strenth Reading 1000000.xlsx,Comp 6,256,False,3.091042453358316,4.58257569495584,0,0.0,0,0.0,441.0,9261.0
CS_BC_21d_054,EXP_CS_BC_21d,54,Bacterial Concrete,Inoculated,Bacillus subtilis,1000000,OPC 53 (UltraTech),21,Compressive Strength,31.28,150mm Cube,C Strenth Reading 1000000.xlsx,Comp 6,256,False,3.091042453358316,4.58257569495584,1,13.815511557963774,21,3.091042453358316,441.0,9261.0
CS_NC_21d_055,EXP_CS_NC_21d,55,Normal Concrete,Control,,0,OPC 53 (UltraTech),21,Compressive Strength,23.22,150mm Cube,C Strenth Reading 1000000.xlsx,Comp 6,257,False,3.091042453358316,4.58257569495584,0,0.0,0,0.0,441.0,9261.0
CS_BC_21d_055,EXP_CS_BC_21d,55,Bacterial Concrete,Inoculated,Bacillus subtilis,1000000,OPC 53 (UltraTech),21,Compressive Strength,31.63,150mm Cube,C Strenth Reading 1000000.xlsx,Comp 6,257,False,3.091042453358316,4.58257569495584,1,13.815511557963774,21,3.091042453358316,441.0,9261.0
CS_NC_21d_056,EXP_CS_NC_21d,56,Normal Concrete,Control,,0,OPC 53 (UltraTech),21,Compressive Strength,24.77,150mm Cube,C Strenth Reading 1000000.xlsx,Comp 6,258,False,3.091042453358316,4.58257569495584,0,0.0,0,0.0,441.0,9261.0
CS_BC_21d_056,EXP_CS_BC_21d,56,Bacterial Concrete,Inoculated,Bacillus subtilis,1000000,OPC 53 (UltraTech),21,Compressive Strength,28.64,150mm Cube,C Strenth Reading 1000000.xlsx,Comp 6,258,False,3.091042453358316,4.58257569495584,1,13.815511557963774,21,3.091042453358316,441.0,9261.0
CS_NC_21d_057,EXP_CS_NC_21d,57,Normal Concrete,Control,,0,OPC 53 (UltraTech),21,Compressive Strength,27.4,150mm Cube,C Strenth Reading 1000000.xlsx,Comp 6,259,False,3.091042453358316,4.58257569495584,0,0.0,0,0.0,441.0,9261.0
CS_BC_21d_057,EXP_CS_BC_21d,57,Bacterial Concrete,Inoculated,Bacillus subtilis,1000000,OPC 53 (UltraTech),21,Compressive Strength,28.25,150mm Cube,C Strenth Reading 1000000.xlsx,Comp 6,259,False,3.091042453358316,4.58257569495584,1,13.815511557963774,21,3.091042453358316,441.0,9261.0
CS_NC_21d_058,EXP_CS_NC_21d,58,Normal Concrete,Control,,0,OPC 53 (UltraTech),21,Compressive Strength,24.44,150mm Cube,C Strenth Reading 1000000.xlsx,Comp 6,260,False,3.091042453358316,4.58257569495584,0,0.0,0,0.0,441.0,9261.0
CS_BC_21d_058,EXP_CS_BC_21d,58,Bacterial Concrete,Inoculated,Bacillus subtilis,1000000,OPC 53 (UltraTech),21,Compressive Strength,30.21,150mm Cube,C Strenth Reading 1000000.xlsx,Comp 6,260,False,3.091042453358316,4.58257569495584,1,13.815511557963774,21,3.091042453358316,441.0,9261.0
CS_NC_21d_059,EXP_CS_NC_21d,59,Normal Concrete,Control,,0,OPC 53 (UltraTech),21,Compressive Strength,26.17,150mm Cube,C Strenth Reading 1000000.xlsx,Comp 6,261,False,3.091042453358316,4.58257569495584,0,0.0,0,0.0,441.0,9261.0
CS_BC_21d_059,EXP_CS_BC_21d,59,Bacterial Concrete,Inoculated,Bacillus subtilis,1000000,OPC 53 (UltraTech),21,Compressive Strength,28.67,150mm Cube,C Strenth Reading 1000000.xlsx,Comp 6,261,False,3.091042453358316,4.58257569495584,1,13.815511557963774,21,3.091042453358316,441.0,9261.0
CS_NC_21d_060,EXP_CS_NC_21d,60,Normal Concrete,Control,,0,OPC 53 (UltraTech),21,Compressive Strength,26.66,150mm Cube,C Strenth Reading 1000000.xlsx,Comp 6,262,False,3.091042453358316,4.58257569495584,0,0.0,0,0.0,441.0,9261.0
CS_BC_21d_060,EXP_CS_BC_21d,60,Bacterial Concrete,Inoculated,Bacillus subtilis,1000000,OPC 53 (UltraTech),21,Compressive Strength,30.45,150mm Cube,C Strenth Reading 1000000.xlsx,Comp 6,262,False,3.091042453358316,4.58257569495584,1,13.815511557963774,21,3.091042453358316,441.0,9261.0
CS_NC_21d_061,EXP_CS_NC_21d,61,Normal Concrete,Control,,0,OPC 53 (UltraTech),21,Compressive Strength,24.11,150mm Cube,C Strenth Reading 1000000.xlsx,Comp 6,263,False,3.091042453358316,4.58257569495584,0,0.0,0,0.0,441.0,9261.0
CS_BC_21d_061,EXP_CS_BC_21d,61,Bacterial Concrete,Inoculated,Bacillus subtilis,1000000,OPC 53 (UltraTech),21,Compressive Strength,29.8,150mm Cube,C Strenth Reading 1000000.xlsx,Comp 6,263,False,3.091042453358316,4.58257569495584,1,13.815511557963774,21,3.091042453358316,441.0,9261.0
CS_NC_21d_062,EXP_CS_NC_21d,62,Normal Concrete,Control,,0,OPC 53 (UltraTech),21,Compressive Strength,25.41,150mm Cube,C Strenth Reading 1000000.xlsx,Comp 6,264,False,3.091042453358316,4.58257569495584,0,0.0,0,0.0,441.0,9261.0
CS_BC_21d_062,EXP_CS_BC_21d,62,Bacterial Concrete,Inoculated,Bacillus subtilis,1000000,OPC 53 (UltraTech),21,Compressive Strength,27.23,150mm Cube,C Strenth Reading 1000000.xlsx,Comp 6,264,False,3.091042453358316,4.58257569495584,1,13.815511557963774,21,3.091042453358316,441.0,9261.0
CS_NC_21d_063,EXP_CS_NC_21d,63,Normal Concrete,Control,,0,OPC 53 (UltraTech),21,Compressive Strength,20.64,150mm Cube,C Strenth Reading 1000000.xlsx,Comp 6,265,False,3.091042453358316,4.58257569495584,0,0.0,0,0.0,441.0,9261.0
CS_BC_21d_063,EXP_CS_BC_21d,63,Bacterial Concrete,Inoculated,Bacillus subtilis,1000000,OPC 53 (UltraTech),21,Compressive Strength,31.82,150mm Cube,C Strenth Reading 1000000.xlsx,Comp 6,265,False,3.091042453358316,4.58257569495584,1,13.815511557963774,21,3.091042453358316,441.0,9261.0
CS_NC_21d_064,EXP_CS_NC_21d,64,Normal Concrete,Control,,0,OPC 53 (UltraTech),21,Compressive Strength,23.96,150mm Cube,C Strenth Reading 1000000.xlsx,Comp 6,266,False,3.091042453358316,4.58257569495584,0,0.0,0,0.0,441.0,9261.0
CS_BC_21d_064,EXP_CS_BC_21d,64,Bacterial Concrete,Inoculated,Bacillus subtilis,1000000,OPC 53 (UltraTech),21,Compressive Strength,32.19,150mm Cube,C Strenth Reading 1000000.xlsx,Comp 6,266,False,3.091042453358316,4.58257569495584,1,13.815511557963774,21,3.091042453358316,441.0,9261.0
CS_NC_21d_065,EXP_CS_NC_21d,65,Normal Concrete,Control,,0,OPC 53 (UltraTech),21,Compressive Strength,25.12,150mm Cube,C Strenth Reading 1000000.xlsx,Comp 6,267,False,3.091042453358316,4.58257569495584,0,0.0,0,0.0,441.0,9261.0
CS_BC_21d_065,EXP_CS_BC_21d,65,Bacterial Concrete,Inoculated,Bacillus subtilis,1000000,OPC 53 (UltraTech),21,Compressive Strength,28.58,150mm Cube,C Strenth Reading 1000000.xlsx,Comp 6,267,False,3.091042453358316,4.58257569495584,1,13.815511557963774,21,3.091042453358316,441.0,9261.0
CS_NC_21d_066,EXP_CS_NC_21d,66,Normal Concrete,Control,,0,OPC 53 (UltraTech),21,Compressive Strength,23.63,150mm Cube,C Strenth Reading 1000000.xlsx,Comp 6,268,False,3.091042453358316,4.58257569495584,0,0.0,0,0.0,441.0,9261.0
CS_BC_21d_066,EXP_CS_BC_21d,66,Bacterial Concrete,Inoculated,Bacillus subtilis,1000000,OPC 53 (UltraTech),21,Compressive Strength,28.92,150mm Cube,C Strenth Reading 1000000.xlsx,Comp 6,268,False,3.091042453358316,4.58257569495584,1,13.815511557963774,21,3.091042453358316,441.0,9261.0
CS_NC_21d_067,EXP_CS_NC_21d,67,Normal Concrete,Control,,0,OPC 53 (UltraTech),21,Compressive Strength,27.95,150mm Cube,C Strenth Reading 1000000.xlsx,Comp 6,269,False,3.091042453358316,4.58257569495584,0,0.0,0,0.0,441.0,9261.0
CS_BC_21d_067,EXP_CS_BC_21d,67,Bacterial Concrete,Inoculated,Bacillus subtilis,1000000,OPC 53 (UltraTech),21,Compressive Strength,29.93,150mm Cube,C Strenth Reading 1000000.xlsx,Comp 6,269,False,3.091042453358316,4.58257569495584,1,13.815511557963774,21,3.091042453358316,441.0,9261.0
CS_NC_21d_068,EXP_CS_NC_21d,68,Normal Concrete,Control,,0,OPC 53 (UltraTech),21,Compressive Strength,23.35,150mm Cube,C Strenth Reading 1000000.xlsx,Comp 6,270,False,3.091042453358316,4.58257569495584,0,0.0,0,0.0,441.0,9261.0
CS_BC_21d_068,EXP_CS_BC_21d,68,Bacterial Concrete,Inoculated,Bacillus subtilis,1000000,OPC 53 (UltraTech),21,Compressive Strength,30.0,150mm Cube,C Strenth Reading 1000000.xlsx,Comp 6,270,False,3.091042453358316,4.58257569495584,1,13.815511557963774,21,3.091042453358316,441.0,9261.0
CS_NC_21d_069,EXP_CS_NC_21d,69,Normal Concrete,Control,,0,OPC 53 (UltraTech),21,Compressive Strength,24.84,150mm Cube,C Strenth Reading 1000000.xlsx,Comp 6,271,False,3.091042453358316,4.58257569495584,0,0.0,0,0.0,441.0,9261.0
CS_BC_21d_069,EXP_CS_BC_21d,69,Bacterial Concrete,Inoculated,Bacillus subtilis,1000000,OPC 53 (UltraTech),21,Compressive Strength,30.49,150mm Cube,C Strenth Reading 1000000.xlsx,Comp 6,271,False,3.091042453358316,4.58257569495584,1,13.815511557963774,21,3.091042453358316,441.0,9261.0
CS_NC_21d_070,EXP_CS_NC_21d,70,Normal Concrete,Control,,0,OPC 53 (UltraTech),21,Compressive Strength,25.7,150mm Cube,C Strenth Reading 1000000.xlsx,Comp 6,272,False,3.091042453358316,4.58257569495584,0,0.0,0,0.0,441.0,9261.0
CS_BC_21d_070,EXP_CS_BC_21d,70,Bacterial Concrete,Inoculated,Bacillus subtilis,1000000,OPC 53 (UltraTech),21,Compressive Strength,32.52,150mm Cube,C Strenth Reading 1000000.xlsx,Comp 6,272,False,3.091042453358316,4.58257569495584,1,13.815511557963774,21,3.091042453358316,441.0,9261.0
CS_NC_21d_071,EXP_CS_NC_21d,71,Normal Concrete,Control,,0,OPC 53 (UltraTech),21,Compressive Strength,27.66,150mm Cube,C Strenth Reading 1000000.xlsx,Comp 6,273,False,3.091042453358316,4.58257569495584,0,0.0,0,0.0,441.0,9261.0
CS_BC_21d_071,EXP_CS_BC_21d,71,Bacterial Concrete,Inoculated,Bacillus subtilis,1000000,OPC 53 (UltraTech),21,Compressive Strength,29.23,150mm Cube,C Strenth Reading 1000000.xlsx,Comp 6,273,False,3.091042453358316,4.58257569495584,1,13.815511557963774,21,3.091042453358316,441.0,9261.0
CS_NC_21d_072,EXP_CS_NC_21d,72,Normal Concrete,Control,,0,OPC 53 (UltraTech),21,Compressive Strength,23.35,150mm Cube,C Strenth Reading 1000000.xlsx,Comp 6,274,False,3.091042453358316,4.58257569495584,0,0.0,0,0.0,441.0,9261.0
CS_BC_21d_072,EXP_CS_BC_21d,72,Bacterial Concrete,Inoculated,Bacillus subtilis,1000000,OPC 53 (UltraTech),21,Compressive Strength,28.3,150mm Cube,C Strenth Reading 1000000.xlsx,Comp 6,274,False,3.091042453358316,4.58257569495584,1,13.815511557963774,21,3.091042453358316,441.0,9261.0
CS_NC_21d_073,EXP_CS_NC_21d,73,Normal Concrete,Control,,0,OPC 53 (UltraTech),21,Compressive Strength,27.24,150mm Cube,C Strenth Reading 1000000.xlsx,Comp 6,275,False,3.091042453358316,4.58257569495584,0,0.0,0,0.0,441.0,9261.0
CS_BC_21d_073,EXP_CS_BC_21d,73,Bacterial Concrete,Inoculated,Bacillus subtilis,1000000,OPC 53 (UltraTech),21,Compressive Strength,27.43,150mm Cube,C Strenth Reading 1000000.xlsx,Comp 6,275,False,3.091042453358316,4.58257569495584,1,13.815511557963774,21,3.091042453358316,441.0,9261.0
CS_NC_21d_074,EXP_CS_NC_21d,74,Normal Concrete,Control,,0,OPC 53 (UltraTech),21,Compressive Strength,25.52,150mm Cube,C Strenth Reading 1000000.xlsx,Comp 6,276,False,3.091042453358316,4.58257569495584,0,0.0,0,0.0,441.0,9261.0
CS_BC_21d_074,EXP_CS_BC_21d,74,Bacterial Concrete,Inoculated,Bacillus subtilis,1000000,OPC 53 (UltraTech),21,Compressive Strength,28.4,150mm Cube,C Strenth Reading 1000000.xlsx,Comp 6,276,False,3.091042453358316,4.58257569495584,1,13.815511557963774,21,3.091042453358316,441.0,9261.0
CS_NC_21d_075,EXP_CS_NC_21d,75,Normal Concrete,Control,,0,OPC 53 (UltraTech),21,Compressive Strength,24.03,150mm Cube,C Strenth Reading 1000000.xlsx,Comp 6,277,False,3.091042453358316,4.58257569495584,0,0.0,0,0.0,441.0,9261.0
CS_BC_21d_075,EXP_CS_BC_21d,75,Bacterial Concrete,Inoculated,Bacillus subtilis,1000000,OPC 53 (UltraTech),21,Compressive Strength,29.45,150mm Cube,C Strenth Reading 1000000.xlsx,Comp 6,277,False,3.091042453358316,4.58257569495584,1,13.815511557963774,21,3.091042453358316,441.0,9261.0
CS_NC_21d_076,EXP_CS_NC_21d,76,Normal Concrete,Control,,0,OPC 53 (UltraTech),21,Compressive Strength,26.19,150mm Cube,C Strenth Reading 1000000.xlsx,Comp 6,278,False,3.091042453358316,4.58257569495584,0,0.0,0,0.0,441.0,9261.0
CS_BC_21d_076,EXP_CS_BC_21d,76,Bacterial Concrete,Inoculated,Bacillus subtilis,1000000,OPC 53 (UltraTech),21,Compressive Strength,32.19,150mm Cube,C Strenth Reading 1000000.xlsx,Comp 6,278,False,3.091042453358316,4.58257569495584,1,13.815511557963774,21,3.091042453358316,441.0,9261.0
CS_NC_21d_077,EXP_CS_NC_21d,77,Normal Concrete,Control,,0,OPC 53 (UltraTech),21,Compressive Strength,25.8,150mm Cube,C Strenth Reading 1000000.xlsx,Comp 6,279,False,3.091042453358316,4.58257569495584,0,0.0,0,0.0,441.0,9261.0
CS_BC_21d_077,EXP_CS_BC_21d,77,Bacterial Concrete,Inoculated,Bacillus subtilis,1000000,OPC 53 (UltraTech),21,Compressive Strength,28.72,150mm Cube,C Strenth Reading 1000000.xlsx,Comp 6,279,False,3.091042453358316,4.58257569495584,1,13.815511557963774,21,3.091042453358316,441.0,9261.0
CS_NC_21d_078,EXP_CS_NC_21d,78,Normal Concrete,Control,,0,OPC 53 (UltraTech),21,Compressive Strength,24.6,150mm Cube,C Strenth Reading 1000000.xlsx,Comp 6,280,False,3.091042453358316,4.58257569495584,0,0.0,0,0.0,441.0,9261.0
CS_BC_21d_078,EXP_CS_BC_21d,78,Bacterial Concrete,Inoculated,Bacillus subtilis,1000000,OPC 53 (UltraTech),21,Compressive Strength,29.84,150mm Cube,C Strenth Reading 1000000.xlsx,Comp 6,280,False,3.091042453358316,4.58257569495584,1,13.815511557963774,21,3.091042453358316,441.0,9261.0
CS_NC_21d_079,EXP_CS_NC_21d,79,Normal Concrete,Control,,0,OPC 53 (UltraTech),21,Compressive Strength,25.6,150mm Cube,C Strenth Reading 1000000.xlsx,Comp 6,281,False,3.091042453358316,4.58257569495584,0,0.0,0,0.0,441.0,9261.0
CS_BC_21d_079,EXP_CS_BC_21d,79,Bacterial Concrete,Inoculated,Bacillus subtilis,1000000,OPC 53 (UltraTech),21,Compressive Strength,29.48,150mm Cube,C Strenth Reading 1000000.xlsx,Comp 6,281,False,3.091042453358316,4.58257569495584,1,13.815511557963774,21,3.091042453358316,441.0,9261.0
CS_NC_21d_080,EXP_CS_NC_21d,80,Normal Concrete,Control,,0,OPC 53 (UltraTech),21,Compressive Strength,24.92,150mm Cube,C Strenth Reading 1000000.xlsx,Comp 6,282,False,3.091042453358316,4.58257569495584,0,0.0,0,0.0,441.0,9261.0
CS_BC_21d_080,EXP_CS_BC_21d,80,Bacterial Concrete,Inoculated,Bacillus subtilis,1000000,OPC 53 (UltraTech),21,Compressive Strength,31.28,150mm Cube,C Strenth Reading 1000000.xlsx,Comp 6,282,False,3.091042453358316,4.58257569495584,1,13.815511557963774,21,3.091042453358316,441.0,9261.0
CS_NC_21d_081,EXP_CS_NC_21d,81,Normal Concrete,Control,,0,OPC 53 (UltraTech),21,Compressive Strength,25.67,150mm Cube,C Strenth Reading 1000000.xlsx,Comp 6,283,False,3.091042453358316,4.58257569495584,0,0.0,0,0.0,441.0,9261.0
CS_BC_21d_081,EXP_CS_BC_21d,81,Bacterial Concrete,Inoculated,Bacillus subtilis,1000000,OPC 53 (UltraTech),21,Compressive Strength,33.29,150mm Cube,C Strenth Reading 1000000.xlsx,Comp 6,283,False,3.091042453358316,4.58257569495584,1,13.815511557963774,21,3.091042453358316,441.0,9261.0
CS_NC_21d_082,EXP_CS_NC_21d,82,Normal Concrete,Control,,0,OPC 53 (UltraTech),21,Compressive Strength,26.49,150mm Cube,C Strenth Reading 1000000.xlsx,Comp 6,284,False,3.091042453358316,4.58257569495584,0,0.0,0,0.0,441.0,9261.0
CS_BC_21d_082,EXP_CS_BC_21d,82,Bacterial Concrete,Inoculated,Bacillus subtilis,1000000,OPC 53 (UltraTech),21,Compressive Strength,28.7,150mm Cube,C Strenth Reading 1000000.xlsx,Comp 6,284,False,3.091042453358316,4.58257569495584,1,13.815511557963774,21,3.091042453358316,441.0,9261.0
CS_NC_21d_083,EXP_CS_NC_21d,83,Normal Concrete,Control,,0,OPC 53 (UltraTech),21,Compressive Strength,27.88,150mm Cube,C Strenth Reading 1000000.xlsx,Comp 6,285,False,3.091042453358316,4.58257569495584,0,0.0,0,0.0,441.0,9261.0
CS_BC_21d_083,EXP_CS_BC_21d,83,Bacterial Concrete,Inoculated,Bacillus subtilis,1000000,OPC 53 (UltraTech),21,Compressive Strength,28.77,150mm Cube,C Strenth Reading 1000000.xlsx,Comp 6,285,False,3.091042453358316,4.58257569495584,1,13.815511557963774,21,3.091042453358316,441.0,9261.0
CS_NC_21d_084,EXP_CS_NC_21d,84,Normal Concrete,Control,,0,OPC 53 (UltraTech),21,Compressive Strength,23.64,150mm Cube,C Strenth Reading 1000000.xlsx,Comp 6,286,False,3.091042453358316,4.58257569495584,0,0.0,0,0.0,441.0,9261.0
CS_BC_21d_084,EXP_CS_BC_21d,84,Bacterial Concrete,Inoculated,Bacillus subtilis,1000000,OPC 53 (UltraTech),21,Compressive Strength,31.07,150mm Cube,C Strenth Reading 1000000.xlsx,Comp 6,286,False,3.091042453358316,4.58257569495584,1,13.815511557963774,21,3.091042453358316,441.0,9261.0
CS_NC_21d_085,EXP_CS_NC_21d,85,Normal Concrete,Control,,0,OPC 53 (UltraTech),21,Compressive Strength,28.7,150mm Cube,C Strenth Reading 1000000.xlsx,Comp 6,287,False,3.091042453358316,4.58257569495584,0,0.0,0,0.0,441.0,9261.0
CS_BC_21d_085,EXP_CS_BC_21d,85,Bacterial Concrete,Inoculated,Bacillus subtilis,1000000,OPC 53 (UltraTech),21,Compressive Strength,30.52,150mm Cube,C Strenth Reading 1000000.xlsx,Comp 6,287,False,3.091042453358316,4.58257569495584,1,13.815511557963774,21,3.091042453358316,441.0,9261.0
CS_NC_21d_086,EXP_CS_NC_21d,86,Normal Concrete,Control,,0,OPC 53 (UltraTech),21,Compressive Strength,22.57,150mm Cube,C Strenth Reading 1000000.xlsx,Comp 6,288,False,3.091042453358316,4.58257569495584,0,0.0,0,0.0,441.0,9261.0
CS_BC_21d_086,EXP_CS_BC_21d,86,Bacterial Concrete,Inoculated,Bacillus subtilis,1000000,OPC 53 (UltraTech),21,Compressive Strength,32.27,150mm Cube,C Strenth Reading 1000000.xlsx,Comp 6,288,False,3.091042453358316,4.58257569495584,1,13.815511557963774,21,3.091042453358316,441.0,9261.0
CS_NC_21d_087,EXP_CS_NC_21d,87,Normal Concrete,Control,,0,OPC 53 (UltraTech),21,Compressive Strength,25.27,150mm Cube,C Strenth Reading 1000000.xlsx,Comp 6,289,False,3.091042453358316,4.58257569495584,0,0.0,0,0.0,441.0,9261.0
CS_BC_21d_087,EXP_CS_BC_21d,87,Bacterial Concrete,Inoculated,Bacillus subtilis,1000000,OPC 53 (UltraTech),21,Compressive Strength,30.38,150mm Cube,C Strenth Reading 1000000.xlsx,Comp 6,289,False,3.091042453358316,4.58257569495584,1,13.815511557963774,21,3.091042453358316,441.0,9261.0
CS_NC_21d_088,EXP_CS_NC_21d,88,Normal Concrete,Control,,0,OPC 53 (UltraTech),21,Compressive Strength,26.38,150mm Cube,C Strenth Reading 1000000.xlsx,Comp 6,290,False,3.091042453358316,4.58257569495584,0,0.0,0,0.0,441.0,9261.0
CS_BC_21d_088,EXP_CS_BC_21d,88,Bacterial Concrete,Inoculated,Bacillus subtilis,1000000,OPC 53 (UltraTech),21,Compressive Strength,28.96,150mm Cube,C Strenth Reading 1000000.xlsx,Comp 6,290,False,3.091042453358316,4.58257569495584,1,13.815511557963774,21,3.091042453358316,441.0,9261.0
CS_NC_21d_089,EXP_CS_NC_21d,89,Normal Concrete,Control,,0,OPC 53 (UltraTech),21,Compressive Strength,25.92,150mm Cube,C Strenth Reading 1000000.xlsx,Comp 6,291,False,3.091042453358316,4.58257569495584,0,0.0,0,0.0,441.0,9261.0
CS_BC_21d_089,EXP_CS_BC_21d,89,Bacterial Concrete,Inoculated,Bacillus subtilis,1000000,OPC 53 (UltraTech),21,Compressive Strength,30.39,150mm Cube,C Strenth Reading 1000000.xlsx,Comp 6,291,False,3.091042453358316,4.58257569495584,1,13.815511557963774,21,3.091042453358316,441.0,9261.0
CS_NC_21d_090,EXP_CS_NC_21d,90,Normal Concrete,Control,,0,OPC 53 (UltraTech),21,Compressive Strength,24.57,150mm Cube,C Strenth Reading 1000000.xlsx,Comp 6,292,False,3.091042453358316,4.58257569495584,0,0.0,0,0.0,441.0,9261.0
CS_BC_21d_090,EXP_CS_BC_21d,90,Bacterial Concrete,Inoculated,Bacillus subtilis,1000000,OPC 53 (UltraTech),21,Compressive Strength,31.16,150mm Cube,C Strenth Reading 1000000.xlsx,Comp 6,292,False,3.091042453358316,4.58257569495584,1,13.815511557963774,21,3.091042453358316,441.0,9261.0
CS_NC_21d_091,EXP_CS_NC_21d,91,Normal Concrete,Control,,0,OPC 53 (UltraTech),21,Compressive Strength,25.19,150mm Cube,C Strenth Reading 1000000.xlsx,Comp 6,293,False,3.091042453358316,4.58257569495584,0,0.0,0,0.0,441.0,9261.0
CS_BC_21d_091,EXP_CS_BC_21d,91,Bacterial Concrete,Inoculated,Bacillus subtilis,1000000,OPC 53 (UltraTech),21,Compressive Strength,30.73,150mm Cube,C Strenth Reading 1000000.xlsx,Comp 6,293,False,3.091042453358316,4.58257569495584,1,13.815511557963774,21,3.091042453358316,441.0,9261.0
CS_NC_21d_092,EXP_CS_NC_21d,92,Normal Concrete,Control,,0,OPC 53 (UltraTech),21,Compressive Strength,24.76,150mm Cube,C Strenth Reading 1000000.xlsx,Comp 6,294,False,3.091042453358316,4.58257569495584,0,0.0,0,0.0,441.0,9261.0
CS_BC_21d_092,EXP_CS_BC_21d,92,Bacterial Concrete,Inoculated,Bacillus subtilis,1000000,OPC 53 (UltraTech),21,Compressive Strength,30.26,150mm Cube,C Strenth Reading 1000000.xlsx,Comp 6,294,False,3.091042453358316,4.58257569495584,1,13.815511557963774,21,3.091042453358316,441.0,9261.0
CS_NC_21d_093,EXP_CS_NC_21d,93,Normal Concrete,Control,,0,OPC 53 (UltraTech),21,Compressive Strength,24.62,150mm Cube,C Strenth Reading 1000000.xlsx,Comp 6,295,False,3.091042453358316,4.58257569495584,0,0.0,0,0.0,441.0,9261.0
CS_BC_21d_093,EXP_CS_BC_21d,93,Bacterial Concrete,Inoculated,Bacillus subtilis,1000000,OPC 53 (UltraTech),21,Compressive Strength,31.1,150mm Cube,C Strenth Reading 1000000.xlsx,Comp 6,295,False,3.091042453358316,4.58257569495584,1,13.815511557963774,21,3.091042453358316,441.0,9261.0
CS_NC_21d_094,EXP_CS_NC_21d,94,Normal Concrete,Control,,0,OPC 53 (UltraTech),21,Compressive Strength,26.77,150mm Cube,C Strenth Reading 1000000.xlsx,Comp 6,296,False,3.091042453358316,4.58257569495584,0,0.0,0,0.0,441.0,9261.0
CS_BC_21d_094,EXP_CS_BC_21d,94,Bacterial Concrete,Inoculated,Bacillus subtilis,1000000,OPC 53 (UltraTech),21,Compressive Strength,31.25,150mm Cube,C Strenth Reading 1000000.xlsx,Comp 6,296,False,3.091042453358316,4.58257569495584,1,13.815511557963774,21,3.091042453358316,441.0,9261.0
CS_NC_21d_095,EXP_CS_NC_21d,95,Normal Concrete,Control,,0,OPC 53 (UltraTech),21,Compressive Strength,26.04,150mm Cube,C Strenth Reading 1000000.xlsx,Comp 6,297,False,3.091042453358316,4.58257569495584,0,0.0,0,0.0,441.0,9261.0
CS_BC_21d_095,EXP_CS_BC_21d,95,Bacterial Concrete,Inoculated,Bacillus subtilis,1000000,OPC 53 (UltraTech),21,Compressive Strength,31.57,150mm Cube,C Strenth Reading 1000000.xlsx,Comp 6,297,False,3.091042453358316,4.58257569495584,1,13.815511557963774,21,3.091042453358316,441.0,9261.0
CS_NC_21d_096,EXP_CS_NC_21d,96,Normal Concrete,Control,,0,OPC 53 (UltraTech),21,Compressive Strength,24.46,150mm Cube,C Strenth Reading 1000000.xlsx,Comp 6,298,False,3.091042453358316,4.58257569495584,0,0.0,0,0.0,441.0,9261.0
CS_BC_21d_096,EXP_CS_BC_21d,96,Bacterial Concrete,Inoculated,Bacillus subtilis,1000000,OPC 53 (UltraTech),21,Compressive Strength,30.47,150mm Cube,C Strenth Reading 1000000.xlsx,Comp 6,298,False,3.091042453358316,4.58257569495584,1,13.815511557963774,21,3.091042453358316,441.0,9261.0
CS_NC_21d_097,EXP_CS_NC_21d,97,Normal Concrete,Control,,0,OPC 53 (UltraTech),21,Compressive Strength,26.85,150mm Cube,C Strenth Reading 1000000.xlsx,Comp 6,299,False,3.091042453358316,4.58257569495584,0,0.0,0,0.0,441.0,9261.0
CS_BC_21d_097,EXP_CS_BC_21d,97,Bacterial Concrete,Inoculated,Bacillus subtilis,1000000,OPC 53 (UltraTech),21,Compressive Strength,29.25,150mm Cube,C Strenth Reading 1000000.xlsx,Comp 6,299,False,3.091042453358316,4.58257569495584,1,13.815511557963774,21,3.091042453358316,441.0,9261.0
CS_NC_21d_098,EXP_CS_NC_21d,98,Normal Concrete,Control,,0,OPC 53 (UltraTech),21,Compressive Strength,25.96,150mm Cube,C Strenth Reading 1000000.xlsx,Comp 6,300,False,3.091042453358316,4.58257569495584,0,0.0,0,0.0,441.0,9261.0
CS_BC_21d_098,EXP_CS_BC_21d,98,Bacterial Concrete,Inoculated,Bacillus subtilis,1000000,OPC 53 (UltraTech),21,Compressive Strength,29.72,150mm Cube,C Strenth Reading 1000000.xlsx,Comp 6,300,False,3.091042453358316,4.58257569495584,1,13.815511557963774,21,3.091042453358316,441.0,9261.0
CS_NC_21d_099,EXP_CS_NC_21d,99,Normal Concrete,Control,,0,OPC 53 (UltraTech),21,Compressive Strength,26.72,150mm Cube,C Strenth Reading 1000000.xlsx,Comp 6,301,False,3.091042453358316,4.58257569495584,0,0.0,0,0.0,441.0,9261.0
CS_BC_21d_099,EXP_CS_BC_21d,99,Bacterial Concrete,Inoculated,Bacillus subtilis,1000000,OPC 53 (UltraTech),21,Compressive Strength,31.31,150mm Cube,C Strenth Reading 1000000.xlsx,Comp 6,301,False,3.091042453358316,4.58257569495584,1,13.815511557963774,21,3.091042453358316,441.0,9261.0
CS_NC_21d_100,EXP_CS_NC_21d,100,Normal Concrete,Control,,0,OPC 53 (UltraTech),21,Compressive Strength,26.44,150mm Cube,C Strenth Reading 1000000.xlsx,Comp 6,302,False,3.091042453358316,4.58257569495584,0,0.0,0,0.0,441.0,9261.0
CS_BC_21d_100,EXP_CS_BC_21d,100,Bacterial Concrete,Inoculated,Bacillus subtilis,1000000,OPC 53 (UltraTech),21,Compressive Strength,28.27,150mm Cube,C Strenth Reading 1000000.xlsx,Comp 6,302,False,3.091042453358316,4.58257569495584,1,13.815511557963774,21,3.091042453358316,441.0,9261.0
CS_NC_28d_001,EXP_CS_NC_28d,1,Normal Concrete,Control,,0,OPC 53 (UltraTech),28,Compressive Strength,26.76,150mm Cube,C Strenth Reading 1000000.xlsx,Comp 6,303,False,3.367295829986474,5.291502622129181,0,0.0,0,0.0,784.0,21952.0
CS_BC_28d_001,EXP_CS_BC_28d,1,Bacterial Concrete,Inoculated,Bacillus subtilis,1000000,OPC 53 (UltraTech),28,Compressive Strength,33.55,150mm Cube,C Strenth Reading 1000000.xlsx,Comp 6,303,False,3.367295829986474,5.291502622129181,1,13.815511557963774,28,3.367295829986474,784.0,21952.0
CS_NC_28d_002,EXP_CS_NC_28d,2,Normal Concrete,Control,,0,OPC 53 (UltraTech),28,Compressive Strength,27.16,150mm Cube,C Strenth Reading 1000000.xlsx,Comp 6,304,False,3.367295829986474,5.291502622129181,0,0.0,0,0.0,784.0,21952.0
CS_BC_28d_002,EXP_CS_BC_28d,2,Bacterial Concrete,Inoculated,Bacillus subtilis,1000000,OPC 53 (UltraTech),28,Compressive Strength,32.41,150mm Cube,C Strenth Reading 1000000.xlsx,Comp 6,304,False,3.367295829986474,5.291502622129181,1,13.815511557963774,28,3.367295829986474,784.0,21952.0
CS_NC_28d_003,EXP_CS_NC_28d,3,Normal Concrete,Control,,0,OPC 53 (UltraTech),28,Compressive Strength,29.12,150mm Cube,C Strenth Reading 1000000.xlsx,Comp 6,305,False,3.367295829986474,5.291502622129181,0,0.0,0,0.0,784.0,21952.0
CS_BC_28d_003,EXP_CS_BC_28d,3,Bacterial Concrete,Inoculated,Bacillus subtilis,1000000,OPC 53 (UltraTech),28,Compressive Strength,33.04,150mm Cube,C Strenth Reading 1000000.xlsx,Comp 6,305,False,3.367295829986474,5.291502622129181,1,13.815511557963774,28,3.367295829986474,784.0,21952.0
CS_NC_28d_004,EXP_CS_NC_28d,4,Normal Concrete,Control,,0,OPC 53 (UltraTech),28,Compressive Strength,28.92,150mm Cube,C Strenth Reading 1000000.xlsx,Comp 6,306,False,3.367295829986474,5.291502622129181,0,0.0,0,0.0,784.0,21952.0
CS_BC_28d_004,EXP_CS_BC_28d,4,Bacterial Concrete,Inoculated,Bacillus subtilis,1000000,OPC 53 (UltraTech),28,Compressive Strength,34.92,150mm Cube,C Strenth Reading 1000000.xlsx,Comp 6,306,False,3.367295829986474,5.291502622129181,1,13.815511557963774,28,3.367295829986474,784.0,21952.0
CS_NC_28d_005,EXP_CS_NC_28d,5,Normal Concrete,Control,,0,OPC 53 (UltraTech),28,Compressive Strength,27.97,150mm Cube,C Strenth Reading 1000000.xlsx,Comp 6,307,False,3.367295829986474,5.291502622129181,0,0.0,0,0.0,784.0,21952.0
CS_BC_28d_005,EXP_CS_BC_28d,5,Bacterial Concrete,Inoculated,Bacillus subtilis,1000000,OPC 53 (UltraTech),28,Compressive Strength,33.29,150mm Cube,C Strenth Reading 1000000.xlsx,Comp 6,307,False,3.367295829986474,5.291502622129181,1,13.815511557963774,28,3.367295829986474,784.0,21952.0
CS_NC_28d_006,EXP_CS_NC_28d,6,Normal Concrete,Control,,0,OPC 53 (UltraTech),28,Compressive Strength,28.18,150mm Cube,C Strenth Reading 1000000.xlsx,Comp 6,308,False,3.367295829986474,5.291502622129181,0,0.0,0,0.0,784.0,21952.0
CS_BC_28d_006,EXP_CS_BC_28d,6,Bacterial Concrete,Inoculated,Bacillus subtilis,1000000,OPC 53 (UltraTech),28,Compressive Strength,33.07,150mm Cube,C Strenth Reading 1000000.xlsx,Comp 6,308,False,3.367295829986474,5.291502622129181,1,13.815511557963774,28,3.367295829986474,784.0,21952.0
CS_NC_28d_007,EXP_CS_NC_28d,7,Normal Concrete,Control,,0,OPC 53 (UltraTech),28,Compressive Strength,29.92,150mm Cube,C Strenth Reading 1000000.xlsx,Comp 6,309,False,3.367295829986474,5.291502622129181,0,0.0,0,0.0,784.0,21952.0
CS_BC_28d_007,EXP_CS_BC_28d,7,Bacterial Concrete,Inoculated,Bacillus subtilis,1000000,OPC 53 (UltraTech),28,Compressive Strength,30.96,150mm Cube,C Strenth Reading 1000000.xlsx,Comp 6,309,False,3.367295829986474,5.291502622129181,1,13.815511557963774,28,3.367295829986474,784.0,21952.0
CS_NC_28d_008,EXP_CS_NC_28d,8,Normal Concrete,Control,,0,OPC 53 (UltraTech),28,Compressive Strength,27.11,150mm Cube,C Strenth Reading 1000000.xlsx,Comp 6,310,False,3.367295829986474,5.291502622129181,0,0.0,0,0.0,784.0,21952.0
CS_BC_28d_008,EXP_CS_BC_28d,8,Bacterial Concrete,Inoculated,Bacillus subtilis,1000000,OPC 53 (UltraTech),28,Compressive Strength,34.12,150mm Cube,C Strenth Reading 1000000.xlsx,Comp 6,310,False,3.367295829986474,5.291502622129181,1,13.815511557963774,28,3.367295829986474,784.0,21952.0
CS_NC_28d_009,EXP_CS_NC_28d,9,Normal Concrete,Control,,0,OPC 53 (UltraTech),28,Compressive Strength,28.82,150mm Cube,C Strenth Reading 1000000.xlsx,Comp 6,311,False,3.367295829986474,5.291502622129181,0,0.0,0,0.0,784.0,21952.0
CS_BC_28d_009,EXP_CS_BC_28d,9,Bacterial Concrete,Inoculated,Bacillus subtilis,1000000,OPC 53 (UltraTech),28,Compressive Strength,33.97,150mm Cube,C Strenth Reading 1000000.xlsx,Comp 6,311,False,3.367295829986474,5.291502622129181,1,13.815511557963774,28,3.367295829986474,784.0,21952.0
CS_NC_28d_010,EXP_CS_NC_28d,10,Normal Concrete,Control,,0,OPC 53 (UltraTech),28,Compressive Strength,27.7,150mm Cube,C Strenth Reading 1000000.xlsx,Comp 6,312,False,3.367295829986474,5.291502622129181,0,0.0,0,0.0,784.0,21952.0
CS_BC_28d_010,EXP_CS_BC_28d,10,Bacterial Concrete,Inoculated,Bacillus subtilis,1000000,OPC 53 (UltraTech),28,Compressive Strength,36.24,150mm Cube,C Strenth Reading 1000000.xlsx,Comp 6,312,False,3.367295829986474,5.291502622129181,1,13.815511557963774,28,3.367295829986474,784.0,21952.0
CS_NC_28d_011,EXP_CS_NC_28d,11,Normal Concrete,Control,,0,OPC 53 (UltraTech),28,Compressive Strength,27.67,150mm Cube,C Strenth Reading 1000000.xlsx,Comp 6,313,False,3.367295829986474,5.291502622129181,0,0.0,0,0.0,784.0,21952.0
CS_BC_28d_011,EXP_CS_BC_28d,11,Bacterial Concrete,Inoculated,Bacillus subtilis,1000000,OPC 53 (UltraTech),28,Compressive Strength,32.54,150mm Cube,C Strenth Reading 1000000.xlsx,Comp 6,313,False,3.367295829986474,5.291502622129181,1,13.815511557963774,28,3.367295829986474,784.0,21952.0
CS_NC_28d_012,EXP_CS_NC_28d,12,Normal Concrete,Control,,0,OPC 53 (UltraTech),28,Compressive Strength,29.65,150mm Cube,C Strenth Reading 1000000.xlsx,Comp 6,314,False,3.367295829986474,5.291502622129181,0,0.0,0,0.0,784.0,21952.0
CS_BC_28d_012,EXP_CS_BC_28d,12,Bacterial Concrete,Inoculated,Bacillus subtilis,1000000,OPC 53 (UltraTech),28,Compressive Strength,33.33,150mm Cube,C Strenth Reading 1000000.xlsx,Comp 6,314,False,3.367295829986474,5.291502622129181,1,13.815511557963774,28,3.367295829986474,784.0,21952.0
CS_NC_28d_013,EXP_CS_NC_28d,13,Normal Concrete,Control,,0,OPC 53 (UltraTech),28,Compressive Strength,29.24,150mm Cube,C Strenth Reading 1000000.xlsx,Comp 6,315,False,3.367295829986474,5.291502622129181,0,0.0,0,0.0,784.0,21952.0
CS_BC_28d_013,EXP_CS_BC_28d,13,Bacterial Concrete,Inoculated,Bacillus subtilis,1000000,OPC 53 (UltraTech),28,Compressive Strength,33.37,150mm Cube,C Strenth Reading 1000000.xlsx,Comp 6,315,False,3.367295829986474,5.291502622129181,1,13.815511557963774,28,3.367295829986474,784.0,21952.0
CS_NC_28d_014,EXP_CS_NC_28d,14,Normal Concrete,Control,,0,OPC 53 (UltraTech),28,Compressive Strength,29.22,150mm Cube,C Strenth Reading 1000000.xlsx,Comp 6,316,False,3.367295829986474,5.291502622129181,0,0.0,0,0.0,784.0,21952.0
CS_BC_28d_014,EXP_CS_BC_28d,14,Bacterial Concrete,Inoculated,Bacillus subtilis,1000000,OPC 53 (UltraTech),28,Compressive Strength,35.37,150mm Cube,C Strenth Reading 1000000.xlsx,Comp 6,316,False,3.367295829986474,5.291502622129181,1,13.815511557963774,28,3.367295829986474,784.0,21952.0
CS_NC_28d_015,EXP_CS_NC_28d,15,Normal Concrete,Control,,0,OPC 53 (UltraTech),28,Compressive Strength,29.96,150mm Cube,C Strenth Reading 1000000.xlsx,Comp 6,317,False,3.367295829986474,5.291502622129181,0,0.0,0,0.0,784.0,21952.0
CS_BC_28d_015,EXP_CS_BC_28d,15,Bacterial Concrete,Inoculated,Bacillus subtilis,1000000,OPC 53 (UltraTech),28,Compressive Strength,32.86,150mm Cube,C Strenth Reading 1000000.xlsx,Comp 6,317,False,3.367295829986474,5.291502622129181,1,13.815511557963774,28,3.367295829986474,784.0,21952.0
CS_NC_28d_016,EXP_CS_NC_28d,16,Normal Concrete,Control,,0,OPC 53 (UltraTech),28,Compressive Strength,28.03,150mm Cube,C Strenth Reading 1000000.xlsx,Comp 6,318,False,3.367295829986474,5.291502622129181,0,0.0,0,0.0,784.0,21952.0
CS_BC_28d_016,EXP_CS_BC_28d,16,Bacterial Concrete,Inoculated,Bacillus subtilis,1000000,OPC 53 (UltraTech),28,Compressive Strength,33.42,150mm Cube,C Strenth Reading 1000000.xlsx,Comp 6,318,False,3.367295829986474,5.291502622129181,1,13.815511557963774,28,3.367295829986474,784.0,21952.0
CS_NC_28d_017,EXP_CS_NC_28d,17,Normal Concrete,Control,,0,OPC 53 (UltraTech),28,Compressive Strength,29.02,150mm Cube,C Strenth Reading 1000000.xlsx,Comp 6,319,False,3.367295829986474,5.291502622129181,0,0.0,0,0.0,784.0,21952.0
CS_BC_28d_017,EXP_CS_BC_28d,17,Bacterial Concrete,Inoculated,Bacillus subtilis,1000000,OPC 53 (UltraTech),28,Compressive Strength,33.91,150mm Cube,C Strenth Reading 1000000.xlsx,Comp 6,319,False,3.367295829986474,5.291502622129181,1,13.815511557963774,28,3.367295829986474,784.0,21952.0
CS_NC_28d_018,EXP_CS_NC_28d,18,Normal Concrete,Control,,0,OPC 53 (UltraTech),28,Compressive Strength,27.53,150mm Cube,C Strenth Reading 1000000.xlsx,Comp 6,320,False,3.367295829986474,5.291502622129181,0,0.0,0,0.0,784.0,21952.0
CS_BC_28d_018,EXP_CS_BC_28d,18,Bacterial Concrete,Inoculated,Bacillus subtilis,1000000,OPC 53 (UltraTech),28,Compressive Strength,33.28,150mm Cube,C Strenth Reading 1000000.xlsx,Comp 6,320,False,3.367295829986474,5.291502622129181,1,13.815511557963774,28,3.367295829986474,784.0,21952.0
CS_NC_28d_019,EXP_CS_NC_28d,19,Normal Concrete,Control,,0,OPC 53 (UltraTech),28,Compressive Strength,28.49,150mm Cube,C Strenth Reading 1000000.xlsx,Comp 6,321,False,3.367295829986474,5.291502622129181,0,0.0,0,0.0,784.0,21952.0
CS_BC_28d_019,EXP_CS_BC_28d,19,Bacterial Concrete,Inoculated,Bacillus subtilis,1000000,OPC 53 (UltraTech),28,Compressive Strength,32.33,150mm Cube,C Strenth Reading 1000000.xlsx,Comp 6,321,False,3.367295829986474,5.291502622129181,1,13.815511557963774,28,3.367295829986474,784.0,21952.0
CS_NC_28d_020,EXP_CS_NC_28d,20,Normal Concrete,Control,,0,OPC 53 (UltraTech),28,Compressive Strength,27.8,150mm Cube,C Strenth Reading 1000000.xlsx,Comp 6,322,False,3.367295829986474,5.291502622129181,0,0.0,0,0.0,784.0,21952.0
CS_BC_28d_020,EXP_CS_BC_28d,20,Bacterial Concrete,Inoculated,Bacillus subtilis,1000000,OPC 53 (UltraTech),28,Compressive Strength,33.29,150mm Cube,C Strenth Reading 1000000.xlsx,Comp 6,322,False,3.367295829986474,5.291502622129181,1,13.815511557963774,28,3.367295829986474,784.0,21952.0
CS_NC_28d_021,EXP_CS_NC_28d,21,Normal Concrete,Control,,0,OPC 53 (UltraTech),28,Compressive Strength,28.15,150mm Cube,C Strenth Reading 1000000.xlsx,Comp 6,323,False,3.367295829986474,5.291502622129181,0,0.0,0,0.0,784.0,21952.0
CS_BC_28d_021,EXP_CS_BC_28d,21,Bacterial Concrete,Inoculated,Bacillus subtilis,1000000,OPC 53 (UltraTech),28,Compressive Strength,34.61,150mm Cube,C Strenth Reading 1000000.xlsx,Comp 6,323,False,3.367295829986474,5.291502622129181,1,13.815511557963774,28,3.367295829986474,784.0,21952.0
CS_NC_28d_022,EXP_CS_NC_28d,22,Normal Concrete,Control,,0,OPC 53 (UltraTech),28,Compressive Strength,28.89,150mm Cube,C Strenth Reading 1000000.xlsx,Comp 6,324,False,3.367295829986474,5.291502622129181,0,0.0,0,0.0,784.0,21952.0
CS_BC_28d_022,EXP_CS_BC_28d,22,Bacterial Concrete,Inoculated,Bacillus subtilis,1000000,OPC 53 (UltraTech),28,Compressive Strength,31.46,150mm Cube,C Strenth Reading 1000000.xlsx,Comp 6,324,False,3.367295829986474,5.291502622129181,1,13.815511557963774,28,3.367295829986474,784.0,21952.0
CS_NC_28d_023,EXP_CS_NC_28d,23,Normal Concrete,Control,,0,OPC 53 (UltraTech),28,Compressive Strength,26.77,150mm Cube,C Strenth Reading 1000000.xlsx,Comp 6,325,False,3.367295829986474,5.291502622129181,0,0.0,0,0.0,784.0,21952.0
CS_BC_28d_023,EXP_CS_BC_28d,23,Bacterial Concrete,Inoculated,Bacillus subtilis,1000000,OPC 53 (UltraTech),28,Compressive Strength,33.2,150mm Cube,C Strenth Reading 1000000.xlsx,Comp 6,325,False,3.367295829986474,5.291502622129181,1,13.815511557963774,28,3.367295829986474,784.0,21952.0
CS_NC_28d_024,EXP_CS_NC_28d,24,Normal Concrete,Control,,0,OPC 53 (UltraTech),28,Compressive Strength,31.14,150mm Cube,C Strenth Reading 1000000.xlsx,Comp 6,326,False,3.367295829986474,5.291502622129181,0,0.0,0,0.0,784.0,21952.0
CS_BC_28d_024,EXP_CS_BC_28d,24,Bacterial Concrete,Inoculated,Bacillus subtilis,1000000,OPC 53 (UltraTech),28,Compressive Strength,31.95,150mm Cube,C Strenth Reading 1000000.xlsx,Comp 6,326,False,3.367295829986474,5.291502622129181,1,13.815511557963774,28,3.367295829986474,784.0,21952.0
CS_NC_28d_025,EXP_CS_NC_28d,25,Normal Concrete,Control,,0,OPC 53 (UltraTech),28,Compressive Strength,26.49,150mm Cube,C Strenth Reading 1000000.xlsx,Comp 6,327,False,3.367295829986474,5.291502622129181,0,0.0,0,0.0,784.0,21952.0
CS_BC_28d_025,EXP_CS_BC_28d,25,Bacterial Concrete,Inoculated,Bacillus subtilis,1000000,OPC 53 (UltraTech),28,Compressive Strength,34.79,150mm Cube,C Strenth Reading 1000000.xlsx,Comp 6,327,False,3.367295829986474,5.291502622129181,1,13.815511557963774,28,3.367295829986474,784.0,21952.0
CS_NC_28d_026,EXP_CS_NC_28d,26,Normal Concrete,Control,,0,OPC 53 (UltraTech),28,Compressive Strength,26.18,150mm Cube,C Strenth Reading 1000000.xlsx,Comp 6,328,False,3.367295829986474,5.291502622129181,0,0.0,0,0.0,784.0,21952.0
CS_BC_28d_026,EXP_CS_BC_28d,26,Bacterial Concrete,Inoculated,Bacillus subtilis,1000000,OPC 53 (UltraTech),28,Compressive Strength,30.72,150mm Cube,C Strenth Reading 1000000.xlsx,Comp 6,328,False,3.367295829986474,5.291502622129181,1,13.815511557963774,28,3.367295829986474,784.0,21952.0
CS_NC_28d_027,EXP_CS_NC_28d,27,Normal Concrete,Control,,0,OPC 53 (UltraTech),28,Compressive Strength,29.74,150mm Cube,C Strenth Reading 1000000.xlsx,Comp 6,329,False,3.367295829986474,5.291502622129181,0,0.0,0,0.0,784.0,21952.0
CS_BC_28d_027,EXP_CS_BC_28d,27,Bacterial Concrete,Inoculated,Bacillus subtilis,1000000,OPC 53 (UltraTech),28,Compressive Strength,32.16,150mm Cube,C Strenth Reading 1000000.xlsx,Comp 6,329,False,3.367295829986474,5.291502622129181,1,13.815511557963774,28,3.367295829986474,784.0,21952.0
CS_NC_28d_028,EXP_CS_NC_28d,28,Normal Concrete,Control,,0,OPC 53 (UltraTech),28,Compressive Strength,29.19,150mm Cube,C Strenth Reading 1000000.xlsx,Comp 6,330,False,3.367295829986474,5.291502622129181,0,0.0,0,0.0,784.0,21952.0
CS_BC_28d_028,EXP_CS_BC_28d,28,Bacterial Concrete,Inoculated,Bacillus subtilis,1000000,OPC 53 (UltraTech),28,Compressive Strength,33.57,150mm Cube,C Strenth Reading 1000000.xlsx,Comp 6,330,False,3.367295829986474,5.291502622129181,1,13.815511557963774,28,3.367295829986474,784.0,21952.0
CS_NC_28d_029,EXP_CS_NC_28d,29,Normal Concrete,Control,,0,OPC 53 (UltraTech),28,Compressive Strength,28.94,150mm Cube,C Strenth Reading 1000000.xlsx,Comp 6,331,False,3.367295829986474,5.291502622129181,0,0.0,0,0.0,784.0,21952.0
CS_BC_28d_029,EXP_CS_BC_28d,29,Bacterial Concrete,Inoculated,Bacillus subtilis,1000000,OPC 53 (UltraTech),28,Compressive Strength,35.35,150mm Cube,C Strenth Reading 1000000.xlsx,Comp 6,331,False,3.367295829986474,5.291502622129181,1,13.815511557963774,28,3.367295829986474,784.0,21952.0
CS_NC_28d_030,EXP_CS_NC_28d,30,Normal Concrete,Control,,0,OPC 53 (UltraTech),28,Compressive Strength,28.94,150mm Cube,C Strenth Reading 1000000.xlsx,Comp 6,332,False,3.367295829986474,5.291502622129181,0,0.0,0,0.0,784.0,21952.0
CS_BC_28d_030,EXP_CS_BC_28d,30,Bacterial Concrete,Inoculated,Bacillus subtilis,1000000,OPC 53 (UltraTech),28,Compressive Strength,32.9,150mm Cube,C Strenth Reading 1000000.xlsx,Comp 6,332,False,3.367295829986474,5.291502622129181,1,13.815511557963774,28,3.367295829986474,784.0,21952.0
CS_NC_28d_031,EXP_CS_NC_28d,31,Normal Concrete,Control,,0,OPC 53 (UltraTech),28,Compressive Strength,27.98,150mm Cube,C Strenth Reading 1000000.xlsx,Comp 6,333,False,3.367295829986474,5.291502622129181,0,0.0,0,0.0,784.0,21952.0
CS_BC_28d_031,EXP_CS_BC_28d,31,Bacterial Concrete,Inoculated,Bacillus subtilis,1000000,OPC 53 (UltraTech),28,Compressive Strength,32.17,150mm Cube,C Strenth Reading 1000000.xlsx,Comp 6,333,False,3.367295829986474,5.291502622129181,1,13.815511557963774,28,3.367295829986474,784.0,21952.0
CS_NC_28d_032,EXP_CS_NC_28d,32,Normal Concrete,Control,,0,OPC 53 (UltraTech),28,Compressive Strength,26.65,150mm Cube,C Strenth Reading 1000000.xlsx,Comp 6,334,False,3.367295829986474,5.291502622129181,0,0.0,0,0.0,784.0,21952.0
CS_BC_28d_032,EXP_CS_BC_28d,32,Bacterial Concrete,Inoculated,Bacillus subtilis,1000000,OPC 53 (UltraTech),28,Compressive Strength,35.82,150mm Cube,C Strenth Reading 1000000.xlsx,Comp 6,334,False,3.367295829986474,5.291502622129181,1,13.815511557963774,28,3.367295829986474,784.0,21952.0
CS_NC_28d_033,EXP_CS_NC_28d,33,Normal Concrete,Control,,0,OPC 53 (UltraTech),28,Compressive Strength,28.11,150mm Cube,C Strenth Reading 1000000.xlsx,Comp 6,335,False,3.367295829986474,5.291502622129181,0,0.0,0,0.0,784.0,21952.0
CS_BC_28d_033,EXP_CS_BC_28d,33,Bacterial Concrete,Inoculated,Bacillus subtilis,1000000,OPC 53 (UltraTech),28,Compressive Strength,30.83,150mm Cube,C Strenth Reading 1000000.xlsx,Comp 6,335,False,3.367295829986474,5.291502622129181,1,13.815511557963774,28,3.367295829986474,784.0,21952.0
CS_NC_28d_034,EXP_CS_NC_28d,34,Normal Concrete,Control,,0,OPC 53 (UltraTech),28,Compressive Strength,26.98,150mm Cube,C Strenth Reading 1000000.xlsx,Comp 6,336,False,3.367295829986474,5.291502622129181,0,0.0,0,0.0,784.0,21952.0
CS_BC_28d_034,EXP_CS_BC_28d,34,Bacterial Concrete,Inoculated,Bacillus subtilis,1000000,OPC 53 (UltraTech),28,Compressive Strength,29.7,150mm Cube,C Strenth Reading 1000000.xlsx,Comp 6,336,False,3.367295829986474,5.291502622129181,1,13.815511557963774,28,3.367295829986474,784.0,21952.0
CS_NC_28d_035,EXP_CS_NC_28d,35,Normal Concrete,Control,,0,OPC 53 (UltraTech),28,Compressive Strength,29.46,150mm Cube,C Strenth Reading 1000000.xlsx,Comp 6,337,False,3.367295829986474,5.291502622129181,0,0.0,0,0.0,784.0,21952.0
CS_BC_28d_035,EXP_CS_BC_28d,35,Bacterial Concrete,Inoculated,Bacillus subtilis,1000000,OPC 53 (UltraTech),28,Compressive Strength,33.66,150mm Cube,C Strenth Reading 1000000.xlsx,Comp 6,337,False,3.367295829986474,5.291502622129181,1,13.815511557963774,28,3.367295829986474,784.0,21952.0
CS_NC_28d_036,EXP_CS_NC_28d,36,Normal Concrete,Control,,0,OPC 53 (UltraTech),28,Compressive Strength,27.78,150mm Cube,C Strenth Reading 1000000.xlsx,Comp 6,338,False,3.367295829986474,5.291502622129181,0,0.0,0,0.0,784.0,21952.0
CS_BC_28d_036,EXP_CS_BC_28d,36,Bacterial Concrete,Inoculated,Bacillus subtilis,1000000,OPC 53 (UltraTech),28,Compressive Strength,32.25,150mm Cube,C Strenth Reading 1000000.xlsx,Comp 6,338,False,3.367295829986474,5.291502622129181,1,13.815511557963774,28,3.367295829986474,784.0,21952.0
CS_NC_28d_037,EXP_CS_NC_28d,37,Normal Concrete,Control,,0,OPC 53 (UltraTech),28,Compressive Strength,26.76,150mm Cube,C Strenth Reading 1000000.xlsx,Comp 6,339,False,3.367295829986474,5.291502622129181,0,0.0,0,0.0,784.0,21952.0
CS_BC_28d_037,EXP_CS_BC_28d,37,Bacterial Concrete,Inoculated,Bacillus subtilis,1000000,OPC 53 (UltraTech),28,Compressive Strength,31.47,150mm Cube,C Strenth Reading 1000000.xlsx,Comp 6,339,False,3.367295829986474,5.291502622129181,1,13.815511557963774,28,3.367295829986474,784.0,21952.0
CS_NC_28d_038,EXP_CS_NC_28d,38,Normal Concrete,Control,,0,OPC 53 (UltraTech),28,Compressive Strength,27.52,150mm Cube,C Strenth Reading 1000000.xlsx,Comp 6,340,False,3.367295829986474,5.291502622129181,0,0.0,0,0.0,784.0,21952.0
CS_BC_28d_038,EXP_CS_BC_28d,38,Bacterial Concrete,Inoculated,Bacillus subtilis,1000000,OPC 53 (UltraTech),28,Compressive Strength,34.06,150mm Cube,C Strenth Reading 1000000.xlsx,Comp 6,340,False,3.367295829986474,5.291502622129181,1,13.815511557963774,28,3.367295829986474,784.0,21952.0
CS_NC_28d_039,EXP_CS_NC_28d,39,Normal Concrete,Control,,0,OPC 53 (UltraTech),28,Compressive Strength,28.62,150mm Cube,C Strenth Reading 1000000.xlsx,Comp 6,341,False,3.367295829986474,5.291502622129181,0,0.0,0,0.0,784.0,21952.0
CS_BC_28d_039,EXP_CS_BC_28d,39,Bacterial Concrete,Inoculated,Bacillus subtilis,1000000,OPC 53 (UltraTech),28,Compressive Strength,33.37,150mm Cube,C Strenth Reading 1000000.xlsx,Comp 6,341,False,3.367295829986474,5.291502622129181,1,13.815511557963774,28,3.367295829986474,784.0,21952.0
CS_NC_28d_040,EXP_CS_NC_28d,40,Normal Concrete,Control,,0,OPC 53 (UltraTech),28,Compressive Strength,27.15,150mm Cube,C Strenth Reading 1000000.xlsx,Comp 6,342,False,3.367295829986474,5.291502622129181,0,0.0,0,0.0,784.0,21952.0
CS_BC_28d_040,EXP_CS_BC_28d,40,Bacterial Concrete,Inoculated,Bacillus subtilis,1000000,OPC 53 (UltraTech),28,Compressive Strength,32.15,150mm Cube,C Strenth Reading 1000000.xlsx,Comp 6,342,False,3.367295829986474,5.291502622129181,1,13.815511557963774,28,3.367295829986474,784.0,21952.0
CS_NC_28d_041,EXP_CS_NC_28d,41,Normal Concrete,Control,,0,OPC 53 (UltraTech),28,Compressive Strength,26.77,150mm Cube,C Strenth Reading 1000000.xlsx,Comp 6,343,False,3.367295829986474,5.291502622129181,0,0.0,0,0.0,784.0,21952.0
CS_BC_28d_041,EXP_CS_BC_28d,41,Bacterial Concrete,Inoculated,Bacillus subtilis,1000000,OPC 53 (UltraTech),28,Compressive Strength,31.08,150mm Cube,C Strenth Reading 1000000.xlsx,Comp 6,343,False,3.367295829986474,5.291502622129181,1,13.815511557963774,28,3.367295829986474,784.0,21952.0
CS_NC_28d_042,EXP_CS_NC_28d,42,Normal Concrete,Control,,0,OPC 53 (UltraTech),28,Compressive Strength,28.37,150mm Cube,C Strenth Reading 1000000.xlsx,Comp 6,344,False,3.367295829986474,5.291502622129181,0,0.0,0,0.0,784.0,21952.0
CS_BC_28d_042,EXP_CS_BC_28d,42,Bacterial Concrete,Inoculated,Bacillus subtilis,1000000,OPC 53 (UltraTech),28,Compressive Strength,34.31,150mm Cube,C Strenth Reading 1000000.xlsx,Comp 6,344,False,3.367295829986474,5.291502622129181,1,13.815511557963774,28,3.367295829986474,784.0,21952.0
CS_NC_28d_043,EXP_CS_NC_28d,43,Normal Concrete,Control,,0,OPC 53 (UltraTech),28,Compressive Strength,28.37,150mm Cube,C Strenth Reading 1000000.xlsx,Comp 6,345,False,3.367295829986474,5.291502622129181,0,0.0,0,0.0,784.0,21952.0
CS_BC_28d_043,EXP_CS_BC_28d,43,Bacterial Concrete,Inoculated,Bacillus subtilis,1000000,OPC 53 (UltraTech),28,Compressive Strength,33.98,150mm Cube,C Strenth Reading 1000000.xlsx,Comp 6,345,False,3.367295829986474,5.291502622129181,1,13.815511557963774,28,3.367295829986474,784.0,21952.0
CS_NC_28d_044,EXP_CS_NC_28d,44,Normal Concrete,Control,,0,OPC 53 (UltraTech),28,Compressive Strength,27.24,150mm Cube,C Strenth Reading 1000000.xlsx,Comp 6,346,False,3.367295829986474,5.291502622129181,0,0.0,0,0.0,784.0,21952.0
CS_BC_28d_044,EXP_CS_BC_28d,44,Bacterial Concrete,Inoculated,Bacillus subtilis,1000000,OPC 53 (UltraTech),28,Compressive Strength,32.85,150mm Cube,C Strenth Reading 1000000.xlsx,Comp 6,346,False,3.367295829986474,5.291502622129181,1,13.815511557963774,28,3.367295829986474,784.0,21952.0
CS_NC_28d_045,EXP_CS_NC_28d,45,Normal Concrete,Control,,0,OPC 53 (UltraTech),28,Compressive Strength,27.29,150mm Cube,C Strenth Reading 1000000.xlsx,Comp 6,347,False,3.367295829986474,5.291502622129181,0,0.0,0,0.0,784.0,21952.0
CS_BC_28d_045,EXP_CS_BC_28d,45,Bacterial Concrete,Inoculated,Bacillus subtilis,1000000,OPC 53 (UltraTech),28,Compressive Strength,35.77,150mm Cube,C Strenth Reading 1000000.xlsx,Comp 6,347,False,3.367295829986474,5.291502622129181,1,13.815511557963774,28,3.367295829986474,784.0,21952.0
CS_NC_28d_046,EXP_CS_NC_28d,46,Normal Concrete,Control,,0,OPC 53 (UltraTech),28,Compressive Strength,28.35,150mm Cube,C Strenth Reading 1000000.xlsx,Comp 6,348,False,3.367295829986474,5.291502622129181,0,0.0,0,0.0,784.0,21952.0
CS_BC_28d_046,EXP_CS_BC_28d,46,Bacterial Concrete,Inoculated,Bacillus subtilis,1000000,OPC 53 (UltraTech),28,Compressive Strength,31.39,150mm Cube,C Strenth Reading 1000000.xlsx,Comp 6,348,False,3.367295829986474,5.291502622129181,1,13.815511557963774,28,3.367295829986474,784.0,21952.0
CS_NC_28d_047,EXP_CS_NC_28d,47,Normal Concrete,Control,,0,OPC 53 (UltraTech),28,Compressive Strength,25.83,150mm Cube,C Strenth Reading 1000000.xlsx,Comp 6,349,False,3.367295829986474,5.291502622129181,0,0.0,0,0.0,784.0,21952.0
CS_BC_28d_047,EXP_CS_BC_28d,47,Bacterial Concrete,Inoculated,Bacillus subtilis,1000000,OPC 53 (UltraTech),28,Compressive Strength,30.71,150mm Cube,C Strenth Reading 1000000.xlsx,Comp 6,349,False,3.367295829986474,5.291502622129181,1,13.815511557963774,28,3.367295829986474,784.0,21952.0
CS_NC_28d_048,EXP_CS_NC_28d,48,Normal Concrete,Control,,0,OPC 53 (UltraTech),28,Compressive Strength,25.89,150mm Cube,C Strenth Reading 1000000.xlsx,Comp 6,350,False,3.367295829986474,5.291502622129181,0,0.0,0,0.0,784.0,21952.0
CS_BC_28d_048,EXP_CS_BC_28d,48,Bacterial Concrete,Inoculated,Bacillus subtilis,1000000,OPC 53 (UltraTech),28,Compressive Strength,31.96,150mm Cube,C Strenth Reading 1000000.xlsx,Comp 6,350,False,3.367295829986474,5.291502622129181,1,13.815511557963774,28,3.367295829986474,784.0,21952.0
CS_NC_28d_049,EXP_CS_NC_28d,49,Normal Concrete,Control,,0,OPC 53 (UltraTech),28,Compressive Strength,26.92,150mm Cube,C Strenth Reading 1000000.xlsx,Comp 6,351,False,3.367295829986474,5.291502622129181,0,0.0,0,0.0,784.0,21952.0
CS_BC_28d_049,EXP_CS_BC_28d,49,Bacterial Concrete,Inoculated,Bacillus subtilis,1000000,OPC 53 (UltraTech),28,Compressive Strength,32.93,150mm Cube,C Strenth Reading 1000000.xlsx,Comp 6,351,False,3.367295829986474,5.291502622129181,1,13.815511557963774,28,3.367295829986474,784.0,21952.0
CS_NC_28d_050,EXP_CS_NC_28d,50,Normal Concrete,Control,,0,OPC 53 (UltraTech),28,Compressive Strength,27.68,150mm Cube,C Strenth Reading 1000000.xlsx,Comp 6,352,False,3.367295829986474,5.291502622129181,0,0.0,0,0.0,784.0,21952.0
CS_BC_28d_050,EXP_CS_BC_28d,50,Bacterial Concrete,Inoculated,Bacillus subtilis,1000000,OPC 53 (UltraTech),28,Compressive Strength,33.37,150mm Cube,C Strenth Reading 1000000.xlsx,Comp 6,352,False,3.367295829986474,5.291502622129181,1,13.815511557963774,28,3.367295829986474,784.0,21952.0
CS_NC_28d_051,EXP_CS_NC_28d,51,Normal Concrete,Control,,0,OPC 53 (UltraTech),28,Compressive Strength,28.47,150mm Cube,C Strenth Reading 1000000.xlsx,Comp 6,353,False,3.367295829986474,5.291502622129181,0,0.0,0,0.0,784.0,21952.0
CS_BC_28d_051,EXP_CS_BC_28d,51,Bacterial Concrete,Inoculated,Bacillus subtilis,1000000,OPC 53 (UltraTech),28,Compressive Strength,32.64,150mm Cube,C Strenth Reading 1000000.xlsx,Comp 6,353,False,3.367295829986474,5.291502622129181,1,13.815511557963774,28,3.367295829986474,784.0,21952.0
CS_NC_28d_052,EXP_CS_NC_28d,52,Normal Concrete,Control,,0,OPC 53 (UltraTech),28,Compressive Strength,30.21,150mm Cube,C Strenth Reading 1000000.xlsx,Comp 6,354,False,3.367295829986474,5.291502622129181,0,0.0,0,0.0,784.0,21952.0
CS_BC_28d_052,EXP_CS_BC_28d,52,Bacterial Concrete,Inoculated,Bacillus subtilis,1000000,OPC 53 (UltraTech),28,Compressive Strength,33.53,150mm Cube,C Strenth Reading 1000000.xlsx,Comp 6,354,False,3.367295829986474,5.291502622129181,1,13.815511557963774,28,3.367295829986474,784.0,21952.0
CS_NC_28d_053,EXP_CS_NC_28d,53,Normal Concrete,Control,,0,OPC 53 (UltraTech),28,Compressive Strength,29.29,150mm Cube,C Strenth Reading 1000000.xlsx,Comp 6,355,False,3.367295829986474,5.291502622129181,0,0.0,0,0.0,784.0,21952.0
CS_BC_28d_053,EXP_CS_BC_28d,53,Bacterial Concrete,Inoculated,Bacillus subtilis,1000000,OPC 53 (UltraTech),28,Compressive Strength,31.12,150mm Cube,C Strenth Reading 1000000.xlsx,Comp 6,355,False,3.367295829986474,5.291502622129181,1,13.815511557963774,28,3.367295829986474,784.0,21952.0
CS_NC_28d_054,EXP_CS_NC_28d,54,Normal Concrete,Control,,0,OPC 53 (UltraTech),28,Compressive Strength,27.76,150mm Cube,C Strenth Reading 1000000.xlsx,Comp 6,356,False,3.367295829986474,5.291502622129181,0,0.0,0,0.0,784.0,21952.0
CS_BC_28d_054,EXP_CS_BC_28d,54,Bacterial Concrete,Inoculated,Bacillus subtilis,1000000,OPC 53 (UltraTech),28,Compressive Strength,35.17,150mm Cube,C Strenth Reading 1000000.xlsx,Comp 6,356,False,3.367295829986474,5.291502622129181,1,13.815511557963774,28,3.367295829986474,784.0,21952.0
CS_NC_28d_055,EXP_CS_NC_28d,55,Normal Concrete,Control,,0,OPC 53 (UltraTech),28,Compressive Strength,27.97,150mm Cube,C Strenth Reading 1000000.xlsx,Comp 6,357,False,3.367295829986474,5.291502622129181,0,0.0,0,0.0,784.0,21952.0
CS_BC_28d_055,EXP_CS_BC_28d,55,Bacterial Concrete,Inoculated,Bacillus subtilis,1000000,OPC 53 (UltraTech),28,Compressive Strength,32.88,150mm Cube,C Strenth Reading 1000000.xlsx,Comp 6,357,False,3.367295829986474,5.291502622129181,1,13.815511557963774,28,3.367295829986474,784.0,21952.0
CS_NC_28d_056,EXP_CS_NC_28d,56,Normal Concrete,Control,,0,OPC 53 (UltraTech),28,Compressive Strength,26.5,150mm Cube,C Strenth Reading 1000000.xlsx,Comp 6,358,False,3.367295829986474,5.291502622129181,0,0.0,0,0.0,784.0,21952.0
CS_BC_28d_056,EXP_CS_BC_28d,56,Bacterial Concrete,Inoculated,Bacillus subtilis,1000000,OPC 53 (UltraTech),28,Compressive Strength,34.68,150mm Cube,C Strenth Reading 1000000.xlsx,Comp 6,358,False,3.367295829986474,5.291502622129181,1,13.815511557963774,28,3.367295829986474,784.0,21952.0
CS_NC_28d_057,EXP_CS_NC_28d,57,Normal Concrete,Control,,0,OPC 53 (UltraTech),28,Compressive Strength,27.97,150mm Cube,C Strenth Reading 1000000.xlsx,Comp 6,359,False,3.367295829986474,5.291502622129181,0,0.0,0,0.0,784.0,21952.0
CS_BC_28d_057,EXP_CS_BC_28d,57,Bacterial Concrete,Inoculated,Bacillus subtilis,1000000,OPC 53 (UltraTech),28,Compressive Strength,33.51,150mm Cube,C Strenth Reading 1000000.xlsx,Comp 6,359,False,3.367295829986474,5.291502622129181,1,13.815511557963774,28,3.367295829986474,784.0,21952.0
CS_NC_28d_058,EXP_CS_NC_28d,58,Normal Concrete,Control,,0,OPC 53 (UltraTech),28,Compressive Strength,27.57,150mm Cube,C Strenth Reading 1000000.xlsx,Comp 6,360,False,3.367295829986474,5.291502622129181,0,0.0,0,0.0,784.0,21952.0
CS_BC_28d_058,EXP_CS_BC_28d,58,Bacterial Concrete,Inoculated,Bacillus subtilis,1000000,OPC 53 (UltraTech),28,Compressive Strength,33.69,150mm Cube,C Strenth Reading 1000000.xlsx,Comp 6,360,False,3.367295829986474,5.291502622129181,1,13.815511557963774,28,3.367295829986474,784.0,21952.0
CS_NC_28d_059,EXP_CS_NC_28d,59,Normal Concrete,Control,,0,OPC 53 (UltraTech),28,Compressive Strength,28.48,150mm Cube,C Strenth Reading 1000000.xlsx,Comp 6,361,False,3.367295829986474,5.291502622129181,0,0.0,0,0.0,784.0,21952.0
CS_BC_28d_059,EXP_CS_BC_28d,59,Bacterial Concrete,Inoculated,Bacillus subtilis,1000000,OPC 53 (UltraTech),28,Compressive Strength,33.85,150mm Cube,C Strenth Reading 1000000.xlsx,Comp 6,361,False,3.367295829986474,5.291502622129181,1,13.815511557963774,28,3.367295829986474,784.0,21952.0
CS_NC_28d_060,EXP_CS_NC_28d,60,Normal Concrete,Control,,0,OPC 53 (UltraTech),28,Compressive Strength,26.76,150mm Cube,C Strenth Reading 1000000.xlsx,Comp 6,362,False,3.367295829986474,5.291502622129181,0,0.0,0,0.0,784.0,21952.0
CS_BC_28d_060,EXP_CS_BC_28d,60,Bacterial Concrete,Inoculated,Bacillus subtilis,1000000,OPC 53 (UltraTech),28,Compressive Strength,33.67,150mm Cube,C Strenth Reading 1000000.xlsx,Comp 6,362,False,3.367295829986474,5.291502622129181,1,13.815511557963774,28,3.367295829986474,784.0,21952.0
CS_NC_28d_061,EXP_CS_NC_28d,61,Normal Concrete,Control,,0,OPC 53 (UltraTech),28,Compressive Strength,28.78,150mm Cube,C Strenth Reading 1000000.xlsx,Comp 6,363,False,3.367295829986474,5.291502622129181,0,0.0,0,0.0,784.0,21952.0
CS_BC_28d_061,EXP_CS_BC_28d,61,Bacterial Concrete,Inoculated,Bacillus subtilis,1000000,OPC 53 (UltraTech),28,Compressive Strength,33.96,150mm Cube,C Strenth Reading 1000000.xlsx,Comp 6,363,False,3.367295829986474,5.291502622129181,1,13.815511557963774,28,3.367295829986474,784.0,21952.0
CS_NC_28d_062,EXP_CS_NC_28d,62,Normal Concrete,Control,,0,OPC 53 (UltraTech),28,Compressive Strength,30.3,150mm Cube,C Strenth Reading 1000000.xlsx,Comp 6,364,False,3.367295829986474,5.291502622129181,0,0.0,0,0.0,784.0,21952.0
CS_BC_28d_062,EXP_CS_BC_28d,62,Bacterial Concrete,Inoculated,Bacillus subtilis,1000000,OPC 53 (UltraTech),28,Compressive Strength,34.99,150mm Cube,C Strenth Reading 1000000.xlsx,Comp 6,364,False,3.367295829986474,5.291502622129181,1,13.815511557963774,28,3.367295829986474,784.0,21952.0
CS_NC_28d_063,EXP_CS_NC_28d,63,Normal Concrete,Control,,0,OPC 53 (UltraTech),28,Compressive Strength,27.84,150mm Cube,C Strenth Reading 1000000.xlsx,Comp 6,365,False,3.367295829986474,5.291502622129181,0,0.0,0,0.0,784.0,21952.0
CS_BC_28d_063,EXP_CS_BC_28d,63,Bacterial Concrete,Inoculated,Bacillus subtilis,1000000,OPC 53 (UltraTech),28,Compressive Strength,33.29,150mm Cube,C Strenth Reading 1000000.xlsx,Comp 6,365,False,3.367295829986474,5.291502622129181,1,13.815511557963774,28,3.367295829986474,784.0,21952.0
CS_NC_28d_064,EXP_CS_NC_28d,64,Normal Concrete,Control,,0,OPC 53 (UltraTech),28,Compressive Strength,28.6,150mm Cube,C Strenth Reading 1000000.xlsx,Comp 6,366,False,3.367295829986474,5.291502622129181,0,0.0,0,0.0,784.0,21952.0
CS_BC_28d_064,EXP_CS_BC_28d,64,Bacterial Concrete,Inoculated,Bacillus subtilis,1000000,OPC 53 (UltraTech),28,Compressive Strength,34.06,150mm Cube,C Strenth Reading 1000000.xlsx,Comp 6,366,False,3.367295829986474,5.291502622129181,1,13.815511557963774,28,3.367295829986474,784.0,21952.0
CS_NC_28d_065,EXP_CS_NC_28d,65,Normal Concrete,Control,,0,OPC 53 (UltraTech),28,Compressive Strength,29.04,150mm Cube,C Strenth Reading 1000000.xlsx,Comp 6,367,False,3.367295829986474,5.291502622129181,0,0.0,0,0.0,784.0,21952.0
CS_BC_28d_065,EXP_CS_BC_28d,65,Bacterial Concrete,Inoculated,Bacillus subtilis,1000000,OPC 53 (UltraTech),28,Compressive Strength,32.87,150mm Cube,C Strenth Reading 1000000.xlsx,Comp 6,367,False,3.367295829986474,5.291502622129181,1,13.815511557963774,28,3.367295829986474,784.0,21952.0
CS_NC_28d_066,EXP_CS_NC_28d,66,Normal Concrete,Control,,0,OPC 53 (UltraTech),28,Compressive Strength,27.4,150mm Cube,C Strenth Reading 1000000.xlsx,Comp 6,368,False,3.367295829986474,5.291502622129181,0,0.0,0,0.0,784.0,21952.0
CS_BC_28d_066,EXP_CS_BC_28d,66,Bacterial Concrete,Inoculated,Bacillus subtilis,1000000,OPC 53 (UltraTech),28,Compressive Strength,35.16,150mm Cube,C Strenth Reading 1000000.xlsx,Comp 6,368,False,3.367295829986474,5.291502622129181,1,13.815511557963774,28,3.367295829986474,784.0,21952.0
CS_NC_28d_067,EXP_CS_NC_28d,67,Normal Concrete,Control,,0,OPC 53 (UltraTech),28,Compressive Strength,28.34,150mm Cube,C Strenth Reading 1000000.xlsx,Comp 6,369,False,3.367295829986474,5.291502622129181,0,0.0,0,0.0,784.0,21952.0
CS_BC_28d_067,EXP_CS_BC_28d,67,Bacterial Concrete,Inoculated,Bacillus subtilis,1000000,OPC 53 (UltraTech),28,Compressive Strength,31.99,150mm Cube,C Strenth Reading 1000000.xlsx,Comp 6,369,False,3.367295829986474,5.291502622129181,1,13.815511557963774,28,3.367295829986474,784.0,21952.0
CS_NC_28d_068,EXP_CS_NC_28d,68,Normal Concrete,Control,,0,OPC 53 (UltraTech),28,Compressive Strength,28.02,150mm Cube,C Strenth Reading 1000000.xlsx,Comp 6,370,False,3.367295829986474,5.291502622129181,0,0.0,0,0.0,784.0,21952.0
CS_BC_28d_068,EXP_CS_BC_28d,68,Bacterial Concrete,Inoculated,Bacillus subtilis,1000000,OPC 53 (UltraTech),28,Compressive Strength,35.7,150mm Cube,C Strenth Reading 1000000.xlsx,Comp 6,370,False,3.367295829986474,5.291502622129181,1,13.815511557963774,28,3.367295829986474,784.0,21952.0
CS_NC_28d_069,EXP_CS_NC_28d,69,Normal Concrete,Control,,0,OPC 53 (UltraTech),28,Compressive Strength,28.15,150mm Cube,C Strenth Reading 1000000.xlsx,Comp 6,371,False,3.367295829986474,5.291502622129181,0,0.0,0,0.0,784.0,21952.0
CS_BC_28d_069,EXP_CS_BC_28d,69,Bacterial Concrete,Inoculated,Bacillus subtilis,1000000,OPC 53 (UltraTech),28,Compressive Strength,32.94,150mm Cube,C Strenth Reading 1000000.xlsx,Comp 6,371,False,3.367295829986474,5.291502622129181,1,13.815511557963774,28,3.367295829986474,784.0,21952.0
CS_NC_28d_070,EXP_CS_NC_28d,70,Normal Concrete,Control,,0,OPC 53 (UltraTech),28,Compressive Strength,26.84,150mm Cube,C Strenth Reading 1000000.xlsx,Comp 6,372,False,3.367295829986474,5.291502622129181,0,0.0,0,0.0,784.0,21952.0
CS_BC_28d_070,EXP_CS_BC_28d,70,Bacterial Concrete,Inoculated,Bacillus subtilis,1000000,OPC 53 (UltraTech),28,Compressive Strength,30.85,150mm Cube,C Strenth Reading 1000000.xlsx,Comp 6,372,False,3.367295829986474,5.291502622129181,1,13.815511557963774,28,3.367295829986474,784.0,21952.0
CS_NC_28d_071,EXP_CS_NC_28d,71,Normal Concrete,Control,,0,OPC 53 (UltraTech),28,Compressive Strength,28.04,150mm Cube,C Strenth Reading 1000000.xlsx,Comp 6,373,False,3.367295829986474,5.291502622129181,0,0.0,0,0.0,784.0,21952.0
CS_BC_28d_071,EXP_CS_BC_28d,71,Bacterial Concrete,Inoculated,Bacillus subtilis,1000000,OPC 53 (UltraTech),28,Compressive Strength,33.19,150mm Cube,C Strenth Reading 1000000.xlsx,Comp 6,373,False,3.367295829986474,5.291502622129181,1,13.815511557963774,28,3.367295829986474,784.0,21952.0
CS_NC_28d_072,EXP_CS_NC_28d,72,Normal Concrete,Control,,0,OPC 53 (UltraTech),28,Compressive Strength,28.75,150mm Cube,C Strenth Reading 1000000.xlsx,Comp 6,374,False,3.367295829986474,5.291502622129181,0,0.0,0,0.0,784.0,21952.0
CS_BC_28d_072,EXP_CS_BC_28d,72,Bacterial Concrete,Inoculated,Bacillus subtilis,1000000,OPC 53 (UltraTech),28,Compressive Strength,31.98,150mm Cube,C Strenth Reading 1000000.xlsx,Comp 6,374,False,3.367295829986474,5.291502622129181,1,13.815511557963774,28,3.367295829986474,784.0,21952.0
CS_NC_28d_073,EXP_CS_NC_28d,73,Normal Concrete,Control,,0,OPC 53 (UltraTech),28,Compressive Strength,30.18,150mm Cube,C Strenth Reading 1000000.xlsx,Comp 6,375,False,3.367295829986474,5.291502622129181,0,0.0,0,0.0,784.0,21952.0
CS_BC_28d_073,EXP_CS_BC_28d,73,Bacterial Concrete,Inoculated,Bacillus subtilis,1000000,OPC 53 (UltraTech),28,Compressive Strength,34.26,150mm Cube,C Strenth Reading 1000000.xlsx,Comp 6,375,False,3.367295829986474,5.291502622129181,1,13.815511557963774,28,3.367295829986474,784.0,21952.0
CS_NC_28d_074,EXP_CS_NC_28d,74,Normal Concrete,Control,,0,OPC 53 (UltraTech),28,Compressive Strength,29.44,150mm Cube,C Strenth Reading 1000000.xlsx,Comp 6,376,False,3.367295829986474,5.291502622129181,0,0.0,0,0.0,784.0,21952.0
CS_BC_28d_074,EXP_CS_BC_28d,74,Bacterial Concrete,Inoculated,Bacillus subtilis,1000000,OPC 53 (UltraTech),28,Compressive Strength,32.02,150mm Cube,C Strenth Reading 1000000.xlsx,Comp 6,376,False,3.367295829986474,5.291502622129181,1,13.815511557963774,28,3.367295829986474,784.0,21952.0
CS_NC_28d_075,EXP_CS_NC_28d,75,Normal Concrete,Control,,0,OPC 53 (UltraTech),28,Compressive Strength,31.23,150mm Cube,C Strenth Reading 1000000.xlsx,Comp 6,377,False,3.367295829986474,5.291502622129181,0,0.0,0,0.0,784.0,21952.0
CS_BC_28d_075,EXP_CS_BC_28d,75,Bacterial Concrete,Inoculated,Bacillus subtilis,1000000,OPC 53 (UltraTech),28,Compressive Strength,32.33,150mm Cube,C Strenth Reading 1000000.xlsx,Comp 6,377,False,3.367295829986474,5.291502622129181,1,13.815511557963774,28,3.367295829986474,784.0,21952.0
CS_NC_28d_076,EXP_CS_NC_28d,76,Normal Concrete,Control,,0,OPC 53 (UltraTech),28,Compressive Strength,26.85,150mm Cube,C Strenth Reading 1000000.xlsx,Comp 6,378,False,3.367295829986474,5.291502622129181,0,0.0,0,0.0,784.0,21952.0
CS_BC_28d_076,EXP_CS_BC_28d,76,Bacterial Concrete,Inoculated,Bacillus subtilis,1000000,OPC 53 (UltraTech),28,Compressive Strength,30.17,150mm Cube,C Strenth Reading 1000000.xlsx,Comp 6,378,False,3.367295829986474,5.291502622129181,1,13.815511557963774,28,3.367295829986474,784.0,21952.0
CS_NC_28d_077,EXP_CS_NC_28d,77,Normal Concrete,Control,,0,OPC 53 (UltraTech),28,Compressive Strength,29.31,150mm Cube,C Strenth Reading 1000000.xlsx,Comp 6,379,False,3.367295829986474,5.291502622129181,0,0.0,0,0.0,784.0,21952.0
CS_BC_28d_077,EXP_CS_BC_28d,77,Bacterial Concrete,Inoculated,Bacillus subtilis,1000000,OPC 53 (UltraTech),28,Compressive Strength,32.32,150mm Cube,C Strenth Reading 1000000.xlsx,Comp 6,379,False,3.367295829986474,5.291502622129181,1,13.815511557963774,28,3.367295829986474,784.0,21952.0
CS_NC_28d_078,EXP_CS_NC_28d,78,Normal Concrete,Control,,0,OPC 53 (UltraTech),28,Compressive Strength,28.28,150mm Cube,C Strenth Reading 1000000.xlsx,Comp 6,380,False,3.367295829986474,5.291502622129181,0,0.0,0,0.0,784.0,21952.0
CS_BC_28d_078,EXP_CS_BC_28d,78,Bacterial Concrete,Inoculated,Bacillus subtilis,1000000,OPC 53 (UltraTech),28,Compressive Strength,29.36,150mm Cube,C Strenth Reading 1000000.xlsx,Comp 6,380,False,3.367295829986474,5.291502622129181,1,13.815511557963774,28,3.367295829986474,784.0,21952.0
CS_NC_28d_079,EXP_CS_NC_28d,79,Normal Concrete,Control,,0,OPC 53 (UltraTech),28,Compressive Strength,31.28,150mm Cube,C Strenth Reading 1000000.xlsx,Comp 6,381,False,3.367295829986474,5.291502622129181,0,0.0,0,0.0,784.0,21952.0
CS_BC_28d_079,EXP_CS_BC_28d,79,Bacterial Concrete,Inoculated,Bacillus subtilis,1000000,OPC 53 (UltraTech),28,Compressive Strength,30.62,150mm Cube,C Strenth Reading 1000000.xlsx,Comp 6,381,False,3.367295829986474,5.291502622129181,1,13.815511557963774,28,3.367295829986474,784.0,21952.0
CS_NC_28d_080,EXP_CS_NC_28d,80,Normal Concrete,Control,,0,OPC 53 (UltraTech),28,Compressive Strength,26.79,150mm Cube,C Strenth Reading 1000000.xlsx,Comp 6,382,False,3.367295829986474,5.291502622129181,0,0.0,0,0.0,784.0,21952.0
CS_BC_28d_080,EXP_CS_BC_28d,80,Bacterial Concrete,Inoculated,Bacillus subtilis,1000000,OPC 53 (UltraTech),28,Compressive Strength,34.14,150mm Cube,C Strenth Reading 1000000.xlsx,Comp 6,382,False,3.367295829986474,5.291502622129181,1,13.815511557963774,28,3.367295829986474,784.0,21952.0
CS_NC_28d_081,EXP_CS_NC_28d,81,Normal Concrete,Control,,0,OPC 53 (UltraTech),28,Compressive Strength,26.74,150mm Cube,C Strenth Reading 1000000.xlsx,Comp 6,383,False,3.367295829986474,5.291502622129181,0,0.0,0,0.0,784.0,21952.0
CS_BC_28d_081,EXP_CS_BC_28d,81,Bacterial Concrete,Inoculated,Bacillus subtilis,1000000,OPC 53 (UltraTech),28,Compressive Strength,34.18,150mm Cube,C Strenth Reading 1000000.xlsx,Comp 6,383,False,3.367295829986474,5.291502622129181,1,13.815511557963774,28,3.367295829986474,784.0,21952.0
CS_NC_28d_082,EXP_CS_NC_28d,82,Normal Concrete,Control,,0,OPC 53 (UltraTech),28,Compressive Strength,27.1,150mm Cube,C Strenth Reading 1000000.xlsx,Comp 6,384,False,3.367295829986474,5.291502622129181,0,0.0,0,0.0,784.0,21952.0
CS_BC_28d_082,EXP_CS_BC_28d,82,Bacterial Concrete,Inoculated,Bacillus subtilis,1000000,OPC 53 (UltraTech),28,Compressive Strength,33.64,150mm Cube,C Strenth Reading 1000000.xlsx,Comp 6,384,False,3.367295829986474,5.291502622129181,1,13.815511557963774,28,3.367295829986474,784.0,21952.0
CS_NC_28d_083,EXP_CS_NC_28d,83,Normal Concrete,Control,,0,OPC 53 (UltraTech),28,Compressive Strength,24.81,150mm Cube,C Strenth Reading 1000000.xlsx,Comp 6,385,False,3.367295829986474,5.291502622129181,0,0.0,0,0.0,784.0,21952.0
CS_BC_28d_083,EXP_CS_BC_28d,83,Bacterial Concrete,Inoculated,Bacillus subtilis,1000000,OPC 53 (UltraTech),28,Compressive Strength,31.55,150mm Cube,C Strenth Reading 1000000.xlsx,Comp 6,385,False,3.367295829986474,5.291502622129181,1,13.815511557963774,28,3.367295829986474,784.0,21952.0
CS_NC_28d_084,EXP_CS_NC_28d,84,Normal Concrete,Control,,0,OPC 53 (UltraTech),28,Compressive Strength,27.21,150mm Cube,C Strenth Reading 1000000.xlsx,Comp 6,386,False,3.367295829986474,5.291502622129181,0,0.0,0,0.0,784.0,21952.0
CS_BC_28d_084,EXP_CS_BC_28d,84,Bacterial Concrete,Inoculated,Bacillus subtilis,1000000,OPC 53 (UltraTech),28,Compressive Strength,32.93,150mm Cube,C Strenth Reading 1000000.xlsx,Comp 6,386,False,3.367295829986474,5.291502622129181,1,13.815511557963774,28,3.367295829986474,784.0,21952.0
CS_NC_28d_085,EXP_CS_NC_28d,85,Normal Concrete,Control,,0,OPC 53 (UltraTech),28,Compressive Strength,26.86,150mm Cube,C Strenth Reading 1000000.xlsx,Comp 6,387,False,3.367295829986474,5.291502622129181,0,0.0,0,0.0,784.0,21952.0
CS_BC_28d_085,EXP_CS_BC_28d,85,Bacterial Concrete,Inoculated,Bacillus subtilis,1000000,OPC 53 (UltraTech),28,Compressive Strength,32.99,150mm Cube,C Strenth Reading 1000000.xlsx,Comp 6,387,False,3.367295829986474,5.291502622129181,1,13.815511557963774,28,3.367295829986474,784.0,21952.0
CS_NC_28d_086,EXP_CS_NC_28d,86,Normal Concrete,Control,,0,OPC 53 (UltraTech),28,Compressive Strength,28.23,150mm Cube,C Strenth Reading 1000000.xlsx,Comp 6,388,False,3.367295829986474,5.291502622129181,0,0.0,0,0.0,784.0,21952.0
CS_BC_28d_086,EXP_CS_BC_28d,86,Bacterial Concrete,Inoculated,Bacillus subtilis,1000000,OPC 53 (UltraTech),28,Compressive Strength,31.26,150mm Cube,C Strenth Reading 1000000.xlsx,Comp 6,388,False,3.367295829986474,5.291502622129181,1,13.815511557963774,28,3.367295829986474,784.0,21952.0
CS_NC_28d_087,EXP_CS_NC_28d,87,Normal Concrete,Control,,0,OPC 53 (UltraTech),28,Compressive Strength,28.51,150mm Cube,C Strenth Reading 1000000.xlsx,Comp 6,389,False,3.367295829986474,5.291502622129181,0,0.0,0,0.0,784.0,21952.0
CS_BC_28d_087,EXP_CS_BC_28d,87,Bacterial Concrete,Inoculated,Bacillus subtilis,1000000,OPC 53 (UltraTech),28,Compressive Strength,35.26,150mm Cube,C Strenth Reading 1000000.xlsx,Comp 6,389,False,3.367295829986474,5.291502622129181,1,13.815511557963774,28,3.367295829986474,784.0,21952.0
CS_NC_28d_088,EXP_CS_NC_28d,88,Normal Concrete,Control,,0,OPC 53 (UltraTech),28,Compressive Strength,30.81,150mm Cube,C Strenth Reading 1000000.xlsx,Comp 6,390,False,3.367295829986474,5.291502622129181,0,0.0,0,0.0,784.0,21952.0
CS_BC_28d_088,EXP_CS_BC_28d,88,Bacterial Concrete,Inoculated,Bacillus subtilis,1000000,OPC 53 (UltraTech),28,Compressive Strength,34.32,150mm Cube,C Strenth Reading 1000000.xlsx,Comp 6,390,False,3.367295829986474,5.291502622129181,1,13.815511557963774,28,3.367295829986474,784.0,21952.0
CS_NC_28d_089,EXP_CS_NC_28d,89,Normal Concrete,Control,,0,OPC 53 (UltraTech),28,Compressive Strength,29.43,150mm Cube,C Strenth Reading 1000000.xlsx,Comp 6,391,False,3.367295829986474,5.291502622129181,0,0.0,0,0.0,784.0,21952.0
CS_BC_28d_089,EXP_CS_BC_28d,89,Bacterial Concrete,Inoculated,Bacillus subtilis,1000000,OPC 53 (UltraTech),28,Compressive Strength,32.67,150mm Cube,C Strenth Reading 1000000.xlsx,Comp 6,391,False,3.367295829986474,5.291502622129181,1,13.815511557963774,28,3.367295829986474,784.0,21952.0
CS_NC_28d_090,EXP_CS_NC_28d,90,Normal Concrete,Control,,0,OPC 53 (UltraTech),28,Compressive Strength,27.13,150mm Cube,C Strenth Reading 1000000.xlsx,Comp 6,392,False,3.367295829986474,5.291502622129181,0,0.0,0,0.0,784.0,21952.0
CS_BC_28d_090,EXP_CS_BC_28d,90,Bacterial Concrete,Inoculated,Bacillus subtilis,1000000,OPC 53 (UltraTech),28,Compressive Strength,33.04,150mm Cube,C Strenth Reading 1000000.xlsx,Comp 6,392,False,3.367295829986474,5.291502622129181,1,13.815511557963774,28,3.367295829986474,784.0,21952.0
CS_NC_28d_091,EXP_CS_NC_28d,91,Normal Concrete,Control,,0,OPC 53 (UltraTech),28,Compressive Strength,26.65,150mm Cube,C Strenth Reading 1000000.xlsx,Comp 6,393,False,3.367295829986474,5.291502622129181,0,0.0,0,0.0,784.0,21952.0
CS_BC_28d_091,EXP_CS_BC_28d,91,Bacterial Concrete,Inoculated,Bacillus subtilis,1000000,OPC 53 (UltraTech),28,Compressive Strength,33.31,150mm Cube,C Strenth Reading 1000000.xlsx,Comp 6,393,False,3.367295829986474,5.291502622129181,1,13.815511557963774,28,3.367295829986474,784.0,21952.0
CS_NC_28d_092,EXP_CS_NC_28d,92,Normal Concrete,Control,,0,OPC 53 (UltraTech),28,Compressive Strength,28.74,150mm Cube,C Strenth Reading 1000000.xlsx,Comp 6,394,False,3.367295829986474,5.291502622129181,0,0.0,0,0.0,784.0,21952.0
CS_BC_28d_092,EXP_CS_BC_28d,92,Bacterial Concrete,Inoculated,Bacillus subtilis,1000000,OPC 53 (UltraTech),28,Compressive Strength,29.94,150mm Cube,C Strenth Reading 1000000.xlsx,Comp 6,394,False,3.367295829986474,5.291502622129181,1,13.815511557963774,28,3.367295829986474,784.0,21952.0
CS_NC_28d_093,EXP_CS_NC_28d,93,Normal Concrete,Control,,0,OPC 53 (UltraTech),28,Compressive Strength,26.02,150mm Cube,C Strenth Reading 1000000.xlsx,Comp 6,395,False,3.367295829986474,5.291502622129181,0,0.0,0,0.0,784.0,21952.0
CS_BC_28d_093,EXP_CS_BC_28d,93,Bacterial Concrete,Inoculated,Bacillus subtilis,1000000,OPC 53 (UltraTech),28,Compressive Strength,32.63,150mm Cube,C Strenth Reading 1000000.xlsx,Comp 6,395,False,3.367295829986474,5.291502622129181,1,13.815511557963774,28,3.367295829986474,784.0,21952.0
CS_NC_28d_094,EXP_CS_NC_28d,94,Normal Concrete,Control,,0,OPC 53 (UltraTech),28,Compressive Strength,30.75,150mm Cube,C Strenth Reading 1000000.xlsx,Comp 6,396,False,3.367295829986474,5.291502622129181,0,0.0,0,0.0,784.0,21952.0
CS_BC_28d_094,EXP_CS_BC_28d,94,Bacterial Concrete,Inoculated,Bacillus subtilis,1000000,OPC 53 (UltraTech),28,Compressive Strength,31.98,150mm Cube,C Strenth Reading 1000000.xlsx,Comp 6,396,False,3.367295829986474,5.291502622129181,1,13.815511557963774,28,3.367295829986474,784.0,21952.0
CS_NC_28d_095,EXP_CS_NC_28d,95,Normal Concrete,Control,,0,OPC 53 (UltraTech),28,Compressive Strength,29.77,150mm Cube,C Strenth Reading 1000000.xlsx,Comp 6,397,False,3.367295829986474,5.291502622129181,0,0.0,0,0.0,784.0,21952.0
CS_BC_28d_095,EXP_CS_BC_28d,95,Bacterial Concrete,Inoculated,Bacillus subtilis,1000000,OPC 53 (UltraTech),28,Compressive Strength,31.5,150mm Cube,C Strenth Reading 1000000.xlsx,Comp 6,397,False,3.367295829986474,5.291502622129181,1,13.815511557963774,28,3.367295829986474,784.0,21952.0
CS_NC_28d_096,EXP_CS_NC_28d,96,Normal Concrete,Control,,0,OPC 53 (UltraTech),28,Compressive Strength,27.3,150mm Cube,C Strenth Reading 1000000.xlsx,Comp 6,398,False,3.367295829986474,5.291502622129181,0,0.0,0,0.0,784.0,21952.0
CS_BC_28d_096,EXP_CS_BC_28d,96,Bacterial Concrete,Inoculated,Bacillus subtilis,1000000,OPC 53 (UltraTech),28,Compressive Strength,32.58,150mm Cube,C Strenth Reading 1000000.xlsx,Comp 6,398,False,3.367295829986474,5.291502622129181,1,13.815511557963774,28,3.367295829986474,784.0,21952.0
CS_NC_28d_097,EXP_CS_NC_28d,97,Normal Concrete,Control,,0,OPC 53 (UltraTech),28,Compressive Strength,25.43,150mm Cube,C Strenth Reading 1000000.xlsx,Comp 6,399,False,3.367295829986474,5.291502622129181,0,0.0,0,0.0,784.0,21952.0
CS_BC_28d_097,EXP_CS_BC_28d,97,Bacterial Concrete,Inoculated,Bacillus subtilis,1000000,OPC 53 (UltraTech),28,Compressive Strength,35.7,150mm Cube,C Strenth Reading 1000000.xlsx,Comp 6,399,False,3.367295829986474,5.291502622129181,1,13.815511557963774,28,3.367295829986474,784.0,21952.0
CS_NC_28d_098,EXP_CS_NC_28d,98,Normal Concrete,Control,,0,OPC 53 (UltraTech),28,Compressive Strength,30.03,150mm Cube,C Strenth Reading 1000000.xlsx,Comp 6,400,False,3.367295829986474,5.291502622129181,0,0.0,0,0.0,784.0,21952.0
CS_BC_28d_098,EXP_CS_BC_28d,98,Bacterial Concrete,Inoculated,Bacillus subtilis,1000000,OPC 53 (UltraTech),28,Compressive Strength,33.96,150mm Cube,C Strenth Reading 1000000.xlsx,Comp 6,400,False,3.367295829986474,5.291502622129181,1,13.815511557963774,28,3.367295829986474,784.0,21952.0
CS_NC_28d_099,EXP_CS_NC_28d,99,Normal Concrete,Control,,0,OPC 53 (UltraTech),28,Compressive Strength,27.83,150mm Cube,C Strenth Reading 1000000.xlsx,Comp 6,401,False,3.367295829986474,5.291502622129181,0,0.0,0,0.0,784.0,21952.0
CS_BC_28d_099,EXP_CS_BC_28d,99,Bacterial Concrete,Inoculated,Bacillus subtilis,1000000,OPC 53 (UltraTech),28,Compressive Strength,32.14,150mm Cube,C Strenth Reading 1000000.xlsx,Comp 6,401,False,3.367295829986474,5.291502622129181,1,13.815511557963774,28,3.367295829986474,784.0,21952.0
CS_NC_28d_100,EXP_CS_NC_28d,100,Normal Concrete,Control,,0,OPC 53 (UltraTech),28,Compressive Strength,29.86,150mm Cube,C Strenth Reading 1000000.xlsx,Comp 6,402,False,3.367295829986474,5.291502622129181,0,0.0,0,0.0,784.0,21952.0
CS_BC_28d_100,EXP_CS_BC_28d,100,Bacterial Concrete,Inoculated,Bacillus subtilis,1000000,OPC 53 (UltraTech),28,Compressive Strength,33.86,150mm Cube,C Strenth Reading 1000000.xlsx,Comp 6,402,False,3.367295829986474,5.291502622129181,1,13.815511557963774,28,3.367295829986474,784.0,21952.0
CS_NC_56d_001,EXP_CS_NC_56d,1,Normal Concrete,Control,,0,OPC 53 (UltraTech),56,Compressive Strength,28.61,150mm Cube,C Strenth Reading 1000000.xlsx,Comp 6,403,False,4.04305126783455,7.483314773547883,0,0.0,0,0.0,3136.0,175616.0
CS_BC_56d_001,EXP_CS_BC_56d,1,Bacterial Concrete,Inoculated,Bacillus subtilis,1000000,OPC 53 (UltraTech),56,Compressive Strength,39.1,150mm Cube,C Strenth Reading 1000000.xlsx,Comp 6,403,False,4.04305126783455,7.483314773547883,1,13.815511557963774,56,4.04305126783455,3136.0,175616.0
CS_NC_56d_002,EXP_CS_NC_56d,2,Normal Concrete,Control,,0,OPC 53 (UltraTech),56,Compressive Strength,30.1,150mm Cube,C Strenth Reading 1000000.xlsx,Comp 6,404,False,4.04305126783455,7.483314773547883,0,0.0,0,0.0,3136.0,175616.0
CS_BC_56d_002,EXP_CS_BC_56d,2,Bacterial Concrete,Inoculated,Bacillus subtilis,1000000,OPC 53 (UltraTech),56,Compressive Strength,38.39,150mm Cube,C Strenth Reading 1000000.xlsx,Comp 6,404,False,4.04305126783455,7.483314773547883,1,13.815511557963774,56,4.04305126783455,3136.0,175616.0
CS_NC_56d_003,EXP_CS_NC_56d,3,Normal Concrete,Control,,0,OPC 53 (UltraTech),56,Compressive Strength,31.01,150mm Cube,C Strenth Reading 1000000.xlsx,Comp 6,405,False,4.04305126783455,7.483314773547883,0,0.0,0,0.0,3136.0,175616.0
CS_BC_56d_003,EXP_CS_BC_56d,3,Bacterial Concrete,Inoculated,Bacillus subtilis,1000000,OPC 53 (UltraTech),56,Compressive Strength,37.09,150mm Cube,C Strenth Reading 1000000.xlsx,Comp 6,405,False,4.04305126783455,7.483314773547883,1,13.815511557963774,56,4.04305126783455,3136.0,175616.0
CS_NC_56d_004,EXP_CS_NC_56d,4,Normal Concrete,Control,,0,OPC 53 (UltraTech),56,Compressive Strength,31.07,150mm Cube,C Strenth Reading 1000000.xlsx,Comp 6,406,False,4.04305126783455,7.483314773547883,0,0.0,0,0.0,3136.0,175616.0
CS_BC_56d_004,EXP_CS_BC_56d,4,Bacterial Concrete,Inoculated,Bacillus subtilis,1000000,OPC 53 (UltraTech),56,Compressive Strength,36.03,150mm Cube,C Strenth Reading 1000000.xlsx,Comp 6,406,False,4.04305126783455,7.483314773547883,1,13.815511557963774,56,4.04305126783455,3136.0,175616.0
CS_NC_56d_005,EXP_CS_NC_56d,5,Normal Concrete,Control,,0,OPC 53 (UltraTech),56,Compressive Strength,30.32,150mm Cube,C Strenth Reading 1000000.xlsx,Comp 6,407,False,4.04305126783455,7.483314773547883,0,0.0,0,0.0,3136.0,175616.0
CS_BC_56d_005,EXP_CS_BC_56d,5,Bacterial Concrete,Inoculated,Bacillus subtilis,1000000,OPC 53 (UltraTech),56,Compressive Strength,38.05,150mm Cube,C Strenth Reading 1000000.xlsx,Comp 6,407,False,4.04305126783455,7.483314773547883,1,13.815511557963774,56,4.04305126783455,3136.0,175616.0
CS_NC_56d_006,EXP_CS_NC_56d,6,Normal Concrete,Control,,0,OPC 53 (UltraTech),56,Compressive Strength,31.93,150mm Cube,C Strenth Reading 1000000.xlsx,Comp 6,408,False,4.04305126783455,7.483314773547883,0,0.0,0,0.0,3136.0,175616.0
CS_BC_56d_006,EXP_CS_BC_56d,6,Bacterial Concrete,Inoculated,Bacillus subtilis,1000000,OPC 53 (UltraTech),56,Compressive Strength,37.59,150mm Cube,C Strenth Reading 1000000.xlsx,Comp 6,408,False,4.04305126783455,7.483314773547883,1,13.815511557963774,56,4.04305126783455,3136.0,175616.0
CS_NC_56d_007,EXP_CS_NC_56d,7,Normal Concrete,Control,,0,OPC 53 (UltraTech),56,Compressive Strength,29.4,150mm Cube,C Strenth Reading 1000000.xlsx,Comp 6,409,False,4.04305126783455,7.483314773547883,0,0.0,0,0.0,3136.0,175616.0
CS_BC_56d_007,EXP_CS_BC_56d,7,Bacterial Concrete,Inoculated,Bacillus subtilis,1000000,OPC 53 (UltraTech),56,Compressive Strength,38.34,150mm Cube,C Strenth Reading 1000000.xlsx,Comp 6,409,False,4.04305126783455,7.483314773547883,1,13.815511557963774,56,4.04305126783455,3136.0,175616.0
CS_NC_56d_008,EXP_CS_NC_56d,8,Normal Concrete,Control,,0,OPC 53 (UltraTech),56,Compressive Strength,30.79,150mm Cube,C Strenth Reading 1000000.xlsx,Comp 6,410,False,4.04305126783455,7.483314773547883,0,0.0,0,0.0,3136.0,175616.0
CS_BC_56d_008,EXP_CS_BC_56d,8,Bacterial Concrete,Inoculated,Bacillus subtilis,1000000,OPC 53 (UltraTech),56,Compressive Strength,37.95,150mm Cube,C Strenth Reading 1000000.xlsx,Comp 6,410,False,4.04305126783455,7.483314773547883,1,13.815511557963774,56,4.04305126783455,3136.0,175616.0
CS_NC_56d_009,EXP_CS_NC_56d,9,Normal Concrete,Control,,0,OPC 53 (UltraTech),56,Compressive Strength,31.18,150mm Cube,C Strenth Reading 1000000.xlsx,Comp 6,411,False,4.04305126783455,7.483314773547883,0,0.0,0,0.0,3136.0,175616.0
CS_BC_56d_009,EXP_CS_BC_56d,9,Bacterial Concrete,Inoculated,Bacillus subtilis,1000000,OPC 53 (UltraTech),56,Compressive Strength,38.57,150mm Cube,C Strenth Reading 1000000.xlsx,Comp 6,411,False,4.04305126783455,7.483314773547883,1,13.815511557963774,56,4.04305126783455,3136.0,175616.0
CS_NC_56d_010,EXP_CS_NC_56d,10,Normal Concrete,Control,,0,OPC 53 (UltraTech),56,Compressive Strength,31.77,150mm Cube,C Strenth Reading 1000000.xlsx,Comp 6,412,False,4.04305126783455,7.483314773547883,0,0.0,0,0.0,3136.0,175616.0
CS_BC_56d_010,EXP_CS_BC_56d,10,Bacterial Concrete,Inoculated,Bacillus subtilis,1000000,OPC 53 (UltraTech),56,Compressive Strength,36.2,150mm Cube,C Strenth Reading 1000000.xlsx,Comp 6,412,False,4.04305126783455,7.483314773547883,1,13.815511557963774,56,4.04305126783455,3136.0,175616.0
CS_NC_56d_011,EXP_CS_NC_56d,11,Normal Concrete,Control,,0,OPC 53 (UltraTech),56,Compressive Strength,32.07,150mm Cube,C Strenth Reading 1000000.xlsx,Comp 6,413,False,4.04305126783455,7.483314773547883,0,0.0,0,0.0,3136.0,175616.0
CS_BC_56d_011,EXP_CS_BC_56d,11,Bacterial Concrete,Inoculated,Bacillus subtilis,1000000,OPC 53 (UltraTech),56,Compressive Strength,38.98,150mm Cube,C Strenth Reading 1000000.xlsx,Comp 6,413,False,4.04305126783455,7.483314773547883,1,13.815511557963774,56,4.04305126783455,3136.0,175616.0
CS_NC_56d_012,EXP_CS_NC_56d,12,Normal Concrete,Control,,0,OPC 53 (UltraTech),56,Compressive Strength,29.31,150mm Cube,C Strenth Reading 1000000.xlsx,Comp 6,414,False,4.04305126783455,7.483314773547883,0,0.0,0,0.0,3136.0,175616.0
CS_BC_56d_012,EXP_CS_BC_56d,12,Bacterial Concrete,Inoculated,Bacillus subtilis,1000000,OPC 53 (UltraTech),56,Compressive Strength,37.3,150mm Cube,C Strenth Reading 1000000.xlsx,Comp 6,414,False,4.04305126783455,7.483314773547883,1,13.815511557963774,56,4.04305126783455,3136.0,175616.0
CS_NC_56d_013,EXP_CS_NC_56d,13,Normal Concrete,Control,,0,OPC 53 (UltraTech),56,Compressive Strength,28.7,150mm Cube,C Strenth Reading 1000000.xlsx,Comp 6,415,False,4.04305126783455,7.483314773547883,0,0.0,0,0.0,3136.0,175616.0
CS_BC_56d_013,EXP_CS_BC_56d,13,Bacterial Concrete,Inoculated,Bacillus subtilis,1000000,OPC 53 (UltraTech),56,Compressive Strength,40.11,150mm Cube,C Strenth Reading 1000000.xlsx,Comp 6,415,False,4.04305126783455,7.483314773547883,1,13.815511557963774,56,4.04305126783455,3136.0,175616.0
CS_NC_56d_014,EXP_CS_NC_56d,14,Normal Concrete,Control,,0,OPC 53 (UltraTech),56,Compressive Strength,32.92,150mm Cube,C Strenth Reading 1000000.xlsx,Comp 6,416,False,4.04305126783455,7.483314773547883,0,0.0,0,0.0,3136.0,175616.0
CS_BC_56d_014,EXP_CS_BC_56d,14,Bacterial Concrete,Inoculated,Bacillus subtilis,1000000,OPC 53 (UltraTech),56,Compressive Strength,35.97,150mm Cube,C Strenth Reading 1000000.xlsx,Comp 6,416,False,4.04305126783455,7.483314773547883,1,13.815511557963774,56,4.04305126783455,3136.0,175616.0
CS_NC_56d_015,EXP_CS_NC_56d,15,Normal Concrete,Control,,0,OPC 53 (UltraTech),56,Compressive Strength,31.5,150mm Cube,C Strenth Reading 1000000.xlsx,Comp 6,417,False,4.04305126783455,7.483314773547883,0,0.0,0,0.0,3136.0,175616.0
CS_BC_56d_015,EXP_CS_BC_56d,15,Bacterial Concrete,Inoculated,Bacillus subtilis,1000000,OPC 53 (UltraTech),56,Compressive Strength,39.6,150mm Cube,C Strenth Reading 1000000.xlsx,Comp 6,417,False,4.04305126783455,7.483314773547883,1,13.815511557963774,56,4.04305126783455,3136.0,175616.0
CS_NC_56d_016,EXP_CS_NC_56d,16,Normal Concrete,Control,,0,OPC 53 (UltraTech),56,Compressive Strength,29.88,150mm Cube,C Strenth Reading 1000000.xlsx,Comp 6,418,False,4.04305126783455,7.483314773547883,0,0.0,0,0.0,3136.0,175616.0
CS_BC_56d_016,EXP_CS_BC_56d,16,Bacterial Concrete,Inoculated,Bacillus subtilis,1000000,OPC 53 (UltraTech),56,Compressive Strength,37.3,150mm Cube,C Strenth Reading 1000000.xlsx,Comp 6,418,False,4.04305126783455,7.483314773547883,1,13.815511557963774,56,4.04305126783455,3136.0,175616.0
CS_NC_56d_017,EXP_CS_NC_56d,17,Normal Concrete,Control,,0,OPC 53 (UltraTech),56,Compressive Strength,33.33,150mm Cube,C Strenth Reading 1000000.xlsx,Comp 6,419,False,4.04305126783455,7.483314773547883,0,0.0,0,0.0,3136.0,175616.0
CS_BC_56d_017,EXP_CS_BC_56d,17,Bacterial Concrete,Inoculated,Bacillus subtilis,1000000,OPC 53 (UltraTech),56,Compressive Strength,36.02,150mm Cube,C Strenth Reading 1000000.xlsx,Comp 6,419,False,4.04305126783455,7.483314773547883,1,13.815511557963774,56,4.04305126783455,3136.0,175616.0
CS_NC_56d_018,EXP_CS_NC_56d,18,Normal Concrete,Control,,0,OPC 53 (UltraTech),56,Compressive Strength,31.17,150mm Cube,C Strenth Reading 1000000.xlsx,Comp 6,420,False,4.04305126783455,7.483314773547883,0,0.0,0,0.0,3136.0,175616.0
CS_BC_56d_018,EXP_CS_BC_56d,18,Bacterial Concrete,Inoculated,Bacillus subtilis,1000000,OPC 53 (UltraTech),56,Compressive Strength,36.27,150mm Cube,C Strenth Reading 1000000.xlsx,Comp 6,420,False,4.04305126783455,7.483314773547883,1,13.815511557963774,56,4.04305126783455,3136.0,175616.0
CS_NC_56d_019,EXP_CS_NC_56d,19,Normal Concrete,Control,,0,OPC 53 (UltraTech),56,Compressive Strength,32.77,150mm Cube,C Strenth Reading 1000000.xlsx,Comp 6,421,False,4.04305126783455,7.483314773547883,0,0.0,0,0.0,3136.0,175616.0
CS_BC_56d_019,EXP_CS_BC_56d,19,Bacterial Concrete,Inoculated,Bacillus subtilis,1000000,OPC 53 (UltraTech),56,Compressive Strength,36.52,150mm Cube,C Strenth Reading 1000000.xlsx,Comp 6,421,False,4.04305126783455,7.483314773547883,1,13.815511557963774,56,4.04305126783455,3136.0,175616.0
CS_NC_56d_020,EXP_CS_NC_56d,20,Normal Concrete,Control,,0,OPC 53 (UltraTech),56,Compressive Strength,31.1,150mm Cube,C Strenth Reading 1000000.xlsx,Comp 6,422,False,4.04305126783455,7.483314773547883,0,0.0,0,0.0,3136.0,175616.0
CS_BC_56d_020,EXP_CS_BC_56d,20,Bacterial Concrete,Inoculated,Bacillus subtilis,1000000,OPC 53 (UltraTech),56,Compressive Strength,37.64,150mm Cube,C Strenth Reading 1000000.xlsx,Comp 6,422,False,4.04305126783455,7.483314773547883,1,13.815511557963774,56,4.04305126783455,3136.0,175616.0
CS_NC_56d_021,EXP_CS_NC_56d,21,Normal Concrete,Control,,0,OPC 53 (UltraTech),56,Compressive Strength,34.09,150mm Cube,C Strenth Reading 1000000.xlsx,Comp 6,423,False,4.04305126783455,7.483314773547883,0,0.0,0,0.0,3136.0,175616.0
CS_BC_56d_021,EXP_CS_BC_56d,21,Bacterial Concrete,Inoculated,Bacillus subtilis,1000000,OPC 53 (UltraTech),56,Compressive Strength,37.78,150mm Cube,C Strenth Reading 1000000.xlsx,Comp 6,423,False,4.04305126783455,7.483314773547883,1,13.815511557963774,56,4.04305126783455,3136.0,175616.0
CS_NC_56d_022,EXP_CS_NC_56d,22,Normal Concrete,Control,,0,OPC 53 (UltraTech),56,Compressive Strength,33.63,150mm Cube,C Strenth Reading 1000000.xlsx,Comp 6,424,False,4.04305126783455,7.483314773547883,0,0.0,0,0.0,3136.0,175616.0
CS_BC_56d_022,EXP_CS_BC_56d,22,Bacterial Concrete,Inoculated,Bacillus subtilis,1000000,OPC 53 (UltraTech),56,Compressive Strength,36.14,150mm Cube,C Strenth Reading 1000000.xlsx,Comp 6,424,False,4.04305126783455,7.483314773547883,1,13.815511557963774,56,4.04305126783455,3136.0,175616.0
CS_NC_56d_023,EXP_CS_NC_56d,23,Normal Concrete,Control,,0,OPC 53 (UltraTech),56,Compressive Strength,30.63,150mm Cube,C Strenth Reading 1000000.xlsx,Comp 6,425,False,4.04305126783455,7.483314773547883,0,0.0,0,0.0,3136.0,175616.0
CS_BC_56d_023,EXP_CS_BC_56d,23,Bacterial Concrete,Inoculated,Bacillus subtilis,1000000,OPC 53 (UltraTech),56,Compressive Strength,36.96,150mm Cube,C Strenth Reading 1000000.xlsx,Comp 6,425,False,4.04305126783455,7.483314773547883,1,13.815511557963774,56,4.04305126783455,3136.0,175616.0
CS_NC_56d_024,EXP_CS_NC_56d,24,Normal Concrete,Control,,0,OPC 53 (UltraTech),56,Compressive Strength,32.46,150mm Cube,C Strenth Reading 1000000.xlsx,Comp 6,426,False,4.04305126783455,7.483314773547883,0,0.0,0,0.0,3136.0,175616.0
CS_BC_56d_024,EXP_CS_BC_56d,24,Bacterial Concrete,Inoculated,Bacillus subtilis,1000000,OPC 53 (UltraTech),56,Compressive Strength,40.21,150mm Cube,C Strenth Reading 1000000.xlsx,Comp 6,426,False,4.04305126783455,7.483314773547883,1,13.815511557963774,56,4.04305126783455,3136.0,175616.0
CS_NC_56d_025,EXP_CS_NC_56d,25,Normal Concrete,Control,,0,OPC 53 (UltraTech),56,Compressive Strength,31.97,150mm Cube,C Strenth Reading 1000000.xlsx,Comp 6,427,False,4.04305126783455,7.483314773547883,0,0.0,0,0.0,3136.0,175616.0
CS_BC_56d_025,EXP_CS_BC_56d,25,Bacterial Concrete,Inoculated,Bacillus subtilis,1000000,OPC 53 (UltraTech),56,Compressive Strength,39.59,150mm Cube,C Strenth Reading 1000000.xlsx,Comp 6,427,False,4.04305126783455,7.483314773547883,1,13.815511557963774,56,4.04305126783455,3136.0,175616.0
CS_NC_56d_026,EXP_CS_NC_56d,26,Normal Concrete,Control,,0,OPC 53 (UltraTech),56,Compressive Strength,33.05,150mm Cube,C Strenth Reading 1000000.xlsx,Comp 6,428,False,4.04305126783455,7.483314773547883,0,0.0,0,0.0,3136.0,175616.0
CS_BC_56d_026,EXP_CS_BC_56d,26,Bacterial Concrete,Inoculated,Bacillus subtilis,1000000,OPC 53 (UltraTech),56,Compressive Strength,37.65,150mm Cube,C Strenth Reading 1000000.xlsx,Comp 6,428,False,4.04305126783455,7.483314773547883,1,13.815511557963774,56,4.04305126783455,3136.0,175616.0
CS_NC_56d_027,EXP_CS_NC_56d,27,Normal Concrete,Control,,0,OPC 53 (UltraTech),56,Compressive Strength,29.55,150mm Cube,C Strenth Reading 1000000.xlsx,Comp 6,429,False,4.04305126783455,7.483314773547883,0,0.0,0,0.0,3136.0,175616.0
CS_BC_56d_027,EXP_CS_BC_56d,27,Bacterial Concrete,Inoculated,Bacillus subtilis,1000000,OPC 53 (UltraTech),56,Compressive Strength,37.06,150mm Cube,C Strenth Reading 1000000.xlsx,Comp 6,429,False,4.04305126783455,7.483314773547883,1,13.815511557963774,56,4.04305126783455,3136.0,175616.0
CS_NC_56d_028,EXP_CS_NC_56d,28,Normal Concrete,Control,,0,OPC 53 (UltraTech),56,Compressive Strength,32.03,150mm Cube,C Strenth Reading 1000000.xlsx,Comp 6,430,False,4.04305126783455,7.483314773547883,0,0.0,0,0.0,3136.0,175616.0
CS_BC_56d_028,EXP_CS_BC_56d,28,Bacterial Concrete,Inoculated,Bacillus subtilis,1000000,OPC 53 (UltraTech),56,Compressive Strength,37.18,150mm Cube,C Strenth Reading 1000000.xlsx,Comp 6,430,False,4.04305126783455,7.483314773547883,1,13.815511557963774,56,4.04305126783455,3136.0,175616.0
CS_NC_56d_029,EXP_CS_NC_56d,29,Normal Concrete,Control,,0,OPC 53 (UltraTech),56,Compressive Strength,32.59,150mm Cube,C Strenth Reading 1000000.xlsx,Comp 6,431,False,4.04305126783455,7.483314773547883,0,0.0,0,0.0,3136.0,175616.0
CS_BC_56d_029,EXP_CS_BC_56d,29,Bacterial Concrete,Inoculated,Bacillus subtilis,1000000,OPC 53 (UltraTech),56,Compressive Strength,37.92,150mm Cube,C Strenth Reading 1000000.xlsx,Comp 6,431,False,4.04305126783455,7.483314773547883,1,13.815511557963774,56,4.04305126783455,3136.0,175616.0
CS_NC_56d_030,EXP_CS_NC_56d,30,Normal Concrete,Control,,0,OPC 53 (UltraTech),56,Compressive Strength,28.36,150mm Cube,C Strenth Reading 1000000.xlsx,Comp 6,432,False,4.04305126783455,7.483314773547883,0,0.0,0,0.0,3136.0,175616.0
CS_BC_56d_030,EXP_CS_BC_56d,30,Bacterial Concrete,Inoculated,Bacillus subtilis,1000000,OPC 53 (UltraTech),56,Compressive Strength,35.47,150mm Cube,C Strenth Reading 1000000.xlsx,Comp 6,432,False,4.04305126783455,7.483314773547883,1,13.815511557963774,56,4.04305126783455,3136.0,175616.0
CS_NC_56d_031,EXP_CS_NC_56d,31,Normal Concrete,Control,,0,OPC 53 (UltraTech),56,Compressive Strength,29.23,150mm Cube,C Strenth Reading 1000000.xlsx,Comp 6,433,False,4.04305126783455,7.483314773547883,0,0.0,0,0.0,3136.0,175616.0
CS_BC_56d_031,EXP_CS_BC_56d,31,Bacterial Concrete,Inoculated,Bacillus subtilis,1000000,OPC 53 (UltraTech),56,Compressive Strength,36.61,150mm Cube,C Strenth Reading 1000000.xlsx,Comp 6,433,False,4.04305126783455,7.483314773547883,1,13.815511557963774,56,4.04305126783455,3136.0,175616.0
CS_NC_56d_032,EXP_CS_NC_56d,32,Normal Concrete,Control,,0,OPC 53 (UltraTech),56,Compressive Strength,27.94,150mm Cube,C Strenth Reading 1000000.xlsx,Comp 6,434,False,4.04305126783455,7.483314773547883,0,0.0,0,0.0,3136.0,175616.0
CS_BC_56d_032,EXP_CS_BC_56d,32,Bacterial Concrete,Inoculated,Bacillus subtilis,1000000,OPC 53 (UltraTech),56,Compressive Strength,34.5,150mm Cube,C Strenth Reading 1000000.xlsx,Comp 6,434,False,4.04305126783455,7.483314773547883,1,13.815511557963774,56,4.04305126783455,3136.0,175616.0
CS_NC_56d_033,EXP_CS_NC_56d,33,Normal Concrete,Control,,0,OPC 53 (UltraTech),56,Compressive Strength,30.6,150mm Cube,C Strenth Reading 1000000.xlsx,Comp 6,435,False,4.04305126783455,7.483314773547883,0,0.0,0,0.0,3136.0,175616.0
CS_BC_56d_033,EXP_CS_BC_56d,33,Bacterial Concrete,Inoculated,Bacillus subtilis,1000000,OPC 53 (UltraTech),56,Compressive Strength,37.6,150mm Cube,C Strenth Reading 1000000.xlsx,Comp 6,435,False,4.04305126783455,7.483314773547883,1,13.815511557963774,56,4.04305126783455,3136.0,175616.0
CS_NC_56d_034,EXP_CS_NC_56d,34,Normal Concrete,Control,,0,OPC 53 (UltraTech),56,Compressive Strength,32.08,150mm Cube,C Strenth Reading 1000000.xlsx,Comp 6,436,False,4.04305126783455,7.483314773547883,0,0.0,0,0.0,3136.0,175616.0
CS_BC_56d_034,EXP_CS_BC_56d,34,Bacterial Concrete,Inoculated,Bacillus subtilis,1000000,OPC 53 (UltraTech),56,Compressive Strength,37.97,150mm Cube,C Strenth Reading 1000000.xlsx,Comp 6,436,False,4.04305126783455,7.483314773547883,1,13.815511557963774,56,4.04305126783455,3136.0,175616.0
CS_NC_56d_035,EXP_CS_NC_56d,35,Normal Concrete,Control,,0,OPC 53 (UltraTech),56,Compressive Strength,33.25,150mm Cube,C Strenth Reading 1000000.xlsx,Comp 6,437,False,4.04305126783455,7.483314773547883,0,0.0,0,0.0,3136.0,175616.0
CS_BC_56d_035,EXP_CS_BC_56d,35,Bacterial Concrete,Inoculated,Bacillus subtilis,1000000,OPC 53 (UltraTech),56,Compressive Strength,36.28,150mm Cube,C Strenth Reading 1000000.xlsx,Comp 6,437,False,4.04305126783455,7.483314773547883,1,13.815511557963774,56,4.04305126783455,3136.0,175616.0
CS_NC_56d_036,EXP_CS_NC_56d,36,Normal Concrete,Control,,0,OPC 53 (UltraTech),56,Compressive Strength,31.11,150mm Cube,C Strenth Reading 1000000.xlsx,Comp 6,438,False,4.04305126783455,7.483314773547883,0,0.0,0,0.0,3136.0,175616.0
CS_BC_56d_036,EXP_CS_BC_56d,36,Bacterial Concrete,Inoculated,Bacillus subtilis,1000000,OPC 53 (UltraTech),56,Compressive Strength,39.36,150mm Cube,C Strenth Reading 1000000.xlsx,Comp 6,438,False,4.04305126783455,7.483314773547883,1,13.815511557963774,56,4.04305126783455,3136.0,175616.0
CS_NC_56d_037,EXP_CS_NC_56d,37,Normal Concrete,Control,,0,OPC 53 (UltraTech),56,Compressive Strength,33.44,150mm Cube,C Strenth Reading 1000000.xlsx,Comp 6,439,False,4.04305126783455,7.483314773547883,0,0.0,0,0.0,3136.0,175616.0
CS_BC_56d_037,EXP_CS_BC_56d,37,Bacterial Concrete,Inoculated,Bacillus subtilis,1000000,OPC 53 (UltraTech),56,Compressive Strength,35.16,150mm Cube,C Strenth Reading 1000000.xlsx,Comp 6,439,False,4.04305126783455,7.483314773547883,1,13.815511557963774,56,4.04305126783455,3136.0,175616.0
CS_NC_56d_038,EXP_CS_NC_56d,38,Normal Concrete,Control,,0,OPC 53 (UltraTech),56,Compressive Strength,28.93,150mm Cube,C Strenth Reading 1000000.xlsx,Comp 6,440,False,4.04305126783455,7.483314773547883,0,0.0,0,0.0,3136.0,175616.0
CS_BC_56d_038,EXP_CS_BC_56d,38,Bacterial Concrete,Inoculated,Bacillus subtilis,1000000,OPC 53 (UltraTech),56,Compressive Strength,34.8,150mm Cube,C Strenth Reading 1000000.xlsx,Comp 6,440,False,4.04305126783455,7.483314773547883,1,13.815511557963774,56,4.04305126783455,3136.0,175616.0
CS_NC_56d_039,EXP_CS_NC_56d,39,Normal Concrete,Control,,0,OPC 53 (UltraTech),56,Compressive Strength,28.44,150mm Cube,C Strenth Reading 1000000.xlsx,Comp 6,441,False,4.04305126783455,7.483314773547883,0,0.0,0,0.0,3136.0,175616.0
CS_BC_56d_039,EXP_CS_BC_56d,39,Bacterial Concrete,Inoculated,Bacillus subtilis,1000000,OPC 53 (UltraTech),56,Compressive Strength,37.34,150mm Cube,C Strenth Reading 1000000.xlsx,Comp 6,441,False,4.04305126783455,7.483314773547883,1,13.815511557963774,56,4.04305126783455,3136.0,175616.0
CS_NC_56d_040,EXP_CS_NC_56d,40,Normal Concrete,Control,,0,OPC 53 (UltraTech),56,Compressive Strength,30.92,150mm Cube,C Strenth Reading 1000000.xlsx,Comp 6,442,False,4.04305126783455,7.483314773547883,0,0.0,0,0.0,3136.0,175616.0
CS_BC_56d_040,EXP_CS_BC_56d,40,Bacterial Concrete,Inoculated,Bacillus subtilis,1000000,OPC 53 (UltraTech),56,Compressive Strength,38.57,150mm Cube,C Strenth Reading 1000000.xlsx,Comp 6,442,False,4.04305126783455,7.483314773547883,1,13.815511557963774,56,4.04305126783455,3136.0,175616.0
CS_NC_56d_041,EXP_CS_NC_56d,41,Normal Concrete,Control,,0,OPC 53 (UltraTech),56,Compressive Strength,31.58,150mm Cube,C Strenth Reading 1000000.xlsx,Comp 6,443,False,4.04305126783455,7.483314773547883,0,0.0,0,0.0,3136.0,175616.0
CS_BC_56d_041,EXP_CS_BC_56d,41,Bacterial Concrete,Inoculated,Bacillus subtilis,1000000,OPC 53 (UltraTech),56,Compressive Strength,39.53,150mm Cube,C Strenth Reading 1000000.xlsx,Comp 6,443,False,4.04305126783455,7.483314773547883,1,13.815511557963774,56,4.04305126783455,3136.0,175616.0
CS_NC_56d_042,EXP_CS_NC_56d,42,Normal Concrete,Control,,0,OPC 53 (UltraTech),56,Compressive Strength,30.95,150mm Cube,C Strenth Reading 1000000.xlsx,Comp 6,444,False,4.04305126783455,7.483314773547883,0,0.0,0,0.0,3136.0,175616.0
CS_BC_56d_042,EXP_CS_BC_56d,42,Bacterial Concrete,Inoculated,Bacillus subtilis,1000000,OPC 53 (UltraTech),56,Compressive Strength,36.31,150mm Cube,C Strenth Reading 1000000.xlsx,Comp 6,444,False,4.04305126783455,7.483314773547883,1,13.815511557963774,56,4.04305126783455,3136.0,175616.0
CS_NC_56d_043,EXP_CS_NC_56d,43,Normal Concrete,Control,,0,OPC 53 (UltraTech),56,Compressive Strength,27.9,150mm Cube,C Strenth Reading 1000000.xlsx,Comp 6,445,False,4.04305126783455,7.483314773547883,0,0.0,0,0.0,3136.0,175616.0
CS_BC_56d_043,EXP_CS_BC_56d,43,Bacterial Concrete,Inoculated,Bacillus subtilis,1000000,OPC 53 (UltraTech),56,Compressive Strength,38.62,150mm Cube,C Strenth Reading 1000000.xlsx,Comp 6,445,False,4.04305126783455,7.483314773547883,1,13.815511557963774,56,4.04305126783455,3136.0,175616.0
CS_NC_56d_044,EXP_CS_NC_56d,44,Normal Concrete,Control,,0,OPC 53 (UltraTech),56,Compressive Strength,30.87,150mm Cube,C Strenth Reading 1000000.xlsx,Comp 6,446,False,4.04305126783455,7.483314773547883,0,0.0,0,0.0,3136.0,175616.0
CS_BC_56d_044,EXP_CS_BC_56d,44,Bacterial Concrete,Inoculated,Bacillus subtilis,1000000,OPC 53 (UltraTech),56,Compressive Strength,36.94,150mm Cube,C Strenth Reading 1000000.xlsx,Comp 6,446,False,4.04305126783455,7.483314773547883,1,13.815511557963774,56,4.04305126783455,3136.0,175616.0
CS_NC_56d_045,EXP_CS_NC_56d,45,Normal Concrete,Control,,0,OPC 53 (UltraTech),56,Compressive Strength,29.04,150mm Cube,C Strenth Reading 1000000.xlsx,Comp 6,447,False,4.04305126783455,7.483314773547883,0,0.0,0,0.0,3136.0,175616.0
CS_BC_56d_045,EXP_CS_BC_56d,45,Bacterial Concrete,Inoculated,Bacillus subtilis,1000000,OPC 53 (UltraTech),56,Compressive Strength,36.74,150mm Cube,C Strenth Reading 1000000.xlsx,Comp 6,447,False,4.04305126783455,7.483314773547883,1,13.815511557963774,56,4.04305126783455,3136.0,175616.0
CS_NC_56d_046,EXP_CS_NC_56d,46,Normal Concrete,Control,,0,OPC 53 (UltraTech),56,Compressive Strength,32.0,150mm Cube,C Strenth Reading 1000000.xlsx,Comp 6,448,False,4.04305126783455,7.483314773547883,0,0.0,0,0.0,3136.0,175616.0
CS_BC_56d_046,EXP_CS_BC_56d,46,Bacterial Concrete,Inoculated,Bacillus subtilis,1000000,OPC 53 (UltraTech),56,Compressive Strength,38.33,150mm Cube,C Strenth Reading 1000000.xlsx,Comp 6,448,False,4.04305126783455,7.483314773547883,1,13.815511557963774,56,4.04305126783455,3136.0,175616.0
CS_NC_56d_047,EXP_CS_NC_56d,47,Normal Concrete,Control,,0,OPC 53 (UltraTech),56,Compressive Strength,31.55,150mm Cube,C Strenth Reading 1000000.xlsx,Comp 6,449,False,4.04305126783455,7.483314773547883,0,0.0,0,0.0,3136.0,175616.0
CS_BC_56d_047,EXP_CS_BC_56d,47,Bacterial Concrete,Inoculated,Bacillus subtilis,1000000,OPC 53 (UltraTech),56,Compressive Strength,37.98,150mm Cube,C Strenth Reading 1000000.xlsx,Comp 6,449,False,4.04305126783455,7.483314773547883,1,13.815511557963774,56,4.04305126783455,3136.0,175616.0
CS_NC_56d_048,EXP_CS_NC_56d,48,Normal Concrete,Control,,0,OPC 53 (UltraTech),56,Compressive Strength,29.59,150mm Cube,C Strenth Reading 1000000.xlsx,Comp 6,450,False,4.04305126783455,7.483314773547883,0,0.0,0,0.0,3136.0,175616.0
CS_BC_56d_048,EXP_CS_BC_56d,48,Bacterial Concrete,Inoculated,Bacillus subtilis,1000000,OPC 53 (UltraTech),56,Compressive Strength,34.64,150mm Cube,C Strenth Reading 1000000.xlsx,Comp 6,450,False,4.04305126783455,7.483314773547883,1,13.815511557963774,56,4.04305126783455,3136.0,175616.0
CS_NC_56d_049,EXP_CS_NC_56d,49,Normal Concrete,Control,,0,OPC 53 (UltraTech),56,Compressive Strength,30.23,150mm Cube,C Strenth Reading 1000000.xlsx,Comp 6,451,False,4.04305126783455,7.483314773547883,0,0.0,0,0.0,3136.0,175616.0
CS_BC_56d_049,EXP_CS_BC_56d,49,Bacterial Concrete,Inoculated,Bacillus subtilis,1000000,OPC 53 (UltraTech),56,Compressive Strength,39.21,150mm Cube,C Strenth Reading 1000000.xlsx,Comp 6,451,False,4.04305126783455,7.483314773547883,1,13.815511557963774,56,4.04305126783455,3136.0,175616.0
CS_NC_56d_050,EXP_CS_NC_56d,50,Normal Concrete,Control,,0,OPC 53 (UltraTech),56,Compressive Strength,29.41,150mm Cube,C Strenth Reading 1000000.xlsx,Comp 6,452,False,4.04305126783455,7.483314773547883,0,0.0,0,0.0,3136.0,175616.0
CS_BC_56d_050,EXP_CS_BC_56d,50,Bacterial Concrete,Inoculated,Bacillus subtilis,1000000,OPC 53 (UltraTech),56,Compressive Strength,39.07,150mm Cube,C Strenth Reading 1000000.xlsx,Comp 6,452,False,4.04305126783455,7.483314773547883,1,13.815511557963774,56,4.04305126783455,3136.0,175616.0
CS_NC_56d_051,EXP_CS_NC_56d,51,Normal Concrete,Control,,0,OPC 53 (UltraTech),56,Compressive Strength,30.91,150mm Cube,C Strenth Reading 1000000.xlsx,Comp 6,453,False,4.04305126783455,7.483314773547883,0,0.0,0,0.0,3136.0,175616.0
CS_BC_56d_051,EXP_CS_BC_56d,51,Bacterial Concrete,Inoculated,Bacillus subtilis,1000000,OPC 53 (UltraTech),56,Compressive Strength,36.06,150mm Cube,C Strenth Reading 1000000.xlsx,Comp 6,453,False,4.04305126783455,7.483314773547883,1,13.815511557963774,56,4.04305126783455,3136.0,175616.0
CS_NC_56d_052,EXP_CS_NC_56d,52,Normal Concrete,Control,,0,OPC 53 (UltraTech),56,Compressive Strength,32.43,150mm Cube,C Strenth Reading 1000000.xlsx,Comp 6,454,False,4.04305126783455,7.483314773547883,0,0.0,0,0.0,3136.0,175616.0
CS_BC_56d_052,EXP_CS_BC_56d,52,Bacterial Concrete,Inoculated,Bacillus subtilis,1000000,OPC 53 (UltraTech),56,Compressive Strength,37.59,150mm Cube,C Strenth Reading 1000000.xlsx,Comp 6,454,False,4.04305126783455,7.483314773547883,1,13.815511557963774,56,4.04305126783455,3136.0,175616.0
CS_NC_56d_053,EXP_CS_NC_56d,53,Normal Concrete,Control,,0,OPC 53 (UltraTech),56,Compressive Strength,29.52,150mm Cube,C Strenth Reading 1000000.xlsx,Comp 6,455,False,4.04305126783455,7.483314773547883,0,0.0,0,0.0,3136.0,175616.0
CS_BC_56d_053,EXP_CS_BC_56d,53,Bacterial Concrete,Inoculated,Bacillus subtilis,1000000,OPC 53 (UltraTech),56,Compressive Strength,37.74,150mm Cube,C Strenth Reading 1000000.xlsx,Comp 6,455,False,4.04305126783455,7.483314773547883,1,13.815511557963774,56,4.04305126783455,3136.0,175616.0
CS_NC_56d_054,EXP_CS_NC_56d,54,Normal Concrete,Control,,0,OPC 53 (UltraTech),56,Compressive Strength,31.76,150mm Cube,C Strenth Reading 1000000.xlsx,Comp 6,456,False,4.04305126783455,7.483314773547883,0,0.0,0,0.0,3136.0,175616.0
CS_BC_56d_054,EXP_CS_BC_56d,54,Bacterial Concrete,Inoculated,Bacillus subtilis,1000000,OPC 53 (UltraTech),56,Compressive Strength,37.39,150mm Cube,C Strenth Reading 1000000.xlsx,Comp 6,456,False,4.04305126783455,7.483314773547883,1,13.815511557963774,56,4.04305126783455,3136.0,175616.0
CS_NC_56d_055,EXP_CS_NC_56d,55,Normal Concrete,Control,,0,OPC 53 (UltraTech),56,Compressive Strength,30.2,150mm Cube,C Strenth Reading 1000000.xlsx,Comp 6,457,False,4.04305126783455,7.483314773547883,0,0.0,0,0.0,3136.0,175616.0
CS_BC_56d_055,EXP_CS_BC_56d,55,Bacterial Concrete,Inoculated,Bacillus subtilis,1000000,OPC 53 (UltraTech),56,Compressive Strength,36.17,150mm Cube,C Strenth Reading 1000000.xlsx,Comp 6,457,False,4.04305126783455,7.483314773547883,1,13.815511557963774,56,4.04305126783455,3136.0,175616.0
CS_NC_56d_056,EXP_CS_NC_56d,56,Normal Concrete,Control,,0,OPC 53 (UltraTech),56,Compressive Strength,29.81,150mm Cube,C Strenth Reading 1000000.xlsx,Comp 6,458,False,4.04305126783455,7.483314773547883,0,0.0,0,0.0,3136.0,175616.0
CS_BC_56d_056,EXP_CS_BC_56d,56,Bacterial Concrete,Inoculated,Bacillus subtilis,1000000,OPC 53 (UltraTech),56,Compressive Strength,35.99,150mm Cube,C Strenth Reading 1000000.xlsx,Comp 6,458,False,4.04305126783455,7.483314773547883,1,13.815511557963774,56,4.04305126783455,3136.0,175616.0
CS_NC_56d_057,EXP_CS_NC_56d,57,Normal Concrete,Control,,0,OPC 53 (UltraTech),56,Compressive Strength,30.84,150mm Cube,C Strenth Reading 1000000.xlsx,Comp 6,459,False,4.04305126783455,7.483314773547883,0,0.0,0,0.0,3136.0,175616.0
CS_BC_56d_057,EXP_CS_BC_56d,57,Bacterial Concrete,Inoculated,Bacillus subtilis,1000000,OPC 53 (UltraTech),56,Compressive Strength,36.96,150mm Cube,C Strenth Reading 1000000.xlsx,Comp 6,459,False,4.04305126783455,7.483314773547883,1,13.815511557963774,56,4.04305126783455,3136.0,175616.0
CS_NC_56d_058,EXP_CS_NC_56d,58,Normal Concrete,Control,,0,OPC 53 (UltraTech),56,Compressive Strength,29.45,150mm Cube,C Strenth Reading 1000000.xlsx,Comp 6,460,False,4.04305126783455,7.483314773547883,0,0.0,0,0.0,3136.0,175616.0
CS_BC_56d_058,EXP_CS_BC_56d,58,Bacterial Concrete,Inoculated,Bacillus subtilis,1000000,OPC 53 (UltraTech),56,Compressive Strength,38.76,150mm Cube,C Strenth Reading 1000000.xlsx,Comp 6,460,False,4.04305126783455,7.483314773547883,1,13.815511557963774,56,4.04305126783455,3136.0,175616.0
CS_NC_56d_059,EXP_CS_NC_56d,59,Normal Concrete,Control,,0,OPC 53 (UltraTech),56,Compressive Strength,30.17,150mm Cube,C Strenth Reading 1000000.xlsx,Comp 6,461,False,4.04305126783455,7.483314773547883,0,0.0,0,0.0,3136.0,175616.0
CS_BC_56d_059,EXP_CS_BC_56d,59,Bacterial Concrete,Inoculated,Bacillus subtilis,1000000,OPC 53 (UltraTech),56,Compressive Strength,37.82,150mm Cube,C Strenth Reading 1000000.xlsx,Comp 6,461,False,4.04305126783455,7.483314773547883,1,13.815511557963774,56,4.04305126783455,3136.0,175616.0
CS_NC_56d_060,EXP_CS_NC_56d,60,Normal Concrete,Control,,0,OPC 53 (UltraTech),56,Compressive Strength,29.2,150mm Cube,C Strenth Reading 1000000.xlsx,Comp 6,462,False,4.04305126783455,7.483314773547883,0,0.0,0,0.0,3136.0,175616.0
CS_BC_56d_060,EXP_CS_BC_56d,60,Bacterial Concrete,Inoculated,Bacillus subtilis,1000000,OPC 53 (UltraTech),56,Compressive Strength,36.44,150mm Cube,C Strenth Reading 1000000.xlsx,Comp 6,462,False,4.04305126783455,7.483314773547883,1,13.815511557963774,56,4.04305126783455,3136.0,175616.0
CS_NC_56d_061,EXP_CS_NC_56d,61,Normal Concrete,Control,,0,OPC 53 (UltraTech),56,Compressive Strength,33.95,150mm Cube,C Strenth Reading 1000000.xlsx,Comp 6,463,False,4.04305126783455,7.483314773547883,0,0.0,0,0.0,3136.0,175616.0
CS_BC_56d_061,EXP_CS_BC_56d,61,Bacterial Concrete,Inoculated,Bacillus subtilis,1000000,OPC 53 (UltraTech),56,Compressive Strength,38.16,150mm Cube,C Strenth Reading 1000000.xlsx,Comp 6,463,False,4.04305126783455,7.483314773547883,1,13.815511557963774,56,4.04305126783455,3136.0,175616.0
CS_NC_56d_062,EXP_CS_NC_56d,62,Normal Concrete,Control,,0,OPC 53 (UltraTech),56,Compressive Strength,31.05,150mm Cube,C Strenth Reading 1000000.xlsx,Comp 6,464,False,4.04305126783455,7.483314773547883,0,0.0,0,0.0,3136.0,175616.0
CS_BC_56d_062,EXP_CS_BC_56d,62,Bacterial Concrete,Inoculated,Bacillus subtilis,1000000,OPC 53 (UltraTech),56,Compressive Strength,32.73,150mm Cube,C Strenth Reading 1000000.xlsx,Comp 6,464,False,4.04305126783455,7.483314773547883,1,13.815511557963774,56,4.04305126783455,3136.0,175616.0
CS_NC_56d_063,EXP_CS_NC_56d,63,Normal Concrete,Control,,0,OPC 53 (UltraTech),56,Compressive Strength,29.95,150mm Cube,C Strenth Reading 1000000.xlsx,Comp 6,465,False,4.04305126783455,7.483314773547883,0,0.0,0,0.0,3136.0,175616.0
CS_BC_56d_063,EXP_CS_BC_56d,63,Bacterial Concrete,Inoculated,Bacillus subtilis,1000000,OPC 53 (UltraTech),56,Compressive Strength,38.72,150mm Cube,C Strenth Reading 1000000.xlsx,Comp 6,465,False,4.04305126783455,7.483314773547883,1,13.815511557963774,56,4.04305126783455,3136.0,175616.0
CS_NC_56d_064,EXP_CS_NC_56d,64,Normal Concrete,Control,,0,OPC 53 (UltraTech),56,Compressive Strength,31.32,150mm Cube,C Strenth Reading 1000000.xlsx,Comp 6,466,False,4.04305126783455,7.483314773547883,0,0.0,0,0.0,3136.0,175616.0
CS_BC_56d_064,EXP_CS_BC_56d,64,Bacterial Concrete,Inoculated,Bacillus subtilis,1000000,OPC 53 (UltraTech),56,Compressive Strength,34.39,150mm Cube,C Strenth Reading 1000000.xlsx,Comp 6,466,False,4.04305126783455,7.483314773547883,1,13.815511557963774,56,4.04305126783455,3136.0,175616.0
CS_NC_56d_065,EXP_CS_NC_56d,65,Normal Concrete,Control,,0,OPC 53 (UltraTech),56,Compressive Strength,30.83,150mm Cube,C Strenth Reading 1000000.xlsx,Comp 6,467,False,4.04305126783455,7.483314773547883,0,0.0,0,0.0,3136.0,175616.0
CS_BC_56d_065,EXP_CS_BC_56d,65,Bacterial Concrete,Inoculated,Bacillus subtilis,1000000,OPC 53 (UltraTech),56,Compressive Strength,36.46,150mm Cube,C Strenth Reading 1000000.xlsx,Comp 6,467,False,4.04305126783455,7.483314773547883,1,13.815511557963774,56,4.04305126783455,3136.0,175616.0
CS_NC_56d_066,EXP_CS_NC_56d,66,Normal Concrete,Control,,0,OPC 53 (UltraTech),56,Compressive Strength,30.67,150mm Cube,C Strenth Reading 1000000.xlsx,Comp 6,468,False,4.04305126783455,7.483314773547883,0,0.0,0,0.0,3136.0,175616.0
CS_BC_56d_066,EXP_CS_BC_56d,66,Bacterial Concrete,Inoculated,Bacillus subtilis,1000000,OPC 53 (UltraTech),56,Compressive Strength,35.32,150mm Cube,C Strenth Reading 1000000.xlsx,Comp 6,468,False,4.04305126783455,7.483314773547883,1,13.815511557963774,56,4.04305126783455,3136.0,175616.0
CS_NC_56d_067,EXP_CS_NC_56d,67,Normal Concrete,Control,,0,OPC 53 (UltraTech),56,Compressive Strength,31.92,150mm Cube,C Strenth Reading 1000000.xlsx,Comp 6,469,False,4.04305126783455,7.483314773547883,0,0.0,0,0.0,3136.0,175616.0
CS_BC_56d_067,EXP_CS_BC_56d,67,Bacterial Concrete,Inoculated,Bacillus subtilis,1000000,OPC 53 (UltraTech),56,Compressive Strength,35.06,150mm Cube,C Strenth Reading 1000000.xlsx,Comp 6,469,False,4.04305126783455,7.483314773547883,1,13.815511557963774,56,4.04305126783455,3136.0,175616.0
CS_NC_56d_068,EXP_CS_NC_56d,68,Normal Concrete,Control,,0,OPC 53 (UltraTech),56,Compressive Strength,32.14,150mm Cube,C Strenth Reading 1000000.xlsx,Comp 6,470,False,4.04305126783455,7.483314773547883,0,0.0,0,0.0,3136.0,175616.0
CS_BC_56d_068,EXP_CS_BC_56d,68,Bacterial Concrete,Inoculated,Bacillus subtilis,1000000,OPC 53 (UltraTech),56,Compressive Strength,38.74,150mm Cube,C Strenth Reading 1000000.xlsx,Comp 6,470,False,4.04305126783455,7.483314773547883,1,13.815511557963774,56,4.04305126783455,3136.0,175616.0
CS_NC_56d_069,EXP_CS_NC_56d,69,Normal Concrete,Control,,0,OPC 53 (UltraTech),56,Compressive Strength,30.2,150mm Cube,C Strenth Reading 1000000.xlsx,Comp 6,471,False,4.04305126783455,7.483314773547883,0,0.0,0,0.0,3136.0,175616.0
CS_BC_56d_069,EXP_CS_BC_56d,69,Bacterial Concrete,Inoculated,Bacillus subtilis,1000000,OPC 53 (UltraTech),56,Compressive Strength,36.3,150mm Cube,C Strenth Reading 1000000.xlsx,Comp 6,471,False,4.04305126783455,7.483314773547883,1,13.815511557963774,56,4.04305126783455,3136.0,175616.0
CS_NC_56d_070,EXP_CS_NC_56d,70,Normal Concrete,Control,,0,OPC 53 (UltraTech),56,Compressive Strength,30.14,150mm Cube,C Strenth Reading 1000000.xlsx,Comp 6,472,False,4.04305126783455,7.483314773547883,0,0.0,0,0.0,3136.0,175616.0
CS_BC_56d_070,EXP_CS_BC_56d,70,Bacterial Concrete,Inoculated,Bacillus subtilis,1000000,OPC 53 (UltraTech),56,Compressive Strength,37.52,150mm Cube,C Strenth Reading 1000000.xlsx,Comp 6,472,False,4.04305126783455,7.483314773547883,1,13.815511557963774,56,4.04305126783455,3136.0,175616.0
CS_NC_56d_071,EXP_CS_NC_56d,71,Normal Concrete,Control,,0,OPC 53 (UltraTech),56,Compressive Strength,30.59,150mm Cube,C Strenth Reading 1000000.xlsx,Comp 6,473,False,4.04305126783455,7.483314773547883,0,0.0,0,0.0,3136.0,175616.0
CS_BC_56d_071,EXP_CS_BC_56d,71,Bacterial Concrete,Inoculated,Bacillus subtilis,1000000,OPC 53 (UltraTech),56,Compressive Strength,36.93,150mm Cube,C Strenth Reading 1000000.xlsx,Comp 6,473,False,4.04305126783455,7.483314773547883,1,13.815511557963774,56,4.04305126783455,3136.0,175616.0
CS_NC_56d_072,EXP_CS_NC_56d,72,Normal Concrete,Control,,0,OPC 53 (UltraTech),56,Compressive Strength,27.55,150mm Cube,C Strenth Reading 1000000.xlsx,Comp 6,474,False,4.04305126783455,7.483314773547883,0,0.0,0,0.0,3136.0,175616.0
CS_BC_56d_072,EXP_CS_BC_56d,72,Bacterial Concrete,Inoculated,Bacillus subtilis,1000000,OPC 53 (UltraTech),56,Compressive Strength,37.72,150mm Cube,C Strenth Reading 1000000.xlsx,Comp 6,474,False,4.04305126783455,7.483314773547883,1,13.815511557963774,56,4.04305126783455,3136.0,175616.0
CS_NC_56d_073,EXP_CS_NC_56d,73,Normal Concrete,Control,,0,OPC 53 (UltraTech),56,Compressive Strength,28.73,150mm Cube,C Strenth Reading 1000000.xlsx,Comp 6,475,False,4.04305126783455,7.483314773547883,0,0.0,0,0.0,3136.0,175616.0
CS_BC_56d_073,EXP_CS_BC_56d,73,Bacterial Concrete,Inoculated,Bacillus subtilis,1000000,OPC 53 (UltraTech),56,Compressive Strength,37.12,150mm Cube,C Strenth Reading 1000000.xlsx,Comp 6,475,False,4.04305126783455,7.483314773547883,1,13.815511557963774,56,4.04305126783455,3136.0,175616.0
CS_NC_56d_074,EXP_CS_NC_56d,74,Normal Concrete,Control,,0,OPC 53 (UltraTech),56,Compressive Strength,33.05,150mm Cube,C Strenth Reading 1000000.xlsx,Comp 6,476,False,4.04305126783455,7.483314773547883,0,0.0,0,0.0,3136.0,175616.0
CS_BC_56d_074,EXP_CS_BC_56d,74,Bacterial Concrete,Inoculated,Bacillus subtilis,1000000,OPC 53 (UltraTech),56,Compressive Strength,35.08,150mm Cube,C Strenth Reading 1000000.xlsx,Comp 6,476,False,4.04305126783455,7.483314773547883,1,13.815511557963774,56,4.04305126783455,3136.0,175616.0
CS_NC_56d_075,EXP_CS_NC_56d,75,Normal Concrete,Control,,0,OPC 53 (UltraTech),56,Compressive Strength,33.47,150mm Cube,C Strenth Reading 1000000.xlsx,Comp 6,477,False,4.04305126783455,7.483314773547883,0,0.0,0,0.0,3136.0,175616.0
CS_BC_56d_075,EXP_CS_BC_56d,75,Bacterial Concrete,Inoculated,Bacillus subtilis,1000000,OPC 53 (UltraTech),56,Compressive Strength,38.49,150mm Cube,C Strenth Reading 1000000.xlsx,Comp 6,477,False,4.04305126783455,7.483314773547883,1,13.815511557963774,56,4.04305126783455,3136.0,175616.0
CS_NC_56d_076,EXP_CS_NC_56d,76,Normal Concrete,Control,,0,OPC 53 (UltraTech),56,Compressive Strength,30.63,150mm Cube,C Strenth Reading 1000000.xlsx,Comp 6,478,False,4.04305126783455,7.483314773547883,0,0.0,0,0.0,3136.0,175616.0
CS_BC_56d_076,EXP_CS_BC_56d,76,Bacterial Concrete,Inoculated,Bacillus subtilis,1000000,OPC 53 (UltraTech),56,Compressive Strength,36.26,150mm Cube,C Strenth Reading 1000000.xlsx,Comp 6,478,False,4.04305126783455,7.483314773547883,1,13.815511557963774,56,4.04305126783455,3136.0,175616.0
CS_NC_56d_077,EXP_CS_NC_56d,77,Normal Concrete,Control,,0,OPC 53 (UltraTech),56,Compressive Strength,31.86,150mm Cube,C Strenth Reading 1000000.xlsx,Comp 6,479,False,4.04305126783455,7.483314773547883,0,0.0,0,0.0,3136.0,175616.0
CS_BC_56d_077,EXP_CS_BC_56d,77,Bacterial Concrete,Inoculated,Bacillus subtilis,1000000,OPC 53 (UltraTech),56,Compressive Strength,34.67,150mm Cube,C Strenth Reading 1000000.xlsx,Comp 6,479,False,4.04305126783455,7.483314773547883,1,13.815511557963774,56,4.04305126783455,3136.0,175616.0
CS_NC_56d_078,EXP_CS_NC_56d,78,Normal Concrete,Control,,0,OPC 53 (UltraTech),56,Compressive Strength,31.47,150mm Cube,C Strenth Reading 1000000.xlsx,Comp 6,480,False,4.04305126783455,7.483314773547883,0,0.0,0,0.0,3136.0,175616.0
CS_BC_56d_078,EXP_CS_BC_56d,78,Bacterial Concrete,Inoculated,Bacillus subtilis,1000000,OPC 53 (UltraTech),56,Compressive Strength,36.36,150mm Cube,C Strenth Reading 1000000.xlsx,Comp 6,480,False,4.04305126783455,7.483314773547883,1,13.815511557963774,56,4.04305126783455,3136.0,175616.0
CS_NC_56d_079,EXP_CS_NC_56d,79,Normal Concrete,Control,,0,OPC 53 (UltraTech),56,Compressive Strength,35.62,150mm Cube,C Strenth Reading 1000000.xlsx,Comp 6,481,False,4.04305126783455,7.483314773547883,0,0.0,0,0.0,3136.0,175616.0
CS_BC_56d_079,EXP_CS_BC_56d,79,Bacterial Concrete,Inoculated,Bacillus subtilis,1000000,OPC 53 (UltraTech),56,Compressive Strength,39.25,150mm Cube,C Strenth Reading 1000000.xlsx,Comp 6,481,False,4.04305126783455,7.483314773547883,1,13.815511557963774,56,4.04305126783455,3136.0,175616.0
CS_NC_56d_080,EXP_CS_NC_56d,80,Normal Concrete,Control,,0,OPC 53 (UltraTech),56,Compressive Strength,32.68,150mm Cube,C Strenth Reading 1000000.xlsx,Comp 6,482,False,4.04305126783455,7.483314773547883,0,0.0,0,0.0,3136.0,175616.0
CS_BC_56d_080,EXP_CS_BC_56d,80,Bacterial Concrete,Inoculated,Bacillus subtilis,1000000,OPC 53 (UltraTech),56,Compressive Strength,38.28,150mm Cube,C Strenth Reading 1000000.xlsx,Comp 6,482,False,4.04305126783455,7.483314773547883,1,13.815511557963774,56,4.04305126783455,3136.0,175616.0
CS_NC_56d_081,EXP_CS_NC_56d,81,Normal Concrete,Control,,0,OPC 53 (UltraTech),56,Compressive Strength,30.81,150mm Cube,C Strenth Reading 1000000.xlsx,Comp 6,483,False,4.04305126783455,7.483314773547883,0,0.0,0,0.0,3136.0,175616.0
CS_BC_56d_081,EXP_CS_BC_56d,81,Bacterial Concrete,Inoculated,Bacillus subtilis,1000000,OPC 53 (UltraTech),56,Compressive Strength,36.48,150mm Cube,C Strenth Reading 1000000.xlsx,Comp 6,483,False,4.04305126783455,7.483314773547883,1,13.815511557963774,56,4.04305126783455,3136.0,175616.0
CS_NC_56d_082,EXP_CS_NC_56d,82,Normal Concrete,Control,,0,OPC 53 (UltraTech),56,Compressive Strength,29.57,150mm Cube,C Strenth Reading 1000000.xlsx,Comp 6,484,False,4.04305126783455,7.483314773547883,0,0.0,0,0.0,3136.0,175616.0
CS_BC_56d_082,EXP_CS_BC_56d,82,Bacterial Concrete,Inoculated,Bacillus subtilis,1000000,OPC 53 (UltraTech),56,Compressive Strength,36.48,150mm Cube,C Strenth Reading 1000000.xlsx,Comp 6,484,False,4.04305126783455,7.483314773547883,1,13.815511557963774,56,4.04305126783455,3136.0,175616.0
CS_NC_56d_083,EXP_CS_NC_56d,83,Normal Concrete,Control,,0,OPC 53 (UltraTech),56,Compressive Strength,28.59,150mm Cube,C Strenth Reading 1000000.xlsx,Comp 6,485,False,4.04305126783455,7.483314773547883,0,0.0,0,0.0,3136.0,175616.0
CS_BC_56d_083,EXP_CS_BC_56d,83,Bacterial Concrete,Inoculated,Bacillus subtilis,1000000,OPC 53 (UltraTech),56,Compressive Strength,36.52,150mm Cube,C Strenth Reading 1000000.xlsx,Comp 6,485,False,4.04305126783455,7.483314773547883,1,13.815511557963774,56,4.04305126783455,3136.0,175616.0
CS_NC_56d_084,EXP_CS_NC_56d,84,Normal Concrete,Control,,0,OPC 53 (UltraTech),56,Compressive Strength,31.31,150mm Cube,C Strenth Reading 1000000.xlsx,Comp 6,486,False,4.04305126783455,7.483314773547883,0,0.0,0,0.0,3136.0,175616.0
CS_BC_56d_084,EXP_CS_BC_56d,84,Bacterial Concrete,Inoculated,Bacillus subtilis,1000000,OPC 53 (UltraTech),56,Compressive Strength,40.12,150mm Cube,C Strenth Reading 1000000.xlsx,Comp 6,486,False,4.04305126783455,7.483314773547883,1,13.815511557963774,56,4.04305126783455,3136.0,175616.0
CS_NC_56d_085,EXP_CS_NC_56d,85,Normal Concrete,Control,,0,OPC 53 (UltraTech),56,Compressive Strength,29.87,150mm Cube,C Strenth Reading 1000000.xlsx,Comp 6,487,False,4.04305126783455,7.483314773547883,0,0.0,0,0.0,3136.0,175616.0
CS_BC_56d_085,EXP_CS_BC_56d,85,Bacterial Concrete,Inoculated,Bacillus subtilis,1000000,OPC 53 (UltraTech),56,Compressive Strength,37.57,150mm Cube,C Strenth Reading 1000000.xlsx,Comp 6,487,False,4.04305126783455,7.483314773547883,1,13.815511557963774,56,4.04305126783455,3136.0,175616.0
CS_NC_56d_086,EXP_CS_NC_56d,86,Normal Concrete,Control,,0,OPC 53 (UltraTech),56,Compressive Strength,28.87,150mm Cube,C Strenth Reading 1000000.xlsx,Comp 6,488,False,4.04305126783455,7.483314773547883,0,0.0,0,0.0,3136.0,175616.0
CS_BC_56d_086,EXP_CS_BC_56d,86,Bacterial Concrete,Inoculated,Bacillus subtilis,1000000,OPC 53 (UltraTech),56,Compressive Strength,37.65,150mm Cube,C Strenth Reading 1000000.xlsx,Comp 6,488,False,4.04305126783455,7.483314773547883,1,13.815511557963774,56,4.04305126783455,3136.0,175616.0
CS_NC_56d_087,EXP_CS_NC_56d,87,Normal Concrete,Control,,0,OPC 53 (UltraTech),56,Compressive Strength,30.03,150mm Cube,C Strenth Reading 1000000.xlsx,Comp 6,489,False,4.04305126783455,7.483314773547883,0,0.0,0,0.0,3136.0,175616.0
CS_BC_56d_087,EXP_CS_BC_56d,87,Bacterial Concrete,Inoculated,Bacillus subtilis,1000000,OPC 53 (UltraTech),56,Compressive Strength,38.55,150mm Cube,C Strenth Reading 1000000.xlsx,Comp 6,489,False,4.04305126783455,7.483314773547883,1,13.815511557963774,56,4.04305126783455,3136.0,175616.0
CS_NC_56d_088,EXP_CS_NC_56d,88,Normal Concrete,Control,,0,OPC 53 (UltraTech),56,Compressive Strength,29.38,150mm Cube,C Strenth Reading 1000000.xlsx,Comp 6,490,False,4.04305126783455,7.483314773547883,0,0.0,0,0.0,3136.0,175616.0
CS_BC_56d_088,EXP_CS_BC_56d,88,Bacterial Concrete,Inoculated,Bacillus subtilis,1000000,OPC 53 (UltraTech),56,Compressive Strength,37.36,150mm Cube,C Strenth Reading 1000000.xlsx,Comp 6,490,False,4.04305126783455,7.483314773547883,1,13.815511557963774,56,4.04305126783455,3136.0,175616.0
CS_NC_56d_089,EXP_CS_NC_56d,89,Normal Concrete,Control,,0,OPC 53 (UltraTech),56,Compressive Strength,33.53,150mm Cube,C Strenth Reading 1000000.xlsx,Comp 6,491,False,4.04305126783455,7.483314773547883,0,0.0,0,0.0,3136.0,175616.0
CS_BC_56d_089,EXP_CS_BC_56d,89,Bacterial Concrete,Inoculated,Bacillus subtilis,1000000,OPC 53 (UltraTech),56,Compressive Strength,36.61,150mm Cube,C Strenth Reading 1000000.xlsx,Comp 6,491,False,4.04305126783455,7.483314773547883,1,13.815511557963774,56,4.04305126783455,3136.0,175616.0
CS_NC_56d_090,EXP_CS_NC_56d,90,Normal Concrete,Control,,0,OPC 53 (UltraTech),56,Compressive Strength,32.32,150mm Cube,C Strenth Reading 1000000.xlsx,Comp 6,492,False,4.04305126783455,7.483314773547883,0,0.0,0,0.0,3136.0,175616.0
CS_BC_56d_090,EXP_CS_BC_56d,90,Bacterial Concrete,Inoculated,Bacillus subtilis,1000000,OPC 53 (UltraTech),56,Compressive Strength,36.71,150mm Cube,C Strenth Reading 1000000.xlsx,Comp 6,492,False,4.04305126783455,7.483314773547883,1,13.815511557963774,56,4.04305126783455,3136.0,175616.0
CS_NC_56d_091,EXP_CS_NC_56d,91,Normal Concrete,Control,,0,OPC 53 (UltraTech),56,Compressive Strength,30.99,150mm Cube,C Strenth Reading 1000000.xlsx,Comp 6,493,False,4.04305126783455,7.483314773547883,0,0.0,0,0.0,3136.0,175616.0
CS_BC_56d_091,EXP_CS_BC_56d,91,Bacterial Concrete,Inoculated,Bacillus subtilis,1000000,OPC 53 (UltraTech),56,Compressive Strength,36.89,150mm Cube,C Strenth Reading 1000000.xlsx,Comp 6,493,False,4.04305126783455,7.483314773547883,1,13.815511557963774,56,4.04305126783455,3136.0,175616.0
CS_NC_56d_092,EXP_CS_NC_56d,92,Normal Concrete,Control,,0,OPC 53 (UltraTech),56,Compressive Strength,33.22,150mm Cube,C Strenth Reading 1000000.xlsx,Comp 6,494,False,4.04305126783455,7.483314773547883,0,0.0,0,0.0,3136.0,175616.0
CS_BC_56d_092,EXP_CS_BC_56d,92,Bacterial Concrete,Inoculated,Bacillus subtilis,1000000,OPC 53 (UltraTech),56,Compressive Strength,36.94,150mm Cube,C Strenth Reading 1000000.xlsx,Comp 6,494,False,4.04305126783455,7.483314773547883,1,13.815511557963774,56,4.04305126783455,3136.0,175616.0
CS_NC_56d_093,EXP_CS_NC_56d,93,Normal Concrete,Control,,0,OPC 53 (UltraTech),56,Compressive Strength,31.12,150mm Cube,C Strenth Reading 1000000.xlsx,Comp 6,495,False,4.04305126783455,7.483314773547883,0,0.0,0,0.0,3136.0,175616.0
CS_BC_56d_093,EXP_CS_BC_56d,93,Bacterial Concrete,Inoculated,Bacillus subtilis,1000000,OPC 53 (UltraTech),56,Compressive Strength,38.09,150mm Cube,C Strenth Reading 1000000.xlsx,Comp 6,495,False,4.04305126783455,7.483314773547883,1,13.815511557963774,56,4.04305126783455,3136.0,175616.0
CS_NC_56d_094,EXP_CS_NC_56d,94,Normal Concrete,Control,,0,OPC 53 (UltraTech),56,Compressive Strength,29.71,150mm Cube,C Strenth Reading 1000000.xlsx,Comp 6,496,False,4.04305126783455,7.483314773547883,0,0.0,0,0.0,3136.0,175616.0
CS_BC_56d_094,EXP_CS_BC_56d,94,Bacterial Concrete,Inoculated,Bacillus subtilis,1000000,OPC 53 (UltraTech),56,Compressive Strength,37.08,150mm Cube,C Strenth Reading 1000000.xlsx,Comp 6,496,False,4.04305126783455,7.483314773547883,1,13.815511557963774,56,4.04305126783455,3136.0,175616.0
CS_NC_56d_095,EXP_CS_NC_56d,95,Normal Concrete,Control,,0,OPC 53 (UltraTech),56,Compressive Strength,33.28,150mm Cube,C Strenth Reading 1000000.xlsx,Comp 6,497,False,4.04305126783455,7.483314773547883,0,0.0,0,0.0,3136.0,175616.0
CS_BC_56d_095,EXP_CS_BC_56d,95,Bacterial Concrete,Inoculated,Bacillus subtilis,1000000,OPC 53 (UltraTech),56,Compressive Strength,38.1,150mm Cube,C Strenth Reading 1000000.xlsx,Comp 6,497,False,4.04305126783455,7.483314773547883,1,13.815511557963774,56,4.04305126783455,3136.0,175616.0
CS_NC_56d_096,EXP_CS_NC_56d,96,Normal Concrete,Control,,0,OPC 53 (UltraTech),56,Compressive Strength,31.81,150mm Cube,C Strenth Reading 1000000.xlsx,Comp 6,498,False,4.04305126783455,7.483314773547883,0,0.0,0,0.0,3136.0,175616.0
CS_BC_56d_096,EXP_CS_BC_56d,96,Bacterial Concrete,Inoculated,Bacillus subtilis,1000000,OPC 53 (UltraTech),56,Compressive Strength,36.88,150mm Cube,C Strenth Reading 1000000.xlsx,Comp 6,498,False,4.04305126783455,7.483314773547883,1,13.815511557963774,56,4.04305126783455,3136.0,175616.0
CS_NC_56d_097,EXP_CS_NC_56d,97,Normal Concrete,Control,,0,OPC 53 (UltraTech),56,Compressive Strength,29.44,150mm Cube,C Strenth Reading 1000000.xlsx,Comp 6,499,False,4.04305126783455,7.483314773547883,0,0.0,0,0.0,3136.0,175616.0
CS_BC_56d_097,EXP_CS_BC_56d,97,Bacterial Concrete,Inoculated,Bacillus subtilis,1000000,OPC 53 (UltraTech),56,Compressive Strength,37.12,150mm Cube,C Strenth Reading 1000000.xlsx,Comp 6,499,False,4.04305126783455,7.483314773547883,1,13.815511557963774,56,4.04305126783455,3136.0,175616.0
CS_NC_56d_098,EXP_CS_NC_56d,98,Normal Concrete,Control,,0,OPC 53 (UltraTech),56,Compressive Strength,30.71,150mm Cube,C Strenth Reading 1000000.xlsx,Comp 6,500,False,4.04305126783455,7.483314773547883,0,0.0,0,0.0,3136.0,175616.0
CS_BC_56d_098,EXP_CS_BC_56d,98,Bacterial Concrete,Inoculated,Bacillus subtilis,1000000,OPC 53 (UltraTech),56,Compressive Strength,34.0,150mm Cube,C Strenth Reading 1000000.xlsx,Comp 6,500,False,4.04305126783455,7.483314773547883,1,13.815511557963774,56,4.04305126783455,3136.0,175616.0
CS_NC_56d_099,EXP_CS_NC_56d,99,Normal Concrete,Control,,0,OPC 53 (UltraTech),56,Compressive Strength,29.69,150mm Cube,C Strenth Reading 1000000.xlsx,Comp 6,501,False,4.04305126783455,7.483314773547883,0,0.0,0,0.0,3136.0,175616.0
CS_BC_56d_099,EXP_CS_BC_56d,99,Bacterial Concrete,Inoculated,Bacillus subtilis,1000000,OPC 53 (UltraTech),56,Compressive Strength,38.37,150mm Cube,C Strenth Reading 1000000.xlsx,Comp 6,501,False,4.04305126783455,7.483314773547883,1,13.815511557963774,56,4.04305126783455,3136.0,175616.0
CS_NC_56d_100,EXP_CS_NC_56d,100,Normal Concrete,Control,,0,OPC 53 (UltraTech),56,Compressive Strength,28.93,150mm Cube,C Strenth Reading 1000000.xlsx,Comp 6,502,False,4.04305126783455,7.483314773547883,0,0.0,0,0.0,3136.0,175616.0
CS_BC_56d_100,EXP_CS_BC_56d,100,Bacterial Concrete,Inoculated,Bacillus subtilis,1000000,OPC 53 (UltraTech),56,Compressive Strength,37.52,150mm Cube,C Strenth Reading 1000000.xlsx,Comp 6,502,False,4.04305126783455,7.483314773547883,1,13.815511557963774,56,4.04305126783455,3136.0,175616.0
CS_NC_90d_001,EXP_CS_NC_90d,1,Normal Concrete,Control,,0,OPC 53 (UltraTech),90,Compressive Strength,34.39,150mm Cube,C Strenth Reading 1000000.xlsx,Comp 6,503,False,4.51085950651685,9.486832980505138,0,0.0,0,0.0,8100.0,729000.0
CS_BC_90d_001,EXP_CS_BC_90d,1,Bacterial Concrete,Inoculated,Bacillus subtilis,1000000,OPC 53 (UltraTech),90,Compressive Strength,42.0,150mm Cube,C Strenth Reading 1000000.xlsx,Comp 6,503,False,4.51085950651685,9.486832980505138,1,13.815511557963774,90,4.51085950651685,8100.0,729000.0
CS_NC_90d_002,EXP_CS_NC_90d,2,Normal Concrete,Control,,0,OPC 53 (UltraTech),90,Compressive Strength,35.86,150mm Cube,C Strenth Reading 1000000.xlsx,Comp 6,504,False,4.51085950651685,9.486832980505138,0,0.0,0,0.0,8100.0,729000.0
CS_BC_90d_002,EXP_CS_BC_90d,2,Bacterial Concrete,Inoculated,Bacillus subtilis,1000000,OPC 53 (UltraTech),90,Compressive Strength,36.16,150mm Cube,C Strenth Reading 1000000.xlsx,Comp 6,504,False,4.51085950651685,9.486832980505138,1,13.815511557963774,90,4.51085950651685,8100.0,729000.0
CS_NC_90d_003,EXP_CS_NC_90d,3,Normal Concrete,Control,,0,OPC 53 (UltraTech),90,Compressive Strength,30.9,150mm Cube,C Strenth Reading 1000000.xlsx,Comp 6,505,False,4.51085950651685,9.486832980505138,0,0.0,0,0.0,8100.0,729000.0
CS_BC_90d_003,EXP_CS_BC_90d,3,Bacterial Concrete,Inoculated,Bacillus subtilis,1000000,OPC 53 (UltraTech),90,Compressive Strength,43.63,150mm Cube,C Strenth Reading 1000000.xlsx,Comp 6,505,False,4.51085950651685,9.486832980505138,1,13.815511557963774,90,4.51085950651685,8100.0,729000.0
CS_NC_90d_004,EXP_CS_NC_90d,4,Normal Concrete,Control,,0,OPC 53 (UltraTech),90,Compressive Strength,33.84,150mm Cube,C Strenth Reading 1000000.xlsx,Comp 6,506,False,4.51085950651685,9.486832980505138,0,0.0,0,0.0,8100.0,729000.0
CS_BC_90d_004,EXP_CS_BC_90d,4,Bacterial Concrete,Inoculated,Bacillus subtilis,1000000,OPC 53 (UltraTech),90,Compressive Strength,40.29,150mm Cube,C Strenth Reading 1000000.xlsx,Comp 6,506,False,4.51085950651685,9.486832980505138,1,13.815511557963774,90,4.51085950651685,8100.0,729000.0
CS_NC_90d_005,EXP_CS_NC_90d,5,Normal Concrete,Control,,0,OPC 53 (UltraTech),90,Compressive Strength,32.02,150mm Cube,C Strenth Reading 1000000.xlsx,Comp 6,507,False,4.51085950651685,9.486832980505138,0,0.0,0,0.0,8100.0,729000.0
CS_BC_90d_005,EXP_CS_BC_90d,5,Bacterial Concrete,Inoculated,Bacillus subtilis,1000000,OPC 53 (UltraTech),90,Compressive Strength,42.16,150mm Cube,C Strenth Reading 1000000.xlsx,Comp 6,507,False,4.51085950651685,9.486832980505138,1,13.815511557963774,90,4.51085950651685,8100.0,729000.0
CS_NC_90d_006,EXP_CS_NC_90d,6,Normal Concrete,Control,,0,OPC 53 (UltraTech),90,Compressive Strength,32.27,150mm Cube,C Strenth Reading 1000000.xlsx,Comp 6,508,False,4.51085950651685,9.486832980505138,0,0.0,0,0.0,8100.0,729000.0
CS_BC_90d_006,EXP_CS_BC_90d,6,Bacterial Concrete,Inoculated,Bacillus subtilis,1000000,OPC 53 (UltraTech),90,Compressive Strength,38.94,150mm Cube,C Strenth Reading 1000000.xlsx,Comp 6,508,False,4.51085950651685,9.486832980505138,1,13.815511557963774,90,4.51085950651685,8100.0,729000.0
CS_NC_90d_007,EXP_CS_NC_90d,7,Normal Concrete,Control,,0,OPC 53 (UltraTech),90,Compressive Strength,32.11,150mm Cube,C Strenth Reading 1000000.xlsx,Comp 6,509,False,4.51085950651685,9.486832980505138,0,0.0,0,0.0,8100.0,729000.0
CS_BC_90d_007,EXP_CS_BC_90d,7,Bacterial Concrete,Inoculated,Bacillus subtilis,1000000,OPC 53 (UltraTech),90,Compressive Strength,41.42,150mm Cube,C Strenth Reading 1000000.xlsx,Comp 6,509,False,4.51085950651685,9.486832980505138,1,13.815511557963774,90,4.51085950651685,8100.0,729000.0
CS_NC_90d_008,EXP_CS_NC_90d,8,Normal Concrete,Control,,0,OPC 53 (UltraTech),90,Compressive Strength,31.7,150mm Cube,C Strenth Reading 1000000.xlsx,Comp 6,510,False,4.51085950651685,9.486832980505138,0,0.0,0,0.0,8100.0,729000.0
CS_BC_90d_008,EXP_CS_BC_90d,8,Bacterial Concrete,Inoculated,Bacillus subtilis,1000000,OPC 53 (UltraTech),90,Compressive Strength,38.92,150mm Cube,C Strenth Reading 1000000.xlsx,Comp 6,510,False,4.51085950651685,9.486832980505138,1,13.815511557963774,90,4.51085950651685,8100.0,729000.0
CS_NC_90d_009,EXP_CS_NC_90d,9,Normal Concrete,Control,,0,OPC 53 (UltraTech),90,Compressive Strength,33.07,150mm Cube,C Strenth Reading 1000000.xlsx,Comp 6,511,False,4.51085950651685,9.486832980505138,0,0.0,0,0.0,8100.0,729000.0
CS_BC_90d_009,EXP_CS_BC_90d,9,Bacterial Concrete,Inoculated,Bacillus subtilis,1000000,OPC 53 (UltraTech),90,Compressive Strength,39.56,150mm Cube,C Strenth Reading 1000000.xlsx,Comp 6,511,False,4.51085950651685,9.486832980505138,1,13.815511557963774,90,4.51085950651685,8100.0,729000.0
CS_NC_90d_010,EXP_CS_NC_90d,10,Normal Concrete,Control,,0,OPC 53 (UltraTech),90,Compressive Strength,31.75,150mm Cube,C Strenth Reading 1000000.xlsx,Comp 6,512,False,4.51085950651685,9.486832980505138,0,0.0,0,0.0,8100.0,729000.0
CS_BC_90d_010,EXP_CS_BC_90d,10,Bacterial Concrete,Inoculated,Bacillus subtilis,1000000,OPC 53 (UltraTech),90,Compressive Strength,43.37,150mm Cube,C Strenth Reading 1000000.xlsx,Comp 6,512,False,4.51085950651685,9.486832980505138,1,13.815511557963774,90,4.51085950651685,8100.0,729000.0
CS_NC_90d_011,EXP_CS_NC_90d,11,Normal Concrete,Control,,0,OPC 53 (UltraTech),90,Compressive Strength,33.41,150mm Cube,C Strenth Reading 1000000.xlsx,Comp 6,513,False,4.51085950651685,9.486832980505138,0,0.0,0,0.0,8100.0,729000.0
CS_BC_90d_011,EXP_CS_BC_90d,11,Bacterial Concrete,Inoculated,Bacillus subtilis,1000000,OPC 53 (UltraTech),90,Compressive Strength,40.21,150mm Cube,C Strenth Reading 1000000.xlsx,Comp 6,513,False,4.51085950651685,9.486832980505138,1,13.815511557963774,90,4.51085950651685,8100.0,729000.0
CS_NC_90d_012,EXP_CS_NC_90d,12,Normal Concrete,Control,,0,OPC 53 (UltraTech),90,Compressive Strength,32.92,150mm Cube,C Strenth Reading 1000000.xlsx,Comp 6,514,False,4.51085950651685,9.486832980505138,0,0.0,0,0.0,8100.0,729000.0
CS_BC_90d_012,EXP_CS_BC_90d,12,Bacterial Concrete,Inoculated,Bacillus subtilis,1000000,OPC 53 (UltraTech),90,Compressive Strength,40.83,150mm Cube,C Strenth Reading 1000000.xlsx,Comp 6,514,False,4.51085950651685,9.486832980505138,1,13.815511557963774,90,4.51085950651685,8100.0,729000.0
CS_NC_90d_013,EXP_CS_NC_90d,13,Normal Concrete,Control,,0,OPC 53 (UltraTech),90,Compressive Strength,32.64,150mm Cube,C Strenth Reading 1000000.xlsx,Comp 6,515,False,4.51085950651685,9.486832980505138,0,0.0,0,0.0,8100.0,729000.0
CS_BC_90d_013,EXP_CS_BC_90d,13,Bacterial Concrete,Inoculated,Bacillus subtilis,1000000,OPC 53 (UltraTech),90,Compressive Strength,41.81,150mm Cube,C Strenth Reading 1000000.xlsx,Comp 6,515,False,4.51085950651685,9.486832980505138,1,13.815511557963774,90,4.51085950651685,8100.0,729000.0
CS_NC_90d_014,EXP_CS_NC_90d,14,Normal Concrete,Control,,0,OPC 53 (UltraTech),90,Compressive Strength,31.64,150mm Cube,C Strenth Reading 1000000.xlsx,Comp 6,516,False,4.51085950651685,9.486832980505138,0,0.0,0,0.0,8100.0,729000.0
CS_BC_90d_014,EXP_CS_BC_90d,14,Bacterial Concrete,Inoculated,Bacillus subtilis,1000000,OPC 53 (UltraTech),90,Compressive Strength,41.24,150mm Cube,C Strenth Reading 1000000.xlsx,Comp 6,516,False,4.51085950651685,9.486832980505138,1,13.815511557963774,90,4.51085950651685,8100.0,729000.0
CS_NC_90d_015,EXP_CS_NC_90d,15,Normal Concrete,Control,,0,OPC 53 (UltraTech),90,Compressive Strength,32.13,150mm Cube,C Strenth Reading 1000000.xlsx,Comp 6,517,False,4.51085950651685,9.486832980505138,0,0.0,0,0.0,8100.0,729000.0
CS_BC_90d_015,EXP_CS_BC_90d,15,Bacterial Concrete,Inoculated,Bacillus subtilis,1000000,OPC 53 (UltraTech),90,Compressive Strength,40.73,150mm Cube,C Strenth Reading 1000000.xlsx,Comp 6,517,False,4.51085950651685,9.486832980505138,1,13.815511557963774,90,4.51085950651685,8100.0,729000.0
CS_NC_90d_016,EXP_CS_NC_90d,16,Normal Concrete,Control,,0,OPC 53 (UltraTech),90,Compressive Strength,34.13,150mm Cube,C Strenth Reading 1000000.xlsx,Comp 6,518,False,4.51085950651685,9.486832980505138,0,0.0,0,0.0,8100.0,729000.0
CS_BC_90d_016,EXP_CS_BC_90d,16,Bacterial Concrete,Inoculated,Bacillus subtilis,1000000,OPC 53 (UltraTech),90,Compressive Strength,41.05,150mm Cube,C Strenth Reading 1000000.xlsx,Comp 6,518,False,4.51085950651685,9.486832980505138,1,13.815511557963774,90,4.51085950651685,8100.0,729000.0
CS_NC_90d_017,EXP_CS_NC_90d,17,Normal Concrete,Control,,0,OPC 53 (UltraTech),90,Compressive Strength,33.75,150mm Cube,C Strenth Reading 1000000.xlsx,Comp 6,519,False,4.51085950651685,9.486832980505138,0,0.0,0,0.0,8100.0,729000.0
CS_BC_90d_017,EXP_CS_BC_90d,17,Bacterial Concrete,Inoculated,Bacillus subtilis,1000000,OPC 53 (UltraTech),90,Compressive Strength,44.11,150mm Cube,C Strenth Reading 1000000.xlsx,Comp 6,519,False,4.51085950651685,9.486832980505138,1,13.815511557963774,90,4.51085950651685,8100.0,729000.0
CS_NC_90d_018,EXP_CS_NC_90d,18,Normal Concrete,Control,,0,OPC 53 (UltraTech),90,Compressive Strength,31.53,150mm Cube,C Strenth Reading 1000000.xlsx,Comp 6,520,False,4.51085950651685,9.486832980505138,0,0.0,0,0.0,8100.0,729000.0
CS_BC_90d_018,EXP_CS_BC_90d,18,Bacterial Concrete,Inoculated,Bacillus subtilis,1000000,OPC 53 (UltraTech),90,Compressive Strength,40.41,150mm Cube,C Strenth Reading 1000000.xlsx,Comp 6,520,False,4.51085950651685,9.486832980505138,1,13.815511557963774,90,4.51085950651685,8100.0,729000.0
CS_NC_90d_019,EXP_CS_NC_90d,19,Normal Concrete,Control,,0,OPC 53 (UltraTech),90,Compressive Strength,33.15,150mm Cube,C Strenth Reading 1000000.xlsx,Comp 6,521,False,4.51085950651685,9.486832980505138,0,0.0,0,0.0,8100.0,729000.0
CS_BC_90d_019,EXP_CS_BC_90d,19,Bacterial Concrete,Inoculated,Bacillus subtilis,1000000,OPC 53 (UltraTech),90,Compressive Strength,40.8,150mm Cube,C Strenth Reading 1000000.xlsx,Comp 6,521,False,4.51085950651685,9.486832980505138,1,13.815511557963774,90,4.51085950651685,8100.0,729000.0
CS_NC_90d_020,EXP_CS_NC_90d,20,Normal Concrete,Control,,0,OPC 53 (UltraTech),90,Compressive Strength,34.13,150mm Cube,C Strenth Reading 1000000.xlsx,Comp 6,522,False,4.51085950651685,9.486832980505138,0,0.0,0,0.0,8100.0,729000.0
CS_BC_90d_020,EXP_CS_BC_90d,20,Bacterial Concrete,Inoculated,Bacillus subtilis,1000000,OPC 53 (UltraTech),90,Compressive Strength,42.08,150mm Cube,C Strenth Reading 1000000.xlsx,Comp 6,522,False,4.51085950651685,9.486832980505138,1,13.815511557963774,90,4.51085950651685,8100.0,729000.0
CS_NC_90d_021,EXP_CS_NC_90d,21,Normal Concrete,Control,,0,OPC 53 (UltraTech),90,Compressive Strength,30.5,150mm Cube,C Strenth Reading 1000000.xlsx,Comp 6,523,False,4.51085950651685,9.486832980505138,0,0.0,0,0.0,8100.0,729000.0
CS_BC_90d_021,EXP_CS_BC_90d,21,Bacterial Concrete,Inoculated,Bacillus subtilis,1000000,OPC 53 (UltraTech),90,Compressive Strength,42.16,150mm Cube,C Strenth Reading 1000000.xlsx,Comp 6,523,False,4.51085950651685,9.486832980505138,1,13.815511557963774,90,4.51085950651685,8100.0,729000.0
CS_NC_90d_022,EXP_CS_NC_90d,22,Normal Concrete,Control,,0,OPC 53 (UltraTech),90,Compressive Strength,33.82,150mm Cube,C Strenth Reading 1000000.xlsx,Comp 6,524,False,4.51085950651685,9.486832980505138,0,0.0,0,0.0,8100.0,729000.0
CS_BC_90d_022,EXP_CS_BC_90d,22,Bacterial Concrete,Inoculated,Bacillus subtilis,1000000,OPC 53 (UltraTech),90,Compressive Strength,42.28,150mm Cube,C Strenth Reading 1000000.xlsx,Comp 6,524,False,4.51085950651685,9.486832980505138,1,13.815511557963774,90,4.51085950651685,8100.0,729000.0
CS_NC_90d_023,EXP_CS_NC_90d,23,Normal Concrete,Control,,0,OPC 53 (UltraTech),90,Compressive Strength,32.01,150mm Cube,C Strenth Reading 1000000.xlsx,Comp 6,525,False,4.51085950651685,9.486832980505138,0,0.0,0,0.0,8100.0,729000.0
CS_BC_90d_023,EXP_CS_BC_90d,23,Bacterial Concrete,Inoculated,Bacillus subtilis,1000000,OPC 53 (UltraTech),90,Compressive Strength,41.46,150mm Cube,C Strenth Reading 1000000.xlsx,Comp 6,525,False,4.51085950651685,9.486832980505138,1,13.815511557963774,90,4.51085950651685,8100.0,729000.0
CS_NC_90d_024,EXP_CS_NC_90d,24,Normal Concrete,Control,,0,OPC 53 (UltraTech),90,Compressive Strength,33.86,150mm Cube,C Strenth Reading 1000000.xlsx,Comp 6,526,False,4.51085950651685,9.486832980505138,0,0.0,0,0.0,8100.0,729000.0
CS_BC_90d_024,EXP_CS_BC_90d,24,Bacterial Concrete,Inoculated,Bacillus subtilis,1000000,OPC 53 (UltraTech),90,Compressive Strength,38.79,150mm Cube,C Strenth Reading 1000000.xlsx,Comp 6,526,False,4.51085950651685,9.486832980505138,1,13.815511557963774,90,4.51085950651685,8100.0,729000.0
CS_NC_90d_025,EXP_CS_NC_90d,25,Normal Concrete,Control,,0,OPC 53 (UltraTech),90,Compressive Strength,31.86,150mm Cube,C Strenth Reading 1000000.xlsx,Comp 6,527,False,4.51085950651685,9.486832980505138,0,0.0,0,0.0,8100.0,729000.0
CS_BC_90d_025,EXP_CS_BC_90d,25,Bacterial Concrete,Inoculated,Bacillus subtilis,1000000,OPC 53 (UltraTech),90,Compressive Strength,42.95,150mm Cube,C Strenth Reading 1000000.xlsx,Comp 6,527,False,4.51085950651685,9.486832980505138,1,13.815511557963774,90,4.51085950651685,8100.0,729000.0
CS_NC_90d_026,EXP_CS_NC_90d,26,Normal Concrete,Control,,0,OPC 53 (UltraTech),90,Compressive Strength,30.29,150mm Cube,C Strenth Reading 1000000.xlsx,Comp 6,528,False,4.51085950651685,9.486832980505138,0,0.0,0,0.0,8100.0,729000.0
CS_BC_90d_026,EXP_CS_BC_90d,26,Bacterial Concrete,Inoculated,Bacillus subtilis,1000000,OPC 53 (UltraTech),90,Compressive Strength,38.78,150mm Cube,C Strenth Reading 1000000.xlsx,Comp 6,528,False,4.51085950651685,9.486832980505138,1,13.815511557963774,90,4.51085950651685,8100.0,729000.0
CS_NC_90d_027,EXP_CS_NC_90d,27,Normal Concrete,Control,,0,OPC 53 (UltraTech),90,Compressive Strength,30.56,150mm Cube,C Strenth Reading 1000000.xlsx,Comp 6,529,False,4.51085950651685,9.486832980505138,0,0.0,0,0.0,8100.0,729000.0
CS_BC_90d_027,EXP_CS_BC_90d,27,Bacterial Concrete,Inoculated,Bacillus subtilis,1000000,OPC 53 (UltraTech),90,Compressive Strength,40.95,150mm Cube,C Strenth Reading 1000000.xlsx,Comp 6,529,False,4.51085950651685,9.486832980505138,1,13.815511557963774,90,4.51085950651685,8100.0,729000.0
CS_NC_90d_028,EXP_CS_NC_90d,28,Normal Concrete,Control,,0,OPC 53 (UltraTech),90,Compressive Strength,33.07,150mm Cube,C Strenth Reading 1000000.xlsx,Comp 6,530,False,4.51085950651685,9.486832980505138,0,0.0,0,0.0,8100.0,729000.0
CS_BC_90d_028,EXP_CS_BC_90d,28,Bacterial Concrete,Inoculated,Bacillus subtilis,1000000,OPC 53 (UltraTech),90,Compressive Strength,39.37,150mm Cube,C Strenth Reading 1000000.xlsx,Comp 6,530,False,4.51085950651685,9.486832980505138,1,13.815511557963774,90,4.51085950651685,8100.0,729000.0
CS_NC_90d_029,EXP_CS_NC_90d,29,Normal Concrete,Control,,0,OPC 53 (UltraTech),90,Compressive Strength,33.39,150mm Cube,C Strenth Reading 1000000.xlsx,Comp 6,531,False,4.51085950651685,9.486832980505138,0,0.0,0,0.0,8100.0,729000.0
CS_BC_90d_029,EXP_CS_BC_90d,29,Bacterial Concrete,Inoculated,Bacillus subtilis,1000000,OPC 53 (UltraTech),90,Compressive Strength,40.4,150mm Cube,C Strenth Reading 1000000.xlsx,Comp 6,531,False,4.51085950651685,9.486832980505138,1,13.815511557963774,90,4.51085950651685,8100.0,729000.0
CS_NC_90d_030,EXP_CS_NC_90d,30,Normal Concrete,Control,,0,OPC 53 (UltraTech),90,Compressive Strength,31.64,150mm Cube,C Strenth Reading 1000000.xlsx,Comp 6,532,False,4.51085950651685,9.486832980505138,0,0.0,0,0.0,8100.0,729000.0
CS_BC_90d_030,EXP_CS_BC_90d,30,Bacterial Concrete,Inoculated,Bacillus subtilis,1000000,OPC 53 (UltraTech),90,Compressive Strength,40.99,150mm Cube,C Strenth Reading 1000000.xlsx,Comp 6,532,False,4.51085950651685,9.486832980505138,1,13.815511557963774,90,4.51085950651685,8100.0,729000.0
CS_NC_90d_031,EXP_CS_NC_90d,31,Normal Concrete,Control,,0,OPC 53 (UltraTech),90,Compressive Strength,33.96,150mm Cube,C Strenth Reading 1000000.xlsx,Comp 6,533,False,4.51085950651685,9.486832980505138,0,0.0,0,0.0,8100.0,729000.0
CS_BC_90d_031,EXP_CS_BC_90d,31,Bacterial Concrete,Inoculated,Bacillus subtilis,1000000,OPC 53 (UltraTech),90,Compressive Strength,40.98,150mm Cube,C Strenth Reading 1000000.xlsx,Comp 6,533,False,4.51085950651685,9.486832980505138,1,13.815511557963774,90,4.51085950651685,8100.0,729000.0
CS_NC_90d_032,EXP_CS_NC_90d,32,Normal Concrete,Control,,0,OPC 53 (UltraTech),90,Compressive Strength,30.51,150mm Cube,C Strenth Reading 1000000.xlsx,Comp 6,534,False,4.51085950651685,9.486832980505138,0,0.0,0,0.0,8100.0,729000.0
CS_BC_90d_032,EXP_CS_BC_90d,32,Bacterial Concrete,Inoculated,Bacillus subtilis,1000000,OPC 53 (UltraTech),90,Compressive Strength,41.13,150mm Cube,C Strenth Reading 1000000.xlsx,Comp 6,534,False,4.51085950651685,9.486832980505138,1,13.815511557963774,90,4.51085950651685,8100.0,729000.0
CS_NC_90d_033,EXP_CS_NC_90d,33,Normal Concrete,Control,,0,OPC 53 (UltraTech),90,Compressive Strength,32.9,150mm Cube,C Strenth Reading 1000000.xlsx,Comp 6,535,False,4.51085950651685,9.486832980505138,0,0.0,0,0.0,8100.0,729000.0
CS_BC_90d_033,EXP_CS_BC_90d,33,Bacterial Concrete,Inoculated,Bacillus subtilis,1000000,OPC 53 (UltraTech),90,Compressive Strength,42.92,150mm Cube,C Strenth Reading 1000000.xlsx,Comp 6,535,False,4.51085950651685,9.486832980505138,1,13.815511557963774,90,4.51085950651685,8100.0,729000.0
CS_NC_90d_034,EXP_CS_NC_90d,34,Normal Concrete,Control,,0,OPC 53 (UltraTech),90,Compressive Strength,31.18,150mm Cube,C Strenth Reading 1000000.xlsx,Comp 6,536,False,4.51085950651685,9.486832980505138,0,0.0,0,0.0,8100.0,729000.0
CS_BC_90d_034,EXP_CS_BC_90d,34,Bacterial Concrete,Inoculated,Bacillus subtilis,1000000,OPC 53 (UltraTech),90,Compressive Strength,41.18,150mm Cube,C Strenth Reading 1000000.xlsx,Comp 6,536,False,4.51085950651685,9.486832980505138,1,13.815511557963774,90,4.51085950651685,8100.0,729000.0
CS_NC_90d_035,EXP_CS_NC_90d,35,Normal Concrete,Control,,0,OPC 53 (UltraTech),90,Compressive Strength,32.02,150mm Cube,C Strenth Reading 1000000.xlsx,Comp 6,537,False,4.51085950651685,9.486832980505138,0,0.0,0,0.0,8100.0,729000.0
CS_BC_90d_035,EXP_CS_BC_90d,35,Bacterial Concrete,Inoculated,Bacillus subtilis,1000000,OPC 53 (UltraTech),90,Compressive Strength,40.13,150mm Cube,C Strenth Reading 1000000.xlsx,Comp 6,537,False,4.51085950651685,9.486832980505138,1,13.815511557963774,90,4.51085950651685,8100.0,729000.0
CS_NC_90d_036,EXP_CS_NC_90d,36,Normal Concrete,Control,,0,OPC 53 (UltraTech),90,Compressive Strength,33.07,150mm Cube,C Strenth Reading 1000000.xlsx,Comp 6,538,False,4.51085950651685,9.486832980505138,0,0.0,0,0.0,8100.0,729000.0
CS_BC_90d_036,EXP_CS_BC_90d,36,Bacterial Concrete,Inoculated,Bacillus subtilis,1000000,OPC 53 (UltraTech),90,Compressive Strength,41.95,150mm Cube,C Strenth Reading 1000000.xlsx,Comp 6,538,False,4.51085950651685,9.486832980505138,1,13.815511557963774,90,4.51085950651685,8100.0,729000.0
CS_NC_90d_037,EXP_CS_NC_90d,37,Normal Concrete,Control,,0,OPC 53 (UltraTech),90,Compressive Strength,31.71,150mm Cube,C Strenth Reading 1000000.xlsx,Comp 6,539,False,4.51085950651685,9.486832980505138,0,0.0,0,0.0,8100.0,729000.0
CS_BC_90d_037,EXP_CS_BC_90d,37,Bacterial Concrete,Inoculated,Bacillus subtilis,1000000,OPC 53 (UltraTech),90,Compressive Strength,42.28,150mm Cube,C Strenth Reading 1000000.xlsx,Comp 6,539,False,4.51085950651685,9.486832980505138,1,13.815511557963774,90,4.51085950651685,8100.0,729000.0
CS_NC_90d_038,EXP_CS_NC_90d,38,Normal Concrete,Control,,0,OPC 53 (UltraTech),90,Compressive Strength,32.42,150mm Cube,C Strenth Reading 1000000.xlsx,Comp 6,540,False,4.51085950651685,9.486832980505138,0,0.0,0,0.0,8100.0,729000.0
CS_BC_90d_038,EXP_CS_BC_90d,38,Bacterial Concrete,Inoculated,Bacillus subtilis,1000000,OPC 53 (UltraTech),90,Compressive Strength,38.66,150mm Cube,C Strenth Reading 1000000.xlsx,Comp 6,540,False,4.51085950651685,9.486832980505138,1,13.815511557963774,90,4.51085950651685,8100.0,729000.0
CS_NC_90d_039,EXP_CS_NC_90d,39,Normal Concrete,Control,,0,OPC 53 (UltraTech),90,Compressive Strength,34.51,150mm Cube,C Strenth Reading 1000000.xlsx,Comp 6,541,False,4.51085950651685,9.486832980505138,0,0.0,0,0.0,8100.0,729000.0
CS_BC_90d_039,EXP_CS_BC_90d,39,Bacterial Concrete,Inoculated,Bacillus subtilis,1000000,OPC 53 (UltraTech),90,Compressive Strength,41.4,150mm Cube,C Strenth Reading 1000000.xlsx,Comp 6,541,False,4.51085950651685,9.486832980505138,1,13.815511557963774,90,4.51085950651685,8100.0,729000.0
CS_NC_90d_040,EXP_CS_NC_90d,40,Normal Concrete,Control,,0,OPC 53 (UltraTech),90,Compressive Strength,32.13,150mm Cube,C Strenth Reading 1000000.xlsx,Comp 6,542,False,4.51085950651685,9.486832980505138,0,0.0,0,0.0,8100.0,729000.0
CS_BC_90d_040,EXP_CS_BC_90d,40,Bacterial Concrete,Inoculated,Bacillus subtilis,1000000,OPC 53 (UltraTech),90,Compressive Strength,41.55,150mm Cube,C Strenth Reading 1000000.xlsx,Comp 6,542,False,4.51085950651685,9.486832980505138,1,13.815511557963774,90,4.51085950651685,8100.0,729000.0
CS_NC_90d_041,EXP_CS_NC_90d,41,Normal Concrete,Control,,0,OPC 53 (UltraTech),90,Compressive Strength,34.25,150mm Cube,C Strenth Reading 1000000.xlsx,Comp 6,543,False,4.51085950651685,9.486832980505138,0,0.0,0,0.0,8100.0,729000.0
CS_BC_90d_041,EXP_CS_BC_90d,41,Bacterial Concrete,Inoculated,Bacillus subtilis,1000000,OPC 53 (UltraTech),90,Compressive Strength,40.05,150mm Cube,C Strenth Reading 1000000.xlsx,Comp 6,543,False,4.51085950651685,9.486832980505138,1,13.815511557963774,90,4.51085950651685,8100.0,729000.0
CS_NC_90d_042,EXP_CS_NC_90d,42,Normal Concrete,Control,,0,OPC 53 (UltraTech),90,Compressive Strength,31.31,150mm Cube,C Strenth Reading 1000000.xlsx,Comp 6,544,False,4.51085950651685,9.486832980505138,0,0.0,0,0.0,8100.0,729000.0
CS_BC_90d_042,EXP_CS_BC_90d,42,Bacterial Concrete,Inoculated,Bacillus subtilis,1000000,OPC 53 (UltraTech),90,Compressive Strength,42.56,150mm Cube,C Strenth Reading 1000000.xlsx,Comp 6,544,False,4.51085950651685,9.486832980505138,1,13.815511557963774,90,4.51085950651685,8100.0,729000.0
CS_NC_90d_043,EXP_CS_NC_90d,43,Normal Concrete,Control,,0,OPC 53 (UltraTech),90,Compressive Strength,33.79,150mm Cube,C Strenth Reading 1000000.xlsx,Comp 6,545,False,4.51085950651685,9.486832980505138,0,0.0,0,0.0,8100.0,729000.0
CS_BC_90d_043,EXP_CS_BC_90d,43,Bacterial Concrete,Inoculated,Bacillus subtilis,1000000,OPC 53 (UltraTech),90,Compressive Strength,40.27,150mm Cube,C Strenth Reading 1000000.xlsx,Comp 6,545,False,4.51085950651685,9.486832980505138,1,13.815511557963774,90,4.51085950651685,8100.0,729000.0
CS_NC_90d_044,EXP_CS_NC_90d,44,Normal Concrete,Control,,0,OPC 53 (UltraTech),90,Compressive Strength,35.16,150mm Cube,C Strenth Reading 1000000.xlsx,Comp 6,546,False,4.51085950651685,9.486832980505138,0,0.0,0,0.0,8100.0,729000.0
CS_BC_90d_044,EXP_CS_BC_90d,44,Bacterial Concrete,Inoculated,Bacillus subtilis,1000000,OPC 53 (UltraTech),90,Compressive Strength,40.69,150mm Cube,C Strenth Reading 1000000.xlsx,Comp 6,546,False,4.51085950651685,9.486832980505138,1,13.815511557963774,90,4.51085950651685,8100.0,729000.0
CS_NC_90d_045,EXP_CS_NC_90d,45,Normal Concrete,Control,,0,OPC 53 (UltraTech),90,Compressive Strength,29.29,150mm Cube,C Strenth Reading 1000000.xlsx,Comp 6,547,False,4.51085950651685,9.486832980505138,0,0.0,0,0.0,8100.0,729000.0
CS_BC_90d_045,EXP_CS_BC_90d,45,Bacterial Concrete,Inoculated,Bacillus subtilis,1000000,OPC 53 (UltraTech),90,Compressive Strength,40.24,150mm Cube,C Strenth Reading 1000000.xlsx,Comp 6,547,False,4.51085950651685,9.486832980505138,1,13.815511557963774,90,4.51085950651685,8100.0,729000.0
CS_NC_90d_046,EXP_CS_NC_90d,46,Normal Concrete,Control,,0,OPC 53 (UltraTech),90,Compressive Strength,31.8,150mm Cube,C Strenth Reading 1000000.xlsx,Comp 6,548,False,4.51085950651685,9.486832980505138,0,0.0,0,0.0,8100.0,729000.0
CS_BC_90d_046,EXP_CS_BC_90d,46,Bacterial Concrete,Inoculated,Bacillus subtilis,1000000,OPC 53 (UltraTech),90,Compressive Strength,40.52,150mm Cube,C Strenth Reading 1000000.xlsx,Comp 6,548,False,4.51085950651685,9.486832980505138,1,13.815511557963774,90,4.51085950651685,8100.0,729000.0
CS_NC_90d_047,EXP_CS_NC_90d,47,Normal Concrete,Control,,0,OPC 53 (UltraTech),90,Compressive Strength,33.87,150mm Cube,C Strenth Reading 1000000.xlsx,Comp 6,549,False,4.51085950651685,9.486832980505138,0,0.0,0,0.0,8100.0,729000.0
CS_BC_90d_047,EXP_CS_BC_90d,47,Bacterial Concrete,Inoculated,Bacillus subtilis,1000000,OPC 53 (UltraTech),90,Compressive Strength,38.86,150mm Cube,C Strenth Reading 1000000.xlsx,Comp 6,549,False,4.51085950651685,9.486832980505138,1,13.815511557963774,90,4.51085950651685,8100.0,729000.0
CS_NC_90d_048,EXP_CS_NC_90d,48,Normal Concrete,Control,,0,OPC 53 (UltraTech),90,Compressive Strength,32.7,150mm Cube,C Strenth Reading 1000000.xlsx,Comp 6,550,False,4.51085950651685,9.486832980505138,0,0.0,0,0.0,8100.0,729000.0
CS_BC_90d_048,EXP_CS_BC_90d,48,Bacterial Concrete,Inoculated,Bacillus subtilis,1000000,OPC 53 (UltraTech),90,Compressive Strength,38.34,150mm Cube,C Strenth Reading 1000000.xlsx,Comp 6,550,False,4.51085950651685,9.486832980505138,1,13.815511557963774,90,4.51085950651685,8100.0,729000.0
CS_NC_90d_049,EXP_CS_NC_90d,49,Normal Concrete,Control,,0,OPC 53 (UltraTech),90,Compressive Strength,33.56,150mm Cube,C Strenth Reading 1000000.xlsx,Comp 6,551,False,4.51085950651685,9.486832980505138,0,0.0,0,0.0,8100.0,729000.0
CS_BC_90d_049,EXP_CS_BC_90d,49,Bacterial Concrete,Inoculated,Bacillus subtilis,1000000,OPC 53 (UltraTech),90,Compressive Strength,42.89,150mm Cube,C Strenth Reading 1000000.xlsx,Comp 6,551,False,4.51085950651685,9.486832980505138,1,13.815511557963774,90,4.51085950651685,8100.0,729000.0
CS_NC_90d_050,EXP_CS_NC_90d,50,Normal Concrete,Control,,0,OPC 53 (UltraTech),90,Compressive Strength,32.09,150mm Cube,C Strenth Reading 1000000.xlsx,Comp 6,552,False,4.51085950651685,9.486832980505138,0,0.0,0,0.0,8100.0,729000.0
CS_BC_90d_050,EXP_CS_BC_90d,50,Bacterial Concrete,Inoculated,Bacillus subtilis,1000000,OPC 53 (UltraTech),90,Compressive Strength,39.23,150mm Cube,C Strenth Reading 1000000.xlsx,Comp 6,552,False,4.51085950651685,9.486832980505138,1,13.815511557963774,90,4.51085950651685,8100.0,729000.0
CS_NC_90d_051,EXP_CS_NC_90d,51,Normal Concrete,Control,,0,OPC 53 (UltraTech),90,Compressive Strength,33.13,150mm Cube,C Strenth Reading 1000000.xlsx,Comp 6,553,False,4.51085950651685,9.486832980505138,0,0.0,0,0.0,8100.0,729000.0
CS_BC_90d_051,EXP_CS_BC_90d,51,Bacterial Concrete,Inoculated,Bacillus subtilis,1000000,OPC 53 (UltraTech),90,Compressive Strength,39.01,150mm Cube,C Strenth Reading 1000000.xlsx,Comp 6,553,False,4.51085950651685,9.486832980505138,1,13.815511557963774,90,4.51085950651685,8100.0,729000.0
CS_NC_90d_052,EXP_CS_NC_90d,52,Normal Concrete,Control,,0,OPC 53 (UltraTech),90,Compressive Strength,32.77,150mm Cube,C Strenth Reading 1000000.xlsx,Comp 6,554,False,4.51085950651685,9.486832980505138,0,0.0,0,0.0,8100.0,729000.0
CS_BC_90d_052,EXP_CS_BC_90d,52,Bacterial Concrete,Inoculated,Bacillus subtilis,1000000,OPC 53 (UltraTech),90,Compressive Strength,37.27,150mm Cube,C Strenth Reading 1000000.xlsx,Comp 6,554,False,4.51085950651685,9.486832980505138,1,13.815511557963774,90,4.51085950651685,8100.0,729000.0
CS_NC_90d_053,EXP_CS_NC_90d,53,Normal Concrete,Control,,0,OPC 53 (UltraTech),90,Compressive Strength,34.75,150mm Cube,C Strenth Reading 1000000.xlsx,Comp 6,555,False,4.51085950651685,9.486832980505138,0,0.0,0,0.0,8100.0,729000.0
CS_BC_90d_053,EXP_CS_BC_90d,53,Bacterial Concrete,Inoculated,Bacillus subtilis,1000000,OPC 53 (UltraTech),90,Compressive Strength,39.54,150mm Cube,C Strenth Reading 1000000.xlsx,Comp 6,555,False,4.51085950651685,9.486832980505138,1,13.815511557963774,90,4.51085950651685,8100.0,729000.0
CS_NC_90d_054,EXP_CS_NC_90d,54,Normal Concrete,Control,,0,OPC 53 (UltraTech),90,Compressive Strength,33.38,150mm Cube,C Strenth Reading 1000000.xlsx,Comp 6,556,False,4.51085950651685,9.486832980505138,0,0.0,0,0.0,8100.0,729000.0
CS_BC_90d_054,EXP_CS_BC_90d,54,Bacterial Concrete,Inoculated,Bacillus subtilis,1000000,OPC 53 (UltraTech),90,Compressive Strength,38.52,150mm Cube,C Strenth Reading 1000000.xlsx,Comp 6,556,False,4.51085950651685,9.486832980505138,1,13.815511557963774,90,4.51085950651685,8100.0,729000.0
CS_NC_90d_055,EXP_CS_NC_90d,55,Normal Concrete,Control,,0,OPC 53 (UltraTech),90,Compressive Strength,33.51,150mm Cube,C Strenth Reading 1000000.xlsx,Comp 6,557,False,4.51085950651685,9.486832980505138,0,0.0,0,0.0,8100.0,729000.0
CS_BC_90d_055,EXP_CS_BC_90d,55,Bacterial Concrete,Inoculated,Bacillus subtilis,1000000,OPC 53 (UltraTech),90,Compressive Strength,42.96,150mm Cube,C Strenth Reading 1000000.xlsx,Comp 6,557,False,4.51085950651685,9.486832980505138,1,13.815511557963774,90,4.51085950651685,8100.0,729000.0
CS_NC_90d_056,EXP_CS_NC_90d,56,Normal Concrete,Control,,0,OPC 53 (UltraTech),90,Compressive Strength,32.38,150mm Cube,C Strenth Reading 1000000.xlsx,Comp 6,558,False,4.51085950651685,9.486832980505138,0,0.0,0,0.0,8100.0,729000.0
CS_BC_90d_056,EXP_CS_BC_90d,56,Bacterial Concrete,Inoculated,Bacillus subtilis,1000000,OPC 53 (UltraTech),90,Compressive Strength,42.01,150mm Cube,C Strenth Reading 1000000.xlsx,Comp 6,558,False,4.51085950651685,9.486832980505138,1,13.815511557963774,90,4.51085950651685,8100.0,729000.0
CS_NC_90d_057,EXP_CS_NC_90d,57,Normal Concrete,Control,,0,OPC 53 (UltraTech),90,Compressive Strength,32.27,150mm Cube,C Strenth Reading 1000000.xlsx,Comp 6,559,False,4.51085950651685,9.486832980505138,0,0.0,0,0.0,8100.0,729000.0
CS_BC_90d_057,EXP_CS_BC_90d,57,Bacterial Concrete,Inoculated,Bacillus subtilis,1000000,OPC 53 (UltraTech),90,Compressive Strength,39.47,150mm Cube,C Strenth Reading 1000000.xlsx,Comp 6,559,False,4.51085950651685,9.486832980505138,1,13.815511557963774,90,4.51085950651685,8100.0,729000.0
CS_NC_90d_058,EXP_CS_NC_90d,58,Normal Concrete,Control,,0,OPC 53 (UltraTech),90,Compressive Strength,32.35,150mm Cube,C Strenth Reading 1000000.xlsx,Comp 6,560,False,4.51085950651685,9.486832980505138,0,0.0,0,0.0,8100.0,729000.0
CS_BC_90d_058,EXP_CS_BC_90d,58,Bacterial Concrete,Inoculated,Bacillus subtilis,1000000,OPC 53 (UltraTech),90,Compressive Strength,43.88,150mm Cube,C Strenth Reading 1000000.xlsx,Comp 6,560,False,4.51085950651685,9.486832980505138,1,13.815511557963774,90,4.51085950651685,8100.0,729000.0
CS_NC_90d_059,EXP_CS_NC_90d,59,Normal Concrete,Control,,0,OPC 53 (UltraTech),90,Compressive Strength,33.59,150mm Cube,C Strenth Reading 1000000.xlsx,Comp 6,561,False,4.51085950651685,9.486832980505138,0,0.0,0,0.0,8100.0,729000.0
CS_BC_90d_059,EXP_CS_BC_90d,59,Bacterial Concrete,Inoculated,Bacillus subtilis,1000000,OPC 53 (UltraTech),90,Compressive Strength,41.97,150mm Cube,C Strenth Reading 1000000.xlsx,Comp 6,561,False,4.51085950651685,9.486832980505138,1,13.815511557963774,90,4.51085950651685,8100.0,729000.0
CS_NC_90d_060,EXP_CS_NC_90d,60,Normal Concrete,Control,,0,OPC 53 (UltraTech),90,Compressive Strength,32.37,150mm Cube,C Strenth Reading 1000000.xlsx,Comp 6,562,False,4.51085950651685,9.486832980505138,0,0.0,0,0.0,8100.0,729000.0
CS_BC_90d_060,EXP_CS_BC_90d,60,Bacterial Concrete,Inoculated,Bacillus subtilis,1000000,OPC 53 (UltraTech),90,Compressive Strength,40.01,150mm Cube,C Strenth Reading 1000000.xlsx,Comp 6,562,False,4.51085950651685,9.486832980505138,1,13.815511557963774,90,4.51085950651685,8100.0,729000.0
CS_NC_90d_061,EXP_CS_NC_90d,61,Normal Concrete,Control,,0,OPC 53 (UltraTech),90,Compressive Strength,33.43,150mm Cube,C Strenth Reading 1000000.xlsx,Comp 6,563,False,4.51085950651685,9.486832980505138,0,0.0,0,0.0,8100.0,729000.0
CS_BC_90d_061,EXP_CS_BC_90d,61,Bacterial Concrete,Inoculated,Bacillus subtilis,1000000,OPC 53 (UltraTech),90,Compressive Strength,36.75,150mm Cube,C Strenth Reading 1000000.xlsx,Comp 6,563,False,4.51085950651685,9.486832980505138,1,13.815511557963774,90,4.51085950651685,8100.0,729000.0
CS_NC_90d_062,EXP_CS_NC_90d,62,Normal Concrete,Control,,0,OPC 53 (UltraTech),90,Compressive Strength,36.11,150mm Cube,C Strenth Reading 1000000.xlsx,Comp 6,564,False,4.51085950651685,9.486832980505138,0,0.0,0,0.0,8100.0,729000.0
CS_BC_90d_062,EXP_CS_BC_90d,62,Bacterial Concrete,Inoculated,Bacillus subtilis,1000000,OPC 53 (UltraTech),90,Compressive Strength,43.94,150mm Cube,C Strenth Reading 1000000.xlsx,Comp 6,564,False,4.51085950651685,9.486832980505138,1,13.815511557963774,90,4.51085950651685,8100.0,729000.0
CS_NC_90d_063,EXP_CS_NC_90d,63,Normal Concrete,Control,,0,OPC 53 (UltraTech),90,Compressive Strength,34.31,150mm Cube,C Strenth Reading 1000000.xlsx,Comp 6,565,False,4.51085950651685,9.486832980505138,0,0.0,0,0.0,8100.0,729000.0
CS_BC_90d_063,EXP_CS_BC_90d,63,Bacterial Concrete,Inoculated,Bacillus subtilis,1000000,OPC 53 (UltraTech),90,Compressive Strength,38.42,150mm Cube,C Strenth Reading 1000000.xlsx,Comp 6,565,False,4.51085950651685,9.486832980505138,1,13.815511557963774,90,4.51085950651685,8100.0,729000.0
CS_NC_90d_064,EXP_CS_NC_90d,64,Normal Concrete,Control,,0,OPC 53 (UltraTech),90,Compressive Strength,32.51,150mm Cube,C Strenth Reading 1000000.xlsx,Comp 6,566,False,4.51085950651685,9.486832980505138,0,0.0,0,0.0,8100.0,729000.0
CS_BC_90d_064,EXP_CS_BC_90d,64,Bacterial Concrete,Inoculated,Bacillus subtilis,1000000,OPC 53 (UltraTech),90,Compressive Strength,38.03,150mm Cube,C Strenth Reading 1000000.xlsx,Comp 6,566,False,4.51085950651685,9.486832980505138,1,13.815511557963774,90,4.51085950651685,8100.0,729000.0
CS_NC_90d_065,EXP_CS_NC_90d,65,Normal Concrete,Control,,0,OPC 53 (UltraTech),90,Compressive Strength,34.8,150mm Cube,C Strenth Reading 1000000.xlsx,Comp 6,567,False,4.51085950651685,9.486832980505138,0,0.0,0,0.0,8100.0,729000.0
CS_BC_90d_065,EXP_CS_BC_90d,65,Bacterial Concrete,Inoculated,Bacillus subtilis,1000000,OPC 53 (UltraTech),90,Compressive Strength,42.03,150mm Cube,C Strenth Reading 1000000.xlsx,Comp 6,567,False,4.51085950651685,9.486832980505138,1,13.815511557963774,90,4.51085950651685,8100.0,729000.0
CS_NC_90d_066,EXP_CS_NC_90d,66,Normal Concrete,Control,,0,OPC 53 (UltraTech),90,Compressive Strength,32.39,150mm Cube,C Strenth Reading 1000000.xlsx,Comp 6,568,False,4.51085950651685,9.486832980505138,0,0.0,0,0.0,8100.0,729000.0
CS_BC_90d_066,EXP_CS_BC_90d,66,Bacterial Concrete,Inoculated,Bacillus subtilis,1000000,OPC 53 (UltraTech),90,Compressive Strength,44.16,150mm Cube,C Strenth Reading 1000000.xlsx,Comp 6,568,False,4.51085950651685,9.486832980505138,1,13.815511557963774,90,4.51085950651685,8100.0,729000.0
CS_NC_90d_067,EXP_CS_NC_90d,67,Normal Concrete,Control,,0,OPC 53 (UltraTech),90,Compressive Strength,29.94,150mm Cube,C Strenth Reading 1000000.xlsx,Comp 6,569,False,4.51085950651685,9.486832980505138,0,0.0,0,0.0,8100.0,729000.0
CS_BC_90d_067,EXP_CS_BC_90d,67,Bacterial Concrete,Inoculated,Bacillus subtilis,1000000,OPC 53 (UltraTech),90,Compressive Strength,42.58,150mm Cube,C Strenth Reading 1000000.xlsx,Comp 6,569,False,4.51085950651685,9.486832980505138,1,13.815511557963774,90,4.51085950651685,8100.0,729000.0
CS_NC_90d_068,EXP_CS_NC_90d,68,Normal Concrete,Control,,0,OPC 53 (UltraTech),90,Compressive Strength,31.49,150mm Cube,C Strenth Reading 1000000.xlsx,Comp 6,570,False,4.51085950651685,9.486832980505138,0,0.0,0,0.0,8100.0,729000.0
CS_BC_90d_068,EXP_CS_BC_90d,68,Bacterial Concrete,Inoculated,Bacillus subtilis,1000000,OPC 53 (UltraTech),90,Compressive Strength,41.35,150mm Cube,C Strenth Reading 1000000.xlsx,Comp 6,570,False,4.51085950651685,9.486832980505138,1,13.815511557963774,90,4.51085950651685,8100.0,729000.0
CS_NC_90d_069,EXP_CS_NC_90d,69,Normal Concrete,Control,,0,OPC 53 (UltraTech),90,Compressive Strength,30.19,150mm Cube,C Strenth Reading 1000000.xlsx,Comp 6,571,False,4.51085950651685,9.486832980505138,0,0.0,0,0.0,8100.0,729000.0
CS_BC_90d_069,EXP_CS_BC_90d,69,Bacterial Concrete,Inoculated,Bacillus subtilis,1000000,OPC 53 (UltraTech),90,Compressive Strength,41.39,150mm Cube,C Strenth Reading 1000000.xlsx,Comp 6,571,False,4.51085950651685,9.486832980505138,1,13.815511557963774,90,4.51085950651685,8100.0,729000.0
CS_NC_90d_070,EXP_CS_NC_90d,70,Normal Concrete,Control,,0,OPC 53 (UltraTech),90,Compressive Strength,32.47,150mm Cube,C Strenth Reading 1000000.xlsx,Comp 6,572,False,4.51085950651685,9.486832980505138,0,0.0,0,0.0,8100.0,729000.0
CS_BC_90d_070,EXP_CS_BC_90d,70,Bacterial Concrete,Inoculated,Bacillus subtilis,1000000,OPC 53 (UltraTech),90,Compressive Strength,41.78,150mm Cube,C Strenth Reading 1000000.xlsx,Comp 6,572,False,4.51085950651685,9.486832980505138,1,13.815511557963774,90,4.51085950651685,8100.0,729000.0
CS_NC_90d_071,EXP_CS_NC_90d,71,Normal Concrete,Control,,0,OPC 53 (UltraTech),90,Compressive Strength,33.03,150mm Cube,C Strenth Reading 1000000.xlsx,Comp 6,573,False,4.51085950651685,9.486832980505138,0,0.0,0,0.0,8100.0,729000.0
CS_BC_90d_071,EXP_CS_BC_90d,71,Bacterial Concrete,Inoculated,Bacillus subtilis,1000000,OPC 53 (UltraTech),90,Compressive Strength,41.64,150mm Cube,C Strenth Reading 1000000.xlsx,Comp 6,573,False,4.51085950651685,9.486832980505138,1,13.815511557963774,90,4.51085950651685,8100.0,729000.0
CS_NC_90d_072,EXP_CS_NC_90d,72,Normal Concrete,Control,,0,OPC 53 (UltraTech),90,Compressive Strength,35.51,150mm Cube,C Strenth Reading 1000000.xlsx,Comp 6,574,False,4.51085950651685,9.486832980505138,0,0.0,0,0.0,8100.0,729000.0
CS_BC_90d_072,EXP_CS_BC_90d,72,Bacterial Concrete,Inoculated,Bacillus subtilis,1000000,OPC 53 (UltraTech),90,Compressive Strength,40.92,150mm Cube,C Strenth Reading 1000000.xlsx,Comp 6,574,False,4.51085950651685,9.486832980505138,1,13.815511557963774,90,4.51085950651685,8100.0,729000.0
CS_NC_90d_073,EXP_CS_NC_90d,73,Normal Concrete,Control,,0,OPC 53 (UltraTech),90,Compressive Strength,33.49,150mm Cube,C Strenth Reading 1000000.xlsx,Comp 6,575,False,4.51085950651685,9.486832980505138,0,0.0,0,0.0,8100.0,729000.0
CS_BC_90d_073,EXP_CS_BC_90d,73,Bacterial Concrete,Inoculated,Bacillus subtilis,1000000,OPC 53 (UltraTech),90,Compressive Strength,40.66,150mm Cube,C Strenth Reading 1000000.xlsx,Comp 6,575,False,4.51085950651685,9.486832980505138,1,13.815511557963774,90,4.51085950651685,8100.0,729000.0
CS_NC_90d_074,EXP_CS_NC_90d,74,Normal Concrete,Control,,0,OPC 53 (UltraTech),90,Compressive Strength,32.67,150mm Cube,C Strenth Reading 1000000.xlsx,Comp 6,576,False,4.51085950651685,9.486832980505138,0,0.0,0,0.0,8100.0,729000.0
CS_BC_90d_074,EXP_CS_BC_90d,74,Bacterial Concrete,Inoculated,Bacillus subtilis,1000000,OPC 53 (UltraTech),90,Compressive Strength,40.41,150mm Cube,C Strenth Reading 1000000.xlsx,Comp 6,576,False,4.51085950651685,9.486832980505138,1,13.815511557963774,90,4.51085950651685,8100.0,729000.0
CS_NC_90d_075,EXP_CS_NC_90d,75,Normal Concrete,Control,,0,OPC 53 (UltraTech),90,Compressive Strength,34.24,150mm Cube,C Strenth Reading 1000000.xlsx,Comp 6,577,False,4.51085950651685,9.486832980505138,0,0.0,0,0.0,8100.0,729000.0
CS_BC_90d_075,EXP_CS_BC_90d,75,Bacterial Concrete,Inoculated,Bacillus subtilis,1000000,OPC 53 (UltraTech),90,Compressive Strength,39.37,150mm Cube,C Strenth Reading 1000000.xlsx,Comp 6,577,False,4.51085950651685,9.486832980505138,1,13.815511557963774,90,4.51085950651685,8100.0,729000.0
CS_NC_90d_076,EXP_CS_NC_90d,76,Normal Concrete,Control,,0,OPC 53 (UltraTech),90,Compressive Strength,29.68,150mm Cube,C Strenth Reading 1000000.xlsx,Comp 6,578,False,4.51085950651685,9.486832980505138,0,0.0,0,0.0,8100.0,729000.0
CS_BC_90d_076,EXP_CS_BC_90d,76,Bacterial Concrete,Inoculated,Bacillus subtilis,1000000,OPC 53 (UltraTech),90,Compressive Strength,40.08,150mm Cube,C Strenth Reading 1000000.xlsx,Comp 6,578,False,4.51085950651685,9.486832980505138,1,13.815511557963774,90,4.51085950651685,8100.0,729000.0
CS_NC_90d_077,EXP_CS_NC_90d,77,Normal Concrete,Control,,0,OPC 53 (UltraTech),90,Compressive Strength,33.35,150mm Cube,C Strenth Reading 1000000.xlsx,Comp 6,579,False,4.51085950651685,9.486832980505138,0,0.0,0,0.0,8100.0,729000.0
CS_BC_90d_077,EXP_CS_BC_90d,77,Bacterial Concrete,Inoculated,Bacillus subtilis,1000000,OPC 53 (UltraTech),90,Compressive Strength,37.96,150mm Cube,C Strenth Reading 1000000.xlsx,Comp 6,579,False,4.51085950651685,9.486832980505138,1,13.815511557963774,90,4.51085950651685,8100.0,729000.0
CS_NC_90d_078,EXP_CS_NC_90d,78,Normal Concrete,Control,,0,OPC 53 (UltraTech),90,Compressive Strength,34.16,150mm Cube,C Strenth Reading 1000000.xlsx,Comp 6,580,False,4.51085950651685,9.486832980505138,0,0.0,0,0.0,8100.0,729000.0
CS_BC_90d_078,EXP_CS_BC_90d,78,Bacterial Concrete,Inoculated,Bacillus subtilis,1000000,OPC 53 (UltraTech),90,Compressive Strength,40.35,150mm Cube,C Strenth Reading 1000000.xlsx,Comp 6,580,False,4.51085950651685,9.486832980505138,1,13.815511557963774,90,4.51085950651685,8100.0,729000.0
CS_NC_90d_079,EXP_CS_NC_90d,79,Normal Concrete,Control,,0,OPC 53 (UltraTech),90,Compressive Strength,30.78,150mm Cube,C Strenth Reading 1000000.xlsx,Comp 6,581,False,4.51085950651685,9.486832980505138,0,0.0,0,0.0,8100.0,729000.0
CS_BC_90d_079,EXP_CS_BC_90d,79,Bacterial Concrete,Inoculated,Bacillus subtilis,1000000,OPC 53 (UltraTech),90,Compressive Strength,39.02,150mm Cube,C Strenth Reading 1000000.xlsx,Comp 6,581,False,4.51085950651685,9.486832980505138,1,13.815511557963774,90,4.51085950651685,8100.0,729000.0
CS_NC_90d_080,EXP_CS_NC_90d,80,Normal Concrete,Control,,0,OPC 53 (UltraTech),90,Compressive Strength,34.72,150mm Cube,C Strenth Reading 1000000.xlsx,Comp 6,582,False,4.51085950651685,9.486832980505138,0,0.0,0,0.0,8100.0,729000.0
CS_BC_90d_080,EXP_CS_BC_90d,80,Bacterial Concrete,Inoculated,Bacillus subtilis,1000000,OPC 53 (UltraTech),90,Compressive Strength,38.84,150mm Cube,C Strenth Reading 1000000.xlsx,Comp 6,582,False,4.51085950651685,9.486832980505138,1,13.815511557963774,90,4.51085950651685,8100.0,729000.0
CS_NC_90d_081,EXP_CS_NC_90d,81,Normal Concrete,Control,,0,OPC 53 (UltraTech),90,Compressive Strength,33.51,150mm Cube,C Strenth Reading 1000000.xlsx,Comp 6,583,False,4.51085950651685,9.486832980505138,0,0.0,0,0.0,8100.0,729000.0
CS_BC_90d_081,EXP_CS_BC_90d,81,Bacterial Concrete,Inoculated,Bacillus subtilis,1000000,OPC 53 (UltraTech),90,Compressive Strength,40.77,150mm Cube,C Strenth Reading 1000000.xlsx,Comp 6,583,False,4.51085950651685,9.486832980505138,1,13.815511557963774,90,4.51085950651685,8100.0,729000.0
CS_NC_90d_082,EXP_CS_NC_90d,82,Normal Concrete,Control,,0,OPC 53 (UltraTech),90,Compressive Strength,32.38,150mm Cube,C Strenth Reading 1000000.xlsx,Comp 6,584,False,4.51085950651685,9.486832980505138,0,0.0,0,0.0,8100.0,729000.0
CS_BC_90d_082,EXP_CS_BC_90d,82,Bacterial Concrete,Inoculated,Bacillus subtilis,1000000,OPC 53 (UltraTech),90,Compressive Strength,42.59,150mm Cube,C Strenth Reading 1000000.xlsx,Comp 6,584,False,4.51085950651685,9.486832980505138,1,13.815511557963774,90,4.51085950651685,8100.0,729000.0
CS_NC_90d_083,EXP_CS_NC_90d,83,Normal Concrete,Control,,0,OPC 53 (UltraTech),90,Compressive Strength,33.95,150mm Cube,C Strenth Reading 1000000.xlsx,Comp 6,585,False,4.51085950651685,9.486832980505138,0,0.0,0,0.0,8100.0,729000.0
CS_BC_90d_083,EXP_CS_BC_90d,83,Bacterial Concrete,Inoculated,Bacillus subtilis,1000000,OPC 53 (UltraTech),90,Compressive Strength,41.88,150mm Cube,C Strenth Reading 1000000.xlsx,Comp 6,585,False,4.51085950651685,9.486832980505138,1,13.815511557963774,90,4.51085950651685,8100.0,729000.0
CS_NC_90d_084,EXP_CS_NC_90d,84,Normal Concrete,Control,,0,OPC 53 (UltraTech),90,Compressive Strength,36.41,150mm Cube,C Strenth Reading 1000000.xlsx,Comp 6,586,False,4.51085950651685,9.486832980505138,0,0.0,0,0.0,8100.0,729000.0
CS_BC_90d_084,EXP_CS_BC_90d,84,Bacterial Concrete,Inoculated,Bacillus subtilis,1000000,OPC 53 (UltraTech),90,Compressive Strength,38.14,150mm Cube,C Strenth Reading 1000000.xlsx,Comp 6,586,False,4.51085950651685,9.486832980505138,1,13.815511557963774,90,4.51085950651685,8100.0,729000.0
CS_NC_90d_085,EXP_CS_NC_90d,85,Normal Concrete,Control,,0,OPC 53 (UltraTech),90,Compressive Strength,33.27,150mm Cube,C Strenth Reading 1000000.xlsx,Comp 6,587,False,4.51085950651685,9.486832980505138,0,0.0,0,0.0,8100.0,729000.0
CS_BC_90d_085,EXP_CS_BC_90d,85,Bacterial Concrete,Inoculated,Bacillus subtilis,1000000,OPC 53 (UltraTech),90,Compressive Strength,39.02,150mm Cube,C Strenth Reading 1000000.xlsx,Comp 6,587,False,4.51085950651685,9.486832980505138,1,13.815511557963774,90,4.51085950651685,8100.0,729000.0
CS_NC_90d_086,EXP_CS_NC_90d,86,Normal Concrete,Control,,0,OPC 53 (UltraTech),90,Compressive Strength,33.37,150mm Cube,C Strenth Reading 1000000.xlsx,Comp 6,588,False,4.51085950651685,9.486832980505138,0,0.0,0,0.0,8100.0,729000.0
CS_BC_90d_086,EXP_CS_BC_90d,86,Bacterial Concrete,Inoculated,Bacillus subtilis,1000000,OPC 53 (UltraTech),90,Compressive Strength,41.91,150mm Cube,C Strenth Reading 1000000.xlsx,Comp 6,588,False,4.51085950651685,9.486832980505138,1,13.815511557963774,90,4.51085950651685,8100.0,729000.0
CS_NC_90d_087,EXP_CS_NC_90d,87,Normal Concrete,Control,,0,OPC 53 (UltraTech),90,Compressive Strength,32.31,150mm Cube,C Strenth Reading 1000000.xlsx,Comp 6,589,False,4.51085950651685,9.486832980505138,0,0.0,0,0.0,8100.0,729000.0
CS_BC_90d_087,EXP_CS_BC_90d,87,Bacterial Concrete,Inoculated,Bacillus subtilis,1000000,OPC 53 (UltraTech),90,Compressive Strength,39.03,150mm Cube,C Strenth Reading 1000000.xlsx,Comp 6,589,False,4.51085950651685,9.486832980505138,1,13.815511557963774,90,4.51085950651685,8100.0,729000.0
CS_NC_90d_088,EXP_CS_NC_90d,88,Normal Concrete,Control,,0,OPC 53 (UltraTech),90,Compressive Strength,31.73,150mm Cube,C Strenth Reading 1000000.xlsx,Comp 6,590,False,4.51085950651685,9.486832980505138,0,0.0,0,0.0,8100.0,729000.0
CS_BC_90d_088,EXP_CS_BC_90d,88,Bacterial Concrete,Inoculated,Bacillus subtilis,1000000,OPC 53 (UltraTech),90,Compressive Strength,40.16,150mm Cube,C Strenth Reading 1000000.xlsx,Comp 6,590,False,4.51085950651685,9.486832980505138,1,13.815511557963774,90,4.51085950651685,8100.0,729000.0
CS_NC_90d_089,EXP_CS_NC_90d,89,Normal Concrete,Control,,0,OPC 53 (UltraTech),90,Compressive Strength,34.25,150mm Cube,C Strenth Reading 1000000.xlsx,Comp 6,591,False,4.51085950651685,9.486832980505138,0,0.0,0,0.0,8100.0,729000.0
CS_BC_90d_089,EXP_CS_BC_90d,89,Bacterial Concrete,Inoculated,Bacillus subtilis,1000000,OPC 53 (UltraTech),90,Compressive Strength,41.33,150mm Cube,C Strenth Reading 1000000.xlsx,Comp 6,591,False,4.51085950651685,9.486832980505138,1,13.815511557963774,90,4.51085950651685,8100.0,729000.0
CS_NC_90d_090,EXP_CS_NC_90d,90,Normal Concrete,Control,,0,OPC 53 (UltraTech),90,Compressive Strength,31.72,150mm Cube,C Strenth Reading 1000000.xlsx,Comp 6,592,False,4.51085950651685,9.486832980505138,0,0.0,0,0.0,8100.0,729000.0
CS_BC_90d_090,EXP_CS_BC_90d,90,Bacterial Concrete,Inoculated,Bacillus subtilis,1000000,OPC 53 (UltraTech),90,Compressive Strength,39.05,150mm Cube,C Strenth Reading 1000000.xlsx,Comp 6,592,False,4.51085950651685,9.486832980505138,1,13.815511557963774,90,4.51085950651685,8100.0,729000.0
CS_NC_90d_091,EXP_CS_NC_90d,91,Normal Concrete,Control,,0,OPC 53 (UltraTech),90,Compressive Strength,33.11,150mm Cube,C Strenth Reading 1000000.xlsx,Comp 6,593,False,4.51085950651685,9.486832980505138,0,0.0,0,0.0,8100.0,729000.0
CS_BC_90d_091,EXP_CS_BC_90d,91,Bacterial Concrete,Inoculated,Bacillus subtilis,1000000,OPC 53 (UltraTech),90,Compressive Strength,40.66,150mm Cube,C Strenth Reading 1000000.xlsx,Comp 6,593,False,4.51085950651685,9.486832980505138,1,13.815511557963774,90,4.51085950651685,8100.0,729000.0
CS_NC_90d_092,EXP_CS_NC_90d,92,Normal Concrete,Control,,0,OPC 53 (UltraTech),90,Compressive Strength,32.28,150mm Cube,C Strenth Reading 1000000.xlsx,Comp 6,594,False,4.51085950651685,9.486832980505138,0,0.0,0,0.0,8100.0,729000.0
CS_BC_90d_092,EXP_CS_BC_90d,92,Bacterial Concrete,Inoculated,Bacillus subtilis,1000000,OPC 53 (UltraTech),90,Compressive Strength,38.5,150mm Cube,C Strenth Reading 1000000.xlsx,Comp 6,594,False,4.51085950651685,9.486832980505138,1,13.815511557963774,90,4.51085950651685,8100.0,729000.0
CS_NC_90d_093,EXP_CS_NC_90d,93,Normal Concrete,Control,,0,OPC 53 (UltraTech),90,Compressive Strength,33.72,150mm Cube,C Strenth Reading 1000000.xlsx,Comp 6,595,False,4.51085950651685,9.486832980505138,0,0.0,0,0.0,8100.0,729000.0
CS_BC_90d_093,EXP_CS_BC_90d,93,Bacterial Concrete,Inoculated,Bacillus subtilis,1000000,OPC 53 (UltraTech),90,Compressive Strength,39.6,150mm Cube,C Strenth Reading 1000000.xlsx,Comp 6,595,False,4.51085950651685,9.486832980505138,1,13.815511557963774,90,4.51085950651685,8100.0,729000.0
CS_NC_90d_094,EXP_CS_NC_90d,94,Normal Concrete,Control,,0,OPC 53 (UltraTech),90,Compressive Strength,33.5,150mm Cube,C Strenth Reading 1000000.xlsx,Comp 6,596,False,4.51085950651685,9.486832980505138,0,0.0,0,0.0,8100.0,729000.0
CS_BC_90d_094,EXP_CS_BC_90d,94,Bacterial Concrete,Inoculated,Bacillus subtilis,1000000,OPC 53 (UltraTech),90,Compressive Strength,40.98,150mm Cube,C Strenth Reading 1000000.xlsx,Comp 6,596,False,4.51085950651685,9.486832980505138,1,13.815511557963774,90,4.51085950651685,8100.0,729000.0
CS_NC_90d_095,EXP_CS_NC_90d,95,Normal Concrete,Control,,0,OPC 53 (UltraTech),90,Compressive Strength,34.56,150mm Cube,C Strenth Reading 1000000.xlsx,Comp 6,597,False,4.51085950651685,9.486832980505138,0,0.0,0,0.0,8100.0,729000.0
CS_BC_90d_095,EXP_CS_BC_90d,95,Bacterial Concrete,Inoculated,Bacillus subtilis,1000000,OPC 53 (UltraTech),90,Compressive Strength,38.11,150mm Cube,C Strenth Reading 1000000.xlsx,Comp 6,597,False,4.51085950651685,9.486832980505138,1,13.815511557963774,90,4.51085950651685,8100.0,729000.0
CS_NC_90d_096,EXP_CS_NC_90d,96,Normal Concrete,Control,,0,OPC 53 (UltraTech),90,Compressive Strength,32.23,150mm Cube,C Strenth Reading 1000000.xlsx,Comp 6,598,False,4.51085950651685,9.486832980505138,0,0.0,0,0.0,8100.0,729000.0
CS_BC_90d_096,EXP_CS_BC_90d,96,Bacterial Concrete,Inoculated,Bacillus subtilis,1000000,OPC 53 (UltraTech),90,Compressive Strength,41.16,150mm Cube,C Strenth Reading 1000000.xlsx,Comp 6,598,False,4.51085950651685,9.486832980505138,1,13.815511557963774,90,4.51085950651685,8100.0,729000.0
CS_NC_90d_097,EXP_CS_NC_90d,97,Normal Concrete,Control,,0,OPC 53 (UltraTech),90,Compressive Strength,32.6,150mm Cube,C Strenth Reading 1000000.xlsx,Comp 6,599,False,4.51085950651685,9.486832980505138,0,0.0,0,0.0,8100.0,729000.0
CS_BC_90d_097,EXP_CS_BC_90d,97,Bacterial Concrete,Inoculated,Bacillus subtilis,1000000,OPC 53 (UltraTech),90,Compressive Strength,40.47,150mm Cube,C Strenth Reading 1000000.xlsx,Comp 6,599,False,4.51085950651685,9.486832980505138,1,13.815511557963774,90,4.51085950651685,8100.0,729000.0
CS_NC_90d_098,EXP_CS_NC_90d,98,Normal Concrete,Control,,0,OPC 53 (UltraTech),90,Compressive Strength,31.53,150mm Cube,C Strenth Reading 1000000.xlsx,Comp 6,600,False,4.51085950651685,9.486832980505138,0,0.0,0,0.0,8100.0,729000.0
CS_BC_90d_098,EXP_CS_BC_90d,98,Bacterial Concrete,Inoculated,Bacillus subtilis,1000000,OPC 53 (UltraTech),90,Compressive Strength,41.33,150mm Cube,C Strenth Reading 1000000.xlsx,Comp 6,600,False,4.51085950651685,9.486832980505138,1,13.815511557963774,90,4.51085950651685,8100.0,729000.0
CS_NC_90d_099,EXP_CS_NC_90d,99,Normal Concrete,Control,,0,OPC 53 (UltraTech),90,Compressive Strength,32.33,150mm Cube,C Strenth Reading 1000000.xlsx,Comp 6,601,False,4.51085950651685,9.486832980505138,0,0.0,0,0.0,8100.0,729000.0
CS_BC_90d_099,EXP_CS_BC_90d,99,Bacterial Concrete,Inoculated,Bacillus subtilis,1000000,OPC 53 (UltraTech),90,Compressive Strength,40.84,150mm Cube,C Strenth Reading 1000000.xlsx,Comp 6,601,False,4.51085950651685,9.486832980505138,1,13.815511557963774,90,4.51085950651685,8100.0,729000.0
CS_NC_90d_100,EXP_CS_NC_90d,100,Normal Concrete,Control,,0,OPC 53 (UltraTech),90,Compressive Strength,33.57,150mm Cube,C Strenth Reading 1000000.xlsx,Comp 6,602,False,4.51085950651685,9.486832980505138,0,0.0,0,0.0,8100.0,729000.0
CS_BC_90d_100,EXP_CS_BC_90d,100,Bacterial Concrete,Inoculated,Bacillus subtilis,1000000,OPC 53 (UltraTech),90,Compressive Strength,42.55,150mm Cube,C Strenth Reading 1000000.xlsx,Comp 6,602,False,4.51085950651685,9.486832980505138,1,13.815511557963774,90,4.51085950651685,8100.0,729000.0
FS_NC_07d_001,EXP_FS_NC_07d,1,Normal Concrete,Control,,0,OPC 53 (UltraTech),7,Flexural Strength,3.043,100x100x500mm Prism,F Strength Reading 1000000.xlsx,Sheet1,2,False,2.0794415416798357,2.6457513110645907,0,0.0,0,0.0,49.0,343.0
FS_NC_07d_002,EXP_FS_NC_07d,2,Normal Concrete,Control,,0,OPC 53 (UltraTech),7,Flexural Strength,3.409,100x100x500mm Prism,F Strength Reading 1000000.xlsx,Sheet1,3,False,2.0794415416798357,2.6457513110645907,0,0.0,0,0.0,49.0,343.0
FS_NC_07d_003,EXP_FS_NC_07d,3,Normal Concrete,Control,,0,OPC 53 (UltraTech),7,Flexural Strength,3.009,100x100x500mm Prism,F Strength Reading 1000000.xlsx,Sheet1,4,False,2.0794415416798357,2.6457513110645907,0,0.0,0,0.0,49.0,343.0
FS_NC_07d_004,EXP_FS_NC_07d,4,Normal Concrete,Control,,0,OPC 53 (UltraTech),7,Flexural Strength,2.779,100x100x500mm Prism,F Strength Reading 1000000.xlsx,Sheet1,5,False,2.0794415416798357,2.6457513110645907,0,0.0,0,0.0,49.0,343.0
FS_NC_07d_005,EXP_FS_NC_07d,5,Normal Concrete,Control,,0,OPC 53 (UltraTech),7,Flexural Strength,2.714,100x100x500mm Prism,F Strength Reading 1000000.xlsx,Sheet1,6,False,2.0794415416798357,2.6457513110645907,0,0.0,0,0.0,49.0,343.0
FS_NC_07d_006,EXP_FS_NC_07d,6,Normal Concrete,Control,,0,OPC 53 (UltraTech),7,Flexural Strength,2.845,100x100x500mm Prism,F Strength Reading 1000000.xlsx,Sheet1,7,False,2.0794415416798357,2.6457513110645907,0,0.0,0,0.0,49.0,343.0
FS_NC_07d_007,EXP_FS_NC_07d,7,Normal Concrete,Control,,0,OPC 53 (UltraTech),7,Flexural Strength,2.663,100x100x500mm Prism,F Strength Reading 1000000.xlsx,Sheet1,8,False,2.0794415416798357,2.6457513110645907,0,0.0,0,0.0,49.0,343.0
FS_NC_07d_008,EXP_FS_NC_07d,8,Normal Concrete,Control,,0,OPC 53 (UltraTech),7,Flexural Strength,2.795,100x100x500mm Prism,F Strength Reading 1000000.xlsx,Sheet1,9,False,2.0794415416798357,2.6457513110645907,0,0.0,0,0.0,49.0,343.0
FS_NC_07d_009,EXP_FS_NC_07d,9,Normal Concrete,Control,,0,OPC 53 (UltraTech),7,Flexural Strength,2.966,100x100x500mm Prism,F Strength Reading 1000000.xlsx,Sheet1,10,False,2.0794415416798357,2.6457513110645907,0,0.0,0,0.0,49.0,343.0
FS_NC_07d_010,EXP_FS_NC_07d,10,Normal Concrete,Control,,0,OPC 53 (UltraTech),7,Flexural Strength,3.4,100x100x500mm Prism,F Strength Reading 1000000.xlsx,Sheet1,11,False,2.0794415416798357,2.6457513110645907,0,0.0,0,0.0,49.0,343.0
FS_NC_07d_011,EXP_FS_NC_07d,11,Normal Concrete,Control,,0,OPC 53 (UltraTech),7,Flexural Strength,2.929,100x100x500mm Prism,F Strength Reading 1000000.xlsx,Sheet1,12,False,2.0794415416798357,2.6457513110645907,0,0.0,0,0.0,49.0,343.0
FS_NC_07d_012,EXP_FS_NC_07d,12,Normal Concrete,Control,,0,OPC 53 (UltraTech),7,Flexural Strength,2.873,100x100x500mm Prism,F Strength Reading 1000000.xlsx,Sheet1,13,False,2.0794415416798357,2.6457513110645907,0,0.0,0,0.0,49.0,343.0
FS_NC_07d_013,EXP_FS_NC_07d,13,Normal Concrete,Control,,0,OPC 53 (UltraTech),7,Flexural Strength,3.017,100x100x500mm Prism,F Strength Reading 1000000.xlsx,Sheet1,14,False,2.0794415416798357,2.6457513110645907,0,0.0,0,0.0,49.0,343.0
FS_NC_07d_014,EXP_FS_NC_07d,14,Normal Concrete,Control,,0,OPC 53 (UltraTech),7,Flexural Strength,3.363,100x100x500mm Prism,F Strength Reading 1000000.xlsx,Sheet1,15,False,2.0794415416798357,2.6457513110645907,0,0.0,0,0.0,49.0,343.0
FS_NC_07d_015,EXP_FS_NC_07d,15,Normal Concrete,Control,,0,OPC 53 (UltraTech),7,Flexural Strength,2.59,100x100x500mm Prism,F Strength Reading 1000000.xlsx,Sheet1,16,False,2.0794415416798357,2.6457513110645907,0,0.0,0,0.0,49.0,343.0
FS_NC_07d_016,EXP_FS_NC_07d,16,Normal Concrete,Control,,0,OPC 53 (UltraTech),7,Flexural Strength,2.922,100x100x500mm Prism,F Strength Reading 1000000.xlsx,Sheet1,17,False,2.0794415416798357,2.6457513110645907,0,0.0,0,0.0,49.0,343.0
FS_NC_07d_017,EXP_FS_NC_07d,17,Normal Concrete,Control,,0,OPC 53 (UltraTech),7,Flexural Strength,2.782,100x100x500mm Prism,F Strength Reading 1000000.xlsx,Sheet1,18,False,2.0794415416798357,2.6457513110645907,0,0.0,0,0.0,49.0,343.0
FS_NC_07d_018,EXP_FS_NC_07d,18,Normal Concrete,Control,,0,OPC 53 (UltraTech),7,Flexural Strength,2.886,100x100x500mm Prism,F Strength Reading 1000000.xlsx,Sheet1,19,False,2.0794415416798357,2.6457513110645907,0,0.0,0,0.0,49.0,343.0
FS_NC_07d_019,EXP_FS_NC_07d,19,Normal Concrete,Control,,0,OPC 53 (UltraTech),7,Flexural Strength,2.969,100x100x500mm Prism,F Strength Reading 1000000.xlsx,Sheet1,20,False,2.0794415416798357,2.6457513110645907,0,0.0,0,0.0,49.0,343.0
FS_NC_07d_020,EXP_FS_NC_07d,20,Normal Concrete,Control,,0,OPC 53 (UltraTech),7,Flexural Strength,2.887,100x100x500mm Prism,F Strength Reading 1000000.xlsx,Sheet1,21,False,2.0794415416798357,2.6457513110645907,0,0.0,0,0.0,49.0,343.0
FS_NC_07d_021,EXP_FS_NC_07d,21,Normal Concrete,Control,,0,OPC 53 (UltraTech),7,Flexural Strength,2.727,100x100x500mm Prism,F Strength Reading 1000000.xlsx,Sheet1,22,False,2.0794415416798357,2.6457513110645907,0,0.0,0,0.0,49.0,343.0
FS_NC_07d_022,EXP_FS_NC_07d,22,Normal Concrete,Control,,0,OPC 53 (UltraTech),7,Flexural Strength,2.659,100x100x500mm Prism,F Strength Reading 1000000.xlsx,Sheet1,23,False,2.0794415416798357,2.6457513110645907,0,0.0,0,0.0,49.0,343.0
FS_NC_07d_023,EXP_FS_NC_07d,23,Normal Concrete,Control,,0,OPC 53 (UltraTech),7,Flexural Strength,2.959,100x100x500mm Prism,F Strength Reading 1000000.xlsx,Sheet1,24,False,2.0794415416798357,2.6457513110645907,0,0.0,0,0.0,49.0,343.0
FS_NC_07d_024,EXP_FS_NC_07d,24,Normal Concrete,Control,,0,OPC 53 (UltraTech),7,Flexural Strength,3.161,100x100x500mm Prism,F Strength Reading 1000000.xlsx,Sheet1,25,False,2.0794415416798357,2.6457513110645907,0,0.0,0,0.0,49.0,343.0
FS_NC_07d_025,EXP_FS_NC_07d,25,Normal Concrete,Control,,0,OPC 53 (UltraTech),7,Flexural Strength,3.204,100x100x500mm Prism,F Strength Reading 1000000.xlsx,Sheet1,26,False,2.0794415416798357,2.6457513110645907,0,0.0,0,0.0,49.0,343.0
FS_NC_07d_026,EXP_FS_NC_07d,26,Normal Concrete,Control,,0,OPC 53 (UltraTech),7,Flexural Strength,2.995,100x100x500mm Prism,F Strength Reading 1000000.xlsx,Sheet1,27,False,2.0794415416798357,2.6457513110645907,0,0.0,0,0.0,49.0,343.0
FS_NC_07d_027,EXP_FS_NC_07d,27,Normal Concrete,Control,,0,OPC 53 (UltraTech),7,Flexural Strength,3.108,100x100x500mm Prism,F Strength Reading 1000000.xlsx,Sheet1,28,False,2.0794415416798357,2.6457513110645907,0,0.0,0,0.0,49.0,343.0
FS_NC_07d_028,EXP_FS_NC_07d,28,Normal Concrete,Control,,0,OPC 53 (UltraTech),7,Flexural Strength,3.094,100x100x500mm Prism,F Strength Reading 1000000.xlsx,Sheet1,29,False,2.0794415416798357,2.6457513110645907,0,0.0,0,0.0,49.0,343.0
FS_NC_07d_029,EXP_FS_NC_07d,29,Normal Concrete,Control,,0,OPC 53 (UltraTech),7,Flexural Strength,2.778,100x100x500mm Prism,F Strength Reading 1000000.xlsx,Sheet1,30,False,2.0794415416798357,2.6457513110645907,0,0.0,0,0.0,49.0,343.0
FS_NC_07d_030,EXP_FS_NC_07d,30,Normal Concrete,Control,,0,OPC 53 (UltraTech),7,Flexural Strength,3.103,100x100x500mm Prism,F Strength Reading 1000000.xlsx,Sheet1,31,False,2.0794415416798357,2.6457513110645907,0,0.0,0,0.0,49.0,343.0
FS_NC_07d_031,EXP_FS_NC_07d,31,Normal Concrete,Control,,0,OPC 53 (UltraTech),7,Flexural Strength,2.742,100x100x500mm Prism,F Strength Reading 1000000.xlsx,Sheet1,32,False,2.0794415416798357,2.6457513110645907,0,0.0,0,0.0,49.0,343.0
FS_NC_07d_032,EXP_FS_NC_07d,32,Normal Concrete,Control,,0,OPC 53 (UltraTech),7,Flexural Strength,2.915,100x100x500mm Prism,F Strength Reading 1000000.xlsx,Sheet1,33,False,2.0794415416798357,2.6457513110645907,0,0.0,0,0.0,49.0,343.0
FS_NC_07d_033,EXP_FS_NC_07d,33,Normal Concrete,Control,,0,OPC 53 (UltraTech),7,Flexural Strength,2.489,100x100x500mm Prism,F Strength Reading 1000000.xlsx,Sheet1,34,False,2.0794415416798357,2.6457513110645907,0,0.0,0,0.0,49.0,343.0
FS_NC_07d_034,EXP_FS_NC_07d,34,Normal Concrete,Control,,0,OPC 53 (UltraTech),7,Flexural Strength,2.816,100x100x500mm Prism,F Strength Reading 1000000.xlsx,Sheet1,35,False,2.0794415416798357,2.6457513110645907,0,0.0,0,0.0,49.0,343.0
FS_NC_07d_035,EXP_FS_NC_07d,35,Normal Concrete,Control,,0,OPC 53 (UltraTech),7,Flexural Strength,3.34,100x100x500mm Prism,F Strength Reading 1000000.xlsx,Sheet1,36,False,2.0794415416798357,2.6457513110645907,0,0.0,0,0.0,49.0,343.0
FS_NC_07d_036,EXP_FS_NC_07d,36,Normal Concrete,Control,,0,OPC 53 (UltraTech),7,Flexural Strength,2.925,100x100x500mm Prism,F Strength Reading 1000000.xlsx,Sheet1,37,False,2.0794415416798357,2.6457513110645907,0,0.0,0,0.0,49.0,343.0
FS_NC_07d_037,EXP_FS_NC_07d,37,Normal Concrete,Control,,0,OPC 53 (UltraTech),7,Flexural Strength,2.892,100x100x500mm Prism,F Strength Reading 1000000.xlsx,Sheet1,38,False,2.0794415416798357,2.6457513110645907,0,0.0,0,0.0,49.0,343.0
FS_NC_07d_038,EXP_FS_NC_07d,38,Normal Concrete,Control,,0,OPC 53 (UltraTech),7,Flexural Strength,2.965,100x100x500mm Prism,F Strength Reading 1000000.xlsx,Sheet1,39,False,2.0794415416798357,2.6457513110645907,0,0.0,0,0.0,49.0,343.0
FS_NC_07d_039,EXP_FS_NC_07d,39,Normal Concrete,Control,,0,OPC 53 (UltraTech),7,Flexural Strength,3.091,100x100x500mm Prism,F Strength Reading 1000000.xlsx,Sheet1,40,False,2.0794415416798357,2.6457513110645907,0,0.0,0,0.0,49.0,343.0
FS_NC_07d_040,EXP_FS_NC_07d,40,Normal Concrete,Control,,0,OPC 53 (UltraTech),7,Flexural Strength,3.258,100x100x500mm Prism,F Strength Reading 1000000.xlsx,Sheet1,41,False,2.0794415416798357,2.6457513110645907,0,0.0,0,0.0,49.0,343.0
FS_NC_07d_041,EXP_FS_NC_07d,41,Normal Concrete,Control,,0,OPC 53 (UltraTech),7,Flexural Strength,3.194,100x100x500mm Prism,F Strength Reading 1000000.xlsx,Sheet1,42,False,2.0794415416798357,2.6457513110645907,0,0.0,0,0.0,49.0,343.0
FS_NC_07d_042,EXP_FS_NC_07d,42,Normal Concrete,Control,,0,OPC 53 (UltraTech),7,Flexural Strength,2.968,100x100x500mm Prism,F Strength Reading 1000000.xlsx,Sheet1,43,False,2.0794415416798357,2.6457513110645907,0,0.0,0,0.0,49.0,343.0
FS_NC_07d_043,EXP_FS_NC_07d,43,Normal Concrete,Control,,0,OPC 53 (UltraTech),7,Flexural Strength,3.024,100x100x500mm Prism,F Strength Reading 1000000.xlsx,Sheet1,44,False,2.0794415416798357,2.6457513110645907,0,0.0,0,0.0,49.0,343.0
FS_NC_07d_044,EXP_FS_NC_07d,44,Normal Concrete,Control,,0,OPC 53 (UltraTech),7,Flexural Strength,2.608,100x100x500mm Prism,F Strength Reading 1000000.xlsx,Sheet1,45,False,2.0794415416798357,2.6457513110645907,0,0.0,0,0.0,49.0,343.0
FS_NC_07d_045,EXP_FS_NC_07d,45,Normal Concrete,Control,,0,OPC 53 (UltraTech),7,Flexural Strength,2.909,100x100x500mm Prism,F Strength Reading 1000000.xlsx,Sheet1,46,False,2.0794415416798357,2.6457513110645907,0,0.0,0,0.0,49.0,343.0
FS_NC_07d_046,EXP_FS_NC_07d,46,Normal Concrete,Control,,0,OPC 53 (UltraTech),7,Flexural Strength,3.053,100x100x500mm Prism,F Strength Reading 1000000.xlsx,Sheet1,47,False,2.0794415416798357,2.6457513110645907,0,0.0,0,0.0,49.0,343.0
FS_NC_07d_047,EXP_FS_NC_07d,47,Normal Concrete,Control,,0,OPC 53 (UltraTech),7,Flexural Strength,3.066,100x100x500mm Prism,F Strength Reading 1000000.xlsx,Sheet1,48,False,2.0794415416798357,2.6457513110645907,0,0.0,0,0.0,49.0,343.0
FS_NC_07d_048,EXP_FS_NC_07d,48,Normal Concrete,Control,,0,OPC 53 (UltraTech),7,Flexural Strength,2.651,100x100x500mm Prism,F Strength Reading 1000000.xlsx,Sheet1,49,False,2.0794415416798357,2.6457513110645907,0,0.0,0,0.0,49.0,343.0
FS_NC_07d_049,EXP_FS_NC_07d,49,Normal Concrete,Control,,0,OPC 53 (UltraTech),7,Flexural Strength,3.05,100x100x500mm Prism,F Strength Reading 1000000.xlsx,Sheet1,50,False,2.0794415416798357,2.6457513110645907,0,0.0,0,0.0,49.0,343.0
FS_NC_07d_050,EXP_FS_NC_07d,50,Normal Concrete,Control,,0,OPC 53 (UltraTech),7,Flexural Strength,2.942,100x100x500mm Prism,F Strength Reading 1000000.xlsx,Sheet1,51,False,2.0794415416798357,2.6457513110645907,0,0.0,0,0.0,49.0,343.0
FS_NC_07d_051,EXP_FS_NC_07d,51,Normal Concrete,Control,,0,OPC 53 (UltraTech),7,Flexural Strength,3.034,100x100x500mm Prism,F Strength Reading 1000000.xlsx,Sheet1,52,False,2.0794415416798357,2.6457513110645907,0,0.0,0,0.0,49.0,343.0
FS_NC_07d_052,EXP_FS_NC_07d,52,Normal Concrete,Control,,0,OPC 53 (UltraTech),7,Flexural Strength,3.462,100x100x500mm Prism,F Strength Reading 1000000.xlsx,Sheet1,53,False,2.0794415416798357,2.6457513110645907,0,0.0,0,0.0,49.0,343.0
FS_NC_07d_053,EXP_FS_NC_07d,53,Normal Concrete,Control,,0,OPC 53 (UltraTech),7,Flexural Strength,3.266,100x100x500mm Prism,F Strength Reading 1000000.xlsx,Sheet1,54,False,2.0794415416798357,2.6457513110645907,0,0.0,0,0.0,49.0,343.0
FS_NC_07d_054,EXP_FS_NC_07d,54,Normal Concrete,Control,,0,OPC 53 (UltraTech),7,Flexural Strength,2.616,100x100x500mm Prism,F Strength Reading 1000000.xlsx,Sheet1,55,False,2.0794415416798357,2.6457513110645907,0,0.0,0,0.0,49.0,343.0
FS_NC_07d_055,EXP_FS_NC_07d,55,Normal Concrete,Control,,0,OPC 53 (UltraTech),7,Flexural Strength,3.019,100x100x500mm Prism,F Strength Reading 1000000.xlsx,Sheet1,56,False,2.0794415416798357,2.6457513110645907,0,0.0,0,0.0,49.0,343.0
FS_NC_07d_056,EXP_FS_NC_07d,56,Normal Concrete,Control,,0,OPC 53 (UltraTech),7,Flexural Strength,3.323,100x100x500mm Prism,F Strength Reading 1000000.xlsx,Sheet1,57,False,2.0794415416798357,2.6457513110645907,0,0.0,0,0.0,49.0,343.0
FS_NC_07d_057,EXP_FS_NC_07d,57,Normal Concrete,Control,,0,OPC 53 (UltraTech),7,Flexural Strength,3.242,100x100x500mm Prism,F Strength Reading 1000000.xlsx,Sheet1,58,False,2.0794415416798357,2.6457513110645907,0,0.0,0,0.0,49.0,343.0
FS_NC_07d_058,EXP_FS_NC_07d,58,Normal Concrete,Control,,0,OPC 53 (UltraTech),7,Flexural Strength,3.105,100x100x500mm Prism,F Strength Reading 1000000.xlsx,Sheet1,59,False,2.0794415416798357,2.6457513110645907,0,0.0,0,0.0,49.0,343.0
FS_NC_07d_059,EXP_FS_NC_07d,59,Normal Concrete,Control,,0,OPC 53 (UltraTech),7,Flexural Strength,3.449,100x100x500mm Prism,F Strength Reading 1000000.xlsx,Sheet1,60,False,2.0794415416798357,2.6457513110645907,0,0.0,0,0.0,49.0,343.0
FS_NC_07d_060,EXP_FS_NC_07d,60,Normal Concrete,Control,,0,OPC 53 (UltraTech),7,Flexural Strength,2.955,100x100x500mm Prism,F Strength Reading 1000000.xlsx,Sheet1,61,False,2.0794415416798357,2.6457513110645907,0,0.0,0,0.0,49.0,343.0
FS_NC_07d_061,EXP_FS_NC_07d,61,Normal Concrete,Control,,0,OPC 53 (UltraTech),7,Flexural Strength,3.246,100x100x500mm Prism,F Strength Reading 1000000.xlsx,Sheet1,62,False,2.0794415416798357,2.6457513110645907,0,0.0,0,0.0,49.0,343.0
FS_NC_07d_062,EXP_FS_NC_07d,62,Normal Concrete,Control,,0,OPC 53 (UltraTech),7,Flexural Strength,3.184,100x100x500mm Prism,F Strength Reading 1000000.xlsx,Sheet1,63,False,2.0794415416798357,2.6457513110645907,0,0.0,0,0.0,49.0,343.0
FS_NC_07d_063,EXP_FS_NC_07d,63,Normal Concrete,Control,,0,OPC 53 (UltraTech),7,Flexural Strength,2.782,100x100x500mm Prism,F Strength Reading 1000000.xlsx,Sheet1,64,False,2.0794415416798357,2.6457513110645907,0,0.0,0,0.0,49.0,343.0
FS_NC_07d_064,EXP_FS_NC_07d,64,Normal Concrete,Control,,0,OPC 53 (UltraTech),7,Flexural Strength,3.081,100x100x500mm Prism,F Strength Reading 1000000.xlsx,Sheet1,65,False,2.0794415416798357,2.6457513110645907,0,0.0,0,0.0,49.0,343.0
FS_NC_07d_065,EXP_FS_NC_07d,65,Normal Concrete,Control,,0,OPC 53 (UltraTech),7,Flexural Strength,2.428,100x100x500mm Prism,F Strength Reading 1000000.xlsx,Sheet1,66,False,2.0794415416798357,2.6457513110645907,0,0.0,0,0.0,49.0,343.0
FS_NC_07d_066,EXP_FS_NC_07d,66,Normal Concrete,Control,,0,OPC 53 (UltraTech),7,Flexural Strength,3.324,100x100x500mm Prism,F Strength Reading 1000000.xlsx,Sheet1,67,False,2.0794415416798357,2.6457513110645907,0,0.0,0,0.0,49.0,343.0
FS_NC_07d_067,EXP_FS_NC_07d,67,Normal Concrete,Control,,0,OPC 53 (UltraTech),7,Flexural Strength,3.104,100x100x500mm Prism,F Strength Reading 1000000.xlsx,Sheet1,68,False,2.0794415416798357,2.6457513110645907,0,0.0,0,0.0,49.0,343.0
FS_NC_07d_068,EXP_FS_NC_07d,68,Normal Concrete,Control,,0,OPC 53 (UltraTech),7,Flexural Strength,3.13,100x100x500mm Prism,F Strength Reading 1000000.xlsx,Sheet1,69,False,2.0794415416798357,2.6457513110645907,0,0.0,0,0.0,49.0,343.0
FS_NC_07d_069,EXP_FS_NC_07d,69,Normal Concrete,Control,,0,OPC 53 (UltraTech),7,Flexural Strength,3.127,100x100x500mm Prism,F Strength Reading 1000000.xlsx,Sheet1,70,False,2.0794415416798357,2.6457513110645907,0,0.0,0,0.0,49.0,343.0
FS_NC_07d_070,EXP_FS_NC_07d,70,Normal Concrete,Control,,0,OPC 53 (UltraTech),7,Flexural Strength,2.91,100x100x500mm Prism,F Strength Reading 1000000.xlsx,Sheet1,71,False,2.0794415416798357,2.6457513110645907,0,0.0,0,0.0,49.0,343.0
FS_NC_07d_071,EXP_FS_NC_07d,71,Normal Concrete,Control,,0,OPC 53 (UltraTech),7,Flexural Strength,2.67,100x100x500mm Prism,F Strength Reading 1000000.xlsx,Sheet1,72,False,2.0794415416798357,2.6457513110645907,0,0.0,0,0.0,49.0,343.0
FS_NC_07d_072,EXP_FS_NC_07d,72,Normal Concrete,Control,,0,OPC 53 (UltraTech),7,Flexural Strength,2.941,100x100x500mm Prism,F Strength Reading 1000000.xlsx,Sheet1,73,False,2.0794415416798357,2.6457513110645907,0,0.0,0,0.0,49.0,343.0
FS_NC_07d_073,EXP_FS_NC_07d,73,Normal Concrete,Control,,0,OPC 53 (UltraTech),7,Flexural Strength,3.172,100x100x500mm Prism,F Strength Reading 1000000.xlsx,Sheet1,74,False,2.0794415416798357,2.6457513110645907,0,0.0,0,0.0,49.0,343.0
FS_NC_07d_074,EXP_FS_NC_07d,74,Normal Concrete,Control,,0,OPC 53 (UltraTech),7,Flexural Strength,3.025,100x100x500mm Prism,F Strength Reading 1000000.xlsx,Sheet1,75,False,2.0794415416798357,2.6457513110645907,0,0.0,0,0.0,49.0,343.0
FS_NC_07d_075,EXP_FS_NC_07d,75,Normal Concrete,Control,,0,OPC 53 (UltraTech),7,Flexural Strength,3.226,100x100x500mm Prism,F Strength Reading 1000000.xlsx,Sheet1,76,False,2.0794415416798357,2.6457513110645907,0,0.0,0,0.0,49.0,343.0
FS_NC_07d_076,EXP_FS_NC_07d,76,Normal Concrete,Control,,0,OPC 53 (UltraTech),7,Flexural Strength,2.703,100x100x500mm Prism,F Strength Reading 1000000.xlsx,Sheet1,77,False,2.0794415416798357,2.6457513110645907,0,0.0,0,0.0,49.0,343.0
FS_NC_07d_077,EXP_FS_NC_07d,77,Normal Concrete,Control,,0,OPC 53 (UltraTech),7,Flexural Strength,3.068,100x100x500mm Prism,F Strength Reading 1000000.xlsx,Sheet1,78,False,2.0794415416798357,2.6457513110645907,0,0.0,0,0.0,49.0,343.0
FS_NC_07d_078,EXP_FS_NC_07d,78,Normal Concrete,Control,,0,OPC 53 (UltraTech),7,Flexural Strength,2.969,100x100x500mm Prism,F Strength Reading 1000000.xlsx,Sheet1,79,False,2.0794415416798357,2.6457513110645907,0,0.0,0,0.0,49.0,343.0
FS_NC_07d_079,EXP_FS_NC_07d,79,Normal Concrete,Control,,0,OPC 53 (UltraTech),7,Flexural Strength,3.266,100x100x500mm Prism,F Strength Reading 1000000.xlsx,Sheet1,80,False,2.0794415416798357,2.6457513110645907,0,0.0,0,0.0,49.0,343.0
FS_NC_07d_080,EXP_FS_NC_07d,80,Normal Concrete,Control,,0,OPC 53 (UltraTech),7,Flexural Strength,3.223,100x100x500mm Prism,F Strength Reading 1000000.xlsx,Sheet1,81,False,2.0794415416798357,2.6457513110645907,0,0.0,0,0.0,49.0,343.0
FS_NC_07d_081,EXP_FS_NC_07d,81,Normal Concrete,Control,,0,OPC 53 (UltraTech),7,Flexural Strength,2.928,100x100x500mm Prism,F Strength Reading 1000000.xlsx,Sheet1,82,False,2.0794415416798357,2.6457513110645907,0,0.0,0,0.0,49.0,343.0
FS_NC_07d_082,EXP_FS_NC_07d,82,Normal Concrete,Control,,0,OPC 53 (UltraTech),7,Flexural Strength,2.995,100x100x500mm Prism,F Strength Reading 1000000.xlsx,Sheet1,83,False,2.0794415416798357,2.6457513110645907,0,0.0,0,0.0,49.0,343.0
FS_NC_07d_083,EXP_FS_NC_07d,83,Normal Concrete,Control,,0,OPC 53 (UltraTech),7,Flexural Strength,3.23,100x100x500mm Prism,F Strength Reading 1000000.xlsx,Sheet1,84,False,2.0794415416798357,2.6457513110645907,0,0.0,0,0.0,49.0,343.0
FS_NC_07d_084,EXP_FS_NC_07d,84,Normal Concrete,Control,,0,OPC 53 (UltraTech),7,Flexural Strength,2.823,100x100x500mm Prism,F Strength Reading 1000000.xlsx,Sheet1,85,False,2.0794415416798357,2.6457513110645907,0,0.0,0,0.0,49.0,343.0
FS_NC_07d_085,EXP_FS_NC_07d,85,Normal Concrete,Control,,0,OPC 53 (UltraTech),7,Flexural Strength,2.788,100x100x500mm Prism,F Strength Reading 1000000.xlsx,Sheet1,86,False,2.0794415416798357,2.6457513110645907,0,0.0,0,0.0,49.0,343.0
FS_NC_07d_086,EXP_FS_NC_07d,86,Normal Concrete,Control,,0,OPC 53 (UltraTech),7,Flexural Strength,2.731,100x100x500mm Prism,F Strength Reading 1000000.xlsx,Sheet1,87,False,2.0794415416798357,2.6457513110645907,0,0.0,0,0.0,49.0,343.0
FS_NC_07d_087,EXP_FS_NC_07d,87,Normal Concrete,Control,,0,OPC 53 (UltraTech),7,Flexural Strength,3.012,100x100x500mm Prism,F Strength Reading 1000000.xlsx,Sheet1,88,False,2.0794415416798357,2.6457513110645907,0,0.0,0,0.0,49.0,343.0
FS_NC_07d_088,EXP_FS_NC_07d,88,Normal Concrete,Control,,0,OPC 53 (UltraTech),7,Flexural Strength,2.885,100x100x500mm Prism,F Strength Reading 1000000.xlsx,Sheet1,89,False,2.0794415416798357,2.6457513110645907,0,0.0,0,0.0,49.0,343.0
FS_NC_07d_089,EXP_FS_NC_07d,89,Normal Concrete,Control,,0,OPC 53 (UltraTech),7,Flexural Strength,2.799,100x100x500mm Prism,F Strength Reading 1000000.xlsx,Sheet1,90,False,2.0794415416798357,2.6457513110645907,0,0.0,0,0.0,49.0,343.0
FS_NC_07d_090,EXP_FS_NC_07d,90,Normal Concrete,Control,,0,OPC 53 (UltraTech),7,Flexural Strength,2.856,100x100x500mm Prism,F Strength Reading 1000000.xlsx,Sheet1,91,False,2.0794415416798357,2.6457513110645907,0,0.0,0,0.0,49.0,343.0
FS_NC_07d_091,EXP_FS_NC_07d,91,Normal Concrete,Control,,0,OPC 53 (UltraTech),7,Flexural Strength,3.197,100x100x500mm Prism,F Strength Reading 1000000.xlsx,Sheet1,92,False,2.0794415416798357,2.6457513110645907,0,0.0,0,0.0,49.0,343.0
FS_NC_07d_092,EXP_FS_NC_07d,92,Normal Concrete,Control,,0,OPC 53 (UltraTech),7,Flexural Strength,2.688,100x100x500mm Prism,F Strength Reading 1000000.xlsx,Sheet1,93,False,2.0794415416798357,2.6457513110645907,0,0.0,0,0.0,49.0,343.0
FS_NC_07d_093,EXP_FS_NC_07d,93,Normal Concrete,Control,,0,OPC 53 (UltraTech),7,Flexural Strength,3.181,100x100x500mm Prism,F Strength Reading 1000000.xlsx,Sheet1,94,False,2.0794415416798357,2.6457513110645907,0,0.0,0,0.0,49.0,343.0
FS_NC_07d_094,EXP_FS_NC_07d,94,Normal Concrete,Control,,0,OPC 53 (UltraTech),7,Flexural Strength,2.998,100x100x500mm Prism,F Strength Reading 1000000.xlsx,Sheet1,95,False,2.0794415416798357,2.6457513110645907,0,0.0,0,0.0,49.0,343.0
FS_NC_07d_095,EXP_FS_NC_07d,95,Normal Concrete,Control,,0,OPC 53 (UltraTech),7,Flexural Strength,3.743,100x100x500mm Prism,F Strength Reading 1000000.xlsx,Sheet1,96,False,2.0794415416798357,2.6457513110645907,0,0.0,0,0.0,49.0,343.0
FS_NC_07d_096,EXP_FS_NC_07d,96,Normal Concrete,Control,,0,OPC 53 (UltraTech),7,Flexural Strength,2.969,100x100x500mm Prism,F Strength Reading 1000000.xlsx,Sheet1,97,False,2.0794415416798357,2.6457513110645907,0,0.0,0,0.0,49.0,343.0
FS_NC_07d_097,EXP_FS_NC_07d,97,Normal Concrete,Control,,0,OPC 53 (UltraTech),7,Flexural Strength,3.316,100x100x500mm Prism,F Strength Reading 1000000.xlsx,Sheet1,98,False,2.0794415416798357,2.6457513110645907,0,0.0,0,0.0,49.0,343.0
FS_NC_07d_098,EXP_FS_NC_07d,98,Normal Concrete,Control,,0,OPC 53 (UltraTech),7,Flexural Strength,3.002,100x100x500mm Prism,F Strength Reading 1000000.xlsx,Sheet1,99,False,2.0794415416798357,2.6457513110645907,0,0.0,0,0.0,49.0,343.0
FS_NC_07d_099,EXP_FS_NC_07d,99,Normal Concrete,Control,,0,OPC 53 (UltraTech),7,Flexural Strength,2.551,100x100x500mm Prism,F Strength Reading 1000000.xlsx,Sheet1,100,False,2.0794415416798357,2.6457513110645907,0,0.0,0,0.0,49.0,343.0
FS_NC_07d_100,EXP_FS_NC_07d,100,Normal Concrete,Control,,0,OPC 53 (UltraTech),7,Flexural Strength,2.866,100x100x500mm Prism,F Strength Reading 1000000.xlsx,Sheet1,101,False,2.0794415416798357,2.6457513110645907,0,0.0,0,0.0,49.0,343.0
FS_NC_14d_001,EXP_FS_NC_14d,1,Normal Concrete,Control,,0,OPC 53 (UltraTech),14,Flexural Strength,3.713,100x100x500mm Prism,F Strength Reading 1000000.xlsx,Sheet1,102,False,2.70805020110221,3.7416573867739413,0,0.0,0,0.0,196.0,2744.0
FS_NC_14d_002,EXP_FS_NC_14d,2,Normal Concrete,Control,,0,OPC 53 (UltraTech),14,Flexural Strength,3.83,100x100x500mm Prism,F Strength Reading 1000000.xlsx,Sheet1,103,False,2.70805020110221,3.7416573867739413,0,0.0,0,0.0,196.0,2744.0
FS_NC_14d_003,EXP_FS_NC_14d,3,Normal Concrete,Control,,0,OPC 53 (UltraTech),14,Flexural Strength,3.31,100x100x500mm Prism,F Strength Reading 1000000.xlsx,Sheet1,104,False,2.70805020110221,3.7416573867739413,0,0.0,0,0.0,196.0,2744.0
FS_NC_14d_004,EXP_FS_NC_14d,4,Normal Concrete,Control,,0,OPC 53 (UltraTech),14,Flexural Strength,3.764,100x100x500mm Prism,F Strength Reading 1000000.xlsx,Sheet1,105,False,2.70805020110221,3.7416573867739413,0,0.0,0,0.0,196.0,2744.0
FS_NC_14d_005,EXP_FS_NC_14d,5,Normal Concrete,Control,,0,OPC 53 (UltraTech),14,Flexural Strength,3.873,100x100x500mm Prism,F Strength Reading 1000000.xlsx,Sheet1,106,False,2.70805020110221,3.7416573867739413,0,0.0,0,0.0,196.0,2744.0
FS_NC_14d_006,EXP_FS_NC_14d,6,Normal Concrete,Control,,0,OPC 53 (UltraTech),14,Flexural Strength,3.161,100x100x500mm Prism,F Strength Reading 1000000.xlsx,Sheet1,107,False,2.70805020110221,3.7416573867739413,0,0.0,0,0.0,196.0,2744.0
FS_NC_14d_007,EXP_FS_NC_14d,7,Normal Concrete,Control,,0,OPC 53 (UltraTech),14,Flexural Strength,3.969,100x100x500mm Prism,F Strength Reading 1000000.xlsx,Sheet1,108,False,2.70805020110221,3.7416573867739413,0,0.0,0,0.0,196.0,2744.0
FS_NC_14d_008,EXP_FS_NC_14d,8,Normal Concrete,Control,,0,OPC 53 (UltraTech),14,Flexural Strength,3.598,100x100x500mm Prism,F Strength Reading 1000000.xlsx,Sheet1,109,False,2.70805020110221,3.7416573867739413,0,0.0,0,0.0,196.0,2744.0
FS_NC_14d_009,EXP_FS_NC_14d,9,Normal Concrete,Control,,0,OPC 53 (UltraTech),14,Flexural Strength,3.14,100x100x500mm Prism,F Strength Reading 1000000.xlsx,Sheet1,110,False,2.70805020110221,3.7416573867739413,0,0.0,0,0.0,196.0,2744.0
FS_NC_14d_010,EXP_FS_NC_14d,10,Normal Concrete,Control,,0,OPC 53 (UltraTech),14,Flexural Strength,3.536,100x100x500mm Prism,F Strength Reading 1000000.xlsx,Sheet1,111,False,2.70805020110221,3.7416573867739413,0,0.0,0,0.0,196.0,2744.0
FS_NC_14d_011,EXP_FS_NC_14d,11,Normal Concrete,Control,,0,OPC 53 (UltraTech),14,Flexural Strength,3.996,100x100x500mm Prism,F Strength Reading 1000000.xlsx,Sheet1,112,False,2.70805020110221,3.7416573867739413,0,0.0,0,0.0,196.0,2744.0
FS_NC_14d_012,EXP_FS_NC_14d,12,Normal Concrete,Control,,0,OPC 53 (UltraTech),14,Flexural Strength,3.56,100x100x500mm Prism,F Strength Reading 1000000.xlsx,Sheet1,113,False,2.70805020110221,3.7416573867739413,0,0.0,0,0.0,196.0,2744.0
FS_NC_14d_013,EXP_FS_NC_14d,13,Normal Concrete,Control,,0,OPC 53 (UltraTech),14,Flexural Strength,3.425,100x100x500mm Prism,F Strength Reading 1000000.xlsx,Sheet1,114,False,2.70805020110221,3.7416573867739413,0,0.0,0,0.0,196.0,2744.0
FS_NC_14d_014,EXP_FS_NC_14d,14,Normal Concrete,Control,,0,OPC 53 (UltraTech),14,Flexural Strength,3.774,100x100x500mm Prism,F Strength Reading 1000000.xlsx,Sheet1,115,False,2.70805020110221,3.7416573867739413,0,0.0,0,0.0,196.0,2744.0
FS_NC_14d_015,EXP_FS_NC_14d,15,Normal Concrete,Control,,0,OPC 53 (UltraTech),14,Flexural Strength,3.511,100x100x500mm Prism,F Strength Reading 1000000.xlsx,Sheet1,116,False,2.70805020110221,3.7416573867739413,0,0.0,0,0.0,196.0,2744.0
FS_NC_14d_016,EXP_FS_NC_14d,16,Normal Concrete,Control,,0,OPC 53 (UltraTech),14,Flexural Strength,3.11,100x100x500mm Prism,F Strength Reading 1000000.xlsx,Sheet1,117,False,2.70805020110221,3.7416573867739413,0,0.0,0,0.0,196.0,2744.0
FS_NC_14d_017,EXP_FS_NC_14d,17,Normal Concrete,Control,,0,OPC 53 (UltraTech),14,Flexural Strength,3.87,100x100x500mm Prism,F Strength Reading 1000000.xlsx,Sheet1,118,False,2.70805020110221,3.7416573867739413,0,0.0,0,0.0,196.0,2744.0
FS_NC_14d_018,EXP_FS_NC_14d,18,Normal Concrete,Control,,0,OPC 53 (UltraTech),14,Flexural Strength,3.657,100x100x500mm Prism,F Strength Reading 1000000.xlsx,Sheet1,119,False,2.70805020110221,3.7416573867739413,0,0.0,0,0.0,196.0,2744.0
FS_NC_14d_019,EXP_FS_NC_14d,19,Normal Concrete,Control,,0,OPC 53 (UltraTech),14,Flexural Strength,3.955,100x100x500mm Prism,F Strength Reading 1000000.xlsx,Sheet1,120,False,2.70805020110221,3.7416573867739413,0,0.0,0,0.0,196.0,2744.0
FS_NC_14d_020,EXP_FS_NC_14d,20,Normal Concrete,Control,,0,OPC 53 (UltraTech),14,Flexural Strength,3.521,100x100x500mm Prism,F Strength Reading 1000000.xlsx,Sheet1,121,False,2.70805020110221,3.7416573867739413,0,0.0,0,0.0,196.0,2744.0
FS_NC_14d_021,EXP_FS_NC_14d,21,Normal Concrete,Control,,0,OPC 53 (UltraTech),14,Flexural Strength,3.32,100x100x500mm Prism,F Strength Reading 1000000.xlsx,Sheet1,122,False,2.70805020110221,3.7416573867739413,0,0.0,0,0.0,196.0,2744.0
FS_NC_14d_022,EXP_FS_NC_14d,22,Normal Concrete,Control,,0,OPC 53 (UltraTech),14,Flexural Strength,3.25,100x100x500mm Prism,F Strength Reading 1000000.xlsx,Sheet1,123,False,2.70805020110221,3.7416573867739413,0,0.0,0,0.0,196.0,2744.0
FS_NC_14d_023,EXP_FS_NC_14d,23,Normal Concrete,Control,,0,OPC 53 (UltraTech),14,Flexural Strength,3.233,100x100x500mm Prism,F Strength Reading 1000000.xlsx,Sheet1,124,False,2.70805020110221,3.7416573867739413,0,0.0,0,0.0,196.0,2744.0
FS_NC_14d_024,EXP_FS_NC_14d,24,Normal Concrete,Control,,0,OPC 53 (UltraTech),14,Flexural Strength,3.821,100x100x500mm Prism,F Strength Reading 1000000.xlsx,Sheet1,125,False,2.70805020110221,3.7416573867739413,0,0.0,0,0.0,196.0,2744.0
FS_NC_14d_025,EXP_FS_NC_14d,25,Normal Concrete,Control,,0,OPC 53 (UltraTech),14,Flexural Strength,3.387,100x100x500mm Prism,F Strength Reading 1000000.xlsx,Sheet1,126,False,2.70805020110221,3.7416573867739413,0,0.0,0,0.0,196.0,2744.0
FS_NC_14d_026,EXP_FS_NC_14d,26,Normal Concrete,Control,,0,OPC 53 (UltraTech),14,Flexural Strength,3.881,100x100x500mm Prism,F Strength Reading 1000000.xlsx,Sheet1,127,False,2.70805020110221,3.7416573867739413,0,0.0,0,0.0,196.0,2744.0
FS_NC_14d_027,EXP_FS_NC_14d,27,Normal Concrete,Control,,0,OPC 53 (UltraTech),14,Flexural Strength,3.624,100x100x500mm Prism,F Strength Reading 1000000.xlsx,Sheet1,128,False,2.70805020110221,3.7416573867739413,0,0.0,0,0.0,196.0,2744.0
FS_NC_14d_028,EXP_FS_NC_14d,28,Normal Concrete,Control,,0,OPC 53 (UltraTech),14,Flexural Strength,3.534,100x100x500mm Prism,F Strength Reading 1000000.xlsx,Sheet1,129,False,2.70805020110221,3.7416573867739413,0,0.0,0,0.0,196.0,2744.0
FS_NC_14d_029,EXP_FS_NC_14d,29,Normal Concrete,Control,,0,OPC 53 (UltraTech),14,Flexural Strength,3.717,100x100x500mm Prism,F Strength Reading 1000000.xlsx,Sheet1,130,False,2.70805020110221,3.7416573867739413,0,0.0,0,0.0,196.0,2744.0
FS_NC_14d_030,EXP_FS_NC_14d,30,Normal Concrete,Control,,0,OPC 53 (UltraTech),14,Flexural Strength,3.561,100x100x500mm Prism,F Strength Reading 1000000.xlsx,Sheet1,131,False,2.70805020110221,3.7416573867739413,0,0.0,0,0.0,196.0,2744.0
FS_NC_14d_031,EXP_FS_NC_14d,31,Normal Concrete,Control,,0,OPC 53 (UltraTech),14,Flexural Strength,3.73,100x100x500mm Prism,F Strength Reading 1000000.xlsx,Sheet1,132,False,2.70805020110221,3.7416573867739413,0,0.0,0,0.0,196.0,2744.0
FS_NC_14d_032,EXP_FS_NC_14d,32,Normal Concrete,Control,,0,OPC 53 (UltraTech),14,Flexural Strength,3.46,100x100x500mm Prism,F Strength Reading 1000000.xlsx,Sheet1,133,False,2.70805020110221,3.7416573867739413,0,0.0,0,0.0,196.0,2744.0
FS_NC_14d_033,EXP_FS_NC_14d,33,Normal Concrete,Control,,0,OPC 53 (UltraTech),14,Flexural Strength,3.642,100x100x500mm Prism,F Strength Reading 1000000.xlsx,Sheet1,134,False,2.70805020110221,3.7416573867739413,0,0.0,0,0.0,196.0,2744.0
FS_NC_14d_034,EXP_FS_NC_14d,34,Normal Concrete,Control,,0,OPC 53 (UltraTech),14,Flexural Strength,3.637,100x100x500mm Prism,F Strength Reading 1000000.xlsx,Sheet1,135,False,2.70805020110221,3.7416573867739413,0,0.0,0,0.0,196.0,2744.0
FS_NC_14d_035,EXP_FS_NC_14d,35,Normal Concrete,Control,,0,OPC 53 (UltraTech),14,Flexural Strength,3.368,100x100x500mm Prism,F Strength Reading 1000000.xlsx,Sheet1,136,False,2.70805020110221,3.7416573867739413,0,0.0,0,0.0,196.0,2744.0
FS_NC_14d_036,EXP_FS_NC_14d,36,Normal Concrete,Control,,0,OPC 53 (UltraTech),14,Flexural Strength,3.784,100x100x500mm Prism,F Strength Reading 1000000.xlsx,Sheet1,137,False,2.70805020110221,3.7416573867739413,0,0.0,0,0.0,196.0,2744.0
FS_NC_14d_037,EXP_FS_NC_14d,37,Normal Concrete,Control,,0,OPC 53 (UltraTech),14,Flexural Strength,3.946,100x100x500mm Prism,F Strength Reading 1000000.xlsx,Sheet1,138,False,2.70805020110221,3.7416573867739413,0,0.0,0,0.0,196.0,2744.0
FS_NC_14d_038,EXP_FS_NC_14d,38,Normal Concrete,Control,,0,OPC 53 (UltraTech),14,Flexural Strength,3.692,100x100x500mm Prism,F Strength Reading 1000000.xlsx,Sheet1,139,False,2.70805020110221,3.7416573867739413,0,0.0,0,0.0,196.0,2744.0
FS_NC_14d_039,EXP_FS_NC_14d,39,Normal Concrete,Control,,0,OPC 53 (UltraTech),14,Flexural Strength,3.886,100x100x500mm Prism,F Strength Reading 1000000.xlsx,Sheet1,140,False,2.70805020110221,3.7416573867739413,0,0.0,0,0.0,196.0,2744.0
FS_NC_14d_040,EXP_FS_NC_14d,40,Normal Concrete,Control,,0,OPC 53 (UltraTech),14,Flexural Strength,3.182,100x100x500mm Prism,F Strength Reading 1000000.xlsx,Sheet1,141,False,2.70805020110221,3.7416573867739413,0,0.0,0,0.0,196.0,2744.0
FS_NC_14d_041,EXP_FS_NC_14d,41,Normal Concrete,Control,,0,OPC 53 (UltraTech),14,Flexural Strength,3.711,100x100x500mm Prism,F Strength Reading 1000000.xlsx,Sheet1,142,False,2.70805020110221,3.7416573867739413,0,0.0,0,0.0,196.0,2744.0
FS_NC_14d_042,EXP_FS_NC_14d,42,Normal Concrete,Control,,0,OPC 53 (UltraTech),14,Flexural Strength,3.694,100x100x500mm Prism,F Strength Reading 1000000.xlsx,Sheet1,143,False,2.70805020110221,3.7416573867739413,0,0.0,0,0.0,196.0,2744.0
FS_NC_14d_043,EXP_FS_NC_14d,43,Normal Concrete,Control,,0,OPC 53 (UltraTech),14,Flexural Strength,3.745,100x100x500mm Prism,F Strength Reading 1000000.xlsx,Sheet1,144,False,2.70805020110221,3.7416573867739413,0,0.0,0,0.0,196.0,2744.0
FS_NC_14d_044,EXP_FS_NC_14d,44,Normal Concrete,Control,,0,OPC 53 (UltraTech),14,Flexural Strength,3.567,100x100x500mm Prism,F Strength Reading 1000000.xlsx,Sheet1,145,False,2.70805020110221,3.7416573867739413,0,0.0,0,0.0,196.0,2744.0
FS_NC_14d_045,EXP_FS_NC_14d,45,Normal Concrete,Control,,0,OPC 53 (UltraTech),14,Flexural Strength,4.09,100x100x500mm Prism,F Strength Reading 1000000.xlsx,Sheet1,146,False,2.70805020110221,3.7416573867739413,0,0.0,0,0.0,196.0,2744.0
FS_NC_14d_046,EXP_FS_NC_14d,46,Normal Concrete,Control,,0,OPC 53 (UltraTech),14,Flexural Strength,3.859,100x100x500mm Prism,F Strength Reading 1000000.xlsx,Sheet1,147,False,2.70805020110221,3.7416573867739413,0,0.0,0,0.0,196.0,2744.0
FS_NC_14d_047,EXP_FS_NC_14d,47,Normal Concrete,Control,,0,OPC 53 (UltraTech),14,Flexural Strength,3.175,100x100x500mm Prism,F Strength Reading 1000000.xlsx,Sheet1,148,False,2.70805020110221,3.7416573867739413,0,0.0,0,0.0,196.0,2744.0
FS_NC_14d_048,EXP_FS_NC_14d,48,Normal Concrete,Control,,0,OPC 53 (UltraTech),14,Flexural Strength,3.458,100x100x500mm Prism,F Strength Reading 1000000.xlsx,Sheet1,149,False,2.70805020110221,3.7416573867739413,0,0.0,0,0.0,196.0,2744.0
FS_NC_14d_049,EXP_FS_NC_14d,49,Normal Concrete,Control,,0,OPC 53 (UltraTech),14,Flexural Strength,3.973,100x100x500mm Prism,F Strength Reading 1000000.xlsx,Sheet1,150,False,2.70805020110221,3.7416573867739413,0,0.0,0,0.0,196.0,2744.0
FS_NC_14d_050,EXP_FS_NC_14d,50,Normal Concrete,Control,,0,OPC 53 (UltraTech),14,Flexural Strength,3.394,100x100x500mm Prism,F Strength Reading 1000000.xlsx,Sheet1,151,False,2.70805020110221,3.7416573867739413,0,0.0,0,0.0,196.0,2744.0
FS_NC_14d_051,EXP_FS_NC_14d,51,Normal Concrete,Control,,0,OPC 53 (UltraTech),14,Flexural Strength,3.794,100x100x500mm Prism,F Strength Reading 1000000.xlsx,Sheet1,152,False,2.70805020110221,3.7416573867739413,0,0.0,0,0.0,196.0,2744.0
FS_NC_14d_052,EXP_FS_NC_14d,52,Normal Concrete,Control,,0,OPC 53 (UltraTech),14,Flexural Strength,3.724,100x100x500mm Prism,F Strength Reading 1000000.xlsx,Sheet1,153,False,2.70805020110221,3.7416573867739413,0,0.0,0,0.0,196.0,2744.0
FS_NC_14d_053,EXP_FS_NC_14d,53,Normal Concrete,Control,,0,OPC 53 (UltraTech),14,Flexural Strength,3.633,100x100x500mm Prism,F Strength Reading 1000000.xlsx,Sheet1,154,False,2.70805020110221,3.7416573867739413,0,0.0,0,0.0,196.0,2744.0
FS_NC_14d_054,EXP_FS_NC_14d,54,Normal Concrete,Control,,0,OPC 53 (UltraTech),14,Flexural Strength,3.85,100x100x500mm Prism,F Strength Reading 1000000.xlsx,Sheet1,155,False,2.70805020110221,3.7416573867739413,0,0.0,0,0.0,196.0,2744.0
FS_NC_14d_055,EXP_FS_NC_14d,55,Normal Concrete,Control,,0,OPC 53 (UltraTech),14,Flexural Strength,3.647,100x100x500mm Prism,F Strength Reading 1000000.xlsx,Sheet1,156,False,2.70805020110221,3.7416573867739413,0,0.0,0,0.0,196.0,2744.0
FS_NC_14d_056,EXP_FS_NC_14d,56,Normal Concrete,Control,,0,OPC 53 (UltraTech),14,Flexural Strength,3.667,100x100x500mm Prism,F Strength Reading 1000000.xlsx,Sheet1,157,False,2.70805020110221,3.7416573867739413,0,0.0,0,0.0,196.0,2744.0
FS_NC_14d_057,EXP_FS_NC_14d,57,Normal Concrete,Control,,0,OPC 53 (UltraTech),14,Flexural Strength,3.33,100x100x500mm Prism,F Strength Reading 1000000.xlsx,Sheet1,158,False,2.70805020110221,3.7416573867739413,0,0.0,0,0.0,196.0,2744.0
FS_NC_14d_058,EXP_FS_NC_14d,58,Normal Concrete,Control,,0,OPC 53 (UltraTech),14,Flexural Strength,3.927,100x100x500mm Prism,F Strength Reading 1000000.xlsx,Sheet1,159,False,2.70805020110221,3.7416573867739413,0,0.0,0,0.0,196.0,2744.0
FS_NC_14d_059,EXP_FS_NC_14d,59,Normal Concrete,Control,,0,OPC 53 (UltraTech),14,Flexural Strength,3.577,100x100x500mm Prism,F Strength Reading 1000000.xlsx,Sheet1,160,False,2.70805020110221,3.7416573867739413,0,0.0,0,0.0,196.0,2744.0
FS_NC_14d_060,EXP_FS_NC_14d,60,Normal Concrete,Control,,0,OPC 53 (UltraTech),14,Flexural Strength,3.459,100x100x500mm Prism,F Strength Reading 1000000.xlsx,Sheet1,161,False,2.70805020110221,3.7416573867739413,0,0.0,0,0.0,196.0,2744.0
FS_NC_14d_061,EXP_FS_NC_14d,61,Normal Concrete,Control,,0,OPC 53 (UltraTech),14,Flexural Strength,3.973,100x100x500mm Prism,F Strength Reading 1000000.xlsx,Sheet1,162,False,2.70805020110221,3.7416573867739413,0,0.0,0,0.0,196.0,2744.0
FS_NC_14d_062,EXP_FS_NC_14d,62,Normal Concrete,Control,,0,OPC 53 (UltraTech),14,Flexural Strength,3.985,100x100x500mm Prism,F Strength Reading 1000000.xlsx,Sheet1,163,False,2.70805020110221,3.7416573867739413,0,0.0,0,0.0,196.0,2744.0
FS_NC_14d_063,EXP_FS_NC_14d,63,Normal Concrete,Control,,0,OPC 53 (UltraTech),14,Flexural Strength,4.3,100x100x500mm Prism,F Strength Reading 1000000.xlsx,Sheet1,164,False,2.70805020110221,3.7416573867739413,0,0.0,0,0.0,196.0,2744.0
FS_NC_14d_064,EXP_FS_NC_14d,64,Normal Concrete,Control,,0,OPC 53 (UltraTech),14,Flexural Strength,3.953,100x100x500mm Prism,F Strength Reading 1000000.xlsx,Sheet1,165,False,2.70805020110221,3.7416573867739413,0,0.0,0,0.0,196.0,2744.0
FS_NC_14d_065,EXP_FS_NC_14d,65,Normal Concrete,Control,,0,OPC 53 (UltraTech),14,Flexural Strength,3.654,100x100x500mm Prism,F Strength Reading 1000000.xlsx,Sheet1,166,False,2.70805020110221,3.7416573867739413,0,0.0,0,0.0,196.0,2744.0
FS_NC_14d_066,EXP_FS_NC_14d,66,Normal Concrete,Control,,0,OPC 53 (UltraTech),14,Flexural Strength,3.631,100x100x500mm Prism,F Strength Reading 1000000.xlsx,Sheet1,167,False,2.70805020110221,3.7416573867739413,0,0.0,0,0.0,196.0,2744.0
FS_NC_14d_067,EXP_FS_NC_14d,67,Normal Concrete,Control,,0,OPC 53 (UltraTech),14,Flexural Strength,3.621,100x100x500mm Prism,F Strength Reading 1000000.xlsx,Sheet1,168,False,2.70805020110221,3.7416573867739413,0,0.0,0,0.0,196.0,2744.0
FS_NC_14d_068,EXP_FS_NC_14d,68,Normal Concrete,Control,,0,OPC 53 (UltraTech),14,Flexural Strength,3.393,100x100x500mm Prism,F Strength Reading 1000000.xlsx,Sheet1,169,False,2.70805020110221,3.7416573867739413,0,0.0,0,0.0,196.0,2744.0
FS_NC_14d_069,EXP_FS_NC_14d,69,Normal Concrete,Control,,0,OPC 53 (UltraTech),14,Flexural Strength,3.6,100x100x500mm Prism,F Strength Reading 1000000.xlsx,Sheet1,170,False,2.70805020110221,3.7416573867739413,0,0.0,0,0.0,196.0,2744.0
FS_NC_14d_070,EXP_FS_NC_14d,70,Normal Concrete,Control,,0,OPC 53 (UltraTech),14,Flexural Strength,3.712,100x100x500mm Prism,F Strength Reading 1000000.xlsx,Sheet1,171,False,2.70805020110221,3.7416573867739413,0,0.0,0,0.0,196.0,2744.0
FS_NC_14d_071,EXP_FS_NC_14d,71,Normal Concrete,Control,,0,OPC 53 (UltraTech),14,Flexural Strength,3.794,100x100x500mm Prism,F Strength Reading 1000000.xlsx,Sheet1,172,False,2.70805020110221,3.7416573867739413,0,0.0,0,0.0,196.0,2744.0
FS_NC_14d_072,EXP_FS_NC_14d,72,Normal Concrete,Control,,0,OPC 53 (UltraTech),14,Flexural Strength,3.61,100x100x500mm Prism,F Strength Reading 1000000.xlsx,Sheet1,173,False,2.70805020110221,3.7416573867739413,0,0.0,0,0.0,196.0,2744.0
FS_NC_14d_073,EXP_FS_NC_14d,73,Normal Concrete,Control,,0,OPC 53 (UltraTech),14,Flexural Strength,3.627,100x100x500mm Prism,F Strength Reading 1000000.xlsx,Sheet1,174,False,2.70805020110221,3.7416573867739413,0,0.0,0,0.0,196.0,2744.0
FS_NC_14d_074,EXP_FS_NC_14d,74,Normal Concrete,Control,,0,OPC 53 (UltraTech),14,Flexural Strength,3.908,100x100x500mm Prism,F Strength Reading 1000000.xlsx,Sheet1,175,False,2.70805020110221,3.7416573867739413,0,0.0,0,0.0,196.0,2744.0
FS_NC_14d_075,EXP_FS_NC_14d,75,Normal Concrete,Control,,0,OPC 53 (UltraTech),14,Flexural Strength,3.583,100x100x500mm Prism,F Strength Reading 1000000.xlsx,Sheet1,176,False,2.70805020110221,3.7416573867739413,0,0.0,0,0.0,196.0,2744.0
FS_NC_14d_076,EXP_FS_NC_14d,76,Normal Concrete,Control,,0,OPC 53 (UltraTech),14,Flexural Strength,3.391,100x100x500mm Prism,F Strength Reading 1000000.xlsx,Sheet1,177,False,2.70805020110221,3.7416573867739413,0,0.0,0,0.0,196.0,2744.0
FS_NC_14d_077,EXP_FS_NC_14d,77,Normal Concrete,Control,,0,OPC 53 (UltraTech),14,Flexural Strength,3.71,100x100x500mm Prism,F Strength Reading 1000000.xlsx,Sheet1,178,False,2.70805020110221,3.7416573867739413,0,0.0,0,0.0,196.0,2744.0
FS_NC_14d_078,EXP_FS_NC_14d,78,Normal Concrete,Control,,0,OPC 53 (UltraTech),14,Flexural Strength,3.477,100x100x500mm Prism,F Strength Reading 1000000.xlsx,Sheet1,179,False,2.70805020110221,3.7416573867739413,0,0.0,0,0.0,196.0,2744.0
FS_NC_14d_079,EXP_FS_NC_14d,79,Normal Concrete,Control,,0,OPC 53 (UltraTech),14,Flexural Strength,3.277,100x100x500mm Prism,F Strength Reading 1000000.xlsx,Sheet1,180,False,2.70805020110221,3.7416573867739413,0,0.0,0,0.0,196.0,2744.0
FS_NC_14d_080,EXP_FS_NC_14d,80,Normal Concrete,Control,,0,OPC 53 (UltraTech),14,Flexural Strength,3.526,100x100x500mm Prism,F Strength Reading 1000000.xlsx,Sheet1,181,False,2.70805020110221,3.7416573867739413,0,0.0,0,0.0,196.0,2744.0
FS_NC_14d_081,EXP_FS_NC_14d,81,Normal Concrete,Control,,0,OPC 53 (UltraTech),14,Flexural Strength,3.204,100x100x500mm Prism,F Strength Reading 1000000.xlsx,Sheet1,182,False,2.70805020110221,3.7416573867739413,0,0.0,0,0.0,196.0,2744.0
FS_NC_14d_082,EXP_FS_NC_14d,82,Normal Concrete,Control,,0,OPC 53 (UltraTech),14,Flexural Strength,3.468,100x100x500mm Prism,F Strength Reading 1000000.xlsx,Sheet1,183,False,2.70805020110221,3.7416573867739413,0,0.0,0,0.0,196.0,2744.0
FS_NC_14d_083,EXP_FS_NC_14d,83,Normal Concrete,Control,,0,OPC 53 (UltraTech),14,Flexural Strength,3.557,100x100x500mm Prism,F Strength Reading 1000000.xlsx,Sheet1,184,False,2.70805020110221,3.7416573867739413,0,0.0,0,0.0,196.0,2744.0
FS_NC_14d_084,EXP_FS_NC_14d,84,Normal Concrete,Control,,0,OPC 53 (UltraTech),14,Flexural Strength,3.467,100x100x500mm Prism,F Strength Reading 1000000.xlsx,Sheet1,185,False,2.70805020110221,3.7416573867739413,0,0.0,0,0.0,196.0,2744.0
FS_NC_14d_085,EXP_FS_NC_14d,85,Normal Concrete,Control,,0,OPC 53 (UltraTech),14,Flexural Strength,3.584,100x100x500mm Prism,F Strength Reading 1000000.xlsx,Sheet1,186,False,2.70805020110221,3.7416573867739413,0,0.0,0,0.0,196.0,2744.0
FS_NC_14d_086,EXP_FS_NC_14d,86,Normal Concrete,Control,,0,OPC 53 (UltraTech),14,Flexural Strength,3.296,100x100x500mm Prism,F Strength Reading 1000000.xlsx,Sheet1,187,False,2.70805020110221,3.7416573867739413,0,0.0,0,0.0,196.0,2744.0
FS_NC_14d_087,EXP_FS_NC_14d,87,Normal Concrete,Control,,0,OPC 53 (UltraTech),14,Flexural Strength,3.522,100x100x500mm Prism,F Strength Reading 1000000.xlsx,Sheet1,188,False,2.70805020110221,3.7416573867739413,0,0.0,0,0.0,196.0,2744.0
FS_NC_14d_088,EXP_FS_NC_14d,88,Normal Concrete,Control,,0,OPC 53 (UltraTech),14,Flexural Strength,3.593,100x100x500mm Prism,F Strength Reading 1000000.xlsx,Sheet1,189,False,2.70805020110221,3.7416573867739413,0,0.0,0,0.0,196.0,2744.0
FS_NC_14d_089,EXP_FS_NC_14d,89,Normal Concrete,Control,,0,OPC 53 (UltraTech),14,Flexural Strength,3.699,100x100x500mm Prism,F Strength Reading 1000000.xlsx,Sheet1,190,False,2.70805020110221,3.7416573867739413,0,0.0,0,0.0,196.0,2744.0
FS_NC_14d_090,EXP_FS_NC_14d,90,Normal Concrete,Control,,0,OPC 53 (UltraTech),14,Flexural Strength,3.78,100x100x500mm Prism,F Strength Reading 1000000.xlsx,Sheet1,191,False,2.70805020110221,3.7416573867739413,0,0.0,0,0.0,196.0,2744.0
FS_NC_14d_091,EXP_FS_NC_14d,91,Normal Concrete,Control,,0,OPC 53 (UltraTech),14,Flexural Strength,3.445,100x100x500mm Prism,F Strength Reading 1000000.xlsx,Sheet1,192,False,2.70805020110221,3.7416573867739413,0,0.0,0,0.0,196.0,2744.0
FS_NC_14d_092,EXP_FS_NC_14d,92,Normal Concrete,Control,,0,OPC 53 (UltraTech),14,Flexural Strength,3.345,100x100x500mm Prism,F Strength Reading 1000000.xlsx,Sheet1,193,False,2.70805020110221,3.7416573867739413,0,0.0,0,0.0,196.0,2744.0
FS_NC_14d_093,EXP_FS_NC_14d,93,Normal Concrete,Control,,0,OPC 53 (UltraTech),14,Flexural Strength,3.349,100x100x500mm Prism,F Strength Reading 1000000.xlsx,Sheet1,194,False,2.70805020110221,3.7416573867739413,0,0.0,0,0.0,196.0,2744.0
FS_NC_14d_094,EXP_FS_NC_14d,94,Normal Concrete,Control,,0,OPC 53 (UltraTech),14,Flexural Strength,3.609,100x100x500mm Prism,F Strength Reading 1000000.xlsx,Sheet1,195,False,2.70805020110221,3.7416573867739413,0,0.0,0,0.0,196.0,2744.0
FS_NC_14d_095,EXP_FS_NC_14d,95,Normal Concrete,Control,,0,OPC 53 (UltraTech),14,Flexural Strength,3.69,100x100x500mm Prism,F Strength Reading 1000000.xlsx,Sheet1,196,False,2.70805020110221,3.7416573867739413,0,0.0,0,0.0,196.0,2744.0
FS_NC_14d_096,EXP_FS_NC_14d,96,Normal Concrete,Control,,0,OPC 53 (UltraTech),14,Flexural Strength,3.701,100x100x500mm Prism,F Strength Reading 1000000.xlsx,Sheet1,197,False,2.70805020110221,3.7416573867739413,0,0.0,0,0.0,196.0,2744.0
FS_NC_14d_097,EXP_FS_NC_14d,97,Normal Concrete,Control,,0,OPC 53 (UltraTech),14,Flexural Strength,3.843,100x100x500mm Prism,F Strength Reading 1000000.xlsx,Sheet1,198,False,2.70805020110221,3.7416573867739413,0,0.0,0,0.0,196.0,2744.0
FS_NC_14d_098,EXP_FS_NC_14d,98,Normal Concrete,Control,,0,OPC 53 (UltraTech),14,Flexural Strength,3.377,100x100x500mm Prism,F Strength Reading 1000000.xlsx,Sheet1,199,False,2.70805020110221,3.7416573867739413,0,0.0,0,0.0,196.0,2744.0
FS_NC_14d_099,EXP_FS_NC_14d,99,Normal Concrete,Control,,0,OPC 53 (UltraTech),14,Flexural Strength,3.917,100x100x500mm Prism,F Strength Reading 1000000.xlsx,Sheet1,200,False,2.70805020110221,3.7416573867739413,0,0.0,0,0.0,196.0,2744.0
FS_NC_14d_100,EXP_FS_NC_14d,100,Normal Concrete,Control,,0,OPC 53 (UltraTech),14,Flexural Strength,3.23,100x100x500mm Prism,F Strength Reading 1000000.xlsx,Sheet1,201,False,2.70805020110221,3.7416573867739413,0,0.0,0,0.0,196.0,2744.0
FS_NC_21d_001,EXP_FS_NC_21d,1,Normal Concrete,Control,,0,OPC 53 (UltraTech),21,Flexural Strength,3.928,100x100x500mm Prism,F Strength Reading 1000000.xlsx,Sheet1,202,False,3.091042453358316,4.58257569495584,0,0.0,0,0.0,441.0,9261.0
FS_NC_21d_002,EXP_FS_NC_21d,2,Normal Concrete,Control,,0,OPC 53 (UltraTech),21,Flexural Strength,4.12,100x100x500mm Prism,F Strength Reading 1000000.xlsx,Sheet1,203,False,3.091042453358316,4.58257569495584,0,0.0,0,0.0,441.0,9261.0
FS_NC_21d_003,EXP_FS_NC_21d,3,Normal Concrete,Control,,0,OPC 53 (UltraTech),21,Flexural Strength,4.197,100x100x500mm Prism,F Strength Reading 1000000.xlsx,Sheet1,204,False,3.091042453358316,4.58257569495584,0,0.0,0,0.0,441.0,9261.0
FS_NC_21d_004,EXP_FS_NC_21d,4,Normal Concrete,Control,,0,OPC 53 (UltraTech),21,Flexural Strength,3.786,100x100x500mm Prism,F Strength Reading 1000000.xlsx,Sheet1,205,False,3.091042453358316,4.58257569495584,0,0.0,0,0.0,441.0,9261.0
FS_NC_21d_005,EXP_FS_NC_21d,5,Normal Concrete,Control,,0,OPC 53 (UltraTech),21,Flexural Strength,3.44,100x100x500mm Prism,F Strength Reading 1000000.xlsx,Sheet1,206,False,3.091042453358316,4.58257569495584,0,0.0,0,0.0,441.0,9261.0
FS_NC_21d_006,EXP_FS_NC_21d,6,Normal Concrete,Control,,0,OPC 53 (UltraTech),21,Flexural Strength,3.695,100x100x500mm Prism,F Strength Reading 1000000.xlsx,Sheet1,207,False,3.091042453358316,4.58257569495584,0,0.0,0,0.0,441.0,9261.0
FS_NC_21d_007,EXP_FS_NC_21d,7,Normal Concrete,Control,,0,OPC 53 (UltraTech),21,Flexural Strength,3.722,100x100x500mm Prism,F Strength Reading 1000000.xlsx,Sheet1,208,False,3.091042453358316,4.58257569495584,0,0.0,0,0.0,441.0,9261.0
FS_NC_21d_008,EXP_FS_NC_21d,8,Normal Concrete,Control,,0,OPC 53 (UltraTech),21,Flexural Strength,3.993,100x100x500mm Prism,F Strength Reading 1000000.xlsx,Sheet1,209,False,3.091042453358316,4.58257569495584,0,0.0,0,0.0,441.0,9261.0
FS_NC_21d_009,EXP_FS_NC_21d,9,Normal Concrete,Control,,0,OPC 53 (UltraTech),21,Flexural Strength,3.622,100x100x500mm Prism,F Strength Reading 1000000.xlsx,Sheet1,210,False,3.091042453358316,4.58257569495584,0,0.0,0,0.0,441.0,9261.0
FS_NC_21d_010,EXP_FS_NC_21d,10,Normal Concrete,Control,,0,OPC 53 (UltraTech),21,Flexural Strength,3.814,100x100x500mm Prism,F Strength Reading 1000000.xlsx,Sheet1,211,False,3.091042453358316,4.58257569495584,0,0.0,0,0.0,441.0,9261.0
FS_NC_21d_011,EXP_FS_NC_21d,11,Normal Concrete,Control,,0,OPC 53 (UltraTech),21,Flexural Strength,3.874,100x100x500mm Prism,F Strength Reading 1000000.xlsx,Sheet1,212,False,3.091042453358316,4.58257569495584,0,0.0,0,0.0,441.0,9261.0
FS_NC_21d_012,EXP_FS_NC_21d,12,Normal Concrete,Control,,0,OPC 53 (UltraTech),21,Flexural Strength,3.889,100x100x500mm Prism,F Strength Reading 1000000.xlsx,Sheet1,213,False,3.091042453358316,4.58257569495584,0,0.0,0,0.0,441.0,9261.0
FS_NC_21d_013,EXP_FS_NC_21d,13,Normal Concrete,Control,,0,OPC 53 (UltraTech),21,Flexural Strength,3.846,100x100x500mm Prism,F Strength Reading 1000000.xlsx,Sheet1,214,False,3.091042453358316,4.58257569495584,0,0.0,0,0.0,441.0,9261.0
FS_NC_21d_014,EXP_FS_NC_21d,14,Normal Concrete,Control,,0,OPC 53 (UltraTech),21,Flexural Strength,4.004,100x100x500mm Prism,F Strength Reading 1000000.xlsx,Sheet1,215,False,3.091042453358316,4.58257569495584,0,0.0,0,0.0,441.0,9261.0
FS_NC_21d_015,EXP_FS_NC_21d,15,Normal Concrete,Control,,0,OPC 53 (UltraTech),21,Flexural Strength,3.63,100x100x500mm Prism,F Strength Reading 1000000.xlsx,Sheet1,216,False,3.091042453358316,4.58257569495584,0,0.0,0,0.0,441.0,9261.0
FS_NC_21d_016,EXP_FS_NC_21d,16,Normal Concrete,Control,,0,OPC 53 (UltraTech),21,Flexural Strength,4.174,100x100x500mm Prism,F Strength Reading 1000000.xlsx,Sheet1,217,False,3.091042453358316,4.58257569495584,0,0.0,0,0.0,441.0,9261.0
FS_NC_21d_017,EXP_FS_NC_21d,17,Normal Concrete,Control,,0,OPC 53 (UltraTech),21,Flexural Strength,4.216,100x100x500mm Prism,F Strength Reading 1000000.xlsx,Sheet1,218,False,3.091042453358316,4.58257569495584,0,0.0,0,0.0,441.0,9261.0
FS_NC_21d_018,EXP_FS_NC_21d,18,Normal Concrete,Control,,0,OPC 53 (UltraTech),21,Flexural Strength,4.058,100x100x500mm Prism,F Strength Reading 1000000.xlsx,Sheet1,219,False,3.091042453358316,4.58257569495584,0,0.0,0,0.0,441.0,9261.0
FS_NC_21d_019,EXP_FS_NC_21d,19,Normal Concrete,Control,,0,OPC 53 (UltraTech),21,Flexural Strength,3.493,100x100x500mm Prism,F Strength Reading 1000000.xlsx,Sheet1,220,False,3.091042453358316,4.58257569495584,0,0.0,0,0.0,441.0,9261.0
FS_NC_21d_020,EXP_FS_NC_21d,20,Normal Concrete,Control,,0,OPC 53 (UltraTech),21,Flexural Strength,3.79,100x100x500mm Prism,F Strength Reading 1000000.xlsx,Sheet1,221,False,3.091042453358316,4.58257569495584,0,0.0,0,0.0,441.0,9261.0
FS_NC_21d_021,EXP_FS_NC_21d,21,Normal Concrete,Control,,0,OPC 53 (UltraTech),21,Flexural Strength,4.05,100x100x500mm Prism,F Strength Reading 1000000.xlsx,Sheet1,222,False,3.091042453358316,4.58257569495584,0,0.0,0,0.0,441.0,9261.0
FS_NC_21d_022,EXP_FS_NC_21d,22,Normal Concrete,Control,,0,OPC 53 (UltraTech),21,Flexural Strength,3.658,100x100x500mm Prism,F Strength Reading 1000000.xlsx,Sheet1,223,False,3.091042453358316,4.58257569495584,0,0.0,0,0.0,441.0,9261.0
FS_NC_21d_023,EXP_FS_NC_21d,23,Normal Concrete,Control,,0,OPC 53 (UltraTech),21,Flexural Strength,4.062,100x100x500mm Prism,F Strength Reading 1000000.xlsx,Sheet1,224,False,3.091042453358316,4.58257569495584,0,0.0,0,0.0,441.0,9261.0
FS_NC_21d_024,EXP_FS_NC_21d,24,Normal Concrete,Control,,0,OPC 53 (UltraTech),21,Flexural Strength,4.26,100x100x500mm Prism,F Strength Reading 1000000.xlsx,Sheet1,225,False,3.091042453358316,4.58257569495584,0,0.0,0,0.0,441.0,9261.0
FS_NC_21d_025,EXP_FS_NC_21d,25,Normal Concrete,Control,,0,OPC 53 (UltraTech),21,Flexural Strength,3.703,100x100x500mm Prism,F Strength Reading 1000000.xlsx,Sheet1,226,False,3.091042453358316,4.58257569495584,0,0.0,0,0.0,441.0,9261.0
FS_NC_21d_026,EXP_FS_NC_21d,26,Normal Concrete,Control,,0,OPC 53 (UltraTech),21,Flexural Strength,4.084,100x100x500mm Prism,F Strength Reading 1000000.xlsx,Sheet1,227,False,3.091042453358316,4.58257569495584,0,0.0,0,0.0,441.0,9261.0
FS_NC_21d_027,EXP_FS_NC_21d,27,Normal Concrete,Control,,0,OPC 53 (UltraTech),21,Flexural Strength,3.836,100x100x500mm Prism,F Strength Reading 1000000.xlsx,Sheet1,228,False,3.091042453358316,4.58257569495584,0,0.0,0,0.0,441.0,9261.0
FS_NC_21d_028,EXP_FS_NC_21d,28,Normal Concrete,Control,,0,OPC 53 (UltraTech),21,Flexural Strength,3.61,100x100x500mm Prism,F Strength Reading 1000000.xlsx,Sheet1,229,False,3.091042453358316,4.58257569495584,0,0.0,0,0.0,441.0,9261.0
FS_NC_21d_029,EXP_FS_NC_21d,29,Normal Concrete,Control,,0,OPC 53 (UltraTech),21,Flexural Strength,3.633,100x100x500mm Prism,F Strength Reading 1000000.xlsx,Sheet1,230,False,3.091042453358316,4.58257569495584,0,0.0,0,0.0,441.0,9261.0
FS_NC_21d_030,EXP_FS_NC_21d,30,Normal Concrete,Control,,0,OPC 53 (UltraTech),21,Flexural Strength,3.741,100x100x500mm Prism,F Strength Reading 1000000.xlsx,Sheet1,231,False,3.091042453358316,4.58257569495584,0,0.0,0,0.0,441.0,9261.0
FS_NC_21d_031,EXP_FS_NC_21d,31,Normal Concrete,Control,,0,OPC 53 (UltraTech),21,Flexural Strength,3.972,100x100x500mm Prism,F Strength Reading 1000000.xlsx,Sheet1,232,False,3.091042453358316,4.58257569495584,0,0.0,0,0.0,441.0,9261.0
FS_NC_21d_032,EXP_FS_NC_21d,32,Normal Concrete,Control,,0,OPC 53 (UltraTech),21,Flexural Strength,3.337,100x100x500mm Prism,F Strength Reading 1000000.xlsx,Sheet1,233,False,3.091042453358316,4.58257569495584,0,0.0,0,0.0,441.0,9261.0
FS_NC_21d_033,EXP_FS_NC_21d,33,Normal Concrete,Control,,0,OPC 53 (UltraTech),21,Flexural Strength,3.885,100x100x500mm Prism,F Strength Reading 1000000.xlsx,Sheet1,234,False,3.091042453358316,4.58257569495584,0,0.0,0,0.0,441.0,9261.0
FS_NC_21d_034,EXP_FS_NC_21d,34,Normal Concrete,Control,,0,OPC 53 (UltraTech),21,Flexural Strength,4.22,100x100x500mm Prism,F Strength Reading 1000000.xlsx,Sheet1,235,False,3.091042453358316,4.58257569495584,0,0.0,0,0.0,441.0,9261.0
FS_NC_21d_035,EXP_FS_NC_21d,35,Normal Concrete,Control,,0,OPC 53 (UltraTech),21,Flexural Strength,3.955,100x100x500mm Prism,F Strength Reading 1000000.xlsx,Sheet1,236,False,3.091042453358316,4.58257569495584,0,0.0,0,0.0,441.0,9261.0
FS_NC_21d_036,EXP_FS_NC_21d,36,Normal Concrete,Control,,0,OPC 53 (UltraTech),21,Flexural Strength,4.463,100x100x500mm Prism,F Strength Reading 1000000.xlsx,Sheet1,237,False,3.091042453358316,4.58257569495584,0,0.0,0,0.0,441.0,9261.0
FS_NC_21d_037,EXP_FS_NC_21d,37,Normal Concrete,Control,,0,OPC 53 (UltraTech),21,Flexural Strength,3.629,100x100x500mm Prism,F Strength Reading 1000000.xlsx,Sheet1,238,False,3.091042453358316,4.58257569495584,0,0.0,0,0.0,441.0,9261.0
FS_NC_21d_038,EXP_FS_NC_21d,38,Normal Concrete,Control,,0,OPC 53 (UltraTech),21,Flexural Strength,3.988,100x100x500mm Prism,F Strength Reading 1000000.xlsx,Sheet1,239,False,3.091042453358316,4.58257569495584,0,0.0,0,0.0,441.0,9261.0
FS_NC_21d_039,EXP_FS_NC_21d,39,Normal Concrete,Control,,0,OPC 53 (UltraTech),21,Flexural Strength,4.39,100x100x500mm Prism,F Strength Reading 1000000.xlsx,Sheet1,240,False,3.091042453358316,4.58257569495584,0,0.0,0,0.0,441.0,9261.0
FS_NC_21d_040,EXP_FS_NC_21d,40,Normal Concrete,Control,,0,OPC 53 (UltraTech),21,Flexural Strength,4.078,100x100x500mm Prism,F Strength Reading 1000000.xlsx,Sheet1,241,False,3.091042453358316,4.58257569495584,0,0.0,0,0.0,441.0,9261.0
FS_NC_21d_041,EXP_FS_NC_21d,41,Normal Concrete,Control,,0,OPC 53 (UltraTech),21,Flexural Strength,4.043,100x100x500mm Prism,F Strength Reading 1000000.xlsx,Sheet1,242,False,3.091042453358316,4.58257569495584,0,0.0,0,0.0,441.0,9261.0
FS_NC_21d_042,EXP_FS_NC_21d,42,Normal Concrete,Control,,0,OPC 53 (UltraTech),21,Flexural Strength,3.765,100x100x500mm Prism,F Strength Reading 1000000.xlsx,Sheet1,243,False,3.091042453358316,4.58257569495584,0,0.0,0,0.0,441.0,9261.0
FS_NC_21d_043,EXP_FS_NC_21d,43,Normal Concrete,Control,,0,OPC 53 (UltraTech),21,Flexural Strength,3.817,100x100x500mm Prism,F Strength Reading 1000000.xlsx,Sheet1,244,False,3.091042453358316,4.58257569495584,0,0.0,0,0.0,441.0,9261.0
FS_NC_21d_044,EXP_FS_NC_21d,44,Normal Concrete,Control,,0,OPC 53 (UltraTech),21,Flexural Strength,3.805,100x100x500mm Prism,F Strength Reading 1000000.xlsx,Sheet1,245,False,3.091042453358316,4.58257569495584,0,0.0,0,0.0,441.0,9261.0
FS_NC_21d_045,EXP_FS_NC_21d,45,Normal Concrete,Control,,0,OPC 53 (UltraTech),21,Flexural Strength,4.098,100x100x500mm Prism,F Strength Reading 1000000.xlsx,Sheet1,246,False,3.091042453358316,4.58257569495584,0,0.0,0,0.0,441.0,9261.0
FS_NC_21d_046,EXP_FS_NC_21d,46,Normal Concrete,Control,,0,OPC 53 (UltraTech),21,Flexural Strength,4.127,100x100x500mm Prism,F Strength Reading 1000000.xlsx,Sheet1,247,False,3.091042453358316,4.58257569495584,0,0.0,0,0.0,441.0,9261.0
FS_NC_21d_047,EXP_FS_NC_21d,47,Normal Concrete,Control,,0,OPC 53 (UltraTech),21,Flexural Strength,3.747,100x100x500mm Prism,F Strength Reading 1000000.xlsx,Sheet1,248,False,3.091042453358316,4.58257569495584,0,0.0,0,0.0,441.0,9261.0
FS_NC_21d_048,EXP_FS_NC_21d,48,Normal Concrete,Control,,0,OPC 53 (UltraTech),21,Flexural Strength,3.895,100x100x500mm Prism,F Strength Reading 1000000.xlsx,Sheet1,249,False,3.091042453358316,4.58257569495584,0,0.0,0,0.0,441.0,9261.0
FS_NC_21d_049,EXP_FS_NC_21d,49,Normal Concrete,Control,,0,OPC 53 (UltraTech),21,Flexural Strength,4.089,100x100x500mm Prism,F Strength Reading 1000000.xlsx,Sheet1,250,False,3.091042453358316,4.58257569495584,0,0.0,0,0.0,441.0,9261.0
FS_NC_21d_050,EXP_FS_NC_21d,50,Normal Concrete,Control,,0,OPC 53 (UltraTech),21,Flexural Strength,3.969,100x100x500mm Prism,F Strength Reading 1000000.xlsx,Sheet1,251,False,3.091042453358316,4.58257569495584,0,0.0,0,0.0,441.0,9261.0
FS_NC_21d_051,EXP_FS_NC_21d,51,Normal Concrete,Control,,0,OPC 53 (UltraTech),21,Flexural Strength,4.134,100x100x500mm Prism,F Strength Reading 1000000.xlsx,Sheet1,252,False,3.091042453358316,4.58257569495584,0,0.0,0,0.0,441.0,9261.0
FS_NC_21d_052,EXP_FS_NC_21d,52,Normal Concrete,Control,,0,OPC 53 (UltraTech),21,Flexural Strength,3.626,100x100x500mm Prism,F Strength Reading 1000000.xlsx,Sheet1,253,False,3.091042453358316,4.58257569495584,0,0.0,0,0.0,441.0,9261.0
FS_NC_21d_053,EXP_FS_NC_21d,53,Normal Concrete,Control,,0,OPC 53 (UltraTech),21,Flexural Strength,3.723,100x100x500mm Prism,F Strength Reading 1000000.xlsx,Sheet1,254,False,3.091042453358316,4.58257569495584,0,0.0,0,0.0,441.0,9261.0
FS_NC_21d_054,EXP_FS_NC_21d,54,Normal Concrete,Control,,0,OPC 53 (UltraTech),21,Flexural Strength,3.692,100x100x500mm Prism,F Strength Reading 1000000.xlsx,Sheet1,255,False,3.091042453358316,4.58257569495584,0,0.0,0,0.0,441.0,9261.0
FS_NC_21d_055,EXP_FS_NC_21d,55,Normal Concrete,Control,,0,OPC 53 (UltraTech),21,Flexural Strength,3.707,100x100x500mm Prism,F Strength Reading 1000000.xlsx,Sheet1,256,False,3.091042453358316,4.58257569495584,0,0.0,0,0.0,441.0,9261.0
FS_NC_21d_056,EXP_FS_NC_21d,56,Normal Concrete,Control,,0,OPC 53 (UltraTech),21,Flexural Strength,3.315,100x100x500mm Prism,F Strength Reading 1000000.xlsx,Sheet1,257,False,3.091042453358316,4.58257569495584,0,0.0,0,0.0,441.0,9261.0
FS_NC_21d_057,EXP_FS_NC_21d,57,Normal Concrete,Control,,0,OPC 53 (UltraTech),21,Flexural Strength,4.089,100x100x500mm Prism,F Strength Reading 1000000.xlsx,Sheet1,258,False,3.091042453358316,4.58257569495584,0,0.0,0,0.0,441.0,9261.0
FS_NC_21d_058,EXP_FS_NC_21d,58,Normal Concrete,Control,,0,OPC 53 (UltraTech),21,Flexural Strength,3.477,100x100x500mm Prism,F Strength Reading 1000000.xlsx,Sheet1,259,False,3.091042453358316,4.58257569495584,0,0.0,0,0.0,441.0,9261.0
FS_NC_21d_059,EXP_FS_NC_21d,59,Normal Concrete,Control,,0,OPC 53 (UltraTech),21,Flexural Strength,4.045,100x100x500mm Prism,F Strength Reading 1000000.xlsx,Sheet1,260,False,3.091042453358316,4.58257569495584,0,0.0,0,0.0,441.0,9261.0
FS_NC_21d_060,EXP_FS_NC_21d,60,Normal Concrete,Control,,0,OPC 53 (UltraTech),21,Flexural Strength,4.064,100x100x500mm Prism,F Strength Reading 1000000.xlsx,Sheet1,261,False,3.091042453358316,4.58257569495584,0,0.0,0,0.0,441.0,9261.0
FS_NC_21d_061,EXP_FS_NC_21d,61,Normal Concrete,Control,,0,OPC 53 (UltraTech),21,Flexural Strength,3.804,100x100x500mm Prism,F Strength Reading 1000000.xlsx,Sheet1,262,False,3.091042453358316,4.58257569495584,0,0.0,0,0.0,441.0,9261.0
FS_NC_21d_062,EXP_FS_NC_21d,62,Normal Concrete,Control,,0,OPC 53 (UltraTech),21,Flexural Strength,3.554,100x100x500mm Prism,F Strength Reading 1000000.xlsx,Sheet1,263,False,3.091042453358316,4.58257569495584,0,0.0,0,0.0,441.0,9261.0
FS_NC_21d_063,EXP_FS_NC_21d,63,Normal Concrete,Control,,0,OPC 53 (UltraTech),21,Flexural Strength,3.753,100x100x500mm Prism,F Strength Reading 1000000.xlsx,Sheet1,264,False,3.091042453358316,4.58257569495584,0,0.0,0,0.0,441.0,9261.0
FS_NC_21d_064,EXP_FS_NC_21d,64,Normal Concrete,Control,,0,OPC 53 (UltraTech),21,Flexural Strength,3.538,100x100x500mm Prism,F Strength Reading 1000000.xlsx,Sheet1,265,False,3.091042453358316,4.58257569495584,0,0.0,0,0.0,441.0,9261.0
FS_NC_21d_065,EXP_FS_NC_21d,65,Normal Concrete,Control,,0,OPC 53 (UltraTech),21,Flexural Strength,4.038,100x100x500mm Prism,F Strength Reading 1000000.xlsx,Sheet1,266,False,3.091042453358316,4.58257569495584,0,0.0,0,0.0,441.0,9261.0
FS_NC_21d_066,EXP_FS_NC_21d,66,Normal Concrete,Control,,0,OPC 53 (UltraTech),21,Flexural Strength,3.838,100x100x500mm Prism,F Strength Reading 1000000.xlsx,Sheet1,267,False,3.091042453358316,4.58257569495584,0,0.0,0,0.0,441.0,9261.0
FS_NC_21d_067,EXP_FS_NC_21d,67,Normal Concrete,Control,,0,OPC 53 (UltraTech),21,Flexural Strength,4.029,100x100x500mm Prism,F Strength Reading 1000000.xlsx,Sheet1,268,False,3.091042453358316,4.58257569495584,0,0.0,0,0.0,441.0,9261.0
FS_NC_21d_068,EXP_FS_NC_21d,68,Normal Concrete,Control,,0,OPC 53 (UltraTech),21,Flexural Strength,3.924,100x100x500mm Prism,F Strength Reading 1000000.xlsx,Sheet1,269,False,3.091042453358316,4.58257569495584,0,0.0,0,0.0,441.0,9261.0
FS_NC_21d_069,EXP_FS_NC_21d,69,Normal Concrete,Control,,0,OPC 53 (UltraTech),21,Flexural Strength,3.868,100x100x500mm Prism,F Strength Reading 1000000.xlsx,Sheet1,270,False,3.091042453358316,4.58257569495584,0,0.0,0,0.0,441.0,9261.0
FS_NC_21d_070,EXP_FS_NC_21d,70,Normal Concrete,Control,,0,OPC 53 (UltraTech),21,Flexural Strength,3.944,100x100x500mm Prism,F Strength Reading 1000000.xlsx,Sheet1,271,False,3.091042453358316,4.58257569495584,0,0.0,0,0.0,441.0,9261.0
FS_NC_21d_071,EXP_FS_NC_21d,71,Normal Concrete,Control,,0,OPC 53 (UltraTech),21,Flexural Strength,4.273,100x100x500mm Prism,F Strength Reading 1000000.xlsx,Sheet1,272,False,3.091042453358316,4.58257569495584,0,0.0,0,0.0,441.0,9261.0
FS_NC_21d_072,EXP_FS_NC_21d,72,Normal Concrete,Control,,0,OPC 53 (UltraTech),21,Flexural Strength,3.54,100x100x500mm Prism,F Strength Reading 1000000.xlsx,Sheet1,273,False,3.091042453358316,4.58257569495584,0,0.0,0,0.0,441.0,9261.0
FS_NC_21d_073,EXP_FS_NC_21d,73,Normal Concrete,Control,,0,OPC 53 (UltraTech),21,Flexural Strength,4.43,100x100x500mm Prism,F Strength Reading 1000000.xlsx,Sheet1,274,False,3.091042453358316,4.58257569495584,0,0.0,0,0.0,441.0,9261.0
FS_NC_21d_074,EXP_FS_NC_21d,74,Normal Concrete,Control,,0,OPC 53 (UltraTech),21,Flexural Strength,3.977,100x100x500mm Prism,F Strength Reading 1000000.xlsx,Sheet1,275,False,3.091042453358316,4.58257569495584,0,0.0,0,0.0,441.0,9261.0
FS_NC_21d_075,EXP_FS_NC_21d,75,Normal Concrete,Control,,0,OPC 53 (UltraTech),21,Flexural Strength,4.034,100x100x500mm Prism,F Strength Reading 1000000.xlsx,Sheet1,276,False,3.091042453358316,4.58257569495584,0,0.0,0,0.0,441.0,9261.0
FS_NC_21d_076,EXP_FS_NC_21d,76,Normal Concrete,Control,,0,OPC 53 (UltraTech),21,Flexural Strength,4.199,100x100x500mm Prism,F Strength Reading 1000000.xlsx,Sheet1,277,False,3.091042453358316,4.58257569495584,0,0.0,0,0.0,441.0,9261.0
FS_NC_21d_077,EXP_FS_NC_21d,77,Normal Concrete,Control,,0,OPC 53 (UltraTech),21,Flexural Strength,3.827,100x100x500mm Prism,F Strength Reading 1000000.xlsx,Sheet1,278,False,3.091042453358316,4.58257569495584,0,0.0,0,0.0,441.0,9261.0
FS_NC_21d_078,EXP_FS_NC_21d,78,Normal Concrete,Control,,0,OPC 53 (UltraTech),21,Flexural Strength,3.858,100x100x500mm Prism,F Strength Reading 1000000.xlsx,Sheet1,279,False,3.091042453358316,4.58257569495584,0,0.0,0,0.0,441.0,9261.0
FS_NC_21d_079,EXP_FS_NC_21d,79,Normal Concrete,Control,,0,OPC 53 (UltraTech),21,Flexural Strength,4.256,100x100x500mm Prism,F Strength Reading 1000000.xlsx,Sheet1,280,False,3.091042453358316,4.58257569495584,0,0.0,0,0.0,441.0,9261.0
FS_NC_21d_080,EXP_FS_NC_21d,80,Normal Concrete,Control,,0,OPC 53 (UltraTech),21,Flexural Strength,3.956,100x100x500mm Prism,F Strength Reading 1000000.xlsx,Sheet1,281,False,3.091042453358316,4.58257569495584,0,0.0,0,0.0,441.0,9261.0
FS_NC_21d_081,EXP_FS_NC_21d,81,Normal Concrete,Control,,0,OPC 53 (UltraTech),21,Flexural Strength,3.615,100x100x500mm Prism,F Strength Reading 1000000.xlsx,Sheet1,282,False,3.091042453358316,4.58257569495584,0,0.0,0,0.0,441.0,9261.0
FS_NC_21d_082,EXP_FS_NC_21d,82,Normal Concrete,Control,,0,OPC 53 (UltraTech),21,Flexural Strength,4.028,100x100x500mm Prism,F Strength Reading 1000000.xlsx,Sheet1,283,False,3.091042453358316,4.58257569495584,0,0.0,0,0.0,441.0,9261.0
FS_NC_21d_083,EXP_FS_NC_21d,83,Normal Concrete,Control,,0,OPC 53 (UltraTech),21,Flexural Strength,3.959,100x100x500mm Prism,F Strength Reading 1000000.xlsx,Sheet1,284,False,3.091042453358316,4.58257569495584,0,0.0,0,0.0,441.0,9261.0
FS_NC_21d_084,EXP_FS_NC_21d,84,Normal Concrete,Control,,0,OPC 53 (UltraTech),21,Flexural Strength,4.117,100x100x500mm Prism,F Strength Reading 1000000.xlsx,Sheet1,285,False,3.091042453358316,4.58257569495584,0,0.0,0,0.0,441.0,9261.0
FS_NC_21d_085,EXP_FS_NC_21d,85,Normal Concrete,Control,,0,OPC 53 (UltraTech),21,Flexural Strength,4.474,100x100x500mm Prism,F Strength Reading 1000000.xlsx,Sheet1,286,False,3.091042453358316,4.58257569495584,0,0.0,0,0.0,441.0,9261.0
FS_NC_21d_086,EXP_FS_NC_21d,86,Normal Concrete,Control,,0,OPC 53 (UltraTech),21,Flexural Strength,3.859,100x100x500mm Prism,F Strength Reading 1000000.xlsx,Sheet1,287,False,3.091042453358316,4.58257569495584,0,0.0,0,0.0,441.0,9261.0
FS_NC_21d_087,EXP_FS_NC_21d,87,Normal Concrete,Control,,0,OPC 53 (UltraTech),21,Flexural Strength,3.968,100x100x500mm Prism,F Strength Reading 1000000.xlsx,Sheet1,288,False,3.091042453358316,4.58257569495584,0,0.0,0,0.0,441.0,9261.0
FS_NC_21d_088,EXP_FS_NC_21d,88,Normal Concrete,Control,,0,OPC 53 (UltraTech),21,Flexural Strength,3.495,100x100x500mm Prism,F Strength Reading 1000000.xlsx,Sheet1,289,False,3.091042453358316,4.58257569495584,0,0.0,0,0.0,441.0,9261.0
FS_NC_21d_089,EXP_FS_NC_21d,89,Normal Concrete,Control,,0,OPC 53 (UltraTech),21,Flexural Strength,3.723,100x100x500mm Prism,F Strength Reading 1000000.xlsx,Sheet1,290,False,3.091042453358316,4.58257569495584,0,0.0,0,0.0,441.0,9261.0
FS_NC_21d_090,EXP_FS_NC_21d,90,Normal Concrete,Control,,0,OPC 53 (UltraTech),21,Flexural Strength,4.13,100x100x500mm Prism,F Strength Reading 1000000.xlsx,Sheet1,291,False,3.091042453358316,4.58257569495584,0,0.0,0,0.0,441.0,9261.0
FS_NC_21d_091,EXP_FS_NC_21d,91,Normal Concrete,Control,,0,OPC 53 (UltraTech),21,Flexural Strength,4.072,100x100x500mm Prism,F Strength Reading 1000000.xlsx,Sheet1,292,False,3.091042453358316,4.58257569495584,0,0.0,0,0.0,441.0,9261.0
FS_NC_21d_092,EXP_FS_NC_21d,92,Normal Concrete,Control,,0,OPC 53 (UltraTech),21,Flexural Strength,4.228,100x100x500mm Prism,F Strength Reading 1000000.xlsx,Sheet1,293,False,3.091042453358316,4.58257569495584,0,0.0,0,0.0,441.0,9261.0
FS_NC_21d_093,EXP_FS_NC_21d,93,Normal Concrete,Control,,0,OPC 53 (UltraTech),21,Flexural Strength,3.967,100x100x500mm Prism,F Strength Reading 1000000.xlsx,Sheet1,294,False,3.091042453358316,4.58257569495584,0,0.0,0,0.0,441.0,9261.0
FS_NC_21d_094,EXP_FS_NC_21d,94,Normal Concrete,Control,,0,OPC 53 (UltraTech),21,Flexural Strength,3.779,100x100x500mm Prism,F Strength Reading 1000000.xlsx,Sheet1,295,False,3.091042453358316,4.58257569495584,0,0.0,0,0.0,441.0,9261.0
FS_NC_21d_095,EXP_FS_NC_21d,95,Normal Concrete,Control,,0,OPC 53 (UltraTech),21,Flexural Strength,4.112,100x100x500mm Prism,F Strength Reading 1000000.xlsx,Sheet1,296,False,3.091042453358316,4.58257569495584,0,0.0,0,0.0,441.0,9261.0
FS_NC_21d_096,EXP_FS_NC_21d,96,Normal Concrete,Control,,0,OPC 53 (UltraTech),21,Flexural Strength,3.996,100x100x500mm Prism,F Strength Reading 1000000.xlsx,Sheet1,297,False,3.091042453358316,4.58257569495584,0,0.0,0,0.0,441.0,9261.0
FS_NC_21d_097,EXP_FS_NC_21d,97,Normal Concrete,Control,,0,OPC 53 (UltraTech),21,Flexural Strength,3.923,100x100x500mm Prism,F Strength Reading 1000000.xlsx,Sheet1,298,False,3.091042453358316,4.58257569495584,0,0.0,0,0.0,441.0,9261.0
FS_NC_21d_098,EXP_FS_NC_21d,98,Normal Concrete,Control,,0,OPC 53 (UltraTech),21,Flexural Strength,3.738,100x100x500mm Prism,F Strength Reading 1000000.xlsx,Sheet1,299,False,3.091042453358316,4.58257569495584,0,0.0,0,0.0,441.0,9261.0
FS_NC_21d_099,EXP_FS_NC_21d,99,Normal Concrete,Control,,0,OPC 53 (UltraTech),21,Flexural Strength,3.904,100x100x500mm Prism,F Strength Reading 1000000.xlsx,Sheet1,300,False,3.091042453358316,4.58257569495584,0,0.0,0,0.0,441.0,9261.0
FS_NC_21d_100,EXP_FS_NC_21d,100,Normal Concrete,Control,,0,OPC 53 (UltraTech),21,Flexural Strength,3.654,100x100x500mm Prism,F Strength Reading 1000000.xlsx,Sheet1,301,False,3.091042453358316,4.58257569495584,0,0.0,0,0.0,441.0,9261.0
FS_NC_28d_001,EXP_FS_NC_28d,1,Normal Concrete,Control,,0,OPC 53 (UltraTech),28,Flexural Strength,3.628,100x100x500mm Prism,F Strength Reading 1000000.xlsx,Sheet1,302,False,3.367295829986474,5.291502622129181,0,0.0,0,0.0,784.0,21952.0
FS_NC_28d_002,EXP_FS_NC_28d,2,Normal Concrete,Control,,0,OPC 53 (UltraTech),28,Flexural Strength,4.255,100x100x500mm Prism,F Strength Reading 1000000.xlsx,Sheet1,303,False,3.367295829986474,5.291502622129181,0,0.0,0,0.0,784.0,21952.0
FS_NC_28d_003,EXP_FS_NC_28d,3,Normal Concrete,Control,,0,OPC 53 (UltraTech),28,Flexural Strength,4.019,100x100x500mm Prism,F Strength Reading 1000000.xlsx,Sheet1,304,False,3.367295829986474,5.291502622129181,0,0.0,0,0.0,784.0,21952.0
FS_NC_28d_004,EXP_FS_NC_28d,4,Normal Concrete,Control,,0,OPC 53 (UltraTech),28,Flexural Strength,3.957,100x100x500mm Prism,F Strength Reading 1000000.xlsx,Sheet1,305,False,3.367295829986474,5.291502622129181,0,0.0,0,0.0,784.0,21952.0
FS_NC_28d_005,EXP_FS_NC_28d,5,Normal Concrete,Control,,0,OPC 53 (UltraTech),28,Flexural Strength,3.857,100x100x500mm Prism,F Strength Reading 1000000.xlsx,Sheet1,306,False,3.367295829986474,5.291502622129181,0,0.0,0,0.0,784.0,21952.0
FS_NC_28d_006,EXP_FS_NC_28d,6,Normal Concrete,Control,,0,OPC 53 (UltraTech),28,Flexural Strength,4.403,100x100x500mm Prism,F Strength Reading 1000000.xlsx,Sheet1,307,False,3.367295829986474,5.291502622129181,0,0.0,0,0.0,784.0,21952.0
FS_NC_28d_007,EXP_FS_NC_28d,7,Normal Concrete,Control,,0,OPC 53 (UltraTech),28,Flexural Strength,4.22,100x100x500mm Prism,F Strength Reading 1000000.xlsx,Sheet1,308,False,3.367295829986474,5.291502622129181,0,0.0,0,0.0,784.0,21952.0
FS_NC_28d_008,EXP_FS_NC_28d,8,Normal Concrete,Control,,0,OPC 53 (UltraTech),28,Flexural Strength,4.629,100x100x500mm Prism,F Strength Reading 1000000.xlsx,Sheet1,309,False,3.367295829986474,5.291502622129181,0,0.0,0,0.0,784.0,21952.0
FS_NC_28d_009,EXP_FS_NC_28d,9,Normal Concrete,Control,,0,OPC 53 (UltraTech),28,Flexural Strength,4.203,100x100x500mm Prism,F Strength Reading 1000000.xlsx,Sheet1,310,False,3.367295829986474,5.291502622129181,0,0.0,0,0.0,784.0,21952.0
FS_NC_28d_010,EXP_FS_NC_28d,10,Normal Concrete,Control,,0,OPC 53 (UltraTech),28,Flexural Strength,3.558,100x100x500mm Prism,F Strength Reading 1000000.xlsx,Sheet1,311,False,3.367295829986474,5.291502622129181,0,0.0,0,0.0,784.0,21952.0
FS_NC_28d_011,EXP_FS_NC_28d,11,Normal Concrete,Control,,0,OPC 53 (UltraTech),28,Flexural Strength,4.374,100x100x500mm Prism,F Strength Reading 1000000.xlsx,Sheet1,312,False,3.367295829986474,5.291502622129181,0,0.0,0,0.0,784.0,21952.0
FS_NC_28d_012,EXP_FS_NC_28d,12,Normal Concrete,Control,,0,OPC 53 (UltraTech),28,Flexural Strength,4.326,100x100x500mm Prism,F Strength Reading 1000000.xlsx,Sheet1,313,False,3.367295829986474,5.291502622129181,0,0.0,0,0.0,784.0,21952.0
FS_NC_28d_013,EXP_FS_NC_28d,13,Normal Concrete,Control,,0,OPC 53 (UltraTech),28,Flexural Strength,3.894,100x100x500mm Prism,F Strength Reading 1000000.xlsx,Sheet1,314,False,3.367295829986474,5.291502622129181,0,0.0,0,0.0,784.0,21952.0
FS_NC_28d_014,EXP_FS_NC_28d,14,Normal Concrete,Control,,0,OPC 53 (UltraTech),28,Flexural Strength,3.917,100x100x500mm Prism,F Strength Reading 1000000.xlsx,Sheet1,315,False,3.367295829986474,5.291502622129181,0,0.0,0,0.0,784.0,21952.0
FS_NC_28d_015,EXP_FS_NC_28d,15,Normal Concrete,Control,,0,OPC 53 (UltraTech),28,Flexural Strength,4.202,100x100x500mm Prism,F Strength Reading 1000000.xlsx,Sheet1,316,False,3.367295829986474,5.291502622129181,0,0.0,0,0.0,784.0,21952.0
FS_NC_28d_016,EXP_FS_NC_28d,16,Normal Concrete,Control,,0,OPC 53 (UltraTech),28,Flexural Strength,4.168,100x100x500mm Prism,F Strength Reading 1000000.xlsx,Sheet1,317,False,3.367295829986474,5.291502622129181,0,0.0,0,0.0,784.0,21952.0
FS_NC_28d_017,EXP_FS_NC_28d,17,Normal Concrete,Control,,0,OPC 53 (UltraTech),28,Flexural Strength,4.153,100x100x500mm Prism,F Strength Reading 1000000.xlsx,Sheet1,318,False,3.367295829986474,5.291502622129181,0,0.0,0,0.0,784.0,21952.0
FS_NC_28d_018,EXP_FS_NC_28d,18,Normal Concrete,Control,,0,OPC 53 (UltraTech),28,Flexural Strength,4.293,100x100x500mm Prism,F Strength Reading 1000000.xlsx,Sheet1,319,False,3.367295829986474,5.291502622129181,0,0.0,0,0.0,784.0,21952.0
FS_NC_28d_019,EXP_FS_NC_28d,19,Normal Concrete,Control,,0,OPC 53 (UltraTech),28,Flexural Strength,4.758,100x100x500mm Prism,F Strength Reading 1000000.xlsx,Sheet1,320,False,3.367295829986474,5.291502622129181,0,0.0,0,0.0,784.0,21952.0
FS_NC_28d_020,EXP_FS_NC_28d,20,Normal Concrete,Control,,0,OPC 53 (UltraTech),28,Flexural Strength,3.797,100x100x500mm Prism,F Strength Reading 1000000.xlsx,Sheet1,321,False,3.367295829986474,5.291502622129181,0,0.0,0,0.0,784.0,21952.0
FS_NC_28d_021,EXP_FS_NC_28d,21,Normal Concrete,Control,,0,OPC 53 (UltraTech),28,Flexural Strength,4.204,100x100x500mm Prism,F Strength Reading 1000000.xlsx,Sheet1,322,False,3.367295829986474,5.291502622129181,0,0.0,0,0.0,784.0,21952.0
FS_NC_28d_022,EXP_FS_NC_28d,22,Normal Concrete,Control,,0,OPC 53 (UltraTech),28,Flexural Strength,3.867,100x100x500mm Prism,F Strength Reading 1000000.xlsx,Sheet1,323,False,3.367295829986474,5.291502622129181,0,0.0,0,0.0,784.0,21952.0
FS_NC_28d_023,EXP_FS_NC_28d,23,Normal Concrete,Control,,0,OPC 53 (UltraTech),28,Flexural Strength,3.899,100x100x500mm Prism,F Strength Reading 1000000.xlsx,Sheet1,324,False,3.367295829986474,5.291502622129181,0,0.0,0,0.0,784.0,21952.0
FS_NC_28d_024,EXP_FS_NC_28d,24,Normal Concrete,Control,,0,OPC 53 (UltraTech),28,Flexural Strength,4.276,100x100x500mm Prism,F Strength Reading 1000000.xlsx,Sheet1,325,False,3.367295829986474,5.291502622129181,0,0.0,0,0.0,784.0,21952.0
FS_NC_28d_025,EXP_FS_NC_28d,25,Normal Concrete,Control,,0,OPC 53 (UltraTech),28,Flexural Strength,4.537,100x100x500mm Prism,F Strength Reading 1000000.xlsx,Sheet1,326,False,3.367295829986474,5.291502622129181,0,0.0,0,0.0,784.0,21952.0
FS_NC_28d_026,EXP_FS_NC_28d,26,Normal Concrete,Control,,0,OPC 53 (UltraTech),28,Flexural Strength,4.194,100x100x500mm Prism,F Strength Reading 1000000.xlsx,Sheet1,327,False,3.367295829986474,5.291502622129181,0,0.0,0,0.0,784.0,21952.0
FS_NC_28d_027,EXP_FS_NC_28d,27,Normal Concrete,Control,,0,OPC 53 (UltraTech),28,Flexural Strength,4.164,100x100x500mm Prism,F Strength Reading 1000000.xlsx,Sheet1,328,False,3.367295829986474,5.291502622129181,0,0.0,0,0.0,784.0,21952.0
FS_NC_28d_028,EXP_FS_NC_28d,28,Normal Concrete,Control,,0,OPC 53 (UltraTech),28,Flexural Strength,4.115,100x100x500mm Prism,F Strength Reading 1000000.xlsx,Sheet1,329,False,3.367295829986474,5.291502622129181,0,0.0,0,0.0,784.0,21952.0
FS_NC_28d_029,EXP_FS_NC_28d,29,Normal Concrete,Control,,0,OPC 53 (UltraTech),28,Flexural Strength,4.147,100x100x500mm Prism,F Strength Reading 1000000.xlsx,Sheet1,330,False,3.367295829986474,5.291502622129181,0,0.0,0,0.0,784.0,21952.0
FS_NC_28d_030,EXP_FS_NC_28d,30,Normal Concrete,Control,,0,OPC 53 (UltraTech),28,Flexural Strength,4.332,100x100x500mm Prism,F Strength Reading 1000000.xlsx,Sheet1,331,False,3.367295829986474,5.291502622129181,0,0.0,0,0.0,784.0,21952.0
FS_NC_28d_031,EXP_FS_NC_28d,31,Normal Concrete,Control,,0,OPC 53 (UltraTech),28,Flexural Strength,4.595,100x100x500mm Prism,F Strength Reading 1000000.xlsx,Sheet1,332,False,3.367295829986474,5.291502622129181,0,0.0,0,0.0,784.0,21952.0
FS_NC_28d_032,EXP_FS_NC_28d,32,Normal Concrete,Control,,0,OPC 53 (UltraTech),28,Flexural Strength,4.326,100x100x500mm Prism,F Strength Reading 1000000.xlsx,Sheet1,333,False,3.367295829986474,5.291502622129181,0,0.0,0,0.0,784.0,21952.0
FS_NC_28d_033,EXP_FS_NC_28d,33,Normal Concrete,Control,,0,OPC 53 (UltraTech),28,Flexural Strength,4.284,100x100x500mm Prism,F Strength Reading 1000000.xlsx,Sheet1,334,False,3.367295829986474,5.291502622129181,0,0.0,0,0.0,784.0,21952.0
FS_NC_28d_034,EXP_FS_NC_28d,34,Normal Concrete,Control,,0,OPC 53 (UltraTech),28,Flexural Strength,4.311,100x100x500mm Prism,F Strength Reading 1000000.xlsx,Sheet1,335,False,3.367295829986474,5.291502622129181,0,0.0,0,0.0,784.0,21952.0
FS_NC_28d_035,EXP_FS_NC_28d,35,Normal Concrete,Control,,0,OPC 53 (UltraTech),28,Flexural Strength,4.346,100x100x500mm Prism,F Strength Reading 1000000.xlsx,Sheet1,336,False,3.367295829986474,5.291502622129181,0,0.0,0,0.0,784.0,21952.0
FS_NC_28d_036,EXP_FS_NC_28d,36,Normal Concrete,Control,,0,OPC 53 (UltraTech),28,Flexural Strength,4.381,100x100x500mm Prism,F Strength Reading 1000000.xlsx,Sheet1,337,False,3.367295829986474,5.291502622129181,0,0.0,0,0.0,784.0,21952.0
FS_NC_28d_037,EXP_FS_NC_28d,37,Normal Concrete,Control,,0,OPC 53 (UltraTech),28,Flexural Strength,4.029,100x100x500mm Prism,F Strength Reading 1000000.xlsx,Sheet1,338,False,3.367295829986474,5.291502622129181,0,0.0,0,0.0,784.0,21952.0
FS_NC_28d_038,EXP_FS_NC_28d,38,Normal Concrete,Control,,0,OPC 53 (UltraTech),28,Flexural Strength,4.153,100x100x500mm Prism,F Strength Reading 1000000.xlsx,Sheet1,339,False,3.367295829986474,5.291502622129181,0,0.0,0,0.0,784.0,21952.0
FS_NC_28d_039,EXP_FS_NC_28d,39,Normal Concrete,Control,,0,OPC 53 (UltraTech),28,Flexural Strength,4.128,100x100x500mm Prism,F Strength Reading 1000000.xlsx,Sheet1,340,False,3.367295829986474,5.291502622129181,0,0.0,0,0.0,784.0,21952.0
FS_NC_28d_040,EXP_FS_NC_28d,40,Normal Concrete,Control,,0,OPC 53 (UltraTech),28,Flexural Strength,4.512,100x100x500mm Prism,F Strength Reading 1000000.xlsx,Sheet1,341,False,3.367295829986474,5.291502622129181,0,0.0,0,0.0,784.0,21952.0
FS_NC_28d_041,EXP_FS_NC_28d,41,Normal Concrete,Control,,0,OPC 53 (UltraTech),28,Flexural Strength,3.908,100x100x500mm Prism,F Strength Reading 1000000.xlsx,Sheet1,342,False,3.367295829986474,5.291502622129181,0,0.0,0,0.0,784.0,21952.0
FS_NC_28d_042,EXP_FS_NC_28d,42,Normal Concrete,Control,,0,OPC 53 (UltraTech),28,Flexural Strength,4.085,100x100x500mm Prism,F Strength Reading 1000000.xlsx,Sheet1,343,False,3.367295829986474,5.291502622129181,0,0.0,0,0.0,784.0,21952.0
FS_NC_28d_043,EXP_FS_NC_28d,43,Normal Concrete,Control,,0,OPC 53 (UltraTech),28,Flexural Strength,4.103,100x100x500mm Prism,F Strength Reading 1000000.xlsx,Sheet1,344,False,3.367295829986474,5.291502622129181,0,0.0,0,0.0,784.0,21952.0
FS_NC_28d_044,EXP_FS_NC_28d,44,Normal Concrete,Control,,0,OPC 53 (UltraTech),28,Flexural Strength,4.01,100x100x500mm Prism,F Strength Reading 1000000.xlsx,Sheet1,345,False,3.367295829986474,5.291502622129181,0,0.0,0,0.0,784.0,21952.0
FS_NC_28d_045,EXP_FS_NC_28d,45,Normal Concrete,Control,,0,OPC 53 (UltraTech),28,Flexural Strength,4.073,100x100x500mm Prism,F Strength Reading 1000000.xlsx,Sheet1,346,False,3.367295829986474,5.291502622129181,0,0.0,0,0.0,784.0,21952.0
FS_NC_28d_046,EXP_FS_NC_28d,46,Normal Concrete,Control,,0,OPC 53 (UltraTech),28,Flexural Strength,4.286,100x100x500mm Prism,F Strength Reading 1000000.xlsx,Sheet1,347,False,3.367295829986474,5.291502622129181,0,0.0,0,0.0,784.0,21952.0
FS_NC_28d_047,EXP_FS_NC_28d,47,Normal Concrete,Control,,0,OPC 53 (UltraTech),28,Flexural Strength,4.226,100x100x500mm Prism,F Strength Reading 1000000.xlsx,Sheet1,348,False,3.367295829986474,5.291502622129181,0,0.0,0,0.0,784.0,21952.0
FS_NC_28d_048,EXP_FS_NC_28d,48,Normal Concrete,Control,,0,OPC 53 (UltraTech),28,Flexural Strength,4.317,100x100x500mm Prism,F Strength Reading 1000000.xlsx,Sheet1,349,False,3.367295829986474,5.291502622129181,0,0.0,0,0.0,784.0,21952.0
FS_NC_28d_049,EXP_FS_NC_28d,49,Normal Concrete,Control,,0,OPC 53 (UltraTech),28,Flexural Strength,4.463,100x100x500mm Prism,F Strength Reading 1000000.xlsx,Sheet1,350,False,3.367295829986474,5.291502622129181,0,0.0,0,0.0,784.0,21952.0
FS_NC_28d_050,EXP_FS_NC_28d,50,Normal Concrete,Control,,0,OPC 53 (UltraTech),28,Flexural Strength,3.857,100x100x500mm Prism,F Strength Reading 1000000.xlsx,Sheet1,351,False,3.367295829986474,5.291502622129181,0,0.0,0,0.0,784.0,21952.0
FS_NC_28d_051,EXP_FS_NC_28d,51,Normal Concrete,Control,,0,OPC 53 (UltraTech),28,Flexural Strength,3.923,100x100x500mm Prism,F Strength Reading 1000000.xlsx,Sheet1,352,False,3.367295829986474,5.291502622129181,0,0.0,0,0.0,784.0,21952.0
FS_NC_28d_052,EXP_FS_NC_28d,52,Normal Concrete,Control,,0,OPC 53 (UltraTech),28,Flexural Strength,4.395,100x100x500mm Prism,F Strength Reading 1000000.xlsx,Sheet1,353,False,3.367295829986474,5.291502622129181,0,0.0,0,0.0,784.0,21952.0
FS_NC_28d_053,EXP_FS_NC_28d,53,Normal Concrete,Control,,0,OPC 53 (UltraTech),28,Flexural Strength,3.918,100x100x500mm Prism,F Strength Reading 1000000.xlsx,Sheet1,354,False,3.367295829986474,5.291502622129181,0,0.0,0,0.0,784.0,21952.0
FS_NC_28d_054,EXP_FS_NC_28d,54,Normal Concrete,Control,,0,OPC 53 (UltraTech),28,Flexural Strength,4.214,100x100x500mm Prism,F Strength Reading 1000000.xlsx,Sheet1,355,False,3.367295829986474,5.291502622129181,0,0.0,0,0.0,784.0,21952.0
FS_NC_28d_055,EXP_FS_NC_28d,55,Normal Concrete,Control,,0,OPC 53 (UltraTech),28,Flexural Strength,4.36,100x100x500mm Prism,F Strength Reading 1000000.xlsx,Sheet1,356,False,3.367295829986474,5.291502622129181,0,0.0,0,0.0,784.0,21952.0
FS_NC_28d_056,EXP_FS_NC_28d,56,Normal Concrete,Control,,0,OPC 53 (UltraTech),28,Flexural Strength,4.582,100x100x500mm Prism,F Strength Reading 1000000.xlsx,Sheet1,357,False,3.367295829986474,5.291502622129181,0,0.0,0,0.0,784.0,21952.0
FS_NC_28d_057,EXP_FS_NC_28d,57,Normal Concrete,Control,,0,OPC 53 (UltraTech),28,Flexural Strength,4.422,100x100x500mm Prism,F Strength Reading 1000000.xlsx,Sheet1,358,False,3.367295829986474,5.291502622129181,0,0.0,0,0.0,784.0,21952.0
FS_NC_28d_058,EXP_FS_NC_28d,58,Normal Concrete,Control,,0,OPC 53 (UltraTech),28,Flexural Strength,4.225,100x100x500mm Prism,F Strength Reading 1000000.xlsx,Sheet1,359,False,3.367295829986474,5.291502622129181,0,0.0,0,0.0,784.0,21952.0
FS_NC_28d_059,EXP_FS_NC_28d,59,Normal Concrete,Control,,0,OPC 53 (UltraTech),28,Flexural Strength,4.052,100x100x500mm Prism,F Strength Reading 1000000.xlsx,Sheet1,360,False,3.367295829986474,5.291502622129181,0,0.0,0,0.0,784.0,21952.0
FS_NC_28d_060,EXP_FS_NC_28d,60,Normal Concrete,Control,,0,OPC 53 (UltraTech),28,Flexural Strength,3.952,100x100x500mm Prism,F Strength Reading 1000000.xlsx,Sheet1,361,False,3.367295829986474,5.291502622129181,0,0.0,0,0.0,784.0,21952.0
FS_NC_28d_061,EXP_FS_NC_28d,61,Normal Concrete,Control,,0,OPC 53 (UltraTech),28,Flexural Strength,4.492,100x100x500mm Prism,F Strength Reading 1000000.xlsx,Sheet1,362,False,3.367295829986474,5.291502622129181,0,0.0,0,0.0,784.0,21952.0
FS_NC_28d_062,EXP_FS_NC_28d,62,Normal Concrete,Control,,0,OPC 53 (UltraTech),28,Flexural Strength,4.153,100x100x500mm Prism,F Strength Reading 1000000.xlsx,Sheet1,363,False,3.367295829986474,5.291502622129181,0,0.0,0,0.0,784.0,21952.0
FS_NC_28d_063,EXP_FS_NC_28d,63,Normal Concrete,Control,,0,OPC 53 (UltraTech),28,Flexural Strength,4.085,100x100x500mm Prism,F Strength Reading 1000000.xlsx,Sheet1,364,False,3.367295829986474,5.291502622129181,0,0.0,0,0.0,784.0,21952.0
FS_NC_28d_064,EXP_FS_NC_28d,64,Normal Concrete,Control,,0,OPC 53 (UltraTech),28,Flexural Strength,4.124,100x100x500mm Prism,F Strength Reading 1000000.xlsx,Sheet1,365,False,3.367295829986474,5.291502622129181,0,0.0,0,0.0,784.0,21952.0
FS_NC_28d_065,EXP_FS_NC_28d,65,Normal Concrete,Control,,0,OPC 53 (UltraTech),28,Flexural Strength,3.975,100x100x500mm Prism,F Strength Reading 1000000.xlsx,Sheet1,366,False,3.367295829986474,5.291502622129181,0,0.0,0,0.0,784.0,21952.0
FS_NC_28d_066,EXP_FS_NC_28d,66,Normal Concrete,Control,,0,OPC 53 (UltraTech),28,Flexural Strength,4.198,100x100x500mm Prism,F Strength Reading 1000000.xlsx,Sheet1,367,False,3.367295829986474,5.291502622129181,0,0.0,0,0.0,784.0,21952.0
FS_NC_28d_067,EXP_FS_NC_28d,67,Normal Concrete,Control,,0,OPC 53 (UltraTech),28,Flexural Strength,4.915,100x100x500mm Prism,F Strength Reading 1000000.xlsx,Sheet1,368,False,3.367295829986474,5.291502622129181,0,0.0,0,0.0,784.0,21952.0
FS_NC_28d_068,EXP_FS_NC_28d,68,Normal Concrete,Control,,0,OPC 53 (UltraTech),28,Flexural Strength,4.168,100x100x500mm Prism,F Strength Reading 1000000.xlsx,Sheet1,369,False,3.367295829986474,5.291502622129181,0,0.0,0,0.0,784.0,21952.0
FS_NC_28d_069,EXP_FS_NC_28d,69,Normal Concrete,Control,,0,OPC 53 (UltraTech),28,Flexural Strength,4.025,100x100x500mm Prism,F Strength Reading 1000000.xlsx,Sheet1,370,False,3.367295829986474,5.291502622129181,0,0.0,0,0.0,784.0,21952.0
FS_NC_28d_070,EXP_FS_NC_28d,70,Normal Concrete,Control,,0,OPC 53 (UltraTech),28,Flexural Strength,4.101,100x100x500mm Prism,F Strength Reading 1000000.xlsx,Sheet1,371,False,3.367295829986474,5.291502622129181,0,0.0,0,0.0,784.0,21952.0
FS_NC_28d_071,EXP_FS_NC_28d,71,Normal Concrete,Control,,0,OPC 53 (UltraTech),28,Flexural Strength,4.025,100x100x500mm Prism,F Strength Reading 1000000.xlsx,Sheet1,372,False,3.367295829986474,5.291502622129181,0,0.0,0,0.0,784.0,21952.0
FS_NC_28d_072,EXP_FS_NC_28d,72,Normal Concrete,Control,,0,OPC 53 (UltraTech),28,Flexural Strength,3.619,100x100x500mm Prism,F Strength Reading 1000000.xlsx,Sheet1,373,False,3.367295829986474,5.291502622129181,0,0.0,0,0.0,784.0,21952.0
FS_NC_28d_073,EXP_FS_NC_28d,73,Normal Concrete,Control,,0,OPC 53 (UltraTech),28,Flexural Strength,4.206,100x100x500mm Prism,F Strength Reading 1000000.xlsx,Sheet1,374,False,3.367295829986474,5.291502622129181,0,0.0,0,0.0,784.0,21952.0
FS_NC_28d_074,EXP_FS_NC_28d,74,Normal Concrete,Control,,0,OPC 53 (UltraTech),28,Flexural Strength,4.047,100x100x500mm Prism,F Strength Reading 1000000.xlsx,Sheet1,375,False,3.367295829986474,5.291502622129181,0,0.0,0,0.0,784.0,21952.0
FS_NC_28d_075,EXP_FS_NC_28d,75,Normal Concrete,Control,,0,OPC 53 (UltraTech),28,Flexural Strength,4.112,100x100x500mm Prism,F Strength Reading 1000000.xlsx,Sheet1,376,False,3.367295829986474,5.291502622129181,0,0.0,0,0.0,784.0,21952.0
FS_NC_28d_076,EXP_FS_NC_28d,76,Normal Concrete,Control,,0,OPC 53 (UltraTech),28,Flexural Strength,4.451,100x100x500mm Prism,F Strength Reading 1000000.xlsx,Sheet1,377,False,3.367295829986474,5.291502622129181,0,0.0,0,0.0,784.0,21952.0
FS_NC_28d_077,EXP_FS_NC_28d,77,Normal Concrete,Control,,0,OPC 53 (UltraTech),28,Flexural Strength,4.096,100x100x500mm Prism,F Strength Reading 1000000.xlsx,Sheet1,378,False,3.367295829986474,5.291502622129181,0,0.0,0,0.0,784.0,21952.0
FS_NC_28d_078,EXP_FS_NC_28d,78,Normal Concrete,Control,,0,OPC 53 (UltraTech),28,Flexural Strength,4.323,100x100x500mm Prism,F Strength Reading 1000000.xlsx,Sheet1,379,False,3.367295829986474,5.291502622129181,0,0.0,0,0.0,784.0,21952.0
FS_NC_28d_079,EXP_FS_NC_28d,79,Normal Concrete,Control,,0,OPC 53 (UltraTech),28,Flexural Strength,4.333,100x100x500mm Prism,F Strength Reading 1000000.xlsx,Sheet1,380,False,3.367295829986474,5.291502622129181,0,0.0,0,0.0,784.0,21952.0
FS_NC_28d_080,EXP_FS_NC_28d,80,Normal Concrete,Control,,0,OPC 53 (UltraTech),28,Flexural Strength,4.111,100x100x500mm Prism,F Strength Reading 1000000.xlsx,Sheet1,381,False,3.367295829986474,5.291502622129181,0,0.0,0,0.0,784.0,21952.0
FS_NC_28d_081,EXP_FS_NC_28d,81,Normal Concrete,Control,,0,OPC 53 (UltraTech),28,Flexural Strength,4.048,100x100x500mm Prism,F Strength Reading 1000000.xlsx,Sheet1,382,False,3.367295829986474,5.291502622129181,0,0.0,0,0.0,784.0,21952.0
FS_NC_28d_082,EXP_FS_NC_28d,82,Normal Concrete,Control,,0,OPC 53 (UltraTech),28,Flexural Strength,3.77,100x100x500mm Prism,F Strength Reading 1000000.xlsx,Sheet1,383,False,3.367295829986474,5.291502622129181,0,0.0,0,0.0,784.0,21952.0
FS_NC_28d_083,EXP_FS_NC_28d,83,Normal Concrete,Control,,0,OPC 53 (UltraTech),28,Flexural Strength,4.832,100x100x500mm Prism,F Strength Reading 1000000.xlsx,Sheet1,384,False,3.367295829986474,5.291502622129181,0,0.0,0,0.0,784.0,21952.0
FS_NC_28d_084,EXP_FS_NC_28d,84,Normal Concrete,Control,,0,OPC 53 (UltraTech),28,Flexural Strength,4.146,100x100x500mm Prism,F Strength Reading 1000000.xlsx,Sheet1,385,False,3.367295829986474,5.291502622129181,0,0.0,0,0.0,784.0,21952.0
FS_NC_28d_085,EXP_FS_NC_28d,85,Normal Concrete,Control,,0,OPC 53 (UltraTech),28,Flexural Strength,4.613,100x100x500mm Prism,F Strength Reading 1000000.xlsx,Sheet1,386,False,3.367295829986474,5.291502622129181,0,0.0,0,0.0,784.0,21952.0
FS_NC_28d_086,EXP_FS_NC_28d,86,Normal Concrete,Control,,0,OPC 53 (UltraTech),28,Flexural Strength,4.178,100x100x500mm Prism,F Strength Reading 1000000.xlsx,Sheet1,387,False,3.367295829986474,5.291502622129181,0,0.0,0,0.0,784.0,21952.0
FS_NC_28d_087,EXP_FS_NC_28d,87,Normal Concrete,Control,,0,OPC 53 (UltraTech),28,Flexural Strength,4.107,100x100x500mm Prism,F Strength Reading 1000000.xlsx,Sheet1,388,False,3.367295829986474,5.291502622129181,0,0.0,0,0.0,784.0,21952.0
FS_NC_28d_088,EXP_FS_NC_28d,88,Normal Concrete,Control,,0,OPC 53 (UltraTech),28,Flexural Strength,3.944,100x100x500mm Prism,F Strength Reading 1000000.xlsx,Sheet1,389,False,3.367295829986474,5.291502622129181,0,0.0,0,0.0,784.0,21952.0
FS_NC_28d_089,EXP_FS_NC_28d,89,Normal Concrete,Control,,0,OPC 53 (UltraTech),28,Flexural Strength,4.732,100x100x500mm Prism,F Strength Reading 1000000.xlsx,Sheet1,390,False,3.367295829986474,5.291502622129181,0,0.0,0,0.0,784.0,21952.0
FS_NC_28d_090,EXP_FS_NC_28d,90,Normal Concrete,Control,,0,OPC 53 (UltraTech),28,Flexural Strength,4.322,100x100x500mm Prism,F Strength Reading 1000000.xlsx,Sheet1,391,False,3.367295829986474,5.291502622129181,0,0.0,0,0.0,784.0,21952.0
FS_NC_28d_091,EXP_FS_NC_28d,91,Normal Concrete,Control,,0,OPC 53 (UltraTech),28,Flexural Strength,3.968,100x100x500mm Prism,F Strength Reading 1000000.xlsx,Sheet1,392,False,3.367295829986474,5.291502622129181,0,0.0,0,0.0,784.0,21952.0
FS_NC_28d_092,EXP_FS_NC_28d,92,Normal Concrete,Control,,0,OPC 53 (UltraTech),28,Flexural Strength,4.025,100x100x500mm Prism,F Strength Reading 1000000.xlsx,Sheet1,393,False,3.367295829986474,5.291502622129181,0,0.0,0,0.0,784.0,21952.0
FS_NC_28d_093,EXP_FS_NC_28d,93,Normal Concrete,Control,,0,OPC 53 (UltraTech),28,Flexural Strength,3.758,100x100x500mm Prism,F Strength Reading 1000000.xlsx,Sheet1,394,False,3.367295829986474,5.291502622129181,0,0.0,0,0.0,784.0,21952.0
FS_NC_28d_094,EXP_FS_NC_28d,94,Normal Concrete,Control,,0,OPC 53 (UltraTech),28,Flexural Strength,4.555,100x100x500mm Prism,F Strength Reading 1000000.xlsx,Sheet1,395,False,3.367295829986474,5.291502622129181,0,0.0,0,0.0,784.0,21952.0
FS_NC_28d_095,EXP_FS_NC_28d,95,Normal Concrete,Control,,0,OPC 53 (UltraTech),28,Flexural Strength,3.876,100x100x500mm Prism,F Strength Reading 1000000.xlsx,Sheet1,396,False,3.367295829986474,5.291502622129181,0,0.0,0,0.0,784.0,21952.0
FS_NC_28d_096,EXP_FS_NC_28d,96,Normal Concrete,Control,,0,OPC 53 (UltraTech),28,Flexural Strength,4.327,100x100x500mm Prism,F Strength Reading 1000000.xlsx,Sheet1,397,False,3.367295829986474,5.291502622129181,0,0.0,0,0.0,784.0,21952.0
FS_NC_28d_097,EXP_FS_NC_28d,97,Normal Concrete,Control,,0,OPC 53 (UltraTech),28,Flexural Strength,4.748,100x100x500mm Prism,F Strength Reading 1000000.xlsx,Sheet1,398,False,3.367295829986474,5.291502622129181,0,0.0,0,0.0,784.0,21952.0
FS_NC_28d_098,EXP_FS_NC_28d,98,Normal Concrete,Control,,0,OPC 53 (UltraTech),28,Flexural Strength,4.409,100x100x500mm Prism,F Strength Reading 1000000.xlsx,Sheet1,399,False,3.367295829986474,5.291502622129181,0,0.0,0,0.0,784.0,21952.0
FS_NC_28d_099,EXP_FS_NC_28d,99,Normal Concrete,Control,,0,OPC 53 (UltraTech),28,Flexural Strength,4.106,100x100x500mm Prism,F Strength Reading 1000000.xlsx,Sheet1,400,False,3.367295829986474,5.291502622129181,0,0.0,0,0.0,784.0,21952.0
FS_NC_28d_100,EXP_FS_NC_28d,100,Normal Concrete,Control,,0,OPC 53 (UltraTech),28,Flexural Strength,4.122,100x100x500mm Prism,F Strength Reading 1000000.xlsx,Sheet1,401,False,3.367295829986474,5.291502622129181,0,0.0,0,0.0,784.0,21952.0
FS_NC_56d_001,EXP_FS_NC_56d,1,Normal Concrete,Control,,0,OPC 53 (UltraTech),56,Flexural Strength,4.565,100x100x500mm Prism,F Strength Reading 1000000.xlsx,Sheet1,402,False,4.04305126783455,7.483314773547883,0,0.0,0,0.0,3136.0,175616.0
FS_NC_56d_002,EXP_FS_NC_56d,2,Normal Concrete,Control,,0,OPC 53 (UltraTech),56,Flexural Strength,4.229,100x100x500mm Prism,F Strength Reading 1000000.xlsx,Sheet1,403,False,4.04305126783455,7.483314773547883,0,0.0,0,0.0,3136.0,175616.0
FS_NC_56d_003,EXP_FS_NC_56d,3,Normal Concrete,Control,,0,OPC 53 (UltraTech),56,Flexural Strength,4.735,100x100x500mm Prism,F Strength Reading 1000000.xlsx,Sheet1,404,False,4.04305126783455,7.483314773547883,0,0.0,0,0.0,3136.0,175616.0
FS_NC_56d_004,EXP_FS_NC_56d,4,Normal Concrete,Control,,0,OPC 53 (UltraTech),56,Flexural Strength,4.719,100x100x500mm Prism,F Strength Reading 1000000.xlsx,Sheet1,405,False,4.04305126783455,7.483314773547883,0,0.0,0,0.0,3136.0,175616.0
FS_NC_56d_005,EXP_FS_NC_56d,5,Normal Concrete,Control,,0,OPC 53 (UltraTech),56,Flexural Strength,4.836,100x100x500mm Prism,F Strength Reading 1000000.xlsx,Sheet1,406,False,4.04305126783455,7.483314773547883,0,0.0,0,0.0,3136.0,175616.0
FS_NC_56d_006,EXP_FS_NC_56d,6,Normal Concrete,Control,,0,OPC 53 (UltraTech),56,Flexural Strength,4.996,100x100x500mm Prism,F Strength Reading 1000000.xlsx,Sheet1,407,False,4.04305126783455,7.483314773547883,0,0.0,0,0.0,3136.0,175616.0
FS_NC_56d_007,EXP_FS_NC_56d,7,Normal Concrete,Control,,0,OPC 53 (UltraTech),56,Flexural Strength,4.706,100x100x500mm Prism,F Strength Reading 1000000.xlsx,Sheet1,408,False,4.04305126783455,7.483314773547883,0,0.0,0,0.0,3136.0,175616.0
FS_NC_56d_008,EXP_FS_NC_56d,8,Normal Concrete,Control,,0,OPC 53 (UltraTech),56,Flexural Strength,4.325,100x100x500mm Prism,F Strength Reading 1000000.xlsx,Sheet1,409,False,4.04305126783455,7.483314773547883,0,0.0,0,0.0,3136.0,175616.0
FS_NC_56d_009,EXP_FS_NC_56d,9,Normal Concrete,Control,,0,OPC 53 (UltraTech),56,Flexural Strength,5.046,100x100x500mm Prism,F Strength Reading 1000000.xlsx,Sheet1,410,False,4.04305126783455,7.483314773547883,0,0.0,0,0.0,3136.0,175616.0
FS_NC_56d_010,EXP_FS_NC_56d,10,Normal Concrete,Control,,0,OPC 53 (UltraTech),56,Flexural Strength,4.393,100x100x500mm Prism,F Strength Reading 1000000.xlsx,Sheet1,411,False,4.04305126783455,7.483314773547883,0,0.0,0,0.0,3136.0,175616.0
FS_NC_56d_011,EXP_FS_NC_56d,11,Normal Concrete,Control,,0,OPC 53 (UltraTech),56,Flexural Strength,4.351,100x100x500mm Prism,F Strength Reading 1000000.xlsx,Sheet1,412,False,4.04305126783455,7.483314773547883,0,0.0,0,0.0,3136.0,175616.0
FS_NC_56d_012,EXP_FS_NC_56d,12,Normal Concrete,Control,,0,OPC 53 (UltraTech),56,Flexural Strength,4.069,100x100x500mm Prism,F Strength Reading 1000000.xlsx,Sheet1,413,False,4.04305126783455,7.483314773547883,0,0.0,0,0.0,3136.0,175616.0
FS_NC_56d_013,EXP_FS_NC_56d,13,Normal Concrete,Control,,0,OPC 53 (UltraTech),56,Flexural Strength,4.393,100x100x500mm Prism,F Strength Reading 1000000.xlsx,Sheet1,414,False,4.04305126783455,7.483314773547883,0,0.0,0,0.0,3136.0,175616.0
FS_NC_56d_014,EXP_FS_NC_56d,14,Normal Concrete,Control,,0,OPC 53 (UltraTech),56,Flexural Strength,4.348,100x100x500mm Prism,F Strength Reading 1000000.xlsx,Sheet1,415,False,4.04305126783455,7.483314773547883,0,0.0,0,0.0,3136.0,175616.0
FS_NC_56d_015,EXP_FS_NC_56d,15,Normal Concrete,Control,,0,OPC 53 (UltraTech),56,Flexural Strength,4.386,100x100x500mm Prism,F Strength Reading 1000000.xlsx,Sheet1,416,False,4.04305126783455,7.483314773547883,0,0.0,0,0.0,3136.0,175616.0
FS_NC_56d_016,EXP_FS_NC_56d,16,Normal Concrete,Control,,0,OPC 53 (UltraTech),56,Flexural Strength,4.535,100x100x500mm Prism,F Strength Reading 1000000.xlsx,Sheet1,417,False,4.04305126783455,7.483314773547883,0,0.0,0,0.0,3136.0,175616.0
FS_NC_56d_017,EXP_FS_NC_56d,17,Normal Concrete,Control,,0,OPC 53 (UltraTech),56,Flexural Strength,4.653,100x100x500mm Prism,F Strength Reading 1000000.xlsx,Sheet1,418,False,4.04305126783455,7.483314773547883,0,0.0,0,0.0,3136.0,175616.0
FS_NC_56d_018,EXP_FS_NC_56d,18,Normal Concrete,Control,,0,OPC 53 (UltraTech),56,Flexural Strength,4.347,100x100x500mm Prism,F Strength Reading 1000000.xlsx,Sheet1,419,False,4.04305126783455,7.483314773547883,0,0.0,0,0.0,3136.0,175616.0
FS_NC_56d_019,EXP_FS_NC_56d,19,Normal Concrete,Control,,0,OPC 53 (UltraTech),56,Flexural Strength,4.338,100x100x500mm Prism,F Strength Reading 1000000.xlsx,Sheet1,420,False,4.04305126783455,7.483314773547883,0,0.0,0,0.0,3136.0,175616.0
FS_NC_56d_020,EXP_FS_NC_56d,20,Normal Concrete,Control,,0,OPC 53 (UltraTech),56,Flexural Strength,4.324,100x100x500mm Prism,F Strength Reading 1000000.xlsx,Sheet1,421,False,4.04305126783455,7.483314773547883,0,0.0,0,0.0,3136.0,175616.0
FS_NC_56d_021,EXP_FS_NC_56d,21,Normal Concrete,Control,,0,OPC 53 (UltraTech),56,Flexural Strength,4.96,100x100x500mm Prism,F Strength Reading 1000000.xlsx,Sheet1,422,False,4.04305126783455,7.483314773547883,0,0.0,0,0.0,3136.0,175616.0
FS_NC_56d_022,EXP_FS_NC_56d,22,Normal Concrete,Control,,0,OPC 53 (UltraTech),56,Flexural Strength,4.759,100x100x500mm Prism,F Strength Reading 1000000.xlsx,Sheet1,423,False,4.04305126783455,7.483314773547883,0,0.0,0,0.0,3136.0,175616.0
FS_NC_56d_023,EXP_FS_NC_56d,23,Normal Concrete,Control,,0,OPC 53 (UltraTech),56,Flexural Strength,4.543,100x100x500mm Prism,F Strength Reading 1000000.xlsx,Sheet1,424,False,4.04305126783455,7.483314773547883,0,0.0,0,0.0,3136.0,175616.0
FS_NC_56d_024,EXP_FS_NC_56d,24,Normal Concrete,Control,,0,OPC 53 (UltraTech),56,Flexural Strength,4.621,100x100x500mm Prism,F Strength Reading 1000000.xlsx,Sheet1,425,False,4.04305126783455,7.483314773547883,0,0.0,0,0.0,3136.0,175616.0
FS_NC_56d_025,EXP_FS_NC_56d,25,Normal Concrete,Control,,0,OPC 53 (UltraTech),56,Flexural Strength,4.637,100x100x500mm Prism,F Strength Reading 1000000.xlsx,Sheet1,426,False,4.04305126783455,7.483314773547883,0,0.0,0,0.0,3136.0,175616.0
FS_NC_56d_026,EXP_FS_NC_56d,26,Normal Concrete,Control,,0,OPC 53 (UltraTech),56,Flexural Strength,4.515,100x100x500mm Prism,F Strength Reading 1000000.xlsx,Sheet1,427,False,4.04305126783455,7.483314773547883,0,0.0,0,0.0,3136.0,175616.0
FS_NC_56d_027,EXP_FS_NC_56d,27,Normal Concrete,Control,,0,OPC 53 (UltraTech),56,Flexural Strength,4.446,100x100x500mm Prism,F Strength Reading 1000000.xlsx,Sheet1,428,False,4.04305126783455,7.483314773547883,0,0.0,0,0.0,3136.0,175616.0
FS_NC_56d_028,EXP_FS_NC_56d,28,Normal Concrete,Control,,0,OPC 53 (UltraTech),56,Flexural Strength,4.546,100x100x500mm Prism,F Strength Reading 1000000.xlsx,Sheet1,429,False,4.04305126783455,7.483314773547883,0,0.0,0,0.0,3136.0,175616.0
FS_NC_56d_029,EXP_FS_NC_56d,29,Normal Concrete,Control,,0,OPC 53 (UltraTech),56,Flexural Strength,4.702,100x100x500mm Prism,F Strength Reading 1000000.xlsx,Sheet1,430,False,4.04305126783455,7.483314773547883,0,0.0,0,0.0,3136.0,175616.0
FS_NC_56d_030,EXP_FS_NC_56d,30,Normal Concrete,Control,,0,OPC 53 (UltraTech),56,Flexural Strength,4.434,100x100x500mm Prism,F Strength Reading 1000000.xlsx,Sheet1,431,False,4.04305126783455,7.483314773547883,0,0.0,0,0.0,3136.0,175616.0
FS_NC_56d_031,EXP_FS_NC_56d,31,Normal Concrete,Control,,0,OPC 53 (UltraTech),56,Flexural Strength,4.55,100x100x500mm Prism,F Strength Reading 1000000.xlsx,Sheet1,432,False,4.04305126783455,7.483314773547883,0,0.0,0,0.0,3136.0,175616.0
FS_NC_56d_032,EXP_FS_NC_56d,32,Normal Concrete,Control,,0,OPC 53 (UltraTech),56,Flexural Strength,4.79,100x100x500mm Prism,F Strength Reading 1000000.xlsx,Sheet1,433,False,4.04305126783455,7.483314773547883,0,0.0,0,0.0,3136.0,175616.0
FS_NC_56d_033,EXP_FS_NC_56d,33,Normal Concrete,Control,,0,OPC 53 (UltraTech),56,Flexural Strength,4.753,100x100x500mm Prism,F Strength Reading 1000000.xlsx,Sheet1,434,False,4.04305126783455,7.483314773547883,0,0.0,0,0.0,3136.0,175616.0
FS_NC_56d_034,EXP_FS_NC_56d,34,Normal Concrete,Control,,0,OPC 53 (UltraTech),56,Flexural Strength,4.513,100x100x500mm Prism,F Strength Reading 1000000.xlsx,Sheet1,435,False,4.04305126783455,7.483314773547883,0,0.0,0,0.0,3136.0,175616.0
FS_NC_56d_035,EXP_FS_NC_56d,35,Normal Concrete,Control,,0,OPC 53 (UltraTech),56,Flexural Strength,4.826,100x100x500mm Prism,F Strength Reading 1000000.xlsx,Sheet1,436,False,4.04305126783455,7.483314773547883,0,0.0,0,0.0,3136.0,175616.0
FS_NC_56d_036,EXP_FS_NC_56d,36,Normal Concrete,Control,,0,OPC 53 (UltraTech),56,Flexural Strength,4.372,100x100x500mm Prism,F Strength Reading 1000000.xlsx,Sheet1,437,False,4.04305126783455,7.483314773547883,0,0.0,0,0.0,3136.0,175616.0
FS_NC_56d_037,EXP_FS_NC_56d,37,Normal Concrete,Control,,0,OPC 53 (UltraTech),56,Flexural Strength,4.576,100x100x500mm Prism,F Strength Reading 1000000.xlsx,Sheet1,438,False,4.04305126783455,7.483314773547883,0,0.0,0,0.0,3136.0,175616.0
FS_NC_56d_038,EXP_FS_NC_56d,38,Normal Concrete,Control,,0,OPC 53 (UltraTech),56,Flexural Strength,4.493,100x100x500mm Prism,F Strength Reading 1000000.xlsx,Sheet1,439,False,4.04305126783455,7.483314773547883,0,0.0,0,0.0,3136.0,175616.0
FS_NC_56d_039,EXP_FS_NC_56d,39,Normal Concrete,Control,,0,OPC 53 (UltraTech),56,Flexural Strength,4.32,100x100x500mm Prism,F Strength Reading 1000000.xlsx,Sheet1,440,False,4.04305126783455,7.483314773547883,0,0.0,0,0.0,3136.0,175616.0
FS_NC_56d_040,EXP_FS_NC_56d,40,Normal Concrete,Control,,0,OPC 53 (UltraTech),56,Flexural Strength,4.899,100x100x500mm Prism,F Strength Reading 1000000.xlsx,Sheet1,441,False,4.04305126783455,7.483314773547883,0,0.0,0,0.0,3136.0,175616.0
FS_NC_56d_041,EXP_FS_NC_56d,41,Normal Concrete,Control,,0,OPC 53 (UltraTech),56,Flexural Strength,4.353,100x100x500mm Prism,F Strength Reading 1000000.xlsx,Sheet1,442,False,4.04305126783455,7.483314773547883,0,0.0,0,0.0,3136.0,175616.0
FS_NC_56d_042,EXP_FS_NC_56d,42,Normal Concrete,Control,,0,OPC 53 (UltraTech),56,Flexural Strength,4.336,100x100x500mm Prism,F Strength Reading 1000000.xlsx,Sheet1,443,False,4.04305126783455,7.483314773547883,0,0.0,0,0.0,3136.0,175616.0
FS_NC_56d_043,EXP_FS_NC_56d,43,Normal Concrete,Control,,0,OPC 53 (UltraTech),56,Flexural Strength,4.661,100x100x500mm Prism,F Strength Reading 1000000.xlsx,Sheet1,444,False,4.04305126783455,7.483314773547883,0,0.0,0,0.0,3136.0,175616.0
FS_NC_56d_044,EXP_FS_NC_56d,44,Normal Concrete,Control,,0,OPC 53 (UltraTech),56,Flexural Strength,4.716,100x100x500mm Prism,F Strength Reading 1000000.xlsx,Sheet1,445,False,4.04305126783455,7.483314773547883,0,0.0,0,0.0,3136.0,175616.0
FS_NC_56d_045,EXP_FS_NC_56d,45,Normal Concrete,Control,,0,OPC 53 (UltraTech),56,Flexural Strength,4.831,100x100x500mm Prism,F Strength Reading 1000000.xlsx,Sheet1,446,False,4.04305126783455,7.483314773547883,0,0.0,0,0.0,3136.0,175616.0
FS_NC_56d_046,EXP_FS_NC_56d,46,Normal Concrete,Control,,0,OPC 53 (UltraTech),56,Flexural Strength,4.535,100x100x500mm Prism,F Strength Reading 1000000.xlsx,Sheet1,447,False,4.04305126783455,7.483314773547883,0,0.0,0,0.0,3136.0,175616.0
FS_NC_56d_047,EXP_FS_NC_56d,47,Normal Concrete,Control,,0,OPC 53 (UltraTech),56,Flexural Strength,4.825,100x100x500mm Prism,F Strength Reading 1000000.xlsx,Sheet1,448,False,4.04305126783455,7.483314773547883,0,0.0,0,0.0,3136.0,175616.0
FS_NC_56d_048,EXP_FS_NC_56d,48,Normal Concrete,Control,,0,OPC 53 (UltraTech),56,Flexural Strength,4.997,100x100x500mm Prism,F Strength Reading 1000000.xlsx,Sheet1,449,False,4.04305126783455,7.483314773547883,0,0.0,0,0.0,3136.0,175616.0
FS_NC_56d_049,EXP_FS_NC_56d,49,Normal Concrete,Control,,0,OPC 53 (UltraTech),56,Flexural Strength,4.308,100x100x500mm Prism,F Strength Reading 1000000.xlsx,Sheet1,450,False,4.04305126783455,7.483314773547883,0,0.0,0,0.0,3136.0,175616.0
FS_NC_56d_050,EXP_FS_NC_56d,50,Normal Concrete,Control,,0,OPC 53 (UltraTech),56,Flexural Strength,4.852,100x100x500mm Prism,F Strength Reading 1000000.xlsx,Sheet1,451,False,4.04305126783455,7.483314773547883,0,0.0,0,0.0,3136.0,175616.0
FS_NC_56d_051,EXP_FS_NC_56d,51,Normal Concrete,Control,,0,OPC 53 (UltraTech),56,Flexural Strength,4.925,100x100x500mm Prism,F Strength Reading 1000000.xlsx,Sheet1,452,False,4.04305126783455,7.483314773547883,0,0.0,0,0.0,3136.0,175616.0
FS_NC_56d_052,EXP_FS_NC_56d,52,Normal Concrete,Control,,0,OPC 53 (UltraTech),56,Flexural Strength,4.686,100x100x500mm Prism,F Strength Reading 1000000.xlsx,Sheet1,453,False,4.04305126783455,7.483314773547883,0,0.0,0,0.0,3136.0,175616.0
FS_NC_56d_053,EXP_FS_NC_56d,53,Normal Concrete,Control,,0,OPC 53 (UltraTech),56,Flexural Strength,4.455,100x100x500mm Prism,F Strength Reading 1000000.xlsx,Sheet1,454,False,4.04305126783455,7.483314773547883,0,0.0,0,0.0,3136.0,175616.0
FS_NC_56d_054,EXP_FS_NC_56d,54,Normal Concrete,Control,,0,OPC 53 (UltraTech),56,Flexural Strength,4.471,100x100x500mm Prism,F Strength Reading 1000000.xlsx,Sheet1,455,False,4.04305126783455,7.483314773547883,0,0.0,0,0.0,3136.0,175616.0
FS_NC_56d_055,EXP_FS_NC_56d,55,Normal Concrete,Control,,0,OPC 53 (UltraTech),56,Flexural Strength,4.777,100x100x500mm Prism,F Strength Reading 1000000.xlsx,Sheet1,456,False,4.04305126783455,7.483314773547883,0,0.0,0,0.0,3136.0,175616.0
FS_NC_56d_056,EXP_FS_NC_56d,56,Normal Concrete,Control,,0,OPC 53 (UltraTech),56,Flexural Strength,4.471,100x100x500mm Prism,F Strength Reading 1000000.xlsx,Sheet1,457,False,4.04305126783455,7.483314773547883,0,0.0,0,0.0,3136.0,175616.0
FS_NC_56d_057,EXP_FS_NC_56d,57,Normal Concrete,Control,,0,OPC 53 (UltraTech),56,Flexural Strength,4.503,100x100x500mm Prism,F Strength Reading 1000000.xlsx,Sheet1,458,False,4.04305126783455,7.483314773547883,0,0.0,0,0.0,3136.0,175616.0
FS_NC_56d_058,EXP_FS_NC_56d,58,Normal Concrete,Control,,0,OPC 53 (UltraTech),56,Flexural Strength,4.47,100x100x500mm Prism,F Strength Reading 1000000.xlsx,Sheet1,459,False,4.04305126783455,7.483314773547883,0,0.0,0,0.0,3136.0,175616.0
FS_NC_56d_059,EXP_FS_NC_56d,59,Normal Concrete,Control,,0,OPC 53 (UltraTech),56,Flexural Strength,4.767,100x100x500mm Prism,F Strength Reading 1000000.xlsx,Sheet1,460,False,4.04305126783455,7.483314773547883,0,0.0,0,0.0,3136.0,175616.0
FS_NC_56d_060,EXP_FS_NC_56d,60,Normal Concrete,Control,,0,OPC 53 (UltraTech),56,Flexural Strength,4.712,100x100x500mm Prism,F Strength Reading 1000000.xlsx,Sheet1,461,False,4.04305126783455,7.483314773547883,0,0.0,0,0.0,3136.0,175616.0
FS_NC_56d_061,EXP_FS_NC_56d,61,Normal Concrete,Control,,0,OPC 53 (UltraTech),56,Flexural Strength,4.791,100x100x500mm Prism,F Strength Reading 1000000.xlsx,Sheet1,462,False,4.04305126783455,7.483314773547883,0,0.0,0,0.0,3136.0,175616.0
FS_NC_56d_062,EXP_FS_NC_56d,62,Normal Concrete,Control,,0,OPC 53 (UltraTech),56,Flexural Strength,4.79,100x100x500mm Prism,F Strength Reading 1000000.xlsx,Sheet1,463,False,4.04305126783455,7.483314773547883,0,0.0,0,0.0,3136.0,175616.0
FS_NC_56d_063,EXP_FS_NC_56d,63,Normal Concrete,Control,,0,OPC 53 (UltraTech),56,Flexural Strength,4.465,100x100x500mm Prism,F Strength Reading 1000000.xlsx,Sheet1,464,False,4.04305126783455,7.483314773547883,0,0.0,0,0.0,3136.0,175616.0
FS_NC_56d_064,EXP_FS_NC_56d,64,Normal Concrete,Control,,0,OPC 53 (UltraTech),56,Flexural Strength,4.42,100x100x500mm Prism,F Strength Reading 1000000.xlsx,Sheet1,465,False,4.04305126783455,7.483314773547883,0,0.0,0,0.0,3136.0,175616.0
FS_NC_56d_065,EXP_FS_NC_56d,65,Normal Concrete,Control,,0,OPC 53 (UltraTech),56,Flexural Strength,4.455,100x100x500mm Prism,F Strength Reading 1000000.xlsx,Sheet1,466,False,4.04305126783455,7.483314773547883,0,0.0,0,0.0,3136.0,175616.0
FS_NC_56d_066,EXP_FS_NC_56d,66,Normal Concrete,Control,,0,OPC 53 (UltraTech),56,Flexural Strength,4.675,100x100x500mm Prism,F Strength Reading 1000000.xlsx,Sheet1,467,False,4.04305126783455,7.483314773547883,0,0.0,0,0.0,3136.0,175616.0
FS_NC_56d_067,EXP_FS_NC_56d,67,Normal Concrete,Control,,0,OPC 53 (UltraTech),56,Flexural Strength,4.494,100x100x500mm Prism,F Strength Reading 1000000.xlsx,Sheet1,468,False,4.04305126783455,7.483314773547883,0,0.0,0,0.0,3136.0,175616.0
FS_NC_56d_068,EXP_FS_NC_56d,68,Normal Concrete,Control,,0,OPC 53 (UltraTech),56,Flexural Strength,4.432,100x100x500mm Prism,F Strength Reading 1000000.xlsx,Sheet1,469,False,4.04305126783455,7.483314773547883,0,0.0,0,0.0,3136.0,175616.0
FS_NC_56d_069,EXP_FS_NC_56d,69,Normal Concrete,Control,,0,OPC 53 (UltraTech),56,Flexural Strength,4.93,100x100x500mm Prism,F Strength Reading 1000000.xlsx,Sheet1,470,False,4.04305126783455,7.483314773547883,0,0.0,0,0.0,3136.0,175616.0
FS_NC_56d_070,EXP_FS_NC_56d,70,Normal Concrete,Control,,0,OPC 53 (UltraTech),56,Flexural Strength,4.618,100x100x500mm Prism,F Strength Reading 1000000.xlsx,Sheet1,471,False,4.04305126783455,7.483314773547883,0,0.0,0,0.0,3136.0,175616.0
FS_NC_56d_071,EXP_FS_NC_56d,71,Normal Concrete,Control,,0,OPC 53 (UltraTech),56,Flexural Strength,4.84,100x100x500mm Prism,F Strength Reading 1000000.xlsx,Sheet1,472,False,4.04305126783455,7.483314773547883,0,0.0,0,0.0,3136.0,175616.0
FS_NC_56d_072,EXP_FS_NC_56d,72,Normal Concrete,Control,,0,OPC 53 (UltraTech),56,Flexural Strength,4.566,100x100x500mm Prism,F Strength Reading 1000000.xlsx,Sheet1,473,False,4.04305126783455,7.483314773547883,0,0.0,0,0.0,3136.0,175616.0
FS_NC_56d_073,EXP_FS_NC_56d,73,Normal Concrete,Control,,0,OPC 53 (UltraTech),56,Flexural Strength,4.995,100x100x500mm Prism,F Strength Reading 1000000.xlsx,Sheet1,474,False,4.04305126783455,7.483314773547883,0,0.0,0,0.0,3136.0,175616.0
FS_NC_56d_074,EXP_FS_NC_56d,74,Normal Concrete,Control,,0,OPC 53 (UltraTech),56,Flexural Strength,4.308,100x100x500mm Prism,F Strength Reading 1000000.xlsx,Sheet1,475,False,4.04305126783455,7.483314773547883,0,0.0,0,0.0,3136.0,175616.0
FS_NC_56d_075,EXP_FS_NC_56d,75,Normal Concrete,Control,,0,OPC 53 (UltraTech),56,Flexural Strength,4.799,100x100x500mm Prism,F Strength Reading 1000000.xlsx,Sheet1,476,False,4.04305126783455,7.483314773547883,0,0.0,0,0.0,3136.0,175616.0
FS_NC_56d_076,EXP_FS_NC_56d,76,Normal Concrete,Control,,0,OPC 53 (UltraTech),56,Flexural Strength,4.197,100x100x500mm Prism,F Strength Reading 1000000.xlsx,Sheet1,477,False,4.04305126783455,7.483314773547883,0,0.0,0,0.0,3136.0,175616.0
FS_NC_56d_077,EXP_FS_NC_56d,77,Normal Concrete,Control,,0,OPC 53 (UltraTech),56,Flexural Strength,4.292,100x100x500mm Prism,F Strength Reading 1000000.xlsx,Sheet1,478,False,4.04305126783455,7.483314773547883,0,0.0,0,0.0,3136.0,175616.0
FS_NC_56d_078,EXP_FS_NC_56d,78,Normal Concrete,Control,,0,OPC 53 (UltraTech),56,Flexural Strength,4.891,100x100x500mm Prism,F Strength Reading 1000000.xlsx,Sheet1,479,False,4.04305126783455,7.483314773547883,0,0.0,0,0.0,3136.0,175616.0
FS_NC_56d_079,EXP_FS_NC_56d,79,Normal Concrete,Control,,0,OPC 53 (UltraTech),56,Flexural Strength,4.794,100x100x500mm Prism,F Strength Reading 1000000.xlsx,Sheet1,480,False,4.04305126783455,7.483314773547883,0,0.0,0,0.0,3136.0,175616.0
FS_NC_56d_080,EXP_FS_NC_56d,80,Normal Concrete,Control,,0,OPC 53 (UltraTech),56,Flexural Strength,4.448,100x100x500mm Prism,F Strength Reading 1000000.xlsx,Sheet1,481,False,4.04305126783455,7.483314773547883,0,0.0,0,0.0,3136.0,175616.0
FS_NC_56d_081,EXP_FS_NC_56d,81,Normal Concrete,Control,,0,OPC 53 (UltraTech),56,Flexural Strength,4.63,100x100x500mm Prism,F Strength Reading 1000000.xlsx,Sheet1,482,False,4.04305126783455,7.483314773547883,0,0.0,0,0.0,3136.0,175616.0
FS_NC_56d_082,EXP_FS_NC_56d,82,Normal Concrete,Control,,0,OPC 53 (UltraTech),56,Flexural Strength,4.593,100x100x500mm Prism,F Strength Reading 1000000.xlsx,Sheet1,483,False,4.04305126783455,7.483314773547883,0,0.0,0,0.0,3136.0,175616.0
FS_NC_56d_083,EXP_FS_NC_56d,83,Normal Concrete,Control,,0,OPC 53 (UltraTech),56,Flexural Strength,4.755,100x100x500mm Prism,F Strength Reading 1000000.xlsx,Sheet1,484,False,4.04305126783455,7.483314773547883,0,0.0,0,0.0,3136.0,175616.0
FS_NC_56d_084,EXP_FS_NC_56d,84,Normal Concrete,Control,,0,OPC 53 (UltraTech),56,Flexural Strength,4.716,100x100x500mm Prism,F Strength Reading 1000000.xlsx,Sheet1,485,False,4.04305126783455,7.483314773547883,0,0.0,0,0.0,3136.0,175616.0
FS_NC_56d_085,EXP_FS_NC_56d,85,Normal Concrete,Control,,0,OPC 53 (UltraTech),56,Flexural Strength,4.96,100x100x500mm Prism,F Strength Reading 1000000.xlsx,Sheet1,486,False,4.04305126783455,7.483314773547883,0,0.0,0,0.0,3136.0,175616.0
FS_NC_56d_086,EXP_FS_NC_56d,86,Normal Concrete,Control,,0,OPC 53 (UltraTech),56,Flexural Strength,5.208,100x100x500mm Prism,F Strength Reading 1000000.xlsx,Sheet1,487,False,4.04305126783455,7.483314773547883,0,0.0,0,0.0,3136.0,175616.0
FS_NC_56d_087,EXP_FS_NC_56d,87,Normal Concrete,Control,,0,OPC 53 (UltraTech),56,Flexural Strength,4.869,100x100x500mm Prism,F Strength Reading 1000000.xlsx,Sheet1,488,False,4.04305126783455,7.483314773547883,0,0.0,0,0.0,3136.0,175616.0
FS_NC_56d_088,EXP_FS_NC_56d,88,Normal Concrete,Control,,0,OPC 53 (UltraTech),56,Flexural Strength,4.917,100x100x500mm Prism,F Strength Reading 1000000.xlsx,Sheet1,489,False,4.04305126783455,7.483314773547883,0,0.0,0,0.0,3136.0,175616.0
FS_NC_56d_089,EXP_FS_NC_56d,89,Normal Concrete,Control,,0,OPC 53 (UltraTech),56,Flexural Strength,3.938,100x100x500mm Prism,F Strength Reading 1000000.xlsx,Sheet1,490,False,4.04305126783455,7.483314773547883,0,0.0,0,0.0,3136.0,175616.0
FS_NC_56d_090,EXP_FS_NC_56d,90,Normal Concrete,Control,,0,OPC 53 (UltraTech),56,Flexural Strength,4.591,100x100x500mm Prism,F Strength Reading 1000000.xlsx,Sheet1,491,False,4.04305126783455,7.483314773547883,0,0.0,0,0.0,3136.0,175616.0
FS_NC_56d_091,EXP_FS_NC_56d,91,Normal Concrete,Control,,0,OPC 53 (UltraTech),56,Flexural Strength,4.459,100x100x500mm Prism,F Strength Reading 1000000.xlsx,Sheet1,492,False,4.04305126783455,7.483314773547883,0,0.0,0,0.0,3136.0,175616.0
FS_NC_56d_092,EXP_FS_NC_56d,92,Normal Concrete,Control,,0,OPC 53 (UltraTech),56,Flexural Strength,4.32,100x100x500mm Prism,F Strength Reading 1000000.xlsx,Sheet1,493,False,4.04305126783455,7.483314773547883,0,0.0,0,0.0,3136.0,175616.0
FS_NC_56d_093,EXP_FS_NC_56d,93,Normal Concrete,Control,,0,OPC 53 (UltraTech),56,Flexural Strength,4.477,100x100x500mm Prism,F Strength Reading 1000000.xlsx,Sheet1,494,False,4.04305126783455,7.483314773547883,0,0.0,0,0.0,3136.0,175616.0
FS_NC_56d_094,EXP_FS_NC_56d,94,Normal Concrete,Control,,0,OPC 53 (UltraTech),56,Flexural Strength,4.307,100x100x500mm Prism,F Strength Reading 1000000.xlsx,Sheet1,495,False,4.04305126783455,7.483314773547883,0,0.0,0,0.0,3136.0,175616.0
FS_NC_56d_095,EXP_FS_NC_56d,95,Normal Concrete,Control,,0,OPC 53 (UltraTech),56,Flexural Strength,4.727,100x100x500mm Prism,F Strength Reading 1000000.xlsx,Sheet1,496,False,4.04305126783455,7.483314773547883,0,0.0,0,0.0,3136.0,175616.0
FS_NC_56d_096,EXP_FS_NC_56d,96,Normal Concrete,Control,,0,OPC 53 (UltraTech),56,Flexural Strength,4.74,100x100x500mm Prism,F Strength Reading 1000000.xlsx,Sheet1,497,False,4.04305126783455,7.483314773547883,0,0.0,0,0.0,3136.0,175616.0
FS_NC_56d_097,EXP_FS_NC_56d,97,Normal Concrete,Control,,0,OPC 53 (UltraTech),56,Flexural Strength,4.184,100x100x500mm Prism,F Strength Reading 1000000.xlsx,Sheet1,498,False,4.04305126783455,7.483314773547883,0,0.0,0,0.0,3136.0,175616.0
FS_NC_56d_098,EXP_FS_NC_56d,98,Normal Concrete,Control,,0,OPC 53 (UltraTech),56,Flexural Strength,4.919,100x100x500mm Prism,F Strength Reading 1000000.xlsx,Sheet1,499,False,4.04305126783455,7.483314773547883,0,0.0,0,0.0,3136.0,175616.0
FS_NC_56d_099,EXP_FS_NC_56d,99,Normal Concrete,Control,,0,OPC 53 (UltraTech),56,Flexural Strength,4.485,100x100x500mm Prism,F Strength Reading 1000000.xlsx,Sheet1,500,False,4.04305126783455,7.483314773547883,0,0.0,0,0.0,3136.0,175616.0
FS_NC_56d_100,EXP_FS_NC_56d,100,Normal Concrete,Control,,0,OPC 53 (UltraTech),56,Flexural Strength,4.707,100x100x500mm Prism,F Strength Reading 1000000.xlsx,Sheet1,501,False,4.04305126783455,7.483314773547883,0,0.0,0,0.0,3136.0,175616.0
FS_NC_90d_001,EXP_FS_NC_90d,1,Normal Concrete,Control,,0,OPC 53 (UltraTech),90,Flexural Strength,4.758,100x100x500mm Prism,F Strength Reading 1000000.xlsx,Sheet1,502,False,4.51085950651685,9.486832980505138,0,0.0,0,0.0,8100.0,729000.0
FS_NC_90d_002,EXP_FS_NC_90d,2,Normal Concrete,Control,,0,OPC 53 (UltraTech),90,Flexural Strength,4.269,100x100x500mm Prism,F Strength Reading 1000000.xlsx,Sheet1,503,False,4.51085950651685,9.486832980505138,0,0.0,0,0.0,8100.0,729000.0
FS_NC_90d_003,EXP_FS_NC_90d,3,Normal Concrete,Control,,0,OPC 53 (UltraTech),90,Flexural Strength,4.786,100x100x500mm Prism,F Strength Reading 1000000.xlsx,Sheet1,504,False,4.51085950651685,9.486832980505138,0,0.0,0,0.0,8100.0,729000.0
FS_NC_90d_004,EXP_FS_NC_90d,4,Normal Concrete,Control,,0,OPC 53 (UltraTech),90,Flexural Strength,4.567,100x100x500mm Prism,F Strength Reading 1000000.xlsx,Sheet1,505,False,4.51085950651685,9.486832980505138,0,0.0,0,0.0,8100.0,729000.0
FS_NC_90d_005,EXP_FS_NC_90d,5,Normal Concrete,Control,,0,OPC 53 (UltraTech),90,Flexural Strength,5.096,100x100x500mm Prism,F Strength Reading 1000000.xlsx,Sheet1,506,False,4.51085950651685,9.486832980505138,0,0.0,0,0.0,8100.0,729000.0
FS_NC_90d_006,EXP_FS_NC_90d,6,Normal Concrete,Control,,0,OPC 53 (UltraTech),90,Flexural Strength,5.032,100x100x500mm Prism,F Strength Reading 1000000.xlsx,Sheet1,507,False,4.51085950651685,9.486832980505138,0,0.0,0,0.0,8100.0,729000.0
FS_NC_90d_007,EXP_FS_NC_90d,7,Normal Concrete,Control,,0,OPC 53 (UltraTech),90,Flexural Strength,4.989,100x100x500mm Prism,F Strength Reading 1000000.xlsx,Sheet1,508,False,4.51085950651685,9.486832980505138,0,0.0,0,0.0,8100.0,729000.0
FS_NC_90d_008,EXP_FS_NC_90d,8,Normal Concrete,Control,,0,OPC 53 (UltraTech),90,Flexural Strength,5.142,100x100x500mm Prism,F Strength Reading 1000000.xlsx,Sheet1,509,False,4.51085950651685,9.486832980505138,0,0.0,0,0.0,8100.0,729000.0
FS_NC_90d_009,EXP_FS_NC_90d,9,Normal Concrete,Control,,0,OPC 53 (UltraTech),90,Flexural Strength,4.517,100x100x500mm Prism,F Strength Reading 1000000.xlsx,Sheet1,510,False,4.51085950651685,9.486832980505138,0,0.0,0,0.0,8100.0,729000.0
FS_NC_90d_010,EXP_FS_NC_90d,10,Normal Concrete,Control,,0,OPC 53 (UltraTech),90,Flexural Strength,4.966,100x100x500mm Prism,F Strength Reading 1000000.xlsx,Sheet1,511,False,4.51085950651685,9.486832980505138,0,0.0,0,0.0,8100.0,729000.0
FS_NC_90d_011,EXP_FS_NC_90d,11,Normal Concrete,Control,,0,OPC 53 (UltraTech),90,Flexural Strength,5.394,100x100x500mm Prism,F Strength Reading 1000000.xlsx,Sheet1,512,False,4.51085950651685,9.486832980505138,0,0.0,0,0.0,8100.0,729000.0
FS_NC_90d_012,EXP_FS_NC_90d,12,Normal Concrete,Control,,0,OPC 53 (UltraTech),90,Flexural Strength,4.942,100x100x500mm Prism,F Strength Reading 1000000.xlsx,Sheet1,513,False,4.51085950651685,9.486832980505138,0,0.0,0,0.0,8100.0,729000.0
FS_NC_90d_013,EXP_FS_NC_90d,13,Normal Concrete,Control,,0,OPC 53 (UltraTech),90,Flexural Strength,4.933,100x100x500mm Prism,F Strength Reading 1000000.xlsx,Sheet1,514,False,4.51085950651685,9.486832980505138,0,0.0,0,0.0,8100.0,729000.0
FS_NC_90d_014,EXP_FS_NC_90d,14,Normal Concrete,Control,,0,OPC 53 (UltraTech),90,Flexural Strength,4.992,100x100x500mm Prism,F Strength Reading 1000000.xlsx,Sheet1,515,False,4.51085950651685,9.486832980505138,0,0.0,0,0.0,8100.0,729000.0
FS_NC_90d_015,EXP_FS_NC_90d,15,Normal Concrete,Control,,0,OPC 53 (UltraTech),90,Flexural Strength,5.313,100x100x500mm Prism,F Strength Reading 1000000.xlsx,Sheet1,516,False,4.51085950651685,9.486832980505138,0,0.0,0,0.0,8100.0,729000.0
FS_NC_90d_016,EXP_FS_NC_90d,16,Normal Concrete,Control,,0,OPC 53 (UltraTech),90,Flexural Strength,4.916,100x100x500mm Prism,F Strength Reading 1000000.xlsx,Sheet1,517,False,4.51085950651685,9.486832980505138,0,0.0,0,0.0,8100.0,729000.0
FS_NC_90d_017,EXP_FS_NC_90d,17,Normal Concrete,Control,,0,OPC 53 (UltraTech),90,Flexural Strength,5.534,100x100x500mm Prism,F Strength Reading 1000000.xlsx,Sheet1,518,False,4.51085950651685,9.486832980505138,0,0.0,0,0.0,8100.0,729000.0
FS_NC_90d_018,EXP_FS_NC_90d,18,Normal Concrete,Control,,0,OPC 53 (UltraTech),90,Flexural Strength,5.363,100x100x500mm Prism,F Strength Reading 1000000.xlsx,Sheet1,519,False,4.51085950651685,9.486832980505138,0,0.0,0,0.0,8100.0,729000.0
FS_NC_90d_019,EXP_FS_NC_90d,19,Normal Concrete,Control,,0,OPC 53 (UltraTech),90,Flexural Strength,4.949,100x100x500mm Prism,F Strength Reading 1000000.xlsx,Sheet1,520,False,4.51085950651685,9.486832980505138,0,0.0,0,0.0,8100.0,729000.0
FS_NC_90d_020,EXP_FS_NC_90d,20,Normal Concrete,Control,,0,OPC 53 (UltraTech),90,Flexural Strength,4.964,100x100x500mm Prism,F Strength Reading 1000000.xlsx,Sheet1,521,False,4.51085950651685,9.486832980505138,0,0.0,0,0.0,8100.0,729000.0
FS_NC_90d_021,EXP_FS_NC_90d,21,Normal Concrete,Control,,0,OPC 53 (UltraTech),90,Flexural Strength,5.364,100x100x500mm Prism,F Strength Reading 1000000.xlsx,Sheet1,522,False,4.51085950651685,9.486832980505138,0,0.0,0,0.0,8100.0,729000.0
FS_NC_90d_022,EXP_FS_NC_90d,22,Normal Concrete,Control,,0,OPC 53 (UltraTech),90,Flexural Strength,5.264,100x100x500mm Prism,F Strength Reading 1000000.xlsx,Sheet1,523,False,4.51085950651685,9.486832980505138,0,0.0,0,0.0,8100.0,729000.0
FS_NC_90d_023,EXP_FS_NC_90d,23,Normal Concrete,Control,,0,OPC 53 (UltraTech),90,Flexural Strength,4.783,100x100x500mm Prism,F Strength Reading 1000000.xlsx,Sheet1,524,False,4.51085950651685,9.486832980505138,0,0.0,0,0.0,8100.0,729000.0
FS_NC_90d_024,EXP_FS_NC_90d,24,Normal Concrete,Control,,0,OPC 53 (UltraTech),90,Flexural Strength,5.119,100x100x500mm Prism,F Strength Reading 1000000.xlsx,Sheet1,525,False,4.51085950651685,9.486832980505138,0,0.0,0,0.0,8100.0,729000.0
FS_NC_90d_025,EXP_FS_NC_90d,25,Normal Concrete,Control,,0,OPC 53 (UltraTech),90,Flexural Strength,4.811,100x100x500mm Prism,F Strength Reading 1000000.xlsx,Sheet1,526,False,4.51085950651685,9.486832980505138,0,0.0,0,0.0,8100.0,729000.0
FS_NC_90d_026,EXP_FS_NC_90d,26,Normal Concrete,Control,,0,OPC 53 (UltraTech),90,Flexural Strength,4.737,100x100x500mm Prism,F Strength Reading 1000000.xlsx,Sheet1,527,False,4.51085950651685,9.486832980505138,0,0.0,0,0.0,8100.0,729000.0
FS_NC_90d_027,EXP_FS_NC_90d,27,Normal Concrete,Control,,0,OPC 53 (UltraTech),90,Flexural Strength,5.312,100x100x500mm Prism,F Strength Reading 1000000.xlsx,Sheet1,528,False,4.51085950651685,9.486832980505138,0,0.0,0,0.0,8100.0,729000.0
FS_NC_90d_028,EXP_FS_NC_90d,28,Normal Concrete,Control,,0,OPC 53 (UltraTech),90,Flexural Strength,4.804,100x100x500mm Prism,F Strength Reading 1000000.xlsx,Sheet1,529,False,4.51085950651685,9.486832980505138,0,0.0,0,0.0,8100.0,729000.0
FS_NC_90d_029,EXP_FS_NC_90d,29,Normal Concrete,Control,,0,OPC 53 (UltraTech),90,Flexural Strength,4.926,100x100x500mm Prism,F Strength Reading 1000000.xlsx,Sheet1,530,False,4.51085950651685,9.486832980505138,0,0.0,0,0.0,8100.0,729000.0
FS_NC_90d_030,EXP_FS_NC_90d,30,Normal Concrete,Control,,0,OPC 53 (UltraTech),90,Flexural Strength,4.954,100x100x500mm Prism,F Strength Reading 1000000.xlsx,Sheet1,531,False,4.51085950651685,9.486832980505138,0,0.0,0,0.0,8100.0,729000.0
FS_NC_90d_031,EXP_FS_NC_90d,31,Normal Concrete,Control,,0,OPC 53 (UltraTech),90,Flexural Strength,4.937,100x100x500mm Prism,F Strength Reading 1000000.xlsx,Sheet1,532,False,4.51085950651685,9.486832980505138,0,0.0,0,0.0,8100.0,729000.0
FS_NC_90d_032,EXP_FS_NC_90d,32,Normal Concrete,Control,,0,OPC 53 (UltraTech),90,Flexural Strength,5.03,100x100x500mm Prism,F Strength Reading 1000000.xlsx,Sheet1,533,False,4.51085950651685,9.486832980505138,0,0.0,0,0.0,8100.0,729000.0
FS_NC_90d_033,EXP_FS_NC_90d,33,Normal Concrete,Control,,0,OPC 53 (UltraTech),90,Flexural Strength,4.873,100x100x500mm Prism,F Strength Reading 1000000.xlsx,Sheet1,534,False,4.51085950651685,9.486832980505138,0,0.0,0,0.0,8100.0,729000.0
FS_NC_90d_034,EXP_FS_NC_90d,34,Normal Concrete,Control,,0,OPC 53 (UltraTech),90,Flexural Strength,4.585,100x100x500mm Prism,F Strength Reading 1000000.xlsx,Sheet1,535,False,4.51085950651685,9.486832980505138,0,0.0,0,0.0,8100.0,729000.0
FS_NC_90d_035,EXP_FS_NC_90d,35,Normal Concrete,Control,,0,OPC 53 (UltraTech),90,Flexural Strength,4.874,100x100x500mm Prism,F Strength Reading 1000000.xlsx,Sheet1,536,False,4.51085950651685,9.486832980505138,0,0.0,0,0.0,8100.0,729000.0
FS_NC_90d_036,EXP_FS_NC_90d,36,Normal Concrete,Control,,0,OPC 53 (UltraTech),90,Flexural Strength,5.06,100x100x500mm Prism,F Strength Reading 1000000.xlsx,Sheet1,537,False,4.51085950651685,9.486832980505138,0,0.0,0,0.0,8100.0,729000.0
FS_NC_90d_037,EXP_FS_NC_90d,37,Normal Concrete,Control,,0,OPC 53 (UltraTech),90,Flexural Strength,4.51,100x100x500mm Prism,F Strength Reading 1000000.xlsx,Sheet1,538,False,4.51085950651685,9.486832980505138,0,0.0,0,0.0,8100.0,729000.0
FS_NC_90d_038,EXP_FS_NC_90d,38,Normal Concrete,Control,,0,OPC 53 (UltraTech),90,Flexural Strength,4.496,100x100x500mm Prism,F Strength Reading 1000000.xlsx,Sheet1,539,False,4.51085950651685,9.486832980505138,0,0.0,0,0.0,8100.0,729000.0
FS_NC_90d_039,EXP_FS_NC_90d,39,Normal Concrete,Control,,0,OPC 53 (UltraTech),90,Flexural Strength,4.721,100x100x500mm Prism,F Strength Reading 1000000.xlsx,Sheet1,540,False,4.51085950651685,9.486832980505138,0,0.0,0,0.0,8100.0,729000.0
FS_NC_90d_040,EXP_FS_NC_90d,40,Normal Concrete,Control,,0,OPC 53 (UltraTech),90,Flexural Strength,4.595,100x100x500mm Prism,F Strength Reading 1000000.xlsx,Sheet1,541,False,4.51085950651685,9.486832980505138,0,0.0,0,0.0,8100.0,729000.0
FS_NC_90d_041,EXP_FS_NC_90d,41,Normal Concrete,Control,,0,OPC 53 (UltraTech),90,Flexural Strength,4.652,100x100x500mm Prism,F Strength Reading 1000000.xlsx,Sheet1,542,False,4.51085950651685,9.486832980505138,0,0.0,0,0.0,8100.0,729000.0
FS_NC_90d_042,EXP_FS_NC_90d,42,Normal Concrete,Control,,0,OPC 53 (UltraTech),90,Flexural Strength,5.134,100x100x500mm Prism,F Strength Reading 1000000.xlsx,Sheet1,543,False,4.51085950651685,9.486832980505138,0,0.0,0,0.0,8100.0,729000.0
FS_NC_90d_043,EXP_FS_NC_90d,43,Normal Concrete,Control,,0,OPC 53 (UltraTech),90,Flexural Strength,5.263,100x100x500mm Prism,F Strength Reading 1000000.xlsx,Sheet1,544,False,4.51085950651685,9.486832980505138,0,0.0,0,0.0,8100.0,729000.0
FS_NC_90d_044,EXP_FS_NC_90d,44,Normal Concrete,Control,,0,OPC 53 (UltraTech),90,Flexural Strength,4.996,100x100x500mm Prism,F Strength Reading 1000000.xlsx,Sheet1,545,False,4.51085950651685,9.486832980505138,0,0.0,0,0.0,8100.0,729000.0
FS_NC_90d_045,EXP_FS_NC_90d,45,Normal Concrete,Control,,0,OPC 53 (UltraTech),90,Flexural Strength,4.907,100x100x500mm Prism,F Strength Reading 1000000.xlsx,Sheet1,546,False,4.51085950651685,9.486832980505138,0,0.0,0,0.0,8100.0,729000.0
FS_NC_90d_046,EXP_FS_NC_90d,46,Normal Concrete,Control,,0,OPC 53 (UltraTech),90,Flexural Strength,5.037,100x100x500mm Prism,F Strength Reading 1000000.xlsx,Sheet1,547,False,4.51085950651685,9.486832980505138,0,0.0,0,0.0,8100.0,729000.0
FS_NC_90d_047,EXP_FS_NC_90d,47,Normal Concrete,Control,,0,OPC 53 (UltraTech),90,Flexural Strength,5.045,100x100x500mm Prism,F Strength Reading 1000000.xlsx,Sheet1,548,False,4.51085950651685,9.486832980505138,0,0.0,0,0.0,8100.0,729000.0
FS_NC_90d_048,EXP_FS_NC_90d,48,Normal Concrete,Control,,0,OPC 53 (UltraTech),90,Flexural Strength,4.744,100x100x500mm Prism,F Strength Reading 1000000.xlsx,Sheet1,549,False,4.51085950651685,9.486832980505138,0,0.0,0,0.0,8100.0,729000.0
FS_NC_90d_049,EXP_FS_NC_90d,49,Normal Concrete,Control,,0,OPC 53 (UltraTech),90,Flexural Strength,5.359,100x100x500mm Prism,F Strength Reading 1000000.xlsx,Sheet1,550,False,4.51085950651685,9.486832980505138,0,0.0,0,0.0,8100.0,729000.0
FS_NC_90d_050,EXP_FS_NC_90d,50,Normal Concrete,Control,,0,OPC 53 (UltraTech),90,Flexural Strength,4.491,100x100x500mm Prism,F Strength Reading 1000000.xlsx,Sheet1,551,False,4.51085950651685,9.486832980505138,0,0.0,0,0.0,8100.0,729000.0
FS_NC_90d_051,EXP_FS_NC_90d,51,Normal Concrete,Control,,0,OPC 53 (UltraTech),90,Flexural Strength,4.54,100x100x500mm Prism,F Strength Reading 1000000.xlsx,Sheet1,552,False,4.51085950651685,9.486832980505138,0,0.0,0,0.0,8100.0,729000.0
FS_NC_90d_052,EXP_FS_NC_90d,52,Normal Concrete,Control,,0,OPC 53 (UltraTech),90,Flexural Strength,4.828,100x100x500mm Prism,F Strength Reading 1000000.xlsx,Sheet1,553,False,4.51085950651685,9.486832980505138,0,0.0,0,0.0,8100.0,729000.0
FS_NC_90d_053,EXP_FS_NC_90d,53,Normal Concrete,Control,,0,OPC 53 (UltraTech),90,Flexural Strength,4.679,100x100x500mm Prism,F Strength Reading 1000000.xlsx,Sheet1,554,False,4.51085950651685,9.486832980505138,0,0.0,0,0.0,8100.0,729000.0
FS_NC_90d_054,EXP_FS_NC_90d,54,Normal Concrete,Control,,0,OPC 53 (UltraTech),90,Flexural Strength,4.875,100x100x500mm Prism,F Strength Reading 1000000.xlsx,Sheet1,555,False,4.51085950651685,9.486832980505138,0,0.0,0,0.0,8100.0,729000.0
FS_NC_90d_055,EXP_FS_NC_90d,55,Normal Concrete,Control,,0,OPC 53 (UltraTech),90,Flexural Strength,4.892,100x100x500mm Prism,F Strength Reading 1000000.xlsx,Sheet1,556,False,4.51085950651685,9.486832980505138,0,0.0,0,0.0,8100.0,729000.0
FS_NC_90d_056,EXP_FS_NC_90d,56,Normal Concrete,Control,,0,OPC 53 (UltraTech),90,Flexural Strength,4.94,100x100x500mm Prism,F Strength Reading 1000000.xlsx,Sheet1,557,False,4.51085950651685,9.486832980505138,0,0.0,0,0.0,8100.0,729000.0
FS_NC_90d_057,EXP_FS_NC_90d,57,Normal Concrete,Control,,0,OPC 53 (UltraTech),90,Flexural Strength,4.962,100x100x500mm Prism,F Strength Reading 1000000.xlsx,Sheet1,558,False,4.51085950651685,9.486832980505138,0,0.0,0,0.0,8100.0,729000.0
FS_NC_90d_058,EXP_FS_NC_90d,58,Normal Concrete,Control,,0,OPC 53 (UltraTech),90,Flexural Strength,5.116,100x100x500mm Prism,F Strength Reading 1000000.xlsx,Sheet1,559,False,4.51085950651685,9.486832980505138,0,0.0,0,0.0,8100.0,729000.0
FS_NC_90d_059,EXP_FS_NC_90d,59,Normal Concrete,Control,,0,OPC 53 (UltraTech),90,Flexural Strength,4.521,100x100x500mm Prism,F Strength Reading 1000000.xlsx,Sheet1,560,False,4.51085950651685,9.486832980505138,0,0.0,0,0.0,8100.0,729000.0
FS_NC_90d_060,EXP_FS_NC_90d,60,Normal Concrete,Control,,0,OPC 53 (UltraTech),90,Flexural Strength,4.59,100x100x500mm Prism,F Strength Reading 1000000.xlsx,Sheet1,561,False,4.51085950651685,9.486832980505138,0,0.0,0,0.0,8100.0,729000.0
FS_NC_90d_061,EXP_FS_NC_90d,61,Normal Concrete,Control,,0,OPC 53 (UltraTech),90,Flexural Strength,5.215,100x100x500mm Prism,F Strength Reading 1000000.xlsx,Sheet1,562,False,4.51085950651685,9.486832980505138,0,0.0,0,0.0,8100.0,729000.0
FS_NC_90d_062,EXP_FS_NC_90d,62,Normal Concrete,Control,,0,OPC 53 (UltraTech),90,Flexural Strength,4.53,100x100x500mm Prism,F Strength Reading 1000000.xlsx,Sheet1,563,False,4.51085950651685,9.486832980505138,0,0.0,0,0.0,8100.0,729000.0
FS_NC_90d_063,EXP_FS_NC_90d,63,Normal Concrete,Control,,0,OPC 53 (UltraTech),90,Flexural Strength,4.78,100x100x500mm Prism,F Strength Reading 1000000.xlsx,Sheet1,564,False,4.51085950651685,9.486832980505138,0,0.0,0,0.0,8100.0,729000.0
FS_NC_90d_064,EXP_FS_NC_90d,64,Normal Concrete,Control,,0,OPC 53 (UltraTech),90,Flexural Strength,4.856,100x100x500mm Prism,F Strength Reading 1000000.xlsx,Sheet1,565,False,4.51085950651685,9.486832980505138,0,0.0,0,0.0,8100.0,729000.0
FS_NC_90d_065,EXP_FS_NC_90d,65,Normal Concrete,Control,,0,OPC 53 (UltraTech),90,Flexural Strength,4.794,100x100x500mm Prism,F Strength Reading 1000000.xlsx,Sheet1,566,False,4.51085950651685,9.486832980505138,0,0.0,0,0.0,8100.0,729000.0
FS_NC_90d_066,EXP_FS_NC_90d,66,Normal Concrete,Control,,0,OPC 53 (UltraTech),90,Flexural Strength,4.875,100x100x500mm Prism,F Strength Reading 1000000.xlsx,Sheet1,567,False,4.51085950651685,9.486832980505138,0,0.0,0,0.0,8100.0,729000.0
FS_NC_90d_067,EXP_FS_NC_90d,67,Normal Concrete,Control,,0,OPC 53 (UltraTech),90,Flexural Strength,5.037,100x100x500mm Prism,F Strength Reading 1000000.xlsx,Sheet1,568,False,4.51085950651685,9.486832980505138,0,0.0,0,0.0,8100.0,729000.0
FS_NC_90d_068,EXP_FS_NC_90d,68,Normal Concrete,Control,,0,OPC 53 (UltraTech),90,Flexural Strength,4.539,100x100x500mm Prism,F Strength Reading 1000000.xlsx,Sheet1,569,False,4.51085950651685,9.486832980505138,0,0.0,0,0.0,8100.0,729000.0
FS_NC_90d_069,EXP_FS_NC_90d,69,Normal Concrete,Control,,0,OPC 53 (UltraTech),90,Flexural Strength,4.774,100x100x500mm Prism,F Strength Reading 1000000.xlsx,Sheet1,570,False,4.51085950651685,9.486832980505138,0,0.0,0,0.0,8100.0,729000.0
FS_NC_90d_070,EXP_FS_NC_90d,70,Normal Concrete,Control,,0,OPC 53 (UltraTech),90,Flexural Strength,4.78,100x100x500mm Prism,F Strength Reading 1000000.xlsx,Sheet1,571,False,4.51085950651685,9.486832980505138,0,0.0,0,0.0,8100.0,729000.0
FS_NC_90d_071,EXP_FS_NC_90d,71,Normal Concrete,Control,,0,OPC 53 (UltraTech),90,Flexural Strength,5.25,100x100x500mm Prism,F Strength Reading 1000000.xlsx,Sheet1,572,False,4.51085950651685,9.486832980505138,0,0.0,0,0.0,8100.0,729000.0
FS_NC_90d_072,EXP_FS_NC_90d,72,Normal Concrete,Control,,0,OPC 53 (UltraTech),90,Flexural Strength,5.19,100x100x500mm Prism,F Strength Reading 1000000.xlsx,Sheet1,573,False,4.51085950651685,9.486832980505138,0,0.0,0,0.0,8100.0,729000.0
FS_NC_90d_073,EXP_FS_NC_90d,73,Normal Concrete,Control,,0,OPC 53 (UltraTech),90,Flexural Strength,5.215,100x100x500mm Prism,F Strength Reading 1000000.xlsx,Sheet1,574,False,4.51085950651685,9.486832980505138,0,0.0,0,0.0,8100.0,729000.0
FS_NC_90d_074,EXP_FS_NC_90d,74,Normal Concrete,Control,,0,OPC 53 (UltraTech),90,Flexural Strength,5.006,100x100x500mm Prism,F Strength Reading 1000000.xlsx,Sheet1,575,False,4.51085950651685,9.486832980505138,0,0.0,0,0.0,8100.0,729000.0
FS_NC_90d_075,EXP_FS_NC_90d,75,Normal Concrete,Control,,0,OPC 53 (UltraTech),90,Flexural Strength,5.224,100x100x500mm Prism,F Strength Reading 1000000.xlsx,Sheet1,576,False,4.51085950651685,9.486832980505138,0,0.0,0,0.0,8100.0,729000.0
FS_NC_90d_076,EXP_FS_NC_90d,76,Normal Concrete,Control,,0,OPC 53 (UltraTech),90,Flexural Strength,4.92,100x100x500mm Prism,F Strength Reading 1000000.xlsx,Sheet1,577,False,4.51085950651685,9.486832980505138,0,0.0,0,0.0,8100.0,729000.0
FS_NC_90d_077,EXP_FS_NC_90d,77,Normal Concrete,Control,,0,OPC 53 (UltraTech),90,Flexural Strength,5.207,100x100x500mm Prism,F Strength Reading 1000000.xlsx,Sheet1,578,False,4.51085950651685,9.486832980505138,0,0.0,0,0.0,8100.0,729000.0
FS_NC_90d_078,EXP_FS_NC_90d,78,Normal Concrete,Control,,0,OPC 53 (UltraTech),90,Flexural Strength,4.804,100x100x500mm Prism,F Strength Reading 1000000.xlsx,Sheet1,579,False,4.51085950651685,9.486832980505138,0,0.0,0,0.0,8100.0,729000.0
FS_NC_90d_079,EXP_FS_NC_90d,79,Normal Concrete,Control,,0,OPC 53 (UltraTech),90,Flexural Strength,4.354,100x100x500mm Prism,F Strength Reading 1000000.xlsx,Sheet1,580,False,4.51085950651685,9.486832980505138,0,0.0,0,0.0,8100.0,729000.0
FS_NC_90d_080,EXP_FS_NC_90d,80,Normal Concrete,Control,,0,OPC 53 (UltraTech),90,Flexural Strength,5.105,100x100x500mm Prism,F Strength Reading 1000000.xlsx,Sheet1,581,False,4.51085950651685,9.486832980505138,0,0.0,0,0.0,8100.0,729000.0
FS_NC_90d_081,EXP_FS_NC_90d,81,Normal Concrete,Control,,0,OPC 53 (UltraTech),90,Flexural Strength,5.158,100x100x500mm Prism,F Strength Reading 1000000.xlsx,Sheet1,582,False,4.51085950651685,9.486832980505138,0,0.0,0,0.0,8100.0,729000.0
FS_NC_90d_082,EXP_FS_NC_90d,82,Normal Concrete,Control,,0,OPC 53 (UltraTech),90,Flexural Strength,4.489,100x100x500mm Prism,F Strength Reading 1000000.xlsx,Sheet1,583,False,4.51085950651685,9.486832980505138,0,0.0,0,0.0,8100.0,729000.0
FS_NC_90d_083,EXP_FS_NC_90d,83,Normal Concrete,Control,,0,OPC 53 (UltraTech),90,Flexural Strength,4.618,100x100x500mm Prism,F Strength Reading 1000000.xlsx,Sheet1,584,False,4.51085950651685,9.486832980505138,0,0.0,0,0.0,8100.0,729000.0
FS_NC_90d_084,EXP_FS_NC_90d,84,Normal Concrete,Control,,0,OPC 53 (UltraTech),90,Flexural Strength,5.26,100x100x500mm Prism,F Strength Reading 1000000.xlsx,Sheet1,585,False,4.51085950651685,9.486832980505138,0,0.0,0,0.0,8100.0,729000.0
FS_NC_90d_085,EXP_FS_NC_90d,85,Normal Concrete,Control,,0,OPC 53 (UltraTech),90,Flexural Strength,5.217,100x100x500mm Prism,F Strength Reading 1000000.xlsx,Sheet1,586,False,4.51085950651685,9.486832980505138,0,0.0,0,0.0,8100.0,729000.0
FS_NC_90d_086,EXP_FS_NC_90d,86,Normal Concrete,Control,,0,OPC 53 (UltraTech),90,Flexural Strength,4.65,100x100x500mm Prism,F Strength Reading 1000000.xlsx,Sheet1,587,False,4.51085950651685,9.486832980505138,0,0.0,0,0.0,8100.0,729000.0
FS_NC_90d_087,EXP_FS_NC_90d,87,Normal Concrete,Control,,0,OPC 53 (UltraTech),90,Flexural Strength,5.179,100x100x500mm Prism,F Strength Reading 1000000.xlsx,Sheet1,588,False,4.51085950651685,9.486832980505138,0,0.0,0,0.0,8100.0,729000.0
FS_NC_90d_088,EXP_FS_NC_90d,88,Normal Concrete,Control,,0,OPC 53 (UltraTech),90,Flexural Strength,4.671,100x100x500mm Prism,F Strength Reading 1000000.xlsx,Sheet1,589,False,4.51085950651685,9.486832980505138,0,0.0,0,0.0,8100.0,729000.0
FS_NC_90d_089,EXP_FS_NC_90d,89,Normal Concrete,Control,,0,OPC 53 (UltraTech),90,Flexural Strength,5.221,100x100x500mm Prism,F Strength Reading 1000000.xlsx,Sheet1,590,False,4.51085950651685,9.486832980505138,0,0.0,0,0.0,8100.0,729000.0
FS_NC_90d_090,EXP_FS_NC_90d,90,Normal Concrete,Control,,0,OPC 53 (UltraTech),90,Flexural Strength,4.794,100x100x500mm Prism,F Strength Reading 1000000.xlsx,Sheet1,591,False,4.51085950651685,9.486832980505138,0,0.0,0,0.0,8100.0,729000.0
FS_NC_90d_091,EXP_FS_NC_90d,91,Normal Concrete,Control,,0,OPC 53 (UltraTech),90,Flexural Strength,5.503,100x100x500mm Prism,F Strength Reading 1000000.xlsx,Sheet1,592,False,4.51085950651685,9.486832980505138,0,0.0,0,0.0,8100.0,729000.0
FS_NC_90d_092,EXP_FS_NC_90d,92,Normal Concrete,Control,,0,OPC 53 (UltraTech),90,Flexural Strength,5.123,100x100x500mm Prism,F Strength Reading 1000000.xlsx,Sheet1,593,False,4.51085950651685,9.486832980505138,0,0.0,0,0.0,8100.0,729000.0
FS_NC_90d_093,EXP_FS_NC_90d,93,Normal Concrete,Control,,0,OPC 53 (UltraTech),90,Flexural Strength,4.678,100x100x500mm Prism,F Strength Reading 1000000.xlsx,Sheet1,594,False,4.51085950651685,9.486832980505138,0,0.0,0,0.0,8100.0,729000.0
FS_NC_90d_094,EXP_FS_NC_90d,94,Normal Concrete,Control,,0,OPC 53 (UltraTech),90,Flexural Strength,4.606,100x100x500mm Prism,F Strength Reading 1000000.xlsx,Sheet1,595,False,4.51085950651685,9.486832980505138,0,0.0,0,0.0,8100.0,729000.0
FS_NC_90d_095,EXP_FS_NC_90d,95,Normal Concrete,Control,,0,OPC 53 (UltraTech),90,Flexural Strength,4.895,100x100x500mm Prism,F Strength Reading 1000000.xlsx,Sheet1,596,False,4.51085950651685,9.486832980505138,0,0.0,0,0.0,8100.0,729000.0
FS_NC_90d_096,EXP_FS_NC_90d,96,Normal Concrete,Control,,0,OPC 53 (UltraTech),90,Flexural Strength,5.091,100x100x500mm Prism,F Strength Reading 1000000.xlsx,Sheet1,597,False,4.51085950651685,9.486832980505138,0,0.0,0,0.0,8100.0,729000.0
FS_NC_90d_097,EXP_FS_NC_90d,97,Normal Concrete,Control,,0,OPC 53 (UltraTech),90,Flexural Strength,4.684,100x100x500mm Prism,F Strength Reading 1000000.xlsx,Sheet1,598,False,4.51085950651685,9.486832980505138,0,0.0,0,0.0,8100.0,729000.0
FS_NC_90d_098,EXP_FS_NC_90d,98,Normal Concrete,Control,,0,OPC 53 (UltraTech),90,Flexural Strength,5.061,100x100x500mm Prism,F Strength Reading 1000000.xlsx,Sheet1,599,False,4.51085950651685,9.486832980505138,0,0.0,0,0.0,8100.0,729000.0
FS_NC_90d_099,EXP_FS_NC_90d,99,Normal Concrete,Control,,0,OPC 53 (UltraTech),90,Flexural Strength,4.898,100x100x500mm Prism,F Strength Reading 1000000.xlsx,Sheet1,600,False,4.51085950651685,9.486832980505138,0,0.0,0,0.0,8100.0,729000.0
FS_NC_90d_100,EXP_FS_NC_90d,100,Normal Concrete,Control,,0,OPC 53 (UltraTech),90,Flexural Strength,4.345,100x100x500mm Prism,F Strength Reading 1000000.xlsx,Sheet1,601,False,4.51085950651685,9.486832980505138,0,0.0,0,0.0,8100.0,729000.0
FS_BC_07d_001,EXP_FS_BC_07d,1,Bacterial Concrete,Inoculated,Bacillus subtilis,1000000,OPC 53 (UltraTech),7,Flexural Strength,3.323,100x100x500mm Prism,F Strength Reading 1000000.xlsx,Sheet1,602,False,2.0794415416798357,2.6457513110645907,1,13.815511557963774,7,2.0794415416798357,49.0,343.0
FS_BC_07d_002,EXP_FS_BC_07d,2,Bacterial Concrete,Inoculated,Bacillus subtilis,1000000,OPC 53 (UltraTech),7,Flexural Strength,3.584,100x100x500mm Prism,F Strength Reading 1000000.xlsx,Sheet1,603,False,2.0794415416798357,2.6457513110645907,1,13.815511557963774,7,2.0794415416798357,49.0,343.0
FS_BC_07d_003,EXP_FS_BC_07d,3,Bacterial Concrete,Inoculated,Bacillus subtilis,1000000,OPC 53 (UltraTech),7,Flexural Strength,3.361,100x100x500mm Prism,F Strength Reading 1000000.xlsx,Sheet1,604,False,2.0794415416798357,2.6457513110645907,1,13.815511557963774,7,2.0794415416798357,49.0,343.0
FS_BC_07d_004,EXP_FS_BC_07d,4,Bacterial Concrete,Inoculated,Bacillus subtilis,1000000,OPC 53 (UltraTech),7,Flexural Strength,3.655,100x100x500mm Prism,F Strength Reading 1000000.xlsx,Sheet1,605,False,2.0794415416798357,2.6457513110645907,1,13.815511557963774,7,2.0794415416798357,49.0,343.0
FS_BC_07d_005,EXP_FS_BC_07d,5,Bacterial Concrete,Inoculated,Bacillus subtilis,1000000,OPC 53 (UltraTech),7,Flexural Strength,3.905,100x100x500mm Prism,F Strength Reading 1000000.xlsx,Sheet1,606,False,2.0794415416798357,2.6457513110645907,1,13.815511557963774,7,2.0794415416798357,49.0,343.0
FS_BC_07d_006,EXP_FS_BC_07d,6,Bacterial Concrete,Inoculated,Bacillus subtilis,1000000,OPC 53 (UltraTech),7,Flexural Strength,3.864,100x100x500mm Prism,F Strength Reading 1000000.xlsx,Sheet1,607,False,2.0794415416798357,2.6457513110645907,1,13.815511557963774,7,2.0794415416798357,49.0,343.0
FS_BC_07d_007,EXP_FS_BC_07d,7,Bacterial Concrete,Inoculated,Bacillus subtilis,1000000,OPC 53 (UltraTech),7,Flexural Strength,3.289,100x100x500mm Prism,F Strength Reading 1000000.xlsx,Sheet1,608,False,2.0794415416798357,2.6457513110645907,1,13.815511557963774,7,2.0794415416798357,49.0,343.0
FS_BC_07d_008,EXP_FS_BC_07d,8,Bacterial Concrete,Inoculated,Bacillus subtilis,1000000,OPC 53 (UltraTech),7,Flexural Strength,3.324,100x100x500mm Prism,F Strength Reading 1000000.xlsx,Sheet1,609,False,2.0794415416798357,2.6457513110645907,1,13.815511557963774,7,2.0794415416798357,49.0,343.0
FS_BC_07d_009,EXP_FS_BC_07d,9,Bacterial Concrete,Inoculated,Bacillus subtilis,1000000,OPC 53 (UltraTech),7,Flexural Strength,3.252,100x100x500mm Prism,F Strength Reading 1000000.xlsx,Sheet1,610,False,2.0794415416798357,2.6457513110645907,1,13.815511557963774,7,2.0794415416798357,49.0,343.0
FS_BC_07d_010,EXP_FS_BC_07d,10,Bacterial Concrete,Inoculated,Bacillus subtilis,1000000,OPC 53 (UltraTech),7,Flexural Strength,3.464,100x100x500mm Prism,F Strength Reading 1000000.xlsx,Sheet1,611,False,2.0794415416798357,2.6457513110645907,1,13.815511557963774,7,2.0794415416798357,49.0,343.0
FS_BC_07d_011,EXP_FS_BC_07d,11,Bacterial Concrete,Inoculated,Bacillus subtilis,1000000,OPC 53 (UltraTech),7,Flexural Strength,3.506,100x100x500mm Prism,F Strength Reading 1000000.xlsx,Sheet1,612,False,2.0794415416798357,2.6457513110645907,1,13.815511557963774,7,2.0794415416798357,49.0,343.0
FS_BC_07d_012,EXP_FS_BC_07d,12,Bacterial Concrete,Inoculated,Bacillus subtilis,1000000,OPC 53 (UltraTech),7,Flexural Strength,3.833,100x100x500mm Prism,F Strength Reading 1000000.xlsx,Sheet1,613,False,2.0794415416798357,2.6457513110645907,1,13.815511557963774,7,2.0794415416798357,49.0,343.0
FS_BC_07d_013,EXP_FS_BC_07d,13,Bacterial Concrete,Inoculated,Bacillus subtilis,1000000,OPC 53 (UltraTech),7,Flexural Strength,3.705,100x100x500mm Prism,F Strength Reading 1000000.xlsx,Sheet1,614,False,2.0794415416798357,2.6457513110645907,1,13.815511557963774,7,2.0794415416798357,49.0,343.0
FS_BC_07d_014,EXP_FS_BC_07d,14,Bacterial Concrete,Inoculated,Bacillus subtilis,1000000,OPC 53 (UltraTech),7,Flexural Strength,3.289,100x100x500mm Prism,F Strength Reading 1000000.xlsx,Sheet1,615,False,2.0794415416798357,2.6457513110645907,1,13.815511557963774,7,2.0794415416798357,49.0,343.0
FS_BC_07d_015,EXP_FS_BC_07d,15,Bacterial Concrete,Inoculated,Bacillus subtilis,1000000,OPC 53 (UltraTech),7,Flexural Strength,3.489,100x100x500mm Prism,F Strength Reading 1000000.xlsx,Sheet1,616,False,2.0794415416798357,2.6457513110645907,1,13.815511557963774,7,2.0794415416798357,49.0,343.0
FS_BC_07d_016,EXP_FS_BC_07d,16,Bacterial Concrete,Inoculated,Bacillus subtilis,1000000,OPC 53 (UltraTech),7,Flexural Strength,3.841,100x100x500mm Prism,F Strength Reading 1000000.xlsx,Sheet1,617,False,2.0794415416798357,2.6457513110645907,1,13.815511557963774,7,2.0794415416798357,49.0,343.0
FS_BC_07d_017,EXP_FS_BC_07d,17,Bacterial Concrete,Inoculated,Bacillus subtilis,1000000,OPC 53 (UltraTech),7,Flexural Strength,3.242,100x100x500mm Prism,F Strength Reading 1000000.xlsx,Sheet1,618,False,2.0794415416798357,2.6457513110645907,1,13.815511557963774,7,2.0794415416798357,49.0,343.0
FS_BC_07d_018,EXP_FS_BC_07d,18,Bacterial Concrete,Inoculated,Bacillus subtilis,1000000,OPC 53 (UltraTech),7,Flexural Strength,3.44,100x100x500mm Prism,F Strength Reading 1000000.xlsx,Sheet1,619,False,2.0794415416798357,2.6457513110645907,1,13.815511557963774,7,2.0794415416798357,49.0,343.0
FS_BC_07d_019,EXP_FS_BC_07d,19,Bacterial Concrete,Inoculated,Bacillus subtilis,1000000,OPC 53 (UltraTech),7,Flexural Strength,3.452,100x100x500mm Prism,F Strength Reading 1000000.xlsx,Sheet1,620,False,2.0794415416798357,2.6457513110645907,1,13.815511557963774,7,2.0794415416798357,49.0,343.0
FS_BC_07d_020,EXP_FS_BC_07d,20,Bacterial Concrete,Inoculated,Bacillus subtilis,1000000,OPC 53 (UltraTech),7,Flexural Strength,3.684,100x100x500mm Prism,F Strength Reading 1000000.xlsx,Sheet1,621,False,2.0794415416798357,2.6457513110645907,1,13.815511557963774,7,2.0794415416798357,49.0,343.0
FS_BC_07d_021,EXP_FS_BC_07d,21,Bacterial Concrete,Inoculated,Bacillus subtilis,1000000,OPC 53 (UltraTech),7,Flexural Strength,3.963,100x100x500mm Prism,F Strength Reading 1000000.xlsx,Sheet1,622,False,2.0794415416798357,2.6457513110645907,1,13.815511557963774,7,2.0794415416798357,49.0,343.0
FS_BC_07d_022,EXP_FS_BC_07d,22,Bacterial Concrete,Inoculated,Bacillus subtilis,1000000,OPC 53 (UltraTech),7,Flexural Strength,3.401,100x100x500mm Prism,F Strength Reading 1000000.xlsx,Sheet1,623,False,2.0794415416798357,2.6457513110645907,1,13.815511557963774,7,2.0794415416798357,49.0,343.0
FS_BC_07d_023,EXP_FS_BC_07d,23,Bacterial Concrete,Inoculated,Bacillus subtilis,1000000,OPC 53 (UltraTech),7,Flexural Strength,3.422,100x100x500mm Prism,F Strength Reading 1000000.xlsx,Sheet1,624,False,2.0794415416798357,2.6457513110645907,1,13.815511557963774,7,2.0794415416798357,49.0,343.0
FS_BC_07d_024,EXP_FS_BC_07d,24,Bacterial Concrete,Inoculated,Bacillus subtilis,1000000,OPC 53 (UltraTech),7,Flexural Strength,3.326,100x100x500mm Prism,F Strength Reading 1000000.xlsx,Sheet1,625,False,2.0794415416798357,2.6457513110645907,1,13.815511557963774,7,2.0794415416798357,49.0,343.0
FS_BC_07d_025,EXP_FS_BC_07d,25,Bacterial Concrete,Inoculated,Bacillus subtilis,1000000,OPC 53 (UltraTech),7,Flexural Strength,3.583,100x100x500mm Prism,F Strength Reading 1000000.xlsx,Sheet1,626,False,2.0794415416798357,2.6457513110645907,1,13.815511557963774,7,2.0794415416798357,49.0,343.0
FS_BC_07d_026,EXP_FS_BC_07d,26,Bacterial Concrete,Inoculated,Bacillus subtilis,1000000,OPC 53 (UltraTech),7,Flexural Strength,3.548,100x100x500mm Prism,F Strength Reading 1000000.xlsx,Sheet1,627,False,2.0794415416798357,2.6457513110645907,1,13.815511557963774,7,2.0794415416798357,49.0,343.0
FS_BC_07d_027,EXP_FS_BC_07d,27,Bacterial Concrete,Inoculated,Bacillus subtilis,1000000,OPC 53 (UltraTech),7,Flexural Strength,3.29,100x100x500mm Prism,F Strength Reading 1000000.xlsx,Sheet1,628,False,2.0794415416798357,2.6457513110645907,1,13.815511557963774,7,2.0794415416798357,49.0,343.0
FS_BC_07d_028,EXP_FS_BC_07d,28,Bacterial Concrete,Inoculated,Bacillus subtilis,1000000,OPC 53 (UltraTech),7,Flexural Strength,3.564,100x100x500mm Prism,F Strength Reading 1000000.xlsx,Sheet1,629,False,2.0794415416798357,2.6457513110645907,1,13.815511557963774,7,2.0794415416798357,49.0,343.0
FS_BC_07d_029,EXP_FS_BC_07d,29,Bacterial Concrete,Inoculated,Bacillus subtilis,1000000,OPC 53 (UltraTech),7,Flexural Strength,3.487,100x100x500mm Prism,F Strength Reading 1000000.xlsx,Sheet1,630,False,2.0794415416798357,2.6457513110645907,1,13.815511557963774,7,2.0794415416798357,49.0,343.0
FS_BC_07d_030,EXP_FS_BC_07d,30,Bacterial Concrete,Inoculated,Bacillus subtilis,1000000,OPC 53 (UltraTech),7,Flexural Strength,3.603,100x100x500mm Prism,F Strength Reading 1000000.xlsx,Sheet1,631,False,2.0794415416798357,2.6457513110645907,1,13.815511557963774,7,2.0794415416798357,49.0,343.0
FS_BC_07d_031,EXP_FS_BC_07d,31,Bacterial Concrete,Inoculated,Bacillus subtilis,1000000,OPC 53 (UltraTech),7,Flexural Strength,4.164,100x100x500mm Prism,F Strength Reading 1000000.xlsx,Sheet1,632,False,2.0794415416798357,2.6457513110645907,1,13.815511557963774,7,2.0794415416798357,49.0,343.0
FS_BC_07d_032,EXP_FS_BC_07d,32,Bacterial Concrete,Inoculated,Bacillus subtilis,1000000,OPC 53 (UltraTech),7,Flexural Strength,3.634,100x100x500mm Prism,F Strength Reading 1000000.xlsx,Sheet1,633,False,2.0794415416798357,2.6457513110645907,1,13.815511557963774,7,2.0794415416798357,49.0,343.0
FS_BC_07d_033,EXP_FS_BC_07d,33,Bacterial Concrete,Inoculated,Bacillus subtilis,1000000,OPC 53 (UltraTech),7,Flexural Strength,2.687,100x100x500mm Prism,F Strength Reading 1000000.xlsx,Sheet1,634,False,2.0794415416798357,2.6457513110645907,1,13.815511557963774,7,2.0794415416798357,49.0,343.0
FS_BC_07d_034,EXP_FS_BC_07d,34,Bacterial Concrete,Inoculated,Bacillus subtilis,1000000,OPC 53 (UltraTech),7,Flexural Strength,3.15,100x100x500mm Prism,F Strength Reading 1000000.xlsx,Sheet1,635,False,2.0794415416798357,2.6457513110645907,1,13.815511557963774,7,2.0794415416798357,49.0,343.0
FS_BC_07d_035,EXP_FS_BC_07d,35,Bacterial Concrete,Inoculated,Bacillus subtilis,1000000,OPC 53 (UltraTech),7,Flexural Strength,3.894,100x100x500mm Prism,F Strength Reading 1000000.xlsx,Sheet1,636,False,2.0794415416798357,2.6457513110645907,1,13.815511557963774,7,2.0794415416798357,49.0,343.0
FS_BC_07d_036,EXP_FS_BC_07d,36,Bacterial Concrete,Inoculated,Bacillus subtilis,1000000,OPC 53 (UltraTech),7,Flexural Strength,3.472,100x100x500mm Prism,F Strength Reading 1000000.xlsx,Sheet1,637,False,2.0794415416798357,2.6457513110645907,1,13.815511557963774,7,2.0794415416798357,49.0,343.0
FS_BC_07d_037,EXP_FS_BC_07d,37,Bacterial Concrete,Inoculated,Bacillus subtilis,1000000,OPC 53 (UltraTech),7,Flexural Strength,3.119,100x100x500mm Prism,F Strength Reading 1000000.xlsx,Sheet1,638,False,2.0794415416798357,2.6457513110645907,1,13.815511557963774,7,2.0794415416798357,49.0,343.0
FS_BC_07d_038,EXP_FS_BC_07d,38,Bacterial Concrete,Inoculated,Bacillus subtilis,1000000,OPC 53 (UltraTech),7,Flexural Strength,3.35,100x100x500mm Prism,F Strength Reading 1000000.xlsx,Sheet1,639,False,2.0794415416798357,2.6457513110645907,1,13.815511557963774,7,2.0794415416798357,49.0,343.0
FS_BC_07d_039,EXP_FS_BC_07d,39,Bacterial Concrete,Inoculated,Bacillus subtilis,1000000,OPC 53 (UltraTech),7,Flexural Strength,3.618,100x100x500mm Prism,F Strength Reading 1000000.xlsx,Sheet1,640,False,2.0794415416798357,2.6457513110645907,1,13.815511557963774,7,2.0794415416798357,49.0,343.0
FS_BC_07d_040,EXP_FS_BC_07d,40,Bacterial Concrete,Inoculated,Bacillus subtilis,1000000,OPC 53 (UltraTech),7,Flexural Strength,3.647,100x100x500mm Prism,F Strength Reading 1000000.xlsx,Sheet1,641,False,2.0794415416798357,2.6457513110645907,1,13.815511557963774,7,2.0794415416798357,49.0,343.0
FS_BC_07d_041,EXP_FS_BC_07d,41,Bacterial Concrete,Inoculated,Bacillus subtilis,1000000,OPC 53 (UltraTech),7,Flexural Strength,3.441,100x100x500mm Prism,F Strength Reading 1000000.xlsx,Sheet1,642,False,2.0794415416798357,2.6457513110645907,1,13.815511557963774,7,2.0794415416798357,49.0,343.0
FS_BC_07d_042,EXP_FS_BC_07d,42,Bacterial Concrete,Inoculated,Bacillus subtilis,1000000,OPC 53 (UltraTech),7,Flexural Strength,3.653,100x100x500mm Prism,F Strength Reading 1000000.xlsx,Sheet1,643,False,2.0794415416798357,2.6457513110645907,1,13.815511557963774,7,2.0794415416798357,49.0,343.0
FS_BC_07d_043,EXP_FS_BC_07d,43,Bacterial Concrete,Inoculated,Bacillus subtilis,1000000,OPC 53 (UltraTech),7,Flexural Strength,3.41,100x100x500mm Prism,F Strength Reading 1000000.xlsx,Sheet1,644,False,2.0794415416798357,2.6457513110645907,1,13.815511557963774,7,2.0794415416798357,49.0,343.0
FS_BC_07d_044,EXP_FS_BC_07d,44,Bacterial Concrete,Inoculated,Bacillus subtilis,1000000,OPC 53 (UltraTech),7,Flexural Strength,3.41,100x100x500mm Prism,F Strength Reading 1000000.xlsx,Sheet1,645,False,2.0794415416798357,2.6457513110645907,1,13.815511557963774,7,2.0794415416798357,49.0,343.0
FS_BC_07d_045,EXP_FS_BC_07d,45,Bacterial Concrete,Inoculated,Bacillus subtilis,1000000,OPC 53 (UltraTech),7,Flexural Strength,3.613,100x100x500mm Prism,F Strength Reading 1000000.xlsx,Sheet1,646,False,2.0794415416798357,2.6457513110645907,1,13.815511557963774,7,2.0794415416798357,49.0,343.0
FS_BC_07d_046,EXP_FS_BC_07d,46,Bacterial Concrete,Inoculated,Bacillus subtilis,1000000,OPC 53 (UltraTech),7,Flexural Strength,3.622,100x100x500mm Prism,F Strength Reading 1000000.xlsx,Sheet1,647,False,2.0794415416798357,2.6457513110645907,1,13.815511557963774,7,2.0794415416798357,49.0,343.0
FS_BC_07d_047,EXP_FS_BC_07d,47,Bacterial Concrete,Inoculated,Bacillus subtilis,1000000,OPC 53 (UltraTech),7,Flexural Strength,3.507,100x100x500mm Prism,F Strength Reading 1000000.xlsx,Sheet1,648,False,2.0794415416798357,2.6457513110645907,1,13.815511557963774,7,2.0794415416798357,49.0,343.0
FS_BC_07d_048,EXP_FS_BC_07d,48,Bacterial Concrete,Inoculated,Bacillus subtilis,1000000,OPC 53 (UltraTech),7,Flexural Strength,3.577,100x100x500mm Prism,F Strength Reading 1000000.xlsx,Sheet1,649,False,2.0794415416798357,2.6457513110645907,1,13.815511557963774,7,2.0794415416798357,49.0,343.0
FS_BC_07d_049,EXP_FS_BC_07d,49,Bacterial Concrete,Inoculated,Bacillus subtilis,1000000,OPC 53 (UltraTech),7,Flexural Strength,3.137,100x100x500mm Prism,F Strength Reading 1000000.xlsx,Sheet1,650,False,2.0794415416798357,2.6457513110645907,1,13.815511557963774,7,2.0794415416798357,49.0,343.0
FS_BC_07d_050,EXP_FS_BC_07d,50,Bacterial Concrete,Inoculated,Bacillus subtilis,1000000,OPC 53 (UltraTech),7,Flexural Strength,3.659,100x100x500mm Prism,F Strength Reading 1000000.xlsx,Sheet1,651,False,2.0794415416798357,2.6457513110645907,1,13.815511557963774,7,2.0794415416798357,49.0,343.0
FS_BC_07d_051,EXP_FS_BC_07d,51,Bacterial Concrete,Inoculated,Bacillus subtilis,1000000,OPC 53 (UltraTech),7,Flexural Strength,4.0,100x100x500mm Prism,F Strength Reading 1000000.xlsx,Sheet1,652,False,2.0794415416798357,2.6457513110645907,1,13.815511557963774,7,2.0794415416798357,49.0,343.0
FS_BC_07d_052,EXP_FS_BC_07d,52,Bacterial Concrete,Inoculated,Bacillus subtilis,1000000,OPC 53 (UltraTech),7,Flexural Strength,3.506,100x100x500mm Prism,F Strength Reading 1000000.xlsx,Sheet1,653,False,2.0794415416798357,2.6457513110645907,1,13.815511557963774,7,2.0794415416798357,49.0,343.0
FS_BC_07d_053,EXP_FS_BC_07d,53,Bacterial Concrete,Inoculated,Bacillus subtilis,1000000,OPC 53 (UltraTech),7,Flexural Strength,3.916,100x100x500mm Prism,F Strength Reading 1000000.xlsx,Sheet1,654,False,2.0794415416798357,2.6457513110645907,1,13.815511557963774,7,2.0794415416798357,49.0,343.0
FS_BC_07d_054,EXP_FS_BC_07d,54,Bacterial Concrete,Inoculated,Bacillus subtilis,1000000,OPC 53 (UltraTech),7,Flexural Strength,3.236,100x100x500mm Prism,F Strength Reading 1000000.xlsx,Sheet1,655,False,2.0794415416798357,2.6457513110645907,1,13.815511557963774,7,2.0794415416798357,49.0,343.0
FS_BC_07d_055,EXP_FS_BC_07d,55,Bacterial Concrete,Inoculated,Bacillus subtilis,1000000,OPC 53 (UltraTech),7,Flexural Strength,3.772,100x100x500mm Prism,F Strength Reading 1000000.xlsx,Sheet1,656,False,2.0794415416798357,2.6457513110645907,1,13.815511557963774,7,2.0794415416798357,49.0,343.0
FS_BC_07d_056,EXP_FS_BC_07d,56,Bacterial Concrete,Inoculated,Bacillus subtilis,1000000,OPC 53 (UltraTech),7,Flexural Strength,3.418,100x100x500mm Prism,F Strength Reading 1000000.xlsx,Sheet1,657,False,2.0794415416798357,2.6457513110645907,1,13.815511557963774,7,2.0794415416798357,49.0,343.0
FS_BC_07d_057,EXP_FS_BC_07d,57,Bacterial Concrete,Inoculated,Bacillus subtilis,1000000,OPC 53 (UltraTech),7,Flexural Strength,3.738,100x100x500mm Prism,F Strength Reading 1000000.xlsx,Sheet1,658,False,2.0794415416798357,2.6457513110645907,1,13.815511557963774,7,2.0794415416798357,49.0,343.0
FS_BC_07d_058,EXP_FS_BC_07d,58,Bacterial Concrete,Inoculated,Bacillus subtilis,1000000,OPC 53 (UltraTech),7,Flexural Strength,3.317,100x100x500mm Prism,F Strength Reading 1000000.xlsx,Sheet1,659,False,2.0794415416798357,2.6457513110645907,1,13.815511557963774,7,2.0794415416798357,49.0,343.0
FS_BC_07d_059,EXP_FS_BC_07d,59,Bacterial Concrete,Inoculated,Bacillus subtilis,1000000,OPC 53 (UltraTech),7,Flexural Strength,3.474,100x100x500mm Prism,F Strength Reading 1000000.xlsx,Sheet1,660,False,2.0794415416798357,2.6457513110645907,1,13.815511557963774,7,2.0794415416798357,49.0,343.0
FS_BC_07d_060,EXP_FS_BC_07d,60,Bacterial Concrete,Inoculated,Bacillus subtilis,1000000,OPC 53 (UltraTech),7,Flexural Strength,3.75,100x100x500mm Prism,F Strength Reading 1000000.xlsx,Sheet1,661,False,2.0794415416798357,2.6457513110645907,1,13.815511557963774,7,2.0794415416798357,49.0,343.0
FS_BC_07d_061,EXP_FS_BC_07d,61,Bacterial Concrete,Inoculated,Bacillus subtilis,1000000,OPC 53 (UltraTech),7,Flexural Strength,3.78,100x100x500mm Prism,F Strength Reading 1000000.xlsx,Sheet1,662,False,2.0794415416798357,2.6457513110645907,1,13.815511557963774,7,2.0794415416798357,49.0,343.0
FS_BC_07d_062,EXP_FS_BC_07d,62,Bacterial Concrete,Inoculated,Bacillus subtilis,1000000,OPC 53 (UltraTech),7,Flexural Strength,3.714,100x100x500mm Prism,F Strength Reading 1000000.xlsx,Sheet1,663,False,2.0794415416798357,2.6457513110645907,1,13.815511557963774,7,2.0794415416798357,49.0,343.0
FS_BC_07d_063,EXP_FS_BC_07d,63,Bacterial Concrete,Inoculated,Bacillus subtilis,1000000,OPC 53 (UltraTech),7,Flexural Strength,3.444,100x100x500mm Prism,F Strength Reading 1000000.xlsx,Sheet1,664,False,2.0794415416798357,2.6457513110645907,1,13.815511557963774,7,2.0794415416798357,49.0,343.0
FS_BC_07d_064,EXP_FS_BC_07d,64,Bacterial Concrete,Inoculated,Bacillus subtilis,1000000,OPC 53 (UltraTech),7,Flexural Strength,3.377,100x100x500mm Prism,F Strength Reading 1000000.xlsx,Sheet1,665,False,2.0794415416798357,2.6457513110645907,1,13.815511557963774,7,2.0794415416798357,49.0,343.0
FS_BC_07d_065,EXP_FS_BC_07d,65,Bacterial Concrete,Inoculated,Bacillus subtilis,1000000,OPC 53 (UltraTech),7,Flexural Strength,3.555,100x100x500mm Prism,F Strength Reading 1000000.xlsx,Sheet1,666,False,2.0794415416798357,2.6457513110645907,1,13.815511557963774,7,2.0794415416798357,49.0,343.0
FS_BC_07d_066,EXP_FS_BC_07d,66,Bacterial Concrete,Inoculated,Bacillus subtilis,1000000,OPC 53 (UltraTech),7,Flexural Strength,3.836,100x100x500mm Prism,F Strength Reading 1000000.xlsx,Sheet1,667,False,2.0794415416798357,2.6457513110645907,1,13.815511557963774,7,2.0794415416798357,49.0,343.0
FS_BC_07d_067,EXP_FS_BC_07d,67,Bacterial Concrete,Inoculated,Bacillus subtilis,1000000,OPC 53 (UltraTech),7,Flexural Strength,3.605,100x100x500mm Prism,F Strength Reading 1000000.xlsx,Sheet1,668,False,2.0794415416798357,2.6457513110645907,1,13.815511557963774,7,2.0794415416798357,49.0,343.0
FS_BC_07d_068,EXP_FS_BC_07d,68,Bacterial Concrete,Inoculated,Bacillus subtilis,1000000,OPC 53 (UltraTech),7,Flexural Strength,3.395,100x100x500mm Prism,F Strength Reading 1000000.xlsx,Sheet1,669,False,2.0794415416798357,2.6457513110645907,1,13.815511557963774,7,2.0794415416798357,49.0,343.0
FS_BC_07d_069,EXP_FS_BC_07d,69,Bacterial Concrete,Inoculated,Bacillus subtilis,1000000,OPC 53 (UltraTech),7,Flexural Strength,3.563,100x100x500mm Prism,F Strength Reading 1000000.xlsx,Sheet1,670,False,2.0794415416798357,2.6457513110645907,1,13.815511557963774,7,2.0794415416798357,49.0,343.0
FS_BC_07d_070,EXP_FS_BC_07d,70,Bacterial Concrete,Inoculated,Bacillus subtilis,1000000,OPC 53 (UltraTech),7,Flexural Strength,3.41,100x100x500mm Prism,F Strength Reading 1000000.xlsx,Sheet1,671,False,2.0794415416798357,2.6457513110645907,1,13.815511557963774,7,2.0794415416798357,49.0,343.0
FS_BC_07d_071,EXP_FS_BC_07d,71,Bacterial Concrete,Inoculated,Bacillus subtilis,1000000,OPC 53 (UltraTech),7,Flexural Strength,3.412,100x100x500mm Prism,F Strength Reading 1000000.xlsx,Sheet1,672,False,2.0794415416798357,2.6457513110645907,1,13.815511557963774,7,2.0794415416798357,49.0,343.0
FS_BC_07d_072,EXP_FS_BC_07d,72,Bacterial Concrete,Inoculated,Bacillus subtilis,1000000,OPC 53 (UltraTech),7,Flexural Strength,3.153,100x100x500mm Prism,F Strength Reading 1000000.xlsx,Sheet1,673,False,2.0794415416798357,2.6457513110645907,1,13.815511557963774,7,2.0794415416798357,49.0,343.0
FS_BC_07d_073,EXP_FS_BC_07d,73,Bacterial Concrete,Inoculated,Bacillus subtilis,1000000,OPC 53 (UltraTech),7,Flexural Strength,3.431,100x100x500mm Prism,F Strength Reading 1000000.xlsx,Sheet1,674,False,2.0794415416798357,2.6457513110645907,1,13.815511557963774,7,2.0794415416798357,49.0,343.0
FS_BC_07d_074,EXP_FS_BC_07d,74,Bacterial Concrete,Inoculated,Bacillus subtilis,1000000,OPC 53 (UltraTech),7,Flexural Strength,3.759,100x100x500mm Prism,F Strength Reading 1000000.xlsx,Sheet1,675,False,2.0794415416798357,2.6457513110645907,1,13.815511557963774,7,2.0794415416798357,49.0,343.0
FS_BC_07d_075,EXP_FS_BC_07d,75,Bacterial Concrete,Inoculated,Bacillus subtilis,1000000,OPC 53 (UltraTech),7,Flexural Strength,3.734,100x100x500mm Prism,F Strength Reading 1000000.xlsx,Sheet1,676,False,2.0794415416798357,2.6457513110645907,1,13.815511557963774,7,2.0794415416798357,49.0,343.0
FS_BC_07d_076,EXP_FS_BC_07d,76,Bacterial Concrete,Inoculated,Bacillus subtilis,1000000,OPC 53 (UltraTech),7,Flexural Strength,3.206,100x100x500mm Prism,F Strength Reading 1000000.xlsx,Sheet1,677,False,2.0794415416798357,2.6457513110645907,1,13.815511557963774,7,2.0794415416798357,49.0,343.0
FS_BC_07d_077,EXP_FS_BC_07d,77,Bacterial Concrete,Inoculated,Bacillus subtilis,1000000,OPC 53 (UltraTech),7,Flexural Strength,3.574,100x100x500mm Prism,F Strength Reading 1000000.xlsx,Sheet1,678,False,2.0794415416798357,2.6457513110645907,1,13.815511557963774,7,2.0794415416798357,49.0,343.0
FS_BC_07d_078,EXP_FS_BC_07d,78,Bacterial Concrete,Inoculated,Bacillus subtilis,1000000,OPC 53 (UltraTech),7,Flexural Strength,3.998,100x100x500mm Prism,F Strength Reading 1000000.xlsx,Sheet1,679,False,2.0794415416798357,2.6457513110645907,1,13.815511557963774,7,2.0794415416798357,49.0,343.0
FS_BC_07d_079,EXP_FS_BC_07d,79,Bacterial Concrete,Inoculated,Bacillus subtilis,1000000,OPC 53 (UltraTech),7,Flexural Strength,3.897,100x100x500mm Prism,F Strength Reading 1000000.xlsx,Sheet1,680,False,2.0794415416798357,2.6457513110645907,1,13.815511557963774,7,2.0794415416798357,49.0,343.0
FS_BC_07d_080,EXP_FS_BC_07d,80,Bacterial Concrete,Inoculated,Bacillus subtilis,1000000,OPC 53 (UltraTech),7,Flexural Strength,3.398,100x100x500mm Prism,F Strength Reading 1000000.xlsx,Sheet1,681,False,2.0794415416798357,2.6457513110645907,1,13.815511557963774,7,2.0794415416798357,49.0,343.0
FS_BC_07d_081,EXP_FS_BC_07d,81,Bacterial Concrete,Inoculated,Bacillus subtilis,1000000,OPC 53 (UltraTech),7,Flexural Strength,3.546,100x100x500mm Prism,F Strength Reading 1000000.xlsx,Sheet1,682,False,2.0794415416798357,2.6457513110645907,1,13.815511557963774,7,2.0794415416798357,49.0,343.0
FS_BC_07d_082,EXP_FS_BC_07d,82,Bacterial Concrete,Inoculated,Bacillus subtilis,1000000,OPC 53 (UltraTech),7,Flexural Strength,3.544,100x100x500mm Prism,F Strength Reading 1000000.xlsx,Sheet1,683,False,2.0794415416798357,2.6457513110645907,1,13.815511557963774,7,2.0794415416798357,49.0,343.0
FS_BC_07d_083,EXP_FS_BC_07d,83,Bacterial Concrete,Inoculated,Bacillus subtilis,1000000,OPC 53 (UltraTech),7,Flexural Strength,3.784,100x100x500mm Prism,F Strength Reading 1000000.xlsx,Sheet1,684,False,2.0794415416798357,2.6457513110645907,1,13.815511557963774,7,2.0794415416798357,49.0,343.0
FS_BC_07d_084,EXP_FS_BC_07d,84,Bacterial Concrete,Inoculated,Bacillus subtilis,1000000,OPC 53 (UltraTech),7,Flexural Strength,3.484,100x100x500mm Prism,F Strength Reading 1000000.xlsx,Sheet1,685,False,2.0794415416798357,2.6457513110645907,1,13.815511557963774,7,2.0794415416798357,49.0,343.0
FS_BC_07d_085,EXP_FS_BC_07d,85,Bacterial Concrete,Inoculated,Bacillus subtilis,1000000,OPC 53 (UltraTech),7,Flexural Strength,3.346,100x100x500mm Prism,F Strength Reading 1000000.xlsx,Sheet1,686,False,2.0794415416798357,2.6457513110645907,1,13.815511557963774,7,2.0794415416798357,49.0,343.0
FS_BC_07d_086,EXP_FS_BC_07d,86,Bacterial Concrete,Inoculated,Bacillus subtilis,1000000,OPC 53 (UltraTech),7,Flexural Strength,3.577,100x100x500mm Prism,F Strength Reading 1000000.xlsx,Sheet1,687,False,2.0794415416798357,2.6457513110645907,1,13.815511557963774,7,2.0794415416798357,49.0,343.0
FS_BC_07d_087,EXP_FS_BC_07d,87,Bacterial Concrete,Inoculated,Bacillus subtilis,1000000,OPC 53 (UltraTech),7,Flexural Strength,3.604,100x100x500mm Prism,F Strength Reading 1000000.xlsx,Sheet1,688,False,2.0794415416798357,2.6457513110645907,1,13.815511557963774,7,2.0794415416798357,49.0,343.0
FS_BC_07d_088,EXP_FS_BC_07d,88,Bacterial Concrete,Inoculated,Bacillus subtilis,1000000,OPC 53 (UltraTech),7,Flexural Strength,3.682,100x100x500mm Prism,F Strength Reading 1000000.xlsx,Sheet1,689,False,2.0794415416798357,2.6457513110645907,1,13.815511557963774,7,2.0794415416798357,49.0,343.0
FS_BC_07d_089,EXP_FS_BC_07d,89,Bacterial Concrete,Inoculated,Bacillus subtilis,1000000,OPC 53 (UltraTech),7,Flexural Strength,3.029,100x100x500mm Prism,F Strength Reading 1000000.xlsx,Sheet1,690,False,2.0794415416798357,2.6457513110645907,1,13.815511557963774,7,2.0794415416798357,49.0,343.0
FS_BC_07d_090,EXP_FS_BC_07d,90,Bacterial Concrete,Inoculated,Bacillus subtilis,1000000,OPC 53 (UltraTech),7,Flexural Strength,3.327,100x100x500mm Prism,F Strength Reading 1000000.xlsx,Sheet1,691,False,2.0794415416798357,2.6457513110645907,1,13.815511557963774,7,2.0794415416798357,49.0,343.0
FS_BC_07d_091,EXP_FS_BC_07d,91,Bacterial Concrete,Inoculated,Bacillus subtilis,1000000,OPC 53 (UltraTech),7,Flexural Strength,3.218,100x100x500mm Prism,F Strength Reading 1000000.xlsx,Sheet1,692,False,2.0794415416798357,2.6457513110645907,1,13.815511557963774,7,2.0794415416798357,49.0,343.0
FS_BC_07d_092,EXP_FS_BC_07d,92,Bacterial Concrete,Inoculated,Bacillus subtilis,1000000,OPC 53 (UltraTech),7,Flexural Strength,3.631,100x100x500mm Prism,F Strength Reading 1000000.xlsx,Sheet1,693,False,2.0794415416798357,2.6457513110645907,1,13.815511557963774,7,2.0794415416798357,49.0,343.0
FS_BC_07d_093,EXP_FS_BC_07d,93,Bacterial Concrete,Inoculated,Bacillus subtilis,1000000,OPC 53 (UltraTech),7,Flexural Strength,3.233,100x100x500mm Prism,F Strength Reading 1000000.xlsx,Sheet1,694,False,2.0794415416798357,2.6457513110645907,1,13.815511557963774,7,2.0794415416798357,49.0,343.0
FS_BC_07d_094,EXP_FS_BC_07d,94,Bacterial Concrete,Inoculated,Bacillus subtilis,1000000,OPC 53 (UltraTech),7,Flexural Strength,3.861,100x100x500mm Prism,F Strength Reading 1000000.xlsx,Sheet1,695,False,2.0794415416798357,2.6457513110645907,1,13.815511557963774,7,2.0794415416798357,49.0,343.0
FS_BC_07d_095,EXP_FS_BC_07d,95,Bacterial Concrete,Inoculated,Bacillus subtilis,1000000,OPC 53 (UltraTech),7,Flexural Strength,3.481,100x100x500mm Prism,F Strength Reading 1000000.xlsx,Sheet1,696,False,2.0794415416798357,2.6457513110645907,1,13.815511557963774,7,2.0794415416798357,49.0,343.0
FS_BC_07d_096,EXP_FS_BC_07d,96,Bacterial Concrete,Inoculated,Bacillus subtilis,1000000,OPC 53 (UltraTech),7,Flexural Strength,3.483,100x100x500mm Prism,F Strength Reading 1000000.xlsx,Sheet1,697,False,2.0794415416798357,2.6457513110645907,1,13.815511557963774,7,2.0794415416798357,49.0,343.0
FS_BC_07d_097,EXP_FS_BC_07d,97,Bacterial Concrete,Inoculated,Bacillus subtilis,1000000,OPC 53 (UltraTech),7,Flexural Strength,3.514,100x100x500mm Prism,F Strength Reading 1000000.xlsx,Sheet1,698,False,2.0794415416798357,2.6457513110645907,1,13.815511557963774,7,2.0794415416798357,49.0,343.0
FS_BC_07d_098,EXP_FS_BC_07d,98,Bacterial Concrete,Inoculated,Bacillus subtilis,1000000,OPC 53 (UltraTech),7,Flexural Strength,3.643,100x100x500mm Prism,F Strength Reading 1000000.xlsx,Sheet1,699,False,2.0794415416798357,2.6457513110645907,1,13.815511557963774,7,2.0794415416798357,49.0,343.0
FS_BC_07d_099,EXP_FS_BC_07d,99,Bacterial Concrete,Inoculated,Bacillus subtilis,1000000,OPC 53 (UltraTech),7,Flexural Strength,3.599,100x100x500mm Prism,F Strength Reading 1000000.xlsx,Sheet1,700,False,2.0794415416798357,2.6457513110645907,1,13.815511557963774,7,2.0794415416798357,49.0,343.0
FS_BC_07d_100,EXP_FS_BC_07d,100,Bacterial Concrete,Inoculated,Bacillus subtilis,1000000,OPC 53 (UltraTech),7,Flexural Strength,3.762,100x100x500mm Prism,F Strength Reading 1000000.xlsx,Sheet1,701,False,2.0794415416798357,2.6457513110645907,1,13.815511557963774,7,2.0794415416798357,49.0,343.0
FS_BC_14d_001,EXP_FS_BC_14d,1,Bacterial Concrete,Inoculated,Bacillus subtilis,1000000,OPC 53 (UltraTech),14,Flexural Strength,4.167,100x100x500mm Prism,F Strength Reading 1000000.xlsx,Sheet1,702,False,2.70805020110221,3.7416573867739413,1,13.815511557963774,14,2.70805020110221,196.0,2744.0
FS_BC_14d_002,EXP_FS_BC_14d,2,Bacterial Concrete,Inoculated,Bacillus subtilis,1000000,OPC 53 (UltraTech),14,Flexural Strength,4.416,100x100x500mm Prism,F Strength Reading 1000000.xlsx,Sheet1,703,False,2.70805020110221,3.7416573867739413,1,13.815511557963774,14,2.70805020110221,196.0,2744.0
FS_BC_14d_003,EXP_FS_BC_14d,3,Bacterial Concrete,Inoculated,Bacillus subtilis,1000000,OPC 53 (UltraTech),14,Flexural Strength,3.94,100x100x500mm Prism,F Strength Reading 1000000.xlsx,Sheet1,704,False,2.70805020110221,3.7416573867739413,1,13.815511557963774,14,2.70805020110221,196.0,2744.0
FS_BC_14d_004,EXP_FS_BC_14d,4,Bacterial Concrete,Inoculated,Bacillus subtilis,1000000,OPC 53 (UltraTech),14,Flexural Strength,4.451,100x100x500mm Prism,F Strength Reading 1000000.xlsx,Sheet1,705,False,2.70805020110221,3.7416573867739413,1,13.815511557963774,14,2.70805020110221,196.0,2744.0
FS_BC_14d_005,EXP_FS_BC_14d,5,Bacterial Concrete,Inoculated,Bacillus subtilis,1000000,OPC 53 (UltraTech),14,Flexural Strength,4.409,100x100x500mm Prism,F Strength Reading 1000000.xlsx,Sheet1,706,False,2.70805020110221,3.7416573867739413,1,13.815511557963774,14,2.70805020110221,196.0,2744.0
FS_BC_14d_006,EXP_FS_BC_14d,6,Bacterial Concrete,Inoculated,Bacillus subtilis,1000000,OPC 53 (UltraTech),14,Flexural Strength,3.555,100x100x500mm Prism,F Strength Reading 1000000.xlsx,Sheet1,707,False,2.70805020110221,3.7416573867739413,1,13.815511557963774,14,2.70805020110221,196.0,2744.0
FS_BC_14d_007,EXP_FS_BC_14d,7,Bacterial Concrete,Inoculated,Bacillus subtilis,1000000,OPC 53 (UltraTech),14,Flexural Strength,3.971,100x100x500mm Prism,F Strength Reading 1000000.xlsx,Sheet1,708,False,2.70805020110221,3.7416573867739413,1,13.815511557963774,14,2.70805020110221,196.0,2744.0
FS_BC_14d_008,EXP_FS_BC_14d,8,Bacterial Concrete,Inoculated,Bacillus subtilis,1000000,OPC 53 (UltraTech),14,Flexural Strength,3.986,100x100x500mm Prism,F Strength Reading 1000000.xlsx,Sheet1,709,False,2.70805020110221,3.7416573867739413,1,13.815511557963774,14,2.70805020110221,196.0,2744.0
FS_BC_14d_009,EXP_FS_BC_14d,9,Bacterial Concrete,Inoculated,Bacillus subtilis,1000000,OPC 53 (UltraTech),14,Flexural Strength,4.09,100x100x500mm Prism,F Strength Reading 1000000.xlsx,Sheet1,710,False,2.70805020110221,3.7416573867739413,1,13.815511557963774,14,2.70805020110221,196.0,2744.0
FS_BC_14d_010,EXP_FS_BC_14d,10,Bacterial Concrete,Inoculated,Bacillus subtilis,1000000,OPC 53 (UltraTech),14,Flexural Strength,4.227,100x100x500mm Prism,F Strength Reading 1000000.xlsx,Sheet1,711,False,2.70805020110221,3.7416573867739413,1,13.815511557963774,14,2.70805020110221,196.0,2744.0
FS_BC_14d_011,EXP_FS_BC_14d,11,Bacterial Concrete,Inoculated,Bacillus subtilis,1000000,OPC 53 (UltraTech),14,Flexural Strength,4.056,100x100x500mm Prism,F Strength Reading 1000000.xlsx,Sheet1,712,False,2.70805020110221,3.7416573867739413,1,13.815511557963774,14,2.70805020110221,196.0,2744.0
FS_BC_14d_012,EXP_FS_BC_14d,12,Bacterial Concrete,Inoculated,Bacillus subtilis,1000000,OPC 53 (UltraTech),14,Flexural Strength,4.437,100x100x500mm Prism,F Strength Reading 1000000.xlsx,Sheet1,713,False,2.70805020110221,3.7416573867739413,1,13.815511557963774,14,2.70805020110221,196.0,2744.0
FS_BC_14d_013,EXP_FS_BC_14d,13,Bacterial Concrete,Inoculated,Bacillus subtilis,1000000,OPC 53 (UltraTech),14,Flexural Strength,4.014,100x100x500mm Prism,F Strength Reading 1000000.xlsx,Sheet1,714,False,2.70805020110221,3.7416573867739413,1,13.815511557963774,14,2.70805020110221,196.0,2744.0
FS_BC_14d_014,EXP_FS_BC_14d,14,Bacterial Concrete,Inoculated,Bacillus subtilis,1000000,OPC 53 (UltraTech),14,Flexural Strength,4.126,100x100x500mm Prism,F Strength Reading 1000000.xlsx,Sheet1,715,False,2.70805020110221,3.7416573867739413,1,13.815511557963774,14,2.70805020110221,196.0,2744.0
FS_BC_14d_015,EXP_FS_BC_14d,15,Bacterial Concrete,Inoculated,Bacillus subtilis,1000000,OPC 53 (UltraTech),14,Flexural Strength,4.229,100x100x500mm Prism,F Strength Reading 1000000.xlsx,Sheet1,716,False,2.70805020110221,3.7416573867739413,1,13.815511557963774,14,2.70805020110221,196.0,2744.0
FS_BC_14d_016,EXP_FS_BC_14d,16,Bacterial Concrete,Inoculated,Bacillus subtilis,1000000,OPC 53 (UltraTech),14,Flexural Strength,3.913,100x100x500mm Prism,F Strength Reading 1000000.xlsx,Sheet1,717,False,2.70805020110221,3.7416573867739413,1,13.815511557963774,14,2.70805020110221,196.0,2744.0
FS_BC_14d_017,EXP_FS_BC_14d,17,Bacterial Concrete,Inoculated,Bacillus subtilis,1000000,OPC 53 (UltraTech),14,Flexural Strength,4.23,100x100x500mm Prism,F Strength Reading 1000000.xlsx,Sheet1,718,False,2.70805020110221,3.7416573867739413,1,13.815511557963774,14,2.70805020110221,196.0,2744.0
FS_BC_14d_018,EXP_FS_BC_14d,18,Bacterial Concrete,Inoculated,Bacillus subtilis,1000000,OPC 53 (UltraTech),14,Flexural Strength,4.179,100x100x500mm Prism,F Strength Reading 1000000.xlsx,Sheet1,719,False,2.70805020110221,3.7416573867739413,1,13.815511557963774,14,2.70805020110221,196.0,2744.0
FS_BC_14d_019,EXP_FS_BC_14d,19,Bacterial Concrete,Inoculated,Bacillus subtilis,1000000,OPC 53 (UltraTech),14,Flexural Strength,4.165,100x100x500mm Prism,F Strength Reading 1000000.xlsx,Sheet1,720,False,2.70805020110221,3.7416573867739413,1,13.815511557963774,14,2.70805020110221,196.0,2744.0
FS_BC_14d_020,EXP_FS_BC_14d,20,Bacterial Concrete,Inoculated,Bacillus subtilis,1000000,OPC 53 (UltraTech),14,Flexural Strength,3.884,100x100x500mm Prism,F Strength Reading 1000000.xlsx,Sheet1,721,False,2.70805020110221,3.7416573867739413,1,13.815511557963774,14,2.70805020110221,196.0,2744.0
FS_BC_14d_021,EXP_FS_BC_14d,21,Bacterial Concrete,Inoculated,Bacillus subtilis,1000000,OPC 53 (UltraTech),14,Flexural Strength,3.725,100x100x500mm Prism,F Strength Reading 1000000.xlsx,Sheet1,722,False,2.70805020110221,3.7416573867739413,1,13.815511557963774,14,2.70805020110221,196.0,2744.0
FS_BC_14d_022,EXP_FS_BC_14d,22,Bacterial Concrete,Inoculated,Bacillus subtilis,1000000,OPC 53 (UltraTech),14,Flexural Strength,4.151,100x100x500mm Prism,F Strength Reading 1000000.xlsx,Sheet1,723,False,2.70805020110221,3.7416573867739413,1,13.815511557963774,14,2.70805020110221,196.0,2744.0
FS_BC_14d_023,EXP_FS_BC_14d,23,Bacterial Concrete,Inoculated,Bacillus subtilis,1000000,OPC 53 (UltraTech),14,Flexural Strength,4.732,100x100x500mm Prism,F Strength Reading 1000000.xlsx,Sheet1,724,False,2.70805020110221,3.7416573867739413,1,13.815511557963774,14,2.70805020110221,196.0,2744.0
FS_BC_14d_024,EXP_FS_BC_14d,24,Bacterial Concrete,Inoculated,Bacillus subtilis,1000000,OPC 53 (UltraTech),14,Flexural Strength,4.195,100x100x500mm Prism,F Strength Reading 1000000.xlsx,Sheet1,725,False,2.70805020110221,3.7416573867739413,1,13.815511557963774,14,2.70805020110221,196.0,2744.0
FS_BC_14d_025,EXP_FS_BC_14d,25,Bacterial Concrete,Inoculated,Bacillus subtilis,1000000,OPC 53 (UltraTech),14,Flexural Strength,4.528,100x100x500mm Prism,F Strength Reading 1000000.xlsx,Sheet1,726,False,2.70805020110221,3.7416573867739413,1,13.815511557963774,14,2.70805020110221,196.0,2744.0
FS_BC_14d_026,EXP_FS_BC_14d,26,Bacterial Concrete,Inoculated,Bacillus subtilis,1000000,OPC 53 (UltraTech),14,Flexural Strength,4.312,100x100x500mm Prism,F Strength Reading 1000000.xlsx,Sheet1,727,False,2.70805020110221,3.7416573867739413,1,13.815511557963774,14,2.70805020110221,196.0,2744.0
FS_BC_14d_027,EXP_FS_BC_14d,27,Bacterial Concrete,Inoculated,Bacillus subtilis,1000000,OPC 53 (UltraTech),14,Flexural Strength,4.075,100x100x500mm Prism,F Strength Reading 1000000.xlsx,Sheet1,728,False,2.70805020110221,3.7416573867739413,1,13.815511557963774,14,2.70805020110221,196.0,2744.0
FS_BC_14d_028,EXP_FS_BC_14d,28,Bacterial Concrete,Inoculated,Bacillus subtilis,1000000,OPC 53 (UltraTech),14,Flexural Strength,4.135,100x100x500mm Prism,F Strength Reading 1000000.xlsx,Sheet1,729,False,2.70805020110221,3.7416573867739413,1,13.815511557963774,14,2.70805020110221,196.0,2744.0
FS_BC_14d_029,EXP_FS_BC_14d,29,Bacterial Concrete,Inoculated,Bacillus subtilis,1000000,OPC 53 (UltraTech),14,Flexural Strength,3.724,100x100x500mm Prism,F Strength Reading 1000000.xlsx,Sheet1,730,False,2.70805020110221,3.7416573867739413,1,13.815511557963774,14,2.70805020110221,196.0,2744.0
FS_BC_14d_030,EXP_FS_BC_14d,30,Bacterial Concrete,Inoculated,Bacillus subtilis,1000000,OPC 53 (UltraTech),14,Flexural Strength,4.411,100x100x500mm Prism,F Strength Reading 1000000.xlsx,Sheet1,731,False,2.70805020110221,3.7416573867739413,1,13.815511557963774,14,2.70805020110221,196.0,2744.0
FS_BC_14d_031,EXP_FS_BC_14d,31,Bacterial Concrete,Inoculated,Bacillus subtilis,1000000,OPC 53 (UltraTech),14,Flexural Strength,4.578,100x100x500mm Prism,F Strength Reading 1000000.xlsx,Sheet1,732,False,2.70805020110221,3.7416573867739413,1,13.815511557963774,14,2.70805020110221,196.0,2744.0
FS_BC_14d_032,EXP_FS_BC_14d,32,Bacterial Concrete,Inoculated,Bacillus subtilis,1000000,OPC 53 (UltraTech),14,Flexural Strength,4.612,100x100x500mm Prism,F Strength Reading 1000000.xlsx,Sheet1,733,False,2.70805020110221,3.7416573867739413,1,13.815511557963774,14,2.70805020110221,196.0,2744.0
FS_BC_14d_033,EXP_FS_BC_14d,33,Bacterial Concrete,Inoculated,Bacillus subtilis,1000000,OPC 53 (UltraTech),14,Flexural Strength,4.323,100x100x500mm Prism,F Strength Reading 1000000.xlsx,Sheet1,734,False,2.70805020110221,3.7416573867739413,1,13.815511557963774,14,2.70805020110221,196.0,2744.0
FS_BC_14d_034,EXP_FS_BC_14d,34,Bacterial Concrete,Inoculated,Bacillus subtilis,1000000,OPC 53 (UltraTech),14,Flexural Strength,4.242,100x100x500mm Prism,F Strength Reading 1000000.xlsx,Sheet1,735,False,2.70805020110221,3.7416573867739413,1,13.815511557963774,14,2.70805020110221,196.0,2744.0
FS_BC_14d_035,EXP_FS_BC_14d,35,Bacterial Concrete,Inoculated,Bacillus subtilis,1000000,OPC 53 (UltraTech),14,Flexural Strength,4.529,100x100x500mm Prism,F Strength Reading 1000000.xlsx,Sheet1,736,False,2.70805020110221,3.7416573867739413,1,13.815511557963774,14,2.70805020110221,196.0,2744.0
FS_BC_14d_036,EXP_FS_BC_14d,36,Bacterial Concrete,Inoculated,Bacillus subtilis,1000000,OPC 53 (UltraTech),14,Flexural Strength,4.427,100x100x500mm Prism,F Strength Reading 1000000.xlsx,Sheet1,737,False,2.70805020110221,3.7416573867739413,1,13.815511557963774,14,2.70805020110221,196.0,2744.0
FS_BC_14d_037,EXP_FS_BC_14d,37,Bacterial Concrete,Inoculated,Bacillus subtilis,1000000,OPC 53 (UltraTech),14,Flexural Strength,4.536,100x100x500mm Prism,F Strength Reading 1000000.xlsx,Sheet1,738,False,2.70805020110221,3.7416573867739413,1,13.815511557963774,14,2.70805020110221,196.0,2744.0
FS_BC_14d_038,EXP_FS_BC_14d,38,Bacterial Concrete,Inoculated,Bacillus subtilis,1000000,OPC 53 (UltraTech),14,Flexural Strength,4.213,100x100x500mm Prism,F Strength Reading 1000000.xlsx,Sheet1,739,False,2.70805020110221,3.7416573867739413,1,13.815511557963774,14,2.70805020110221,196.0,2744.0
FS_BC_14d_039,EXP_FS_BC_14d,39,Bacterial Concrete,Inoculated,Bacillus subtilis,1000000,OPC 53 (UltraTech),14,Flexural Strength,4.436,100x100x500mm Prism,F Strength Reading 1000000.xlsx,Sheet1,740,False,2.70805020110221,3.7416573867739413,1,13.815511557963774,14,2.70805020110221,196.0,2744.0
FS_BC_14d_040,EXP_FS_BC_14d,40,Bacterial Concrete,Inoculated,Bacillus subtilis,1000000,OPC 53 (UltraTech),14,Flexural Strength,4.147,100x100x500mm Prism,F Strength Reading 1000000.xlsx,Sheet1,741,False,2.70805020110221,3.7416573867739413,1,13.815511557963774,14,2.70805020110221,196.0,2744.0
FS_BC_14d_041,EXP_FS_BC_14d,41,Bacterial Concrete,Inoculated,Bacillus subtilis,1000000,OPC 53 (UltraTech),14,Flexural Strength,4.525,100x100x500mm Prism,F Strength Reading 1000000.xlsx,Sheet1,742,False,2.70805020110221,3.7416573867739413,1,13.815511557963774,14,2.70805020110221,196.0,2744.0
FS_BC_14d_042,EXP_FS_BC_14d,42,Bacterial Concrete,Inoculated,Bacillus subtilis,1000000,OPC 53 (UltraTech),14,Flexural Strength,3.858,100x100x500mm Prism,F Strength Reading 1000000.xlsx,Sheet1,743,False,2.70805020110221,3.7416573867739413,1,13.815511557963774,14,2.70805020110221,196.0,2744.0
FS_BC_14d_043,EXP_FS_BC_14d,43,Bacterial Concrete,Inoculated,Bacillus subtilis,1000000,OPC 53 (UltraTech),14,Flexural Strength,4.427,100x100x500mm Prism,F Strength Reading 1000000.xlsx,Sheet1,744,False,2.70805020110221,3.7416573867739413,1,13.815511557963774,14,2.70805020110221,196.0,2744.0
FS_BC_14d_044,EXP_FS_BC_14d,44,Bacterial Concrete,Inoculated,Bacillus subtilis,1000000,OPC 53 (UltraTech),14,Flexural Strength,3.954,100x100x500mm Prism,F Strength Reading 1000000.xlsx,Sheet1,745,False,2.70805020110221,3.7416573867739413,1,13.815511557963774,14,2.70805020110221,196.0,2744.0
FS_BC_14d_045,EXP_FS_BC_14d,45,Bacterial Concrete,Inoculated,Bacillus subtilis,1000000,OPC 53 (UltraTech),14,Flexural Strength,4.389,100x100x500mm Prism,F Strength Reading 1000000.xlsx,Sheet1,746,False,2.70805020110221,3.7416573867739413,1,13.815511557963774,14,2.70805020110221,196.0,2744.0
FS_BC_14d_046,EXP_FS_BC_14d,46,Bacterial Concrete,Inoculated,Bacillus subtilis,1000000,OPC 53 (UltraTech),14,Flexural Strength,4.265,100x100x500mm Prism,F Strength Reading 1000000.xlsx,Sheet1,747,False,2.70805020110221,3.7416573867739413,1,13.815511557963774,14,2.70805020110221,196.0,2744.0
FS_BC_14d_047,EXP_FS_BC_14d,47,Bacterial Concrete,Inoculated,Bacillus subtilis,1000000,OPC 53 (UltraTech),14,Flexural Strength,4.058,100x100x500mm Prism,F Strength Reading 1000000.xlsx,Sheet1,748,False,2.70805020110221,3.7416573867739413,1,13.815511557963774,14,2.70805020110221,196.0,2744.0
FS_BC_14d_048,EXP_FS_BC_14d,48,Bacterial Concrete,Inoculated,Bacillus subtilis,1000000,OPC 53 (UltraTech),14,Flexural Strength,4.241,100x100x500mm Prism,F Strength Reading 1000000.xlsx,Sheet1,749,False,2.70805020110221,3.7416573867739413,1,13.815511557963774,14,2.70805020110221,196.0,2744.0
FS_BC_14d_049,EXP_FS_BC_14d,49,Bacterial Concrete,Inoculated,Bacillus subtilis,1000000,OPC 53 (UltraTech),14,Flexural Strength,4.204,100x100x500mm Prism,F Strength Reading 1000000.xlsx,Sheet1,750,False,2.70805020110221,3.7416573867739413,1,13.815511557963774,14,2.70805020110221,196.0,2744.0
FS_BC_14d_050,EXP_FS_BC_14d,50,Bacterial Concrete,Inoculated,Bacillus subtilis,1000000,OPC 53 (UltraTech),14,Flexural Strength,4.044,100x100x500mm Prism,F Strength Reading 1000000.xlsx,Sheet1,751,False,2.70805020110221,3.7416573867739413,1,13.815511557963774,14,2.70805020110221,196.0,2744.0
FS_BC_14d_051,EXP_FS_BC_14d,51,Bacterial Concrete,Inoculated,Bacillus subtilis,1000000,OPC 53 (UltraTech),14,Flexural Strength,3.895,100x100x500mm Prism,F Strength Reading 1000000.xlsx,Sheet1,752,False,2.70805020110221,3.7416573867739413,1,13.815511557963774,14,2.70805020110221,196.0,2744.0
FS_BC_14d_052,EXP_FS_BC_14d,52,Bacterial Concrete,Inoculated,Bacillus subtilis,1000000,OPC 53 (UltraTech),14,Flexural Strength,3.901,100x100x500mm Prism,F Strength Reading 1000000.xlsx,Sheet1,753,False,2.70805020110221,3.7416573867739413,1,13.815511557963774,14,2.70805020110221,196.0,2744.0
FS_BC_14d_053,EXP_FS_BC_14d,53,Bacterial Concrete,Inoculated,Bacillus subtilis,1000000,OPC 53 (UltraTech),14,Flexural Strength,4.236,100x100x500mm Prism,F Strength Reading 1000000.xlsx,Sheet1,754,False,2.70805020110221,3.7416573867739413,1,13.815511557963774,14,2.70805020110221,196.0,2744.0
FS_BC_14d_054,EXP_FS_BC_14d,54,Bacterial Concrete,Inoculated,Bacillus subtilis,1000000,OPC 53 (UltraTech),14,Flexural Strength,4.089,100x100x500mm Prism,F Strength Reading 1000000.xlsx,Sheet1,755,False,2.70805020110221,3.7416573867739413,1,13.815511557963774,14,2.70805020110221,196.0,2744.0
FS_BC_14d_055,EXP_FS_BC_14d,55,Bacterial Concrete,Inoculated,Bacillus subtilis,1000000,OPC 53 (UltraTech),14,Flexural Strength,4.266,100x100x500mm Prism,F Strength Reading 1000000.xlsx,Sheet1,756,False,2.70805020110221,3.7416573867739413,1,13.815511557963774,14,2.70805020110221,196.0,2744.0
FS_BC_14d_056,EXP_FS_BC_14d,56,Bacterial Concrete,Inoculated,Bacillus subtilis,1000000,OPC 53 (UltraTech),14,Flexural Strength,4.061,100x100x500mm Prism,F Strength Reading 1000000.xlsx,Sheet1,757,False,2.70805020110221,3.7416573867739413,1,13.815511557963774,14,2.70805020110221,196.0,2744.0
FS_BC_14d_057,EXP_FS_BC_14d,57,Bacterial Concrete,Inoculated,Bacillus subtilis,1000000,OPC 53 (UltraTech),14,Flexural Strength,4.443,100x100x500mm Prism,F Strength Reading 1000000.xlsx,Sheet1,758,False,2.70805020110221,3.7416573867739413,1,13.815511557963774,14,2.70805020110221,196.0,2744.0
FS_BC_14d_058,EXP_FS_BC_14d,58,Bacterial Concrete,Inoculated,Bacillus subtilis,1000000,OPC 53 (UltraTech),14,Flexural Strength,4.336,100x100x500mm Prism,F Strength Reading 1000000.xlsx,Sheet1,759,False,2.70805020110221,3.7416573867739413,1,13.815511557963774,14,2.70805020110221,196.0,2744.0
FS_BC_14d_059,EXP_FS_BC_14d,59,Bacterial Concrete,Inoculated,Bacillus subtilis,1000000,OPC 53 (UltraTech),14,Flexural Strength,4.287,100x100x500mm Prism,F Strength Reading 1000000.xlsx,Sheet1,760,False,2.70805020110221,3.7416573867739413,1,13.815511557963774,14,2.70805020110221,196.0,2744.0
FS_BC_14d_060,EXP_FS_BC_14d,60,Bacterial Concrete,Inoculated,Bacillus subtilis,1000000,OPC 53 (UltraTech),14,Flexural Strength,3.917,100x100x500mm Prism,F Strength Reading 1000000.xlsx,Sheet1,761,False,2.70805020110221,3.7416573867739413,1,13.815511557963774,14,2.70805020110221,196.0,2744.0
FS_BC_14d_061,EXP_FS_BC_14d,61,Bacterial Concrete,Inoculated,Bacillus subtilis,1000000,OPC 53 (UltraTech),14,Flexural Strength,3.931,100x100x500mm Prism,F Strength Reading 1000000.xlsx,Sheet1,762,False,2.70805020110221,3.7416573867739413,1,13.815511557963774,14,2.70805020110221,196.0,2744.0
FS_BC_14d_062,EXP_FS_BC_14d,62,Bacterial Concrete,Inoculated,Bacillus subtilis,1000000,OPC 53 (UltraTech),14,Flexural Strength,4.308,100x100x500mm Prism,F Strength Reading 1000000.xlsx,Sheet1,763,False,2.70805020110221,3.7416573867739413,1,13.815511557963774,14,2.70805020110221,196.0,2744.0
FS_BC_14d_063,EXP_FS_BC_14d,63,Bacterial Concrete,Inoculated,Bacillus subtilis,1000000,OPC 53 (UltraTech),14,Flexural Strength,4.062,100x100x500mm Prism,F Strength Reading 1000000.xlsx,Sheet1,764,False,2.70805020110221,3.7416573867739413,1,13.815511557963774,14,2.70805020110221,196.0,2744.0
FS_BC_14d_064,EXP_FS_BC_14d,64,Bacterial Concrete,Inoculated,Bacillus subtilis,1000000,OPC 53 (UltraTech),14,Flexural Strength,4.564,100x100x500mm Prism,F Strength Reading 1000000.xlsx,Sheet1,765,False,2.70805020110221,3.7416573867739413,1,13.815511557963774,14,2.70805020110221,196.0,2744.0
FS_BC_14d_065,EXP_FS_BC_14d,65,Bacterial Concrete,Inoculated,Bacillus subtilis,1000000,OPC 53 (UltraTech),14,Flexural Strength,3.749,100x100x500mm Prism,F Strength Reading 1000000.xlsx,Sheet1,766,False,2.70805020110221,3.7416573867739413,1,13.815511557963774,14,2.70805020110221,196.0,2744.0
FS_BC_14d_066,EXP_FS_BC_14d,66,Bacterial Concrete,Inoculated,Bacillus subtilis,1000000,OPC 53 (UltraTech),14,Flexural Strength,4.09,100x100x500mm Prism,F Strength Reading 1000000.xlsx,Sheet1,767,False,2.70805020110221,3.7416573867739413,1,13.815511557963774,14,2.70805020110221,196.0,2744.0
FS_BC_14d_067,EXP_FS_BC_14d,67,Bacterial Concrete,Inoculated,Bacillus subtilis,1000000,OPC 53 (UltraTech),14,Flexural Strength,4.581,100x100x500mm Prism,F Strength Reading 1000000.xlsx,Sheet1,768,False,2.70805020110221,3.7416573867739413,1,13.815511557963774,14,2.70805020110221,196.0,2744.0
FS_BC_14d_068,EXP_FS_BC_14d,68,Bacterial Concrete,Inoculated,Bacillus subtilis,1000000,OPC 53 (UltraTech),14,Flexural Strength,4.172,100x100x500mm Prism,F Strength Reading 1000000.xlsx,Sheet1,769,False,2.70805020110221,3.7416573867739413,1,13.815511557963774,14,2.70805020110221,196.0,2744.0
FS_BC_14d_069,EXP_FS_BC_14d,69,Bacterial Concrete,Inoculated,Bacillus subtilis,1000000,OPC 53 (UltraTech),14,Flexural Strength,4.419,100x100x500mm Prism,F Strength Reading 1000000.xlsx,Sheet1,770,False,2.70805020110221,3.7416573867739413,1,13.815511557963774,14,2.70805020110221,196.0,2744.0
FS_BC_14d_070,EXP_FS_BC_14d,70,Bacterial Concrete,Inoculated,Bacillus subtilis,1000000,OPC 53 (UltraTech),14,Flexural Strength,3.82,100x100x500mm Prism,F Strength Reading 1000000.xlsx,Sheet1,771,False,2.70805020110221,3.7416573867739413,1,13.815511557963774,14,2.70805020110221,196.0,2744.0
FS_BC_14d_071,EXP_FS_BC_14d,71,Bacterial Concrete,Inoculated,Bacillus subtilis,1000000,OPC 53 (UltraTech),14,Flexural Strength,4.566,100x100x500mm Prism,F Strength Reading 1000000.xlsx,Sheet1,772,False,2.70805020110221,3.7416573867739413,1,13.815511557963774,14,2.70805020110221,196.0,2744.0
FS_BC_14d_072,EXP_FS_BC_14d,72,Bacterial Concrete,Inoculated,Bacillus subtilis,1000000,OPC 53 (UltraTech),14,Flexural Strength,4.46,100x100x500mm Prism,F Strength Reading 1000000.xlsx,Sheet1,773,False,2.70805020110221,3.7416573867739413,1,13.815511557963774,14,2.70805020110221,196.0,2744.0
FS_BC_14d_073,EXP_FS_BC_14d,73,Bacterial Concrete,Inoculated,Bacillus subtilis,1000000,OPC 53 (UltraTech),14,Flexural Strength,4.23,100x100x500mm Prism,F Strength Reading 1000000.xlsx,Sheet1,774,False,2.70805020110221,3.7416573867739413,1,13.815511557963774,14,2.70805020110221,196.0,2744.0
FS_BC_14d_074,EXP_FS_BC_14d,74,Bacterial Concrete,Inoculated,Bacillus subtilis,1000000,OPC 53 (UltraTech),14,Flexural Strength,4.346,100x100x500mm Prism,F Strength Reading 1000000.xlsx,Sheet1,775,False,2.70805020110221,3.7416573867739413,1,13.815511557963774,14,2.70805020110221,196.0,2744.0
FS_BC_14d_075,EXP_FS_BC_14d,75,Bacterial Concrete,Inoculated,Bacillus subtilis,1000000,OPC 53 (UltraTech),14,Flexural Strength,4.099,100x100x500mm Prism,F Strength Reading 1000000.xlsx,Sheet1,776,False,2.70805020110221,3.7416573867739413,1,13.815511557963774,14,2.70805020110221,196.0,2744.0
FS_BC_14d_076,EXP_FS_BC_14d,76,Bacterial Concrete,Inoculated,Bacillus subtilis,1000000,OPC 53 (UltraTech),14,Flexural Strength,4.379,100x100x500mm Prism,F Strength Reading 1000000.xlsx,Sheet1,777,False,2.70805020110221,3.7416573867739413,1,13.815511557963774,14,2.70805020110221,196.0,2744.0
FS_BC_14d_077,EXP_FS_BC_14d,77,Bacterial Concrete,Inoculated,Bacillus subtilis,1000000,OPC 53 (UltraTech),14,Flexural Strength,4.412,100x100x500mm Prism,F Strength Reading 1000000.xlsx,Sheet1,778,False,2.70805020110221,3.7416573867739413,1,13.815511557963774,14,2.70805020110221,196.0,2744.0
FS_BC_14d_078,EXP_FS_BC_14d,78,Bacterial Concrete,Inoculated,Bacillus subtilis,1000000,OPC 53 (UltraTech),14,Flexural Strength,4.373,100x100x500mm Prism,F Strength Reading 1000000.xlsx,Sheet1,779,False,2.70805020110221,3.7416573867739413,1,13.815511557963774,14,2.70805020110221,196.0,2744.0
FS_BC_14d_079,EXP_FS_BC_14d,79,Bacterial Concrete,Inoculated,Bacillus subtilis,1000000,OPC 53 (UltraTech),14,Flexural Strength,4.207,100x100x500mm Prism,F Strength Reading 1000000.xlsx,Sheet1,780,False,2.70805020110221,3.7416573867739413,1,13.815511557963774,14,2.70805020110221,196.0,2744.0
FS_BC_14d_080,EXP_FS_BC_14d,80,Bacterial Concrete,Inoculated,Bacillus subtilis,1000000,OPC 53 (UltraTech),14,Flexural Strength,4.162,100x100x500mm Prism,F Strength Reading 1000000.xlsx,Sheet1,781,False,2.70805020110221,3.7416573867739413,1,13.815511557963774,14,2.70805020110221,196.0,2744.0
FS_BC_14d_081,EXP_FS_BC_14d,81,Bacterial Concrete,Inoculated,Bacillus subtilis,1000000,OPC 53 (UltraTech),14,Flexural Strength,3.906,100x100x500mm Prism,F Strength Reading 1000000.xlsx,Sheet1,782,False,2.70805020110221,3.7416573867739413,1,13.815511557963774,14,2.70805020110221,196.0,2744.0
FS_BC_14d_082,EXP_FS_BC_14d,82,Bacterial Concrete,Inoculated,Bacillus subtilis,1000000,OPC 53 (UltraTech),14,Flexural Strength,4.141,100x100x500mm Prism,F Strength Reading 1000000.xlsx,Sheet1,783,False,2.70805020110221,3.7416573867739413,1,13.815511557963774,14,2.70805020110221,196.0,2744.0
FS_BC_14d_083,EXP_FS_BC_14d,83,Bacterial Concrete,Inoculated,Bacillus subtilis,1000000,OPC 53 (UltraTech),14,Flexural Strength,3.904,100x100x500mm Prism,F Strength Reading 1000000.xlsx,Sheet1,784,False,2.70805020110221,3.7416573867739413,1,13.815511557963774,14,2.70805020110221,196.0,2744.0
FS_BC_14d_084,EXP_FS_BC_14d,84,Bacterial Concrete,Inoculated,Bacillus subtilis,1000000,OPC 53 (UltraTech),14,Flexural Strength,4.138,100x100x500mm Prism,F Strength Reading 1000000.xlsx,Sheet1,785,False,2.70805020110221,3.7416573867739413,1,13.815511557963774,14,2.70805020110221,196.0,2744.0
FS_BC_14d_085,EXP_FS_BC_14d,85,Bacterial Concrete,Inoculated,Bacillus subtilis,1000000,OPC 53 (UltraTech),14,Flexural Strength,4.127,100x100x500mm Prism,F Strength Reading 1000000.xlsx,Sheet1,786,False,2.70805020110221,3.7416573867739413,1,13.815511557963774,14,2.70805020110221,196.0,2744.0
FS_BC_14d_086,EXP_FS_BC_14d,86,Bacterial Concrete,Inoculated,Bacillus subtilis,1000000,OPC 53 (UltraTech),14,Flexural Strength,4.279,100x100x500mm Prism,F Strength Reading 1000000.xlsx,Sheet1,787,False,2.70805020110221,3.7416573867739413,1,13.815511557963774,14,2.70805020110221,196.0,2744.0
FS_BC_14d_087,EXP_FS_BC_14d,87,Bacterial Concrete,Inoculated,Bacillus subtilis,1000000,OPC 53 (UltraTech),14,Flexural Strength,4.224,100x100x500mm Prism,F Strength Reading 1000000.xlsx,Sheet1,788,False,2.70805020110221,3.7416573867739413,1,13.815511557963774,14,2.70805020110221,196.0,2744.0
FS_BC_14d_088,EXP_FS_BC_14d,88,Bacterial Concrete,Inoculated,Bacillus subtilis,1000000,OPC 53 (UltraTech),14,Flexural Strength,4.0,100x100x500mm Prism,F Strength Reading 1000000.xlsx,Sheet1,789,False,2.70805020110221,3.7416573867739413,1,13.815511557963774,14,2.70805020110221,196.0,2744.0
FS_BC_14d_089,EXP_FS_BC_14d,89,Bacterial Concrete,Inoculated,Bacillus subtilis,1000000,OPC 53 (UltraTech),14,Flexural Strength,4.066,100x100x500mm Prism,F Strength Reading 1000000.xlsx,Sheet1,790,False,2.70805020110221,3.7416573867739413,1,13.815511557963774,14,2.70805020110221,196.0,2744.0
FS_BC_14d_090,EXP_FS_BC_14d,90,Bacterial Concrete,Inoculated,Bacillus subtilis,1000000,OPC 53 (UltraTech),14,Flexural Strength,4.44,100x100x500mm Prism,F Strength Reading 1000000.xlsx,Sheet1,791,False,2.70805020110221,3.7416573867739413,1,13.815511557963774,14,2.70805020110221,196.0,2744.0
FS_BC_14d_091,EXP_FS_BC_14d,91,Bacterial Concrete,Inoculated,Bacillus subtilis,1000000,OPC 53 (UltraTech),14,Flexural Strength,4.111,100x100x500mm Prism,F Strength Reading 1000000.xlsx,Sheet1,792,False,2.70805020110221,3.7416573867739413,1,13.815511557963774,14,2.70805020110221,196.0,2744.0
FS_BC_14d_092,EXP_FS_BC_14d,92,Bacterial Concrete,Inoculated,Bacillus subtilis,1000000,OPC 53 (UltraTech),14,Flexural Strength,4.011,100x100x500mm Prism,F Strength Reading 1000000.xlsx,Sheet1,793,False,2.70805020110221,3.7416573867739413,1,13.815511557963774,14,2.70805020110221,196.0,2744.0
FS_BC_14d_093,EXP_FS_BC_14d,93,Bacterial Concrete,Inoculated,Bacillus subtilis,1000000,OPC 53 (UltraTech),14,Flexural Strength,3.782,100x100x500mm Prism,F Strength Reading 1000000.xlsx,Sheet1,794,False,2.70805020110221,3.7416573867739413,1,13.815511557963774,14,2.70805020110221,196.0,2744.0
FS_BC_14d_094,EXP_FS_BC_14d,94,Bacterial Concrete,Inoculated,Bacillus subtilis,1000000,OPC 53 (UltraTech),14,Flexural Strength,4.658,100x100x500mm Prism,F Strength Reading 1000000.xlsx,Sheet1,795,False,2.70805020110221,3.7416573867739413,1,13.815511557963774,14,2.70805020110221,196.0,2744.0
FS_BC_14d_095,EXP_FS_BC_14d,95,Bacterial Concrete,Inoculated,Bacillus subtilis,1000000,OPC 53 (UltraTech),14,Flexural Strength,4.693,100x100x500mm Prism,F Strength Reading 1000000.xlsx,Sheet1,796,False,2.70805020110221,3.7416573867739413,1,13.815511557963774,14,2.70805020110221,196.0,2744.0
FS_BC_14d_096,EXP_FS_BC_14d,96,Bacterial Concrete,Inoculated,Bacillus subtilis,1000000,OPC 53 (UltraTech),14,Flexural Strength,3.719,100x100x500mm Prism,F Strength Reading 1000000.xlsx,Sheet1,797,False,2.70805020110221,3.7416573867739413,1,13.815511557963774,14,2.70805020110221,196.0,2744.0
FS_BC_14d_097,EXP_FS_BC_14d,97,Bacterial Concrete,Inoculated,Bacillus subtilis,1000000,OPC 53 (UltraTech),14,Flexural Strength,3.864,100x100x500mm Prism,F Strength Reading 1000000.xlsx,Sheet1,798,False,2.70805020110221,3.7416573867739413,1,13.815511557963774,14,2.70805020110221,196.0,2744.0
FS_BC_14d_098,EXP_FS_BC_14d,98,Bacterial Concrete,Inoculated,Bacillus subtilis,1000000,OPC 53 (UltraTech),14,Flexural Strength,4.19,100x100x500mm Prism,F Strength Reading 1000000.xlsx,Sheet1,799,False,2.70805020110221,3.7416573867739413,1,13.815511557963774,14,2.70805020110221,196.0,2744.0
FS_BC_14d_099,EXP_FS_BC_14d,99,Bacterial Concrete,Inoculated,Bacillus subtilis,1000000,OPC 53 (UltraTech),14,Flexural Strength,4.489,100x100x500mm Prism,F Strength Reading 1000000.xlsx,Sheet1,800,False,2.70805020110221,3.7416573867739413,1,13.815511557963774,14,2.70805020110221,196.0,2744.0
FS_BC_14d_100,EXP_FS_BC_14d,100,Bacterial Concrete,Inoculated,Bacillus subtilis,1000000,OPC 53 (UltraTech),14,Flexural Strength,4.106,100x100x500mm Prism,F Strength Reading 1000000.xlsx,Sheet1,801,False,2.70805020110221,3.7416573867739413,1,13.815511557963774,14,2.70805020110221,196.0,2744.0
FS_BC_21d_001,EXP_FS_BC_21d,1,Bacterial Concrete,Inoculated,Bacillus subtilis,1000000,OPC 53 (UltraTech),21,Flexural Strength,4.908,100x100x500mm Prism,F Strength Reading 1000000.xlsx,Sheet1,802,False,3.091042453358316,4.58257569495584,1,13.815511557963774,21,3.091042453358316,441.0,9261.0
FS_BC_21d_002,EXP_FS_BC_21d,2,Bacterial Concrete,Inoculated,Bacillus subtilis,1000000,OPC 53 (UltraTech),21,Flexural Strength,4.729,100x100x500mm Prism,F Strength Reading 1000000.xlsx,Sheet1,803,False,3.091042453358316,4.58257569495584,1,13.815511557963774,21,3.091042453358316,441.0,9261.0
FS_BC_21d_003,EXP_FS_BC_21d,3,Bacterial Concrete,Inoculated,Bacillus subtilis,1000000,OPC 53 (UltraTech),21,Flexural Strength,4.421,100x100x500mm Prism,F Strength Reading 1000000.xlsx,Sheet1,804,False,3.091042453358316,4.58257569495584,1,13.815511557963774,21,3.091042453358316,441.0,9261.0
FS_BC_21d_004,EXP_FS_BC_21d,4,Bacterial Concrete,Inoculated,Bacillus subtilis,1000000,OPC 53 (UltraTech),21,Flexural Strength,4.522,100x100x500mm Prism,F Strength Reading 1000000.xlsx,Sheet1,805,False,3.091042453358316,4.58257569495584,1,13.815511557963774,21,3.091042453358316,441.0,9261.0
FS_BC_21d_005,EXP_FS_BC_21d,5,Bacterial Concrete,Inoculated,Bacillus subtilis,1000000,OPC 53 (UltraTech),21,Flexural Strength,4.628,100x100x500mm Prism,F Strength Reading 1000000.xlsx,Sheet1,806,False,3.091042453358316,4.58257569495584,1,13.815511557963774,21,3.091042453358316,441.0,9261.0
FS_BC_21d_006,EXP_FS_BC_21d,6,Bacterial Concrete,Inoculated,Bacillus subtilis,1000000,OPC 53 (UltraTech),21,Flexural Strength,4.402,100x100x500mm Prism,F Strength Reading 1000000.xlsx,Sheet1,807,False,3.091042453358316,4.58257569495584,1,13.815511557963774,21,3.091042453358316,441.0,9261.0
FS_BC_21d_007,EXP_FS_BC_21d,7,Bacterial Concrete,Inoculated,Bacillus subtilis,1000000,OPC 53 (UltraTech),21,Flexural Strength,3.898,100x100x500mm Prism,F Strength Reading 1000000.xlsx,Sheet1,808,False,3.091042453358316,4.58257569495584,1,13.815511557963774,21,3.091042453358316,441.0,9261.0
FS_BC_21d_008,EXP_FS_BC_21d,8,Bacterial Concrete,Inoculated,Bacillus subtilis,1000000,OPC 53 (UltraTech),21,Flexural Strength,4.042,100x100x500mm Prism,F Strength Reading 1000000.xlsx,Sheet1,809,False,3.091042453358316,4.58257569495584,1,13.815511557963774,21,3.091042453358316,441.0,9261.0
FS_BC_21d_009,EXP_FS_BC_21d,9,Bacterial Concrete,Inoculated,Bacillus subtilis,1000000,OPC 53 (UltraTech),21,Flexural Strength,4.78,100x100x500mm Prism,F Strength Reading 1000000.xlsx,Sheet1,810,False,3.091042453358316,4.58257569495584,1,13.815511557963774,21,3.091042453358316,441.0,9261.0
FS_BC_21d_010,EXP_FS_BC_21d,10,Bacterial Concrete,Inoculated,Bacillus subtilis,1000000,OPC 53 (UltraTech),21,Flexural Strength,4.724,100x100x500mm Prism,F Strength Reading 1000000.xlsx,Sheet1,811,False,3.091042453358316,4.58257569495584,1,13.815511557963774,21,3.091042453358316,441.0,9261.0
FS_BC_21d_011,EXP_FS_BC_21d,11,Bacterial Concrete,Inoculated,Bacillus subtilis,1000000,OPC 53 (UltraTech),21,Flexural Strength,4.85,100x100x500mm Prism,F Strength Reading 1000000.xlsx,Sheet1,812,False,3.091042453358316,4.58257569495584,1,13.815511557963774,21,3.091042453358316,441.0,9261.0
FS_BC_21d_012,EXP_FS_BC_21d,12,Bacterial Concrete,Inoculated,Bacillus subtilis,1000000,OPC 53 (UltraTech),21,Flexural Strength,4.508,100x100x500mm Prism,F Strength Reading 1000000.xlsx,Sheet1,813,False,3.091042453358316,4.58257569495584,1,13.815511557963774,21,3.091042453358316,441.0,9261.0
FS_BC_21d_013,EXP_FS_BC_21d,13,Bacterial Concrete,Inoculated,Bacillus subtilis,1000000,OPC 53 (UltraTech),21,Flexural Strength,4.511,100x100x500mm Prism,F Strength Reading 1000000.xlsx,Sheet1,814,False,3.091042453358316,4.58257569495584,1,13.815511557963774,21,3.091042453358316,441.0,9261.0
FS_BC_21d_014,EXP_FS_BC_21d,14,Bacterial Concrete,Inoculated,Bacillus subtilis,1000000,OPC 53 (UltraTech),21,Flexural Strength,5.204,100x100x500mm Prism,F Strength Reading 1000000.xlsx,Sheet1,815,False,3.091042453358316,4.58257569495584,1,13.815511557963774,21,3.091042453358316,441.0,9261.0
FS_BC_21d_015,EXP_FS_BC_21d,15,Bacterial Concrete,Inoculated,Bacillus subtilis,1000000,OPC 53 (UltraTech),21,Flexural Strength,4.638,100x100x500mm Prism,F Strength Reading 1000000.xlsx,Sheet1,816,False,3.091042453358316,4.58257569495584,1,13.815511557963774,21,3.091042453358316,441.0,9261.0
FS_BC_21d_016,EXP_FS_BC_21d,16,Bacterial Concrete,Inoculated,Bacillus subtilis,1000000,OPC 53 (UltraTech),21,Flexural Strength,4.51,100x100x500mm Prism,F Strength Reading 1000000.xlsx,Sheet1,817,False,3.091042453358316,4.58257569495584,1,13.815511557963774,21,3.091042453358316,441.0,9261.0
FS_BC_21d_017,EXP_FS_BC_21d,17,Bacterial Concrete,Inoculated,Bacillus subtilis,1000000,OPC 53 (UltraTech),21,Flexural Strength,4.962,100x100x500mm Prism,F Strength Reading 1000000.xlsx,Sheet1,818,False,3.091042453358316,4.58257569495584,1,13.815511557963774,21,3.091042453358316,441.0,9261.0
FS_BC_21d_018,EXP_FS_BC_21d,18,Bacterial Concrete,Inoculated,Bacillus subtilis,1000000,OPC 53 (UltraTech),21,Flexural Strength,4.936,100x100x500mm Prism,F Strength Reading 1000000.xlsx,Sheet1,819,False,3.091042453358316,4.58257569495584,1,13.815511557963774,21,3.091042453358316,441.0,9261.0
FS_BC_21d_019,EXP_FS_BC_21d,19,Bacterial Concrete,Inoculated,Bacillus subtilis,1000000,OPC 53 (UltraTech),21,Flexural Strength,4.552,100x100x500mm Prism,F Strength Reading 1000000.xlsx,Sheet1,820,False,3.091042453358316,4.58257569495584,1,13.815511557963774,21,3.091042453358316,441.0,9261.0
FS_BC_21d_020,EXP_FS_BC_21d,20,Bacterial Concrete,Inoculated,Bacillus subtilis,1000000,OPC 53 (UltraTech),21,Flexural Strength,4.651,100x100x500mm Prism,F Strength Reading 1000000.xlsx,Sheet1,821,False,3.091042453358316,4.58257569495584,1,13.815511557963774,21,3.091042453358316,441.0,9261.0
FS_BC_21d_021,EXP_FS_BC_21d,21,Bacterial Concrete,Inoculated,Bacillus subtilis,1000000,OPC 53 (UltraTech),21,Flexural Strength,4.673,100x100x500mm Prism,F Strength Reading 1000000.xlsx,Sheet1,822,False,3.091042453358316,4.58257569495584,1,13.815511557963774,21,3.091042453358316,441.0,9261.0
FS_BC_21d_022,EXP_FS_BC_21d,22,Bacterial Concrete,Inoculated,Bacillus subtilis,1000000,OPC 53 (UltraTech),21,Flexural Strength,4.972,100x100x500mm Prism,F Strength Reading 1000000.xlsx,Sheet1,823,False,3.091042453358316,4.58257569495584,1,13.815511557963774,21,3.091042453358316,441.0,9261.0
FS_BC_21d_023,EXP_FS_BC_21d,23,Bacterial Concrete,Inoculated,Bacillus subtilis,1000000,OPC 53 (UltraTech),21,Flexural Strength,4.615,100x100x500mm Prism,F Strength Reading 1000000.xlsx,Sheet1,824,False,3.091042453358316,4.58257569495584,1,13.815511557963774,21,3.091042453358316,441.0,9261.0
FS_BC_21d_024,EXP_FS_BC_21d,24,Bacterial Concrete,Inoculated,Bacillus subtilis,1000000,OPC 53 (UltraTech),21,Flexural Strength,4.885,100x100x500mm Prism,F Strength Reading 1000000.xlsx,Sheet1,825,False,3.091042453358316,4.58257569495584,1,13.815511557963774,21,3.091042453358316,441.0,9261.0
FS_BC_21d_025,EXP_FS_BC_21d,25,Bacterial Concrete,Inoculated,Bacillus subtilis,1000000,OPC 53 (UltraTech),21,Flexural Strength,4.707,100x100x500mm Prism,F Strength Reading 1000000.xlsx,Sheet1,826,False,3.091042453358316,4.58257569495584,1,13.815511557963774,21,3.091042453358316,441.0,9261.0
FS_BC_21d_026,EXP_FS_BC_21d,26,Bacterial Concrete,Inoculated,Bacillus subtilis,1000000,OPC 53 (UltraTech),21,Flexural Strength,4.653,100x100x500mm Prism,F Strength Reading 1000000.xlsx,Sheet1,827,False,3.091042453358316,4.58257569495584,1,13.815511557963774,21,3.091042453358316,441.0,9261.0
FS_BC_21d_027,EXP_FS_BC_21d,27,Bacterial Concrete,Inoculated,Bacillus subtilis,1000000,OPC 53 (UltraTech),21,Flexural Strength,4.699,100x100x500mm Prism,F Strength Reading 1000000.xlsx,Sheet1,828,False,3.091042453358316,4.58257569495584,1,13.815511557963774,21,3.091042453358316,441.0,9261.0
FS_BC_21d_028,EXP_FS_BC_21d,28,Bacterial Concrete,Inoculated,Bacillus subtilis,1000000,OPC 53 (UltraTech),21,Flexural Strength,4.491,100x100x500mm Prism,F Strength Reading 1000000.xlsx,Sheet1,829,False,3.091042453358316,4.58257569495584,1,13.815511557963774,21,3.091042453358316,441.0,9261.0
FS_BC_21d_029,EXP_FS_BC_21d,29,Bacterial Concrete,Inoculated,Bacillus subtilis,1000000,OPC 53 (UltraTech),21,Flexural Strength,5.097,100x100x500mm Prism,F Strength Reading 1000000.xlsx,Sheet1,830,False,3.091042453358316,4.58257569495584,1,13.815511557963774,21,3.091042453358316,441.0,9261.0
FS_BC_21d_030,EXP_FS_BC_21d,30,Bacterial Concrete,Inoculated,Bacillus subtilis,1000000,OPC 53 (UltraTech),21,Flexural Strength,4.149,100x100x500mm Prism,F Strength Reading 1000000.xlsx,Sheet1,831,False,3.091042453358316,4.58257569495584,1,13.815511557963774,21,3.091042453358316,441.0,9261.0
FS_BC_21d_031,EXP_FS_BC_21d,31,Bacterial Concrete,Inoculated,Bacillus subtilis,1000000,OPC 53 (UltraTech),21,Flexural Strength,4.447,100x100x500mm Prism,F Strength Reading 1000000.xlsx,Sheet1,832,False,3.091042453358316,4.58257569495584,1,13.815511557963774,21,3.091042453358316,441.0,9261.0
FS_BC_21d_032,EXP_FS_BC_21d,32,Bacterial Concrete,Inoculated,Bacillus subtilis,1000000,OPC 53 (UltraTech),21,Flexural Strength,4.965,100x100x500mm Prism,F Strength Reading 1000000.xlsx,Sheet1,833,False,3.091042453358316,4.58257569495584,1,13.815511557963774,21,3.091042453358316,441.0,9261.0
FS_BC_21d_033,EXP_FS_BC_21d,33,Bacterial Concrete,Inoculated,Bacillus subtilis,1000000,OPC 53 (UltraTech),21,Flexural Strength,5.099,100x100x500mm Prism,F Strength Reading 1000000.xlsx,Sheet1,834,False,3.091042453358316,4.58257569495584,1,13.815511557963774,21,3.091042453358316,441.0,9261.0
FS_BC_21d_034,EXP_FS_BC_21d,34,Bacterial Concrete,Inoculated,Bacillus subtilis,1000000,OPC 53 (UltraTech),21,Flexural Strength,4.83,100x100x500mm Prism,F Strength Reading 1000000.xlsx,Sheet1,835,False,3.091042453358316,4.58257569495584,1,13.815511557963774,21,3.091042453358316,441.0,9261.0
FS_BC_21d_035,EXP_FS_BC_21d,35,Bacterial Concrete,Inoculated,Bacillus subtilis,1000000,OPC 53 (UltraTech),21,Flexural Strength,4.673,100x100x500mm Prism,F Strength Reading 1000000.xlsx,Sheet1,836,False,3.091042453358316,4.58257569495584,1,13.815511557963774,21,3.091042453358316,441.0,9261.0
FS_BC_21d_036,EXP_FS_BC_21d,36,Bacterial Concrete,Inoculated,Bacillus subtilis,1000000,OPC 53 (UltraTech),21,Flexural Strength,4.672,100x100x500mm Prism,F Strength Reading 1000000.xlsx,Sheet1,837,False,3.091042453358316,4.58257569495584,1,13.815511557963774,21,3.091042453358316,441.0,9261.0
FS_BC_21d_037,EXP_FS_BC_21d,37,Bacterial Concrete,Inoculated,Bacillus subtilis,1000000,OPC 53 (UltraTech),21,Flexural Strength,4.834,100x100x500mm Prism,F Strength Reading 1000000.xlsx,Sheet1,838,False,3.091042453358316,4.58257569495584,1,13.815511557963774,21,3.091042453358316,441.0,9261.0
FS_BC_21d_038,EXP_FS_BC_21d,38,Bacterial Concrete,Inoculated,Bacillus subtilis,1000000,OPC 53 (UltraTech),21,Flexural Strength,4.897,100x100x500mm Prism,F Strength Reading 1000000.xlsx,Sheet1,839,False,3.091042453358316,4.58257569495584,1,13.815511557963774,21,3.091042453358316,441.0,9261.0
FS_BC_21d_039,EXP_FS_BC_21d,39,Bacterial Concrete,Inoculated,Bacillus subtilis,1000000,OPC 53 (UltraTech),21,Flexural Strength,5.193,100x100x500mm Prism,F Strength Reading 1000000.xlsx,Sheet1,840,False,3.091042453358316,4.58257569495584,1,13.815511557963774,21,3.091042453358316,441.0,9261.0
FS_BC_21d_040,EXP_FS_BC_21d,40,Bacterial Concrete,Inoculated,Bacillus subtilis,1000000,OPC 53 (UltraTech),21,Flexural Strength,4.75,100x100x500mm Prism,F Strength Reading 1000000.xlsx,Sheet1,841,False,3.091042453358316,4.58257569495584,1,13.815511557963774,21,3.091042453358316,441.0,9261.0
FS_BC_21d_041,EXP_FS_BC_21d,41,Bacterial Concrete,Inoculated,Bacillus subtilis,1000000,OPC 53 (UltraTech),21,Flexural Strength,4.925,100x100x500mm Prism,F Strength Reading 1000000.xlsx,Sheet1,842,False,3.091042453358316,4.58257569495584,1,13.815511557963774,21,3.091042453358316,441.0,9261.0
FS_BC_21d_042,EXP_FS_BC_21d,42,Bacterial Concrete,Inoculated,Bacillus subtilis,1000000,OPC 53 (UltraTech),21,Flexural Strength,4.39,100x100x500mm Prism,F Strength Reading 1000000.xlsx,Sheet1,843,False,3.091042453358316,4.58257569495584,1,13.815511557963774,21,3.091042453358316,441.0,9261.0
FS_BC_21d_043,EXP_FS_BC_21d,43,Bacterial Concrete,Inoculated,Bacillus subtilis,1000000,OPC 53 (UltraTech),21,Flexural Strength,4.999,100x100x500mm Prism,F Strength Reading 1000000.xlsx,Sheet1,844,False,3.091042453358316,4.58257569495584,1,13.815511557963774,21,3.091042453358316,441.0,9261.0
FS_BC_21d_044,EXP_FS_BC_21d,44,Bacterial Concrete,Inoculated,Bacillus subtilis,1000000,OPC 53 (UltraTech),21,Flexural Strength,4.686,100x100x500mm Prism,F Strength Reading 1000000.xlsx,Sheet1,845,False,3.091042453358316,4.58257569495584,1,13.815511557963774,21,3.091042453358316,441.0,9261.0
FS_BC_21d_045,EXP_FS_BC_21d,45,Bacterial Concrete,Inoculated,Bacillus subtilis,1000000,OPC 53 (UltraTech),21,Flexural Strength,4.744,100x100x500mm Prism,F Strength Reading 1000000.xlsx,Sheet1,846,False,3.091042453358316,4.58257569495584,1,13.815511557963774,21,3.091042453358316,441.0,9261.0
FS_BC_21d_046,EXP_FS_BC_21d,46,Bacterial Concrete,Inoculated,Bacillus subtilis,1000000,OPC 53 (UltraTech),21,Flexural Strength,4.301,100x100x500mm Prism,F Strength Reading 1000000.xlsx,Sheet1,847,False,3.091042453358316,4.58257569495584,1,13.815511557963774,21,3.091042453358316,441.0,9261.0
FS_BC_21d_047,EXP_FS_BC_21d,47,Bacterial Concrete,Inoculated,Bacillus subtilis,1000000,OPC 53 (UltraTech),21,Flexural Strength,4.688,100x100x500mm Prism,F Strength Reading 1000000.xlsx,Sheet1,848,False,3.091042453358316,4.58257569495584,1,13.815511557963774,21,3.091042453358316,441.0,9261.0
FS_BC_21d_048,EXP_FS_BC_21d,48,Bacterial Concrete,Inoculated,Bacillus subtilis,1000000,OPC 53 (UltraTech),21,Flexural Strength,4.635,100x100x500mm Prism,F Strength Reading 1000000.xlsx,Sheet1,849,False,3.091042453358316,4.58257569495584,1,13.815511557963774,21,3.091042453358316,441.0,9261.0
FS_BC_21d_049,EXP_FS_BC_21d,49,Bacterial Concrete,Inoculated,Bacillus subtilis,1000000,OPC 53 (UltraTech),21,Flexural Strength,4.744,100x100x500mm Prism,F Strength Reading 1000000.xlsx,Sheet1,850,False,3.091042453358316,4.58257569495584,1,13.815511557963774,21,3.091042453358316,441.0,9261.0
FS_BC_21d_050,EXP_FS_BC_21d,50,Bacterial Concrete,Inoculated,Bacillus subtilis,1000000,OPC 53 (UltraTech),21,Flexural Strength,4.393,100x100x500mm Prism,F Strength Reading 1000000.xlsx,Sheet1,851,False,3.091042453358316,4.58257569495584,1,13.815511557963774,21,3.091042453358316,441.0,9261.0
FS_BC_21d_051,EXP_FS_BC_21d,51,Bacterial Concrete,Inoculated,Bacillus subtilis,1000000,OPC 53 (UltraTech),21,Flexural Strength,4.438,100x100x500mm Prism,F Strength Reading 1000000.xlsx,Sheet1,852,False,3.091042453358316,4.58257569495584,1,13.815511557963774,21,3.091042453358316,441.0,9261.0
FS_BC_21d_052,EXP_FS_BC_21d,52,Bacterial Concrete,Inoculated,Bacillus subtilis,1000000,OPC 53 (UltraTech),21,Flexural Strength,4.262,100x100x500mm Prism,F Strength Reading 1000000.xlsx,Sheet1,853,False,3.091042453358316,4.58257569495584,1,13.815511557963774,21,3.091042453358316,441.0,9261.0
FS_BC_21d_053,EXP_FS_BC_21d,53,Bacterial Concrete,Inoculated,Bacillus subtilis,1000000,OPC 53 (UltraTech),21,Flexural Strength,4.617,100x100x500mm Prism,F Strength Reading 1000000.xlsx,Sheet1,854,False,3.091042453358316,4.58257569495584,1,13.815511557963774,21,3.091042453358316,441.0,9261.0
FS_BC_21d_054,EXP_FS_BC_21d,54,Bacterial Concrete,Inoculated,Bacillus subtilis,1000000,OPC 53 (UltraTech),21,Flexural Strength,4.696,100x100x500mm Prism,F Strength Reading 1000000.xlsx,Sheet1,855,False,3.091042453358316,4.58257569495584,1,13.815511557963774,21,3.091042453358316,441.0,9261.0
FS_BC_21d_055,EXP_FS_BC_21d,55,Bacterial Concrete,Inoculated,Bacillus subtilis,1000000,OPC 53 (UltraTech),21,Flexural Strength,4.441,100x100x500mm Prism,F Strength Reading 1000000.xlsx,Sheet1,856,False,3.091042453358316,4.58257569495584,1,13.815511557963774,21,3.091042453358316,441.0,9261.0
FS_BC_21d_056,EXP_FS_BC_21d,56,Bacterial Concrete,Inoculated,Bacillus subtilis,1000000,OPC 53 (UltraTech),21,Flexural Strength,4.634,100x100x500mm Prism,F Strength Reading 1000000.xlsx,Sheet1,857,False,3.091042453358316,4.58257569495584,1,13.815511557963774,21,3.091042453358316,441.0,9261.0
FS_BC_21d_057,EXP_FS_BC_21d,57,Bacterial Concrete,Inoculated,Bacillus subtilis,1000000,OPC 53 (UltraTech),21,Flexural Strength,4.399,100x100x500mm Prism,F Strength Reading 1000000.xlsx,Sheet1,858,False,3.091042453358316,4.58257569495584,1,13.815511557963774,21,3.091042453358316,441.0,9261.0
FS_BC_21d_058,EXP_FS_BC_21d,58,Bacterial Concrete,Inoculated,Bacillus subtilis,1000000,OPC 53 (UltraTech),21,Flexural Strength,4.438,100x100x500mm Prism,F Strength Reading 1000000.xlsx,Sheet1,859,False,3.091042453358316,4.58257569495584,1,13.815511557963774,21,3.091042453358316,441.0,9261.0
FS_BC_21d_059,EXP_FS_BC_21d,59,Bacterial Concrete,Inoculated,Bacillus subtilis,1000000,OPC 53 (UltraTech),21,Flexural Strength,4.595,100x100x500mm Prism,F Strength Reading 1000000.xlsx,Sheet1,860,False,3.091042453358316,4.58257569495584,1,13.815511557963774,21,3.091042453358316,441.0,9261.0
FS_BC_21d_060,EXP_FS_BC_21d,60,Bacterial Concrete,Inoculated,Bacillus subtilis,1000000,OPC 53 (UltraTech),21,Flexural Strength,4.436,100x100x500mm Prism,F Strength Reading 1000000.xlsx,Sheet1,861,False,3.091042453358316,4.58257569495584,1,13.815511557963774,21,3.091042453358316,441.0,9261.0
FS_BC_21d_061,EXP_FS_BC_21d,61,Bacterial Concrete,Inoculated,Bacillus subtilis,1000000,OPC 53 (UltraTech),21,Flexural Strength,4.539,100x100x500mm Prism,F Strength Reading 1000000.xlsx,Sheet1,862,False,3.091042453358316,4.58257569495584,1,13.815511557963774,21,3.091042453358316,441.0,9261.0
FS_BC_21d_062,EXP_FS_BC_21d,62,Bacterial Concrete,Inoculated,Bacillus subtilis,1000000,OPC 53 (UltraTech),21,Flexural Strength,4.706,100x100x500mm Prism,F Strength Reading 1000000.xlsx,Sheet1,863,False,3.091042453358316,4.58257569495584,1,13.815511557963774,21,3.091042453358316,441.0,9261.0
FS_BC_21d_063,EXP_FS_BC_21d,63,Bacterial Concrete,Inoculated,Bacillus subtilis,1000000,OPC 53 (UltraTech),21,Flexural Strength,5.027,100x100x500mm Prism,F Strength Reading 1000000.xlsx,Sheet1,864,False,3.091042453358316,4.58257569495584,1,13.815511557963774,21,3.091042453358316,441.0,9261.0
FS_BC_21d_064,EXP_FS_BC_21d,64,Bacterial Concrete,Inoculated,Bacillus subtilis,1000000,OPC 53 (UltraTech),21,Flexural Strength,4.694,100x100x500mm Prism,F Strength Reading 1000000.xlsx,Sheet1,865,False,3.091042453358316,4.58257569495584,1,13.815511557963774,21,3.091042453358316,441.0,9261.0
FS_BC_21d_065,EXP_FS_BC_21d,65,Bacterial Concrete,Inoculated,Bacillus subtilis,1000000,OPC 53 (UltraTech),21,Flexural Strength,4.133,100x100x500mm Prism,F Strength Reading 1000000.xlsx,Sheet1,866,False,3.091042453358316,4.58257569495584,1,13.815511557963774,21,3.091042453358316,441.0,9261.0
FS_BC_21d_066,EXP_FS_BC_21d,66,Bacterial Concrete,Inoculated,Bacillus subtilis,1000000,OPC 53 (UltraTech),21,Flexural Strength,4.602,100x100x500mm Prism,F Strength Reading 1000000.xlsx,Sheet1,867,False,3.091042453358316,4.58257569495584,1,13.815511557963774,21,3.091042453358316,441.0,9261.0
FS_BC_21d_067,EXP_FS_BC_21d,67,Bacterial Concrete,Inoculated,Bacillus subtilis,1000000,OPC 53 (UltraTech),21,Flexural Strength,4.464,100x100x500mm Prism,F Strength Reading 1000000.xlsx,Sheet1,868,False,3.091042453358316,4.58257569495584,1,13.815511557963774,21,3.091042453358316,441.0,9261.0
FS_BC_21d_068,EXP_FS_BC_21d,68,Bacterial Concrete,Inoculated,Bacillus subtilis,1000000,OPC 53 (UltraTech),21,Flexural Strength,4.703,100x100x500mm Prism,F Strength Reading 1000000.xlsx,Sheet1,869,False,3.091042453358316,4.58257569495584,1,13.815511557963774,21,3.091042453358316,441.0,9261.0
FS_BC_21d_069,EXP_FS_BC_21d,69,Bacterial Concrete,Inoculated,Bacillus subtilis,1000000,OPC 53 (UltraTech),21,Flexural Strength,4.396,100x100x500mm Prism,F Strength Reading 1000000.xlsx,Sheet1,870,False,3.091042453358316,4.58257569495584,1,13.815511557963774,21,3.091042453358316,441.0,9261.0
FS_BC_21d_070,EXP_FS_BC_21d,70,Bacterial Concrete,Inoculated,Bacillus subtilis,1000000,OPC 53 (UltraTech),21,Flexural Strength,4.21,100x100x500mm Prism,F Strength Reading 1000000.xlsx,Sheet1,871,False,3.091042453358316,4.58257569495584,1,13.815511557963774,21,3.091042453358316,441.0,9261.0
FS_BC_21d_071,EXP_FS_BC_21d,71,Bacterial Concrete,Inoculated,Bacillus subtilis,1000000,OPC 53 (UltraTech),21,Flexural Strength,4.721,100x100x500mm Prism,F Strength Reading 1000000.xlsx,Sheet1,872,False,3.091042453358316,4.58257569495584,1,13.815511557963774,21,3.091042453358316,441.0,9261.0
FS_BC_21d_072,EXP_FS_BC_21d,72,Bacterial Concrete,Inoculated,Bacillus subtilis,1000000,OPC 53 (UltraTech),21,Flexural Strength,4.648,100x100x500mm Prism,F Strength Reading 1000000.xlsx,Sheet1,873,False,3.091042453358316,4.58257569495584,1,13.815511557963774,21,3.091042453358316,441.0,9261.0
FS_BC_21d_073,EXP_FS_BC_21d,73,Bacterial Concrete,Inoculated,Bacillus subtilis,1000000,OPC 53 (UltraTech),21,Flexural Strength,4.732,100x100x500mm Prism,F Strength Reading 1000000.xlsx,Sheet1,874,False,3.091042453358316,4.58257569495584,1,13.815511557963774,21,3.091042453358316,441.0,9261.0
FS_BC_21d_074,EXP_FS_BC_21d,74,Bacterial Concrete,Inoculated,Bacillus subtilis,1000000,OPC 53 (UltraTech),21,Flexural Strength,5.152,100x100x500mm Prism,F Strength Reading 1000000.xlsx,Sheet1,875,False,3.091042453358316,4.58257569495584,1,13.815511557963774,21,3.091042453358316,441.0,9261.0
FS_BC_21d_075,EXP_FS_BC_21d,75,Bacterial Concrete,Inoculated,Bacillus subtilis,1000000,OPC 53 (UltraTech),21,Flexural Strength,4.349,100x100x500mm Prism,F Strength Reading 1000000.xlsx,Sheet1,876,False,3.091042453358316,4.58257569495584,1,13.815511557963774,21,3.091042453358316,441.0,9261.0
FS_BC_21d_076,EXP_FS_BC_21d,76,Bacterial Concrete,Inoculated,Bacillus subtilis,1000000,OPC 53 (UltraTech),21,Flexural Strength,4.559,100x100x500mm Prism,F Strength Reading 1000000.xlsx,Sheet1,877,False,3.091042453358316,4.58257569495584,1,13.815511557963774,21,3.091042453358316,441.0,9261.0
FS_BC_21d_077,EXP_FS_BC_21d,77,Bacterial Concrete,Inoculated,Bacillus subtilis,1000000,OPC 53 (UltraTech),21,Flexural Strength,4.868,100x100x500mm Prism,F Strength Reading 1000000.xlsx,Sheet1,878,False,3.091042453358316,4.58257569495584,1,13.815511557963774,21,3.091042453358316,441.0,9261.0
FS_BC_21d_078,EXP_FS_BC_21d,78,Bacterial Concrete,Inoculated,Bacillus subtilis,1000000,OPC 53 (UltraTech),21,Flexural Strength,4.426,100x100x500mm Prism,F Strength Reading 1000000.xlsx,Sheet1,879,False,3.091042453358316,4.58257569495584,1,13.815511557963774,21,3.091042453358316,441.0,9261.0
FS_BC_21d_079,EXP_FS_BC_21d,79,Bacterial Concrete,Inoculated,Bacillus subtilis,1000000,OPC 53 (UltraTech),21,Flexural Strength,4.586,100x100x500mm Prism,F Strength Reading 1000000.xlsx,Sheet1,880,False,3.091042453358316,4.58257569495584,1,13.815511557963774,21,3.091042453358316,441.0,9261.0
FS_BC_21d_080,EXP_FS_BC_21d,80,Bacterial Concrete,Inoculated,Bacillus subtilis,1000000,OPC 53 (UltraTech),21,Flexural Strength,4.981,100x100x500mm Prism,F Strength Reading 1000000.xlsx,Sheet1,881,False,3.091042453358316,4.58257569495584,1,13.815511557963774,21,3.091042453358316,441.0,9261.0
FS_BC_21d_081,EXP_FS_BC_21d,81,Bacterial Concrete,Inoculated,Bacillus subtilis,1000000,OPC 53 (UltraTech),21,Flexural Strength,4.391,100x100x500mm Prism,F Strength Reading 1000000.xlsx,Sheet1,882,False,3.091042453358316,4.58257569495584,1,13.815511557963774,21,3.091042453358316,441.0,9261.0
FS_BC_21d_082,EXP_FS_BC_21d,82,Bacterial Concrete,Inoculated,Bacillus subtilis,1000000,OPC 53 (UltraTech),21,Flexural Strength,4.353,100x100x500mm Prism,F Strength Reading 1000000.xlsx,Sheet1,883,False,3.091042453358316,4.58257569495584,1,13.815511557963774,21,3.091042453358316,441.0,9261.0
FS_BC_21d_083,EXP_FS_BC_21d,83,Bacterial Concrete,Inoculated,Bacillus subtilis,1000000,OPC 53 (UltraTech),21,Flexural Strength,4.907,100x100x500mm Prism,F Strength Reading 1000000.xlsx,Sheet1,884,False,3.091042453358316,4.58257569495584,1,13.815511557963774,21,3.091042453358316,441.0,9261.0
FS_BC_21d_084,EXP_FS_BC_21d,84,Bacterial Concrete,Inoculated,Bacillus subtilis,1000000,OPC 53 (UltraTech),21,Flexural Strength,4.719,100x100x500mm Prism,F Strength Reading 1000000.xlsx,Sheet1,885,False,3.091042453358316,4.58257569495584,1,13.815511557963774,21,3.091042453358316,441.0,9261.0
FS_BC_21d_085,EXP_FS_BC_21d,85,Bacterial Concrete,Inoculated,Bacillus subtilis,1000000,OPC 53 (UltraTech),21,Flexural Strength,4.547,100x100x500mm Prism,F Strength Reading 1000000.xlsx,Sheet1,886,False,3.091042453358316,4.58257569495584,1,13.815511557963774,21,3.091042453358316,441.0,9261.0
FS_BC_21d_086,EXP_FS_BC_21d,86,Bacterial Concrete,Inoculated,Bacillus subtilis,1000000,OPC 53 (UltraTech),21,Flexural Strength,4.371,100x100x500mm Prism,F Strength Reading 1000000.xlsx,Sheet1,887,False,3.091042453358316,4.58257569495584,1,13.815511557963774,21,3.091042453358316,441.0,9261.0
FS_BC_21d_087,EXP_FS_BC_21d,87,Bacterial Concrete,Inoculated,Bacillus subtilis,1000000,OPC 53 (UltraTech),21,Flexural Strength,4.83,100x100x500mm Prism,F Strength Reading 1000000.xlsx,Sheet1,888,False,3.091042453358316,4.58257569495584,1,13.815511557963774,21,3.091042453358316,441.0,9261.0
FS_BC_21d_088,EXP_FS_BC_21d,88,Bacterial Concrete,Inoculated,Bacillus subtilis,1000000,OPC 53 (UltraTech),21,Flexural Strength,4.166,100x100x500mm Prism,F Strength Reading 1000000.xlsx,Sheet1,889,False,3.091042453358316,4.58257569495584,1,13.815511557963774,21,3.091042453358316,441.0,9261.0
FS_BC_21d_089,EXP_FS_BC_21d,89,Bacterial Concrete,Inoculated,Bacillus subtilis,1000000,OPC 53 (UltraTech),21,Flexural Strength,4.504,100x100x500mm Prism,F Strength Reading 1000000.xlsx,Sheet1,890,False,3.091042453358316,4.58257569495584,1,13.815511557963774,21,3.091042453358316,441.0,9261.0
FS_BC_21d_090,EXP_FS_BC_21d,90,Bacterial Concrete,Inoculated,Bacillus subtilis,1000000,OPC 53 (UltraTech),21,Flexural Strength,4.448,100x100x500mm Prism,F Strength Reading 1000000.xlsx,Sheet1,891,False,3.091042453358316,4.58257569495584,1,13.815511557963774,21,3.091042453358316,441.0,9261.0
FS_BC_21d_091,EXP_FS_BC_21d,91,Bacterial Concrete,Inoculated,Bacillus subtilis,1000000,OPC 53 (UltraTech),21,Flexural Strength,4.756,100x100x500mm Prism,F Strength Reading 1000000.xlsx,Sheet1,892,False,3.091042453358316,4.58257569495584,1,13.815511557963774,21,3.091042453358316,441.0,9261.0
FS_BC_21d_092,EXP_FS_BC_21d,92,Bacterial Concrete,Inoculated,Bacillus subtilis,1000000,OPC 53 (UltraTech),21,Flexural Strength,5.16,100x100x500mm Prism,F Strength Reading 1000000.xlsx,Sheet1,893,False,3.091042453358316,4.58257569495584,1,13.815511557963774,21,3.091042453358316,441.0,9261.0
FS_BC_21d_093,EXP_FS_BC_21d,93,Bacterial Concrete,Inoculated,Bacillus subtilis,1000000,OPC 53 (UltraTech),21,Flexural Strength,4.876,100x100x500mm Prism,F Strength Reading 1000000.xlsx,Sheet1,894,False,3.091042453358316,4.58257569495584,1,13.815511557963774,21,3.091042453358316,441.0,9261.0
FS_BC_21d_094,EXP_FS_BC_21d,94,Bacterial Concrete,Inoculated,Bacillus subtilis,1000000,OPC 53 (UltraTech),21,Flexural Strength,4.231,100x100x500mm Prism,F Strength Reading 1000000.xlsx,Sheet1,895,False,3.091042453358316,4.58257569495584,1,13.815511557963774,21,3.091042453358316,441.0,9261.0
FS_BC_21d_095,EXP_FS_BC_21d,95,Bacterial Concrete,Inoculated,Bacillus subtilis,1000000,OPC 53 (UltraTech),21,Flexural Strength,4.882,100x100x500mm Prism,F Strength Reading 1000000.xlsx,Sheet1,896,False,3.091042453358316,4.58257569495584,1,13.815511557963774,21,3.091042453358316,441.0,9261.0
FS_BC_21d_096,EXP_FS_BC_21d,96,Bacterial Concrete,Inoculated,Bacillus subtilis,1000000,OPC 53 (UltraTech),21,Flexural Strength,4.559,100x100x500mm Prism,F Strength Reading 1000000.xlsx,Sheet1,897,False,3.091042453358316,4.58257569495584,1,13.815511557963774,21,3.091042453358316,441.0,9261.0
FS_BC_21d_097,EXP_FS_BC_21d,97,Bacterial Concrete,Inoculated,Bacillus subtilis,1000000,OPC 53 (UltraTech),21,Flexural Strength,4.644,100x100x500mm Prism,F Strength Reading 1000000.xlsx,Sheet1,898,False,3.091042453358316,4.58257569495584,1,13.815511557963774,21,3.091042453358316,441.0,9261.0
FS_BC_21d_098,EXP_FS_BC_21d,98,Bacterial Concrete,Inoculated,Bacillus subtilis,1000000,OPC 53 (UltraTech),21,Flexural Strength,4.554,100x100x500mm Prism,F Strength Reading 1000000.xlsx,Sheet1,899,False,3.091042453358316,4.58257569495584,1,13.815511557963774,21,3.091042453358316,441.0,9261.0
FS_BC_21d_099,EXP_FS_BC_21d,99,Bacterial Concrete,Inoculated,Bacillus subtilis,1000000,OPC 53 (UltraTech),21,Flexural Strength,4.315,100x100x500mm Prism,F Strength Reading 1000000.xlsx,Sheet1,900,False,3.091042453358316,4.58257569495584,1,13.815511557963774,21,3.091042453358316,441.0,9261.0
FS_BC_21d_100,EXP_FS_BC_21d,100,Bacterial Concrete,Inoculated,Bacillus subtilis,1000000,OPC 53 (UltraTech),21,Flexural Strength,4.209,100x100x500mm Prism,F Strength Reading 1000000.xlsx,Sheet1,901,False,3.091042453358316,4.58257569495584,1,13.815511557963774,21,3.091042453358316,441.0,9261.0
FS_BC_28d_001,EXP_FS_BC_28d,1,Bacterial Concrete,Inoculated,Bacillus subtilis,1000000,OPC 53 (UltraTech),28,Flexural Strength,5.074,100x100x500mm Prism,F Strength Reading 1000000.xlsx,Sheet1,902,False,3.367295829986474,5.291502622129181,1,13.815511557963774,28,3.367295829986474,784.0,21952.0
FS_BC_28d_002,EXP_FS_BC_28d,2,Bacterial Concrete,Inoculated,Bacillus subtilis,1000000,OPC 53 (UltraTech),28,Flexural Strength,5.504,100x100x500mm Prism,F Strength Reading 1000000.xlsx,Sheet1,903,False,3.367295829986474,5.291502622129181,1,13.815511557963774,28,3.367295829986474,784.0,21952.0
FS_BC_28d_003,EXP_FS_BC_28d,3,Bacterial Concrete,Inoculated,Bacillus subtilis,1000000,OPC 53 (UltraTech),28,Flexural Strength,5.279,100x100x500mm Prism,F Strength Reading 1000000.xlsx,Sheet1,904,False,3.367295829986474,5.291502622129181,1,13.815511557963774,28,3.367295829986474,784.0,21952.0
FS_BC_28d_004,EXP_FS_BC_28d,4,Bacterial Concrete,Inoculated,Bacillus subtilis,1000000,OPC 53 (UltraTech),28,Flexural Strength,5.354,100x100x500mm Prism,F Strength Reading 1000000.xlsx,Sheet1,905,False,3.367295829986474,5.291502622129181,1,13.815511557963774,28,3.367295829986474,784.0,21952.0
FS_BC_28d_005,EXP_FS_BC_28d,5,Bacterial Concrete,Inoculated,Bacillus subtilis,1000000,OPC 53 (UltraTech),28,Flexural Strength,5.218,100x100x500mm Prism,F Strength Reading 1000000.xlsx,Sheet1,906,False,3.367295829986474,5.291502622129181,1,13.815511557963774,28,3.367295829986474,784.0,21952.0
FS_BC_28d_006,EXP_FS_BC_28d,6,Bacterial Concrete,Inoculated,Bacillus subtilis,1000000,OPC 53 (UltraTech),28,Flexural Strength,5.424,100x100x500mm Prism,F Strength Reading 1000000.xlsx,Sheet1,907,False,3.367295829986474,5.291502622129181,1,13.815511557963774,28,3.367295829986474,784.0,21952.0
FS_BC_28d_007,EXP_FS_BC_28d,7,Bacterial Concrete,Inoculated,Bacillus subtilis,1000000,OPC 53 (UltraTech),28,Flexural Strength,4.996,100x100x500mm Prism,F Strength Reading 1000000.xlsx,Sheet1,908,False,3.367295829986474,5.291502622129181,1,13.815511557963774,28,3.367295829986474,784.0,21952.0
FS_BC_28d_008,EXP_FS_BC_28d,8,Bacterial Concrete,Inoculated,Bacillus subtilis,1000000,OPC 53 (UltraTech),28,Flexural Strength,5.109,100x100x500mm Prism,F Strength Reading 1000000.xlsx,Sheet1,909,False,3.367295829986474,5.291502622129181,1,13.815511557963774,28,3.367295829986474,784.0,21952.0
FS_BC_28d_009,EXP_FS_BC_28d,9,Bacterial Concrete,Inoculated,Bacillus subtilis,1000000,OPC 53 (UltraTech),28,Flexural Strength,5.061,100x100x500mm Prism,F Strength Reading 1000000.xlsx,Sheet1,910,False,3.367295829986474,5.291502622129181,1,13.815511557963774,28,3.367295829986474,784.0,21952.0
FS_BC_28d_010,EXP_FS_BC_28d,10,Bacterial Concrete,Inoculated,Bacillus subtilis,1000000,OPC 53 (UltraTech),28,Flexural Strength,4.998,100x100x500mm Prism,F Strength Reading 1000000.xlsx,Sheet1,911,False,3.367295829986474,5.291502622129181,1,13.815511557963774,28,3.367295829986474,784.0,21952.0
FS_BC_28d_011,EXP_FS_BC_28d,11,Bacterial Concrete,Inoculated,Bacillus subtilis,1000000,OPC 53 (UltraTech),28,Flexural Strength,4.829,100x100x500mm Prism,F Strength Reading 1000000.xlsx,Sheet1,912,False,3.367295829986474,5.291502622129181,1,13.815511557963774,28,3.367295829986474,784.0,21952.0
FS_BC_28d_012,EXP_FS_BC_28d,12,Bacterial Concrete,Inoculated,Bacillus subtilis,1000000,OPC 53 (UltraTech),28,Flexural Strength,4.775,100x100x500mm Prism,F Strength Reading 1000000.xlsx,Sheet1,913,False,3.367295829986474,5.291502622129181,1,13.815511557963774,28,3.367295829986474,784.0,21952.0
FS_BC_28d_013,EXP_FS_BC_28d,13,Bacterial Concrete,Inoculated,Bacillus subtilis,1000000,OPC 53 (UltraTech),28,Flexural Strength,4.909,100x100x500mm Prism,F Strength Reading 1000000.xlsx,Sheet1,914,False,3.367295829986474,5.291502622129181,1,13.815511557963774,28,3.367295829986474,784.0,21952.0
FS_BC_28d_014,EXP_FS_BC_28d,14,Bacterial Concrete,Inoculated,Bacillus subtilis,1000000,OPC 53 (UltraTech),28,Flexural Strength,4.688,100x100x500mm Prism,F Strength Reading 1000000.xlsx,Sheet1,915,False,3.367295829986474,5.291502622129181,1,13.815511557963774,28,3.367295829986474,784.0,21952.0
FS_BC_28d_015,EXP_FS_BC_28d,15,Bacterial Concrete,Inoculated,Bacillus subtilis,1000000,OPC 53 (UltraTech),28,Flexural Strength,5.324,100x100x500mm Prism,F Strength Reading 1000000.xlsx,Sheet1,916,False,3.367295829986474,5.291502622129181,1,13.815511557963774,28,3.367295829986474,784.0,21952.0
FS_BC_28d_016,EXP_FS_BC_28d,16,Bacterial Concrete,Inoculated,Bacillus subtilis,1000000,OPC 53 (UltraTech),28,Flexural Strength,5.363,100x100x500mm Prism,F Strength Reading 1000000.xlsx,Sheet1,917,False,3.367295829986474,5.291502622129181,1,13.815511557963774,28,3.367295829986474,784.0,21952.0
FS_BC_28d_017,EXP_FS_BC_28d,17,Bacterial Concrete,Inoculated,Bacillus subtilis,1000000,OPC 53 (UltraTech),28,Flexural Strength,5.05,100x100x500mm Prism,F Strength Reading 1000000.xlsx,Sheet1,918,False,3.367295829986474,5.291502622129181,1,13.815511557963774,28,3.367295829986474,784.0,21952.0
FS_BC_28d_018,EXP_FS_BC_28d,18,Bacterial Concrete,Inoculated,Bacillus subtilis,1000000,OPC 53 (UltraTech),28,Flexural Strength,5.007,100x100x500mm Prism,F Strength Reading 1000000.xlsx,Sheet1,919,False,3.367295829986474,5.291502622129181,1,13.815511557963774,28,3.367295829986474,784.0,21952.0
FS_BC_28d_019,EXP_FS_BC_28d,19,Bacterial Concrete,Inoculated,Bacillus subtilis,1000000,OPC 53 (UltraTech),28,Flexural Strength,4.921,100x100x500mm Prism,F Strength Reading 1000000.xlsx,Sheet1,920,False,3.367295829986474,5.291502622129181,1,13.815511557963774,28,3.367295829986474,784.0,21952.0
FS_BC_28d_020,EXP_FS_BC_28d,20,Bacterial Concrete,Inoculated,Bacillus subtilis,1000000,OPC 53 (UltraTech),28,Flexural Strength,4.551,100x100x500mm Prism,F Strength Reading 1000000.xlsx,Sheet1,921,False,3.367295829986474,5.291502622129181,1,13.815511557963774,28,3.367295829986474,784.0,21952.0
FS_BC_28d_021,EXP_FS_BC_28d,21,Bacterial Concrete,Inoculated,Bacillus subtilis,1000000,OPC 53 (UltraTech),28,Flexural Strength,5.021,100x100x500mm Prism,F Strength Reading 1000000.xlsx,Sheet1,922,False,3.367295829986474,5.291502622129181,1,13.815511557963774,28,3.367295829986474,784.0,21952.0
FS_BC_28d_022,EXP_FS_BC_28d,22,Bacterial Concrete,Inoculated,Bacillus subtilis,1000000,OPC 53 (UltraTech),28,Flexural Strength,5.078,100x100x500mm Prism,F Strength Reading 1000000.xlsx,Sheet1,923,False,3.367295829986474,5.291502622129181,1,13.815511557963774,28,3.367295829986474,784.0,21952.0
FS_BC_28d_023,EXP_FS_BC_28d,23,Bacterial Concrete,Inoculated,Bacillus subtilis,1000000,OPC 53 (UltraTech),28,Flexural Strength,5.109,100x100x500mm Prism,F Strength Reading 1000000.xlsx,Sheet1,924,False,3.367295829986474,5.291502622129181,1,13.815511557963774,28,3.367295829986474,784.0,21952.0
FS_BC_28d_024,EXP_FS_BC_28d,24,Bacterial Concrete,Inoculated,Bacillus subtilis,1000000,OPC 53 (UltraTech),28,Flexural Strength,4.9,100x100x500mm Prism,F Strength Reading 1000000.xlsx,Sheet1,925,False,3.367295829986474,5.291502622129181,1,13.815511557963774,28,3.367295829986474,784.0,21952.0
FS_BC_28d_025,EXP_FS_BC_28d,25,Bacterial Concrete,Inoculated,Bacillus subtilis,1000000,OPC 53 (UltraTech),28,Flexural Strength,4.857,100x100x500mm Prism,F Strength Reading 1000000.xlsx,Sheet1,926,False,3.367295829986474,5.291502622129181,1,13.815511557963774,28,3.367295829986474,784.0,21952.0
FS_BC_28d_026,EXP_FS_BC_28d,26,Bacterial Concrete,Inoculated,Bacillus subtilis,1000000,OPC 53 (UltraTech),28,Flexural Strength,5.066,100x100x500mm Prism,F Strength Reading 1000000.xlsx,Sheet1,927,False,3.367295829986474,5.291502622129181,1,13.815511557963774,28,3.367295829986474,784.0,21952.0
FS_BC_28d_027,EXP_FS_BC_28d,27,Bacterial Concrete,Inoculated,Bacillus subtilis,1000000,OPC 53 (UltraTech),28,Flexural Strength,4.833,100x100x500mm Prism,F Strength Reading 1000000.xlsx,Sheet1,928,False,3.367295829986474,5.291502622129181,1,13.815511557963774,28,3.367295829986474,784.0,21952.0
FS_BC_28d_028,EXP_FS_BC_28d,28,Bacterial Concrete,Inoculated,Bacillus subtilis,1000000,OPC 53 (UltraTech),28,Flexural Strength,5.089,100x100x500mm Prism,F Strength Reading 1000000.xlsx,Sheet1,929,False,3.367295829986474,5.291502622129181,1,13.815511557963774,28,3.367295829986474,784.0,21952.0
FS_BC_28d_029,EXP_FS_BC_28d,29,Bacterial Concrete,Inoculated,Bacillus subtilis,1000000,OPC 53 (UltraTech),28,Flexural Strength,5.318,100x100x500mm Prism,F Strength Reading 1000000.xlsx,Sheet1,930,False,3.367295829986474,5.291502622129181,1,13.815511557963774,28,3.367295829986474,784.0,21952.0
FS_BC_28d_030,EXP_FS_BC_28d,30,Bacterial Concrete,Inoculated,Bacillus subtilis,1000000,OPC 53 (UltraTech),28,Flexural Strength,5.039,100x100x500mm Prism,F Strength Reading 1000000.xlsx,Sheet1,931,False,3.367295829986474,5.291502622129181,1,13.815511557963774,28,3.367295829986474,784.0,21952.0
FS_BC_28d_031,EXP_FS_BC_28d,31,Bacterial Concrete,Inoculated,Bacillus subtilis,1000000,OPC 53 (UltraTech),28,Flexural Strength,4.73,100x100x500mm Prism,F Strength Reading 1000000.xlsx,Sheet1,932,False,3.367295829986474,5.291502622129181,1,13.815511557963774,28,3.367295829986474,784.0,21952.0
FS_BC_28d_032,EXP_FS_BC_28d,32,Bacterial Concrete,Inoculated,Bacillus subtilis,1000000,OPC 53 (UltraTech),28,Flexural Strength,4.846,100x100x500mm Prism,F Strength Reading 1000000.xlsx,Sheet1,933,False,3.367295829986474,5.291502622129181,1,13.815511557963774,28,3.367295829986474,784.0,21952.0
FS_BC_28d_033,EXP_FS_BC_28d,33,Bacterial Concrete,Inoculated,Bacillus subtilis,1000000,OPC 53 (UltraTech),28,Flexural Strength,5.034,100x100x500mm Prism,F Strength Reading 1000000.xlsx,Sheet1,934,False,3.367295829986474,5.291502622129181,1,13.815511557963774,28,3.367295829986474,784.0,21952.0
FS_BC_28d_034,EXP_FS_BC_28d,34,Bacterial Concrete,Inoculated,Bacillus subtilis,1000000,OPC 53 (UltraTech),28,Flexural Strength,4.622,100x100x500mm Prism,F Strength Reading 1000000.xlsx,Sheet1,935,False,3.367295829986474,5.291502622129181,1,13.815511557963774,28,3.367295829986474,784.0,21952.0
FS_BC_28d_035,EXP_FS_BC_28d,35,Bacterial Concrete,Inoculated,Bacillus subtilis,1000000,OPC 53 (UltraTech),28,Flexural Strength,5.383,100x100x500mm Prism,F Strength Reading 1000000.xlsx,Sheet1,936,False,3.367295829986474,5.291502622129181,1,13.815511557963774,28,3.367295829986474,784.0,21952.0
FS_BC_28d_036,EXP_FS_BC_28d,36,Bacterial Concrete,Inoculated,Bacillus subtilis,1000000,OPC 53 (UltraTech),28,Flexural Strength,5.524,100x100x500mm Prism,F Strength Reading 1000000.xlsx,Sheet1,937,False,3.367295829986474,5.291502622129181,1,13.815511557963774,28,3.367295829986474,784.0,21952.0
FS_BC_28d_037,EXP_FS_BC_28d,37,Bacterial Concrete,Inoculated,Bacillus subtilis,1000000,OPC 53 (UltraTech),28,Flexural Strength,4.769,100x100x500mm Prism,F Strength Reading 1000000.xlsx,Sheet1,938,False,3.367295829986474,5.291502622129181,1,13.815511557963774,28,3.367295829986474,784.0,21952.0
FS_BC_28d_038,EXP_FS_BC_28d,38,Bacterial Concrete,Inoculated,Bacillus subtilis,1000000,OPC 53 (UltraTech),28,Flexural Strength,5.026,100x100x500mm Prism,F Strength Reading 1000000.xlsx,Sheet1,939,False,3.367295829986474,5.291502622129181,1,13.815511557963774,28,3.367295829986474,784.0,21952.0
FS_BC_28d_039,EXP_FS_BC_28d,39,Bacterial Concrete,Inoculated,Bacillus subtilis,1000000,OPC 53 (UltraTech),28,Flexural Strength,5.271,100x100x500mm Prism,F Strength Reading 1000000.xlsx,Sheet1,940,False,3.367295829986474,5.291502622129181,1,13.815511557963774,28,3.367295829986474,784.0,21952.0
FS_BC_28d_040,EXP_FS_BC_28d,40,Bacterial Concrete,Inoculated,Bacillus subtilis,1000000,OPC 53 (UltraTech),28,Flexural Strength,4.711,100x100x500mm Prism,F Strength Reading 1000000.xlsx,Sheet1,941,False,3.367295829986474,5.291502622129181,1,13.815511557963774,28,3.367295829986474,784.0,21952.0
FS_BC_28d_041,EXP_FS_BC_28d,41,Bacterial Concrete,Inoculated,Bacillus subtilis,1000000,OPC 53 (UltraTech),28,Flexural Strength,4.832,100x100x500mm Prism,F Strength Reading 1000000.xlsx,Sheet1,942,False,3.367295829986474,5.291502622129181,1,13.815511557963774,28,3.367295829986474,784.0,21952.0
FS_BC_28d_042,EXP_FS_BC_28d,42,Bacterial Concrete,Inoculated,Bacillus subtilis,1000000,OPC 53 (UltraTech),28,Flexural Strength,5.374,100x100x500mm Prism,F Strength Reading 1000000.xlsx,Sheet1,943,False,3.367295829986474,5.291502622129181,1,13.815511557963774,28,3.367295829986474,784.0,21952.0
FS_BC_28d_043,EXP_FS_BC_28d,43,Bacterial Concrete,Inoculated,Bacillus subtilis,1000000,OPC 53 (UltraTech),28,Flexural Strength,4.708,100x100x500mm Prism,F Strength Reading 1000000.xlsx,Sheet1,944,False,3.367295829986474,5.291502622129181,1,13.815511557963774,28,3.367295829986474,784.0,21952.0
FS_BC_28d_044,EXP_FS_BC_28d,44,Bacterial Concrete,Inoculated,Bacillus subtilis,1000000,OPC 53 (UltraTech),28,Flexural Strength,4.405,100x100x500mm Prism,F Strength Reading 1000000.xlsx,Sheet1,945,False,3.367295829986474,5.291502622129181,1,13.815511557963774,28,3.367295829986474,784.0,21952.0
FS_BC_28d_045,EXP_FS_BC_28d,45,Bacterial Concrete,Inoculated,Bacillus subtilis,1000000,OPC 53 (UltraTech),28,Flexural Strength,4.508,100x100x500mm Prism,F Strength Reading 1000000.xlsx,Sheet1,946,False,3.367295829986474,5.291502622129181,1,13.815511557963774,28,3.367295829986474,784.0,21952.0
FS_BC_28d_046,EXP_FS_BC_28d,46,Bacterial Concrete,Inoculated,Bacillus subtilis,1000000,OPC 53 (UltraTech),28,Flexural Strength,5.205,100x100x500mm Prism,F Strength Reading 1000000.xlsx,Sheet1,947,False,3.367295829986474,5.291502622129181,1,13.815511557963774,28,3.367295829986474,784.0,21952.0
FS_BC_28d_047,EXP_FS_BC_28d,47,Bacterial Concrete,Inoculated,Bacillus subtilis,1000000,OPC 53 (UltraTech),28,Flexural Strength,5.457,100x100x500mm Prism,F Strength Reading 1000000.xlsx,Sheet1,948,False,3.367295829986474,5.291502622129181,1,13.815511557963774,28,3.367295829986474,784.0,21952.0
FS_BC_28d_048,EXP_FS_BC_28d,48,Bacterial Concrete,Inoculated,Bacillus subtilis,1000000,OPC 53 (UltraTech),28,Flexural Strength,5.056,100x100x500mm Prism,F Strength Reading 1000000.xlsx,Sheet1,949,False,3.367295829986474,5.291502622129181,1,13.815511557963774,28,3.367295829986474,784.0,21952.0
FS_BC_28d_049,EXP_FS_BC_28d,49,Bacterial Concrete,Inoculated,Bacillus subtilis,1000000,OPC 53 (UltraTech),28,Flexural Strength,5.201,100x100x500mm Prism,F Strength Reading 1000000.xlsx,Sheet1,950,False,3.367295829986474,5.291502622129181,1,13.815511557963774,28,3.367295829986474,784.0,21952.0
FS_BC_28d_050,EXP_FS_BC_28d,50,Bacterial Concrete,Inoculated,Bacillus subtilis,1000000,OPC 53 (UltraTech),28,Flexural Strength,5.108,100x100x500mm Prism,F Strength Reading 1000000.xlsx,Sheet1,951,False,3.367295829986474,5.291502622129181,1,13.815511557963774,28,3.367295829986474,784.0,21952.0
FS_BC_28d_051,EXP_FS_BC_28d,51,Bacterial Concrete,Inoculated,Bacillus subtilis,1000000,OPC 53 (UltraTech),28,Flexural Strength,4.939,100x100x500mm Prism,F Strength Reading 1000000.xlsx,Sheet1,952,False,3.367295829986474,5.291502622129181,1,13.815511557963774,28,3.367295829986474,784.0,21952.0
FS_BC_28d_052,EXP_FS_BC_28d,52,Bacterial Concrete,Inoculated,Bacillus subtilis,1000000,OPC 53 (UltraTech),28,Flexural Strength,4.665,100x100x500mm Prism,F Strength Reading 1000000.xlsx,Sheet1,953,False,3.367295829986474,5.291502622129181,1,13.815511557963774,28,3.367295829986474,784.0,21952.0
FS_BC_28d_053,EXP_FS_BC_28d,53,Bacterial Concrete,Inoculated,Bacillus subtilis,1000000,OPC 53 (UltraTech),28,Flexural Strength,5.237,100x100x500mm Prism,F Strength Reading 1000000.xlsx,Sheet1,954,False,3.367295829986474,5.291502622129181,1,13.815511557963774,28,3.367295829986474,784.0,21952.0
FS_BC_28d_054,EXP_FS_BC_28d,54,Bacterial Concrete,Inoculated,Bacillus subtilis,1000000,OPC 53 (UltraTech),28,Flexural Strength,4.762,100x100x500mm Prism,F Strength Reading 1000000.xlsx,Sheet1,955,False,3.367295829986474,5.291502622129181,1,13.815511557963774,28,3.367295829986474,784.0,21952.0
FS_BC_28d_055,EXP_FS_BC_28d,55,Bacterial Concrete,Inoculated,Bacillus subtilis,1000000,OPC 53 (UltraTech),28,Flexural Strength,5.002,100x100x500mm Prism,F Strength Reading 1000000.xlsx,Sheet1,956,False,3.367295829986474,5.291502622129181,1,13.815511557963774,28,3.367295829986474,784.0,21952.0
FS_BC_28d_056,EXP_FS_BC_28d,56,Bacterial Concrete,Inoculated,Bacillus subtilis,1000000,OPC 53 (UltraTech),28,Flexural Strength,5.383,100x100x500mm Prism,F Strength Reading 1000000.xlsx,Sheet1,957,False,3.367295829986474,5.291502622129181,1,13.815511557963774,28,3.367295829986474,784.0,21952.0
FS_BC_28d_057,EXP_FS_BC_28d,57,Bacterial Concrete,Inoculated,Bacillus subtilis,1000000,OPC 53 (UltraTech),28,Flexural Strength,4.971,100x100x500mm Prism,F Strength Reading 1000000.xlsx,Sheet1,958,False,3.367295829986474,5.291502622129181,1,13.815511557963774,28,3.367295829986474,784.0,21952.0
FS_BC_28d_058,EXP_FS_BC_28d,58,Bacterial Concrete,Inoculated,Bacillus subtilis,1000000,OPC 53 (UltraTech),28,Flexural Strength,4.845,100x100x500mm Prism,F Strength Reading 1000000.xlsx,Sheet1,959,False,3.367295829986474,5.291502622129181,1,13.815511557963774,28,3.367295829986474,784.0,21952.0
FS_BC_28d_059,EXP_FS_BC_28d,59,Bacterial Concrete,Inoculated,Bacillus subtilis,1000000,OPC 53 (UltraTech),28,Flexural Strength,4.884,100x100x500mm Prism,F Strength Reading 1000000.xlsx,Sheet1,960,False,3.367295829986474,5.291502622129181,1,13.815511557963774,28,3.367295829986474,784.0,21952.0
FS_BC_28d_060,EXP_FS_BC_28d,60,Bacterial Concrete,Inoculated,Bacillus subtilis,1000000,OPC 53 (UltraTech),28,Flexural Strength,5.319,100x100x500mm Prism,F Strength Reading 1000000.xlsx,Sheet1,961,False,3.367295829986474,5.291502622129181,1,13.815511557963774,28,3.367295829986474,784.0,21952.0
FS_BC_28d_061,EXP_FS_BC_28d,61,Bacterial Concrete,Inoculated,Bacillus subtilis,1000000,OPC 53 (UltraTech),28,Flexural Strength,5.009,100x100x500mm Prism,F Strength Reading 1000000.xlsx,Sheet1,962,False,3.367295829986474,5.291502622129181,1,13.815511557963774,28,3.367295829986474,784.0,21952.0
FS_BC_28d_062,EXP_FS_BC_28d,62,Bacterial Concrete,Inoculated,Bacillus subtilis,1000000,OPC 53 (UltraTech),28,Flexural Strength,5.058,100x100x500mm Prism,F Strength Reading 1000000.xlsx,Sheet1,963,False,3.367295829986474,5.291502622129181,1,13.815511557963774,28,3.367295829986474,784.0,21952.0
FS_BC_28d_063,EXP_FS_BC_28d,63,Bacterial Concrete,Inoculated,Bacillus subtilis,1000000,OPC 53 (UltraTech),28,Flexural Strength,4.83,100x100x500mm Prism,F Strength Reading 1000000.xlsx,Sheet1,964,False,3.367295829986474,5.291502622129181,1,13.815511557963774,28,3.367295829986474,784.0,21952.0
FS_BC_28d_064,EXP_FS_BC_28d,64,Bacterial Concrete,Inoculated,Bacillus subtilis,1000000,OPC 53 (UltraTech),28,Flexural Strength,4.789,100x100x500mm Prism,F Strength Reading 1000000.xlsx,Sheet1,965,False,3.367295829986474,5.291502622129181,1,13.815511557963774,28,3.367295829986474,784.0,21952.0
FS_BC_28d_065,EXP_FS_BC_28d,65,Bacterial Concrete,Inoculated,Bacillus subtilis,1000000,OPC 53 (UltraTech),28,Flexural Strength,5.184,100x100x500mm Prism,F Strength Reading 1000000.xlsx,Sheet1,966,False,3.367295829986474,5.291502622129181,1,13.815511557963774,28,3.367295829986474,784.0,21952.0
FS_BC_28d_066,EXP_FS_BC_28d,66,Bacterial Concrete,Inoculated,Bacillus subtilis,1000000,OPC 53 (UltraTech),28,Flexural Strength,5.126,100x100x500mm Prism,F Strength Reading 1000000.xlsx,Sheet1,967,False,3.367295829986474,5.291502622129181,1,13.815511557963774,28,3.367295829986474,784.0,21952.0
FS_BC_28d_067,EXP_FS_BC_28d,67,Bacterial Concrete,Inoculated,Bacillus subtilis,1000000,OPC 53 (UltraTech),28,Flexural Strength,5.698,100x100x500mm Prism,F Strength Reading 1000000.xlsx,Sheet1,968,False,3.367295829986474,5.291502622129181,1,13.815511557963774,28,3.367295829986474,784.0,21952.0
FS_BC_28d_068,EXP_FS_BC_28d,68,Bacterial Concrete,Inoculated,Bacillus subtilis,1000000,OPC 53 (UltraTech),28,Flexural Strength,4.682,100x100x500mm Prism,F Strength Reading 1000000.xlsx,Sheet1,969,False,3.367295829986474,5.291502622129181,1,13.815511557963774,28,3.367295829986474,784.0,21952.0
FS_BC_28d_069,EXP_FS_BC_28d,69,Bacterial Concrete,Inoculated,Bacillus subtilis,1000000,OPC 53 (UltraTech),28,Flexural Strength,5.234,100x100x500mm Prism,F Strength Reading 1000000.xlsx,Sheet1,970,False,3.367295829986474,5.291502622129181,1,13.815511557963774,28,3.367295829986474,784.0,21952.0
FS_BC_28d_070,EXP_FS_BC_28d,70,Bacterial Concrete,Inoculated,Bacillus subtilis,1000000,OPC 53 (UltraTech),28,Flexural Strength,4.614,100x100x500mm Prism,F Strength Reading 1000000.xlsx,Sheet1,971,False,3.367295829986474,5.291502622129181,1,13.815511557963774,28,3.367295829986474,784.0,21952.0
FS_BC_28d_071,EXP_FS_BC_28d,71,Bacterial Concrete,Inoculated,Bacillus subtilis,1000000,OPC 53 (UltraTech),28,Flexural Strength,5.236,100x100x500mm Prism,F Strength Reading 1000000.xlsx,Sheet1,972,False,3.367295829986474,5.291502622129181,1,13.815511557963774,28,3.367295829986474,784.0,21952.0
FS_BC_28d_072,EXP_FS_BC_28d,72,Bacterial Concrete,Inoculated,Bacillus subtilis,1000000,OPC 53 (UltraTech),28,Flexural Strength,4.691,100x100x500mm Prism,F Strength Reading 1000000.xlsx,Sheet1,973,False,3.367295829986474,5.291502622129181,1,13.815511557963774,28,3.367295829986474,784.0,21952.0
FS_BC_28d_073,EXP_FS_BC_28d,73,Bacterial Concrete,Inoculated,Bacillus subtilis,1000000,OPC 53 (UltraTech),28,Flexural Strength,4.644,100x100x500mm Prism,F Strength Reading 1000000.xlsx,Sheet1,974,False,3.367295829986474,5.291502622129181,1,13.815511557963774,28,3.367295829986474,784.0,21952.0
FS_BC_28d_074,EXP_FS_BC_28d,74,Bacterial Concrete,Inoculated,Bacillus subtilis,1000000,OPC 53 (UltraTech),28,Flexural Strength,5.055,100x100x500mm Prism,F Strength Reading 1000000.xlsx,Sheet1,975,False,3.367295829986474,5.291502622129181,1,13.815511557963774,28,3.367295829986474,784.0,21952.0
FS_BC_28d_075,EXP_FS_BC_28d,75,Bacterial Concrete,Inoculated,Bacillus subtilis,1000000,OPC 53 (UltraTech),28,Flexural Strength,4.949,100x100x500mm Prism,F Strength Reading 1000000.xlsx,Sheet1,976,False,3.367295829986474,5.291502622129181,1,13.815511557963774,28,3.367295829986474,784.0,21952.0
FS_BC_28d_076,EXP_FS_BC_28d,76,Bacterial Concrete,Inoculated,Bacillus subtilis,1000000,OPC 53 (UltraTech),28,Flexural Strength,4.984,100x100x500mm Prism,F Strength Reading 1000000.xlsx,Sheet1,977,False,3.367295829986474,5.291502622129181,1,13.815511557963774,28,3.367295829986474,784.0,21952.0
FS_BC_28d_077,EXP_FS_BC_28d,77,Bacterial Concrete,Inoculated,Bacillus subtilis,1000000,OPC 53 (UltraTech),28,Flexural Strength,5.195,100x100x500mm Prism,F Strength Reading 1000000.xlsx,Sheet1,978,False,3.367295829986474,5.291502622129181,1,13.815511557963774,28,3.367295829986474,784.0,21952.0
FS_BC_28d_078,EXP_FS_BC_28d,78,Bacterial Concrete,Inoculated,Bacillus subtilis,1000000,OPC 53 (UltraTech),28,Flexural Strength,5.368,100x100x500mm Prism,F Strength Reading 1000000.xlsx,Sheet1,979,False,3.367295829986474,5.291502622129181,1,13.815511557963774,28,3.367295829986474,784.0,21952.0
FS_BC_28d_079,EXP_FS_BC_28d,79,Bacterial Concrete,Inoculated,Bacillus subtilis,1000000,OPC 53 (UltraTech),28,Flexural Strength,4.948,100x100x500mm Prism,F Strength Reading 1000000.xlsx,Sheet1,980,False,3.367295829986474,5.291502622129181,1,13.815511557963774,28,3.367295829986474,784.0,21952.0
FS_BC_28d_080,EXP_FS_BC_28d,80,Bacterial Concrete,Inoculated,Bacillus subtilis,1000000,OPC 53 (UltraTech),28,Flexural Strength,4.99,100x100x500mm Prism,F Strength Reading 1000000.xlsx,Sheet1,981,False,3.367295829986474,5.291502622129181,1,13.815511557963774,28,3.367295829986474,784.0,21952.0
FS_BC_28d_081,EXP_FS_BC_28d,81,Bacterial Concrete,Inoculated,Bacillus subtilis,1000000,OPC 53 (UltraTech),28,Flexural Strength,4.933,100x100x500mm Prism,F Strength Reading 1000000.xlsx,Sheet1,982,False,3.367295829986474,5.291502622129181,1,13.815511557963774,28,3.367295829986474,784.0,21952.0
FS_BC_28d_082,EXP_FS_BC_28d,82,Bacterial Concrete,Inoculated,Bacillus subtilis,1000000,OPC 53 (UltraTech),28,Flexural Strength,4.435,100x100x500mm Prism,F Strength Reading 1000000.xlsx,Sheet1,983,False,3.367295829986474,5.291502622129181,1,13.815511557963774,28,3.367295829986474,784.0,21952.0
FS_BC_28d_083,EXP_FS_BC_28d,83,Bacterial Concrete,Inoculated,Bacillus subtilis,1000000,OPC 53 (UltraTech),28,Flexural Strength,5.133,100x100x500mm Prism,F Strength Reading 1000000.xlsx,Sheet1,984,False,3.367295829986474,5.291502622129181,1,13.815511557963774,28,3.367295829986474,784.0,21952.0
FS_BC_28d_084,EXP_FS_BC_28d,84,Bacterial Concrete,Inoculated,Bacillus subtilis,1000000,OPC 53 (UltraTech),28,Flexural Strength,4.376,100x100x500mm Prism,F Strength Reading 1000000.xlsx,Sheet1,985,False,3.367295829986474,5.291502622129181,1,13.815511557963774,28,3.367295829986474,784.0,21952.0
FS_BC_28d_085,EXP_FS_BC_28d,85,Bacterial Concrete,Inoculated,Bacillus subtilis,1000000,OPC 53 (UltraTech),28,Flexural Strength,5.138,100x100x500mm Prism,F Strength Reading 1000000.xlsx,Sheet1,986,False,3.367295829986474,5.291502622129181,1,13.815511557963774,28,3.367295829986474,784.0,21952.0
FS_BC_28d_086,EXP_FS_BC_28d,86,Bacterial Concrete,Inoculated,Bacillus subtilis,1000000,OPC 53 (UltraTech),28,Flexural Strength,5.039,100x100x500mm Prism,F Strength Reading 1000000.xlsx,Sheet1,987,False,3.367295829986474,5.291502622129181,1,13.815511557963774,28,3.367295829986474,784.0,21952.0
FS_BC_28d_087,EXP_FS_BC_28d,87,Bacterial Concrete,Inoculated,Bacillus subtilis,1000000,OPC 53 (UltraTech),28,Flexural Strength,4.857,100x100x500mm Prism,F Strength Reading 1000000.xlsx,Sheet1,988,False,3.367295829986474,5.291502622129181,1,13.815511557963774,28,3.367295829986474,784.0,21952.0
FS_BC_28d_088,EXP_FS_BC_28d,88,Bacterial Concrete,Inoculated,Bacillus subtilis,1000000,OPC 53 (UltraTech),28,Flexural Strength,5.319,100x100x500mm Prism,F Strength Reading 1000000.xlsx,Sheet1,989,False,3.367295829986474,5.291502622129181,1,13.815511557963774,28,3.367295829986474,784.0,21952.0
FS_BC_28d_089,EXP_FS_BC_28d,89,Bacterial Concrete,Inoculated,Bacillus subtilis,1000000,OPC 53 (UltraTech),28,Flexural Strength,4.735,100x100x500mm Prism,F Strength Reading 1000000.xlsx,Sheet1,990,False,3.367295829986474,5.291502622129181,1,13.815511557963774,28,3.367295829986474,784.0,21952.0
FS_BC_28d_090,EXP_FS_BC_28d,90,Bacterial Concrete,Inoculated,Bacillus subtilis,1000000,OPC 53 (UltraTech),28,Flexural Strength,5.549,100x100x500mm Prism,F Strength Reading 1000000.xlsx,Sheet1,991,False,3.367295829986474,5.291502622129181,1,13.815511557963774,28,3.367295829986474,784.0,21952.0
FS_BC_28d_091,EXP_FS_BC_28d,91,Bacterial Concrete,Inoculated,Bacillus subtilis,1000000,OPC 53 (UltraTech),28,Flexural Strength,5.032,100x100x500mm Prism,F Strength Reading 1000000.xlsx,Sheet1,992,False,3.367295829986474,5.291502622129181,1,13.815511557963774,28,3.367295829986474,784.0,21952.0
FS_BC_28d_092,EXP_FS_BC_28d,92,Bacterial Concrete,Inoculated,Bacillus subtilis,1000000,OPC 53 (UltraTech),28,Flexural Strength,4.81,100x100x500mm Prism,F Strength Reading 1000000.xlsx,Sheet1,993,False,3.367295829986474,5.291502622129181,1,13.815511557963774,28,3.367295829986474,784.0,21952.0
FS_BC_28d_093,EXP_FS_BC_28d,93,Bacterial Concrete,Inoculated,Bacillus subtilis,1000000,OPC 53 (UltraTech),28,Flexural Strength,5.007,100x100x500mm Prism,F Strength Reading 1000000.xlsx,Sheet1,994,False,3.367295829986474,5.291502622129181,1,13.815511557963774,28,3.367295829986474,784.0,21952.0
FS_BC_28d_094,EXP_FS_BC_28d,94,Bacterial Concrete,Inoculated,Bacillus subtilis,1000000,OPC 53 (UltraTech),28,Flexural Strength,5.543,100x100x500mm Prism,F Strength Reading 1000000.xlsx,Sheet1,995,False,3.367295829986474,5.291502622129181,1,13.815511557963774,28,3.367295829986474,784.0,21952.0
FS_BC_28d_095,EXP_FS_BC_28d,95,Bacterial Concrete,Inoculated,Bacillus subtilis,1000000,OPC 53 (UltraTech),28,Flexural Strength,4.742,100x100x500mm Prism,F Strength Reading 1000000.xlsx,Sheet1,996,False,3.367295829986474,5.291502622129181,1,13.815511557963774,28,3.367295829986474,784.0,21952.0
FS_BC_28d_096,EXP_FS_BC_28d,96,Bacterial Concrete,Inoculated,Bacillus subtilis,1000000,OPC 53 (UltraTech),28,Flexural Strength,4.652,100x100x500mm Prism,F Strength Reading 1000000.xlsx,Sheet1,997,False,3.367295829986474,5.291502622129181,1,13.815511557963774,28,3.367295829986474,784.0,21952.0
FS_BC_28d_097,EXP_FS_BC_28d,97,Bacterial Concrete,Inoculated,Bacillus subtilis,1000000,OPC 53 (UltraTech),28,Flexural Strength,5.312,100x100x500mm Prism,F Strength Reading 1000000.xlsx,Sheet1,998,False,3.367295829986474,5.291502622129181,1,13.815511557963774,28,3.367295829986474,784.0,21952.0
FS_BC_28d_098,EXP_FS_BC_28d,98,Bacterial Concrete,Inoculated,Bacillus subtilis,1000000,OPC 53 (UltraTech),28,Flexural Strength,5.143,100x100x500mm Prism,F Strength Reading 1000000.xlsx,Sheet1,999,False,3.367295829986474,5.291502622129181,1,13.815511557963774,28,3.367295829986474,784.0,21952.0
FS_BC_28d_099,EXP_FS_BC_28d,99,Bacterial Concrete,Inoculated,Bacillus subtilis,1000000,OPC 53 (UltraTech),28,Flexural Strength,4.827,100x100x500mm Prism,F Strength Reading 1000000.xlsx,Sheet1,1000,False,3.367295829986474,5.291502622129181,1,13.815511557963774,28,3.367295829986474,784.0,21952.0
FS_BC_28d_100,EXP_FS_BC_28d,100,Bacterial Concrete,Inoculated,Bacillus subtilis,1000000,OPC 53 (UltraTech),28,Flexural Strength,4.444,100x100x500mm Prism,F Strength Reading 1000000.xlsx,Sheet1,1001,False,3.367295829986474,5.291502622129181,1,13.815511557963774,28,3.367295829986474,784.0,21952.0
FS_BC_56d_001,EXP_FS_BC_56d,1,Bacterial Concrete,Inoculated,Bacillus subtilis,1000000,OPC 53 (UltraTech),56,Flexural Strength,5.263,100x100x500mm Prism,F Strength Reading 1000000.xlsx,Sheet2,5,True,4.04305126783455,7.483314773547883,1,13.815511557963774,56,4.04305126783455,3136.0,175616.0
FS_BC_56d_002,EXP_FS_BC_56d,2,Bacterial Concrete,Inoculated,Bacillus subtilis,1000000,OPC 53 (UltraTech),56,Flexural Strength,5.395,100x100x500mm Prism,F Strength Reading 1000000.xlsx,Sheet2,6,True,4.04305126783455,7.483314773547883,1,13.815511557963774,56,4.04305126783455,3136.0,175616.0
FS_BC_56d_003,EXP_FS_BC_56d,3,Bacterial Concrete,Inoculated,Bacillus subtilis,1000000,OPC 53 (UltraTech),56,Flexural Strength,5.752,100x100x500mm Prism,F Strength Reading 1000000.xlsx,Sheet2,7,True,4.04305126783455,7.483314773547883,1,13.815511557963774,56,4.04305126783455,3136.0,175616.0
FS_BC_56d_004,EXP_FS_BC_56d,4,Bacterial Concrete,Inoculated,Bacillus subtilis,1000000,OPC 53 (UltraTech),56,Flexural Strength,5.725,100x100x500mm Prism,F Strength Reading 1000000.xlsx,Sheet2,8,True,4.04305126783455,7.483314773547883,1,13.815511557963774,56,4.04305126783455,3136.0,175616.0
FS_BC_56d_005,EXP_FS_BC_56d,5,Bacterial Concrete,Inoculated,Bacillus subtilis,1000000,OPC 53 (UltraTech),56,Flexural Strength,5.966,100x100x500mm Prism,F Strength Reading 1000000.xlsx,Sheet2,9,True,4.04305126783455,7.483314773547883,1,13.815511557963774,56,4.04305126783455,3136.0,175616.0
FS_BC_56d_006,EXP_FS_BC_56d,6,Bacterial Concrete,Inoculated,Bacillus subtilis,1000000,OPC 53 (UltraTech),56,Flexural Strength,5.526,100x100x500mm Prism,F Strength Reading 1000000.xlsx,Sheet2,10,True,4.04305126783455,7.483314773547883,1,13.815511557963774,56,4.04305126783455,3136.0,175616.0
FS_BC_56d_007,EXP_FS_BC_56d,7,Bacterial Concrete,Inoculated,Bacillus subtilis,1000000,OPC 53 (UltraTech),56,Flexural Strength,5.399,100x100x500mm Prism,F Strength Reading 1000000.xlsx,Sheet2,11,True,4.04305126783455,7.483314773547883,1,13.815511557963774,56,4.04305126783455,3136.0,175616.0
FS_BC_56d_008,EXP_FS_BC_56d,8,Bacterial Concrete,Inoculated,Bacillus subtilis,1000000,OPC 53 (UltraTech),56,Flexural Strength,5.401,100x100x500mm Prism,F Strength Reading 1000000.xlsx,Sheet2,12,True,4.04305126783455,7.483314773547883,1,13.815511557963774,56,4.04305126783455,3136.0,175616.0
FS_BC_56d_009,EXP_FS_BC_56d,9,Bacterial Concrete,Inoculated,Bacillus subtilis,1000000,OPC 53 (UltraTech),56,Flexural Strength,5.788,100x100x500mm Prism,F Strength Reading 1000000.xlsx,Sheet2,13,True,4.04305126783455,7.483314773547883,1,13.815511557963774,56,4.04305126783455,3136.0,175616.0
FS_BC_56d_010,EXP_FS_BC_56d,10,Bacterial Concrete,Inoculated,Bacillus subtilis,1000000,OPC 53 (UltraTech),56,Flexural Strength,5.727,100x100x500mm Prism,F Strength Reading 1000000.xlsx,Sheet2,14,True,4.04305126783455,7.483314773547883,1,13.815511557963774,56,4.04305126783455,3136.0,175616.0
FS_BC_56d_011,EXP_FS_BC_56d,11,Bacterial Concrete,Inoculated,Bacillus subtilis,1000000,OPC 53 (UltraTech),56,Flexural Strength,5.543,100x100x500mm Prism,F Strength Reading 1000000.xlsx,Sheet2,15,True,4.04305126783455,7.483314773547883,1,13.815511557963774,56,4.04305126783455,3136.0,175616.0
FS_BC_56d_012,EXP_FS_BC_56d,12,Bacterial Concrete,Inoculated,Bacillus subtilis,1000000,OPC 53 (UltraTech),56,Flexural Strength,5.484,100x100x500mm Prism,F Strength Reading 1000000.xlsx,Sheet2,16,True,4.04305126783455,7.483314773547883,1,13.815511557963774,56,4.04305126783455,3136.0,175616.0
FS_BC_56d_013,EXP_FS_BC_56d,13,Bacterial Concrete,Inoculated,Bacillus subtilis,1000000,OPC 53 (UltraTech),56,Flexural Strength,5.61,100x100x500mm Prism,F Strength Reading 1000000.xlsx,Sheet2,17,True,4.04305126783455,7.483314773547883,1,13.815511557963774,56,4.04305126783455,3136.0,175616.0
FS_BC_56d_014,EXP_FS_BC_56d,14,Bacterial Concrete,Inoculated,Bacillus subtilis,1000000,OPC 53 (UltraTech),56,Flexural Strength,5.308,100x100x500mm Prism,F Strength Reading 1000000.xlsx,Sheet2,18,True,4.04305126783455,7.483314773547883,1,13.815511557963774,56,4.04305126783455,3136.0,175616.0
FS_BC_56d_015,EXP_FS_BC_56d,15,Bacterial Concrete,Inoculated,Bacillus subtilis,1000000,OPC 53 (UltraTech),56,Flexural Strength,5.453,100x100x500mm Prism,F Strength Reading 1000000.xlsx,Sheet2,19,True,4.04305126783455,7.483314773547883,1,13.815511557963774,56,4.04305126783455,3136.0,175616.0
FS_BC_56d_016,EXP_FS_BC_56d,16,Bacterial Concrete,Inoculated,Bacillus subtilis,1000000,OPC 53 (UltraTech),56,Flexural Strength,5.64,100x100x500mm Prism,F Strength Reading 1000000.xlsx,Sheet2,20,True,4.04305126783455,7.483314773547883,1,13.815511557963774,56,4.04305126783455,3136.0,175616.0
FS_BC_56d_017,EXP_FS_BC_56d,17,Bacterial Concrete,Inoculated,Bacillus subtilis,1000000,OPC 53 (UltraTech),56,Flexural Strength,5.432,100x100x500mm Prism,F Strength Reading 1000000.xlsx,Sheet2,21,True,4.04305126783455,7.483314773547883,1,13.815511557963774,56,4.04305126783455,3136.0,175616.0
FS_BC_56d_018,EXP_FS_BC_56d,18,Bacterial Concrete,Inoculated,Bacillus subtilis,1000000,OPC 53 (UltraTech),56,Flexural Strength,5.719,100x100x500mm Prism,F Strength Reading 1000000.xlsx,Sheet2,22,True,4.04305126783455,7.483314773547883,1,13.815511557963774,56,4.04305126783455,3136.0,175616.0
FS_BC_56d_019,EXP_FS_BC_56d,19,Bacterial Concrete,Inoculated,Bacillus subtilis,1000000,OPC 53 (UltraTech),56,Flexural Strength,6.058,100x100x500mm Prism,F Strength Reading 1000000.xlsx,Sheet2,23,True,4.04305126783455,7.483314773547883,1,13.815511557963774,56,4.04305126783455,3136.0,175616.0
FS_BC_56d_020,EXP_FS_BC_56d,20,Bacterial Concrete,Inoculated,Bacillus subtilis,1000000,OPC 53 (UltraTech),56,Flexural Strength,5.47,100x100x500mm Prism,F Strength Reading 1000000.xlsx,Sheet2,24,True,4.04305126783455,7.483314773547883,1,13.815511557963774,56,4.04305126783455,3136.0,175616.0
FS_BC_56d_021,EXP_FS_BC_56d,21,Bacterial Concrete,Inoculated,Bacillus subtilis,1000000,OPC 53 (UltraTech),56,Flexural Strength,5.695,100x100x500mm Prism,F Strength Reading 1000000.xlsx,Sheet2,25,True,4.04305126783455,7.483314773547883,1,13.815511557963774,56,4.04305126783455,3136.0,175616.0
FS_BC_56d_022,EXP_FS_BC_56d,22,Bacterial Concrete,Inoculated,Bacillus subtilis,1000000,OPC 53 (UltraTech),56,Flexural Strength,5.202,100x100x500mm Prism,F Strength Reading 1000000.xlsx,Sheet2,26,True,4.04305126783455,7.483314773547883,1,13.815511557963774,56,4.04305126783455,3136.0,175616.0
FS_BC_56d_023,EXP_FS_BC_56d,23,Bacterial Concrete,Inoculated,Bacillus subtilis,1000000,OPC 53 (UltraTech),56,Flexural Strength,5.131,100x100x500mm Prism,F Strength Reading 1000000.xlsx,Sheet2,27,True,4.04305126783455,7.483314773547883,1,13.815511557963774,56,4.04305126783455,3136.0,175616.0
FS_BC_56d_024,EXP_FS_BC_56d,24,Bacterial Concrete,Inoculated,Bacillus subtilis,1000000,OPC 53 (UltraTech),56,Flexural Strength,5.479,100x100x500mm Prism,F Strength Reading 1000000.xlsx,Sheet2,28,True,4.04305126783455,7.483314773547883,1,13.815511557963774,56,4.04305126783455,3136.0,175616.0
FS_BC_56d_025,EXP_FS_BC_56d,25,Bacterial Concrete,Inoculated,Bacillus subtilis,1000000,OPC 53 (UltraTech),56,Flexural Strength,5.74,100x100x500mm Prism,F Strength Reading 1000000.xlsx,Sheet2,29,True,4.04305126783455,7.483314773547883,1,13.815511557963774,56,4.04305126783455,3136.0,175616.0
FS_BC_56d_026,EXP_FS_BC_56d,26,Bacterial Concrete,Inoculated,Bacillus subtilis,1000000,OPC 53 (UltraTech),56,Flexural Strength,5.343,100x100x500mm Prism,F Strength Reading 1000000.xlsx,Sheet2,30,True,4.04305126783455,7.483314773547883,1,13.815511557963774,56,4.04305126783455,3136.0,175616.0
FS_BC_56d_027,EXP_FS_BC_56d,27,Bacterial Concrete,Inoculated,Bacillus subtilis,1000000,OPC 53 (UltraTech),56,Flexural Strength,5.248,100x100x500mm Prism,F Strength Reading 1000000.xlsx,Sheet2,31,True,4.04305126783455,7.483314773547883,1,13.815511557963774,56,4.04305126783455,3136.0,175616.0
FS_BC_56d_028,EXP_FS_BC_56d,28,Bacterial Concrete,Inoculated,Bacillus subtilis,1000000,OPC 53 (UltraTech),56,Flexural Strength,5.318,100x100x500mm Prism,F Strength Reading 1000000.xlsx,Sheet2,32,True,4.04305126783455,7.483314773547883,1,13.815511557963774,56,4.04305126783455,3136.0,175616.0
FS_BC_56d_029,EXP_FS_BC_56d,29,Bacterial Concrete,Inoculated,Bacillus subtilis,1000000,OPC 53 (UltraTech),56,Flexural Strength,5.701,100x100x500mm Prism,F Strength Reading 1000000.xlsx,Sheet2,33,True,4.04305126783455,7.483314773547883,1,13.815511557963774,56,4.04305126783455,3136.0,175616.0
FS_BC_56d_030,EXP_FS_BC_56d,30,Bacterial Concrete,Inoculated,Bacillus subtilis,1000000,OPC 53 (UltraTech),56,Flexural Strength,5.609,100x100x500mm Prism,F Strength Reading 1000000.xlsx,Sheet2,34,True,4.04305126783455,7.483314773547883,1,13.815511557963774,56,4.04305126783455,3136.0,175616.0
FS_BC_56d_031,EXP_FS_BC_56d,31,Bacterial Concrete,Inoculated,Bacillus subtilis,1000000,OPC 53 (UltraTech),56,Flexural Strength,5.879,100x100x500mm Prism,F Strength Reading 1000000.xlsx,Sheet2,35,True,4.04305126783455,7.483314773547883,1,13.815511557963774,56,4.04305126783455,3136.0,175616.0
FS_BC_56d_032,EXP_FS_BC_56d,32,Bacterial Concrete,Inoculated,Bacillus subtilis,1000000,OPC 53 (UltraTech),56,Flexural Strength,5.633,100x100x500mm Prism,F Strength Reading 1000000.xlsx,Sheet2,36,True,4.04305126783455,7.483314773547883,1,13.815511557963774,56,4.04305126783455,3136.0,175616.0
FS_BC_56d_033,EXP_FS_BC_56d,33,Bacterial Concrete,Inoculated,Bacillus subtilis,1000000,OPC 53 (UltraTech),56,Flexural Strength,5.12,100x100x500mm Prism,F Strength Reading 1000000.xlsx,Sheet2,37,True,4.04305126783455,7.483314773547883,1,13.815511557963774,56,4.04305126783455,3136.0,175616.0
FS_BC_56d_034,EXP_FS_BC_56d,34,Bacterial Concrete,Inoculated,Bacillus subtilis,1000000,OPC 53 (UltraTech),56,Flexural Strength,5.09,100x100x500mm Prism,F Strength Reading 1000000.xlsx,Sheet2,38,True,4.04305126783455,7.483314773547883,1,13.815511557963774,56,4.04305126783455,3136.0,175616.0
FS_BC_56d_035,EXP_FS_BC_56d,35,Bacterial Concrete,Inoculated,Bacillus subtilis,1000000,OPC 53 (UltraTech),56,Flexural Strength,5.504,100x100x500mm Prism,F Strength Reading 1000000.xlsx,Sheet2,39,True,4.04305126783455,7.483314773547883,1,13.815511557963774,56,4.04305126783455,3136.0,175616.0
FS_BC_56d_036,EXP_FS_BC_56d,36,Bacterial Concrete,Inoculated,Bacillus subtilis,1000000,OPC 53 (UltraTech),56,Flexural Strength,5.709,100x100x500mm Prism,F Strength Reading 1000000.xlsx,Sheet2,40,True,4.04305126783455,7.483314773547883,1,13.815511557963774,56,4.04305126783455,3136.0,175616.0
FS_BC_56d_037,EXP_FS_BC_56d,37,Bacterial Concrete,Inoculated,Bacillus subtilis,1000000,OPC 53 (UltraTech),56,Flexural Strength,5.659,100x100x500mm Prism,F Strength Reading 1000000.xlsx,Sheet2,41,True,4.04305126783455,7.483314773547883,1,13.815511557963774,56,4.04305126783455,3136.0,175616.0
FS_BC_56d_038,EXP_FS_BC_56d,38,Bacterial Concrete,Inoculated,Bacillus subtilis,1000000,OPC 53 (UltraTech),56,Flexural Strength,5.577,100x100x500mm Prism,F Strength Reading 1000000.xlsx,Sheet2,42,True,4.04305126783455,7.483314773547883,1,13.815511557963774,56,4.04305126783455,3136.0,175616.0
FS_BC_56d_039,EXP_FS_BC_56d,39,Bacterial Concrete,Inoculated,Bacillus subtilis,1000000,OPC 53 (UltraTech),56,Flexural Strength,5.93,100x100x500mm Prism,F Strength Reading 1000000.xlsx,Sheet2,43,True,4.04305126783455,7.483314773547883,1,13.815511557963774,56,4.04305126783455,3136.0,175616.0
FS_BC_56d_040,EXP_FS_BC_56d,40,Bacterial Concrete,Inoculated,Bacillus subtilis,1000000,OPC 53 (UltraTech),56,Flexural Strength,5.727,100x100x500mm Prism,F Strength Reading 1000000.xlsx,Sheet2,44,True,4.04305126783455,7.483314773547883,1,13.815511557963774,56,4.04305126783455,3136.0,175616.0
FS_BC_56d_041,EXP_FS_BC_56d,41,Bacterial Concrete,Inoculated,Bacillus subtilis,1000000,OPC 53 (UltraTech),56,Flexural Strength,5.554,100x100x500mm Prism,F Strength Reading 1000000.xlsx,Sheet2,45,True,4.04305126783455,7.483314773547883,1,13.815511557963774,56,4.04305126783455,3136.0,175616.0
FS_BC_56d_042,EXP_FS_BC_56d,42,Bacterial Concrete,Inoculated,Bacillus subtilis,1000000,OPC 53 (UltraTech),56,Flexural Strength,5.647,100x100x500mm Prism,F Strength Reading 1000000.xlsx,Sheet2,46,True,4.04305126783455,7.483314773547883,1,13.815511557963774,56,4.04305126783455,3136.0,175616.0
FS_BC_56d_043,EXP_FS_BC_56d,43,Bacterial Concrete,Inoculated,Bacillus subtilis,1000000,OPC 53 (UltraTech),56,Flexural Strength,5.685,100x100x500mm Prism,F Strength Reading 1000000.xlsx,Sheet2,47,True,4.04305126783455,7.483314773547883,1,13.815511557963774,56,4.04305126783455,3136.0,175616.0
FS_BC_56d_044,EXP_FS_BC_56d,44,Bacterial Concrete,Inoculated,Bacillus subtilis,1000000,OPC 53 (UltraTech),56,Flexural Strength,5.421,100x100x500mm Prism,F Strength Reading 1000000.xlsx,Sheet2,48,True,4.04305126783455,7.483314773547883,1,13.815511557963774,56,4.04305126783455,3136.0,175616.0
FS_BC_56d_045,EXP_FS_BC_56d,45,Bacterial Concrete,Inoculated,Bacillus subtilis,1000000,OPC 53 (UltraTech),56,Flexural Strength,5.379,100x100x500mm Prism,F Strength Reading 1000000.xlsx,Sheet2,49,True,4.04305126783455,7.483314773547883,1,13.815511557963774,56,4.04305126783455,3136.0,175616.0
FS_BC_56d_046,EXP_FS_BC_56d,46,Bacterial Concrete,Inoculated,Bacillus subtilis,1000000,OPC 53 (UltraTech),56,Flexural Strength,5.163,100x100x500mm Prism,F Strength Reading 1000000.xlsx,Sheet2,50,True,4.04305126783455,7.483314773547883,1,13.815511557963774,56,4.04305126783455,3136.0,175616.0
FS_BC_56d_047,EXP_FS_BC_56d,47,Bacterial Concrete,Inoculated,Bacillus subtilis,1000000,OPC 53 (UltraTech),56,Flexural Strength,5.645,100x100x500mm Prism,F Strength Reading 1000000.xlsx,Sheet2,51,True,4.04305126783455,7.483314773547883,1,13.815511557963774,56,4.04305126783455,3136.0,175616.0
FS_BC_56d_048,EXP_FS_BC_56d,48,Bacterial Concrete,Inoculated,Bacillus subtilis,1000000,OPC 53 (UltraTech),56,Flexural Strength,5.448,100x100x500mm Prism,F Strength Reading 1000000.xlsx,Sheet2,52,True,4.04305126783455,7.483314773547883,1,13.815511557963774,56,4.04305126783455,3136.0,175616.0
FS_BC_56d_049,EXP_FS_BC_56d,49,Bacterial Concrete,Inoculated,Bacillus subtilis,1000000,OPC 53 (UltraTech),56,Flexural Strength,5.191,100x100x500mm Prism,F Strength Reading 1000000.xlsx,Sheet2,53,True,4.04305126783455,7.483314773547883,1,13.815511557963774,56,4.04305126783455,3136.0,175616.0
FS_BC_56d_050,EXP_FS_BC_56d,50,Bacterial Concrete,Inoculated,Bacillus subtilis,1000000,OPC 53 (UltraTech),56,Flexural Strength,5.816,100x100x500mm Prism,F Strength Reading 1000000.xlsx,Sheet2,54,True,4.04305126783455,7.483314773547883,1,13.815511557963774,56,4.04305126783455,3136.0,175616.0
FS_BC_56d_051,EXP_FS_BC_56d,51,Bacterial Concrete,Inoculated,Bacillus subtilis,1000000,OPC 53 (UltraTech),56,Flexural Strength,5.222,100x100x500mm Prism,F Strength Reading 1000000.xlsx,Sheet2,55,True,4.04305126783455,7.483314773547883,1,13.815511557963774,56,4.04305126783455,3136.0,175616.0
FS_BC_56d_052,EXP_FS_BC_56d,52,Bacterial Concrete,Inoculated,Bacillus subtilis,1000000,OPC 53 (UltraTech),56,Flexural Strength,5.407,100x100x500mm Prism,F Strength Reading 1000000.xlsx,Sheet2,56,True,4.04305126783455,7.483314773547883,1,13.815511557963774,56,4.04305126783455,3136.0,175616.0
FS_BC_56d_053,EXP_FS_BC_56d,53,Bacterial Concrete,Inoculated,Bacillus subtilis,1000000,OPC 53 (UltraTech),56,Flexural Strength,5.241,100x100x500mm Prism,F Strength Reading 1000000.xlsx,Sheet2,57,True,4.04305126783455,7.483314773547883,1,13.815511557963774,56,4.04305126783455,3136.0,175616.0
FS_BC_56d_054,EXP_FS_BC_56d,54,Bacterial Concrete,Inoculated,Bacillus subtilis,1000000,OPC 53 (UltraTech),56,Flexural Strength,5.835,100x100x500mm Prism,F Strength Reading 1000000.xlsx,Sheet2,58,True,4.04305126783455,7.483314773547883,1,13.815511557963774,56,4.04305126783455,3136.0,175616.0
FS_BC_56d_055,EXP_FS_BC_56d,55,Bacterial Concrete,Inoculated,Bacillus subtilis,1000000,OPC 53 (UltraTech),56,Flexural Strength,5.547,100x100x500mm Prism,F Strength Reading 1000000.xlsx,Sheet2,59,True,4.04305126783455,7.483314773547883,1,13.815511557963774,56,4.04305126783455,3136.0,175616.0
FS_BC_56d_056,EXP_FS_BC_56d,56,Bacterial Concrete,Inoculated,Bacillus subtilis,1000000,OPC 53 (UltraTech),56,Flexural Strength,5.973,100x100x500mm Prism,F Strength Reading 1000000.xlsx,Sheet2,60,True,4.04305126783455,7.483314773547883,1,13.815511557963774,56,4.04305126783455,3136.0,175616.0
FS_BC_56d_057,EXP_FS_BC_56d,57,Bacterial Concrete,Inoculated,Bacillus subtilis,1000000,OPC 53 (UltraTech),56,Flexural Strength,5.593,100x100x500mm Prism,F Strength Reading 1000000.xlsx,Sheet2,61,True,4.04305126783455,7.483314773547883,1,13.815511557963774,56,4.04305126783455,3136.0,175616.0
FS_BC_56d_058,EXP_FS_BC_56d,58,Bacterial Concrete,Inoculated,Bacillus subtilis,1000000,OPC 53 (UltraTech),56,Flexural Strength,5.354,100x100x500mm Prism,F Strength Reading 1000000.xlsx,Sheet2,62,True,4.04305126783455,7.483314773547883,1,13.815511557963774,56,4.04305126783455,3136.0,175616.0
FS_BC_56d_059,EXP_FS_BC_56d,59,Bacterial Concrete,Inoculated,Bacillus subtilis,1000000,OPC 53 (UltraTech),56,Flexural Strength,5.405,100x100x500mm Prism,F Strength Reading 1000000.xlsx,Sheet2,63,True,4.04305126783455,7.483314773547883,1,13.815511557963774,56,4.04305126783455,3136.0,175616.0
FS_BC_56d_060,EXP_FS_BC_56d,60,Bacterial Concrete,Inoculated,Bacillus subtilis,1000000,OPC 53 (UltraTech),56,Flexural Strength,5.593,100x100x500mm Prism,F Strength Reading 1000000.xlsx,Sheet2,64,True,4.04305126783455,7.483314773547883,1,13.815511557963774,56,4.04305126783455,3136.0,175616.0
FS_BC_56d_061,EXP_FS_BC_56d,61,Bacterial Concrete,Inoculated,Bacillus subtilis,1000000,OPC 53 (UltraTech),56,Flexural Strength,5.524,100x100x500mm Prism,F Strength Reading 1000000.xlsx,Sheet2,65,True,4.04305126783455,7.483314773547883,1,13.815511557963774,56,4.04305126783455,3136.0,175616.0
FS_BC_56d_062,EXP_FS_BC_56d,62,Bacterial Concrete,Inoculated,Bacillus subtilis,1000000,OPC 53 (UltraTech),56,Flexural Strength,5.812,100x100x500mm Prism,F Strength Reading 1000000.xlsx,Sheet2,66,True,4.04305126783455,7.483314773547883,1,13.815511557963774,56,4.04305126783455,3136.0,175616.0
FS_BC_56d_063,EXP_FS_BC_56d,63,Bacterial Concrete,Inoculated,Bacillus subtilis,1000000,OPC 53 (UltraTech),56,Flexural Strength,5.364,100x100x500mm Prism,F Strength Reading 1000000.xlsx,Sheet2,67,True,4.04305126783455,7.483314773547883,1,13.815511557963774,56,4.04305126783455,3136.0,175616.0
FS_BC_56d_064,EXP_FS_BC_56d,64,Bacterial Concrete,Inoculated,Bacillus subtilis,1000000,OPC 53 (UltraTech),56,Flexural Strength,5.224,100x100x500mm Prism,F Strength Reading 1000000.xlsx,Sheet2,68,True,4.04305126783455,7.483314773547883,1,13.815511557963774,56,4.04305126783455,3136.0,175616.0
FS_BC_56d_065,EXP_FS_BC_56d,65,Bacterial Concrete,Inoculated,Bacillus subtilis,1000000,OPC 53 (UltraTech),56,Flexural Strength,6.172,100x100x500mm Prism,F Strength Reading 1000000.xlsx,Sheet2,69,True,4.04305126783455,7.483314773547883,1,13.815511557963774,56,4.04305126783455,3136.0,175616.0
FS_BC_56d_066,EXP_FS_BC_56d,66,Bacterial Concrete,Inoculated,Bacillus subtilis,1000000,OPC 53 (UltraTech),56,Flexural Strength,5.242,100x100x500mm Prism,F Strength Reading 1000000.xlsx,Sheet2,70,True,4.04305126783455,7.483314773547883,1,13.815511557963774,56,4.04305126783455,3136.0,175616.0
FS_BC_56d_067,EXP_FS_BC_56d,67,Bacterial Concrete,Inoculated,Bacillus subtilis,1000000,OPC 53 (UltraTech),56,Flexural Strength,5.392,100x100x500mm Prism,F Strength Reading 1000000.xlsx,Sheet2,71,True,4.04305126783455,7.483314773547883,1,13.815511557963774,56,4.04305126783455,3136.0,175616.0
FS_BC_56d_068,EXP_FS_BC_56d,68,Bacterial Concrete,Inoculated,Bacillus subtilis,1000000,OPC 53 (UltraTech),56,Flexural Strength,5.709,100x100x500mm Prism,F Strength Reading 1000000.xlsx,Sheet2,72,True,4.04305126783455,7.483314773547883,1,13.815511557963774,56,4.04305126783455,3136.0,175616.0
FS_BC_56d_069,EXP_FS_BC_56d,69,Bacterial Concrete,Inoculated,Bacillus subtilis,1000000,OPC 53 (UltraTech),56,Flexural Strength,5.378,100x100x500mm Prism,F Strength Reading 1000000.xlsx,Sheet2,73,True,4.04305126783455,7.483314773547883,1,13.815511557963774,56,4.04305126783455,3136.0,175616.0
FS_BC_56d_070,EXP_FS_BC_56d,70,Bacterial Concrete,Inoculated,Bacillus subtilis,1000000,OPC 53 (UltraTech),56,Flexural Strength,5.473,100x100x500mm Prism,F Strength Reading 1000000.xlsx,Sheet2,74,True,4.04305126783455,7.483314773547883,1,13.815511557963774,56,4.04305126783455,3136.0,175616.0
FS_BC_56d_071,EXP_FS_BC_56d,71,Bacterial Concrete,Inoculated,Bacillus subtilis,1000000,OPC 53 (UltraTech),56,Flexural Strength,5.777,100x100x500mm Prism,F Strength Reading 1000000.xlsx,Sheet2,75,True,4.04305126783455,7.483314773547883,1,13.815511557963774,56,4.04305126783455,3136.0,175616.0
FS_BC_56d_072,EXP_FS_BC_56d,72,Bacterial Concrete,Inoculated,Bacillus subtilis,1000000,OPC 53 (UltraTech),56,Flexural Strength,4.918,100x100x500mm Prism,F Strength Reading 1000000.xlsx,Sheet2,76,True,4.04305126783455,7.483314773547883,1,13.815511557963774,56,4.04305126783455,3136.0,175616.0
FS_BC_56d_073,EXP_FS_BC_56d,73,Bacterial Concrete,Inoculated,Bacillus subtilis,1000000,OPC 53 (UltraTech),56,Flexural Strength,5.166,100x100x500mm Prism,F Strength Reading 1000000.xlsx,Sheet2,77,True,4.04305126783455,7.483314773547883,1,13.815511557963774,56,4.04305126783455,3136.0,175616.0
FS_BC_56d_074,EXP_FS_BC_56d,74,Bacterial Concrete,Inoculated,Bacillus subtilis,1000000,OPC 53 (UltraTech),56,Flexural Strength,5.389,100x100x500mm Prism,F Strength Reading 1000000.xlsx,Sheet2,78,True,4.04305126783455,7.483314773547883,1,13.815511557963774,56,4.04305126783455,3136.0,175616.0
FS_BC_56d_075,EXP_FS_BC_56d,75,Bacterial Concrete,Inoculated,Bacillus subtilis,1000000,OPC 53 (UltraTech),56,Flexural Strength,5.17,100x100x500mm Prism,F Strength Reading 1000000.xlsx,Sheet2,79,True,4.04305126783455,7.483314773547883,1,13.815511557963774,56,4.04305126783455,3136.0,175616.0
FS_BC_56d_076,EXP_FS_BC_56d,76,Bacterial Concrete,Inoculated,Bacillus subtilis,1000000,OPC 53 (UltraTech),56,Flexural Strength,5.503,100x100x500mm Prism,F Strength Reading 1000000.xlsx,Sheet2,80,True,4.04305126783455,7.483314773547883,1,13.815511557963774,56,4.04305126783455,3136.0,175616.0
FS_BC_56d_077,EXP_FS_BC_56d,77,Bacterial Concrete,Inoculated,Bacillus subtilis,1000000,OPC 53 (UltraTech),56,Flexural Strength,5.689,100x100x500mm Prism,F Strength Reading 1000000.xlsx,Sheet2,81,True,4.04305126783455,7.483314773547883,1,13.815511557963774,56,4.04305126783455,3136.0,175616.0
FS_BC_56d_078,EXP_FS_BC_56d,78,Bacterial Concrete,Inoculated,Bacillus subtilis,1000000,OPC 53 (UltraTech),56,Flexural Strength,5.987,100x100x500mm Prism,F Strength Reading 1000000.xlsx,Sheet2,82,True,4.04305126783455,7.483314773547883,1,13.815511557963774,56,4.04305126783455,3136.0,175616.0
FS_BC_56d_079,EXP_FS_BC_56d,79,Bacterial Concrete,Inoculated,Bacillus subtilis,1000000,OPC 53 (UltraTech),56,Flexural Strength,5.415,100x100x500mm Prism,F Strength Reading 1000000.xlsx,Sheet2,83,True,4.04305126783455,7.483314773547883,1,13.815511557963774,56,4.04305126783455,3136.0,175616.0
FS_BC_56d_080,EXP_FS_BC_56d,80,Bacterial Concrete,Inoculated,Bacillus subtilis,1000000,OPC 53 (UltraTech),56,Flexural Strength,5.855,100x100x500mm Prism,F Strength Reading 1000000.xlsx,Sheet2,84,True,4.04305126783455,7.483314773547883,1,13.815511557963774,56,4.04305126783455,3136.0,175616.0
FS_BC_56d_081,EXP_FS_BC_56d,81,Bacterial Concrete,Inoculated,Bacillus subtilis,1000000,OPC 53 (UltraTech),56,Flexural Strength,6.089,100x100x500mm Prism,F Strength Reading 1000000.xlsx,Sheet2,85,True,4.04305126783455,7.483314773547883,1,13.815511557963774,56,4.04305126783455,3136.0,175616.0
FS_BC_56d_082,EXP_FS_BC_56d,82,Bacterial Concrete,Inoculated,Bacillus subtilis,1000000,OPC 53 (UltraTech),56,Flexural Strength,5.619,100x100x500mm Prism,F Strength Reading 1000000.xlsx,Sheet2,86,True,4.04305126783455,7.483314773547883,1,13.815511557963774,56,4.04305126783455,3136.0,175616.0
FS_BC_56d_083,EXP_FS_BC_56d,83,Bacterial Concrete,Inoculated,Bacillus subtilis,1000000,OPC 53 (UltraTech),56,Flexural Strength,5.219,100x100x500mm Prism,F Strength Reading 1000000.xlsx,Sheet2,87,True,4.04305126783455,7.483314773547883,1,13.815511557963774,56,4.04305126783455,3136.0,175616.0
FS_BC_56d_084,EXP_FS_BC_56d,84,Bacterial Concrete,Inoculated,Bacillus subtilis,1000000,OPC 53 (UltraTech),56,Flexural Strength,5.129,100x100x500mm Prism,F Strength Reading 1000000.xlsx,Sheet2,88,True,4.04305126783455,7.483314773547883,1,13.815511557963774,56,4.04305126783455,3136.0,175616.0
FS_BC_56d_085,EXP_FS_BC_56d,85,Bacterial Concrete,Inoculated,Bacillus subtilis,1000000,OPC 53 (UltraTech),56,Flexural Strength,5.349,100x100x500mm Prism,F Strength Reading 1000000.xlsx,Sheet2,89,True,4.04305126783455,7.483314773547883,1,13.815511557963774,56,4.04305126783455,3136.0,175616.0
FS_BC_56d_086,EXP_FS_BC_56d,86,Bacterial Concrete,Inoculated,Bacillus subtilis,1000000,OPC 53 (UltraTech),56,Flexural Strength,5.739,100x100x500mm Prism,F Strength Reading 1000000.xlsx,Sheet2,90,True,4.04305126783455,7.483314773547883,1,13.815511557963774,56,4.04305126783455,3136.0,175616.0
FS_BC_56d_087,EXP_FS_BC_56d,87,Bacterial Concrete,Inoculated,Bacillus subtilis,1000000,OPC 53 (UltraTech),56,Flexural Strength,5.882,100x100x500mm Prism,F Strength Reading 1000000.xlsx,Sheet2,91,True,4.04305126783455,7.483314773547883,1,13.815511557963774,56,4.04305126783455,3136.0,175616.0
FS_BC_56d_088,EXP_FS_BC_56d,88,Bacterial Concrete,Inoculated,Bacillus subtilis,1000000,OPC 53 (UltraTech),56,Flexural Strength,5.548,100x100x500mm Prism,F Strength Reading 1000000.xlsx,Sheet2,92,True,4.04305126783455,7.483314773547883,1,13.815511557963774,56,4.04305126783455,3136.0,175616.0
FS_BC_56d_089,EXP_FS_BC_56d,89,Bacterial Concrete,Inoculated,Bacillus subtilis,1000000,OPC 53 (UltraTech),56,Flexural Strength,5.713,100x100x500mm Prism,F Strength Reading 1000000.xlsx,Sheet2,93,True,4.04305126783455,7.483314773547883,1,13.815511557963774,56,4.04305126783455,3136.0,175616.0
FS_BC_56d_090,EXP_FS_BC_56d,90,Bacterial Concrete,Inoculated,Bacillus subtilis,1000000,OPC 53 (UltraTech),56,Flexural Strength,5.721,100x100x500mm Prism,F Strength Reading 1000000.xlsx,Sheet2,94,True,4.04305126783455,7.483314773547883,1,13.815511557963774,56,4.04305126783455,3136.0,175616.0
FS_BC_56d_091,EXP_FS_BC_56d,91,Bacterial Concrete,Inoculated,Bacillus subtilis,1000000,OPC 53 (UltraTech),56,Flexural Strength,5.662,100x100x500mm Prism,F Strength Reading 1000000.xlsx,Sheet2,95,True,4.04305126783455,7.483314773547883,1,13.815511557963774,56,4.04305126783455,3136.0,175616.0
FS_BC_56d_092,EXP_FS_BC_56d,92,Bacterial Concrete,Inoculated,Bacillus subtilis,1000000,OPC 53 (UltraTech),56,Flexural Strength,5.434,100x100x500mm Prism,F Strength Reading 1000000.xlsx,Sheet2,96,True,4.04305126783455,7.483314773547883,1,13.815511557963774,56,4.04305126783455,3136.0,175616.0
FS_BC_56d_093,EXP_FS_BC_56d,93,Bacterial Concrete,Inoculated,Bacillus subtilis,1000000,OPC 53 (UltraTech),56,Flexural Strength,5.413,100x100x500mm Prism,F Strength Reading 1000000.xlsx,Sheet2,97,True,4.04305126783455,7.483314773547883,1,13.815511557963774,56,4.04305126783455,3136.0,175616.0
FS_BC_56d_094,EXP_FS_BC_56d,94,Bacterial Concrete,Inoculated,Bacillus subtilis,1000000,OPC 53 (UltraTech),56,Flexural Strength,5.328,100x100x500mm Prism,F Strength Reading 1000000.xlsx,Sheet2,98,True,4.04305126783455,7.483314773547883,1,13.815511557963774,56,4.04305126783455,3136.0,175616.0
FS_BC_56d_095,EXP_FS_BC_56d,95,Bacterial Concrete,Inoculated,Bacillus subtilis,1000000,OPC 53 (UltraTech),56,Flexural Strength,5.522,100x100x500mm Prism,F Strength Reading 1000000.xlsx,Sheet2,99,True,4.04305126783455,7.483314773547883,1,13.815511557963774,56,4.04305126783455,3136.0,175616.0
FS_BC_56d_096,EXP_FS_BC_56d,96,Bacterial Concrete,Inoculated,Bacillus subtilis,1000000,OPC 53 (UltraTech),56,Flexural Strength,5.637,100x100x500mm Prism,F Strength Reading 1000000.xlsx,Sheet2,100,True,4.04305126783455,7.483314773547883,1,13.815511557963774,56,4.04305126783455,3136.0,175616.0
FS_BC_56d_097,EXP_FS_BC_56d,97,Bacterial Concrete,Inoculated,Bacillus subtilis,1000000,OPC 53 (UltraTech),56,Flexural Strength,5.398,100x100x500mm Prism,F Strength Reading 1000000.xlsx,Sheet2,101,True,4.04305126783455,7.483314773547883,1,13.815511557963774,56,4.04305126783455,3136.0,175616.0
FS_BC_56d_098,EXP_FS_BC_56d,98,Bacterial Concrete,Inoculated,Bacillus subtilis,1000000,OPC 53 (UltraTech),56,Flexural Strength,5.622,100x100x500mm Prism,F Strength Reading 1000000.xlsx,Sheet2,102,True,4.04305126783455,7.483314773547883,1,13.815511557963774,56,4.04305126783455,3136.0,175616.0
FS_BC_56d_099,EXP_FS_BC_56d,99,Bacterial Concrete,Inoculated,Bacillus subtilis,1000000,OPC 53 (UltraTech),56,Flexural Strength,5.363,100x100x500mm Prism,F Strength Reading 1000000.xlsx,Sheet2,103,True,4.04305126783455,7.483314773547883,1,13.815511557963774,56,4.04305126783455,3136.0,175616.0
FS_BC_56d_100,EXP_FS_BC_56d,100,Bacterial Concrete,Inoculated,Bacillus subtilis,1000000,OPC 53 (UltraTech),56,Flexural Strength,5.413,100x100x500mm Prism,F Strength Reading 1000000.xlsx,Sheet2,104,True,4.04305126783455,7.483314773547883,1,13.815511557963774,56,4.04305126783455,3136.0,175616.0
FS_BC_90d_001,EXP_FS_BC_90d,1,Bacterial Concrete,Inoculated,Bacillus subtilis,1000000,OPC 53 (UltraTech),90,Flexural Strength,5.73,100x100x500mm Prism,F Strength Reading 1000000.xlsx,Sheet2,5,True,4.51085950651685,9.486832980505138,1,13.815511557963774,90,4.51085950651685,8100.0,729000.0
FS_BC_90d_002,EXP_FS_BC_90d,2,Bacterial Concrete,Inoculated,Bacillus subtilis,1000000,OPC 53 (UltraTech),90,Flexural Strength,5.483,100x100x500mm Prism,F Strength Reading 1000000.xlsx,Sheet2,6,True,4.51085950651685,9.486832980505138,1,13.815511557963774,90,4.51085950651685,8100.0,729000.0
FS_BC_90d_003,EXP_FS_BC_90d,3,Bacterial Concrete,Inoculated,Bacillus subtilis,1000000,OPC 53 (UltraTech),90,Flexural Strength,6.079,100x100x500mm Prism,F Strength Reading 1000000.xlsx,Sheet2,7,True,4.51085950651685,9.486832980505138,1,13.815511557963774,90,4.51085950651685,8100.0,729000.0
FS_BC_90d_004,EXP_FS_BC_90d,4,Bacterial Concrete,Inoculated,Bacillus subtilis,1000000,OPC 53 (UltraTech),90,Flexural Strength,5.925,100x100x500mm Prism,F Strength Reading 1000000.xlsx,Sheet2,8,True,4.51085950651685,9.486832980505138,1,13.815511557963774,90,4.51085950651685,8100.0,729000.0
FS_BC_90d_005,EXP_FS_BC_90d,5,Bacterial Concrete,Inoculated,Bacillus subtilis,1000000,OPC 53 (UltraTech),90,Flexural Strength,6.053,100x100x500mm Prism,F Strength Reading 1000000.xlsx,Sheet2,9,True,4.51085950651685,9.486832980505138,1,13.815511557963774,90,4.51085950651685,8100.0,729000.0
FS_BC_90d_006,EXP_FS_BC_90d,6,Bacterial Concrete,Inoculated,Bacillus subtilis,1000000,OPC 53 (UltraTech),90,Flexural Strength,5.44,100x100x500mm Prism,F Strength Reading 1000000.xlsx,Sheet2,10,True,4.51085950651685,9.486832980505138,1,13.815511557963774,90,4.51085950651685,8100.0,729000.0
FS_BC_90d_007,EXP_FS_BC_90d,7,Bacterial Concrete,Inoculated,Bacillus subtilis,1000000,OPC 53 (UltraTech),90,Flexural Strength,5.546,100x100x500mm Prism,F Strength Reading 1000000.xlsx,Sheet2,11,True,4.51085950651685,9.486832980505138,1,13.815511557963774,90,4.51085950651685,8100.0,729000.0
FS_BC_90d_008,EXP_FS_BC_90d,8,Bacterial Concrete,Inoculated,Bacillus subtilis,1000000,OPC 53 (UltraTech),90,Flexural Strength,5.713,100x100x500mm Prism,F Strength Reading 1000000.xlsx,Sheet2,12,True,4.51085950651685,9.486832980505138,1,13.815511557963774,90,4.51085950651685,8100.0,729000.0
FS_BC_90d_009,EXP_FS_BC_90d,9,Bacterial Concrete,Inoculated,Bacillus subtilis,1000000,OPC 53 (UltraTech),90,Flexural Strength,6.187,100x100x500mm Prism,F Strength Reading 1000000.xlsx,Sheet2,13,True,4.51085950651685,9.486832980505138,1,13.815511557963774,90,4.51085950651685,8100.0,729000.0
FS_BC_90d_010,EXP_FS_BC_90d,10,Bacterial Concrete,Inoculated,Bacillus subtilis,1000000,OPC 53 (UltraTech),90,Flexural Strength,5.617,100x100x500mm Prism,F Strength Reading 1000000.xlsx,Sheet2,14,True,4.51085950651685,9.486832980505138,1,13.815511557963774,90,4.51085950651685,8100.0,729000.0
FS_BC_90d_011,EXP_FS_BC_90d,11,Bacterial Concrete,Inoculated,Bacillus subtilis,1000000,OPC 53 (UltraTech),90,Flexural Strength,5.449,100x100x500mm Prism,F Strength Reading 1000000.xlsx,Sheet2,15,True,4.51085950651685,9.486832980505138,1,13.815511557963774,90,4.51085950651685,8100.0,729000.0
FS_BC_90d_012,EXP_FS_BC_90d,12,Bacterial Concrete,Inoculated,Bacillus subtilis,1000000,OPC 53 (UltraTech),90,Flexural Strength,5.821,100x100x500mm Prism,F Strength Reading 1000000.xlsx,Sheet2,16,True,4.51085950651685,9.486832980505138,1,13.815511557963774,90,4.51085950651685,8100.0,729000.0
FS_BC_90d_013,EXP_FS_BC_90d,13,Bacterial Concrete,Inoculated,Bacillus subtilis,1000000,OPC 53 (UltraTech),90,Flexural Strength,5.822,100x100x500mm Prism,F Strength Reading 1000000.xlsx,Sheet2,17,True,4.51085950651685,9.486832980505138,1,13.815511557963774,90,4.51085950651685,8100.0,729000.0
FS_BC_90d_014,EXP_FS_BC_90d,14,Bacterial Concrete,Inoculated,Bacillus subtilis,1000000,OPC 53 (UltraTech),90,Flexural Strength,6.034,100x100x500mm Prism,F Strength Reading 1000000.xlsx,Sheet2,18,True,4.51085950651685,9.486832980505138,1,13.815511557963774,90,4.51085950651685,8100.0,729000.0
FS_BC_90d_015,EXP_FS_BC_90d,15,Bacterial Concrete,Inoculated,Bacillus subtilis,1000000,OPC 53 (UltraTech),90,Flexural Strength,6.116,100x100x500mm Prism,F Strength Reading 1000000.xlsx,Sheet2,19,True,4.51085950651685,9.486832980505138,1,13.815511557963774,90,4.51085950651685,8100.0,729000.0
FS_BC_90d_016,EXP_FS_BC_90d,16,Bacterial Concrete,Inoculated,Bacillus subtilis,1000000,OPC 53 (UltraTech),90,Flexural Strength,5.529,100x100x500mm Prism,F Strength Reading 1000000.xlsx,Sheet2,20,True,4.51085950651685,9.486832980505138,1,13.815511557963774,90,4.51085950651685,8100.0,729000.0
FS_BC_90d_017,EXP_FS_BC_90d,17,Bacterial Concrete,Inoculated,Bacillus subtilis,1000000,OPC 53 (UltraTech),90,Flexural Strength,5.884,100x100x500mm Prism,F Strength Reading 1000000.xlsx,Sheet2,21,True,4.51085950651685,9.486832980505138,1,13.815511557963774,90,4.51085950651685,8100.0,729000.0
FS_BC_90d_018,EXP_FS_BC_90d,18,Bacterial Concrete,Inoculated,Bacillus subtilis,1000000,OPC 53 (UltraTech),90,Flexural Strength,6.347,100x100x500mm Prism,F Strength Reading 1000000.xlsx,Sheet2,22,True,4.51085950651685,9.486832980505138,1,13.815511557963774,90,4.51085950651685,8100.0,729000.0
FS_BC_90d_019,EXP_FS_BC_90d,19,Bacterial Concrete,Inoculated,Bacillus subtilis,1000000,OPC 53 (UltraTech),90,Flexural Strength,5.819,100x100x500mm Prism,F Strength Reading 1000000.xlsx,Sheet2,23,True,4.51085950651685,9.486832980505138,1,13.815511557963774,90,4.51085950651685,8100.0,729000.0
FS_BC_90d_020,EXP_FS_BC_90d,20,Bacterial Concrete,Inoculated,Bacillus subtilis,1000000,OPC 53 (UltraTech),90,Flexural Strength,6.116,100x100x500mm Prism,F Strength Reading 1000000.xlsx,Sheet2,24,True,4.51085950651685,9.486832980505138,1,13.815511557963774,90,4.51085950651685,8100.0,729000.0
FS_BC_90d_021,EXP_FS_BC_90d,21,Bacterial Concrete,Inoculated,Bacillus subtilis,1000000,OPC 53 (UltraTech),90,Flexural Strength,6.21,100x100x500mm Prism,F Strength Reading 1000000.xlsx,Sheet2,25,True,4.51085950651685,9.486832980505138,1,13.815511557963774,90,4.51085950651685,8100.0,729000.0
FS_BC_90d_022,EXP_FS_BC_90d,22,Bacterial Concrete,Inoculated,Bacillus subtilis,1000000,OPC 53 (UltraTech),90,Flexural Strength,5.742,100x100x500mm Prism,F Strength Reading 1000000.xlsx,Sheet2,26,True,4.51085950651685,9.486832980505138,1,13.815511557963774,90,4.51085950651685,8100.0,729000.0
FS_BC_90d_023,EXP_FS_BC_90d,23,Bacterial Concrete,Inoculated,Bacillus subtilis,1000000,OPC 53 (UltraTech),90,Flexural Strength,6.22,100x100x500mm Prism,F Strength Reading 1000000.xlsx,Sheet2,27,True,4.51085950651685,9.486832980505138,1,13.815511557963774,90,4.51085950651685,8100.0,729000.0
FS_BC_90d_024,EXP_FS_BC_90d,24,Bacterial Concrete,Inoculated,Bacillus subtilis,1000000,OPC 53 (UltraTech),90,Flexural Strength,5.601,100x100x500mm Prism,F Strength Reading 1000000.xlsx,Sheet2,28,True,4.51085950651685,9.486832980505138,1,13.815511557963774,90,4.51085950651685,8100.0,729000.0
FS_BC_90d_025,EXP_FS_BC_90d,25,Bacterial Concrete,Inoculated,Bacillus subtilis,1000000,OPC 53 (UltraTech),90,Flexural Strength,6.124,100x100x500mm Prism,F Strength Reading 1000000.xlsx,Sheet2,29,True,4.51085950651685,9.486832980505138,1,13.815511557963774,90,4.51085950651685,8100.0,729000.0
FS_BC_90d_026,EXP_FS_BC_90d,26,Bacterial Concrete,Inoculated,Bacillus subtilis,1000000,OPC 53 (UltraTech),90,Flexural Strength,5.981,100x100x500mm Prism,F Strength Reading 1000000.xlsx,Sheet2,30,True,4.51085950651685,9.486832980505138,1,13.815511557963774,90,4.51085950651685,8100.0,729000.0
FS_BC_90d_027,EXP_FS_BC_90d,27,Bacterial Concrete,Inoculated,Bacillus subtilis,1000000,OPC 53 (UltraTech),90,Flexural Strength,5.73,100x100x500mm Prism,F Strength Reading 1000000.xlsx,Sheet2,31,True,4.51085950651685,9.486832980505138,1,13.815511557963774,90,4.51085950651685,8100.0,729000.0
FS_BC_90d_028,EXP_FS_BC_90d,28,Bacterial Concrete,Inoculated,Bacillus subtilis,1000000,OPC 53 (UltraTech),90,Flexural Strength,5.448,100x100x500mm Prism,F Strength Reading 1000000.xlsx,Sheet2,32,True,4.51085950651685,9.486832980505138,1,13.815511557963774,90,4.51085950651685,8100.0,729000.0
FS_BC_90d_029,EXP_FS_BC_90d,29,Bacterial Concrete,Inoculated,Bacillus subtilis,1000000,OPC 53 (UltraTech),90,Flexural Strength,6.177,100x100x500mm Prism,F Strength Reading 1000000.xlsx,Sheet2,33,True,4.51085950651685,9.486832980505138,1,13.815511557963774,90,4.51085950651685,8100.0,729000.0
FS_BC_90d_030,EXP_FS_BC_90d,30,Bacterial Concrete,Inoculated,Bacillus subtilis,1000000,OPC 53 (UltraTech),90,Flexural Strength,5.719,100x100x500mm Prism,F Strength Reading 1000000.xlsx,Sheet2,34,True,4.51085950651685,9.486832980505138,1,13.815511557963774,90,4.51085950651685,8100.0,729000.0
FS_BC_90d_031,EXP_FS_BC_90d,31,Bacterial Concrete,Inoculated,Bacillus subtilis,1000000,OPC 53 (UltraTech),90,Flexural Strength,5.557,100x100x500mm Prism,F Strength Reading 1000000.xlsx,Sheet2,35,True,4.51085950651685,9.486832980505138,1,13.815511557963774,90,4.51085950651685,8100.0,729000.0
FS_BC_90d_032,EXP_FS_BC_90d,32,Bacterial Concrete,Inoculated,Bacillus subtilis,1000000,OPC 53 (UltraTech),90,Flexural Strength,6.129,100x100x500mm Prism,F Strength Reading 1000000.xlsx,Sheet2,36,True,4.51085950651685,9.486832980505138,1,13.815511557963774,90,4.51085950651685,8100.0,729000.0
FS_BC_90d_033,EXP_FS_BC_90d,33,Bacterial Concrete,Inoculated,Bacillus subtilis,1000000,OPC 53 (UltraTech),90,Flexural Strength,6.156,100x100x500mm Prism,F Strength Reading 1000000.xlsx,Sheet2,37,True,4.51085950651685,9.486832980505138,1,13.815511557963774,90,4.51085950651685,8100.0,729000.0
FS_BC_90d_034,EXP_FS_BC_90d,34,Bacterial Concrete,Inoculated,Bacillus subtilis,1000000,OPC 53 (UltraTech),90,Flexural Strength,5.995,100x100x500mm Prism,F Strength Reading 1000000.xlsx,Sheet2,38,True,4.51085950651685,9.486832980505138,1,13.815511557963774,90,4.51085950651685,8100.0,729000.0
FS_BC_90d_035,EXP_FS_BC_90d,35,Bacterial Concrete,Inoculated,Bacillus subtilis,1000000,OPC 53 (UltraTech),90,Flexural Strength,5.29,100x100x500mm Prism,F Strength Reading 1000000.xlsx,Sheet2,39,True,4.51085950651685,9.486832980505138,1,13.815511557963774,90,4.51085950651685,8100.0,729000.0
FS_BC_90d_036,EXP_FS_BC_90d,36,Bacterial Concrete,Inoculated,Bacillus subtilis,1000000,OPC 53 (UltraTech),90,Flexural Strength,5.637,100x100x500mm Prism,F Strength Reading 1000000.xlsx,Sheet2,40,True,4.51085950651685,9.486832980505138,1,13.815511557963774,90,4.51085950651685,8100.0,729000.0
FS_BC_90d_037,EXP_FS_BC_90d,37,Bacterial Concrete,Inoculated,Bacillus subtilis,1000000,OPC 53 (UltraTech),90,Flexural Strength,6.445,100x100x500mm Prism,F Strength Reading 1000000.xlsx,Sheet2,41,True,4.51085950651685,9.486832980505138,1,13.815511557963774,90,4.51085950651685,8100.0,729000.0
FS_BC_90d_038,EXP_FS_BC_90d,38,Bacterial Concrete,Inoculated,Bacillus subtilis,1000000,OPC 53 (UltraTech),90,Flexural Strength,6.03,100x100x500mm Prism,F Strength Reading 1000000.xlsx,Sheet2,42,True,4.51085950651685,9.486832980505138,1,13.815511557963774,90,4.51085950651685,8100.0,729000.0
FS_BC_90d_039,EXP_FS_BC_90d,39,Bacterial Concrete,Inoculated,Bacillus subtilis,1000000,OPC 53 (UltraTech),90,Flexural Strength,5.973,100x100x500mm Prism,F Strength Reading 1000000.xlsx,Sheet2,43,True,4.51085950651685,9.486832980505138,1,13.815511557963774,90,4.51085950651685,8100.0,729000.0
FS_BC_90d_040,EXP_FS_BC_90d,40,Bacterial Concrete,Inoculated,Bacillus subtilis,1000000,OPC 53 (UltraTech),90,Flexural Strength,5.999,100x100x500mm Prism,F Strength Reading 1000000.xlsx,Sheet2,44,True,4.51085950651685,9.486832980505138,1,13.815511557963774,90,4.51085950651685,8100.0,729000.0
FS_BC_90d_041,EXP_FS_BC_90d,41,Bacterial Concrete,Inoculated,Bacillus subtilis,1000000,OPC 53 (UltraTech),90,Flexural Strength,5.754,100x100x500mm Prism,F Strength Reading 1000000.xlsx,Sheet2,45,True,4.51085950651685,9.486832980505138,1,13.815511557963774,90,4.51085950651685,8100.0,729000.0
FS_BC_90d_042,EXP_FS_BC_90d,42,Bacterial Concrete,Inoculated,Bacillus subtilis,1000000,OPC 53 (UltraTech),90,Flexural Strength,5.892,100x100x500mm Prism,F Strength Reading 1000000.xlsx,Sheet2,46,True,4.51085950651685,9.486832980505138,1,13.815511557963774,90,4.51085950651685,8100.0,729000.0
FS_BC_90d_043,EXP_FS_BC_90d,43,Bacterial Concrete,Inoculated,Bacillus subtilis,1000000,OPC 53 (UltraTech),90,Flexural Strength,5.669,100x100x500mm Prism,F Strength Reading 1000000.xlsx,Sheet2,47,True,4.51085950651685,9.486832980505138,1,13.815511557963774,90,4.51085950651685,8100.0,729000.0
FS_BC_90d_044,EXP_FS_BC_90d,44,Bacterial Concrete,Inoculated,Bacillus subtilis,1000000,OPC 53 (UltraTech),90,Flexural Strength,6.357,100x100x500mm Prism,F Strength Reading 1000000.xlsx,Sheet2,48,True,4.51085950651685,9.486832980505138,1,13.815511557963774,90,4.51085950651685,8100.0,729000.0
FS_BC_90d_045,EXP_FS_BC_90d,45,Bacterial Concrete,Inoculated,Bacillus subtilis,1000000,OPC 53 (UltraTech),90,Flexural Strength,5.909,100x100x500mm Prism,F Strength Reading 1000000.xlsx,Sheet2,49,True,4.51085950651685,9.486832980505138,1,13.815511557963774,90,4.51085950651685,8100.0,729000.0
FS_BC_90d_046,EXP_FS_BC_90d,46,Bacterial Concrete,Inoculated,Bacillus subtilis,1000000,OPC 53 (UltraTech),90,Flexural Strength,6.237,100x100x500mm Prism,F Strength Reading 1000000.xlsx,Sheet2,50,True,4.51085950651685,9.486832980505138,1,13.815511557963774,90,4.51085950651685,8100.0,729000.0
FS_BC_90d_047,EXP_FS_BC_90d,47,Bacterial Concrete,Inoculated,Bacillus subtilis,1000000,OPC 53 (UltraTech),90,Flexural Strength,6.012,100x100x500mm Prism,F Strength Reading 1000000.xlsx,Sheet2,51,True,4.51085950651685,9.486832980505138,1,13.815511557963774,90,4.51085950651685,8100.0,729000.0
FS_BC_90d_048,EXP_FS_BC_90d,48,Bacterial Concrete,Inoculated,Bacillus subtilis,1000000,OPC 53 (UltraTech),90,Flexural Strength,6.399,100x100x500mm Prism,F Strength Reading 1000000.xlsx,Sheet2,52,True,4.51085950651685,9.486832980505138,1,13.815511557963774,90,4.51085950651685,8100.0,729000.0
FS_BC_90d_049,EXP_FS_BC_90d,49,Bacterial Concrete,Inoculated,Bacillus subtilis,1000000,OPC 53 (UltraTech),90,Flexural Strength,6.49,100x100x500mm Prism,F Strength Reading 1000000.xlsx,Sheet2,53,True,4.51085950651685,9.486832980505138,1,13.815511557963774,90,4.51085950651685,8100.0,729000.0
FS_BC_90d_050,EXP_FS_BC_90d,50,Bacterial Concrete,Inoculated,Bacillus subtilis,1000000,OPC 53 (UltraTech),90,Flexural Strength,6.133,100x100x500mm Prism,F Strength Reading 1000000.xlsx,Sheet2,54,True,4.51085950651685,9.486832980505138,1,13.815511557963774,90,4.51085950651685,8100.0,729000.0
FS_BC_90d_051,EXP_FS_BC_90d,51,Bacterial Concrete,Inoculated,Bacillus subtilis,1000000,OPC 53 (UltraTech),90,Flexural Strength,5.964,100x100x500mm Prism,F Strength Reading 1000000.xlsx,Sheet2,55,True,4.51085950651685,9.486832980505138,1,13.815511557963774,90,4.51085950651685,8100.0,729000.0
FS_BC_90d_052,EXP_FS_BC_90d,52,Bacterial Concrete,Inoculated,Bacillus subtilis,1000000,OPC 53 (UltraTech),90,Flexural Strength,6.289,100x100x500mm Prism,F Strength Reading 1000000.xlsx,Sheet2,56,True,4.51085950651685,9.486832980505138,1,13.815511557963774,90,4.51085950651685,8100.0,729000.0
FS_BC_90d_053,EXP_FS_BC_90d,53,Bacterial Concrete,Inoculated,Bacillus subtilis,1000000,OPC 53 (UltraTech),90,Flexural Strength,5.978,100x100x500mm Prism,F Strength Reading 1000000.xlsx,Sheet2,57,True,4.51085950651685,9.486832980505138,1,13.815511557963774,90,4.51085950651685,8100.0,729000.0
FS_BC_90d_054,EXP_FS_BC_90d,54,Bacterial Concrete,Inoculated,Bacillus subtilis,1000000,OPC 53 (UltraTech),90,Flexural Strength,5.465,100x100x500mm Prism,F Strength Reading 1000000.xlsx,Sheet2,58,True,4.51085950651685,9.486832980505138,1,13.815511557963774,90,4.51085950651685,8100.0,729000.0
FS_BC_90d_055,EXP_FS_BC_90d,55,Bacterial Concrete,Inoculated,Bacillus subtilis,1000000,OPC 53 (UltraTech),90,Flexural Strength,5.679,100x100x500mm Prism,F Strength Reading 1000000.xlsx,Sheet2,59,True,4.51085950651685,9.486832980505138,1,13.815511557963774,90,4.51085950651685,8100.0,729000.0
FS_BC_90d_056,EXP_FS_BC_90d,56,Bacterial Concrete,Inoculated,Bacillus subtilis,1000000,OPC 53 (UltraTech),90,Flexural Strength,5.897,100x100x500mm Prism,F Strength Reading 1000000.xlsx,Sheet2,60,True,4.51085950651685,9.486832980505138,1,13.815511557963774,90,4.51085950651685,8100.0,729000.0
FS_BC_90d_057,EXP_FS_BC_90d,57,Bacterial Concrete,Inoculated,Bacillus subtilis,1000000,OPC 53 (UltraTech),90,Flexural Strength,6.474,100x100x500mm Prism,F Strength Reading 1000000.xlsx,Sheet2,61,True,4.51085950651685,9.486832980505138,1,13.815511557963774,90,4.51085950651685,8100.0,729000.0
FS_BC_90d_058,EXP_FS_BC_90d,58,Bacterial Concrete,Inoculated,Bacillus subtilis,1000000,OPC 53 (UltraTech),90,Flexural Strength,5.365,100x100x500mm Prism,F Strength Reading 1000000.xlsx,Sheet2,62,True,4.51085950651685,9.486832980505138,1,13.815511557963774,90,4.51085950651685,8100.0,729000.0
FS_BC_90d_059,EXP_FS_BC_90d,59,Bacterial Concrete,Inoculated,Bacillus subtilis,1000000,OPC 53 (UltraTech),90,Flexural Strength,6.018,100x100x500mm Prism,F Strength Reading 1000000.xlsx,Sheet2,63,True,4.51085950651685,9.486832980505138,1,13.815511557963774,90,4.51085950651685,8100.0,729000.0
FS_BC_90d_060,EXP_FS_BC_90d,60,Bacterial Concrete,Inoculated,Bacillus subtilis,1000000,OPC 53 (UltraTech),90,Flexural Strength,5.191,100x100x500mm Prism,F Strength Reading 1000000.xlsx,Sheet2,64,True,4.51085950651685,9.486832980505138,1,13.815511557963774,90,4.51085950651685,8100.0,729000.0
FS_BC_90d_061,EXP_FS_BC_90d,61,Bacterial Concrete,Inoculated,Bacillus subtilis,1000000,OPC 53 (UltraTech),90,Flexural Strength,5.775,100x100x500mm Prism,F Strength Reading 1000000.xlsx,Sheet2,65,True,4.51085950651685,9.486832980505138,1,13.815511557963774,90,4.51085950651685,8100.0,729000.0
FS_BC_90d_062,EXP_FS_BC_90d,62,Bacterial Concrete,Inoculated,Bacillus subtilis,1000000,OPC 53 (UltraTech),90,Flexural Strength,5.742,100x100x500mm Prism,F Strength Reading 1000000.xlsx,Sheet2,66,True,4.51085950651685,9.486832980505138,1,13.815511557963774,90,4.51085950651685,8100.0,729000.0
FS_BC_90d_063,EXP_FS_BC_90d,63,Bacterial Concrete,Inoculated,Bacillus subtilis,1000000,OPC 53 (UltraTech),90,Flexural Strength,6.179,100x100x500mm Prism,F Strength Reading 1000000.xlsx,Sheet2,67,True,4.51085950651685,9.486832980505138,1,13.815511557963774,90,4.51085950651685,8100.0,729000.0
FS_BC_90d_064,EXP_FS_BC_90d,64,Bacterial Concrete,Inoculated,Bacillus subtilis,1000000,OPC 53 (UltraTech),90,Flexural Strength,5.812,100x100x500mm Prism,F Strength Reading 1000000.xlsx,Sheet2,68,True,4.51085950651685,9.486832980505138,1,13.815511557963774,90,4.51085950651685,8100.0,729000.0
FS_BC_90d_065,EXP_FS_BC_90d,65,Bacterial Concrete,Inoculated,Bacillus subtilis,1000000,OPC 53 (UltraTech),90,Flexural Strength,5.928,100x100x500mm Prism,F Strength Reading 1000000.xlsx,Sheet2,69,True,4.51085950651685,9.486832980505138,1,13.815511557963774,90,4.51085950651685,8100.0,729000.0
FS_BC_90d_066,EXP_FS_BC_90d,66,Bacterial Concrete,Inoculated,Bacillus subtilis,1000000,OPC 53 (UltraTech),90,Flexural Strength,6.061,100x100x500mm Prism,F Strength Reading 1000000.xlsx,Sheet2,70,True,4.51085950651685,9.486832980505138,1,13.815511557963774,90,4.51085950651685,8100.0,729000.0
FS_BC_90d_067,EXP_FS_BC_90d,67,Bacterial Concrete,Inoculated,Bacillus subtilis,1000000,OPC 53 (UltraTech),90,Flexural Strength,5.718,100x100x500mm Prism,F Strength Reading 1000000.xlsx,Sheet2,71,True,4.51085950651685,9.486832980505138,1,13.815511557963774,90,4.51085950651685,8100.0,729000.0
FS_BC_90d_068,EXP_FS_BC_90d,68,Bacterial Concrete,Inoculated,Bacillus subtilis,1000000,OPC 53 (UltraTech),90,Flexural Strength,5.313,100x100x500mm Prism,F Strength Reading 1000000.xlsx,Sheet2,72,True,4.51085950651685,9.486832980505138,1,13.815511557963774,90,4.51085950651685,8100.0,729000.0
FS_BC_90d_069,EXP_FS_BC_90d,69,Bacterial Concrete,Inoculated,Bacillus subtilis,1000000,OPC 53 (UltraTech),90,Flexural Strength,6.283,100x100x500mm Prism,F Strength Reading 1000000.xlsx,Sheet2,73,True,4.51085950651685,9.486832980505138,1,13.815511557963774,90,4.51085950651685,8100.0,729000.0
FS_BC_90d_070,EXP_FS_BC_90d,70,Bacterial Concrete,Inoculated,Bacillus subtilis,1000000,OPC 53 (UltraTech),90,Flexural Strength,6.187,100x100x500mm Prism,F Strength Reading 1000000.xlsx,Sheet2,74,True,4.51085950651685,9.486832980505138,1,13.815511557963774,90,4.51085950651685,8100.0,729000.0
FS_BC_90d_071,EXP_FS_BC_90d,71,Bacterial Concrete,Inoculated,Bacillus subtilis,1000000,OPC 53 (UltraTech),90,Flexural Strength,5.622,100x100x500mm Prism,F Strength Reading 1000000.xlsx,Sheet2,75,True,4.51085950651685,9.486832980505138,1,13.815511557963774,90,4.51085950651685,8100.0,729000.0
FS_BC_90d_072,EXP_FS_BC_90d,72,Bacterial Concrete,Inoculated,Bacillus subtilis,1000000,OPC 53 (UltraTech),90,Flexural Strength,6.194,100x100x500mm Prism,F Strength Reading 1000000.xlsx,Sheet2,76,True,4.51085950651685,9.486832980505138,1,13.815511557963774,90,4.51085950651685,8100.0,729000.0
FS_BC_90d_073,EXP_FS_BC_90d,73,Bacterial Concrete,Inoculated,Bacillus subtilis,1000000,OPC 53 (UltraTech),90,Flexural Strength,6.006,100x100x500mm Prism,F Strength Reading 1000000.xlsx,Sheet2,77,True,4.51085950651685,9.486832980505138,1,13.815511557963774,90,4.51085950651685,8100.0,729000.0
FS_BC_90d_074,EXP_FS_BC_90d,74,Bacterial Concrete,Inoculated,Bacillus subtilis,1000000,OPC 53 (UltraTech),90,Flexural Strength,5.365,100x100x500mm Prism,F Strength Reading 1000000.xlsx,Sheet2,78,True,4.51085950651685,9.486832980505138,1,13.815511557963774,90,4.51085950651685,8100.0,729000.0
FS_BC_90d_075,EXP_FS_BC_90d,75,Bacterial Concrete,Inoculated,Bacillus subtilis,1000000,OPC 53 (UltraTech),90,Flexural Strength,5.87,100x100x500mm Prism,F Strength Reading 1000000.xlsx,Sheet2,79,True,4.51085950651685,9.486832980505138,1,13.815511557963774,90,4.51085950651685,8100.0,729000.0
FS_BC_90d_076,EXP_FS_BC_90d,76,Bacterial Concrete,Inoculated,Bacillus subtilis,1000000,OPC 53 (UltraTech),90,Flexural Strength,6.11,100x100x500mm Prism,F Strength Reading 1000000.xlsx,Sheet2,80,True,4.51085950651685,9.486832980505138,1,13.815511557963774,90,4.51085950651685,8100.0,729000.0
FS_BC_90d_077,EXP_FS_BC_90d,77,Bacterial Concrete,Inoculated,Bacillus subtilis,1000000,OPC 53 (UltraTech),90,Flexural Strength,6.45,100x100x500mm Prism,F Strength Reading 1000000.xlsx,Sheet2,81,True,4.51085950651685,9.486832980505138,1,13.815511557963774,90,4.51085950651685,8100.0,729000.0
FS_BC_90d_078,EXP_FS_BC_90d,78,Bacterial Concrete,Inoculated,Bacillus subtilis,1000000,OPC 53 (UltraTech),90,Flexural Strength,5.925,100x100x500mm Prism,F Strength Reading 1000000.xlsx,Sheet2,82,True,4.51085950651685,9.486832980505138,1,13.815511557963774,90,4.51085950651685,8100.0,729000.0
FS_BC_90d_079,EXP_FS_BC_90d,79,Bacterial Concrete,Inoculated,Bacillus subtilis,1000000,OPC 53 (UltraTech),90,Flexural Strength,6.321,100x100x500mm Prism,F Strength Reading 1000000.xlsx,Sheet2,83,True,4.51085950651685,9.486832980505138,1,13.815511557963774,90,4.51085950651685,8100.0,729000.0
FS_BC_90d_080,EXP_FS_BC_90d,80,Bacterial Concrete,Inoculated,Bacillus subtilis,1000000,OPC 53 (UltraTech),90,Flexural Strength,6.274,100x100x500mm Prism,F Strength Reading 1000000.xlsx,Sheet2,84,True,4.51085950651685,9.486832980505138,1,13.815511557963774,90,4.51085950651685,8100.0,729000.0
FS_BC_90d_081,EXP_FS_BC_90d,81,Bacterial Concrete,Inoculated,Bacillus subtilis,1000000,OPC 53 (UltraTech),90,Flexural Strength,5.487,100x100x500mm Prism,F Strength Reading 1000000.xlsx,Sheet2,85,True,4.51085950651685,9.486832980505138,1,13.815511557963774,90,4.51085950651685,8100.0,729000.0
FS_BC_90d_082,EXP_FS_BC_90d,82,Bacterial Concrete,Inoculated,Bacillus subtilis,1000000,OPC 53 (UltraTech),90,Flexural Strength,5.634,100x100x500mm Prism,F Strength Reading 1000000.xlsx,Sheet2,86,True,4.51085950651685,9.486832980505138,1,13.815511557963774,90,4.51085950651685,8100.0,729000.0
FS_BC_90d_083,EXP_FS_BC_90d,83,Bacterial Concrete,Inoculated,Bacillus subtilis,1000000,OPC 53 (UltraTech),90,Flexural Strength,5.224,100x100x500mm Prism,F Strength Reading 1000000.xlsx,Sheet2,87,True,4.51085950651685,9.486832980505138,1,13.815511557963774,90,4.51085950651685,8100.0,729000.0
FS_BC_90d_084,EXP_FS_BC_90d,84,Bacterial Concrete,Inoculated,Bacillus subtilis,1000000,OPC 53 (UltraTech),90,Flexural Strength,5.714,100x100x500mm Prism,F Strength Reading 1000000.xlsx,Sheet2,88,True,4.51085950651685,9.486832980505138,1,13.815511557963774,90,4.51085950651685,8100.0,729000.0
FS_BC_90d_085,EXP_FS_BC_90d,85,Bacterial Concrete,Inoculated,Bacillus subtilis,1000000,OPC 53 (UltraTech),90,Flexural Strength,6.081,100x100x500mm Prism,F Strength Reading 1000000.xlsx,Sheet2,89,True,4.51085950651685,9.486832980505138,1,13.815511557963774,90,4.51085950651685,8100.0,729000.0
FS_BC_90d_086,EXP_FS_BC_90d,86,Bacterial Concrete,Inoculated,Bacillus subtilis,1000000,OPC 53 (UltraTech),90,Flexural Strength,6.259,100x100x500mm Prism,F Strength Reading 1000000.xlsx,Sheet2,90,True,4.51085950651685,9.486832980505138,1,13.815511557963774,90,4.51085950651685,8100.0,729000.0
FS_BC_90d_087,EXP_FS_BC_90d,87,Bacterial Concrete,Inoculated,Bacillus subtilis,1000000,OPC 53 (UltraTech),90,Flexural Strength,6.178,100x100x500mm Prism,F Strength Reading 1000000.xlsx,Sheet2,91,True,4.51085950651685,9.486832980505138,1,13.815511557963774,90,4.51085950651685,8100.0,729000.0
FS_BC_90d_088,EXP_FS_BC_90d,88,Bacterial Concrete,Inoculated,Bacillus subtilis,1000000,OPC 53 (UltraTech),90,Flexural Strength,5.798,100x100x500mm Prism,F Strength Reading 1000000.xlsx,Sheet2,92,True,4.51085950651685,9.486832980505138,1,13.815511557963774,90,4.51085950651685,8100.0,729000.0
FS_BC_90d_089,EXP_FS_BC_90d,89,Bacterial Concrete,Inoculated,Bacillus subtilis,1000000,OPC 53 (UltraTech),90,Flexural Strength,5.754,100x100x500mm Prism,F Strength Reading 1000000.xlsx,Sheet2,93,True,4.51085950651685,9.486832980505138,1,13.815511557963774,90,4.51085950651685,8100.0,729000.0
FS_BC_90d_090,EXP_FS_BC_90d,90,Bacterial Concrete,Inoculated,Bacillus subtilis,1000000,OPC 53 (UltraTech),90,Flexural Strength,6.437,100x100x500mm Prism,F Strength Reading 1000000.xlsx,Sheet2,94,True,4.51085950651685,9.486832980505138,1,13.815511557963774,90,4.51085950651685,8100.0,729000.0
FS_BC_90d_091,EXP_FS_BC_90d,91,Bacterial Concrete,Inoculated,Bacillus subtilis,1000000,OPC 53 (UltraTech),90,Flexural Strength,6.239,100x100x500mm Prism,F Strength Reading 1000000.xlsx,Sheet2,95,True,4.51085950651685,9.486832980505138,1,13.815511557963774,90,4.51085950651685,8100.0,729000.0
FS_BC_90d_092,EXP_FS_BC_90d,92,Bacterial Concrete,Inoculated,Bacillus subtilis,1000000,OPC 53 (UltraTech),90,Flexural Strength,6.137,100x100x500mm Prism,F Strength Reading 1000000.xlsx,Sheet2,96,True,4.51085950651685,9.486832980505138,1,13.815511557963774,90,4.51085950651685,8100.0,729000.0
FS_BC_90d_093,EXP_FS_BC_90d,93,Bacterial Concrete,Inoculated,Bacillus subtilis,1000000,OPC 53 (UltraTech),90,Flexural Strength,5.518,100x100x500mm Prism,F Strength Reading 1000000.xlsx,Sheet2,97,True,4.51085950651685,9.486832980505138,1,13.815511557963774,90,4.51085950651685,8100.0,729000.0
FS_BC_90d_094,EXP_FS_BC_90d,94,Bacterial Concrete,Inoculated,Bacillus subtilis,1000000,OPC 53 (UltraTech),90,Flexural Strength,6.125,100x100x500mm Prism,F Strength Reading 1000000.xlsx,Sheet2,98,True,4.51085950651685,9.486832980505138,1,13.815511557963774,90,4.51085950651685,8100.0,729000.0
FS_BC_90d_095,EXP_FS_BC_90d,95,Bacterial Concrete,Inoculated,Bacillus subtilis,1000000,OPC 53 (UltraTech),90,Flexural Strength,5.914,100x100x500mm Prism,F Strength Reading 1000000.xlsx,Sheet2,99,True,4.51085950651685,9.486832980505138,1,13.815511557963774,90,4.51085950651685,8100.0,729000.0
FS_BC_90d_096,EXP_FS_BC_90d,96,Bacterial Concrete,Inoculated,Bacillus subtilis,1000000,OPC 53 (UltraTech),90,Flexural Strength,5.691,100x100x500mm Prism,F Strength Reading 1000000.xlsx,Sheet2,100,True,4.51085950651685,9.486832980505138,1,13.815511557963774,90,4.51085950651685,8100.0,729000.0
FS_BC_90d_097,EXP_FS_BC_90d,97,Bacterial Concrete,Inoculated,Bacillus subtilis,1000000,OPC 53 (UltraTech),90,Flexural Strength,6.374,100x100x500mm Prism,F Strength Reading 1000000.xlsx,Sheet2,101,True,4.51085950651685,9.486832980505138,1,13.815511557963774,90,4.51085950651685,8100.0,729000.0
FS_BC_90d_098,EXP_FS_BC_90d,98,Bacterial Concrete,Inoculated,Bacillus subtilis,1000000,OPC 53 (UltraTech),90,Flexural Strength,5.971,100x100x500mm Prism,F Strength Reading 1000000.xlsx,Sheet2,102,True,4.51085950651685,9.486832980505138,1,13.815511557963774,90,4.51085950651685,8100.0,729000.0
FS_BC_90d_099,EXP_FS_BC_90d,99,Bacterial Concrete,Inoculated,Bacillus subtilis,1000000,OPC 53 (UltraTech),90,Flexural Strength,5.77,100x100x500mm Prism,F Strength Reading 1000000.xlsx,Sheet2,103,True,4.51085950651685,9.486832980505138,1,13.815511557963774,90,4.51085950651685,8100.0,729000.0
FS_BC_90d_100,EXP_FS_BC_90d,100,Bacterial Concrete,Inoculated,Bacillus subtilis,1000000,OPC 53 (UltraTech),90,Flexural Strength,5.842,100x100x500mm Prism,F Strength Reading 1000000.xlsx,Sheet2,104,True,4.51085950651685,9.486832980505138,1,13.815511557963774,90,4.51085950651685,8100.0,729000.0
TS_NC_07d_001,EXP_TS_NC_07d,1,Normal Concrete,Control,,0,OPC 53 (UltraTech),7,Split Tensile Strength,1.637,150x300mm Cylinder,T Strenth Reading 1000000.xlsx,Sheet1,2,False,2.0794415416798357,2.6457513110645907,0,0.0,0,0.0,49.0,343.0
TS_NC_07d_002,EXP_TS_NC_07d,2,Normal Concrete,Control,,0,OPC 53 (UltraTech),7,Split Tensile Strength,1.95,150x300mm Cylinder,T Strenth Reading 1000000.xlsx,Sheet1,3,False,2.0794415416798357,2.6457513110645907,0,0.0,0,0.0,49.0,343.0
TS_NC_07d_003,EXP_TS_NC_07d,3,Normal Concrete,Control,,0,OPC 53 (UltraTech),7,Split Tensile Strength,1.842,150x300mm Cylinder,T Strenth Reading 1000000.xlsx,Sheet1,4,False,2.0794415416798357,2.6457513110645907,0,0.0,0,0.0,49.0,343.0
TS_NC_07d_004,EXP_TS_NC_07d,4,Normal Concrete,Control,,0,OPC 53 (UltraTech),7,Split Tensile Strength,1.574,150x300mm Cylinder,T Strenth Reading 1000000.xlsx,Sheet1,5,False,2.0794415416798357,2.6457513110645907,0,0.0,0,0.0,49.0,343.0
TS_NC_07d_005,EXP_TS_NC_07d,5,Normal Concrete,Control,,0,OPC 53 (UltraTech),7,Split Tensile Strength,1.713,150x300mm Cylinder,T Strenth Reading 1000000.xlsx,Sheet1,6,False,2.0794415416798357,2.6457513110645907,0,0.0,0,0.0,49.0,343.0
TS_NC_07d_006,EXP_TS_NC_07d,6,Normal Concrete,Control,,0,OPC 53 (UltraTech),7,Split Tensile Strength,2.048,150x300mm Cylinder,T Strenth Reading 1000000.xlsx,Sheet1,7,False,2.0794415416798357,2.6457513110645907,0,0.0,0,0.0,49.0,343.0
TS_NC_07d_007,EXP_TS_NC_07d,7,Normal Concrete,Control,,0,OPC 53 (UltraTech),7,Split Tensile Strength,1.436,150x300mm Cylinder,T Strenth Reading 1000000.xlsx,Sheet1,8,False,2.0794415416798357,2.6457513110645907,0,0.0,0,0.0,49.0,343.0
TS_NC_07d_008,EXP_TS_NC_07d,8,Normal Concrete,Control,,0,OPC 53 (UltraTech),7,Split Tensile Strength,1.736,150x300mm Cylinder,T Strenth Reading 1000000.xlsx,Sheet1,9,False,2.0794415416798357,2.6457513110645907,0,0.0,0,0.0,49.0,343.0
TS_NC_07d_009,EXP_TS_NC_07d,9,Normal Concrete,Control,,0,OPC 53 (UltraTech),7,Split Tensile Strength,1.99,150x300mm Cylinder,T Strenth Reading 1000000.xlsx,Sheet1,10,False,2.0794415416798357,2.6457513110645907,0,0.0,0,0.0,49.0,343.0
TS_NC_07d_010,EXP_TS_NC_07d,10,Normal Concrete,Control,,0,OPC 53 (UltraTech),7,Split Tensile Strength,1.67,150x300mm Cylinder,T Strenth Reading 1000000.xlsx,Sheet1,11,False,2.0794415416798357,2.6457513110645907,0,0.0,0,0.0,49.0,343.0
TS_NC_07d_011,EXP_TS_NC_07d,11,Normal Concrete,Control,,0,OPC 53 (UltraTech),7,Split Tensile Strength,1.698,150x300mm Cylinder,T Strenth Reading 1000000.xlsx,Sheet1,12,False,2.0794415416798357,2.6457513110645907,0,0.0,0,0.0,49.0,343.0
TS_NC_07d_012,EXP_TS_NC_07d,12,Normal Concrete,Control,,0,OPC 53 (UltraTech),7,Split Tensile Strength,1.786,150x300mm Cylinder,T Strenth Reading 1000000.xlsx,Sheet1,13,False,2.0794415416798357,2.6457513110645907,0,0.0,0,0.0,49.0,343.0
TS_NC_07d_013,EXP_TS_NC_07d,13,Normal Concrete,Control,,0,OPC 53 (UltraTech),7,Split Tensile Strength,2.024,150x300mm Cylinder,T Strenth Reading 1000000.xlsx,Sheet1,14,False,2.0794415416798357,2.6457513110645907,0,0.0,0,0.0,49.0,343.0
TS_NC_07d_014,EXP_TS_NC_07d,14,Normal Concrete,Control,,0,OPC 53 (UltraTech),7,Split Tensile Strength,1.704,150x300mm Cylinder,T Strenth Reading 1000000.xlsx,Sheet1,15,False,2.0794415416798357,2.6457513110645907,0,0.0,0,0.0,49.0,343.0
TS_NC_07d_015,EXP_TS_NC_07d,15,Normal Concrete,Control,,0,OPC 53 (UltraTech),7,Split Tensile Strength,1.733,150x300mm Cylinder,T Strenth Reading 1000000.xlsx,Sheet1,16,False,2.0794415416798357,2.6457513110645907,0,0.0,0,0.0,49.0,343.0
TS_NC_07d_016,EXP_TS_NC_07d,16,Normal Concrete,Control,,0,OPC 53 (UltraTech),7,Split Tensile Strength,1.735,150x300mm Cylinder,T Strenth Reading 1000000.xlsx,Sheet1,17,False,2.0794415416798357,2.6457513110645907,0,0.0,0,0.0,49.0,343.0
TS_NC_07d_017,EXP_TS_NC_07d,17,Normal Concrete,Control,,0,OPC 53 (UltraTech),7,Split Tensile Strength,2.131,150x300mm Cylinder,T Strenth Reading 1000000.xlsx,Sheet1,18,False,2.0794415416798357,2.6457513110645907,0,0.0,0,0.0,49.0,343.0
TS_NC_07d_018,EXP_TS_NC_07d,18,Normal Concrete,Control,,0,OPC 53 (UltraTech),7,Split Tensile Strength,2.128,150x300mm Cylinder,T Strenth Reading 1000000.xlsx,Sheet1,19,False,2.0794415416798357,2.6457513110645907,0,0.0,0,0.0,49.0,343.0
TS_NC_07d_019,EXP_TS_NC_07d,19,Normal Concrete,Control,,0,OPC 53 (UltraTech),7,Split Tensile Strength,1.951,150x300mm Cylinder,T Strenth Reading 1000000.xlsx,Sheet1,20,False,2.0794415416798357,2.6457513110645907,0,0.0,0,0.0,49.0,343.0
TS_NC_07d_020,EXP_TS_NC_07d,20,Normal Concrete,Control,,0,OPC 53 (UltraTech),7,Split Tensile Strength,1.858,150x300mm Cylinder,T Strenth Reading 1000000.xlsx,Sheet1,21,False,2.0794415416798357,2.6457513110645907,0,0.0,0,0.0,49.0,343.0
TS_NC_07d_021,EXP_TS_NC_07d,21,Normal Concrete,Control,,0,OPC 53 (UltraTech),7,Split Tensile Strength,1.911,150x300mm Cylinder,T Strenth Reading 1000000.xlsx,Sheet1,22,False,2.0794415416798357,2.6457513110645907,0,0.0,0,0.0,49.0,343.0
TS_NC_07d_022,EXP_TS_NC_07d,22,Normal Concrete,Control,,0,OPC 53 (UltraTech),7,Split Tensile Strength,2.024,150x300mm Cylinder,T Strenth Reading 1000000.xlsx,Sheet1,23,False,2.0794415416798357,2.6457513110645907,0,0.0,0,0.0,49.0,343.0
TS_NC_07d_023,EXP_TS_NC_07d,23,Normal Concrete,Control,,0,OPC 53 (UltraTech),7,Split Tensile Strength,1.66,150x300mm Cylinder,T Strenth Reading 1000000.xlsx,Sheet1,24,False,2.0794415416798357,2.6457513110645907,0,0.0,0,0.0,49.0,343.0
TS_NC_07d_024,EXP_TS_NC_07d,24,Normal Concrete,Control,,0,OPC 53 (UltraTech),7,Split Tensile Strength,1.976,150x300mm Cylinder,T Strenth Reading 1000000.xlsx,Sheet1,25,False,2.0794415416798357,2.6457513110645907,0,0.0,0,0.0,49.0,343.0
TS_NC_07d_025,EXP_TS_NC_07d,25,Normal Concrete,Control,,0,OPC 53 (UltraTech),7,Split Tensile Strength,1.612,150x300mm Cylinder,T Strenth Reading 1000000.xlsx,Sheet1,26,False,2.0794415416798357,2.6457513110645907,0,0.0,0,0.0,49.0,343.0
TS_NC_07d_026,EXP_TS_NC_07d,26,Normal Concrete,Control,,0,OPC 53 (UltraTech),7,Split Tensile Strength,1.704,150x300mm Cylinder,T Strenth Reading 1000000.xlsx,Sheet1,27,False,2.0794415416798357,2.6457513110645907,0,0.0,0,0.0,49.0,343.0
TS_NC_07d_027,EXP_TS_NC_07d,27,Normal Concrete,Control,,0,OPC 53 (UltraTech),7,Split Tensile Strength,1.936,150x300mm Cylinder,T Strenth Reading 1000000.xlsx,Sheet1,28,False,2.0794415416798357,2.6457513110645907,0,0.0,0,0.0,49.0,343.0
TS_NC_07d_028,EXP_TS_NC_07d,28,Normal Concrete,Control,,0,OPC 53 (UltraTech),7,Split Tensile Strength,1.586,150x300mm Cylinder,T Strenth Reading 1000000.xlsx,Sheet1,29,False,2.0794415416798357,2.6457513110645907,0,0.0,0,0.0,49.0,343.0
TS_NC_07d_029,EXP_TS_NC_07d,29,Normal Concrete,Control,,0,OPC 53 (UltraTech),7,Split Tensile Strength,1.779,150x300mm Cylinder,T Strenth Reading 1000000.xlsx,Sheet1,30,False,2.0794415416798357,2.6457513110645907,0,0.0,0,0.0,49.0,343.0
TS_NC_07d_030,EXP_TS_NC_07d,30,Normal Concrete,Control,,0,OPC 53 (UltraTech),7,Split Tensile Strength,1.671,150x300mm Cylinder,T Strenth Reading 1000000.xlsx,Sheet1,31,False,2.0794415416798357,2.6457513110645907,0,0.0,0,0.0,49.0,343.0
TS_NC_07d_031,EXP_TS_NC_07d,31,Normal Concrete,Control,,0,OPC 53 (UltraTech),7,Split Tensile Strength,1.762,150x300mm Cylinder,T Strenth Reading 1000000.xlsx,Sheet1,32,False,2.0794415416798357,2.6457513110645907,0,0.0,0,0.0,49.0,343.0
TS_NC_07d_032,EXP_TS_NC_07d,32,Normal Concrete,Control,,0,OPC 53 (UltraTech),7,Split Tensile Strength,1.38,150x300mm Cylinder,T Strenth Reading 1000000.xlsx,Sheet1,33,False,2.0794415416798357,2.6457513110645907,0,0.0,0,0.0,49.0,343.0
TS_NC_07d_033,EXP_TS_NC_07d,33,Normal Concrete,Control,,0,OPC 53 (UltraTech),7,Split Tensile Strength,1.534,150x300mm Cylinder,T Strenth Reading 1000000.xlsx,Sheet1,34,False,2.0794415416798357,2.6457513110645907,0,0.0,0,0.0,49.0,343.0
TS_NC_07d_034,EXP_TS_NC_07d,34,Normal Concrete,Control,,0,OPC 53 (UltraTech),7,Split Tensile Strength,1.695,150x300mm Cylinder,T Strenth Reading 1000000.xlsx,Sheet1,35,False,2.0794415416798357,2.6457513110645907,0,0.0,0,0.0,49.0,343.0
TS_NC_07d_035,EXP_TS_NC_07d,35,Normal Concrete,Control,,0,OPC 53 (UltraTech),7,Split Tensile Strength,1.939,150x300mm Cylinder,T Strenth Reading 1000000.xlsx,Sheet1,36,False,2.0794415416798357,2.6457513110645907,0,0.0,0,0.0,49.0,343.0
TS_NC_07d_036,EXP_TS_NC_07d,36,Normal Concrete,Control,,0,OPC 53 (UltraTech),7,Split Tensile Strength,1.774,150x300mm Cylinder,T Strenth Reading 1000000.xlsx,Sheet1,37,False,2.0794415416798357,2.6457513110645907,0,0.0,0,0.0,49.0,343.0
TS_NC_07d_037,EXP_TS_NC_07d,37,Normal Concrete,Control,,0,OPC 53 (UltraTech),7,Split Tensile Strength,1.8,150x300mm Cylinder,T Strenth Reading 1000000.xlsx,Sheet1,38,False,2.0794415416798357,2.6457513110645907,0,0.0,0,0.0,49.0,343.0
TS_NC_07d_038,EXP_TS_NC_07d,38,Normal Concrete,Control,,0,OPC 53 (UltraTech),7,Split Tensile Strength,1.903,150x300mm Cylinder,T Strenth Reading 1000000.xlsx,Sheet1,39,False,2.0794415416798357,2.6457513110645907,0,0.0,0,0.0,49.0,343.0
TS_NC_07d_039,EXP_TS_NC_07d,39,Normal Concrete,Control,,0,OPC 53 (UltraTech),7,Split Tensile Strength,1.668,150x300mm Cylinder,T Strenth Reading 1000000.xlsx,Sheet1,40,False,2.0794415416798357,2.6457513110645907,0,0.0,0,0.0,49.0,343.0
TS_NC_07d_040,EXP_TS_NC_07d,40,Normal Concrete,Control,,0,OPC 53 (UltraTech),7,Split Tensile Strength,1.843,150x300mm Cylinder,T Strenth Reading 1000000.xlsx,Sheet1,41,False,2.0794415416798357,2.6457513110645907,0,0.0,0,0.0,49.0,343.0
TS_NC_07d_041,EXP_TS_NC_07d,41,Normal Concrete,Control,,0,OPC 53 (UltraTech),7,Split Tensile Strength,1.679,150x300mm Cylinder,T Strenth Reading 1000000.xlsx,Sheet1,42,False,2.0794415416798357,2.6457513110645907,0,0.0,0,0.0,49.0,343.0
TS_NC_07d_042,EXP_TS_NC_07d,42,Normal Concrete,Control,,0,OPC 53 (UltraTech),7,Split Tensile Strength,1.541,150x300mm Cylinder,T Strenth Reading 1000000.xlsx,Sheet1,43,False,2.0794415416798357,2.6457513110645907,0,0.0,0,0.0,49.0,343.0
TS_NC_07d_043,EXP_TS_NC_07d,43,Normal Concrete,Control,,0,OPC 53 (UltraTech),7,Split Tensile Strength,1.741,150x300mm Cylinder,T Strenth Reading 1000000.xlsx,Sheet1,44,False,2.0794415416798357,2.6457513110645907,0,0.0,0,0.0,49.0,343.0
TS_NC_07d_044,EXP_TS_NC_07d,44,Normal Concrete,Control,,0,OPC 53 (UltraTech),7,Split Tensile Strength,1.886,150x300mm Cylinder,T Strenth Reading 1000000.xlsx,Sheet1,45,False,2.0794415416798357,2.6457513110645907,0,0.0,0,0.0,49.0,343.0
TS_NC_07d_045,EXP_TS_NC_07d,45,Normal Concrete,Control,,0,OPC 53 (UltraTech),7,Split Tensile Strength,1.851,150x300mm Cylinder,T Strenth Reading 1000000.xlsx,Sheet1,46,False,2.0794415416798357,2.6457513110645907,0,0.0,0,0.0,49.0,343.0
TS_NC_07d_046,EXP_TS_NC_07d,46,Normal Concrete,Control,,0,OPC 53 (UltraTech),7,Split Tensile Strength,1.798,150x300mm Cylinder,T Strenth Reading 1000000.xlsx,Sheet1,47,False,2.0794415416798357,2.6457513110645907,0,0.0,0,0.0,49.0,343.0
TS_NC_07d_047,EXP_TS_NC_07d,47,Normal Concrete,Control,,0,OPC 53 (UltraTech),7,Split Tensile Strength,2.159,150x300mm Cylinder,T Strenth Reading 1000000.xlsx,Sheet1,48,False,2.0794415416798357,2.6457513110645907,0,0.0,0,0.0,49.0,343.0
TS_NC_07d_048,EXP_TS_NC_07d,48,Normal Concrete,Control,,0,OPC 53 (UltraTech),7,Split Tensile Strength,1.862,150x300mm Cylinder,T Strenth Reading 1000000.xlsx,Sheet1,49,False,2.0794415416798357,2.6457513110645907,0,0.0,0,0.0,49.0,343.0
TS_NC_07d_049,EXP_TS_NC_07d,49,Normal Concrete,Control,,0,OPC 53 (UltraTech),7,Split Tensile Strength,1.947,150x300mm Cylinder,T Strenth Reading 1000000.xlsx,Sheet1,50,False,2.0794415416798357,2.6457513110645907,0,0.0,0,0.0,49.0,343.0
TS_NC_07d_050,EXP_TS_NC_07d,50,Normal Concrete,Control,,0,OPC 53 (UltraTech),7,Split Tensile Strength,2.136,150x300mm Cylinder,T Strenth Reading 1000000.xlsx,Sheet1,51,False,2.0794415416798357,2.6457513110645907,0,0.0,0,0.0,49.0,343.0
TS_NC_07d_051,EXP_TS_NC_07d,51,Normal Concrete,Control,,0,OPC 53 (UltraTech),7,Split Tensile Strength,1.606,150x300mm Cylinder,T Strenth Reading 1000000.xlsx,Sheet1,52,False,2.0794415416798357,2.6457513110645907,0,0.0,0,0.0,49.0,343.0
TS_NC_07d_052,EXP_TS_NC_07d,52,Normal Concrete,Control,,0,OPC 53 (UltraTech),7,Split Tensile Strength,1.644,150x300mm Cylinder,T Strenth Reading 1000000.xlsx,Sheet1,53,False,2.0794415416798357,2.6457513110645907,0,0.0,0,0.0,49.0,343.0
TS_NC_07d_053,EXP_TS_NC_07d,53,Normal Concrete,Control,,0,OPC 53 (UltraTech),7,Split Tensile Strength,2.062,150x300mm Cylinder,T Strenth Reading 1000000.xlsx,Sheet1,54,False,2.0794415416798357,2.6457513110645907,0,0.0,0,0.0,49.0,343.0
TS_NC_07d_054,EXP_TS_NC_07d,54,Normal Concrete,Control,,0,OPC 53 (UltraTech),7,Split Tensile Strength,1.68,150x300mm Cylinder,T Strenth Reading 1000000.xlsx,Sheet1,55,False,2.0794415416798357,2.6457513110645907,0,0.0,0,0.0,49.0,343.0
TS_NC_07d_055,EXP_TS_NC_07d,55,Normal Concrete,Control,,0,OPC 53 (UltraTech),7,Split Tensile Strength,1.804,150x300mm Cylinder,T Strenth Reading 1000000.xlsx,Sheet1,56,False,2.0794415416798357,2.6457513110645907,0,0.0,0,0.0,49.0,343.0
TS_NC_07d_056,EXP_TS_NC_07d,56,Normal Concrete,Control,,0,OPC 53 (UltraTech),7,Split Tensile Strength,1.96,150x300mm Cylinder,T Strenth Reading 1000000.xlsx,Sheet1,57,False,2.0794415416798357,2.6457513110645907,0,0.0,0,0.0,49.0,343.0
TS_NC_07d_057,EXP_TS_NC_07d,57,Normal Concrete,Control,,0,OPC 53 (UltraTech),7,Split Tensile Strength,1.934,150x300mm Cylinder,T Strenth Reading 1000000.xlsx,Sheet1,58,False,2.0794415416798357,2.6457513110645907,0,0.0,0,0.0,49.0,343.0
TS_NC_07d_058,EXP_TS_NC_07d,58,Normal Concrete,Control,,0,OPC 53 (UltraTech),7,Split Tensile Strength,2.063,150x300mm Cylinder,T Strenth Reading 1000000.xlsx,Sheet1,59,False,2.0794415416798357,2.6457513110645907,0,0.0,0,0.0,49.0,343.0
TS_NC_07d_059,EXP_TS_NC_07d,59,Normal Concrete,Control,,0,OPC 53 (UltraTech),7,Split Tensile Strength,2.024,150x300mm Cylinder,T Strenth Reading 1000000.xlsx,Sheet1,60,False,2.0794415416798357,2.6457513110645907,0,0.0,0,0.0,49.0,343.0
TS_NC_07d_060,EXP_TS_NC_07d,60,Normal Concrete,Control,,0,OPC 53 (UltraTech),7,Split Tensile Strength,1.96,150x300mm Cylinder,T Strenth Reading 1000000.xlsx,Sheet1,61,False,2.0794415416798357,2.6457513110645907,0,0.0,0,0.0,49.0,343.0
TS_NC_07d_061,EXP_TS_NC_07d,61,Normal Concrete,Control,,0,OPC 53 (UltraTech),7,Split Tensile Strength,1.684,150x300mm Cylinder,T Strenth Reading 1000000.xlsx,Sheet1,62,False,2.0794415416798357,2.6457513110645907,0,0.0,0,0.0,49.0,343.0
TS_NC_07d_062,EXP_TS_NC_07d,62,Normal Concrete,Control,,0,OPC 53 (UltraTech),7,Split Tensile Strength,1.919,150x300mm Cylinder,T Strenth Reading 1000000.xlsx,Sheet1,63,False,2.0794415416798357,2.6457513110645907,0,0.0,0,0.0,49.0,343.0
TS_NC_07d_063,EXP_TS_NC_07d,63,Normal Concrete,Control,,0,OPC 53 (UltraTech),7,Split Tensile Strength,1.847,150x300mm Cylinder,T Strenth Reading 1000000.xlsx,Sheet1,64,False,2.0794415416798357,2.6457513110645907,0,0.0,0,0.0,49.0,343.0
TS_NC_07d_064,EXP_TS_NC_07d,64,Normal Concrete,Control,,0,OPC 53 (UltraTech),7,Split Tensile Strength,1.601,150x300mm Cylinder,T Strenth Reading 1000000.xlsx,Sheet1,65,False,2.0794415416798357,2.6457513110645907,0,0.0,0,0.0,49.0,343.0
TS_NC_07d_065,EXP_TS_NC_07d,65,Normal Concrete,Control,,0,OPC 53 (UltraTech),7,Split Tensile Strength,2.013,150x300mm Cylinder,T Strenth Reading 1000000.xlsx,Sheet1,66,False,2.0794415416798357,2.6457513110645907,0,0.0,0,0.0,49.0,343.0
TS_NC_07d_066,EXP_TS_NC_07d,66,Normal Concrete,Control,,0,OPC 53 (UltraTech),7,Split Tensile Strength,1.921,150x300mm Cylinder,T Strenth Reading 1000000.xlsx,Sheet1,67,False,2.0794415416798357,2.6457513110645907,0,0.0,0,0.0,49.0,343.0
TS_NC_07d_067,EXP_TS_NC_07d,67,Normal Concrete,Control,,0,OPC 53 (UltraTech),7,Split Tensile Strength,1.807,150x300mm Cylinder,T Strenth Reading 1000000.xlsx,Sheet1,68,False,2.0794415416798357,2.6457513110645907,0,0.0,0,0.0,49.0,343.0
TS_NC_07d_068,EXP_TS_NC_07d,68,Normal Concrete,Control,,0,OPC 53 (UltraTech),7,Split Tensile Strength,1.765,150x300mm Cylinder,T Strenth Reading 1000000.xlsx,Sheet1,69,False,2.0794415416798357,2.6457513110645907,0,0.0,0,0.0,49.0,343.0
TS_NC_07d_069,EXP_TS_NC_07d,69,Normal Concrete,Control,,0,OPC 53 (UltraTech),7,Split Tensile Strength,1.62,150x300mm Cylinder,T Strenth Reading 1000000.xlsx,Sheet1,70,False,2.0794415416798357,2.6457513110645907,0,0.0,0,0.0,49.0,343.0
TS_NC_07d_070,EXP_TS_NC_07d,70,Normal Concrete,Control,,0,OPC 53 (UltraTech),7,Split Tensile Strength,1.83,150x300mm Cylinder,T Strenth Reading 1000000.xlsx,Sheet1,71,False,2.0794415416798357,2.6457513110645907,0,0.0,0,0.0,49.0,343.0
TS_NC_07d_071,EXP_TS_NC_07d,71,Normal Concrete,Control,,0,OPC 53 (UltraTech),7,Split Tensile Strength,1.87,150x300mm Cylinder,T Strenth Reading 1000000.xlsx,Sheet1,72,False,2.0794415416798357,2.6457513110645907,0,0.0,0,0.0,49.0,343.0
TS_NC_07d_072,EXP_TS_NC_07d,72,Normal Concrete,Control,,0,OPC 53 (UltraTech),7,Split Tensile Strength,1.675,150x300mm Cylinder,T Strenth Reading 1000000.xlsx,Sheet1,73,False,2.0794415416798357,2.6457513110645907,0,0.0,0,0.0,49.0,343.0
TS_NC_07d_073,EXP_TS_NC_07d,73,Normal Concrete,Control,,0,OPC 53 (UltraTech),7,Split Tensile Strength,1.974,150x300mm Cylinder,T Strenth Reading 1000000.xlsx,Sheet1,74,False,2.0794415416798357,2.6457513110645907,0,0.0,0,0.0,49.0,343.0
TS_NC_07d_074,EXP_TS_NC_07d,74,Normal Concrete,Control,,0,OPC 53 (UltraTech),7,Split Tensile Strength,1.635,150x300mm Cylinder,T Strenth Reading 1000000.xlsx,Sheet1,75,False,2.0794415416798357,2.6457513110645907,0,0.0,0,0.0,49.0,343.0
TS_NC_07d_075,EXP_TS_NC_07d,75,Normal Concrete,Control,,0,OPC 53 (UltraTech),7,Split Tensile Strength,1.482,150x300mm Cylinder,T Strenth Reading 1000000.xlsx,Sheet1,76,False,2.0794415416798357,2.6457513110645907,0,0.0,0,0.0,49.0,343.0
TS_NC_07d_076,EXP_TS_NC_07d,76,Normal Concrete,Control,,0,OPC 53 (UltraTech),7,Split Tensile Strength,1.956,150x300mm Cylinder,T Strenth Reading 1000000.xlsx,Sheet1,77,False,2.0794415416798357,2.6457513110645907,0,0.0,0,0.0,49.0,343.0
TS_NC_07d_077,EXP_TS_NC_07d,77,Normal Concrete,Control,,0,OPC 53 (UltraTech),7,Split Tensile Strength,1.739,150x300mm Cylinder,T Strenth Reading 1000000.xlsx,Sheet1,78,False,2.0794415416798357,2.6457513110645907,0,0.0,0,0.0,49.0,343.0
TS_NC_07d_078,EXP_TS_NC_07d,78,Normal Concrete,Control,,0,OPC 53 (UltraTech),7,Split Tensile Strength,1.781,150x300mm Cylinder,T Strenth Reading 1000000.xlsx,Sheet1,79,False,2.0794415416798357,2.6457513110645907,0,0.0,0,0.0,49.0,343.0
TS_NC_07d_079,EXP_TS_NC_07d,79,Normal Concrete,Control,,0,OPC 53 (UltraTech),7,Split Tensile Strength,1.674,150x300mm Cylinder,T Strenth Reading 1000000.xlsx,Sheet1,80,False,2.0794415416798357,2.6457513110645907,0,0.0,0,0.0,49.0,343.0
TS_NC_07d_080,EXP_TS_NC_07d,80,Normal Concrete,Control,,0,OPC 53 (UltraTech),7,Split Tensile Strength,1.559,150x300mm Cylinder,T Strenth Reading 1000000.xlsx,Sheet1,81,False,2.0794415416798357,2.6457513110645907,0,0.0,0,0.0,49.0,343.0
TS_NC_07d_081,EXP_TS_NC_07d,81,Normal Concrete,Control,,0,OPC 53 (UltraTech),7,Split Tensile Strength,1.988,150x300mm Cylinder,T Strenth Reading 1000000.xlsx,Sheet1,82,False,2.0794415416798357,2.6457513110645907,0,0.0,0,0.0,49.0,343.0
TS_NC_07d_082,EXP_TS_NC_07d,82,Normal Concrete,Control,,0,OPC 53 (UltraTech),7,Split Tensile Strength,1.697,150x300mm Cylinder,T Strenth Reading 1000000.xlsx,Sheet1,83,False,2.0794415416798357,2.6457513110645907,0,0.0,0,0.0,49.0,343.0
TS_NC_07d_083,EXP_TS_NC_07d,83,Normal Concrete,Control,,0,OPC 53 (UltraTech),7,Split Tensile Strength,2.049,150x300mm Cylinder,T Strenth Reading 1000000.xlsx,Sheet1,84,False,2.0794415416798357,2.6457513110645907,0,0.0,0,0.0,49.0,343.0
TS_NC_07d_084,EXP_TS_NC_07d,84,Normal Concrete,Control,,0,OPC 53 (UltraTech),7,Split Tensile Strength,1.921,150x300mm Cylinder,T Strenth Reading 1000000.xlsx,Sheet1,85,False,2.0794415416798357,2.6457513110645907,0,0.0,0,0.0,49.0,343.0
TS_NC_07d_085,EXP_TS_NC_07d,85,Normal Concrete,Control,,0,OPC 53 (UltraTech),7,Split Tensile Strength,1.753,150x300mm Cylinder,T Strenth Reading 1000000.xlsx,Sheet1,86,False,2.0794415416798357,2.6457513110645907,0,0.0,0,0.0,49.0,343.0
TS_NC_07d_086,EXP_TS_NC_07d,86,Normal Concrete,Control,,0,OPC 53 (UltraTech),7,Split Tensile Strength,1.637,150x300mm Cylinder,T Strenth Reading 1000000.xlsx,Sheet1,87,False,2.0794415416798357,2.6457513110645907,0,0.0,0,0.0,49.0,343.0
TS_NC_07d_087,EXP_TS_NC_07d,87,Normal Concrete,Control,,0,OPC 53 (UltraTech),7,Split Tensile Strength,1.69,150x300mm Cylinder,T Strenth Reading 1000000.xlsx,Sheet1,88,False,2.0794415416798357,2.6457513110645907,0,0.0,0,0.0,49.0,343.0
TS_NC_07d_088,EXP_TS_NC_07d,88,Normal Concrete,Control,,0,OPC 53 (UltraTech),7,Split Tensile Strength,1.618,150x300mm Cylinder,T Strenth Reading 1000000.xlsx,Sheet1,89,False,2.0794415416798357,2.6457513110645907,0,0.0,0,0.0,49.0,343.0
TS_NC_07d_089,EXP_TS_NC_07d,89,Normal Concrete,Control,,0,OPC 53 (UltraTech),7,Split Tensile Strength,2.113,150x300mm Cylinder,T Strenth Reading 1000000.xlsx,Sheet1,90,False,2.0794415416798357,2.6457513110645907,0,0.0,0,0.0,49.0,343.0
TS_NC_07d_090,EXP_TS_NC_07d,90,Normal Concrete,Control,,0,OPC 53 (UltraTech),7,Split Tensile Strength,1.825,150x300mm Cylinder,T Strenth Reading 1000000.xlsx,Sheet1,91,False,2.0794415416798357,2.6457513110645907,0,0.0,0,0.0,49.0,343.0
TS_NC_07d_091,EXP_TS_NC_07d,91,Normal Concrete,Control,,0,OPC 53 (UltraTech),7,Split Tensile Strength,1.973,150x300mm Cylinder,T Strenth Reading 1000000.xlsx,Sheet1,92,False,2.0794415416798357,2.6457513110645907,0,0.0,0,0.0,49.0,343.0
TS_NC_07d_092,EXP_TS_NC_07d,92,Normal Concrete,Control,,0,OPC 53 (UltraTech),7,Split Tensile Strength,1.61,150x300mm Cylinder,T Strenth Reading 1000000.xlsx,Sheet1,93,False,2.0794415416798357,2.6457513110645907,0,0.0,0,0.0,49.0,343.0
TS_NC_07d_093,EXP_TS_NC_07d,93,Normal Concrete,Control,,0,OPC 53 (UltraTech),7,Split Tensile Strength,1.827,150x300mm Cylinder,T Strenth Reading 1000000.xlsx,Sheet1,94,False,2.0794415416798357,2.6457513110645907,0,0.0,0,0.0,49.0,343.0
TS_NC_07d_094,EXP_TS_NC_07d,94,Normal Concrete,Control,,0,OPC 53 (UltraTech),7,Split Tensile Strength,1.977,150x300mm Cylinder,T Strenth Reading 1000000.xlsx,Sheet1,95,False,2.0794415416798357,2.6457513110645907,0,0.0,0,0.0,49.0,343.0
TS_NC_07d_095,EXP_TS_NC_07d,95,Normal Concrete,Control,,0,OPC 53 (UltraTech),7,Split Tensile Strength,1.75,150x300mm Cylinder,T Strenth Reading 1000000.xlsx,Sheet1,96,False,2.0794415416798357,2.6457513110645907,0,0.0,0,0.0,49.0,343.0
TS_NC_07d_096,EXP_TS_NC_07d,96,Normal Concrete,Control,,0,OPC 53 (UltraTech),7,Split Tensile Strength,1.955,150x300mm Cylinder,T Strenth Reading 1000000.xlsx,Sheet1,97,False,2.0794415416798357,2.6457513110645907,0,0.0,0,0.0,49.0,343.0
TS_NC_07d_097,EXP_TS_NC_07d,97,Normal Concrete,Control,,0,OPC 53 (UltraTech),7,Split Tensile Strength,1.637,150x300mm Cylinder,T Strenth Reading 1000000.xlsx,Sheet1,98,False,2.0794415416798357,2.6457513110645907,0,0.0,0,0.0,49.0,343.0
TS_NC_07d_098,EXP_TS_NC_07d,98,Normal Concrete,Control,,0,OPC 53 (UltraTech),7,Split Tensile Strength,1.595,150x300mm Cylinder,T Strenth Reading 1000000.xlsx,Sheet1,99,False,2.0794415416798357,2.6457513110645907,0,0.0,0,0.0,49.0,343.0
TS_NC_07d_099,EXP_TS_NC_07d,99,Normal Concrete,Control,,0,OPC 53 (UltraTech),7,Split Tensile Strength,1.857,150x300mm Cylinder,T Strenth Reading 1000000.xlsx,Sheet1,100,False,2.0794415416798357,2.6457513110645907,0,0.0,0,0.0,49.0,343.0
TS_NC_07d_100,EXP_TS_NC_07d,100,Normal Concrete,Control,,0,OPC 53 (UltraTech),7,Split Tensile Strength,1.743,150x300mm Cylinder,T Strenth Reading 1000000.xlsx,Sheet1,101,False,2.0794415416798357,2.6457513110645907,0,0.0,0,0.0,49.0,343.0
TS_NC_14d_001,EXP_TS_NC_14d,1,Normal Concrete,Control,,0,OPC 53 (UltraTech),14,Split Tensile Strength,2.296,150x300mm Cylinder,T Strenth Reading 1000000.xlsx,Sheet1,102,False,2.70805020110221,3.7416573867739413,0,0.0,0,0.0,196.0,2744.0
TS_NC_14d_002,EXP_TS_NC_14d,2,Normal Concrete,Control,,0,OPC 53 (UltraTech),14,Split Tensile Strength,1.903,150x300mm Cylinder,T Strenth Reading 1000000.xlsx,Sheet1,103,False,2.70805020110221,3.7416573867739413,0,0.0,0,0.0,196.0,2744.0
TS_NC_14d_003,EXP_TS_NC_14d,3,Normal Concrete,Control,,0,OPC 53 (UltraTech),14,Split Tensile Strength,2.307,150x300mm Cylinder,T Strenth Reading 1000000.xlsx,Sheet1,104,False,2.70805020110221,3.7416573867739413,0,0.0,0,0.0,196.0,2744.0
TS_NC_14d_004,EXP_TS_NC_14d,4,Normal Concrete,Control,,0,OPC 53 (UltraTech),14,Split Tensile Strength,2.59,150x300mm Cylinder,T Strenth Reading 1000000.xlsx,Sheet1,105,False,2.70805020110221,3.7416573867739413,0,0.0,0,0.0,196.0,2744.0
TS_NC_14d_005,EXP_TS_NC_14d,5,Normal Concrete,Control,,0,OPC 53 (UltraTech),14,Split Tensile Strength,2.196,150x300mm Cylinder,T Strenth Reading 1000000.xlsx,Sheet1,106,False,2.70805020110221,3.7416573867739413,0,0.0,0,0.0,196.0,2744.0
TS_NC_14d_006,EXP_TS_NC_14d,6,Normal Concrete,Control,,0,OPC 53 (UltraTech),14,Split Tensile Strength,2.205,150x300mm Cylinder,T Strenth Reading 1000000.xlsx,Sheet1,107,False,2.70805020110221,3.7416573867739413,0,0.0,0,0.0,196.0,2744.0
TS_NC_14d_007,EXP_TS_NC_14d,7,Normal Concrete,Control,,0,OPC 53 (UltraTech),14,Split Tensile Strength,2.227,150x300mm Cylinder,T Strenth Reading 1000000.xlsx,Sheet1,108,False,2.70805020110221,3.7416573867739413,0,0.0,0,0.0,196.0,2744.0
TS_NC_14d_008,EXP_TS_NC_14d,8,Normal Concrete,Control,,0,OPC 53 (UltraTech),14,Split Tensile Strength,1.921,150x300mm Cylinder,T Strenth Reading 1000000.xlsx,Sheet1,109,False,2.70805020110221,3.7416573867739413,0,0.0,0,0.0,196.0,2744.0
TS_NC_14d_009,EXP_TS_NC_14d,9,Normal Concrete,Control,,0,OPC 53 (UltraTech),14,Split Tensile Strength,2.264,150x300mm Cylinder,T Strenth Reading 1000000.xlsx,Sheet1,110,False,2.70805020110221,3.7416573867739413,0,0.0,0,0.0,196.0,2744.0
TS_NC_14d_010,EXP_TS_NC_14d,10,Normal Concrete,Control,,0,OPC 53 (UltraTech),14,Split Tensile Strength,1.959,150x300mm Cylinder,T Strenth Reading 1000000.xlsx,Sheet1,111,False,2.70805020110221,3.7416573867739413,0,0.0,0,0.0,196.0,2744.0
TS_NC_14d_011,EXP_TS_NC_14d,11,Normal Concrete,Control,,0,OPC 53 (UltraTech),14,Split Tensile Strength,2.136,150x300mm Cylinder,T Strenth Reading 1000000.xlsx,Sheet1,112,False,2.70805020110221,3.7416573867739413,0,0.0,0,0.0,196.0,2744.0
TS_NC_14d_012,EXP_TS_NC_14d,12,Normal Concrete,Control,,0,OPC 53 (UltraTech),14,Split Tensile Strength,2.386,150x300mm Cylinder,T Strenth Reading 1000000.xlsx,Sheet1,113,False,2.70805020110221,3.7416573867739413,0,0.0,0,0.0,196.0,2744.0
TS_NC_14d_013,EXP_TS_NC_14d,13,Normal Concrete,Control,,0,OPC 53 (UltraTech),14,Split Tensile Strength,2.09,150x300mm Cylinder,T Strenth Reading 1000000.xlsx,Sheet1,114,False,2.70805020110221,3.7416573867739413,0,0.0,0,0.0,196.0,2744.0
TS_NC_14d_014,EXP_TS_NC_14d,14,Normal Concrete,Control,,0,OPC 53 (UltraTech),14,Split Tensile Strength,2.275,150x300mm Cylinder,T Strenth Reading 1000000.xlsx,Sheet1,115,False,2.70805020110221,3.7416573867739413,0,0.0,0,0.0,196.0,2744.0
TS_NC_14d_015,EXP_TS_NC_14d,15,Normal Concrete,Control,,0,OPC 53 (UltraTech),14,Split Tensile Strength,2.352,150x300mm Cylinder,T Strenth Reading 1000000.xlsx,Sheet1,116,False,2.70805020110221,3.7416573867739413,0,0.0,0,0.0,196.0,2744.0
TS_NC_14d_016,EXP_TS_NC_14d,16,Normal Concrete,Control,,0,OPC 53 (UltraTech),14,Split Tensile Strength,2.242,150x300mm Cylinder,T Strenth Reading 1000000.xlsx,Sheet1,117,False,2.70805020110221,3.7416573867739413,0,0.0,0,0.0,196.0,2744.0
TS_NC_14d_017,EXP_TS_NC_14d,17,Normal Concrete,Control,,0,OPC 53 (UltraTech),14,Split Tensile Strength,1.994,150x300mm Cylinder,T Strenth Reading 1000000.xlsx,Sheet1,118,False,2.70805020110221,3.7416573867739413,0,0.0,0,0.0,196.0,2744.0
TS_NC_14d_018,EXP_TS_NC_14d,18,Normal Concrete,Control,,0,OPC 53 (UltraTech),14,Split Tensile Strength,2.15,150x300mm Cylinder,T Strenth Reading 1000000.xlsx,Sheet1,119,False,2.70805020110221,3.7416573867739413,0,0.0,0,0.0,196.0,2744.0
TS_NC_14d_019,EXP_TS_NC_14d,19,Normal Concrete,Control,,0,OPC 53 (UltraTech),14,Split Tensile Strength,2.494,150x300mm Cylinder,T Strenth Reading 1000000.xlsx,Sheet1,120,False,2.70805020110221,3.7416573867739413,0,0.0,0,0.0,196.0,2744.0
TS_NC_14d_020,EXP_TS_NC_14d,20,Normal Concrete,Control,,0,OPC 53 (UltraTech),14,Split Tensile Strength,1.896,150x300mm Cylinder,T Strenth Reading 1000000.xlsx,Sheet1,121,False,2.70805020110221,3.7416573867739413,0,0.0,0,0.0,196.0,2744.0
TS_NC_14d_021,EXP_TS_NC_14d,21,Normal Concrete,Control,,0,OPC 53 (UltraTech),14,Split Tensile Strength,2.159,150x300mm Cylinder,T Strenth Reading 1000000.xlsx,Sheet1,122,False,2.70805020110221,3.7416573867739413,0,0.0,0,0.0,196.0,2744.0
TS_NC_14d_022,EXP_TS_NC_14d,22,Normal Concrete,Control,,0,OPC 53 (UltraTech),14,Split Tensile Strength,2.117,150x300mm Cylinder,T Strenth Reading 1000000.xlsx,Sheet1,123,False,2.70805020110221,3.7416573867739413,0,0.0,0,0.0,196.0,2744.0
TS_NC_14d_023,EXP_TS_NC_14d,23,Normal Concrete,Control,,0,OPC 53 (UltraTech),14,Split Tensile Strength,2.218,150x300mm Cylinder,T Strenth Reading 1000000.xlsx,Sheet1,124,False,2.70805020110221,3.7416573867739413,0,0.0,0,0.0,196.0,2744.0
TS_NC_14d_024,EXP_TS_NC_14d,24,Normal Concrete,Control,,0,OPC 53 (UltraTech),14,Split Tensile Strength,2.312,150x300mm Cylinder,T Strenth Reading 1000000.xlsx,Sheet1,125,False,2.70805020110221,3.7416573867739413,0,0.0,0,0.0,196.0,2744.0
TS_NC_14d_025,EXP_TS_NC_14d,25,Normal Concrete,Control,,0,OPC 53 (UltraTech),14,Split Tensile Strength,2.441,150x300mm Cylinder,T Strenth Reading 1000000.xlsx,Sheet1,126,False,2.70805020110221,3.7416573867739413,0,0.0,0,0.0,196.0,2744.0
TS_NC_14d_026,EXP_TS_NC_14d,26,Normal Concrete,Control,,0,OPC 53 (UltraTech),14,Split Tensile Strength,2.159,150x300mm Cylinder,T Strenth Reading 1000000.xlsx,Sheet1,127,False,2.70805020110221,3.7416573867739413,0,0.0,0,0.0,196.0,2744.0
TS_NC_14d_027,EXP_TS_NC_14d,27,Normal Concrete,Control,,0,OPC 53 (UltraTech),14,Split Tensile Strength,2.322,150x300mm Cylinder,T Strenth Reading 1000000.xlsx,Sheet1,128,False,2.70805020110221,3.7416573867739413,0,0.0,0,0.0,196.0,2744.0
TS_NC_14d_028,EXP_TS_NC_14d,28,Normal Concrete,Control,,0,OPC 53 (UltraTech),14,Split Tensile Strength,2.275,150x300mm Cylinder,T Strenth Reading 1000000.xlsx,Sheet1,129,False,2.70805020110221,3.7416573867739413,0,0.0,0,0.0,196.0,2744.0
TS_NC_14d_029,EXP_TS_NC_14d,29,Normal Concrete,Control,,0,OPC 53 (UltraTech),14,Split Tensile Strength,2.271,150x300mm Cylinder,T Strenth Reading 1000000.xlsx,Sheet1,130,False,2.70805020110221,3.7416573867739413,0,0.0,0,0.0,196.0,2744.0
TS_NC_14d_030,EXP_TS_NC_14d,30,Normal Concrete,Control,,0,OPC 53 (UltraTech),14,Split Tensile Strength,2.115,150x300mm Cylinder,T Strenth Reading 1000000.xlsx,Sheet1,131,False,2.70805020110221,3.7416573867739413,0,0.0,0,0.0,196.0,2744.0
TS_NC_14d_031,EXP_TS_NC_14d,31,Normal Concrete,Control,,0,OPC 53 (UltraTech),14,Split Tensile Strength,2.05,150x300mm Cylinder,T Strenth Reading 1000000.xlsx,Sheet1,132,False,2.70805020110221,3.7416573867739413,0,0.0,0,0.0,196.0,2744.0
TS_NC_14d_032,EXP_TS_NC_14d,32,Normal Concrete,Control,,0,OPC 53 (UltraTech),14,Split Tensile Strength,2.035,150x300mm Cylinder,T Strenth Reading 1000000.xlsx,Sheet1,133,False,2.70805020110221,3.7416573867739413,0,0.0,0,0.0,196.0,2744.0
TS_NC_14d_033,EXP_TS_NC_14d,33,Normal Concrete,Control,,0,OPC 53 (UltraTech),14,Split Tensile Strength,2.087,150x300mm Cylinder,T Strenth Reading 1000000.xlsx,Sheet1,134,False,2.70805020110221,3.7416573867739413,0,0.0,0,0.0,196.0,2744.0
TS_NC_14d_034,EXP_TS_NC_14d,34,Normal Concrete,Control,,0,OPC 53 (UltraTech),14,Split Tensile Strength,2.248,150x300mm Cylinder,T Strenth Reading 1000000.xlsx,Sheet1,135,False,2.70805020110221,3.7416573867739413,0,0.0,0,0.0,196.0,2744.0
TS_NC_14d_035,EXP_TS_NC_14d,35,Normal Concrete,Control,,0,OPC 53 (UltraTech),14,Split Tensile Strength,2.314,150x300mm Cylinder,T Strenth Reading 1000000.xlsx,Sheet1,136,False,2.70805020110221,3.7416573867739413,0,0.0,0,0.0,196.0,2744.0
TS_NC_14d_036,EXP_TS_NC_14d,36,Normal Concrete,Control,,0,OPC 53 (UltraTech),14,Split Tensile Strength,2.249,150x300mm Cylinder,T Strenth Reading 1000000.xlsx,Sheet1,137,False,2.70805020110221,3.7416573867739413,0,0.0,0,0.0,196.0,2744.0
TS_NC_14d_037,EXP_TS_NC_14d,37,Normal Concrete,Control,,0,OPC 53 (UltraTech),14,Split Tensile Strength,2.118,150x300mm Cylinder,T Strenth Reading 1000000.xlsx,Sheet1,138,False,2.70805020110221,3.7416573867739413,0,0.0,0,0.0,196.0,2744.0
TS_NC_14d_038,EXP_TS_NC_14d,38,Normal Concrete,Control,,0,OPC 53 (UltraTech),14,Split Tensile Strength,2.471,150x300mm Cylinder,T Strenth Reading 1000000.xlsx,Sheet1,139,False,2.70805020110221,3.7416573867739413,0,0.0,0,0.0,196.0,2744.0
TS_NC_14d_039,EXP_TS_NC_14d,39,Normal Concrete,Control,,0,OPC 53 (UltraTech),14,Split Tensile Strength,2.428,150x300mm Cylinder,T Strenth Reading 1000000.xlsx,Sheet1,140,False,2.70805020110221,3.7416573867739413,0,0.0,0,0.0,196.0,2744.0
TS_NC_14d_040,EXP_TS_NC_14d,40,Normal Concrete,Control,,0,OPC 53 (UltraTech),14,Split Tensile Strength,2.147,150x300mm Cylinder,T Strenth Reading 1000000.xlsx,Sheet1,141,False,2.70805020110221,3.7416573867739413,0,0.0,0,0.0,196.0,2744.0
TS_NC_14d_041,EXP_TS_NC_14d,41,Normal Concrete,Control,,0,OPC 53 (UltraTech),14,Split Tensile Strength,2.076,150x300mm Cylinder,T Strenth Reading 1000000.xlsx,Sheet1,142,False,2.70805020110221,3.7416573867739413,0,0.0,0,0.0,196.0,2744.0
TS_NC_14d_042,EXP_TS_NC_14d,42,Normal Concrete,Control,,0,OPC 53 (UltraTech),14,Split Tensile Strength,2.22,150x300mm Cylinder,T Strenth Reading 1000000.xlsx,Sheet1,143,False,2.70805020110221,3.7416573867739413,0,0.0,0,0.0,196.0,2744.0
TS_NC_14d_043,EXP_TS_NC_14d,43,Normal Concrete,Control,,0,OPC 53 (UltraTech),14,Split Tensile Strength,2.39,150x300mm Cylinder,T Strenth Reading 1000000.xlsx,Sheet1,144,False,2.70805020110221,3.7416573867739413,0,0.0,0,0.0,196.0,2744.0
TS_NC_14d_044,EXP_TS_NC_14d,44,Normal Concrete,Control,,0,OPC 53 (UltraTech),14,Split Tensile Strength,2.25,150x300mm Cylinder,T Strenth Reading 1000000.xlsx,Sheet1,145,False,2.70805020110221,3.7416573867739413,0,0.0,0,0.0,196.0,2744.0
TS_NC_14d_045,EXP_TS_NC_14d,45,Normal Concrete,Control,,0,OPC 53 (UltraTech),14,Split Tensile Strength,2.283,150x300mm Cylinder,T Strenth Reading 1000000.xlsx,Sheet1,146,False,2.70805020110221,3.7416573867739413,0,0.0,0,0.0,196.0,2744.0
TS_NC_14d_046,EXP_TS_NC_14d,46,Normal Concrete,Control,,0,OPC 53 (UltraTech),14,Split Tensile Strength,2.168,150x300mm Cylinder,T Strenth Reading 1000000.xlsx,Sheet1,147,False,2.70805020110221,3.7416573867739413,0,0.0,0,0.0,196.0,2744.0
TS_NC_14d_047,EXP_TS_NC_14d,47,Normal Concrete,Control,,0,OPC 53 (UltraTech),14,Split Tensile Strength,2.268,150x300mm Cylinder,T Strenth Reading 1000000.xlsx,Sheet1,148,False,2.70805020110221,3.7416573867739413,0,0.0,0,0.0,196.0,2744.0
TS_NC_14d_048,EXP_TS_NC_14d,48,Normal Concrete,Control,,0,OPC 53 (UltraTech),14,Split Tensile Strength,2.432,150x300mm Cylinder,T Strenth Reading 1000000.xlsx,Sheet1,149,False,2.70805020110221,3.7416573867739413,0,0.0,0,0.0,196.0,2744.0
TS_NC_14d_049,EXP_TS_NC_14d,49,Normal Concrete,Control,,0,OPC 53 (UltraTech),14,Split Tensile Strength,2.164,150x300mm Cylinder,T Strenth Reading 1000000.xlsx,Sheet1,150,False,2.70805020110221,3.7416573867739413,0,0.0,0,0.0,196.0,2744.0
TS_NC_14d_050,EXP_TS_NC_14d,50,Normal Concrete,Control,,0,OPC 53 (UltraTech),14,Split Tensile Strength,2.221,150x300mm Cylinder,T Strenth Reading 1000000.xlsx,Sheet1,151,False,2.70805020110221,3.7416573867739413,0,0.0,0,0.0,196.0,2744.0
TS_NC_14d_051,EXP_TS_NC_14d,51,Normal Concrete,Control,,0,OPC 53 (UltraTech),14,Split Tensile Strength,2.238,150x300mm Cylinder,T Strenth Reading 1000000.xlsx,Sheet1,152,False,2.70805020110221,3.7416573867739413,0,0.0,0,0.0,196.0,2744.0
TS_NC_14d_052,EXP_TS_NC_14d,52,Normal Concrete,Control,,0,OPC 53 (UltraTech),14,Split Tensile Strength,2.243,150x300mm Cylinder,T Strenth Reading 1000000.xlsx,Sheet1,153,False,2.70805020110221,3.7416573867739413,0,0.0,0,0.0,196.0,2744.0
TS_NC_14d_053,EXP_TS_NC_14d,53,Normal Concrete,Control,,0,OPC 53 (UltraTech),14,Split Tensile Strength,1.988,150x300mm Cylinder,T Strenth Reading 1000000.xlsx,Sheet1,154,False,2.70805020110221,3.7416573867739413,0,0.0,0,0.0,196.0,2744.0
TS_NC_14d_054,EXP_TS_NC_14d,54,Normal Concrete,Control,,0,OPC 53 (UltraTech),14,Split Tensile Strength,1.918,150x300mm Cylinder,T Strenth Reading 1000000.xlsx,Sheet1,155,False,2.70805020110221,3.7416573867739413,0,0.0,0,0.0,196.0,2744.0
TS_NC_14d_055,EXP_TS_NC_14d,55,Normal Concrete,Control,,0,OPC 53 (UltraTech),14,Split Tensile Strength,2.047,150x300mm Cylinder,T Strenth Reading 1000000.xlsx,Sheet1,156,False,2.70805020110221,3.7416573867739413,0,0.0,0,0.0,196.0,2744.0
TS_NC_14d_056,EXP_TS_NC_14d,56,Normal Concrete,Control,,0,OPC 53 (UltraTech),14,Split Tensile Strength,2.225,150x300mm Cylinder,T Strenth Reading 1000000.xlsx,Sheet1,157,False,2.70805020110221,3.7416573867739413,0,0.0,0,0.0,196.0,2744.0
TS_NC_14d_057,EXP_TS_NC_14d,57,Normal Concrete,Control,,0,OPC 53 (UltraTech),14,Split Tensile Strength,2.283,150x300mm Cylinder,T Strenth Reading 1000000.xlsx,Sheet1,158,False,2.70805020110221,3.7416573867739413,0,0.0,0,0.0,196.0,2744.0
TS_NC_14d_058,EXP_TS_NC_14d,58,Normal Concrete,Control,,0,OPC 53 (UltraTech),14,Split Tensile Strength,2.12,150x300mm Cylinder,T Strenth Reading 1000000.xlsx,Sheet1,159,False,2.70805020110221,3.7416573867739413,0,0.0,0,0.0,196.0,2744.0
TS_NC_14d_059,EXP_TS_NC_14d,59,Normal Concrete,Control,,0,OPC 53 (UltraTech),14,Split Tensile Strength,2.407,150x300mm Cylinder,T Strenth Reading 1000000.xlsx,Sheet1,160,False,2.70805020110221,3.7416573867739413,0,0.0,0,0.0,196.0,2744.0
TS_NC_14d_060,EXP_TS_NC_14d,60,Normal Concrete,Control,,0,OPC 53 (UltraTech),14,Split Tensile Strength,2.179,150x300mm Cylinder,T Strenth Reading 1000000.xlsx,Sheet1,161,False,2.70805020110221,3.7416573867739413,0,0.0,0,0.0,196.0,2744.0
TS_NC_14d_061,EXP_TS_NC_14d,61,Normal Concrete,Control,,0,OPC 53 (UltraTech),14,Split Tensile Strength,2.203,150x300mm Cylinder,T Strenth Reading 1000000.xlsx,Sheet1,162,False,2.70805020110221,3.7416573867739413,0,0.0,0,0.0,196.0,2744.0
TS_NC_14d_062,EXP_TS_NC_14d,62,Normal Concrete,Control,,0,OPC 53 (UltraTech),14,Split Tensile Strength,2.171,150x300mm Cylinder,T Strenth Reading 1000000.xlsx,Sheet1,163,False,2.70805020110221,3.7416573867739413,0,0.0,0,0.0,196.0,2744.0
TS_NC_14d_063,EXP_TS_NC_14d,63,Normal Concrete,Control,,0,OPC 53 (UltraTech),14,Split Tensile Strength,2.22,150x300mm Cylinder,T Strenth Reading 1000000.xlsx,Sheet1,164,False,2.70805020110221,3.7416573867739413,0,0.0,0,0.0,196.0,2744.0
TS_NC_14d_064,EXP_TS_NC_14d,64,Normal Concrete,Control,,0,OPC 53 (UltraTech),14,Split Tensile Strength,2.306,150x300mm Cylinder,T Strenth Reading 1000000.xlsx,Sheet1,165,False,2.70805020110221,3.7416573867739413,0,0.0,0,0.0,196.0,2744.0
TS_NC_14d_065,EXP_TS_NC_14d,65,Normal Concrete,Control,,0,OPC 53 (UltraTech),14,Split Tensile Strength,2.3,150x300mm Cylinder,T Strenth Reading 1000000.xlsx,Sheet1,166,False,2.70805020110221,3.7416573867739413,0,0.0,0,0.0,196.0,2744.0
TS_NC_14d_066,EXP_TS_NC_14d,66,Normal Concrete,Control,,0,OPC 53 (UltraTech),14,Split Tensile Strength,2.065,150x300mm Cylinder,T Strenth Reading 1000000.xlsx,Sheet1,167,False,2.70805020110221,3.7416573867739413,0,0.0,0,0.0,196.0,2744.0
TS_NC_14d_067,EXP_TS_NC_14d,67,Normal Concrete,Control,,0,OPC 53 (UltraTech),14,Split Tensile Strength,2.429,150x300mm Cylinder,T Strenth Reading 1000000.xlsx,Sheet1,168,False,2.70805020110221,3.7416573867739413,0,0.0,0,0.0,196.0,2744.0
TS_NC_14d_068,EXP_TS_NC_14d,68,Normal Concrete,Control,,0,OPC 53 (UltraTech),14,Split Tensile Strength,2.036,150x300mm Cylinder,T Strenth Reading 1000000.xlsx,Sheet1,169,False,2.70805020110221,3.7416573867739413,0,0.0,0,0.0,196.0,2744.0
TS_NC_14d_069,EXP_TS_NC_14d,69,Normal Concrete,Control,,0,OPC 53 (UltraTech),14,Split Tensile Strength,2.212,150x300mm Cylinder,T Strenth Reading 1000000.xlsx,Sheet1,170,False,2.70805020110221,3.7416573867739413,0,0.0,0,0.0,196.0,2744.0
TS_NC_14d_070,EXP_TS_NC_14d,70,Normal Concrete,Control,,0,OPC 53 (UltraTech),14,Split Tensile Strength,2.159,150x300mm Cylinder,T Strenth Reading 1000000.xlsx,Sheet1,171,False,2.70805020110221,3.7416573867739413,0,0.0,0,0.0,196.0,2744.0
TS_NC_14d_071,EXP_TS_NC_14d,71,Normal Concrete,Control,,0,OPC 53 (UltraTech),14,Split Tensile Strength,2.043,150x300mm Cylinder,T Strenth Reading 1000000.xlsx,Sheet1,172,False,2.70805020110221,3.7416573867739413,0,0.0,0,0.0,196.0,2744.0
TS_NC_14d_072,EXP_TS_NC_14d,72,Normal Concrete,Control,,0,OPC 53 (UltraTech),14,Split Tensile Strength,2.189,150x300mm Cylinder,T Strenth Reading 1000000.xlsx,Sheet1,173,False,2.70805020110221,3.7416573867739413,0,0.0,0,0.0,196.0,2744.0
TS_NC_14d_073,EXP_TS_NC_14d,73,Normal Concrete,Control,,0,OPC 53 (UltraTech),14,Split Tensile Strength,2.089,150x300mm Cylinder,T Strenth Reading 1000000.xlsx,Sheet1,174,False,2.70805020110221,3.7416573867739413,0,0.0,0,0.0,196.0,2744.0
TS_NC_14d_074,EXP_TS_NC_14d,74,Normal Concrete,Control,,0,OPC 53 (UltraTech),14,Split Tensile Strength,2.211,150x300mm Cylinder,T Strenth Reading 1000000.xlsx,Sheet1,175,False,2.70805020110221,3.7416573867739413,0,0.0,0,0.0,196.0,2744.0
TS_NC_14d_075,EXP_TS_NC_14d,75,Normal Concrete,Control,,0,OPC 53 (UltraTech),14,Split Tensile Strength,2.26,150x300mm Cylinder,T Strenth Reading 1000000.xlsx,Sheet1,176,False,2.70805020110221,3.7416573867739413,0,0.0,0,0.0,196.0,2744.0
TS_NC_14d_076,EXP_TS_NC_14d,76,Normal Concrete,Control,,0,OPC 53 (UltraTech),14,Split Tensile Strength,2.421,150x300mm Cylinder,T Strenth Reading 1000000.xlsx,Sheet1,177,False,2.70805020110221,3.7416573867739413,0,0.0,0,0.0,196.0,2744.0
TS_NC_14d_077,EXP_TS_NC_14d,77,Normal Concrete,Control,,0,OPC 53 (UltraTech),14,Split Tensile Strength,2.246,150x300mm Cylinder,T Strenth Reading 1000000.xlsx,Sheet1,178,False,2.70805020110221,3.7416573867739413,0,0.0,0,0.0,196.0,2744.0
TS_NC_14d_078,EXP_TS_NC_14d,78,Normal Concrete,Control,,0,OPC 53 (UltraTech),14,Split Tensile Strength,2.108,150x300mm Cylinder,T Strenth Reading 1000000.xlsx,Sheet1,179,False,2.70805020110221,3.7416573867739413,0,0.0,0,0.0,196.0,2744.0
TS_NC_14d_079,EXP_TS_NC_14d,79,Normal Concrete,Control,,0,OPC 53 (UltraTech),14,Split Tensile Strength,2.141,150x300mm Cylinder,T Strenth Reading 1000000.xlsx,Sheet1,180,False,2.70805020110221,3.7416573867739413,0,0.0,0,0.0,196.0,2744.0
TS_NC_14d_080,EXP_TS_NC_14d,80,Normal Concrete,Control,,0,OPC 53 (UltraTech),14,Split Tensile Strength,2.221,150x300mm Cylinder,T Strenth Reading 1000000.xlsx,Sheet1,181,False,2.70805020110221,3.7416573867739413,0,0.0,0,0.0,196.0,2744.0
TS_NC_14d_081,EXP_TS_NC_14d,81,Normal Concrete,Control,,0,OPC 53 (UltraTech),14,Split Tensile Strength,2.214,150x300mm Cylinder,T Strenth Reading 1000000.xlsx,Sheet1,182,False,2.70805020110221,3.7416573867739413,0,0.0,0,0.0,196.0,2744.0
TS_NC_14d_082,EXP_TS_NC_14d,82,Normal Concrete,Control,,0,OPC 53 (UltraTech),14,Split Tensile Strength,2.419,150x300mm Cylinder,T Strenth Reading 1000000.xlsx,Sheet1,183,False,2.70805020110221,3.7416573867739413,0,0.0,0,0.0,196.0,2744.0
TS_NC_14d_083,EXP_TS_NC_14d,83,Normal Concrete,Control,,0,OPC 53 (UltraTech),14,Split Tensile Strength,2.409,150x300mm Cylinder,T Strenth Reading 1000000.xlsx,Sheet1,184,False,2.70805020110221,3.7416573867739413,0,0.0,0,0.0,196.0,2744.0
TS_NC_14d_084,EXP_TS_NC_14d,84,Normal Concrete,Control,,0,OPC 53 (UltraTech),14,Split Tensile Strength,2.146,150x300mm Cylinder,T Strenth Reading 1000000.xlsx,Sheet1,185,False,2.70805020110221,3.7416573867739413,0,0.0,0,0.0,196.0,2744.0
TS_NC_14d_085,EXP_TS_NC_14d,85,Normal Concrete,Control,,0,OPC 53 (UltraTech),14,Split Tensile Strength,2.118,150x300mm Cylinder,T Strenth Reading 1000000.xlsx,Sheet1,186,False,2.70805020110221,3.7416573867739413,0,0.0,0,0.0,196.0,2744.0
TS_NC_14d_086,EXP_TS_NC_14d,86,Normal Concrete,Control,,0,OPC 53 (UltraTech),14,Split Tensile Strength,1.816,150x300mm Cylinder,T Strenth Reading 1000000.xlsx,Sheet1,187,False,2.70805020110221,3.7416573867739413,0,0.0,0,0.0,196.0,2744.0
TS_NC_14d_087,EXP_TS_NC_14d,87,Normal Concrete,Control,,0,OPC 53 (UltraTech),14,Split Tensile Strength,2.118,150x300mm Cylinder,T Strenth Reading 1000000.xlsx,Sheet1,188,False,2.70805020110221,3.7416573867739413,0,0.0,0,0.0,196.0,2744.0
TS_NC_14d_088,EXP_TS_NC_14d,88,Normal Concrete,Control,,0,OPC 53 (UltraTech),14,Split Tensile Strength,2.053,150x300mm Cylinder,T Strenth Reading 1000000.xlsx,Sheet1,189,False,2.70805020110221,3.7416573867739413,0,0.0,0,0.0,196.0,2744.0
TS_NC_14d_089,EXP_TS_NC_14d,89,Normal Concrete,Control,,0,OPC 53 (UltraTech),14,Split Tensile Strength,2.147,150x300mm Cylinder,T Strenth Reading 1000000.xlsx,Sheet1,190,False,2.70805020110221,3.7416573867739413,0,0.0,0,0.0,196.0,2744.0
TS_NC_14d_090,EXP_TS_NC_14d,90,Normal Concrete,Control,,0,OPC 53 (UltraTech),14,Split Tensile Strength,2.259,150x300mm Cylinder,T Strenth Reading 1000000.xlsx,Sheet1,191,False,2.70805020110221,3.7416573867739413,0,0.0,0,0.0,196.0,2744.0
TS_NC_14d_091,EXP_TS_NC_14d,91,Normal Concrete,Control,,0,OPC 53 (UltraTech),14,Split Tensile Strength,2.227,150x300mm Cylinder,T Strenth Reading 1000000.xlsx,Sheet1,192,False,2.70805020110221,3.7416573867739413,0,0.0,0,0.0,196.0,2744.0
TS_NC_14d_092,EXP_TS_NC_14d,92,Normal Concrete,Control,,0,OPC 53 (UltraTech),14,Split Tensile Strength,2.196,150x300mm Cylinder,T Strenth Reading 1000000.xlsx,Sheet1,193,False,2.70805020110221,3.7416573867739413,0,0.0,0,0.0,196.0,2744.0
TS_NC_14d_093,EXP_TS_NC_14d,93,Normal Concrete,Control,,0,OPC 53 (UltraTech),14,Split Tensile Strength,2.23,150x300mm Cylinder,T Strenth Reading 1000000.xlsx,Sheet1,194,False,2.70805020110221,3.7416573867739413,0,0.0,0,0.0,196.0,2744.0
TS_NC_14d_094,EXP_TS_NC_14d,94,Normal Concrete,Control,,0,OPC 53 (UltraTech),14,Split Tensile Strength,2.181,150x300mm Cylinder,T Strenth Reading 1000000.xlsx,Sheet1,195,False,2.70805020110221,3.7416573867739413,0,0.0,0,0.0,196.0,2744.0
TS_NC_14d_095,EXP_TS_NC_14d,95,Normal Concrete,Control,,0,OPC 53 (UltraTech),14,Split Tensile Strength,2.23,150x300mm Cylinder,T Strenth Reading 1000000.xlsx,Sheet1,196,False,2.70805020110221,3.7416573867739413,0,0.0,0,0.0,196.0,2744.0
TS_NC_14d_096,EXP_TS_NC_14d,96,Normal Concrete,Control,,0,OPC 53 (UltraTech),14,Split Tensile Strength,1.715,150x300mm Cylinder,T Strenth Reading 1000000.xlsx,Sheet1,197,False,2.70805020110221,3.7416573867739413,0,0.0,0,0.0,196.0,2744.0
TS_NC_14d_097,EXP_TS_NC_14d,97,Normal Concrete,Control,,0,OPC 53 (UltraTech),14,Split Tensile Strength,2.16,150x300mm Cylinder,T Strenth Reading 1000000.xlsx,Sheet1,198,False,2.70805020110221,3.7416573867739413,0,0.0,0,0.0,196.0,2744.0
TS_NC_14d_098,EXP_TS_NC_14d,98,Normal Concrete,Control,,0,OPC 53 (UltraTech),14,Split Tensile Strength,2.183,150x300mm Cylinder,T Strenth Reading 1000000.xlsx,Sheet1,199,False,2.70805020110221,3.7416573867739413,0,0.0,0,0.0,196.0,2744.0
TS_NC_14d_099,EXP_TS_NC_14d,99,Normal Concrete,Control,,0,OPC 53 (UltraTech),14,Split Tensile Strength,2.149,150x300mm Cylinder,T Strenth Reading 1000000.xlsx,Sheet1,200,False,2.70805020110221,3.7416573867739413,0,0.0,0,0.0,196.0,2744.0
TS_NC_14d_100,EXP_TS_NC_14d,100,Normal Concrete,Control,,0,OPC 53 (UltraTech),14,Split Tensile Strength,2.167,150x300mm Cylinder,T Strenth Reading 1000000.xlsx,Sheet1,201,False,2.70805020110221,3.7416573867739413,0,0.0,0,0.0,196.0,2744.0
TS_NC_21d_001,EXP_TS_NC_21d,1,Normal Concrete,Control,,0,OPC 53 (UltraTech),21,Split Tensile Strength,2.505,150x300mm Cylinder,T Strenth Reading 1000000.xlsx,Sheet1,202,False,3.091042453358316,4.58257569495584,0,0.0,0,0.0,441.0,9261.0
TS_NC_21d_002,EXP_TS_NC_21d,2,Normal Concrete,Control,,0,OPC 53 (UltraTech),21,Split Tensile Strength,2.31,150x300mm Cylinder,T Strenth Reading 1000000.xlsx,Sheet1,203,False,3.091042453358316,4.58257569495584,0,0.0,0,0.0,441.0,9261.0
TS_NC_21d_003,EXP_TS_NC_21d,3,Normal Concrete,Control,,0,OPC 53 (UltraTech),21,Split Tensile Strength,2.73,150x300mm Cylinder,T Strenth Reading 1000000.xlsx,Sheet1,204,False,3.091042453358316,4.58257569495584,0,0.0,0,0.0,441.0,9261.0
TS_NC_21d_004,EXP_TS_NC_21d,4,Normal Concrete,Control,,0,OPC 53 (UltraTech),21,Split Tensile Strength,2.503,150x300mm Cylinder,T Strenth Reading 1000000.xlsx,Sheet1,205,False,3.091042453358316,4.58257569495584,0,0.0,0,0.0,441.0,9261.0
TS_NC_21d_005,EXP_TS_NC_21d,5,Normal Concrete,Control,,0,OPC 53 (UltraTech),21,Split Tensile Strength,2.399,150x300mm Cylinder,T Strenth Reading 1000000.xlsx,Sheet1,206,False,3.091042453358316,4.58257569495584,0,0.0,0,0.0,441.0,9261.0
TS_NC_21d_006,EXP_TS_NC_21d,6,Normal Concrete,Control,,0,OPC 53 (UltraTech),21,Split Tensile Strength,2.369,150x300mm Cylinder,T Strenth Reading 1000000.xlsx,Sheet1,207,False,3.091042453358316,4.58257569495584,0,0.0,0,0.0,441.0,9261.0
TS_NC_21d_007,EXP_TS_NC_21d,7,Normal Concrete,Control,,0,OPC 53 (UltraTech),21,Split Tensile Strength,2.387,150x300mm Cylinder,T Strenth Reading 1000000.xlsx,Sheet1,208,False,3.091042453358316,4.58257569495584,0,0.0,0,0.0,441.0,9261.0
TS_NC_21d_008,EXP_TS_NC_21d,8,Normal Concrete,Control,,0,OPC 53 (UltraTech),21,Split Tensile Strength,2.263,150x300mm Cylinder,T Strenth Reading 1000000.xlsx,Sheet1,209,False,3.091042453358316,4.58257569495584,0,0.0,0,0.0,441.0,9261.0
TS_NC_21d_009,EXP_TS_NC_21d,9,Normal Concrete,Control,,0,OPC 53 (UltraTech),21,Split Tensile Strength,2.386,150x300mm Cylinder,T Strenth Reading 1000000.xlsx,Sheet1,210,False,3.091042453358316,4.58257569495584,0,0.0,0,0.0,441.0,9261.0
TS_NC_21d_010,EXP_TS_NC_21d,10,Normal Concrete,Control,,0,OPC 53 (UltraTech),21,Split Tensile Strength,2.442,150x300mm Cylinder,T Strenth Reading 1000000.xlsx,Sheet1,211,False,3.091042453358316,4.58257569495584,0,0.0,0,0.0,441.0,9261.0
TS_NC_21d_011,EXP_TS_NC_21d,11,Normal Concrete,Control,,0,OPC 53 (UltraTech),21,Split Tensile Strength,2.487,150x300mm Cylinder,T Strenth Reading 1000000.xlsx,Sheet1,212,False,3.091042453358316,4.58257569495584,0,0.0,0,0.0,441.0,9261.0
TS_NC_21d_012,EXP_TS_NC_21d,12,Normal Concrete,Control,,0,OPC 53 (UltraTech),21,Split Tensile Strength,2.487,150x300mm Cylinder,T Strenth Reading 1000000.xlsx,Sheet1,213,False,3.091042453358316,4.58257569495584,0,0.0,0,0.0,441.0,9261.0
TS_NC_21d_013,EXP_TS_NC_21d,13,Normal Concrete,Control,,0,OPC 53 (UltraTech),21,Split Tensile Strength,2.359,150x300mm Cylinder,T Strenth Reading 1000000.xlsx,Sheet1,214,False,3.091042453358316,4.58257569495584,0,0.0,0,0.0,441.0,9261.0
TS_NC_21d_014,EXP_TS_NC_21d,14,Normal Concrete,Control,,0,OPC 53 (UltraTech),21,Split Tensile Strength,2.188,150x300mm Cylinder,T Strenth Reading 1000000.xlsx,Sheet1,215,False,3.091042453358316,4.58257569495584,0,0.0,0,0.0,441.0,9261.0
TS_NC_21d_015,EXP_TS_NC_21d,15,Normal Concrete,Control,,0,OPC 53 (UltraTech),21,Split Tensile Strength,2.3,150x300mm Cylinder,T Strenth Reading 1000000.xlsx,Sheet1,216,False,3.091042453358316,4.58257569495584,0,0.0,0,0.0,441.0,9261.0
TS_NC_21d_016,EXP_TS_NC_21d,16,Normal Concrete,Control,,0,OPC 53 (UltraTech),21,Split Tensile Strength,2.642,150x300mm Cylinder,T Strenth Reading 1000000.xlsx,Sheet1,217,False,3.091042453358316,4.58257569495584,0,0.0,0,0.0,441.0,9261.0
TS_NC_21d_017,EXP_TS_NC_21d,17,Normal Concrete,Control,,0,OPC 53 (UltraTech),21,Split Tensile Strength,2.534,150x300mm Cylinder,T Strenth Reading 1000000.xlsx,Sheet1,218,False,3.091042453358316,4.58257569495584,0,0.0,0,0.0,441.0,9261.0
TS_NC_21d_018,EXP_TS_NC_21d,18,Normal Concrete,Control,,0,OPC 53 (UltraTech),21,Split Tensile Strength,2.455,150x300mm Cylinder,T Strenth Reading 1000000.xlsx,Sheet1,219,False,3.091042453358316,4.58257569495584,0,0.0,0,0.0,441.0,9261.0
TS_NC_21d_019,EXP_TS_NC_21d,19,Normal Concrete,Control,,0,OPC 53 (UltraTech),21,Split Tensile Strength,2.286,150x300mm Cylinder,T Strenth Reading 1000000.xlsx,Sheet1,220,False,3.091042453358316,4.58257569495584,0,0.0,0,0.0,441.0,9261.0
TS_NC_21d_020,EXP_TS_NC_21d,20,Normal Concrete,Control,,0,OPC 53 (UltraTech),21,Split Tensile Strength,2.401,150x300mm Cylinder,T Strenth Reading 1000000.xlsx,Sheet1,221,False,3.091042453358316,4.58257569495584,0,0.0,0,0.0,441.0,9261.0
TS_NC_21d_021,EXP_TS_NC_21d,21,Normal Concrete,Control,,0,OPC 53 (UltraTech),21,Split Tensile Strength,2.212,150x300mm Cylinder,T Strenth Reading 1000000.xlsx,Sheet1,222,False,3.091042453358316,4.58257569495584,0,0.0,0,0.0,441.0,9261.0
TS_NC_21d_022,EXP_TS_NC_21d,22,Normal Concrete,Control,,0,OPC 53 (UltraTech),21,Split Tensile Strength,2.317,150x300mm Cylinder,T Strenth Reading 1000000.xlsx,Sheet1,223,False,3.091042453358316,4.58257569495584,0,0.0,0,0.0,441.0,9261.0
TS_NC_21d_023,EXP_TS_NC_21d,23,Normal Concrete,Control,,0,OPC 53 (UltraTech),21,Split Tensile Strength,2.363,150x300mm Cylinder,T Strenth Reading 1000000.xlsx,Sheet1,224,False,3.091042453358316,4.58257569495584,0,0.0,0,0.0,441.0,9261.0
TS_NC_21d_024,EXP_TS_NC_21d,24,Normal Concrete,Control,,0,OPC 53 (UltraTech),21,Split Tensile Strength,2.346,150x300mm Cylinder,T Strenth Reading 1000000.xlsx,Sheet1,225,False,3.091042453358316,4.58257569495584,0,0.0,0,0.0,441.0,9261.0
TS_NC_21d_025,EXP_TS_NC_21d,25,Normal Concrete,Control,,0,OPC 53 (UltraTech),21,Split Tensile Strength,2.543,150x300mm Cylinder,T Strenth Reading 1000000.xlsx,Sheet1,226,False,3.091042453358316,4.58257569495584,0,0.0,0,0.0,441.0,9261.0
TS_NC_21d_026,EXP_TS_NC_21d,26,Normal Concrete,Control,,0,OPC 53 (UltraTech),21,Split Tensile Strength,2.187,150x300mm Cylinder,T Strenth Reading 1000000.xlsx,Sheet1,227,False,3.091042453358316,4.58257569495584,0,0.0,0,0.0,441.0,9261.0
TS_NC_21d_027,EXP_TS_NC_21d,27,Normal Concrete,Control,,0,OPC 53 (UltraTech),21,Split Tensile Strength,2.27,150x300mm Cylinder,T Strenth Reading 1000000.xlsx,Sheet1,228,False,3.091042453358316,4.58257569495584,0,0.0,0,0.0,441.0,9261.0
TS_NC_21d_028,EXP_TS_NC_21d,28,Normal Concrete,Control,,0,OPC 53 (UltraTech),21,Split Tensile Strength,2.194,150x300mm Cylinder,T Strenth Reading 1000000.xlsx,Sheet1,229,False,3.091042453358316,4.58257569495584,0,0.0,0,0.0,441.0,9261.0
TS_NC_21d_029,EXP_TS_NC_21d,29,Normal Concrete,Control,,0,OPC 53 (UltraTech),21,Split Tensile Strength,2.214,150x300mm Cylinder,T Strenth Reading 1000000.xlsx,Sheet1,230,False,3.091042453358316,4.58257569495584,0,0.0,0,0.0,441.0,9261.0
TS_NC_21d_030,EXP_TS_NC_21d,30,Normal Concrete,Control,,0,OPC 53 (UltraTech),21,Split Tensile Strength,2.419,150x300mm Cylinder,T Strenth Reading 1000000.xlsx,Sheet1,231,False,3.091042453358316,4.58257569495584,0,0.0,0,0.0,441.0,9261.0
TS_NC_21d_031,EXP_TS_NC_21d,31,Normal Concrete,Control,,0,OPC 53 (UltraTech),21,Split Tensile Strength,2.16,150x300mm Cylinder,T Strenth Reading 1000000.xlsx,Sheet1,232,False,3.091042453358316,4.58257569495584,0,0.0,0,0.0,441.0,9261.0
TS_NC_21d_032,EXP_TS_NC_21d,32,Normal Concrete,Control,,0,OPC 53 (UltraTech),21,Split Tensile Strength,2.513,150x300mm Cylinder,T Strenth Reading 1000000.xlsx,Sheet1,233,False,3.091042453358316,4.58257569495584,0,0.0,0,0.0,441.0,9261.0
TS_NC_21d_033,EXP_TS_NC_21d,33,Normal Concrete,Control,,0,OPC 53 (UltraTech),21,Split Tensile Strength,2.363,150x300mm Cylinder,T Strenth Reading 1000000.xlsx,Sheet1,234,False,3.091042453358316,4.58257569495584,0,0.0,0,0.0,441.0,9261.0
TS_NC_21d_034,EXP_TS_NC_21d,34,Normal Concrete,Control,,0,OPC 53 (UltraTech),21,Split Tensile Strength,2.41,150x300mm Cylinder,T Strenth Reading 1000000.xlsx,Sheet1,235,False,3.091042453358316,4.58257569495584,0,0.0,0,0.0,441.0,9261.0
TS_NC_21d_035,EXP_TS_NC_21d,35,Normal Concrete,Control,,0,OPC 53 (UltraTech),21,Split Tensile Strength,2.448,150x300mm Cylinder,T Strenth Reading 1000000.xlsx,Sheet1,236,False,3.091042453358316,4.58257569495584,0,0.0,0,0.0,441.0,9261.0
TS_NC_21d_036,EXP_TS_NC_21d,36,Normal Concrete,Control,,0,OPC 53 (UltraTech),21,Split Tensile Strength,2.335,150x300mm Cylinder,T Strenth Reading 1000000.xlsx,Sheet1,237,False,3.091042453358316,4.58257569495584,0,0.0,0,0.0,441.0,9261.0
TS_NC_21d_037,EXP_TS_NC_21d,37,Normal Concrete,Control,,0,OPC 53 (UltraTech),21,Split Tensile Strength,2.555,150x300mm Cylinder,T Strenth Reading 1000000.xlsx,Sheet1,238,False,3.091042453358316,4.58257569495584,0,0.0,0,0.0,441.0,9261.0
TS_NC_21d_038,EXP_TS_NC_21d,38,Normal Concrete,Control,,0,OPC 53 (UltraTech),21,Split Tensile Strength,2.371,150x300mm Cylinder,T Strenth Reading 1000000.xlsx,Sheet1,239,False,3.091042453358316,4.58257569495584,0,0.0,0,0.0,441.0,9261.0
TS_NC_21d_039,EXP_TS_NC_21d,39,Normal Concrete,Control,,0,OPC 53 (UltraTech),21,Split Tensile Strength,2.489,150x300mm Cylinder,T Strenth Reading 1000000.xlsx,Sheet1,240,False,3.091042453358316,4.58257569495584,0,0.0,0,0.0,441.0,9261.0
TS_NC_21d_040,EXP_TS_NC_21d,40,Normal Concrete,Control,,0,OPC 53 (UltraTech),21,Split Tensile Strength,2.37,150x300mm Cylinder,T Strenth Reading 1000000.xlsx,Sheet1,241,False,3.091042453358316,4.58257569495584,0,0.0,0,0.0,441.0,9261.0
TS_NC_21d_041,EXP_TS_NC_21d,41,Normal Concrete,Control,,0,OPC 53 (UltraTech),21,Split Tensile Strength,2.444,150x300mm Cylinder,T Strenth Reading 1000000.xlsx,Sheet1,242,False,3.091042453358316,4.58257569495584,0,0.0,0,0.0,441.0,9261.0
TS_NC_21d_042,EXP_TS_NC_21d,42,Normal Concrete,Control,,0,OPC 53 (UltraTech),21,Split Tensile Strength,2.442,150x300mm Cylinder,T Strenth Reading 1000000.xlsx,Sheet1,243,False,3.091042453358316,4.58257569495584,0,0.0,0,0.0,441.0,9261.0
TS_NC_21d_043,EXP_TS_NC_21d,43,Normal Concrete,Control,,0,OPC 53 (UltraTech),21,Split Tensile Strength,2.437,150x300mm Cylinder,T Strenth Reading 1000000.xlsx,Sheet1,244,False,3.091042453358316,4.58257569495584,0,0.0,0,0.0,441.0,9261.0
TS_NC_21d_044,EXP_TS_NC_21d,44,Normal Concrete,Control,,0,OPC 53 (UltraTech),21,Split Tensile Strength,2.254,150x300mm Cylinder,T Strenth Reading 1000000.xlsx,Sheet1,245,False,3.091042453358316,4.58257569495584,0,0.0,0,0.0,441.0,9261.0
TS_NC_21d_045,EXP_TS_NC_21d,45,Normal Concrete,Control,,0,OPC 53 (UltraTech),21,Split Tensile Strength,2.465,150x300mm Cylinder,T Strenth Reading 1000000.xlsx,Sheet1,246,False,3.091042453358316,4.58257569495584,0,0.0,0,0.0,441.0,9261.0
TS_NC_21d_046,EXP_TS_NC_21d,46,Normal Concrete,Control,,0,OPC 53 (UltraTech),21,Split Tensile Strength,2.352,150x300mm Cylinder,T Strenth Reading 1000000.xlsx,Sheet1,247,False,3.091042453358316,4.58257569495584,0,0.0,0,0.0,441.0,9261.0
TS_NC_21d_047,EXP_TS_NC_21d,47,Normal Concrete,Control,,0,OPC 53 (UltraTech),21,Split Tensile Strength,2.495,150x300mm Cylinder,T Strenth Reading 1000000.xlsx,Sheet1,248,False,3.091042453358316,4.58257569495584,0,0.0,0,0.0,441.0,9261.0
TS_NC_21d_048,EXP_TS_NC_21d,48,Normal Concrete,Control,,0,OPC 53 (UltraTech),21,Split Tensile Strength,2.077,150x300mm Cylinder,T Strenth Reading 1000000.xlsx,Sheet1,249,False,3.091042453358316,4.58257569495584,0,0.0,0,0.0,441.0,9261.0
TS_NC_21d_049,EXP_TS_NC_21d,49,Normal Concrete,Control,,0,OPC 53 (UltraTech),21,Split Tensile Strength,2.18,150x300mm Cylinder,T Strenth Reading 1000000.xlsx,Sheet1,250,False,3.091042453358316,4.58257569495584,0,0.0,0,0.0,441.0,9261.0
TS_NC_21d_050,EXP_TS_NC_21d,50,Normal Concrete,Control,,0,OPC 53 (UltraTech),21,Split Tensile Strength,2.455,150x300mm Cylinder,T Strenth Reading 1000000.xlsx,Sheet1,251,False,3.091042453358316,4.58257569495584,0,0.0,0,0.0,441.0,9261.0
TS_NC_21d_051,EXP_TS_NC_21d,51,Normal Concrete,Control,,0,OPC 53 (UltraTech),21,Split Tensile Strength,2.679,150x300mm Cylinder,T Strenth Reading 1000000.xlsx,Sheet1,252,False,3.091042453358316,4.58257569495584,0,0.0,0,0.0,441.0,9261.0
TS_NC_21d_052,EXP_TS_NC_21d,52,Normal Concrete,Control,,0,OPC 53 (UltraTech),21,Split Tensile Strength,2.525,150x300mm Cylinder,T Strenth Reading 1000000.xlsx,Sheet1,253,False,3.091042453358316,4.58257569495584,0,0.0,0,0.0,441.0,9261.0
TS_NC_21d_053,EXP_TS_NC_21d,53,Normal Concrete,Control,,0,OPC 53 (UltraTech),21,Split Tensile Strength,2.298,150x300mm Cylinder,T Strenth Reading 1000000.xlsx,Sheet1,254,False,3.091042453358316,4.58257569495584,0,0.0,0,0.0,441.0,9261.0
TS_NC_21d_054,EXP_TS_NC_21d,54,Normal Concrete,Control,,0,OPC 53 (UltraTech),21,Split Tensile Strength,2.146,150x300mm Cylinder,T Strenth Reading 1000000.xlsx,Sheet1,255,False,3.091042453358316,4.58257569495584,0,0.0,0,0.0,441.0,9261.0
TS_NC_21d_055,EXP_TS_NC_21d,55,Normal Concrete,Control,,0,OPC 53 (UltraTech),21,Split Tensile Strength,2.511,150x300mm Cylinder,T Strenth Reading 1000000.xlsx,Sheet1,256,False,3.091042453358316,4.58257569495584,0,0.0,0,0.0,441.0,9261.0
TS_NC_21d_056,EXP_TS_NC_21d,56,Normal Concrete,Control,,0,OPC 53 (UltraTech),21,Split Tensile Strength,2.388,150x300mm Cylinder,T Strenth Reading 1000000.xlsx,Sheet1,257,False,3.091042453358316,4.58257569495584,0,0.0,0,0.0,441.0,9261.0
TS_NC_21d_057,EXP_TS_NC_21d,57,Normal Concrete,Control,,0,OPC 53 (UltraTech),21,Split Tensile Strength,2.489,150x300mm Cylinder,T Strenth Reading 1000000.xlsx,Sheet1,258,False,3.091042453358316,4.58257569495584,0,0.0,0,0.0,441.0,9261.0
TS_NC_21d_058,EXP_TS_NC_21d,58,Normal Concrete,Control,,0,OPC 53 (UltraTech),21,Split Tensile Strength,2.417,150x300mm Cylinder,T Strenth Reading 1000000.xlsx,Sheet1,259,False,3.091042453358316,4.58257569495584,0,0.0,0,0.0,441.0,9261.0
TS_NC_21d_059,EXP_TS_NC_21d,59,Normal Concrete,Control,,0,OPC 53 (UltraTech),21,Split Tensile Strength,2.404,150x300mm Cylinder,T Strenth Reading 1000000.xlsx,Sheet1,260,False,3.091042453358316,4.58257569495584,0,0.0,0,0.0,441.0,9261.0
TS_NC_21d_060,EXP_TS_NC_21d,60,Normal Concrete,Control,,0,OPC 53 (UltraTech),21,Split Tensile Strength,2.844,150x300mm Cylinder,T Strenth Reading 1000000.xlsx,Sheet1,261,False,3.091042453358316,4.58257569495584,0,0.0,0,0.0,441.0,9261.0
TS_NC_21d_061,EXP_TS_NC_21d,61,Normal Concrete,Control,,0,OPC 53 (UltraTech),21,Split Tensile Strength,2.399,150x300mm Cylinder,T Strenth Reading 1000000.xlsx,Sheet1,262,False,3.091042453358316,4.58257569495584,0,0.0,0,0.0,441.0,9261.0
TS_NC_21d_062,EXP_TS_NC_21d,62,Normal Concrete,Control,,0,OPC 53 (UltraTech),21,Split Tensile Strength,2.376,150x300mm Cylinder,T Strenth Reading 1000000.xlsx,Sheet1,263,False,3.091042453358316,4.58257569495584,0,0.0,0,0.0,441.0,9261.0
TS_NC_21d_063,EXP_TS_NC_21d,63,Normal Concrete,Control,,0,OPC 53 (UltraTech),21,Split Tensile Strength,2.382,150x300mm Cylinder,T Strenth Reading 1000000.xlsx,Sheet1,264,False,3.091042453358316,4.58257569495584,0,0.0,0,0.0,441.0,9261.0
TS_NC_21d_064,EXP_TS_NC_21d,64,Normal Concrete,Control,,0,OPC 53 (UltraTech),21,Split Tensile Strength,2.312,150x300mm Cylinder,T Strenth Reading 1000000.xlsx,Sheet1,265,False,3.091042453358316,4.58257569495584,0,0.0,0,0.0,441.0,9261.0
TS_NC_21d_065,EXP_TS_NC_21d,65,Normal Concrete,Control,,0,OPC 53 (UltraTech),21,Split Tensile Strength,2.549,150x300mm Cylinder,T Strenth Reading 1000000.xlsx,Sheet1,266,False,3.091042453358316,4.58257569495584,0,0.0,0,0.0,441.0,9261.0
TS_NC_21d_066,EXP_TS_NC_21d,66,Normal Concrete,Control,,0,OPC 53 (UltraTech),21,Split Tensile Strength,2.347,150x300mm Cylinder,T Strenth Reading 1000000.xlsx,Sheet1,267,False,3.091042453358316,4.58257569495584,0,0.0,0,0.0,441.0,9261.0
TS_NC_21d_067,EXP_TS_NC_21d,67,Normal Concrete,Control,,0,OPC 53 (UltraTech),21,Split Tensile Strength,2.495,150x300mm Cylinder,T Strenth Reading 1000000.xlsx,Sheet1,268,False,3.091042453358316,4.58257569495584,0,0.0,0,0.0,441.0,9261.0
TS_NC_21d_068,EXP_TS_NC_21d,68,Normal Concrete,Control,,0,OPC 53 (UltraTech),21,Split Tensile Strength,2.443,150x300mm Cylinder,T Strenth Reading 1000000.xlsx,Sheet1,269,False,3.091042453358316,4.58257569495584,0,0.0,0,0.0,441.0,9261.0
TS_NC_21d_069,EXP_TS_NC_21d,69,Normal Concrete,Control,,0,OPC 53 (UltraTech),21,Split Tensile Strength,2.583,150x300mm Cylinder,T Strenth Reading 1000000.xlsx,Sheet1,270,False,3.091042453358316,4.58257569495584,0,0.0,0,0.0,441.0,9261.0
TS_NC_21d_070,EXP_TS_NC_21d,70,Normal Concrete,Control,,0,OPC 53 (UltraTech),21,Split Tensile Strength,2.463,150x300mm Cylinder,T Strenth Reading 1000000.xlsx,Sheet1,271,False,3.091042453358316,4.58257569495584,0,0.0,0,0.0,441.0,9261.0
TS_NC_21d_071,EXP_TS_NC_21d,71,Normal Concrete,Control,,0,OPC 53 (UltraTech),21,Split Tensile Strength,2.218,150x300mm Cylinder,T Strenth Reading 1000000.xlsx,Sheet1,272,False,3.091042453358316,4.58257569495584,0,0.0,0,0.0,441.0,9261.0
TS_NC_21d_072,EXP_TS_NC_21d,72,Normal Concrete,Control,,0,OPC 53 (UltraTech),21,Split Tensile Strength,2.201,150x300mm Cylinder,T Strenth Reading 1000000.xlsx,Sheet1,273,False,3.091042453358316,4.58257569495584,0,0.0,0,0.0,441.0,9261.0
TS_NC_21d_073,EXP_TS_NC_21d,73,Normal Concrete,Control,,0,OPC 53 (UltraTech),21,Split Tensile Strength,2.611,150x300mm Cylinder,T Strenth Reading 1000000.xlsx,Sheet1,274,False,3.091042453358316,4.58257569495584,0,0.0,0,0.0,441.0,9261.0
TS_NC_21d_074,EXP_TS_NC_21d,74,Normal Concrete,Control,,0,OPC 53 (UltraTech),21,Split Tensile Strength,2.309,150x300mm Cylinder,T Strenth Reading 1000000.xlsx,Sheet1,275,False,3.091042453358316,4.58257569495584,0,0.0,0,0.0,441.0,9261.0
TS_NC_21d_075,EXP_TS_NC_21d,75,Normal Concrete,Control,,0,OPC 53 (UltraTech),21,Split Tensile Strength,2.202,150x300mm Cylinder,T Strenth Reading 1000000.xlsx,Sheet1,276,False,3.091042453358316,4.58257569495584,0,0.0,0,0.0,441.0,9261.0
TS_NC_21d_076,EXP_TS_NC_21d,76,Normal Concrete,Control,,0,OPC 53 (UltraTech),21,Split Tensile Strength,2.3,150x300mm Cylinder,T Strenth Reading 1000000.xlsx,Sheet1,277,False,3.091042453358316,4.58257569495584,0,0.0,0,0.0,441.0,9261.0
TS_NC_21d_077,EXP_TS_NC_21d,77,Normal Concrete,Control,,0,OPC 53 (UltraTech),21,Split Tensile Strength,2.59,150x300mm Cylinder,T Strenth Reading 1000000.xlsx,Sheet1,278,False,3.091042453358316,4.58257569495584,0,0.0,0,0.0,441.0,9261.0
TS_NC_21d_078,EXP_TS_NC_21d,78,Normal Concrete,Control,,0,OPC 53 (UltraTech),21,Split Tensile Strength,2.187,150x300mm Cylinder,T Strenth Reading 1000000.xlsx,Sheet1,279,False,3.091042453358316,4.58257569495584,0,0.0,0,0.0,441.0,9261.0
TS_NC_21d_079,EXP_TS_NC_21d,79,Normal Concrete,Control,,0,OPC 53 (UltraTech),21,Split Tensile Strength,2.27,150x300mm Cylinder,T Strenth Reading 1000000.xlsx,Sheet1,280,False,3.091042453358316,4.58257569495584,0,0.0,0,0.0,441.0,9261.0
TS_NC_21d_080,EXP_TS_NC_21d,80,Normal Concrete,Control,,0,OPC 53 (UltraTech),21,Split Tensile Strength,2.3,150x300mm Cylinder,T Strenth Reading 1000000.xlsx,Sheet1,281,False,3.091042453358316,4.58257569495584,0,0.0,0,0.0,441.0,9261.0
TS_NC_21d_081,EXP_TS_NC_21d,81,Normal Concrete,Control,,0,OPC 53 (UltraTech),21,Split Tensile Strength,2.212,150x300mm Cylinder,T Strenth Reading 1000000.xlsx,Sheet1,282,False,3.091042453358316,4.58257569495584,0,0.0,0,0.0,441.0,9261.0
TS_NC_21d_082,EXP_TS_NC_21d,82,Normal Concrete,Control,,0,OPC 53 (UltraTech),21,Split Tensile Strength,2.222,150x300mm Cylinder,T Strenth Reading 1000000.xlsx,Sheet1,283,False,3.091042453358316,4.58257569495584,0,0.0,0,0.0,441.0,9261.0
TS_NC_21d_083,EXP_TS_NC_21d,83,Normal Concrete,Control,,0,OPC 53 (UltraTech),21,Split Tensile Strength,2.172,150x300mm Cylinder,T Strenth Reading 1000000.xlsx,Sheet1,284,False,3.091042453358316,4.58257569495584,0,0.0,0,0.0,441.0,9261.0
TS_NC_21d_084,EXP_TS_NC_21d,84,Normal Concrete,Control,,0,OPC 53 (UltraTech),21,Split Tensile Strength,2.331,150x300mm Cylinder,T Strenth Reading 1000000.xlsx,Sheet1,285,False,3.091042453358316,4.58257569495584,0,0.0,0,0.0,441.0,9261.0
TS_NC_21d_085,EXP_TS_NC_21d,85,Normal Concrete,Control,,0,OPC 53 (UltraTech),21,Split Tensile Strength,2.347,150x300mm Cylinder,T Strenth Reading 1000000.xlsx,Sheet1,286,False,3.091042453358316,4.58257569495584,0,0.0,0,0.0,441.0,9261.0
TS_NC_21d_086,EXP_TS_NC_21d,86,Normal Concrete,Control,,0,OPC 53 (UltraTech),21,Split Tensile Strength,2.298,150x300mm Cylinder,T Strenth Reading 1000000.xlsx,Sheet1,287,False,3.091042453358316,4.58257569495584,0,0.0,0,0.0,441.0,9261.0
TS_NC_21d_087,EXP_TS_NC_21d,87,Normal Concrete,Control,,0,OPC 53 (UltraTech),21,Split Tensile Strength,2.152,150x300mm Cylinder,T Strenth Reading 1000000.xlsx,Sheet1,288,False,3.091042453358316,4.58257569495584,0,0.0,0,0.0,441.0,9261.0
TS_NC_21d_088,EXP_TS_NC_21d,88,Normal Concrete,Control,,0,OPC 53 (UltraTech),21,Split Tensile Strength,2.588,150x300mm Cylinder,T Strenth Reading 1000000.xlsx,Sheet1,289,False,3.091042453358316,4.58257569495584,0,0.0,0,0.0,441.0,9261.0
TS_NC_21d_089,EXP_TS_NC_21d,89,Normal Concrete,Control,,0,OPC 53 (UltraTech),21,Split Tensile Strength,2.201,150x300mm Cylinder,T Strenth Reading 1000000.xlsx,Sheet1,290,False,3.091042453358316,4.58257569495584,0,0.0,0,0.0,441.0,9261.0
TS_NC_21d_090,EXP_TS_NC_21d,90,Normal Concrete,Control,,0,OPC 53 (UltraTech),21,Split Tensile Strength,2.442,150x300mm Cylinder,T Strenth Reading 1000000.xlsx,Sheet1,291,False,3.091042453358316,4.58257569495584,0,0.0,0,0.0,441.0,9261.0
TS_NC_21d_091,EXP_TS_NC_21d,91,Normal Concrete,Control,,0,OPC 53 (UltraTech),21,Split Tensile Strength,2.239,150x300mm Cylinder,T Strenth Reading 1000000.xlsx,Sheet1,292,False,3.091042453358316,4.58257569495584,0,0.0,0,0.0,441.0,9261.0
TS_NC_21d_092,EXP_TS_NC_21d,92,Normal Concrete,Control,,0,OPC 53 (UltraTech),21,Split Tensile Strength,2.5,150x300mm Cylinder,T Strenth Reading 1000000.xlsx,Sheet1,293,False,3.091042453358316,4.58257569495584,0,0.0,0,0.0,441.0,9261.0
TS_NC_21d_093,EXP_TS_NC_21d,93,Normal Concrete,Control,,0,OPC 53 (UltraTech),21,Split Tensile Strength,2.543,150x300mm Cylinder,T Strenth Reading 1000000.xlsx,Sheet1,294,False,3.091042453358316,4.58257569495584,0,0.0,0,0.0,441.0,9261.0
TS_NC_21d_094,EXP_TS_NC_21d,94,Normal Concrete,Control,,0,OPC 53 (UltraTech),21,Split Tensile Strength,2.268,150x300mm Cylinder,T Strenth Reading 1000000.xlsx,Sheet1,295,False,3.091042453358316,4.58257569495584,0,0.0,0,0.0,441.0,9261.0
TS_NC_21d_095,EXP_TS_NC_21d,95,Normal Concrete,Control,,0,OPC 53 (UltraTech),21,Split Tensile Strength,2.111,150x300mm Cylinder,T Strenth Reading 1000000.xlsx,Sheet1,296,False,3.091042453358316,4.58257569495584,0,0.0,0,0.0,441.0,9261.0
TS_NC_21d_096,EXP_TS_NC_21d,96,Normal Concrete,Control,,0,OPC 53 (UltraTech),21,Split Tensile Strength,2.504,150x300mm Cylinder,T Strenth Reading 1000000.xlsx,Sheet1,297,False,3.091042453358316,4.58257569495584,0,0.0,0,0.0,441.0,9261.0
TS_NC_21d_097,EXP_TS_NC_21d,97,Normal Concrete,Control,,0,OPC 53 (UltraTech),21,Split Tensile Strength,2.681,150x300mm Cylinder,T Strenth Reading 1000000.xlsx,Sheet1,298,False,3.091042453358316,4.58257569495584,0,0.0,0,0.0,441.0,9261.0
TS_NC_21d_098,EXP_TS_NC_21d,98,Normal Concrete,Control,,0,OPC 53 (UltraTech),21,Split Tensile Strength,2.462,150x300mm Cylinder,T Strenth Reading 1000000.xlsx,Sheet1,299,False,3.091042453358316,4.58257569495584,0,0.0,0,0.0,441.0,9261.0
TS_NC_21d_099,EXP_TS_NC_21d,99,Normal Concrete,Control,,0,OPC 53 (UltraTech),21,Split Tensile Strength,2.424,150x300mm Cylinder,T Strenth Reading 1000000.xlsx,Sheet1,300,False,3.091042453358316,4.58257569495584,0,0.0,0,0.0,441.0,9261.0
TS_NC_21d_100,EXP_TS_NC_21d,100,Normal Concrete,Control,,0,OPC 53 (UltraTech),21,Split Tensile Strength,2.523,150x300mm Cylinder,T Strenth Reading 1000000.xlsx,Sheet1,301,False,3.091042453358316,4.58257569495584,0,0.0,0,0.0,441.0,9261.0
TS_NC_28d_001,EXP_TS_NC_28d,1,Normal Concrete,Control,,0,OPC 53 (UltraTech),28,Split Tensile Strength,2.815,150x300mm Cylinder,T Strenth Reading 1000000.xlsx,Sheet1,302,False,3.367295829986474,5.291502622129181,0,0.0,0,0.0,784.0,21952.0
TS_NC_28d_002,EXP_TS_NC_28d,2,Normal Concrete,Control,,0,OPC 53 (UltraTech),28,Split Tensile Strength,2.576,150x300mm Cylinder,T Strenth Reading 1000000.xlsx,Sheet1,303,False,3.367295829986474,5.291502622129181,0,0.0,0,0.0,784.0,21952.0
TS_NC_28d_003,EXP_TS_NC_28d,3,Normal Concrete,Control,,0,OPC 53 (UltraTech),28,Split Tensile Strength,2.601,150x300mm Cylinder,T Strenth Reading 1000000.xlsx,Sheet1,304,False,3.367295829986474,5.291502622129181,0,0.0,0,0.0,784.0,21952.0
TS_NC_28d_004,EXP_TS_NC_28d,4,Normal Concrete,Control,,0,OPC 53 (UltraTech),28,Split Tensile Strength,2.792,150x300mm Cylinder,T Strenth Reading 1000000.xlsx,Sheet1,305,False,3.367295829986474,5.291502622129181,0,0.0,0,0.0,784.0,21952.0
TS_NC_28d_005,EXP_TS_NC_28d,5,Normal Concrete,Control,,0,OPC 53 (UltraTech),28,Split Tensile Strength,2.678,150x300mm Cylinder,T Strenth Reading 1000000.xlsx,Sheet1,306,False,3.367295829986474,5.291502622129181,0,0.0,0,0.0,784.0,21952.0
TS_NC_28d_006,EXP_TS_NC_28d,6,Normal Concrete,Control,,0,OPC 53 (UltraTech),28,Split Tensile Strength,2.897,150x300mm Cylinder,T Strenth Reading 1000000.xlsx,Sheet1,307,False,3.367295829986474,5.291502622129181,0,0.0,0,0.0,784.0,21952.0
TS_NC_28d_007,EXP_TS_NC_28d,7,Normal Concrete,Control,,0,OPC 53 (UltraTech),28,Split Tensile Strength,2.594,150x300mm Cylinder,T Strenth Reading 1000000.xlsx,Sheet1,308,False,3.367295829986474,5.291502622129181,0,0.0,0,0.0,784.0,21952.0
TS_NC_28d_008,EXP_TS_NC_28d,8,Normal Concrete,Control,,0,OPC 53 (UltraTech),28,Split Tensile Strength,2.813,150x300mm Cylinder,T Strenth Reading 1000000.xlsx,Sheet1,309,False,3.367295829986474,5.291502622129181,0,0.0,0,0.0,784.0,21952.0
TS_NC_28d_009,EXP_TS_NC_28d,9,Normal Concrete,Control,,0,OPC 53 (UltraTech),28,Split Tensile Strength,2.751,150x300mm Cylinder,T Strenth Reading 1000000.xlsx,Sheet1,310,False,3.367295829986474,5.291502622129181,0,0.0,0,0.0,784.0,21952.0
TS_NC_28d_010,EXP_TS_NC_28d,10,Normal Concrete,Control,,0,OPC 53 (UltraTech),28,Split Tensile Strength,2.681,150x300mm Cylinder,T Strenth Reading 1000000.xlsx,Sheet1,311,False,3.367295829986474,5.291502622129181,0,0.0,0,0.0,784.0,21952.0
TS_NC_28d_011,EXP_TS_NC_28d,11,Normal Concrete,Control,,0,OPC 53 (UltraTech),28,Split Tensile Strength,2.876,150x300mm Cylinder,T Strenth Reading 1000000.xlsx,Sheet1,312,False,3.367295829986474,5.291502622129181,0,0.0,0,0.0,784.0,21952.0
TS_NC_28d_012,EXP_TS_NC_28d,12,Normal Concrete,Control,,0,OPC 53 (UltraTech),28,Split Tensile Strength,2.802,150x300mm Cylinder,T Strenth Reading 1000000.xlsx,Sheet1,313,False,3.367295829986474,5.291502622129181,0,0.0,0,0.0,784.0,21952.0
TS_NC_28d_013,EXP_TS_NC_28d,13,Normal Concrete,Control,,0,OPC 53 (UltraTech),28,Split Tensile Strength,2.549,150x300mm Cylinder,T Strenth Reading 1000000.xlsx,Sheet1,314,False,3.367295829986474,5.291502622129181,0,0.0,0,0.0,784.0,21952.0
TS_NC_28d_014,EXP_TS_NC_28d,14,Normal Concrete,Control,,0,OPC 53 (UltraTech),28,Split Tensile Strength,2.796,150x300mm Cylinder,T Strenth Reading 1000000.xlsx,Sheet1,315,False,3.367295829986474,5.291502622129181,0,0.0,0,0.0,784.0,21952.0
TS_NC_28d_015,EXP_TS_NC_28d,15,Normal Concrete,Control,,0,OPC 53 (UltraTech),28,Split Tensile Strength,2.906,150x300mm Cylinder,T Strenth Reading 1000000.xlsx,Sheet1,316,False,3.367295829986474,5.291502622129181,0,0.0,0,0.0,784.0,21952.0
TS_NC_28d_016,EXP_TS_NC_28d,16,Normal Concrete,Control,,0,OPC 53 (UltraTech),28,Split Tensile Strength,2.68,150x300mm Cylinder,T Strenth Reading 1000000.xlsx,Sheet1,317,False,3.367295829986474,5.291502622129181,0,0.0,0,0.0,784.0,21952.0
TS_NC_28d_017,EXP_TS_NC_28d,17,Normal Concrete,Control,,0,OPC 53 (UltraTech),28,Split Tensile Strength,2.663,150x300mm Cylinder,T Strenth Reading 1000000.xlsx,Sheet1,318,False,3.367295829986474,5.291502622129181,0,0.0,0,0.0,784.0,21952.0
TS_NC_28d_018,EXP_TS_NC_28d,18,Normal Concrete,Control,,0,OPC 53 (UltraTech),28,Split Tensile Strength,2.6,150x300mm Cylinder,T Strenth Reading 1000000.xlsx,Sheet1,319,False,3.367295829986474,5.291502622129181,0,0.0,0,0.0,784.0,21952.0
TS_NC_28d_019,EXP_TS_NC_28d,19,Normal Concrete,Control,,0,OPC 53 (UltraTech),28,Split Tensile Strength,2.698,150x300mm Cylinder,T Strenth Reading 1000000.xlsx,Sheet1,320,False,3.367295829986474,5.291502622129181,0,0.0,0,0.0,784.0,21952.0
TS_NC_28d_020,EXP_TS_NC_28d,20,Normal Concrete,Control,,0,OPC 53 (UltraTech),28,Split Tensile Strength,2.803,150x300mm Cylinder,T Strenth Reading 1000000.xlsx,Sheet1,321,False,3.367295829986474,5.291502622129181,0,0.0,0,0.0,784.0,21952.0
TS_NC_28d_021,EXP_TS_NC_28d,21,Normal Concrete,Control,,0,OPC 53 (UltraTech),28,Split Tensile Strength,2.577,150x300mm Cylinder,T Strenth Reading 1000000.xlsx,Sheet1,322,False,3.367295829986474,5.291502622129181,0,0.0,0,0.0,784.0,21952.0
TS_NC_28d_022,EXP_TS_NC_28d,22,Normal Concrete,Control,,0,OPC 53 (UltraTech),28,Split Tensile Strength,2.498,150x300mm Cylinder,T Strenth Reading 1000000.xlsx,Sheet1,323,False,3.367295829986474,5.291502622129181,0,0.0,0,0.0,784.0,21952.0
TS_NC_28d_023,EXP_TS_NC_28d,23,Normal Concrete,Control,,0,OPC 53 (UltraTech),28,Split Tensile Strength,2.644,150x300mm Cylinder,T Strenth Reading 1000000.xlsx,Sheet1,324,False,3.367295829986474,5.291502622129181,0,0.0,0,0.0,784.0,21952.0
TS_NC_28d_024,EXP_TS_NC_28d,24,Normal Concrete,Control,,0,OPC 53 (UltraTech),28,Split Tensile Strength,2.493,150x300mm Cylinder,T Strenth Reading 1000000.xlsx,Sheet1,325,False,3.367295829986474,5.291502622129181,0,0.0,0,0.0,784.0,21952.0
TS_NC_28d_025,EXP_TS_NC_28d,25,Normal Concrete,Control,,0,OPC 53 (UltraTech),28,Split Tensile Strength,2.778,150x300mm Cylinder,T Strenth Reading 1000000.xlsx,Sheet1,326,False,3.367295829986474,5.291502622129181,0,0.0,0,0.0,784.0,21952.0
TS_NC_28d_026,EXP_TS_NC_28d,26,Normal Concrete,Control,,0,OPC 53 (UltraTech),28,Split Tensile Strength,2.636,150x300mm Cylinder,T Strenth Reading 1000000.xlsx,Sheet1,327,False,3.367295829986474,5.291502622129181,0,0.0,0,0.0,784.0,21952.0
TS_NC_28d_027,EXP_TS_NC_28d,27,Normal Concrete,Control,,0,OPC 53 (UltraTech),28,Split Tensile Strength,2.437,150x300mm Cylinder,T Strenth Reading 1000000.xlsx,Sheet1,328,False,3.367295829986474,5.291502622129181,0,0.0,0,0.0,784.0,21952.0
TS_NC_28d_028,EXP_TS_NC_28d,28,Normal Concrete,Control,,0,OPC 53 (UltraTech),28,Split Tensile Strength,2.648,150x300mm Cylinder,T Strenth Reading 1000000.xlsx,Sheet1,329,False,3.367295829986474,5.291502622129181,0,0.0,0,0.0,784.0,21952.0
TS_NC_28d_029,EXP_TS_NC_28d,29,Normal Concrete,Control,,0,OPC 53 (UltraTech),28,Split Tensile Strength,2.671,150x300mm Cylinder,T Strenth Reading 1000000.xlsx,Sheet1,330,False,3.367295829986474,5.291502622129181,0,0.0,0,0.0,784.0,21952.0
TS_NC_28d_030,EXP_TS_NC_28d,30,Normal Concrete,Control,,0,OPC 53 (UltraTech),28,Split Tensile Strength,2.767,150x300mm Cylinder,T Strenth Reading 1000000.xlsx,Sheet1,331,False,3.367295829986474,5.291502622129181,0,0.0,0,0.0,784.0,21952.0
TS_NC_28d_031,EXP_TS_NC_28d,31,Normal Concrete,Control,,0,OPC 53 (UltraTech),28,Split Tensile Strength,2.678,150x300mm Cylinder,T Strenth Reading 1000000.xlsx,Sheet1,332,False,3.367295829986474,5.291502622129181,0,0.0,0,0.0,784.0,21952.0
TS_NC_28d_032,EXP_TS_NC_28d,32,Normal Concrete,Control,,0,OPC 53 (UltraTech),28,Split Tensile Strength,2.98,150x300mm Cylinder,T Strenth Reading 1000000.xlsx,Sheet1,333,False,3.367295829986474,5.291502622129181,0,0.0,0,0.0,784.0,21952.0
TS_NC_28d_033,EXP_TS_NC_28d,33,Normal Concrete,Control,,0,OPC 53 (UltraTech),28,Split Tensile Strength,2.622,150x300mm Cylinder,T Strenth Reading 1000000.xlsx,Sheet1,334,False,3.367295829986474,5.291502622129181,0,0.0,0,0.0,784.0,21952.0
TS_NC_28d_034,EXP_TS_NC_28d,34,Normal Concrete,Control,,0,OPC 53 (UltraTech),28,Split Tensile Strength,2.691,150x300mm Cylinder,T Strenth Reading 1000000.xlsx,Sheet1,335,False,3.367295829986474,5.291502622129181,0,0.0,0,0.0,784.0,21952.0
TS_NC_28d_035,EXP_TS_NC_28d,35,Normal Concrete,Control,,0,OPC 53 (UltraTech),28,Split Tensile Strength,2.685,150x300mm Cylinder,T Strenth Reading 1000000.xlsx,Sheet1,336,False,3.367295829986474,5.291502622129181,0,0.0,0,0.0,784.0,21952.0
TS_NC_28d_036,EXP_TS_NC_28d,36,Normal Concrete,Control,,0,OPC 53 (UltraTech),28,Split Tensile Strength,2.658,150x300mm Cylinder,T Strenth Reading 1000000.xlsx,Sheet1,337,False,3.367295829986474,5.291502622129181,0,0.0,0,0.0,784.0,21952.0
TS_NC_28d_037,EXP_TS_NC_28d,37,Normal Concrete,Control,,0,OPC 53 (UltraTech),28,Split Tensile Strength,2.721,150x300mm Cylinder,T Strenth Reading 1000000.xlsx,Sheet1,338,False,3.367295829986474,5.291502622129181,0,0.0,0,0.0,784.0,21952.0
TS_NC_28d_038,EXP_TS_NC_28d,38,Normal Concrete,Control,,0,OPC 53 (UltraTech),28,Split Tensile Strength,2.781,150x300mm Cylinder,T Strenth Reading 1000000.xlsx,Sheet1,339,False,3.367295829986474,5.291502622129181,0,0.0,0,0.0,784.0,21952.0
TS_NC_28d_039,EXP_TS_NC_28d,39,Normal Concrete,Control,,0,OPC 53 (UltraTech),28,Split Tensile Strength,2.901,150x300mm Cylinder,T Strenth Reading 1000000.xlsx,Sheet1,340,False,3.367295829986474,5.291502622129181,0,0.0,0,0.0,784.0,21952.0
TS_NC_28d_040,EXP_TS_NC_28d,40,Normal Concrete,Control,,0,OPC 53 (UltraTech),28,Split Tensile Strength,2.465,150x300mm Cylinder,T Strenth Reading 1000000.xlsx,Sheet1,341,False,3.367295829986474,5.291502622129181,0,0.0,0,0.0,784.0,21952.0
TS_NC_28d_041,EXP_TS_NC_28d,41,Normal Concrete,Control,,0,OPC 53 (UltraTech),28,Split Tensile Strength,2.623,150x300mm Cylinder,T Strenth Reading 1000000.xlsx,Sheet1,342,False,3.367295829986474,5.291502622129181,0,0.0,0,0.0,784.0,21952.0
TS_NC_28d_042,EXP_TS_NC_28d,42,Normal Concrete,Control,,0,OPC 53 (UltraTech),28,Split Tensile Strength,2.633,150x300mm Cylinder,T Strenth Reading 1000000.xlsx,Sheet1,343,False,3.367295829986474,5.291502622129181,0,0.0,0,0.0,784.0,21952.0
TS_NC_28d_043,EXP_TS_NC_28d,43,Normal Concrete,Control,,0,OPC 53 (UltraTech),28,Split Tensile Strength,2.841,150x300mm Cylinder,T Strenth Reading 1000000.xlsx,Sheet1,344,False,3.367295829986474,5.291502622129181,0,0.0,0,0.0,784.0,21952.0
TS_NC_28d_044,EXP_TS_NC_28d,44,Normal Concrete,Control,,0,OPC 53 (UltraTech),28,Split Tensile Strength,2.647,150x300mm Cylinder,T Strenth Reading 1000000.xlsx,Sheet1,345,False,3.367295829986474,5.291502622129181,0,0.0,0,0.0,784.0,21952.0
TS_NC_28d_045,EXP_TS_NC_28d,45,Normal Concrete,Control,,0,OPC 53 (UltraTech),28,Split Tensile Strength,2.416,150x300mm Cylinder,T Strenth Reading 1000000.xlsx,Sheet1,346,False,3.367295829986474,5.291502622129181,0,0.0,0,0.0,784.0,21952.0
TS_NC_28d_046,EXP_TS_NC_28d,46,Normal Concrete,Control,,0,OPC 53 (UltraTech),28,Split Tensile Strength,2.713,150x300mm Cylinder,T Strenth Reading 1000000.xlsx,Sheet1,347,False,3.367295829986474,5.291502622129181,0,0.0,0,0.0,784.0,21952.0
TS_NC_28d_047,EXP_TS_NC_28d,47,Normal Concrete,Control,,0,OPC 53 (UltraTech),28,Split Tensile Strength,2.695,150x300mm Cylinder,T Strenth Reading 1000000.xlsx,Sheet1,348,False,3.367295829986474,5.291502622129181,0,0.0,0,0.0,784.0,21952.0
TS_NC_28d_048,EXP_TS_NC_28d,48,Normal Concrete,Control,,0,OPC 53 (UltraTech),28,Split Tensile Strength,2.727,150x300mm Cylinder,T Strenth Reading 1000000.xlsx,Sheet1,349,False,3.367295829986474,5.291502622129181,0,0.0,0,0.0,784.0,21952.0
TS_NC_28d_049,EXP_TS_NC_28d,49,Normal Concrete,Control,,0,OPC 53 (UltraTech),28,Split Tensile Strength,2.544,150x300mm Cylinder,T Strenth Reading 1000000.xlsx,Sheet1,350,False,3.367295829986474,5.291502622129181,0,0.0,0,0.0,784.0,21952.0
TS_NC_28d_050,EXP_TS_NC_28d,50,Normal Concrete,Control,,0,OPC 53 (UltraTech),28,Split Tensile Strength,2.958,150x300mm Cylinder,T Strenth Reading 1000000.xlsx,Sheet1,351,False,3.367295829986474,5.291502622129181,0,0.0,0,0.0,784.0,21952.0
TS_NC_28d_051,EXP_TS_NC_28d,51,Normal Concrete,Control,,0,OPC 53 (UltraTech),28,Split Tensile Strength,2.651,150x300mm Cylinder,T Strenth Reading 1000000.xlsx,Sheet1,352,False,3.367295829986474,5.291502622129181,0,0.0,0,0.0,784.0,21952.0
TS_NC_28d_052,EXP_TS_NC_28d,52,Normal Concrete,Control,,0,OPC 53 (UltraTech),28,Split Tensile Strength,2.672,150x300mm Cylinder,T Strenth Reading 1000000.xlsx,Sheet1,353,False,3.367295829986474,5.291502622129181,0,0.0,0,0.0,784.0,21952.0
TS_NC_28d_053,EXP_TS_NC_28d,53,Normal Concrete,Control,,0,OPC 53 (UltraTech),28,Split Tensile Strength,2.565,150x300mm Cylinder,T Strenth Reading 1000000.xlsx,Sheet1,354,False,3.367295829986474,5.291502622129181,0,0.0,0,0.0,784.0,21952.0
TS_NC_28d_054,EXP_TS_NC_28d,54,Normal Concrete,Control,,0,OPC 53 (UltraTech),28,Split Tensile Strength,2.56,150x300mm Cylinder,T Strenth Reading 1000000.xlsx,Sheet1,355,False,3.367295829986474,5.291502622129181,0,0.0,0,0.0,784.0,21952.0
TS_NC_28d_055,EXP_TS_NC_28d,55,Normal Concrete,Control,,0,OPC 53 (UltraTech),28,Split Tensile Strength,2.517,150x300mm Cylinder,T Strenth Reading 1000000.xlsx,Sheet1,356,False,3.367295829986474,5.291502622129181,0,0.0,0,0.0,784.0,21952.0
TS_NC_28d_056,EXP_TS_NC_28d,56,Normal Concrete,Control,,0,OPC 53 (UltraTech),28,Split Tensile Strength,2.641,150x300mm Cylinder,T Strenth Reading 1000000.xlsx,Sheet1,357,False,3.367295829986474,5.291502622129181,0,0.0,0,0.0,784.0,21952.0
TS_NC_28d_057,EXP_TS_NC_28d,57,Normal Concrete,Control,,0,OPC 53 (UltraTech),28,Split Tensile Strength,2.556,150x300mm Cylinder,T Strenth Reading 1000000.xlsx,Sheet1,358,False,3.367295829986474,5.291502622129181,0,0.0,0,0.0,784.0,21952.0
TS_NC_28d_058,EXP_TS_NC_28d,58,Normal Concrete,Control,,0,OPC 53 (UltraTech),28,Split Tensile Strength,3.008,150x300mm Cylinder,T Strenth Reading 1000000.xlsx,Sheet1,359,False,3.367295829986474,5.291502622129181,0,0.0,0,0.0,784.0,21952.0
TS_NC_28d_059,EXP_TS_NC_28d,59,Normal Concrete,Control,,0,OPC 53 (UltraTech),28,Split Tensile Strength,2.417,150x300mm Cylinder,T Strenth Reading 1000000.xlsx,Sheet1,360,False,3.367295829986474,5.291502622129181,0,0.0,0,0.0,784.0,21952.0
TS_NC_28d_060,EXP_TS_NC_28d,60,Normal Concrete,Control,,0,OPC 53 (UltraTech),28,Split Tensile Strength,2.531,150x300mm Cylinder,T Strenth Reading 1000000.xlsx,Sheet1,361,False,3.367295829986474,5.291502622129181,0,0.0,0,0.0,784.0,21952.0
TS_NC_28d_061,EXP_TS_NC_28d,61,Normal Concrete,Control,,0,OPC 53 (UltraTech),28,Split Tensile Strength,2.64,150x300mm Cylinder,T Strenth Reading 1000000.xlsx,Sheet1,362,False,3.367295829986474,5.291502622129181,0,0.0,0,0.0,784.0,21952.0
TS_NC_28d_062,EXP_TS_NC_28d,62,Normal Concrete,Control,,0,OPC 53 (UltraTech),28,Split Tensile Strength,2.801,150x300mm Cylinder,T Strenth Reading 1000000.xlsx,Sheet1,363,False,3.367295829986474,5.291502622129181,0,0.0,0,0.0,784.0,21952.0
TS_NC_28d_063,EXP_TS_NC_28d,63,Normal Concrete,Control,,0,OPC 53 (UltraTech),28,Split Tensile Strength,2.638,150x300mm Cylinder,T Strenth Reading 1000000.xlsx,Sheet1,364,False,3.367295829986474,5.291502622129181,0,0.0,0,0.0,784.0,21952.0
TS_NC_28d_064,EXP_TS_NC_28d,64,Normal Concrete,Control,,0,OPC 53 (UltraTech),28,Split Tensile Strength,2.801,150x300mm Cylinder,T Strenth Reading 1000000.xlsx,Sheet1,365,False,3.367295829986474,5.291502622129181,0,0.0,0,0.0,784.0,21952.0
TS_NC_28d_065,EXP_TS_NC_28d,65,Normal Concrete,Control,,0,OPC 53 (UltraTech),28,Split Tensile Strength,2.552,150x300mm Cylinder,T Strenth Reading 1000000.xlsx,Sheet1,366,False,3.367295829986474,5.291502622129181,0,0.0,0,0.0,784.0,21952.0
TS_NC_28d_066,EXP_TS_NC_28d,66,Normal Concrete,Control,,0,OPC 53 (UltraTech),28,Split Tensile Strength,2.709,150x300mm Cylinder,T Strenth Reading 1000000.xlsx,Sheet1,367,False,3.367295829986474,5.291502622129181,0,0.0,0,0.0,784.0,21952.0
TS_NC_28d_067,EXP_TS_NC_28d,67,Normal Concrete,Control,,0,OPC 53 (UltraTech),28,Split Tensile Strength,2.962,150x300mm Cylinder,T Strenth Reading 1000000.xlsx,Sheet1,368,False,3.367295829986474,5.291502622129181,0,0.0,0,0.0,784.0,21952.0
TS_NC_28d_068,EXP_TS_NC_28d,68,Normal Concrete,Control,,0,OPC 53 (UltraTech),28,Split Tensile Strength,2.555,150x300mm Cylinder,T Strenth Reading 1000000.xlsx,Sheet1,369,False,3.367295829986474,5.291502622129181,0,0.0,0,0.0,784.0,21952.0
TS_NC_28d_069,EXP_TS_NC_28d,69,Normal Concrete,Control,,0,OPC 53 (UltraTech),28,Split Tensile Strength,2.763,150x300mm Cylinder,T Strenth Reading 1000000.xlsx,Sheet1,370,False,3.367295829986474,5.291502622129181,0,0.0,0,0.0,784.0,21952.0
TS_NC_28d_070,EXP_TS_NC_28d,70,Normal Concrete,Control,,0,OPC 53 (UltraTech),28,Split Tensile Strength,2.731,150x300mm Cylinder,T Strenth Reading 1000000.xlsx,Sheet1,371,False,3.367295829986474,5.291502622129181,0,0.0,0,0.0,784.0,21952.0
TS_NC_28d_071,EXP_TS_NC_28d,71,Normal Concrete,Control,,0,OPC 53 (UltraTech),28,Split Tensile Strength,2.362,150x300mm Cylinder,T Strenth Reading 1000000.xlsx,Sheet1,372,False,3.367295829986474,5.291502622129181,0,0.0,0,0.0,784.0,21952.0
TS_NC_28d_072,EXP_TS_NC_28d,72,Normal Concrete,Control,,0,OPC 53 (UltraTech),28,Split Tensile Strength,2.612,150x300mm Cylinder,T Strenth Reading 1000000.xlsx,Sheet1,373,False,3.367295829986474,5.291502622129181,0,0.0,0,0.0,784.0,21952.0
TS_NC_28d_073,EXP_TS_NC_28d,73,Normal Concrete,Control,,0,OPC 53 (UltraTech),28,Split Tensile Strength,2.87,150x300mm Cylinder,T Strenth Reading 1000000.xlsx,Sheet1,374,False,3.367295829986474,5.291502622129181,0,0.0,0,0.0,784.0,21952.0
TS_NC_28d_074,EXP_TS_NC_28d,74,Normal Concrete,Control,,0,OPC 53 (UltraTech),28,Split Tensile Strength,2.72,150x300mm Cylinder,T Strenth Reading 1000000.xlsx,Sheet1,375,False,3.367295829986474,5.291502622129181,0,0.0,0,0.0,784.0,21952.0
TS_NC_28d_075,EXP_TS_NC_28d,75,Normal Concrete,Control,,0,OPC 53 (UltraTech),28,Split Tensile Strength,2.518,150x300mm Cylinder,T Strenth Reading 1000000.xlsx,Sheet1,376,False,3.367295829986474,5.291502622129181,0,0.0,0,0.0,784.0,21952.0
TS_NC_28d_076,EXP_TS_NC_28d,76,Normal Concrete,Control,,0,OPC 53 (UltraTech),28,Split Tensile Strength,2.804,150x300mm Cylinder,T Strenth Reading 1000000.xlsx,Sheet1,377,False,3.367295829986474,5.291502622129181,0,0.0,0,0.0,784.0,21952.0
TS_NC_28d_077,EXP_TS_NC_28d,77,Normal Concrete,Control,,0,OPC 53 (UltraTech),28,Split Tensile Strength,2.628,150x300mm Cylinder,T Strenth Reading 1000000.xlsx,Sheet1,378,False,3.367295829986474,5.291502622129181,0,0.0,0,0.0,784.0,21952.0
TS_NC_28d_078,EXP_TS_NC_28d,78,Normal Concrete,Control,,0,OPC 53 (UltraTech),28,Split Tensile Strength,2.754,150x300mm Cylinder,T Strenth Reading 1000000.xlsx,Sheet1,379,False,3.367295829986474,5.291502622129181,0,0.0,0,0.0,784.0,21952.0
TS_NC_28d_079,EXP_TS_NC_28d,79,Normal Concrete,Control,,0,OPC 53 (UltraTech),28,Split Tensile Strength,2.757,150x300mm Cylinder,T Strenth Reading 1000000.xlsx,Sheet1,380,False,3.367295829986474,5.291502622129181,0,0.0,0,0.0,784.0,21952.0
TS_NC_28d_080,EXP_TS_NC_28d,80,Normal Concrete,Control,,0,OPC 53 (UltraTech),28,Split Tensile Strength,2.532,150x300mm Cylinder,T Strenth Reading 1000000.xlsx,Sheet1,381,False,3.367295829986474,5.291502622129181,0,0.0,0,0.0,784.0,21952.0
TS_NC_28d_081,EXP_TS_NC_28d,81,Normal Concrete,Control,,0,OPC 53 (UltraTech),28,Split Tensile Strength,2.818,150x300mm Cylinder,T Strenth Reading 1000000.xlsx,Sheet1,382,False,3.367295829986474,5.291502622129181,0,0.0,0,0.0,784.0,21952.0
TS_NC_28d_082,EXP_TS_NC_28d,82,Normal Concrete,Control,,0,OPC 53 (UltraTech),28,Split Tensile Strength,2.549,150x300mm Cylinder,T Strenth Reading 1000000.xlsx,Sheet1,383,False,3.367295829986474,5.291502622129181,0,0.0,0,0.0,784.0,21952.0
TS_NC_28d_083,EXP_TS_NC_28d,83,Normal Concrete,Control,,0,OPC 53 (UltraTech),28,Split Tensile Strength,2.504,150x300mm Cylinder,T Strenth Reading 1000000.xlsx,Sheet1,384,False,3.367295829986474,5.291502622129181,0,0.0,0,0.0,784.0,21952.0
TS_NC_28d_084,EXP_TS_NC_28d,84,Normal Concrete,Control,,0,OPC 53 (UltraTech),28,Split Tensile Strength,2.568,150x300mm Cylinder,T Strenth Reading 1000000.xlsx,Sheet1,385,False,3.367295829986474,5.291502622129181,0,0.0,0,0.0,784.0,21952.0
TS_NC_28d_085,EXP_TS_NC_28d,85,Normal Concrete,Control,,0,OPC 53 (UltraTech),28,Split Tensile Strength,2.648,150x300mm Cylinder,T Strenth Reading 1000000.xlsx,Sheet1,386,False,3.367295829986474,5.291502622129181,0,0.0,0,0.0,784.0,21952.0
TS_NC_28d_086,EXP_TS_NC_28d,86,Normal Concrete,Control,,0,OPC 53 (UltraTech),28,Split Tensile Strength,2.716,150x300mm Cylinder,T Strenth Reading 1000000.xlsx,Sheet1,387,False,3.367295829986474,5.291502622129181,0,0.0,0,0.0,784.0,21952.0
TS_NC_28d_087,EXP_TS_NC_28d,87,Normal Concrete,Control,,0,OPC 53 (UltraTech),28,Split Tensile Strength,2.584,150x300mm Cylinder,T Strenth Reading 1000000.xlsx,Sheet1,388,False,3.367295829986474,5.291502622129181,0,0.0,0,0.0,784.0,21952.0
TS_NC_28d_088,EXP_TS_NC_28d,88,Normal Concrete,Control,,0,OPC 53 (UltraTech),28,Split Tensile Strength,2.812,150x300mm Cylinder,T Strenth Reading 1000000.xlsx,Sheet1,389,False,3.367295829986474,5.291502622129181,0,0.0,0,0.0,784.0,21952.0
TS_NC_28d_089,EXP_TS_NC_28d,89,Normal Concrete,Control,,0,OPC 53 (UltraTech),28,Split Tensile Strength,2.738,150x300mm Cylinder,T Strenth Reading 1000000.xlsx,Sheet1,390,False,3.367295829986474,5.291502622129181,0,0.0,0,0.0,784.0,21952.0
TS_NC_28d_090,EXP_TS_NC_28d,90,Normal Concrete,Control,,0,OPC 53 (UltraTech),28,Split Tensile Strength,2.596,150x300mm Cylinder,T Strenth Reading 1000000.xlsx,Sheet1,391,False,3.367295829986474,5.291502622129181,0,0.0,0,0.0,784.0,21952.0
TS_NC_28d_091,EXP_TS_NC_28d,91,Normal Concrete,Control,,0,OPC 53 (UltraTech),28,Split Tensile Strength,2.833,150x300mm Cylinder,T Strenth Reading 1000000.xlsx,Sheet1,392,False,3.367295829986474,5.291502622129181,0,0.0,0,0.0,784.0,21952.0
TS_NC_28d_092,EXP_TS_NC_28d,92,Normal Concrete,Control,,0,OPC 53 (UltraTech),28,Split Tensile Strength,2.874,150x300mm Cylinder,T Strenth Reading 1000000.xlsx,Sheet1,393,False,3.367295829986474,5.291502622129181,0,0.0,0,0.0,784.0,21952.0
TS_NC_28d_093,EXP_TS_NC_28d,93,Normal Concrete,Control,,0,OPC 53 (UltraTech),28,Split Tensile Strength,2.685,150x300mm Cylinder,T Strenth Reading 1000000.xlsx,Sheet1,394,False,3.367295829986474,5.291502622129181,0,0.0,0,0.0,784.0,21952.0
TS_NC_28d_094,EXP_TS_NC_28d,94,Normal Concrete,Control,,0,OPC 53 (UltraTech),28,Split Tensile Strength,2.668,150x300mm Cylinder,T Strenth Reading 1000000.xlsx,Sheet1,395,False,3.367295829986474,5.291502622129181,0,0.0,0,0.0,784.0,21952.0
TS_NC_28d_095,EXP_TS_NC_28d,95,Normal Concrete,Control,,0,OPC 53 (UltraTech),28,Split Tensile Strength,2.434,150x300mm Cylinder,T Strenth Reading 1000000.xlsx,Sheet1,396,False,3.367295829986474,5.291502622129181,0,0.0,0,0.0,784.0,21952.0
TS_NC_28d_096,EXP_TS_NC_28d,96,Normal Concrete,Control,,0,OPC 53 (UltraTech),28,Split Tensile Strength,2.639,150x300mm Cylinder,T Strenth Reading 1000000.xlsx,Sheet1,397,False,3.367295829986474,5.291502622129181,0,0.0,0,0.0,784.0,21952.0
TS_NC_28d_097,EXP_TS_NC_28d,97,Normal Concrete,Control,,0,OPC 53 (UltraTech),28,Split Tensile Strength,2.656,150x300mm Cylinder,T Strenth Reading 1000000.xlsx,Sheet1,398,False,3.367295829986474,5.291502622129181,0,0.0,0,0.0,784.0,21952.0
TS_NC_28d_098,EXP_TS_NC_28d,98,Normal Concrete,Control,,0,OPC 53 (UltraTech),28,Split Tensile Strength,2.737,150x300mm Cylinder,T Strenth Reading 1000000.xlsx,Sheet1,399,False,3.367295829986474,5.291502622129181,0,0.0,0,0.0,784.0,21952.0
TS_NC_28d_099,EXP_TS_NC_28d,99,Normal Concrete,Control,,0,OPC 53 (UltraTech),28,Split Tensile Strength,2.675,150x300mm Cylinder,T Strenth Reading 1000000.xlsx,Sheet1,400,False,3.367295829986474,5.291502622129181,0,0.0,0,0.0,784.0,21952.0
TS_NC_28d_100,EXP_TS_NC_28d,100,Normal Concrete,Control,,0,OPC 53 (UltraTech),28,Split Tensile Strength,2.737,150x300mm Cylinder,T Strenth Reading 1000000.xlsx,Sheet1,401,False,3.367295829986474,5.291502622129181,0,0.0,0,0.0,784.0,21952.0
TS_NC_56d_001,EXP_TS_NC_56d,1,Normal Concrete,Control,,0,OPC 53 (UltraTech),56,Split Tensile Strength,3.13,150x300mm Cylinder,T Strenth Reading 1000000.xlsx,Sheet1,402,False,4.04305126783455,7.483314773547883,0,0.0,0,0.0,3136.0,175616.0
TS_NC_56d_002,EXP_TS_NC_56d,2,Normal Concrete,Control,,0,OPC 53 (UltraTech),56,Split Tensile Strength,2.821,150x300mm Cylinder,T Strenth Reading 1000000.xlsx,Sheet1,403,False,4.04305126783455,7.483314773547883,0,0.0,0,0.0,3136.0,175616.0
TS_NC_56d_003,EXP_TS_NC_56d,3,Normal Concrete,Control,,0,OPC 53 (UltraTech),56,Split Tensile Strength,2.826,150x300mm Cylinder,T Strenth Reading 1000000.xlsx,Sheet1,404,False,4.04305126783455,7.483314773547883,0,0.0,0,0.0,3136.0,175616.0
TS_NC_56d_004,EXP_TS_NC_56d,4,Normal Concrete,Control,,0,OPC 53 (UltraTech),56,Split Tensile Strength,2.704,150x300mm Cylinder,T Strenth Reading 1000000.xlsx,Sheet1,405,False,4.04305126783455,7.483314773547883,0,0.0,0,0.0,3136.0,175616.0
TS_NC_56d_005,EXP_TS_NC_56d,5,Normal Concrete,Control,,0,OPC 53 (UltraTech),56,Split Tensile Strength,2.899,150x300mm Cylinder,T Strenth Reading 1000000.xlsx,Sheet1,406,False,4.04305126783455,7.483314773547883,0,0.0,0,0.0,3136.0,175616.0
TS_NC_56d_006,EXP_TS_NC_56d,6,Normal Concrete,Control,,0,OPC 53 (UltraTech),56,Split Tensile Strength,3.047,150x300mm Cylinder,T Strenth Reading 1000000.xlsx,Sheet1,407,False,4.04305126783455,7.483314773547883,0,0.0,0,0.0,3136.0,175616.0
TS_NC_56d_007,EXP_TS_NC_56d,7,Normal Concrete,Control,,0,OPC 53 (UltraTech),56,Split Tensile Strength,2.637,150x300mm Cylinder,T Strenth Reading 1000000.xlsx,Sheet1,408,False,4.04305126783455,7.483314773547883,0,0.0,0,0.0,3136.0,175616.0
TS_NC_56d_008,EXP_TS_NC_56d,8,Normal Concrete,Control,,0,OPC 53 (UltraTech),56,Split Tensile Strength,2.8,150x300mm Cylinder,T Strenth Reading 1000000.xlsx,Sheet1,409,False,4.04305126783455,7.483314773547883,0,0.0,0,0.0,3136.0,175616.0
TS_NC_56d_009,EXP_TS_NC_56d,9,Normal Concrete,Control,,0,OPC 53 (UltraTech),56,Split Tensile Strength,2.905,150x300mm Cylinder,T Strenth Reading 1000000.xlsx,Sheet1,410,False,4.04305126783455,7.483314773547883,0,0.0,0,0.0,3136.0,175616.0
TS_NC_56d_010,EXP_TS_NC_56d,10,Normal Concrete,Control,,0,OPC 53 (UltraTech),56,Split Tensile Strength,3.028,150x300mm Cylinder,T Strenth Reading 1000000.xlsx,Sheet1,411,False,4.04305126783455,7.483314773547883,0,0.0,0,0.0,3136.0,175616.0
TS_NC_56d_011,EXP_TS_NC_56d,11,Normal Concrete,Control,,0,OPC 53 (UltraTech),56,Split Tensile Strength,2.957,150x300mm Cylinder,T Strenth Reading 1000000.xlsx,Sheet1,412,False,4.04305126783455,7.483314773547883,0,0.0,0,0.0,3136.0,175616.0
TS_NC_56d_012,EXP_TS_NC_56d,12,Normal Concrete,Control,,0,OPC 53 (UltraTech),56,Split Tensile Strength,2.949,150x300mm Cylinder,T Strenth Reading 1000000.xlsx,Sheet1,413,False,4.04305126783455,7.483314773547883,0,0.0,0,0.0,3136.0,175616.0
TS_NC_56d_013,EXP_TS_NC_56d,13,Normal Concrete,Control,,0,OPC 53 (UltraTech),56,Split Tensile Strength,2.866,150x300mm Cylinder,T Strenth Reading 1000000.xlsx,Sheet1,414,False,4.04305126783455,7.483314773547883,0,0.0,0,0.0,3136.0,175616.0
TS_NC_56d_014,EXP_TS_NC_56d,14,Normal Concrete,Control,,0,OPC 53 (UltraTech),56,Split Tensile Strength,2.972,150x300mm Cylinder,T Strenth Reading 1000000.xlsx,Sheet1,415,False,4.04305126783455,7.483314773547883,0,0.0,0,0.0,3136.0,175616.0
TS_NC_56d_015,EXP_TS_NC_56d,15,Normal Concrete,Control,,0,OPC 53 (UltraTech),56,Split Tensile Strength,3.052,150x300mm Cylinder,T Strenth Reading 1000000.xlsx,Sheet1,416,False,4.04305126783455,7.483314773547883,0,0.0,0,0.0,3136.0,175616.0
TS_NC_56d_016,EXP_TS_NC_56d,16,Normal Concrete,Control,,0,OPC 53 (UltraTech),56,Split Tensile Strength,2.644,150x300mm Cylinder,T Strenth Reading 1000000.xlsx,Sheet1,417,False,4.04305126783455,7.483314773547883,0,0.0,0,0.0,3136.0,175616.0
TS_NC_56d_017,EXP_TS_NC_56d,17,Normal Concrete,Control,,0,OPC 53 (UltraTech),56,Split Tensile Strength,3.009,150x300mm Cylinder,T Strenth Reading 1000000.xlsx,Sheet1,418,False,4.04305126783455,7.483314773547883,0,0.0,0,0.0,3136.0,175616.0
TS_NC_56d_018,EXP_TS_NC_56d,18,Normal Concrete,Control,,0,OPC 53 (UltraTech),56,Split Tensile Strength,2.885,150x300mm Cylinder,T Strenth Reading 1000000.xlsx,Sheet1,419,False,4.04305126783455,7.483314773547883,0,0.0,0,0.0,3136.0,175616.0
TS_NC_56d_019,EXP_TS_NC_56d,19,Normal Concrete,Control,,0,OPC 53 (UltraTech),56,Split Tensile Strength,2.821,150x300mm Cylinder,T Strenth Reading 1000000.xlsx,Sheet1,420,False,4.04305126783455,7.483314773547883,0,0.0,0,0.0,3136.0,175616.0
TS_NC_56d_020,EXP_TS_NC_56d,20,Normal Concrete,Control,,0,OPC 53 (UltraTech),56,Split Tensile Strength,2.534,150x300mm Cylinder,T Strenth Reading 1000000.xlsx,Sheet1,421,False,4.04305126783455,7.483314773547883,0,0.0,0,0.0,3136.0,175616.0
TS_NC_56d_021,EXP_TS_NC_56d,21,Normal Concrete,Control,,0,OPC 53 (UltraTech),56,Split Tensile Strength,2.693,150x300mm Cylinder,T Strenth Reading 1000000.xlsx,Sheet1,422,False,4.04305126783455,7.483314773547883,0,0.0,0,0.0,3136.0,175616.0
TS_NC_56d_022,EXP_TS_NC_56d,22,Normal Concrete,Control,,0,OPC 53 (UltraTech),56,Split Tensile Strength,3.155,150x300mm Cylinder,T Strenth Reading 1000000.xlsx,Sheet1,423,False,4.04305126783455,7.483314773547883,0,0.0,0,0.0,3136.0,175616.0
TS_NC_56d_023,EXP_TS_NC_56d,23,Normal Concrete,Control,,0,OPC 53 (UltraTech),56,Split Tensile Strength,2.797,150x300mm Cylinder,T Strenth Reading 1000000.xlsx,Sheet1,424,False,4.04305126783455,7.483314773547883,0,0.0,0,0.0,3136.0,175616.0
TS_NC_56d_024,EXP_TS_NC_56d,24,Normal Concrete,Control,,0,OPC 53 (UltraTech),56,Split Tensile Strength,2.737,150x300mm Cylinder,T Strenth Reading 1000000.xlsx,Sheet1,425,False,4.04305126783455,7.483314773547883,0,0.0,0,0.0,3136.0,175616.0
TS_NC_56d_025,EXP_TS_NC_56d,25,Normal Concrete,Control,,0,OPC 53 (UltraTech),56,Split Tensile Strength,2.832,150x300mm Cylinder,T Strenth Reading 1000000.xlsx,Sheet1,426,False,4.04305126783455,7.483314773547883,0,0.0,0,0.0,3136.0,175616.0
TS_NC_56d_026,EXP_TS_NC_56d,26,Normal Concrete,Control,,0,OPC 53 (UltraTech),56,Split Tensile Strength,2.788,150x300mm Cylinder,T Strenth Reading 1000000.xlsx,Sheet1,427,False,4.04305126783455,7.483314773547883,0,0.0,0,0.0,3136.0,175616.0
TS_NC_56d_027,EXP_TS_NC_56d,27,Normal Concrete,Control,,0,OPC 53 (UltraTech),56,Split Tensile Strength,2.919,150x300mm Cylinder,T Strenth Reading 1000000.xlsx,Sheet1,428,False,4.04305126783455,7.483314773547883,0,0.0,0,0.0,3136.0,175616.0
TS_NC_56d_028,EXP_TS_NC_56d,28,Normal Concrete,Control,,0,OPC 53 (UltraTech),56,Split Tensile Strength,3.128,150x300mm Cylinder,T Strenth Reading 1000000.xlsx,Sheet1,429,False,4.04305126783455,7.483314773547883,0,0.0,0,0.0,3136.0,175616.0
TS_NC_56d_029,EXP_TS_NC_56d,29,Normal Concrete,Control,,0,OPC 53 (UltraTech),56,Split Tensile Strength,2.812,150x300mm Cylinder,T Strenth Reading 1000000.xlsx,Sheet1,430,False,4.04305126783455,7.483314773547883,0,0.0,0,0.0,3136.0,175616.0
TS_NC_56d_030,EXP_TS_NC_56d,30,Normal Concrete,Control,,0,OPC 53 (UltraTech),56,Split Tensile Strength,2.923,150x300mm Cylinder,T Strenth Reading 1000000.xlsx,Sheet1,431,False,4.04305126783455,7.483314773547883,0,0.0,0,0.0,3136.0,175616.0
TS_NC_56d_031,EXP_TS_NC_56d,31,Normal Concrete,Control,,0,OPC 53 (UltraTech),56,Split Tensile Strength,2.728,150x300mm Cylinder,T Strenth Reading 1000000.xlsx,Sheet1,432,False,4.04305126783455,7.483314773547883,0,0.0,0,0.0,3136.0,175616.0
TS_NC_56d_032,EXP_TS_NC_56d,32,Normal Concrete,Control,,0,OPC 53 (UltraTech),56,Split Tensile Strength,3.128,150x300mm Cylinder,T Strenth Reading 1000000.xlsx,Sheet1,433,False,4.04305126783455,7.483314773547883,0,0.0,0,0.0,3136.0,175616.0
TS_NC_56d_033,EXP_TS_NC_56d,33,Normal Concrete,Control,,0,OPC 53 (UltraTech),56,Split Tensile Strength,2.928,150x300mm Cylinder,T Strenth Reading 1000000.xlsx,Sheet1,434,False,4.04305126783455,7.483314773547883,0,0.0,0,0.0,3136.0,175616.0
TS_NC_56d_034,EXP_TS_NC_56d,34,Normal Concrete,Control,,0,OPC 53 (UltraTech),56,Split Tensile Strength,2.738,150x300mm Cylinder,T Strenth Reading 1000000.xlsx,Sheet1,435,False,4.04305126783455,7.483314773547883,0,0.0,0,0.0,3136.0,175616.0
TS_NC_56d_035,EXP_TS_NC_56d,35,Normal Concrete,Control,,0,OPC 53 (UltraTech),56,Split Tensile Strength,3.036,150x300mm Cylinder,T Strenth Reading 1000000.xlsx,Sheet1,436,False,4.04305126783455,7.483314773547883,0,0.0,0,0.0,3136.0,175616.0
TS_NC_56d_036,EXP_TS_NC_56d,36,Normal Concrete,Control,,0,OPC 53 (UltraTech),56,Split Tensile Strength,3.08,150x300mm Cylinder,T Strenth Reading 1000000.xlsx,Sheet1,437,False,4.04305126783455,7.483314773547883,0,0.0,0,0.0,3136.0,175616.0
TS_NC_56d_037,EXP_TS_NC_56d,37,Normal Concrete,Control,,0,OPC 53 (UltraTech),56,Split Tensile Strength,2.924,150x300mm Cylinder,T Strenth Reading 1000000.xlsx,Sheet1,438,False,4.04305126783455,7.483314773547883,0,0.0,0,0.0,3136.0,175616.0
TS_NC_56d_038,EXP_TS_NC_56d,38,Normal Concrete,Control,,0,OPC 53 (UltraTech),56,Split Tensile Strength,2.654,150x300mm Cylinder,T Strenth Reading 1000000.xlsx,Sheet1,439,False,4.04305126783455,7.483314773547883,0,0.0,0,0.0,3136.0,175616.0
TS_NC_56d_039,EXP_TS_NC_56d,39,Normal Concrete,Control,,0,OPC 53 (UltraTech),56,Split Tensile Strength,3.168,150x300mm Cylinder,T Strenth Reading 1000000.xlsx,Sheet1,440,False,4.04305126783455,7.483314773547883,0,0.0,0,0.0,3136.0,175616.0
TS_NC_56d_040,EXP_TS_NC_56d,40,Normal Concrete,Control,,0,OPC 53 (UltraTech),56,Split Tensile Strength,2.947,150x300mm Cylinder,T Strenth Reading 1000000.xlsx,Sheet1,441,False,4.04305126783455,7.483314773547883,0,0.0,0,0.0,3136.0,175616.0
TS_NC_56d_041,EXP_TS_NC_56d,41,Normal Concrete,Control,,0,OPC 53 (UltraTech),56,Split Tensile Strength,3.076,150x300mm Cylinder,T Strenth Reading 1000000.xlsx,Sheet1,442,False,4.04305126783455,7.483314773547883,0,0.0,0,0.0,3136.0,175616.0
TS_NC_56d_042,EXP_TS_NC_56d,42,Normal Concrete,Control,,0,OPC 53 (UltraTech),56,Split Tensile Strength,2.817,150x300mm Cylinder,T Strenth Reading 1000000.xlsx,Sheet1,443,False,4.04305126783455,7.483314773547883,0,0.0,0,0.0,3136.0,175616.0
TS_NC_56d_043,EXP_TS_NC_56d,43,Normal Concrete,Control,,0,OPC 53 (UltraTech),56,Split Tensile Strength,2.84,150x300mm Cylinder,T Strenth Reading 1000000.xlsx,Sheet1,444,False,4.04305126783455,7.483314773547883,0,0.0,0,0.0,3136.0,175616.0
TS_NC_56d_044,EXP_TS_NC_56d,44,Normal Concrete,Control,,0,OPC 53 (UltraTech),56,Split Tensile Strength,2.917,150x300mm Cylinder,T Strenth Reading 1000000.xlsx,Sheet1,445,False,4.04305126783455,7.483314773547883,0,0.0,0,0.0,3136.0,175616.0
TS_NC_56d_045,EXP_TS_NC_56d,45,Normal Concrete,Control,,0,OPC 53 (UltraTech),56,Split Tensile Strength,3.067,150x300mm Cylinder,T Strenth Reading 1000000.xlsx,Sheet1,446,False,4.04305126783455,7.483314773547883,0,0.0,0,0.0,3136.0,175616.0
TS_NC_56d_046,EXP_TS_NC_56d,46,Normal Concrete,Control,,0,OPC 53 (UltraTech),56,Split Tensile Strength,2.921,150x300mm Cylinder,T Strenth Reading 1000000.xlsx,Sheet1,447,False,4.04305126783455,7.483314773547883,0,0.0,0,0.0,3136.0,175616.0
TS_NC_56d_047,EXP_TS_NC_56d,47,Normal Concrete,Control,,0,OPC 53 (UltraTech),56,Split Tensile Strength,2.711,150x300mm Cylinder,T Strenth Reading 1000000.xlsx,Sheet1,448,False,4.04305126783455,7.483314773547883,0,0.0,0,0.0,3136.0,175616.0
TS_NC_56d_048,EXP_TS_NC_56d,48,Normal Concrete,Control,,0,OPC 53 (UltraTech),56,Split Tensile Strength,2.939,150x300mm Cylinder,T Strenth Reading 1000000.xlsx,Sheet1,449,False,4.04305126783455,7.483314773547883,0,0.0,0,0.0,3136.0,175616.0
TS_NC_56d_049,EXP_TS_NC_56d,49,Normal Concrete,Control,,0,OPC 53 (UltraTech),56,Split Tensile Strength,3.144,150x300mm Cylinder,T Strenth Reading 1000000.xlsx,Sheet1,450,False,4.04305126783455,7.483314773547883,0,0.0,0,0.0,3136.0,175616.0
TS_NC_56d_050,EXP_TS_NC_56d,50,Normal Concrete,Control,,0,OPC 53 (UltraTech),56,Split Tensile Strength,2.91,150x300mm Cylinder,T Strenth Reading 1000000.xlsx,Sheet1,451,False,4.04305126783455,7.483314773547883,0,0.0,0,0.0,3136.0,175616.0
TS_NC_56d_051,EXP_TS_NC_56d,51,Normal Concrete,Control,,0,OPC 53 (UltraTech),56,Split Tensile Strength,2.919,150x300mm Cylinder,T Strenth Reading 1000000.xlsx,Sheet1,452,False,4.04305126783455,7.483314773547883,0,0.0,0,0.0,3136.0,175616.0
TS_NC_56d_052,EXP_TS_NC_56d,52,Normal Concrete,Control,,0,OPC 53 (UltraTech),56,Split Tensile Strength,2.711,150x300mm Cylinder,T Strenth Reading 1000000.xlsx,Sheet1,453,False,4.04305126783455,7.483314773547883,0,0.0,0,0.0,3136.0,175616.0
TS_NC_56d_053,EXP_TS_NC_56d,53,Normal Concrete,Control,,0,OPC 53 (UltraTech),56,Split Tensile Strength,2.69,150x300mm Cylinder,T Strenth Reading 1000000.xlsx,Sheet1,454,False,4.04305126783455,7.483314773547883,0,0.0,0,0.0,3136.0,175616.0
TS_NC_56d_054,EXP_TS_NC_56d,54,Normal Concrete,Control,,0,OPC 53 (UltraTech),56,Split Tensile Strength,2.804,150x300mm Cylinder,T Strenth Reading 1000000.xlsx,Sheet1,455,False,4.04305126783455,7.483314773547883,0,0.0,0,0.0,3136.0,175616.0
TS_NC_56d_055,EXP_TS_NC_56d,55,Normal Concrete,Control,,0,OPC 53 (UltraTech),56,Split Tensile Strength,2.851,150x300mm Cylinder,T Strenth Reading 1000000.xlsx,Sheet1,456,False,4.04305126783455,7.483314773547883,0,0.0,0,0.0,3136.0,175616.0
TS_NC_56d_056,EXP_TS_NC_56d,56,Normal Concrete,Control,,0,OPC 53 (UltraTech),56,Split Tensile Strength,2.916,150x300mm Cylinder,T Strenth Reading 1000000.xlsx,Sheet1,457,False,4.04305126783455,7.483314773547883,0,0.0,0,0.0,3136.0,175616.0
TS_NC_56d_057,EXP_TS_NC_56d,57,Normal Concrete,Control,,0,OPC 53 (UltraTech),56,Split Tensile Strength,2.925,150x300mm Cylinder,T Strenth Reading 1000000.xlsx,Sheet1,458,False,4.04305126783455,7.483314773547883,0,0.0,0,0.0,3136.0,175616.0
TS_NC_56d_058,EXP_TS_NC_56d,58,Normal Concrete,Control,,0,OPC 53 (UltraTech),56,Split Tensile Strength,3.14,150x300mm Cylinder,T Strenth Reading 1000000.xlsx,Sheet1,459,False,4.04305126783455,7.483314773547883,0,0.0,0,0.0,3136.0,175616.0
TS_NC_56d_059,EXP_TS_NC_56d,59,Normal Concrete,Control,,0,OPC 53 (UltraTech),56,Split Tensile Strength,2.909,150x300mm Cylinder,T Strenth Reading 1000000.xlsx,Sheet1,460,False,4.04305126783455,7.483314773547883,0,0.0,0,0.0,3136.0,175616.0
TS_NC_56d_060,EXP_TS_NC_56d,60,Normal Concrete,Control,,0,OPC 53 (UltraTech),56,Split Tensile Strength,3.06,150x300mm Cylinder,T Strenth Reading 1000000.xlsx,Sheet1,461,False,4.04305126783455,7.483314773547883,0,0.0,0,0.0,3136.0,175616.0
TS_NC_56d_061,EXP_TS_NC_56d,61,Normal Concrete,Control,,0,OPC 53 (UltraTech),56,Split Tensile Strength,2.894,150x300mm Cylinder,T Strenth Reading 1000000.xlsx,Sheet1,462,False,4.04305126783455,7.483314773547883,0,0.0,0,0.0,3136.0,175616.0
TS_NC_56d_062,EXP_TS_NC_56d,62,Normal Concrete,Control,,0,OPC 53 (UltraTech),56,Split Tensile Strength,3.117,150x300mm Cylinder,T Strenth Reading 1000000.xlsx,Sheet1,463,False,4.04305126783455,7.483314773547883,0,0.0,0,0.0,3136.0,175616.0
TS_NC_56d_063,EXP_TS_NC_56d,63,Normal Concrete,Control,,0,OPC 53 (UltraTech),56,Split Tensile Strength,2.619,150x300mm Cylinder,T Strenth Reading 1000000.xlsx,Sheet1,464,False,4.04305126783455,7.483314773547883,0,0.0,0,0.0,3136.0,175616.0
TS_NC_56d_064,EXP_TS_NC_56d,64,Normal Concrete,Control,,0,OPC 53 (UltraTech),56,Split Tensile Strength,2.81,150x300mm Cylinder,T Strenth Reading 1000000.xlsx,Sheet1,465,False,4.04305126783455,7.483314773547883,0,0.0,0,0.0,3136.0,175616.0
TS_NC_56d_065,EXP_TS_NC_56d,65,Normal Concrete,Control,,0,OPC 53 (UltraTech),56,Split Tensile Strength,3.047,150x300mm Cylinder,T Strenth Reading 1000000.xlsx,Sheet1,466,False,4.04305126783455,7.483314773547883,0,0.0,0,0.0,3136.0,175616.0
TS_NC_56d_066,EXP_TS_NC_56d,66,Normal Concrete,Control,,0,OPC 53 (UltraTech),56,Split Tensile Strength,2.874,150x300mm Cylinder,T Strenth Reading 1000000.xlsx,Sheet1,467,False,4.04305126783455,7.483314773547883,0,0.0,0,0.0,3136.0,175616.0
TS_NC_56d_067,EXP_TS_NC_56d,67,Normal Concrete,Control,,0,OPC 53 (UltraTech),56,Split Tensile Strength,3.04,150x300mm Cylinder,T Strenth Reading 1000000.xlsx,Sheet1,468,False,4.04305126783455,7.483314773547883,0,0.0,0,0.0,3136.0,175616.0
TS_NC_56d_068,EXP_TS_NC_56d,68,Normal Concrete,Control,,0,OPC 53 (UltraTech),56,Split Tensile Strength,2.958,150x300mm Cylinder,T Strenth Reading 1000000.xlsx,Sheet1,469,False,4.04305126783455,7.483314773547883,0,0.0,0,0.0,3136.0,175616.0
TS_NC_56d_069,EXP_TS_NC_56d,69,Normal Concrete,Control,,0,OPC 53 (UltraTech),56,Split Tensile Strength,3.042,150x300mm Cylinder,T Strenth Reading 1000000.xlsx,Sheet1,470,False,4.04305126783455,7.483314773547883,0,0.0,0,0.0,3136.0,175616.0
TS_NC_56d_070,EXP_TS_NC_56d,70,Normal Concrete,Control,,0,OPC 53 (UltraTech),56,Split Tensile Strength,2.992,150x300mm Cylinder,T Strenth Reading 1000000.xlsx,Sheet1,471,False,4.04305126783455,7.483314773547883,0,0.0,0,0.0,3136.0,175616.0
TS_NC_56d_071,EXP_TS_NC_56d,71,Normal Concrete,Control,,0,OPC 53 (UltraTech),56,Split Tensile Strength,3.001,150x300mm Cylinder,T Strenth Reading 1000000.xlsx,Sheet1,472,False,4.04305126783455,7.483314773547883,0,0.0,0,0.0,3136.0,175616.0
TS_NC_56d_072,EXP_TS_NC_56d,72,Normal Concrete,Control,,0,OPC 53 (UltraTech),56,Split Tensile Strength,3.124,150x300mm Cylinder,T Strenth Reading 1000000.xlsx,Sheet1,473,False,4.04305126783455,7.483314773547883,0,0.0,0,0.0,3136.0,175616.0
TS_NC_56d_073,EXP_TS_NC_56d,73,Normal Concrete,Control,,0,OPC 53 (UltraTech),56,Split Tensile Strength,3.048,150x300mm Cylinder,T Strenth Reading 1000000.xlsx,Sheet1,474,False,4.04305126783455,7.483314773547883,0,0.0,0,0.0,3136.0,175616.0
TS_NC_56d_074,EXP_TS_NC_56d,74,Normal Concrete,Control,,0,OPC 53 (UltraTech),56,Split Tensile Strength,3.049,150x300mm Cylinder,T Strenth Reading 1000000.xlsx,Sheet1,475,False,4.04305126783455,7.483314773547883,0,0.0,0,0.0,3136.0,175616.0
TS_NC_56d_075,EXP_TS_NC_56d,75,Normal Concrete,Control,,0,OPC 53 (UltraTech),56,Split Tensile Strength,2.903,150x300mm Cylinder,T Strenth Reading 1000000.xlsx,Sheet1,476,False,4.04305126783455,7.483314773547883,0,0.0,0,0.0,3136.0,175616.0
TS_NC_56d_076,EXP_TS_NC_56d,76,Normal Concrete,Control,,0,OPC 53 (UltraTech),56,Split Tensile Strength,2.813,150x300mm Cylinder,T Strenth Reading 1000000.xlsx,Sheet1,477,False,4.04305126783455,7.483314773547883,0,0.0,0,0.0,3136.0,175616.0
TS_NC_56d_077,EXP_TS_NC_56d,77,Normal Concrete,Control,,0,OPC 53 (UltraTech),56,Split Tensile Strength,2.801,150x300mm Cylinder,T Strenth Reading 1000000.xlsx,Sheet1,478,False,4.04305126783455,7.483314773547883,0,0.0,0,0.0,3136.0,175616.0
TS_NC_56d_078,EXP_TS_NC_56d,78,Normal Concrete,Control,,0,OPC 53 (UltraTech),56,Split Tensile Strength,3.013,150x300mm Cylinder,T Strenth Reading 1000000.xlsx,Sheet1,479,False,4.04305126783455,7.483314773547883,0,0.0,0,0.0,3136.0,175616.0
TS_NC_56d_079,EXP_TS_NC_56d,79,Normal Concrete,Control,,0,OPC 53 (UltraTech),56,Split Tensile Strength,2.534,150x300mm Cylinder,T Strenth Reading 1000000.xlsx,Sheet1,480,False,4.04305126783455,7.483314773547883,0,0.0,0,0.0,3136.0,175616.0
TS_NC_56d_080,EXP_TS_NC_56d,80,Normal Concrete,Control,,0,OPC 53 (UltraTech),56,Split Tensile Strength,2.704,150x300mm Cylinder,T Strenth Reading 1000000.xlsx,Sheet1,481,False,4.04305126783455,7.483314773547883,0,0.0,0,0.0,3136.0,175616.0
TS_NC_56d_081,EXP_TS_NC_56d,81,Normal Concrete,Control,,0,OPC 53 (UltraTech),56,Split Tensile Strength,2.756,150x300mm Cylinder,T Strenth Reading 1000000.xlsx,Sheet1,482,False,4.04305126783455,7.483314773547883,0,0.0,0,0.0,3136.0,175616.0
TS_NC_56d_082,EXP_TS_NC_56d,82,Normal Concrete,Control,,0,OPC 53 (UltraTech),56,Split Tensile Strength,2.863,150x300mm Cylinder,T Strenth Reading 1000000.xlsx,Sheet1,483,False,4.04305126783455,7.483314773547883,0,0.0,0,0.0,3136.0,175616.0
TS_NC_56d_083,EXP_TS_NC_56d,83,Normal Concrete,Control,,0,OPC 53 (UltraTech),56,Split Tensile Strength,2.505,150x300mm Cylinder,T Strenth Reading 1000000.xlsx,Sheet1,484,False,4.04305126783455,7.483314773547883,0,0.0,0,0.0,3136.0,175616.0
TS_NC_56d_084,EXP_TS_NC_56d,84,Normal Concrete,Control,,0,OPC 53 (UltraTech),56,Split Tensile Strength,3.089,150x300mm Cylinder,T Strenth Reading 1000000.xlsx,Sheet1,485,False,4.04305126783455,7.483314773547883,0,0.0,0,0.0,3136.0,175616.0
TS_NC_56d_085,EXP_TS_NC_56d,85,Normal Concrete,Control,,0,OPC 53 (UltraTech),56,Split Tensile Strength,2.99,150x300mm Cylinder,T Strenth Reading 1000000.xlsx,Sheet1,486,False,4.04305126783455,7.483314773547883,0,0.0,0,0.0,3136.0,175616.0
TS_NC_56d_086,EXP_TS_NC_56d,86,Normal Concrete,Control,,0,OPC 53 (UltraTech),56,Split Tensile Strength,3.198,150x300mm Cylinder,T Strenth Reading 1000000.xlsx,Sheet1,487,False,4.04305126783455,7.483314773547883,0,0.0,0,0.0,3136.0,175616.0
TS_NC_56d_087,EXP_TS_NC_56d,87,Normal Concrete,Control,,0,OPC 53 (UltraTech),56,Split Tensile Strength,3.059,150x300mm Cylinder,T Strenth Reading 1000000.xlsx,Sheet1,488,False,4.04305126783455,7.483314773547883,0,0.0,0,0.0,3136.0,175616.0
TS_NC_56d_088,EXP_TS_NC_56d,88,Normal Concrete,Control,,0,OPC 53 (UltraTech),56,Split Tensile Strength,3.055,150x300mm Cylinder,T Strenth Reading 1000000.xlsx,Sheet1,489,False,4.04305126783455,7.483314773547883,0,0.0,0,0.0,3136.0,175616.0
TS_NC_56d_089,EXP_TS_NC_56d,89,Normal Concrete,Control,,0,OPC 53 (UltraTech),56,Split Tensile Strength,3.238,150x300mm Cylinder,T Strenth Reading 1000000.xlsx,Sheet1,490,False,4.04305126783455,7.483314773547883,0,0.0,0,0.0,3136.0,175616.0
TS_NC_56d_090,EXP_TS_NC_56d,90,Normal Concrete,Control,,0,OPC 53 (UltraTech),56,Split Tensile Strength,2.814,150x300mm Cylinder,T Strenth Reading 1000000.xlsx,Sheet1,491,False,4.04305126783455,7.483314773547883,0,0.0,0,0.0,3136.0,175616.0
TS_NC_56d_091,EXP_TS_NC_56d,91,Normal Concrete,Control,,0,OPC 53 (UltraTech),56,Split Tensile Strength,2.674,150x300mm Cylinder,T Strenth Reading 1000000.xlsx,Sheet1,492,False,4.04305126783455,7.483314773547883,0,0.0,0,0.0,3136.0,175616.0
TS_NC_56d_092,EXP_TS_NC_56d,92,Normal Concrete,Control,,0,OPC 53 (UltraTech),56,Split Tensile Strength,2.865,150x300mm Cylinder,T Strenth Reading 1000000.xlsx,Sheet1,493,False,4.04305126783455,7.483314773547883,0,0.0,0,0.0,3136.0,175616.0
TS_NC_56d_093,EXP_TS_NC_56d,93,Normal Concrete,Control,,0,OPC 53 (UltraTech),56,Split Tensile Strength,2.776,150x300mm Cylinder,T Strenth Reading 1000000.xlsx,Sheet1,494,False,4.04305126783455,7.483314773547883,0,0.0,0,0.0,3136.0,175616.0
TS_NC_56d_094,EXP_TS_NC_56d,94,Normal Concrete,Control,,0,OPC 53 (UltraTech),56,Split Tensile Strength,2.861,150x300mm Cylinder,T Strenth Reading 1000000.xlsx,Sheet1,495,False,4.04305126783455,7.483314773547883,0,0.0,0,0.0,3136.0,175616.0
TS_NC_56d_095,EXP_TS_NC_56d,95,Normal Concrete,Control,,0,OPC 53 (UltraTech),56,Split Tensile Strength,2.742,150x300mm Cylinder,T Strenth Reading 1000000.xlsx,Sheet1,496,False,4.04305126783455,7.483314773547883,0,0.0,0,0.0,3136.0,175616.0
TS_NC_56d_096,EXP_TS_NC_56d,96,Normal Concrete,Control,,0,OPC 53 (UltraTech),56,Split Tensile Strength,2.985,150x300mm Cylinder,T Strenth Reading 1000000.xlsx,Sheet1,497,False,4.04305126783455,7.483314773547883,0,0.0,0,0.0,3136.0,175616.0
TS_NC_56d_097,EXP_TS_NC_56d,97,Normal Concrete,Control,,0,OPC 53 (UltraTech),56,Split Tensile Strength,2.977,150x300mm Cylinder,T Strenth Reading 1000000.xlsx,Sheet1,498,False,4.04305126783455,7.483314773547883,0,0.0,0,0.0,3136.0,175616.0
TS_NC_56d_098,EXP_TS_NC_56d,98,Normal Concrete,Control,,0,OPC 53 (UltraTech),56,Split Tensile Strength,2.896,150x300mm Cylinder,T Strenth Reading 1000000.xlsx,Sheet1,499,False,4.04305126783455,7.483314773547883,0,0.0,0,0.0,3136.0,175616.0
TS_NC_56d_099,EXP_TS_NC_56d,99,Normal Concrete,Control,,0,OPC 53 (UltraTech),56,Split Tensile Strength,2.947,150x300mm Cylinder,T Strenth Reading 1000000.xlsx,Sheet1,500,False,4.04305126783455,7.483314773547883,0,0.0,0,0.0,3136.0,175616.0
TS_NC_56d_100,EXP_TS_NC_56d,100,Normal Concrete,Control,,0,OPC 53 (UltraTech),56,Split Tensile Strength,2.879,150x300mm Cylinder,T Strenth Reading 1000000.xlsx,Sheet1,501,False,4.04305126783455,7.483314773547883,0,0.0,0,0.0,3136.0,175616.0
TS_NC_90d_001,EXP_TS_NC_90d,1,Normal Concrete,Control,,0,OPC 53 (UltraTech),90,Split Tensile Strength,3.213,150x300mm Cylinder,T Strenth Reading 1000000.xlsx,Sheet1,502,False,4.51085950651685,9.486832980505138,0,0.0,0,0.0,8100.0,729000.0
TS_NC_90d_002,EXP_TS_NC_90d,2,Normal Concrete,Control,,0,OPC 53 (UltraTech),90,Split Tensile Strength,3.11,150x300mm Cylinder,T Strenth Reading 1000000.xlsx,Sheet1,503,False,4.51085950651685,9.486832980505138,0,0.0,0,0.0,8100.0,729000.0
TS_NC_90d_003,EXP_TS_NC_90d,3,Normal Concrete,Control,,0,OPC 53 (UltraTech),90,Split Tensile Strength,3.06,150x300mm Cylinder,T Strenth Reading 1000000.xlsx,Sheet1,504,False,4.51085950651685,9.486832980505138,0,0.0,0,0.0,8100.0,729000.0
TS_NC_90d_004,EXP_TS_NC_90d,4,Normal Concrete,Control,,0,OPC 53 (UltraTech),90,Split Tensile Strength,3.239,150x300mm Cylinder,T Strenth Reading 1000000.xlsx,Sheet1,505,False,4.51085950651685,9.486832980505138,0,0.0,0,0.0,8100.0,729000.0
TS_NC_90d_005,EXP_TS_NC_90d,5,Normal Concrete,Control,,0,OPC 53 (UltraTech),90,Split Tensile Strength,3.289,150x300mm Cylinder,T Strenth Reading 1000000.xlsx,Sheet1,506,False,4.51085950651685,9.486832980505138,0,0.0,0,0.0,8100.0,729000.0
TS_NC_90d_006,EXP_TS_NC_90d,6,Normal Concrete,Control,,0,OPC 53 (UltraTech),90,Split Tensile Strength,3.301,150x300mm Cylinder,T Strenth Reading 1000000.xlsx,Sheet1,507,False,4.51085950651685,9.486832980505138,0,0.0,0,0.0,8100.0,729000.0
TS_NC_90d_007,EXP_TS_NC_90d,7,Normal Concrete,Control,,0,OPC 53 (UltraTech),90,Split Tensile Strength,2.951,150x300mm Cylinder,T Strenth Reading 1000000.xlsx,Sheet1,508,False,4.51085950651685,9.486832980505138,0,0.0,0,0.0,8100.0,729000.0
TS_NC_90d_008,EXP_TS_NC_90d,8,Normal Concrete,Control,,0,OPC 53 (UltraTech),90,Split Tensile Strength,3.02,150x300mm Cylinder,T Strenth Reading 1000000.xlsx,Sheet1,509,False,4.51085950651685,9.486832980505138,0,0.0,0,0.0,8100.0,729000.0
TS_NC_90d_009,EXP_TS_NC_90d,9,Normal Concrete,Control,,0,OPC 53 (UltraTech),90,Split Tensile Strength,2.845,150x300mm Cylinder,T Strenth Reading 1000000.xlsx,Sheet1,510,False,4.51085950651685,9.486832980505138,0,0.0,0,0.0,8100.0,729000.0
TS_NC_90d_010,EXP_TS_NC_90d,10,Normal Concrete,Control,,0,OPC 53 (UltraTech),90,Split Tensile Strength,3.064,150x300mm Cylinder,T Strenth Reading 1000000.xlsx,Sheet1,511,False,4.51085950651685,9.486832980505138,0,0.0,0,0.0,8100.0,729000.0
TS_NC_90d_011,EXP_TS_NC_90d,11,Normal Concrete,Control,,0,OPC 53 (UltraTech),90,Split Tensile Strength,3.162,150x300mm Cylinder,T Strenth Reading 1000000.xlsx,Sheet1,512,False,4.51085950651685,9.486832980505138,0,0.0,0,0.0,8100.0,729000.0
TS_NC_90d_012,EXP_TS_NC_90d,12,Normal Concrete,Control,,0,OPC 53 (UltraTech),90,Split Tensile Strength,3.08,150x300mm Cylinder,T Strenth Reading 1000000.xlsx,Sheet1,513,False,4.51085950651685,9.486832980505138,0,0.0,0,0.0,8100.0,729000.0
TS_NC_90d_013,EXP_TS_NC_90d,13,Normal Concrete,Control,,0,OPC 53 (UltraTech),90,Split Tensile Strength,3.39,150x300mm Cylinder,T Strenth Reading 1000000.xlsx,Sheet1,514,False,4.51085950651685,9.486832980505138,0,0.0,0,0.0,8100.0,729000.0
TS_NC_90d_014,EXP_TS_NC_90d,14,Normal Concrete,Control,,0,OPC 53 (UltraTech),90,Split Tensile Strength,3.039,150x300mm Cylinder,T Strenth Reading 1000000.xlsx,Sheet1,515,False,4.51085950651685,9.486832980505138,0,0.0,0,0.0,8100.0,729000.0
TS_NC_90d_015,EXP_TS_NC_90d,15,Normal Concrete,Control,,0,OPC 53 (UltraTech),90,Split Tensile Strength,2.937,150x300mm Cylinder,T Strenth Reading 1000000.xlsx,Sheet1,516,False,4.51085950651685,9.486832980505138,0,0.0,0,0.0,8100.0,729000.0
TS_NC_90d_016,EXP_TS_NC_90d,16,Normal Concrete,Control,,0,OPC 53 (UltraTech),90,Split Tensile Strength,3.185,150x300mm Cylinder,T Strenth Reading 1000000.xlsx,Sheet1,517,False,4.51085950651685,9.486832980505138,0,0.0,0,0.0,8100.0,729000.0
TS_NC_90d_017,EXP_TS_NC_90d,17,Normal Concrete,Control,,0,OPC 53 (UltraTech),90,Split Tensile Strength,3.122,150x300mm Cylinder,T Strenth Reading 1000000.xlsx,Sheet1,518,False,4.51085950651685,9.486832980505138,0,0.0,0,0.0,8100.0,729000.0
TS_NC_90d_018,EXP_TS_NC_90d,18,Normal Concrete,Control,,0,OPC 53 (UltraTech),90,Split Tensile Strength,3.182,150x300mm Cylinder,T Strenth Reading 1000000.xlsx,Sheet1,519,False,4.51085950651685,9.486832980505138,0,0.0,0,0.0,8100.0,729000.0
TS_NC_90d_019,EXP_TS_NC_90d,19,Normal Concrete,Control,,0,OPC 53 (UltraTech),90,Split Tensile Strength,3.146,150x300mm Cylinder,T Strenth Reading 1000000.xlsx,Sheet1,520,False,4.51085950651685,9.486832980505138,0,0.0,0,0.0,8100.0,729000.0
TS_NC_90d_020,EXP_TS_NC_90d,20,Normal Concrete,Control,,0,OPC 53 (UltraTech),90,Split Tensile Strength,3.137,150x300mm Cylinder,T Strenth Reading 1000000.xlsx,Sheet1,521,False,4.51085950651685,9.486832980505138,0,0.0,0,0.0,8100.0,729000.0
TS_NC_90d_021,EXP_TS_NC_90d,21,Normal Concrete,Control,,0,OPC 53 (UltraTech),90,Split Tensile Strength,2.782,150x300mm Cylinder,T Strenth Reading 1000000.xlsx,Sheet1,522,False,4.51085950651685,9.486832980505138,0,0.0,0,0.0,8100.0,729000.0
TS_NC_90d_022,EXP_TS_NC_90d,22,Normal Concrete,Control,,0,OPC 53 (UltraTech),90,Split Tensile Strength,2.991,150x300mm Cylinder,T Strenth Reading 1000000.xlsx,Sheet1,523,False,4.51085950651685,9.486832980505138,0,0.0,0,0.0,8100.0,729000.0
TS_NC_90d_023,EXP_TS_NC_90d,23,Normal Concrete,Control,,0,OPC 53 (UltraTech),90,Split Tensile Strength,3.011,150x300mm Cylinder,T Strenth Reading 1000000.xlsx,Sheet1,524,False,4.51085950651685,9.486832980505138,0,0.0,0,0.0,8100.0,729000.0
TS_NC_90d_024,EXP_TS_NC_90d,24,Normal Concrete,Control,,0,OPC 53 (UltraTech),90,Split Tensile Strength,3.048,150x300mm Cylinder,T Strenth Reading 1000000.xlsx,Sheet1,525,False,4.51085950651685,9.486832980505138,0,0.0,0,0.0,8100.0,729000.0
TS_NC_90d_025,EXP_TS_NC_90d,25,Normal Concrete,Control,,0,OPC 53 (UltraTech),90,Split Tensile Strength,3.033,150x300mm Cylinder,T Strenth Reading 1000000.xlsx,Sheet1,526,False,4.51085950651685,9.486832980505138,0,0.0,0,0.0,8100.0,729000.0
TS_NC_90d_026,EXP_TS_NC_90d,26,Normal Concrete,Control,,0,OPC 53 (UltraTech),90,Split Tensile Strength,3.162,150x300mm Cylinder,T Strenth Reading 1000000.xlsx,Sheet1,527,False,4.51085950651685,9.486832980505138,0,0.0,0,0.0,8100.0,729000.0
TS_NC_90d_027,EXP_TS_NC_90d,27,Normal Concrete,Control,,0,OPC 53 (UltraTech),90,Split Tensile Strength,3.19,150x300mm Cylinder,T Strenth Reading 1000000.xlsx,Sheet1,528,False,4.51085950651685,9.486832980505138,0,0.0,0,0.0,8100.0,729000.0
TS_NC_90d_028,EXP_TS_NC_90d,28,Normal Concrete,Control,,0,OPC 53 (UltraTech),90,Split Tensile Strength,2.93,150x300mm Cylinder,T Strenth Reading 1000000.xlsx,Sheet1,529,False,4.51085950651685,9.486832980505138,0,0.0,0,0.0,8100.0,729000.0
TS_NC_90d_029,EXP_TS_NC_90d,29,Normal Concrete,Control,,0,OPC 53 (UltraTech),90,Split Tensile Strength,3.203,150x300mm Cylinder,T Strenth Reading 1000000.xlsx,Sheet1,530,False,4.51085950651685,9.486832980505138,0,0.0,0,0.0,8100.0,729000.0
TS_NC_90d_030,EXP_TS_NC_90d,30,Normal Concrete,Control,,0,OPC 53 (UltraTech),90,Split Tensile Strength,3.188,150x300mm Cylinder,T Strenth Reading 1000000.xlsx,Sheet1,531,False,4.51085950651685,9.486832980505138,0,0.0,0,0.0,8100.0,729000.0
TS_NC_90d_031,EXP_TS_NC_90d,31,Normal Concrete,Control,,0,OPC 53 (UltraTech),90,Split Tensile Strength,3.17,150x300mm Cylinder,T Strenth Reading 1000000.xlsx,Sheet1,532,False,4.51085950651685,9.486832980505138,0,0.0,0,0.0,8100.0,729000.0
TS_NC_90d_032,EXP_TS_NC_90d,32,Normal Concrete,Control,,0,OPC 53 (UltraTech),90,Split Tensile Strength,2.887,150x300mm Cylinder,T Strenth Reading 1000000.xlsx,Sheet1,533,False,4.51085950651685,9.486832980505138,0,0.0,0,0.0,8100.0,729000.0
TS_NC_90d_033,EXP_TS_NC_90d,33,Normal Concrete,Control,,0,OPC 53 (UltraTech),90,Split Tensile Strength,3.166,150x300mm Cylinder,T Strenth Reading 1000000.xlsx,Sheet1,534,False,4.51085950651685,9.486832980505138,0,0.0,0,0.0,8100.0,729000.0
TS_NC_90d_034,EXP_TS_NC_90d,34,Normal Concrete,Control,,0,OPC 53 (UltraTech),90,Split Tensile Strength,3.112,150x300mm Cylinder,T Strenth Reading 1000000.xlsx,Sheet1,535,False,4.51085950651685,9.486832980505138,0,0.0,0,0.0,8100.0,729000.0
TS_NC_90d_035,EXP_TS_NC_90d,35,Normal Concrete,Control,,0,OPC 53 (UltraTech),90,Split Tensile Strength,3.244,150x300mm Cylinder,T Strenth Reading 1000000.xlsx,Sheet1,536,False,4.51085950651685,9.486832980505138,0,0.0,0,0.0,8100.0,729000.0
TS_NC_90d_036,EXP_TS_NC_90d,36,Normal Concrete,Control,,0,OPC 53 (UltraTech),90,Split Tensile Strength,3.368,150x300mm Cylinder,T Strenth Reading 1000000.xlsx,Sheet1,537,False,4.51085950651685,9.486832980505138,0,0.0,0,0.0,8100.0,729000.0
TS_NC_90d_037,EXP_TS_NC_90d,37,Normal Concrete,Control,,0,OPC 53 (UltraTech),90,Split Tensile Strength,3.338,150x300mm Cylinder,T Strenth Reading 1000000.xlsx,Sheet1,538,False,4.51085950651685,9.486832980505138,0,0.0,0,0.0,8100.0,729000.0
TS_NC_90d_038,EXP_TS_NC_90d,38,Normal Concrete,Control,,0,OPC 53 (UltraTech),90,Split Tensile Strength,3.117,150x300mm Cylinder,T Strenth Reading 1000000.xlsx,Sheet1,539,False,4.51085950651685,9.486832980505138,0,0.0,0,0.0,8100.0,729000.0
TS_NC_90d_039,EXP_TS_NC_90d,39,Normal Concrete,Control,,0,OPC 53 (UltraTech),90,Split Tensile Strength,3.1,150x300mm Cylinder,T Strenth Reading 1000000.xlsx,Sheet1,540,False,4.51085950651685,9.486832980505138,0,0.0,0,0.0,8100.0,729000.0
TS_NC_90d_040,EXP_TS_NC_90d,40,Normal Concrete,Control,,0,OPC 53 (UltraTech),90,Split Tensile Strength,3.195,150x300mm Cylinder,T Strenth Reading 1000000.xlsx,Sheet1,541,False,4.51085950651685,9.486832980505138,0,0.0,0,0.0,8100.0,729000.0
TS_NC_90d_041,EXP_TS_NC_90d,41,Normal Concrete,Control,,0,OPC 53 (UltraTech),90,Split Tensile Strength,2.933,150x300mm Cylinder,T Strenth Reading 1000000.xlsx,Sheet1,542,False,4.51085950651685,9.486832980505138,0,0.0,0,0.0,8100.0,729000.0
TS_NC_90d_042,EXP_TS_NC_90d,42,Normal Concrete,Control,,0,OPC 53 (UltraTech),90,Split Tensile Strength,2.882,150x300mm Cylinder,T Strenth Reading 1000000.xlsx,Sheet1,543,False,4.51085950651685,9.486832980505138,0,0.0,0,0.0,8100.0,729000.0
TS_NC_90d_043,EXP_TS_NC_90d,43,Normal Concrete,Control,,0,OPC 53 (UltraTech),90,Split Tensile Strength,3.029,150x300mm Cylinder,T Strenth Reading 1000000.xlsx,Sheet1,544,False,4.51085950651685,9.486832980505138,0,0.0,0,0.0,8100.0,729000.0
TS_NC_90d_044,EXP_TS_NC_90d,44,Normal Concrete,Control,,0,OPC 53 (UltraTech),90,Split Tensile Strength,3.283,150x300mm Cylinder,T Strenth Reading 1000000.xlsx,Sheet1,545,False,4.51085950651685,9.486832980505138,0,0.0,0,0.0,8100.0,729000.0
TS_NC_90d_045,EXP_TS_NC_90d,45,Normal Concrete,Control,,0,OPC 53 (UltraTech),90,Split Tensile Strength,3.05,150x300mm Cylinder,T Strenth Reading 1000000.xlsx,Sheet1,546,False,4.51085950651685,9.486832980505138,0,0.0,0,0.0,8100.0,729000.0
TS_NC_90d_046,EXP_TS_NC_90d,46,Normal Concrete,Control,,0,OPC 53 (UltraTech),90,Split Tensile Strength,3.325,150x300mm Cylinder,T Strenth Reading 1000000.xlsx,Sheet1,547,False,4.51085950651685,9.486832980505138,0,0.0,0,0.0,8100.0,729000.0
TS_NC_90d_047,EXP_TS_NC_90d,47,Normal Concrete,Control,,0,OPC 53 (UltraTech),90,Split Tensile Strength,2.682,150x300mm Cylinder,T Strenth Reading 1000000.xlsx,Sheet1,548,False,4.51085950651685,9.486832980505138,0,0.0,0,0.0,8100.0,729000.0
TS_NC_90d_048,EXP_TS_NC_90d,48,Normal Concrete,Control,,0,OPC 53 (UltraTech),90,Split Tensile Strength,2.862,150x300mm Cylinder,T Strenth Reading 1000000.xlsx,Sheet1,549,False,4.51085950651685,9.486832980505138,0,0.0,0,0.0,8100.0,729000.0
TS_NC_90d_049,EXP_TS_NC_90d,49,Normal Concrete,Control,,0,OPC 53 (UltraTech),90,Split Tensile Strength,3.081,150x300mm Cylinder,T Strenth Reading 1000000.xlsx,Sheet1,550,False,4.51085950651685,9.486832980505138,0,0.0,0,0.0,8100.0,729000.0
TS_NC_90d_050,EXP_TS_NC_90d,50,Normal Concrete,Control,,0,OPC 53 (UltraTech),90,Split Tensile Strength,3.233,150x300mm Cylinder,T Strenth Reading 1000000.xlsx,Sheet1,551,False,4.51085950651685,9.486832980505138,0,0.0,0,0.0,8100.0,729000.0
TS_NC_90d_051,EXP_TS_NC_90d,51,Normal Concrete,Control,,0,OPC 53 (UltraTech),90,Split Tensile Strength,3.09,150x300mm Cylinder,T Strenth Reading 1000000.xlsx,Sheet1,552,False,4.51085950651685,9.486832980505138,0,0.0,0,0.0,8100.0,729000.0
TS_NC_90d_052,EXP_TS_NC_90d,52,Normal Concrete,Control,,0,OPC 53 (UltraTech),90,Split Tensile Strength,3.086,150x300mm Cylinder,T Strenth Reading 1000000.xlsx,Sheet1,553,False,4.51085950651685,9.486832980505138,0,0.0,0,0.0,8100.0,729000.0
TS_NC_90d_053,EXP_TS_NC_90d,53,Normal Concrete,Control,,0,OPC 53 (UltraTech),90,Split Tensile Strength,3.082,150x300mm Cylinder,T Strenth Reading 1000000.xlsx,Sheet1,554,False,4.51085950651685,9.486832980505138,0,0.0,0,0.0,8100.0,729000.0
TS_NC_90d_054,EXP_TS_NC_90d,54,Normal Concrete,Control,,0,OPC 53 (UltraTech),90,Split Tensile Strength,2.836,150x300mm Cylinder,T Strenth Reading 1000000.xlsx,Sheet1,555,False,4.51085950651685,9.486832980505138,0,0.0,0,0.0,8100.0,729000.0
TS_NC_90d_055,EXP_TS_NC_90d,55,Normal Concrete,Control,,0,OPC 53 (UltraTech),90,Split Tensile Strength,3.274,150x300mm Cylinder,T Strenth Reading 1000000.xlsx,Sheet1,556,False,4.51085950651685,9.486832980505138,0,0.0,0,0.0,8100.0,729000.0
TS_NC_90d_056,EXP_TS_NC_90d,56,Normal Concrete,Control,,0,OPC 53 (UltraTech),90,Split Tensile Strength,2.998,150x300mm Cylinder,T Strenth Reading 1000000.xlsx,Sheet1,557,False,4.51085950651685,9.486832980505138,0,0.0,0,0.0,8100.0,729000.0
TS_NC_90d_057,EXP_TS_NC_90d,57,Normal Concrete,Control,,0,OPC 53 (UltraTech),90,Split Tensile Strength,3.263,150x300mm Cylinder,T Strenth Reading 1000000.xlsx,Sheet1,558,False,4.51085950651685,9.486832980505138,0,0.0,0,0.0,8100.0,729000.0
TS_NC_90d_058,EXP_TS_NC_90d,58,Normal Concrete,Control,,0,OPC 53 (UltraTech),90,Split Tensile Strength,3.089,150x300mm Cylinder,T Strenth Reading 1000000.xlsx,Sheet1,559,False,4.51085950651685,9.486832980505138,0,0.0,0,0.0,8100.0,729000.0
TS_NC_90d_059,EXP_TS_NC_90d,59,Normal Concrete,Control,,0,OPC 53 (UltraTech),90,Split Tensile Strength,3.26,150x300mm Cylinder,T Strenth Reading 1000000.xlsx,Sheet1,560,False,4.51085950651685,9.486832980505138,0,0.0,0,0.0,8100.0,729000.0
TS_NC_90d_060,EXP_TS_NC_90d,60,Normal Concrete,Control,,0,OPC 53 (UltraTech),90,Split Tensile Strength,3.151,150x300mm Cylinder,T Strenth Reading 1000000.xlsx,Sheet1,561,False,4.51085950651685,9.486832980505138,0,0.0,0,0.0,8100.0,729000.0
TS_NC_90d_061,EXP_TS_NC_90d,61,Normal Concrete,Control,,0,OPC 53 (UltraTech),90,Split Tensile Strength,3.084,150x300mm Cylinder,T Strenth Reading 1000000.xlsx,Sheet1,562,False,4.51085950651685,9.486832980505138,0,0.0,0,0.0,8100.0,729000.0
TS_NC_90d_062,EXP_TS_NC_90d,62,Normal Concrete,Control,,0,OPC 53 (UltraTech),90,Split Tensile Strength,3.134,150x300mm Cylinder,T Strenth Reading 1000000.xlsx,Sheet1,563,False,4.51085950651685,9.486832980505138,0,0.0,0,0.0,8100.0,729000.0
TS_NC_90d_063,EXP_TS_NC_90d,63,Normal Concrete,Control,,0,OPC 53 (UltraTech),90,Split Tensile Strength,2.879,150x300mm Cylinder,T Strenth Reading 1000000.xlsx,Sheet1,564,False,4.51085950651685,9.486832980505138,0,0.0,0,0.0,8100.0,729000.0
TS_NC_90d_064,EXP_TS_NC_90d,64,Normal Concrete,Control,,0,OPC 53 (UltraTech),90,Split Tensile Strength,3.101,150x300mm Cylinder,T Strenth Reading 1000000.xlsx,Sheet1,565,False,4.51085950651685,9.486832980505138,0,0.0,0,0.0,8100.0,729000.0
TS_NC_90d_065,EXP_TS_NC_90d,65,Normal Concrete,Control,,0,OPC 53 (UltraTech),90,Split Tensile Strength,3.357,150x300mm Cylinder,T Strenth Reading 1000000.xlsx,Sheet1,566,False,4.51085950651685,9.486832980505138,0,0.0,0,0.0,8100.0,729000.0
TS_NC_90d_066,EXP_TS_NC_90d,66,Normal Concrete,Control,,0,OPC 53 (UltraTech),90,Split Tensile Strength,3.296,150x300mm Cylinder,T Strenth Reading 1000000.xlsx,Sheet1,567,False,4.51085950651685,9.486832980505138,0,0.0,0,0.0,8100.0,729000.0
TS_NC_90d_067,EXP_TS_NC_90d,67,Normal Concrete,Control,,0,OPC 53 (UltraTech),90,Split Tensile Strength,2.952,150x300mm Cylinder,T Strenth Reading 1000000.xlsx,Sheet1,568,False,4.51085950651685,9.486832980505138,0,0.0,0,0.0,8100.0,729000.0
TS_NC_90d_068,EXP_TS_NC_90d,68,Normal Concrete,Control,,0,OPC 53 (UltraTech),90,Split Tensile Strength,3.176,150x300mm Cylinder,T Strenth Reading 1000000.xlsx,Sheet1,569,False,4.51085950651685,9.486832980505138,0,0.0,0,0.0,8100.0,729000.0
TS_NC_90d_069,EXP_TS_NC_90d,69,Normal Concrete,Control,,0,OPC 53 (UltraTech),90,Split Tensile Strength,3.137,150x300mm Cylinder,T Strenth Reading 1000000.xlsx,Sheet1,570,False,4.51085950651685,9.486832980505138,0,0.0,0,0.0,8100.0,729000.0
TS_NC_90d_070,EXP_TS_NC_90d,70,Normal Concrete,Control,,0,OPC 53 (UltraTech),90,Split Tensile Strength,3.223,150x300mm Cylinder,T Strenth Reading 1000000.xlsx,Sheet1,571,False,4.51085950651685,9.486832980505138,0,0.0,0,0.0,8100.0,729000.0
TS_NC_90d_071,EXP_TS_NC_90d,71,Normal Concrete,Control,,0,OPC 53 (UltraTech),90,Split Tensile Strength,3.114,150x300mm Cylinder,T Strenth Reading 1000000.xlsx,Sheet1,572,False,4.51085950651685,9.486832980505138,0,0.0,0,0.0,8100.0,729000.0
TS_NC_90d_072,EXP_TS_NC_90d,72,Normal Concrete,Control,,0,OPC 53 (UltraTech),90,Split Tensile Strength,3.065,150x300mm Cylinder,T Strenth Reading 1000000.xlsx,Sheet1,573,False,4.51085950651685,9.486832980505138,0,0.0,0,0.0,8100.0,729000.0
TS_NC_90d_073,EXP_TS_NC_90d,73,Normal Concrete,Control,,0,OPC 53 (UltraTech),90,Split Tensile Strength,3.3,150x300mm Cylinder,T Strenth Reading 1000000.xlsx,Sheet1,574,False,4.51085950651685,9.486832980505138,0,0.0,0,0.0,8100.0,729000.0
TS_NC_90d_074,EXP_TS_NC_90d,74,Normal Concrete,Control,,0,OPC 53 (UltraTech),90,Split Tensile Strength,3.132,150x300mm Cylinder,T Strenth Reading 1000000.xlsx,Sheet1,575,False,4.51085950651685,9.486832980505138,0,0.0,0,0.0,8100.0,729000.0
TS_NC_90d_075,EXP_TS_NC_90d,75,Normal Concrete,Control,,0,OPC 53 (UltraTech),90,Split Tensile Strength,3.288,150x300mm Cylinder,T Strenth Reading 1000000.xlsx,Sheet1,576,False,4.51085950651685,9.486832980505138,0,0.0,0,0.0,8100.0,729000.0
TS_NC_90d_076,EXP_TS_NC_90d,76,Normal Concrete,Control,,0,OPC 53 (UltraTech),90,Split Tensile Strength,3.246,150x300mm Cylinder,T Strenth Reading 1000000.xlsx,Sheet1,577,False,4.51085950651685,9.486832980505138,0,0.0,0,0.0,8100.0,729000.0
TS_NC_90d_077,EXP_TS_NC_90d,77,Normal Concrete,Control,,0,OPC 53 (UltraTech),90,Split Tensile Strength,3.051,150x300mm Cylinder,T Strenth Reading 1000000.xlsx,Sheet1,578,False,4.51085950651685,9.486832980505138,0,0.0,0,0.0,8100.0,729000.0
TS_NC_90d_078,EXP_TS_NC_90d,78,Normal Concrete,Control,,0,OPC 53 (UltraTech),90,Split Tensile Strength,3.075,150x300mm Cylinder,T Strenth Reading 1000000.xlsx,Sheet1,579,False,4.51085950651685,9.486832980505138,0,0.0,0,0.0,8100.0,729000.0
TS_NC_90d_079,EXP_TS_NC_90d,79,Normal Concrete,Control,,0,OPC 53 (UltraTech),90,Split Tensile Strength,3.389,150x300mm Cylinder,T Strenth Reading 1000000.xlsx,Sheet1,580,False,4.51085950651685,9.486832980505138,0,0.0,0,0.0,8100.0,729000.0
TS_NC_90d_080,EXP_TS_NC_90d,80,Normal Concrete,Control,,0,OPC 53 (UltraTech),90,Split Tensile Strength,3.129,150x300mm Cylinder,T Strenth Reading 1000000.xlsx,Sheet1,581,False,4.51085950651685,9.486832980505138,0,0.0,0,0.0,8100.0,729000.0
TS_NC_90d_081,EXP_TS_NC_90d,81,Normal Concrete,Control,,0,OPC 53 (UltraTech),90,Split Tensile Strength,2.986,150x300mm Cylinder,T Strenth Reading 1000000.xlsx,Sheet1,582,False,4.51085950651685,9.486832980505138,0,0.0,0,0.0,8100.0,729000.0
TS_NC_90d_082,EXP_TS_NC_90d,82,Normal Concrete,Control,,0,OPC 53 (UltraTech),90,Split Tensile Strength,2.92,150x300mm Cylinder,T Strenth Reading 1000000.xlsx,Sheet1,583,False,4.51085950651685,9.486832980505138,0,0.0,0,0.0,8100.0,729000.0
TS_NC_90d_083,EXP_TS_NC_90d,83,Normal Concrete,Control,,0,OPC 53 (UltraTech),90,Split Tensile Strength,3.246,150x300mm Cylinder,T Strenth Reading 1000000.xlsx,Sheet1,584,False,4.51085950651685,9.486832980505138,0,0.0,0,0.0,8100.0,729000.0
TS_NC_90d_084,EXP_TS_NC_90d,84,Normal Concrete,Control,,0,OPC 53 (UltraTech),90,Split Tensile Strength,3.124,150x300mm Cylinder,T Strenth Reading 1000000.xlsx,Sheet1,585,False,4.51085950651685,9.486832980505138,0,0.0,0,0.0,8100.0,729000.0
TS_NC_90d_085,EXP_TS_NC_90d,85,Normal Concrete,Control,,0,OPC 53 (UltraTech),90,Split Tensile Strength,2.981,150x300mm Cylinder,T Strenth Reading 1000000.xlsx,Sheet1,586,False,4.51085950651685,9.486832980505138,0,0.0,0,0.0,8100.0,729000.0
TS_NC_90d_086,EXP_TS_NC_90d,86,Normal Concrete,Control,,0,OPC 53 (UltraTech),90,Split Tensile Strength,3.201,150x300mm Cylinder,T Strenth Reading 1000000.xlsx,Sheet1,587,False,4.51085950651685,9.486832980505138,0,0.0,0,0.0,8100.0,729000.0
TS_NC_90d_087,EXP_TS_NC_90d,87,Normal Concrete,Control,,0,OPC 53 (UltraTech),90,Split Tensile Strength,3.124,150x300mm Cylinder,T Strenth Reading 1000000.xlsx,Sheet1,588,False,4.51085950651685,9.486832980505138,0,0.0,0,0.0,8100.0,729000.0
TS_NC_90d_088,EXP_TS_NC_90d,88,Normal Concrete,Control,,0,OPC 53 (UltraTech),90,Split Tensile Strength,2.851,150x300mm Cylinder,T Strenth Reading 1000000.xlsx,Sheet1,589,False,4.51085950651685,9.486832980505138,0,0.0,0,0.0,8100.0,729000.0
TS_NC_90d_089,EXP_TS_NC_90d,89,Normal Concrete,Control,,0,OPC 53 (UltraTech),90,Split Tensile Strength,3.188,150x300mm Cylinder,T Strenth Reading 1000000.xlsx,Sheet1,590,False,4.51085950651685,9.486832980505138,0,0.0,0,0.0,8100.0,729000.0
TS_NC_90d_090,EXP_TS_NC_90d,90,Normal Concrete,Control,,0,OPC 53 (UltraTech),90,Split Tensile Strength,3.3,150x300mm Cylinder,T Strenth Reading 1000000.xlsx,Sheet1,591,False,4.51085950651685,9.486832980505138,0,0.0,0,0.0,8100.0,729000.0
TS_NC_90d_091,EXP_TS_NC_90d,91,Normal Concrete,Control,,0,OPC 53 (UltraTech),90,Split Tensile Strength,3.484,150x300mm Cylinder,T Strenth Reading 1000000.xlsx,Sheet1,592,False,4.51085950651685,9.486832980505138,0,0.0,0,0.0,8100.0,729000.0
TS_NC_90d_092,EXP_TS_NC_90d,92,Normal Concrete,Control,,0,OPC 53 (UltraTech),90,Split Tensile Strength,3.105,150x300mm Cylinder,T Strenth Reading 1000000.xlsx,Sheet1,593,False,4.51085950651685,9.486832980505138,0,0.0,0,0.0,8100.0,729000.0
TS_NC_90d_093,EXP_TS_NC_90d,93,Normal Concrete,Control,,0,OPC 53 (UltraTech),90,Split Tensile Strength,3.135,150x300mm Cylinder,T Strenth Reading 1000000.xlsx,Sheet1,594,False,4.51085950651685,9.486832980505138,0,0.0,0,0.0,8100.0,729000.0
TS_NC_90d_094,EXP_TS_NC_90d,94,Normal Concrete,Control,,0,OPC 53 (UltraTech),90,Split Tensile Strength,3.341,150x300mm Cylinder,T Strenth Reading 1000000.xlsx,Sheet1,595,False,4.51085950651685,9.486832980505138,0,0.0,0,0.0,8100.0,729000.0
TS_NC_90d_095,EXP_TS_NC_90d,95,Normal Concrete,Control,,0,OPC 53 (UltraTech),90,Split Tensile Strength,3.125,150x300mm Cylinder,T Strenth Reading 1000000.xlsx,Sheet1,596,False,4.51085950651685,9.486832980505138,0,0.0,0,0.0,8100.0,729000.0
TS_NC_90d_096,EXP_TS_NC_90d,96,Normal Concrete,Control,,0,OPC 53 (UltraTech),90,Split Tensile Strength,3.141,150x300mm Cylinder,T Strenth Reading 1000000.xlsx,Sheet1,597,False,4.51085950651685,9.486832980505138,0,0.0,0,0.0,8100.0,729000.0
TS_NC_90d_097,EXP_TS_NC_90d,97,Normal Concrete,Control,,0,OPC 53 (UltraTech),90,Split Tensile Strength,3.005,150x300mm Cylinder,T Strenth Reading 1000000.xlsx,Sheet1,598,False,4.51085950651685,9.486832980505138,0,0.0,0,0.0,8100.0,729000.0
TS_NC_90d_098,EXP_TS_NC_90d,98,Normal Concrete,Control,,0,OPC 53 (UltraTech),90,Split Tensile Strength,2.891,150x300mm Cylinder,T Strenth Reading 1000000.xlsx,Sheet1,599,False,4.51085950651685,9.486832980505138,0,0.0,0,0.0,8100.0,729000.0
TS_NC_90d_099,EXP_TS_NC_90d,99,Normal Concrete,Control,,0,OPC 53 (UltraTech),90,Split Tensile Strength,3.237,150x300mm Cylinder,T Strenth Reading 1000000.xlsx,Sheet1,600,False,4.51085950651685,9.486832980505138,0,0.0,0,0.0,8100.0,729000.0
TS_NC_90d_100,EXP_TS_NC_90d,100,Normal Concrete,Control,,0,OPC 53 (UltraTech),90,Split Tensile Strength,2.909,150x300mm Cylinder,T Strenth Reading 1000000.xlsx,Sheet1,601,False,4.51085950651685,9.486832980505138,0,0.0,0,0.0,8100.0,729000.0
TS_BC_07d_001,EXP_TS_BC_07d,1,Bacterial Concrete,Inoculated,Bacillus subtilis,1000000,OPC 53 (UltraTech),7,Split Tensile Strength,2.271,150x300mm Cylinder,T Strenth Reading 1000000.xlsx,Sheet1,602,False,2.0794415416798357,2.6457513110645907,1,13.815511557963774,7,2.0794415416798357,49.0,343.0
TS_BC_07d_002,EXP_TS_BC_07d,2,Bacterial Concrete,Inoculated,Bacillus subtilis,1000000,OPC 53 (UltraTech),7,Split Tensile Strength,1.982,150x300mm Cylinder,T Strenth Reading 1000000.xlsx,Sheet1,603,False,2.0794415416798357,2.6457513110645907,1,13.815511557963774,7,2.0794415416798357,49.0,343.0
TS_BC_07d_003,EXP_TS_BC_07d,3,Bacterial Concrete,Inoculated,Bacillus subtilis,1000000,OPC 53 (UltraTech),7,Split Tensile Strength,2.14,150x300mm Cylinder,T Strenth Reading 1000000.xlsx,Sheet1,604,False,2.0794415416798357,2.6457513110645907,1,13.815511557963774,7,2.0794415416798357,49.0,343.0
TS_BC_07d_004,EXP_TS_BC_07d,4,Bacterial Concrete,Inoculated,Bacillus subtilis,1000000,OPC 53 (UltraTech),7,Split Tensile Strength,2.044,150x300mm Cylinder,T Strenth Reading 1000000.xlsx,Sheet1,605,False,2.0794415416798357,2.6457513110645907,1,13.815511557963774,7,2.0794415416798357,49.0,343.0
TS_BC_07d_005,EXP_TS_BC_07d,5,Bacterial Concrete,Inoculated,Bacillus subtilis,1000000,OPC 53 (UltraTech),7,Split Tensile Strength,2.276,150x300mm Cylinder,T Strenth Reading 1000000.xlsx,Sheet1,606,False,2.0794415416798357,2.6457513110645907,1,13.815511557963774,7,2.0794415416798357,49.0,343.0
TS_BC_07d_006,EXP_TS_BC_07d,6,Bacterial Concrete,Inoculated,Bacillus subtilis,1000000,OPC 53 (UltraTech),7,Split Tensile Strength,2.145,150x300mm Cylinder,T Strenth Reading 1000000.xlsx,Sheet1,607,False,2.0794415416798357,2.6457513110645907,1,13.815511557963774,7,2.0794415416798357,49.0,343.0
TS_BC_07d_007,EXP_TS_BC_07d,7,Bacterial Concrete,Inoculated,Bacillus subtilis,1000000,OPC 53 (UltraTech),7,Split Tensile Strength,2.394,150x300mm Cylinder,T Strenth Reading 1000000.xlsx,Sheet1,608,False,2.0794415416798357,2.6457513110645907,1,13.815511557963774,7,2.0794415416798357,49.0,343.0
TS_BC_07d_008,EXP_TS_BC_07d,8,Bacterial Concrete,Inoculated,Bacillus subtilis,1000000,OPC 53 (UltraTech),7,Split Tensile Strength,1.937,150x300mm Cylinder,T Strenth Reading 1000000.xlsx,Sheet1,609,False,2.0794415416798357,2.6457513110645907,1,13.815511557963774,7,2.0794415416798357,49.0,343.0
TS_BC_07d_009,EXP_TS_BC_07d,9,Bacterial Concrete,Inoculated,Bacillus subtilis,1000000,OPC 53 (UltraTech),7,Split Tensile Strength,2.162,150x300mm Cylinder,T Strenth Reading 1000000.xlsx,Sheet1,610,False,2.0794415416798357,2.6457513110645907,1,13.815511557963774,7,2.0794415416798357,49.0,343.0
TS_BC_07d_010,EXP_TS_BC_07d,10,Bacterial Concrete,Inoculated,Bacillus subtilis,1000000,OPC 53 (UltraTech),7,Split Tensile Strength,2.107,150x300mm Cylinder,T Strenth Reading 1000000.xlsx,Sheet1,611,False,2.0794415416798357,2.6457513110645907,1,13.815511557963774,7,2.0794415416798357,49.0,343.0
TS_BC_07d_011,EXP_TS_BC_07d,11,Bacterial Concrete,Inoculated,Bacillus subtilis,1000000,OPC 53 (UltraTech),7,Split Tensile Strength,2.142,150x300mm Cylinder,T Strenth Reading 1000000.xlsx,Sheet1,612,False,2.0794415416798357,2.6457513110645907,1,13.815511557963774,7,2.0794415416798357,49.0,343.0
TS_BC_07d_012,EXP_TS_BC_07d,12,Bacterial Concrete,Inoculated,Bacillus subtilis,1000000,OPC 53 (UltraTech),7,Split Tensile Strength,2.339,150x300mm Cylinder,T Strenth Reading 1000000.xlsx,Sheet1,613,False,2.0794415416798357,2.6457513110645907,1,13.815511557963774,7,2.0794415416798357,49.0,343.0
TS_BC_07d_013,EXP_TS_BC_07d,13,Bacterial Concrete,Inoculated,Bacillus subtilis,1000000,OPC 53 (UltraTech),7,Split Tensile Strength,2.188,150x300mm Cylinder,T Strenth Reading 1000000.xlsx,Sheet1,614,False,2.0794415416798357,2.6457513110645907,1,13.815511557963774,7,2.0794415416798357,49.0,343.0
TS_BC_07d_014,EXP_TS_BC_07d,14,Bacterial Concrete,Inoculated,Bacillus subtilis,1000000,OPC 53 (UltraTech),7,Split Tensile Strength,1.928,150x300mm Cylinder,T Strenth Reading 1000000.xlsx,Sheet1,615,False,2.0794415416798357,2.6457513110645907,1,13.815511557963774,7,2.0794415416798357,49.0,343.0
TS_BC_07d_015,EXP_TS_BC_07d,15,Bacterial Concrete,Inoculated,Bacillus subtilis,1000000,OPC 53 (UltraTech),7,Split Tensile Strength,2.18,150x300mm Cylinder,T Strenth Reading 1000000.xlsx,Sheet1,616,False,2.0794415416798357,2.6457513110645907,1,13.815511557963774,7,2.0794415416798357,49.0,343.0
TS_BC_07d_016,EXP_TS_BC_07d,16,Bacterial Concrete,Inoculated,Bacillus subtilis,1000000,OPC 53 (UltraTech),7,Split Tensile Strength,2.038,150x300mm Cylinder,T Strenth Reading 1000000.xlsx,Sheet1,617,False,2.0794415416798357,2.6457513110645907,1,13.815511557963774,7,2.0794415416798357,49.0,343.0
TS_BC_07d_017,EXP_TS_BC_07d,17,Bacterial Concrete,Inoculated,Bacillus subtilis,1000000,OPC 53 (UltraTech),7,Split Tensile Strength,2.029,150x300mm Cylinder,T Strenth Reading 1000000.xlsx,Sheet1,618,False,2.0794415416798357,2.6457513110645907,1,13.815511557963774,7,2.0794415416798357,49.0,343.0
TS_BC_07d_018,EXP_TS_BC_07d,18,Bacterial Concrete,Inoculated,Bacillus subtilis,1000000,OPC 53 (UltraTech),7,Split Tensile Strength,2.257,150x300mm Cylinder,T Strenth Reading 1000000.xlsx,Sheet1,619,False,2.0794415416798357,2.6457513110645907,1,13.815511557963774,7,2.0794415416798357,49.0,343.0
TS_BC_07d_019,EXP_TS_BC_07d,19,Bacterial Concrete,Inoculated,Bacillus subtilis,1000000,OPC 53 (UltraTech),7,Split Tensile Strength,2.01,150x300mm Cylinder,T Strenth Reading 1000000.xlsx,Sheet1,620,False,2.0794415416798357,2.6457513110645907,1,13.815511557963774,7,2.0794415416798357,49.0,343.0
TS_BC_07d_020,EXP_TS_BC_07d,20,Bacterial Concrete,Inoculated,Bacillus subtilis,1000000,OPC 53 (UltraTech),7,Split Tensile Strength,2.043,150x300mm Cylinder,T Strenth Reading 1000000.xlsx,Sheet1,621,False,2.0794415416798357,2.6457513110645907,1,13.815511557963774,7,2.0794415416798357,49.0,343.0
TS_BC_07d_021,EXP_TS_BC_07d,21,Bacterial Concrete,Inoculated,Bacillus subtilis,1000000,OPC 53 (UltraTech),7,Split Tensile Strength,2.105,150x300mm Cylinder,T Strenth Reading 1000000.xlsx,Sheet1,622,False,2.0794415416798357,2.6457513110645907,1,13.815511557963774,7,2.0794415416798357,49.0,343.0
TS_BC_07d_022,EXP_TS_BC_07d,22,Bacterial Concrete,Inoculated,Bacillus subtilis,1000000,OPC 53 (UltraTech),7,Split Tensile Strength,2.242,150x300mm Cylinder,T Strenth Reading 1000000.xlsx,Sheet1,623,False,2.0794415416798357,2.6457513110645907,1,13.815511557963774,7,2.0794415416798357,49.0,343.0
TS_BC_07d_023,EXP_TS_BC_07d,23,Bacterial Concrete,Inoculated,Bacillus subtilis,1000000,OPC 53 (UltraTech),7,Split Tensile Strength,2.187,150x300mm Cylinder,T Strenth Reading 1000000.xlsx,Sheet1,624,False,2.0794415416798357,2.6457513110645907,1,13.815511557963774,7,2.0794415416798357,49.0,343.0
TS_BC_07d_024,EXP_TS_BC_07d,24,Bacterial Concrete,Inoculated,Bacillus subtilis,1000000,OPC 53 (UltraTech),7,Split Tensile Strength,2.065,150x300mm Cylinder,T Strenth Reading 1000000.xlsx,Sheet1,625,False,2.0794415416798357,2.6457513110645907,1,13.815511557963774,7,2.0794415416798357,49.0,343.0
TS_BC_07d_025,EXP_TS_BC_07d,25,Bacterial Concrete,Inoculated,Bacillus subtilis,1000000,OPC 53 (UltraTech),7,Split Tensile Strength,2.059,150x300mm Cylinder,T Strenth Reading 1000000.xlsx,Sheet1,626,False,2.0794415416798357,2.6457513110645907,1,13.815511557963774,7,2.0794415416798357,49.0,343.0
TS_BC_07d_026,EXP_TS_BC_07d,26,Bacterial Concrete,Inoculated,Bacillus subtilis,1000000,OPC 53 (UltraTech),7,Split Tensile Strength,1.926,150x300mm Cylinder,T Strenth Reading 1000000.xlsx,Sheet1,627,False,2.0794415416798357,2.6457513110645907,1,13.815511557963774,7,2.0794415416798357,49.0,343.0
TS_BC_07d_027,EXP_TS_BC_07d,27,Bacterial Concrete,Inoculated,Bacillus subtilis,1000000,OPC 53 (UltraTech),7,Split Tensile Strength,1.986,150x300mm Cylinder,T Strenth Reading 1000000.xlsx,Sheet1,628,False,2.0794415416798357,2.6457513110645907,1,13.815511557963774,7,2.0794415416798357,49.0,343.0
TS_BC_07d_028,EXP_TS_BC_07d,28,Bacterial Concrete,Inoculated,Bacillus subtilis,1000000,OPC 53 (UltraTech),7,Split Tensile Strength,2.002,150x300mm Cylinder,T Strenth Reading 1000000.xlsx,Sheet1,629,False,2.0794415416798357,2.6457513110645907,1,13.815511557963774,7,2.0794415416798357,49.0,343.0
TS_BC_07d_029,EXP_TS_BC_07d,29,Bacterial Concrete,Inoculated,Bacillus subtilis,1000000,OPC 53 (UltraTech),7,Split Tensile Strength,2.078,150x300mm Cylinder,T Strenth Reading 1000000.xlsx,Sheet1,630,False,2.0794415416798357,2.6457513110645907,1,13.815511557963774,7,2.0794415416798357,49.0,343.0
TS_BC_07d_030,EXP_TS_BC_07d,30,Bacterial Concrete,Inoculated,Bacillus subtilis,1000000,OPC 53 (UltraTech),7,Split Tensile Strength,2.398,150x300mm Cylinder,T Strenth Reading 1000000.xlsx,Sheet1,631,False,2.0794415416798357,2.6457513110645907,1,13.815511557963774,7,2.0794415416798357,49.0,343.0
TS_BC_07d_031,EXP_TS_BC_07d,31,Bacterial Concrete,Inoculated,Bacillus subtilis,1000000,OPC 53 (UltraTech),7,Split Tensile Strength,1.999,150x300mm Cylinder,T Strenth Reading 1000000.xlsx,Sheet1,632,False,2.0794415416798357,2.6457513110645907,1,13.815511557963774,7,2.0794415416798357,49.0,343.0
TS_BC_07d_032,EXP_TS_BC_07d,32,Bacterial Concrete,Inoculated,Bacillus subtilis,1000000,OPC 53 (UltraTech),7,Split Tensile Strength,2.056,150x300mm Cylinder,T Strenth Reading 1000000.xlsx,Sheet1,633,False,2.0794415416798357,2.6457513110645907,1,13.815511557963774,7,2.0794415416798357,49.0,343.0
TS_BC_07d_033,EXP_TS_BC_07d,33,Bacterial Concrete,Inoculated,Bacillus subtilis,1000000,OPC 53 (UltraTech),7,Split Tensile Strength,1.792,150x300mm Cylinder,T Strenth Reading 1000000.xlsx,Sheet1,634,False,2.0794415416798357,2.6457513110645907,1,13.815511557963774,7,2.0794415416798357,49.0,343.0
TS_BC_07d_034,EXP_TS_BC_07d,34,Bacterial Concrete,Inoculated,Bacillus subtilis,1000000,OPC 53 (UltraTech),7,Split Tensile Strength,2.19,150x300mm Cylinder,T Strenth Reading 1000000.xlsx,Sheet1,635,False,2.0794415416798357,2.6457513110645907,1,13.815511557963774,7,2.0794415416798357,49.0,343.0
TS_BC_07d_035,EXP_TS_BC_07d,35,Bacterial Concrete,Inoculated,Bacillus subtilis,1000000,OPC 53 (UltraTech),7,Split Tensile Strength,1.863,150x300mm Cylinder,T Strenth Reading 1000000.xlsx,Sheet1,636,False,2.0794415416798357,2.6457513110645907,1,13.815511557963774,7,2.0794415416798357,49.0,343.0
TS_BC_07d_036,EXP_TS_BC_07d,36,Bacterial Concrete,Inoculated,Bacillus subtilis,1000000,OPC 53 (UltraTech),7,Split Tensile Strength,1.964,150x300mm Cylinder,T Strenth Reading 1000000.xlsx,Sheet1,637,False,2.0794415416798357,2.6457513110645907,1,13.815511557963774,7,2.0794415416798357,49.0,343.0
TS_BC_07d_037,EXP_TS_BC_07d,37,Bacterial Concrete,Inoculated,Bacillus subtilis,1000000,OPC 53 (UltraTech),7,Split Tensile Strength,2.256,150x300mm Cylinder,T Strenth Reading 1000000.xlsx,Sheet1,638,False,2.0794415416798357,2.6457513110645907,1,13.815511557963774,7,2.0794415416798357,49.0,343.0
TS_BC_07d_038,EXP_TS_BC_07d,38,Bacterial Concrete,Inoculated,Bacillus subtilis,1000000,OPC 53 (UltraTech),7,Split Tensile Strength,1.784,150x300mm Cylinder,T Strenth Reading 1000000.xlsx,Sheet1,639,False,2.0794415416798357,2.6457513110645907,1,13.815511557963774,7,2.0794415416798357,49.0,343.0
TS_BC_07d_039,EXP_TS_BC_07d,39,Bacterial Concrete,Inoculated,Bacillus subtilis,1000000,OPC 53 (UltraTech),7,Split Tensile Strength,2.114,150x300mm Cylinder,T Strenth Reading 1000000.xlsx,Sheet1,640,False,2.0794415416798357,2.6457513110645907,1,13.815511557963774,7,2.0794415416798357,49.0,343.0
TS_BC_07d_040,EXP_TS_BC_07d,40,Bacterial Concrete,Inoculated,Bacillus subtilis,1000000,OPC 53 (UltraTech),7,Split Tensile Strength,2.22,150x300mm Cylinder,T Strenth Reading 1000000.xlsx,Sheet1,641,False,2.0794415416798357,2.6457513110645907,1,13.815511557963774,7,2.0794415416798357,49.0,343.0
TS_BC_07d_041,EXP_TS_BC_07d,41,Bacterial Concrete,Inoculated,Bacillus subtilis,1000000,OPC 53 (UltraTech),7,Split Tensile Strength,2.329,150x300mm Cylinder,T Strenth Reading 1000000.xlsx,Sheet1,642,False,2.0794415416798357,2.6457513110645907,1,13.815511557963774,7,2.0794415416798357,49.0,343.0
TS_BC_07d_042,EXP_TS_BC_07d,42,Bacterial Concrete,Inoculated,Bacillus subtilis,1000000,OPC 53 (UltraTech),7,Split Tensile Strength,1.962,150x300mm Cylinder,T Strenth Reading 1000000.xlsx,Sheet1,643,False,2.0794415416798357,2.6457513110645907,1,13.815511557963774,7,2.0794415416798357,49.0,343.0
TS_BC_07d_043,EXP_TS_BC_07d,43,Bacterial Concrete,Inoculated,Bacillus subtilis,1000000,OPC 53 (UltraTech),7,Split Tensile Strength,2.006,150x300mm Cylinder,T Strenth Reading 1000000.xlsx,Sheet1,644,False,2.0794415416798357,2.6457513110645907,1,13.815511557963774,7,2.0794415416798357,49.0,343.0
TS_BC_07d_044,EXP_TS_BC_07d,44,Bacterial Concrete,Inoculated,Bacillus subtilis,1000000,OPC 53 (UltraTech),7,Split Tensile Strength,2.371,150x300mm Cylinder,T Strenth Reading 1000000.xlsx,Sheet1,645,False,2.0794415416798357,2.6457513110645907,1,13.815511557963774,7,2.0794415416798357,49.0,343.0
TS_BC_07d_045,EXP_TS_BC_07d,45,Bacterial Concrete,Inoculated,Bacillus subtilis,1000000,OPC 53 (UltraTech),7,Split Tensile Strength,2.096,150x300mm Cylinder,T Strenth Reading 1000000.xlsx,Sheet1,646,False,2.0794415416798357,2.6457513110645907,1,13.815511557963774,7,2.0794415416798357,49.0,343.0
TS_BC_07d_046,EXP_TS_BC_07d,46,Bacterial Concrete,Inoculated,Bacillus subtilis,1000000,OPC 53 (UltraTech),7,Split Tensile Strength,1.99,150x300mm Cylinder,T Strenth Reading 1000000.xlsx,Sheet1,647,False,2.0794415416798357,2.6457513110645907,1,13.815511557963774,7,2.0794415416798357,49.0,343.0
TS_BC_07d_047,EXP_TS_BC_07d,47,Bacterial Concrete,Inoculated,Bacillus subtilis,1000000,OPC 53 (UltraTech),7,Split Tensile Strength,1.992,150x300mm Cylinder,T Strenth Reading 1000000.xlsx,Sheet1,648,False,2.0794415416798357,2.6457513110645907,1,13.815511557963774,7,2.0794415416798357,49.0,343.0
TS_BC_07d_048,EXP_TS_BC_07d,48,Bacterial Concrete,Inoculated,Bacillus subtilis,1000000,OPC 53 (UltraTech),7,Split Tensile Strength,1.954,150x300mm Cylinder,T Strenth Reading 1000000.xlsx,Sheet1,649,False,2.0794415416798357,2.6457513110645907,1,13.815511557963774,7,2.0794415416798357,49.0,343.0
TS_BC_07d_049,EXP_TS_BC_07d,49,Bacterial Concrete,Inoculated,Bacillus subtilis,1000000,OPC 53 (UltraTech),7,Split Tensile Strength,2.034,150x300mm Cylinder,T Strenth Reading 1000000.xlsx,Sheet1,650,False,2.0794415416798357,2.6457513110645907,1,13.815511557963774,7,2.0794415416798357,49.0,343.0
TS_BC_07d_050,EXP_TS_BC_07d,50,Bacterial Concrete,Inoculated,Bacillus subtilis,1000000,OPC 53 (UltraTech),7,Split Tensile Strength,2.263,150x300mm Cylinder,T Strenth Reading 1000000.xlsx,Sheet1,651,False,2.0794415416798357,2.6457513110645907,1,13.815511557963774,7,2.0794415416798357,49.0,343.0
TS_BC_07d_051,EXP_TS_BC_07d,51,Bacterial Concrete,Inoculated,Bacillus subtilis,1000000,OPC 53 (UltraTech),7,Split Tensile Strength,2.233,150x300mm Cylinder,T Strenth Reading 1000000.xlsx,Sheet1,652,False,2.0794415416798357,2.6457513110645907,1,13.815511557963774,7,2.0794415416798357,49.0,343.0
TS_BC_07d_052,EXP_TS_BC_07d,52,Bacterial Concrete,Inoculated,Bacillus subtilis,1000000,OPC 53 (UltraTech),7,Split Tensile Strength,1.924,150x300mm Cylinder,T Strenth Reading 1000000.xlsx,Sheet1,653,False,2.0794415416798357,2.6457513110645907,1,13.815511557963774,7,2.0794415416798357,49.0,343.0
TS_BC_07d_053,EXP_TS_BC_07d,53,Bacterial Concrete,Inoculated,Bacillus subtilis,1000000,OPC 53 (UltraTech),7,Split Tensile Strength,2.132,150x300mm Cylinder,T Strenth Reading 1000000.xlsx,Sheet1,654,False,2.0794415416798357,2.6457513110645907,1,13.815511557963774,7,2.0794415416798357,49.0,343.0
TS_BC_07d_054,EXP_TS_BC_07d,54,Bacterial Concrete,Inoculated,Bacillus subtilis,1000000,OPC 53 (UltraTech),7,Split Tensile Strength,2.04,150x300mm Cylinder,T Strenth Reading 1000000.xlsx,Sheet1,655,False,2.0794415416798357,2.6457513110645907,1,13.815511557963774,7,2.0794415416798357,49.0,343.0
TS_BC_07d_055,EXP_TS_BC_07d,55,Bacterial Concrete,Inoculated,Bacillus subtilis,1000000,OPC 53 (UltraTech),7,Split Tensile Strength,2.217,150x300mm Cylinder,T Strenth Reading 1000000.xlsx,Sheet1,656,False,2.0794415416798357,2.6457513110645907,1,13.815511557963774,7,2.0794415416798357,49.0,343.0
TS_BC_07d_056,EXP_TS_BC_07d,56,Bacterial Concrete,Inoculated,Bacillus subtilis,1000000,OPC 53 (UltraTech),7,Split Tensile Strength,2.077,150x300mm Cylinder,T Strenth Reading 1000000.xlsx,Sheet1,657,False,2.0794415416798357,2.6457513110645907,1,13.815511557963774,7,2.0794415416798357,49.0,343.0
TS_BC_07d_057,EXP_TS_BC_07d,57,Bacterial Concrete,Inoculated,Bacillus subtilis,1000000,OPC 53 (UltraTech),7,Split Tensile Strength,2.156,150x300mm Cylinder,T Strenth Reading 1000000.xlsx,Sheet1,658,False,2.0794415416798357,2.6457513110645907,1,13.815511557963774,7,2.0794415416798357,49.0,343.0
TS_BC_07d_058,EXP_TS_BC_07d,58,Bacterial Concrete,Inoculated,Bacillus subtilis,1000000,OPC 53 (UltraTech),7,Split Tensile Strength,2.076,150x300mm Cylinder,T Strenth Reading 1000000.xlsx,Sheet1,659,False,2.0794415416798357,2.6457513110645907,1,13.815511557963774,7,2.0794415416798357,49.0,343.0
TS_BC_07d_059,EXP_TS_BC_07d,59,Bacterial Concrete,Inoculated,Bacillus subtilis,1000000,OPC 53 (UltraTech),7,Split Tensile Strength,1.772,150x300mm Cylinder,T Strenth Reading 1000000.xlsx,Sheet1,660,False,2.0794415416798357,2.6457513110645907,1,13.815511557963774,7,2.0794415416798357,49.0,343.0
TS_BC_07d_060,EXP_TS_BC_07d,60,Bacterial Concrete,Inoculated,Bacillus subtilis,1000000,OPC 53 (UltraTech),7,Split Tensile Strength,2.107,150x300mm Cylinder,T Strenth Reading 1000000.xlsx,Sheet1,661,False,2.0794415416798357,2.6457513110645907,1,13.815511557963774,7,2.0794415416798357,49.0,343.0
TS_BC_07d_061,EXP_TS_BC_07d,61,Bacterial Concrete,Inoculated,Bacillus subtilis,1000000,OPC 53 (UltraTech),7,Split Tensile Strength,1.909,150x300mm Cylinder,T Strenth Reading 1000000.xlsx,Sheet1,662,False,2.0794415416798357,2.6457513110645907,1,13.815511557963774,7,2.0794415416798357,49.0,343.0
TS_BC_07d_062,EXP_TS_BC_07d,62,Bacterial Concrete,Inoculated,Bacillus subtilis,1000000,OPC 53 (UltraTech),7,Split Tensile Strength,2.212,150x300mm Cylinder,T Strenth Reading 1000000.xlsx,Sheet1,663,False,2.0794415416798357,2.6457513110645907,1,13.815511557963774,7,2.0794415416798357,49.0,343.0
TS_BC_07d_063,EXP_TS_BC_07d,63,Bacterial Concrete,Inoculated,Bacillus subtilis,1000000,OPC 53 (UltraTech),7,Split Tensile Strength,1.998,150x300mm Cylinder,T Strenth Reading 1000000.xlsx,Sheet1,664,False,2.0794415416798357,2.6457513110645907,1,13.815511557963774,7,2.0794415416798357,49.0,343.0
TS_BC_07d_064,EXP_TS_BC_07d,64,Bacterial Concrete,Inoculated,Bacillus subtilis,1000000,OPC 53 (UltraTech),7,Split Tensile Strength,2.009,150x300mm Cylinder,T Strenth Reading 1000000.xlsx,Sheet1,665,False,2.0794415416798357,2.6457513110645907,1,13.815511557963774,7,2.0794415416798357,49.0,343.0
TS_BC_07d_065,EXP_TS_BC_07d,65,Bacterial Concrete,Inoculated,Bacillus subtilis,1000000,OPC 53 (UltraTech),7,Split Tensile Strength,2.099,150x300mm Cylinder,T Strenth Reading 1000000.xlsx,Sheet1,666,False,2.0794415416798357,2.6457513110645907,1,13.815511557963774,7,2.0794415416798357,49.0,343.0
TS_BC_07d_066,EXP_TS_BC_07d,66,Bacterial Concrete,Inoculated,Bacillus subtilis,1000000,OPC 53 (UltraTech),7,Split Tensile Strength,2.187,150x300mm Cylinder,T Strenth Reading 1000000.xlsx,Sheet1,667,False,2.0794415416798357,2.6457513110645907,1,13.815511557963774,7,2.0794415416798357,49.0,343.0
TS_BC_07d_067,EXP_TS_BC_07d,67,Bacterial Concrete,Inoculated,Bacillus subtilis,1000000,OPC 53 (UltraTech),7,Split Tensile Strength,2.075,150x300mm Cylinder,T Strenth Reading 1000000.xlsx,Sheet1,668,False,2.0794415416798357,2.6457513110645907,1,13.815511557963774,7,2.0794415416798357,49.0,343.0
TS_BC_07d_068,EXP_TS_BC_07d,68,Bacterial Concrete,Inoculated,Bacillus subtilis,1000000,OPC 53 (UltraTech),7,Split Tensile Strength,2.346,150x300mm Cylinder,T Strenth Reading 1000000.xlsx,Sheet1,669,False,2.0794415416798357,2.6457513110645907,1,13.815511557963774,7,2.0794415416798357,49.0,343.0
TS_BC_07d_069,EXP_TS_BC_07d,69,Bacterial Concrete,Inoculated,Bacillus subtilis,1000000,OPC 53 (UltraTech),7,Split Tensile Strength,2.347,150x300mm Cylinder,T Strenth Reading 1000000.xlsx,Sheet1,670,False,2.0794415416798357,2.6457513110645907,1,13.815511557963774,7,2.0794415416798357,49.0,343.0
TS_BC_07d_070,EXP_TS_BC_07d,70,Bacterial Concrete,Inoculated,Bacillus subtilis,1000000,OPC 53 (UltraTech),7,Split Tensile Strength,2.357,150x300mm Cylinder,T Strenth Reading 1000000.xlsx,Sheet1,671,False,2.0794415416798357,2.6457513110645907,1,13.815511557963774,7,2.0794415416798357,49.0,343.0
TS_BC_07d_071,EXP_TS_BC_07d,71,Bacterial Concrete,Inoculated,Bacillus subtilis,1000000,OPC 53 (UltraTech),7,Split Tensile Strength,2.065,150x300mm Cylinder,T Strenth Reading 1000000.xlsx,Sheet1,672,False,2.0794415416798357,2.6457513110645907,1,13.815511557963774,7,2.0794415416798357,49.0,343.0
TS_BC_07d_072,EXP_TS_BC_07d,72,Bacterial Concrete,Inoculated,Bacillus subtilis,1000000,OPC 53 (UltraTech),7,Split Tensile Strength,1.878,150x300mm Cylinder,T Strenth Reading 1000000.xlsx,Sheet1,673,False,2.0794415416798357,2.6457513110645907,1,13.815511557963774,7,2.0794415416798357,49.0,343.0
TS_BC_07d_073,EXP_TS_BC_07d,73,Bacterial Concrete,Inoculated,Bacillus subtilis,1000000,OPC 53 (UltraTech),7,Split Tensile Strength,2.283,150x300mm Cylinder,T Strenth Reading 1000000.xlsx,Sheet1,674,False,2.0794415416798357,2.6457513110645907,1,13.815511557963774,7,2.0794415416798357,49.0,343.0
TS_BC_07d_074,EXP_TS_BC_07d,74,Bacterial Concrete,Inoculated,Bacillus subtilis,1000000,OPC 53 (UltraTech),7,Split Tensile Strength,2.038,150x300mm Cylinder,T Strenth Reading 1000000.xlsx,Sheet1,675,False,2.0794415416798357,2.6457513110645907,1,13.815511557963774,7,2.0794415416798357,49.0,343.0
TS_BC_07d_075,EXP_TS_BC_07d,75,Bacterial Concrete,Inoculated,Bacillus subtilis,1000000,OPC 53 (UltraTech),7,Split Tensile Strength,2.106,150x300mm Cylinder,T Strenth Reading 1000000.xlsx,Sheet1,676,False,2.0794415416798357,2.6457513110645907,1,13.815511557963774,7,2.0794415416798357,49.0,343.0
TS_BC_07d_076,EXP_TS_BC_07d,76,Bacterial Concrete,Inoculated,Bacillus subtilis,1000000,OPC 53 (UltraTech),7,Split Tensile Strength,2.194,150x300mm Cylinder,T Strenth Reading 1000000.xlsx,Sheet1,677,False,2.0794415416798357,2.6457513110645907,1,13.815511557963774,7,2.0794415416798357,49.0,343.0
TS_BC_07d_077,EXP_TS_BC_07d,77,Bacterial Concrete,Inoculated,Bacillus subtilis,1000000,OPC 53 (UltraTech),7,Split Tensile Strength,1.859,150x300mm Cylinder,T Strenth Reading 1000000.xlsx,Sheet1,678,False,2.0794415416798357,2.6457513110645907,1,13.815511557963774,7,2.0794415416798357,49.0,343.0
TS_BC_07d_078,EXP_TS_BC_07d,78,Bacterial Concrete,Inoculated,Bacillus subtilis,1000000,OPC 53 (UltraTech),7,Split Tensile Strength,2.344,150x300mm Cylinder,T Strenth Reading 1000000.xlsx,Sheet1,679,False,2.0794415416798357,2.6457513110645907,1,13.815511557963774,7,2.0794415416798357,49.0,343.0
TS_BC_07d_079,EXP_TS_BC_07d,79,Bacterial Concrete,Inoculated,Bacillus subtilis,1000000,OPC 53 (UltraTech),7,Split Tensile Strength,2.231,150x300mm Cylinder,T Strenth Reading 1000000.xlsx,Sheet1,680,False,2.0794415416798357,2.6457513110645907,1,13.815511557963774,7,2.0794415416798357,49.0,343.0
TS_BC_07d_080,EXP_TS_BC_07d,80,Bacterial Concrete,Inoculated,Bacillus subtilis,1000000,OPC 53 (UltraTech),7,Split Tensile Strength,2.153,150x300mm Cylinder,T Strenth Reading 1000000.xlsx,Sheet1,681,False,2.0794415416798357,2.6457513110645907,1,13.815511557963774,7,2.0794415416798357,49.0,343.0
TS_BC_07d_081,EXP_TS_BC_07d,81,Bacterial Concrete,Inoculated,Bacillus subtilis,1000000,OPC 53 (UltraTech),7,Split Tensile Strength,2.234,150x300mm Cylinder,T Strenth Reading 1000000.xlsx,Sheet1,682,False,2.0794415416798357,2.6457513110645907,1,13.815511557963774,7,2.0794415416798357,49.0,343.0
TS_BC_07d_082,EXP_TS_BC_07d,82,Bacterial Concrete,Inoculated,Bacillus subtilis,1000000,OPC 53 (UltraTech),7,Split Tensile Strength,2.184,150x300mm Cylinder,T Strenth Reading 1000000.xlsx,Sheet1,683,False,2.0794415416798357,2.6457513110645907,1,13.815511557963774,7,2.0794415416798357,49.0,343.0
TS_BC_07d_083,EXP_TS_BC_07d,83,Bacterial Concrete,Inoculated,Bacillus subtilis,1000000,OPC 53 (UltraTech),7,Split Tensile Strength,2.118,150x300mm Cylinder,T Strenth Reading 1000000.xlsx,Sheet1,684,False,2.0794415416798357,2.6457513110645907,1,13.815511557963774,7,2.0794415416798357,49.0,343.0
TS_BC_07d_084,EXP_TS_BC_07d,84,Bacterial Concrete,Inoculated,Bacillus subtilis,1000000,OPC 53 (UltraTech),7,Split Tensile Strength,2.054,150x300mm Cylinder,T Strenth Reading 1000000.xlsx,Sheet1,685,False,2.0794415416798357,2.6457513110645907,1,13.815511557963774,7,2.0794415416798357,49.0,343.0
TS_BC_07d_085,EXP_TS_BC_07d,85,Bacterial Concrete,Inoculated,Bacillus subtilis,1000000,OPC 53 (UltraTech),7,Split Tensile Strength,1.989,150x300mm Cylinder,T Strenth Reading 1000000.xlsx,Sheet1,686,False,2.0794415416798357,2.6457513110645907,1,13.815511557963774,7,2.0794415416798357,49.0,343.0
TS_BC_07d_086,EXP_TS_BC_07d,86,Bacterial Concrete,Inoculated,Bacillus subtilis,1000000,OPC 53 (UltraTech),7,Split Tensile Strength,2.143,150x300mm Cylinder,T Strenth Reading 1000000.xlsx,Sheet1,687,False,2.0794415416798357,2.6457513110645907,1,13.815511557963774,7,2.0794415416798357,49.0,343.0
TS_BC_07d_087,EXP_TS_BC_07d,87,Bacterial Concrete,Inoculated,Bacillus subtilis,1000000,OPC 53 (UltraTech),7,Split Tensile Strength,2.154,150x300mm Cylinder,T Strenth Reading 1000000.xlsx,Sheet1,688,False,2.0794415416798357,2.6457513110645907,1,13.815511557963774,7,2.0794415416798357,49.0,343.0
TS_BC_07d_088,EXP_TS_BC_07d,88,Bacterial Concrete,Inoculated,Bacillus subtilis,1000000,OPC 53 (UltraTech),7,Split Tensile Strength,2.262,150x300mm Cylinder,T Strenth Reading 1000000.xlsx,Sheet1,689,False,2.0794415416798357,2.6457513110645907,1,13.815511557963774,7,2.0794415416798357,49.0,343.0
TS_BC_07d_089,EXP_TS_BC_07d,89,Bacterial Concrete,Inoculated,Bacillus subtilis,1000000,OPC 53 (UltraTech),7,Split Tensile Strength,2.13,150x300mm Cylinder,T Strenth Reading 1000000.xlsx,Sheet1,690,False,2.0794415416798357,2.6457513110645907,1,13.815511557963774,7,2.0794415416798357,49.0,343.0
TS_BC_07d_090,EXP_TS_BC_07d,90,Bacterial Concrete,Inoculated,Bacillus subtilis,1000000,OPC 53 (UltraTech),7,Split Tensile Strength,1.972,150x300mm Cylinder,T Strenth Reading 1000000.xlsx,Sheet1,691,False,2.0794415416798357,2.6457513110645907,1,13.815511557963774,7,2.0794415416798357,49.0,343.0
TS_BC_07d_091,EXP_TS_BC_07d,91,Bacterial Concrete,Inoculated,Bacillus subtilis,1000000,OPC 53 (UltraTech),7,Split Tensile Strength,1.864,150x300mm Cylinder,T Strenth Reading 1000000.xlsx,Sheet1,692,False,2.0794415416798357,2.6457513110645907,1,13.815511557963774,7,2.0794415416798357,49.0,343.0
TS_BC_07d_092,EXP_TS_BC_07d,92,Bacterial Concrete,Inoculated,Bacillus subtilis,1000000,OPC 53 (UltraTech),7,Split Tensile Strength,2.081,150x300mm Cylinder,T Strenth Reading 1000000.xlsx,Sheet1,693,False,2.0794415416798357,2.6457513110645907,1,13.815511557963774,7,2.0794415416798357,49.0,343.0
TS_BC_07d_093,EXP_TS_BC_07d,93,Bacterial Concrete,Inoculated,Bacillus subtilis,1000000,OPC 53 (UltraTech),7,Split Tensile Strength,2.096,150x300mm Cylinder,T Strenth Reading 1000000.xlsx,Sheet1,694,False,2.0794415416798357,2.6457513110645907,1,13.815511557963774,7,2.0794415416798357,49.0,343.0
TS_BC_07d_094,EXP_TS_BC_07d,94,Bacterial Concrete,Inoculated,Bacillus subtilis,1000000,OPC 53 (UltraTech),7,Split Tensile Strength,2.085,150x300mm Cylinder,T Strenth Reading 1000000.xlsx,Sheet1,695,False,2.0794415416798357,2.6457513110645907,1,13.815511557963774,7,2.0794415416798357,49.0,343.0
TS_BC_07d_095,EXP_TS_BC_07d,95,Bacterial Concrete,Inoculated,Bacillus subtilis,1000000,OPC 53 (UltraTech),7,Split Tensile Strength,1.87,150x300mm Cylinder,T Strenth Reading 1000000.xlsx,Sheet1,696,False,2.0794415416798357,2.6457513110645907,1,13.815511557963774,7,2.0794415416798357,49.0,343.0
TS_BC_07d_096,EXP_TS_BC_07d,96,Bacterial Concrete,Inoculated,Bacillus subtilis,1000000,OPC 53 (UltraTech),7,Split Tensile Strength,2.261,150x300mm Cylinder,T Strenth Reading 1000000.xlsx,Sheet1,697,False,2.0794415416798357,2.6457513110645907,1,13.815511557963774,7,2.0794415416798357,49.0,343.0
TS_BC_07d_097,EXP_TS_BC_07d,97,Bacterial Concrete,Inoculated,Bacillus subtilis,1000000,OPC 53 (UltraTech),7,Split Tensile Strength,2.261,150x300mm Cylinder,T Strenth Reading 1000000.xlsx,Sheet1,698,False,2.0794415416798357,2.6457513110645907,1,13.815511557963774,7,2.0794415416798357,49.0,343.0
TS_BC_07d_098,EXP_TS_BC_07d,98,Bacterial Concrete,Inoculated,Bacillus subtilis,1000000,OPC 53 (UltraTech),7,Split Tensile Strength,1.977,150x300mm Cylinder,T Strenth Reading 1000000.xlsx,Sheet1,699,False,2.0794415416798357,2.6457513110645907,1,13.815511557963774,7,2.0794415416798357,49.0,343.0
TS_BC_07d_099,EXP_TS_BC_07d,99,Bacterial Concrete,Inoculated,Bacillus subtilis,1000000,OPC 53 (UltraTech),7,Split Tensile Strength,2.221,150x300mm Cylinder,T Strenth Reading 1000000.xlsx,Sheet1,700,False,2.0794415416798357,2.6457513110645907,1,13.815511557963774,7,2.0794415416798357,49.0,343.0
TS_BC_07d_100,EXP_TS_BC_07d,100,Bacterial Concrete,Inoculated,Bacillus subtilis,1000000,OPC 53 (UltraTech),7,Split Tensile Strength,2.243,150x300mm Cylinder,T Strenth Reading 1000000.xlsx,Sheet1,701,False,2.0794415416798357,2.6457513110645907,1,13.815511557963774,7,2.0794415416798357,49.0,343.0
TS_BC_14d_001,EXP_TS_BC_14d,1,Bacterial Concrete,Inoculated,Bacillus subtilis,1000000,OPC 53 (UltraTech),14,Split Tensile Strength,2.606,150x300mm Cylinder,T Strenth Reading 1000000.xlsx,Sheet1,702,False,2.70805020110221,3.7416573867739413,1,13.815511557963774,14,2.70805020110221,196.0,2744.0
TS_BC_14d_002,EXP_TS_BC_14d,2,Bacterial Concrete,Inoculated,Bacillus subtilis,1000000,OPC 53 (UltraTech),14,Split Tensile Strength,2.458,150x300mm Cylinder,T Strenth Reading 1000000.xlsx,Sheet1,703,False,2.70805020110221,3.7416573867739413,1,13.815511557963774,14,2.70805020110221,196.0,2744.0
TS_BC_14d_003,EXP_TS_BC_14d,3,Bacterial Concrete,Inoculated,Bacillus subtilis,1000000,OPC 53 (UltraTech),14,Split Tensile Strength,2.842,150x300mm Cylinder,T Strenth Reading 1000000.xlsx,Sheet1,704,False,2.70805020110221,3.7416573867739413,1,13.815511557963774,14,2.70805020110221,196.0,2744.0
TS_BC_14d_004,EXP_TS_BC_14d,4,Bacterial Concrete,Inoculated,Bacillus subtilis,1000000,OPC 53 (UltraTech),14,Split Tensile Strength,2.657,150x300mm Cylinder,T Strenth Reading 1000000.xlsx,Sheet1,705,False,2.70805020110221,3.7416573867739413,1,13.815511557963774,14,2.70805020110221,196.0,2744.0
TS_BC_14d_005,EXP_TS_BC_14d,5,Bacterial Concrete,Inoculated,Bacillus subtilis,1000000,OPC 53 (UltraTech),14,Split Tensile Strength,2.562,150x300mm Cylinder,T Strenth Reading 1000000.xlsx,Sheet1,706,False,2.70805020110221,3.7416573867739413,1,13.815511557963774,14,2.70805020110221,196.0,2744.0
TS_BC_14d_006,EXP_TS_BC_14d,6,Bacterial Concrete,Inoculated,Bacillus subtilis,1000000,OPC 53 (UltraTech),14,Split Tensile Strength,2.716,150x300mm Cylinder,T Strenth Reading 1000000.xlsx,Sheet1,707,False,2.70805020110221,3.7416573867739413,1,13.815511557963774,14,2.70805020110221,196.0,2744.0
TS_BC_14d_007,EXP_TS_BC_14d,7,Bacterial Concrete,Inoculated,Bacillus subtilis,1000000,OPC 53 (UltraTech),14,Split Tensile Strength,2.843,150x300mm Cylinder,T Strenth Reading 1000000.xlsx,Sheet1,708,False,2.70805020110221,3.7416573867739413,1,13.815511557963774,14,2.70805020110221,196.0,2744.0
TS_BC_14d_008,EXP_TS_BC_14d,8,Bacterial Concrete,Inoculated,Bacillus subtilis,1000000,OPC 53 (UltraTech),14,Split Tensile Strength,2.525,150x300mm Cylinder,T Strenth Reading 1000000.xlsx,Sheet1,709,False,2.70805020110221,3.7416573867739413,1,13.815511557963774,14,2.70805020110221,196.0,2744.0
TS_BC_14d_009,EXP_TS_BC_14d,9,Bacterial Concrete,Inoculated,Bacillus subtilis,1000000,OPC 53 (UltraTech),14,Split Tensile Strength,2.704,150x300mm Cylinder,T Strenth Reading 1000000.xlsx,Sheet1,710,False,2.70805020110221,3.7416573867739413,1,13.815511557963774,14,2.70805020110221,196.0,2744.0
TS_BC_14d_010,EXP_TS_BC_14d,10,Bacterial Concrete,Inoculated,Bacillus subtilis,1000000,OPC 53 (UltraTech),14,Split Tensile Strength,2.891,150x300mm Cylinder,T Strenth Reading 1000000.xlsx,Sheet1,711,False,2.70805020110221,3.7416573867739413,1,13.815511557963774,14,2.70805020110221,196.0,2744.0
TS_BC_14d_011,EXP_TS_BC_14d,11,Bacterial Concrete,Inoculated,Bacillus subtilis,1000000,OPC 53 (UltraTech),14,Split Tensile Strength,2.433,150x300mm Cylinder,T Strenth Reading 1000000.xlsx,Sheet1,712,False,2.70805020110221,3.7416573867739413,1,13.815511557963774,14,2.70805020110221,196.0,2744.0
TS_BC_14d_012,EXP_TS_BC_14d,12,Bacterial Concrete,Inoculated,Bacillus subtilis,1000000,OPC 53 (UltraTech),14,Split Tensile Strength,2.518,150x300mm Cylinder,T Strenth Reading 1000000.xlsx,Sheet1,713,False,2.70805020110221,3.7416573867739413,1,13.815511557963774,14,2.70805020110221,196.0,2744.0
TS_BC_14d_013,EXP_TS_BC_14d,13,Bacterial Concrete,Inoculated,Bacillus subtilis,1000000,OPC 53 (UltraTech),14,Split Tensile Strength,2.51,150x300mm Cylinder,T Strenth Reading 1000000.xlsx,Sheet1,714,False,2.70805020110221,3.7416573867739413,1,13.815511557963774,14,2.70805020110221,196.0,2744.0
TS_BC_14d_014,EXP_TS_BC_14d,14,Bacterial Concrete,Inoculated,Bacillus subtilis,1000000,OPC 53 (UltraTech),14,Split Tensile Strength,2.576,150x300mm Cylinder,T Strenth Reading 1000000.xlsx,Sheet1,715,False,2.70805020110221,3.7416573867739413,1,13.815511557963774,14,2.70805020110221,196.0,2744.0
TS_BC_14d_015,EXP_TS_BC_14d,15,Bacterial Concrete,Inoculated,Bacillus subtilis,1000000,OPC 53 (UltraTech),14,Split Tensile Strength,2.569,150x300mm Cylinder,T Strenth Reading 1000000.xlsx,Sheet1,716,False,2.70805020110221,3.7416573867739413,1,13.815511557963774,14,2.70805020110221,196.0,2744.0
TS_BC_14d_016,EXP_TS_BC_14d,16,Bacterial Concrete,Inoculated,Bacillus subtilis,1000000,OPC 53 (UltraTech),14,Split Tensile Strength,2.645,150x300mm Cylinder,T Strenth Reading 1000000.xlsx,Sheet1,717,False,2.70805020110221,3.7416573867739413,1,13.815511557963774,14,2.70805020110221,196.0,2744.0
TS_BC_14d_017,EXP_TS_BC_14d,17,Bacterial Concrete,Inoculated,Bacillus subtilis,1000000,OPC 53 (UltraTech),14,Split Tensile Strength,2.477,150x300mm Cylinder,T Strenth Reading 1000000.xlsx,Sheet1,718,False,2.70805020110221,3.7416573867739413,1,13.815511557963774,14,2.70805020110221,196.0,2744.0
TS_BC_14d_018,EXP_TS_BC_14d,18,Bacterial Concrete,Inoculated,Bacillus subtilis,1000000,OPC 53 (UltraTech),14,Split Tensile Strength,2.507,150x300mm Cylinder,T Strenth Reading 1000000.xlsx,Sheet1,719,False,2.70805020110221,3.7416573867739413,1,13.815511557963774,14,2.70805020110221,196.0,2744.0
TS_BC_14d_019,EXP_TS_BC_14d,19,Bacterial Concrete,Inoculated,Bacillus subtilis,1000000,OPC 53 (UltraTech),14,Split Tensile Strength,2.645,150x300mm Cylinder,T Strenth Reading 1000000.xlsx,Sheet1,720,False,2.70805020110221,3.7416573867739413,1,13.815511557963774,14,2.70805020110221,196.0,2744.0
TS_BC_14d_020,EXP_TS_BC_14d,20,Bacterial Concrete,Inoculated,Bacillus subtilis,1000000,OPC 53 (UltraTech),14,Split Tensile Strength,2.623,150x300mm Cylinder,T Strenth Reading 1000000.xlsx,Sheet1,721,False,2.70805020110221,3.7416573867739413,1,13.815511557963774,14,2.70805020110221,196.0,2744.0
TS_BC_14d_021,EXP_TS_BC_14d,21,Bacterial Concrete,Inoculated,Bacillus subtilis,1000000,OPC 53 (UltraTech),14,Split Tensile Strength,2.731,150x300mm Cylinder,T Strenth Reading 1000000.xlsx,Sheet1,722,False,2.70805020110221,3.7416573867739413,1,13.815511557963774,14,2.70805020110221,196.0,2744.0
TS_BC_14d_022,EXP_TS_BC_14d,22,Bacterial Concrete,Inoculated,Bacillus subtilis,1000000,OPC 53 (UltraTech),14,Split Tensile Strength,2.661,150x300mm Cylinder,T Strenth Reading 1000000.xlsx,Sheet1,723,False,2.70805020110221,3.7416573867739413,1,13.815511557963774,14,2.70805020110221,196.0,2744.0
TS_BC_14d_023,EXP_TS_BC_14d,23,Bacterial Concrete,Inoculated,Bacillus subtilis,1000000,OPC 53 (UltraTech),14,Split Tensile Strength,2.716,150x300mm Cylinder,T Strenth Reading 1000000.xlsx,Sheet1,724,False,2.70805020110221,3.7416573867739413,1,13.815511557963774,14,2.70805020110221,196.0,2744.0
TS_BC_14d_024,EXP_TS_BC_14d,24,Bacterial Concrete,Inoculated,Bacillus subtilis,1000000,OPC 53 (UltraTech),14,Split Tensile Strength,2.429,150x300mm Cylinder,T Strenth Reading 1000000.xlsx,Sheet1,725,False,2.70805020110221,3.7416573867739413,1,13.815511557963774,14,2.70805020110221,196.0,2744.0
TS_BC_14d_025,EXP_TS_BC_14d,25,Bacterial Concrete,Inoculated,Bacillus subtilis,1000000,OPC 53 (UltraTech),14,Split Tensile Strength,2.542,150x300mm Cylinder,T Strenth Reading 1000000.xlsx,Sheet1,726,False,2.70805020110221,3.7416573867739413,1,13.815511557963774,14,2.70805020110221,196.0,2744.0
TS_BC_14d_026,EXP_TS_BC_14d,26,Bacterial Concrete,Inoculated,Bacillus subtilis,1000000,OPC 53 (UltraTech),14,Split Tensile Strength,2.877,150x300mm Cylinder,T Strenth Reading 1000000.xlsx,Sheet1,727,False,2.70805020110221,3.7416573867739413,1,13.815511557963774,14,2.70805020110221,196.0,2744.0
TS_BC_14d_027,EXP_TS_BC_14d,27,Bacterial Concrete,Inoculated,Bacillus subtilis,1000000,OPC 53 (UltraTech),14,Split Tensile Strength,2.659,150x300mm Cylinder,T Strenth Reading 1000000.xlsx,Sheet1,728,False,2.70805020110221,3.7416573867739413,1,13.815511557963774,14,2.70805020110221,196.0,2744.0
TS_BC_14d_028,EXP_TS_BC_14d,28,Bacterial Concrete,Inoculated,Bacillus subtilis,1000000,OPC 53 (UltraTech),14,Split Tensile Strength,2.712,150x300mm Cylinder,T Strenth Reading 1000000.xlsx,Sheet1,729,False,2.70805020110221,3.7416573867739413,1,13.815511557963774,14,2.70805020110221,196.0,2744.0
TS_BC_14d_029,EXP_TS_BC_14d,29,Bacterial Concrete,Inoculated,Bacillus subtilis,1000000,OPC 53 (UltraTech),14,Split Tensile Strength,2.641,150x300mm Cylinder,T Strenth Reading 1000000.xlsx,Sheet1,730,False,2.70805020110221,3.7416573867739413,1,13.815511557963774,14,2.70805020110221,196.0,2744.0
TS_BC_14d_030,EXP_TS_BC_14d,30,Bacterial Concrete,Inoculated,Bacillus subtilis,1000000,OPC 53 (UltraTech),14,Split Tensile Strength,2.664,150x300mm Cylinder,T Strenth Reading 1000000.xlsx,Sheet1,731,False,2.70805020110221,3.7416573867739413,1,13.815511557963774,14,2.70805020110221,196.0,2744.0
TS_BC_14d_031,EXP_TS_BC_14d,31,Bacterial Concrete,Inoculated,Bacillus subtilis,1000000,OPC 53 (UltraTech),14,Split Tensile Strength,2.565,150x300mm Cylinder,T Strenth Reading 1000000.xlsx,Sheet1,732,False,2.70805020110221,3.7416573867739413,1,13.815511557963774,14,2.70805020110221,196.0,2744.0
TS_BC_14d_032,EXP_TS_BC_14d,32,Bacterial Concrete,Inoculated,Bacillus subtilis,1000000,OPC 53 (UltraTech),14,Split Tensile Strength,3.136,150x300mm Cylinder,T Strenth Reading 1000000.xlsx,Sheet1,733,False,2.70805020110221,3.7416573867739413,1,13.815511557963774,14,2.70805020110221,196.0,2744.0
TS_BC_14d_033,EXP_TS_BC_14d,33,Bacterial Concrete,Inoculated,Bacillus subtilis,1000000,OPC 53 (UltraTech),14,Split Tensile Strength,2.541,150x300mm Cylinder,T Strenth Reading 1000000.xlsx,Sheet1,734,False,2.70805020110221,3.7416573867739413,1,13.815511557963774,14,2.70805020110221,196.0,2744.0
TS_BC_14d_034,EXP_TS_BC_14d,34,Bacterial Concrete,Inoculated,Bacillus subtilis,1000000,OPC 53 (UltraTech),14,Split Tensile Strength,2.594,150x300mm Cylinder,T Strenth Reading 1000000.xlsx,Sheet1,735,False,2.70805020110221,3.7416573867739413,1,13.815511557963774,14,2.70805020110221,196.0,2744.0
TS_BC_14d_035,EXP_TS_BC_14d,35,Bacterial Concrete,Inoculated,Bacillus subtilis,1000000,OPC 53 (UltraTech),14,Split Tensile Strength,2.236,150x300mm Cylinder,T Strenth Reading 1000000.xlsx,Sheet1,736,False,2.70805020110221,3.7416573867739413,1,13.815511557963774,14,2.70805020110221,196.0,2744.0
TS_BC_14d_036,EXP_TS_BC_14d,36,Bacterial Concrete,Inoculated,Bacillus subtilis,1000000,OPC 53 (UltraTech),14,Split Tensile Strength,2.766,150x300mm Cylinder,T Strenth Reading 1000000.xlsx,Sheet1,737,False,2.70805020110221,3.7416573867739413,1,13.815511557963774,14,2.70805020110221,196.0,2744.0
TS_BC_14d_037,EXP_TS_BC_14d,37,Bacterial Concrete,Inoculated,Bacillus subtilis,1000000,OPC 53 (UltraTech),14,Split Tensile Strength,2.517,150x300mm Cylinder,T Strenth Reading 1000000.xlsx,Sheet1,738,False,2.70805020110221,3.7416573867739413,1,13.815511557963774,14,2.70805020110221,196.0,2744.0
TS_BC_14d_038,EXP_TS_BC_14d,38,Bacterial Concrete,Inoculated,Bacillus subtilis,1000000,OPC 53 (UltraTech),14,Split Tensile Strength,2.591,150x300mm Cylinder,T Strenth Reading 1000000.xlsx,Sheet1,739,False,2.70805020110221,3.7416573867739413,1,13.815511557963774,14,2.70805020110221,196.0,2744.0
TS_BC_14d_039,EXP_TS_BC_14d,39,Bacterial Concrete,Inoculated,Bacillus subtilis,1000000,OPC 53 (UltraTech),14,Split Tensile Strength,2.521,150x300mm Cylinder,T Strenth Reading 1000000.xlsx,Sheet1,740,False,2.70805020110221,3.7416573867739413,1,13.815511557963774,14,2.70805020110221,196.0,2744.0
TS_BC_14d_040,EXP_TS_BC_14d,40,Bacterial Concrete,Inoculated,Bacillus subtilis,1000000,OPC 53 (UltraTech),14,Split Tensile Strength,2.579,150x300mm Cylinder,T Strenth Reading 1000000.xlsx,Sheet1,741,False,2.70805020110221,3.7416573867739413,1,13.815511557963774,14,2.70805020110221,196.0,2744.0
TS_BC_14d_041,EXP_TS_BC_14d,41,Bacterial Concrete,Inoculated,Bacillus subtilis,1000000,OPC 53 (UltraTech),14,Split Tensile Strength,2.557,150x300mm Cylinder,T Strenth Reading 1000000.xlsx,Sheet1,742,False,2.70805020110221,3.7416573867739413,1,13.815511557963774,14,2.70805020110221,196.0,2744.0
TS_BC_14d_042,EXP_TS_BC_14d,42,Bacterial Concrete,Inoculated,Bacillus subtilis,1000000,OPC 53 (UltraTech),14,Split Tensile Strength,2.594,150x300mm Cylinder,T Strenth Reading 1000000.xlsx,Sheet1,743,False,2.70805020110221,3.7416573867739413,1,13.815511557963774,14,2.70805020110221,196.0,2744.0
TS_BC_14d_043,EXP_TS_BC_14d,43,Bacterial Concrete,Inoculated,Bacillus subtilis,1000000,OPC 53 (UltraTech),14,Split Tensile Strength,2.592,150x300mm Cylinder,T Strenth Reading 1000000.xlsx,Sheet1,744,False,2.70805020110221,3.7416573867739413,1,13.815511557963774,14,2.70805020110221,196.0,2744.0
TS_BC_14d_044,EXP_TS_BC_14d,44,Bacterial Concrete,Inoculated,Bacillus subtilis,1000000,OPC 53 (UltraTech),14,Split Tensile Strength,2.577,150x300mm Cylinder,T Strenth Reading 1000000.xlsx,Sheet1,745,False,2.70805020110221,3.7416573867739413,1,13.815511557963774,14,2.70805020110221,196.0,2744.0
TS_BC_14d_045,EXP_TS_BC_14d,45,Bacterial Concrete,Inoculated,Bacillus subtilis,1000000,OPC 53 (UltraTech),14,Split Tensile Strength,2.575,150x300mm Cylinder,T Strenth Reading 1000000.xlsx,Sheet1,746,False,2.70805020110221,3.7416573867739413,1,13.815511557963774,14,2.70805020110221,196.0,2744.0
TS_BC_14d_046,EXP_TS_BC_14d,46,Bacterial Concrete,Inoculated,Bacillus subtilis,1000000,OPC 53 (UltraTech),14,Split Tensile Strength,2.796,150x300mm Cylinder,T Strenth Reading 1000000.xlsx,Sheet1,747,False,2.70805020110221,3.7416573867739413,1,13.815511557963774,14,2.70805020110221,196.0,2744.0
TS_BC_14d_047,EXP_TS_BC_14d,47,Bacterial Concrete,Inoculated,Bacillus subtilis,1000000,OPC 53 (UltraTech),14,Split Tensile Strength,2.732,150x300mm Cylinder,T Strenth Reading 1000000.xlsx,Sheet1,748,False,2.70805020110221,3.7416573867739413,1,13.815511557963774,14,2.70805020110221,196.0,2744.0
TS_BC_14d_048,EXP_TS_BC_14d,48,Bacterial Concrete,Inoculated,Bacillus subtilis,1000000,OPC 53 (UltraTech),14,Split Tensile Strength,2.733,150x300mm Cylinder,T Strenth Reading 1000000.xlsx,Sheet1,749,False,2.70805020110221,3.7416573867739413,1,13.815511557963774,14,2.70805020110221,196.0,2744.0
TS_BC_14d_049,EXP_TS_BC_14d,49,Bacterial Concrete,Inoculated,Bacillus subtilis,1000000,OPC 53 (UltraTech),14,Split Tensile Strength,2.49,150x300mm Cylinder,T Strenth Reading 1000000.xlsx,Sheet1,750,False,2.70805020110221,3.7416573867739413,1,13.815511557963774,14,2.70805020110221,196.0,2744.0
TS_BC_14d_050,EXP_TS_BC_14d,50,Bacterial Concrete,Inoculated,Bacillus subtilis,1000000,OPC 53 (UltraTech),14,Split Tensile Strength,2.789,150x300mm Cylinder,T Strenth Reading 1000000.xlsx,Sheet1,751,False,2.70805020110221,3.7416573867739413,1,13.815511557963774,14,2.70805020110221,196.0,2744.0
TS_BC_14d_051,EXP_TS_BC_14d,51,Bacterial Concrete,Inoculated,Bacillus subtilis,1000000,OPC 53 (UltraTech),14,Split Tensile Strength,2.77,150x300mm Cylinder,T Strenth Reading 1000000.xlsx,Sheet1,752,False,2.70805020110221,3.7416573867739413,1,13.815511557963774,14,2.70805020110221,196.0,2744.0
TS_BC_14d_052,EXP_TS_BC_14d,52,Bacterial Concrete,Inoculated,Bacillus subtilis,1000000,OPC 53 (UltraTech),14,Split Tensile Strength,2.517,150x300mm Cylinder,T Strenth Reading 1000000.xlsx,Sheet1,753,False,2.70805020110221,3.7416573867739413,1,13.815511557963774,14,2.70805020110221,196.0,2744.0
TS_BC_14d_053,EXP_TS_BC_14d,53,Bacterial Concrete,Inoculated,Bacillus subtilis,1000000,OPC 53 (UltraTech),14,Split Tensile Strength,2.829,150x300mm Cylinder,T Strenth Reading 1000000.xlsx,Sheet1,754,False,2.70805020110221,3.7416573867739413,1,13.815511557963774,14,2.70805020110221,196.0,2744.0
TS_BC_14d_054,EXP_TS_BC_14d,54,Bacterial Concrete,Inoculated,Bacillus subtilis,1000000,OPC 53 (UltraTech),14,Split Tensile Strength,2.498,150x300mm Cylinder,T Strenth Reading 1000000.xlsx,Sheet1,755,False,2.70805020110221,3.7416573867739413,1,13.815511557963774,14,2.70805020110221,196.0,2744.0
TS_BC_14d_055,EXP_TS_BC_14d,55,Bacterial Concrete,Inoculated,Bacillus subtilis,1000000,OPC 53 (UltraTech),14,Split Tensile Strength,2.324,150x300mm Cylinder,T Strenth Reading 1000000.xlsx,Sheet1,756,False,2.70805020110221,3.7416573867739413,1,13.815511557963774,14,2.70805020110221,196.0,2744.0
TS_BC_14d_056,EXP_TS_BC_14d,56,Bacterial Concrete,Inoculated,Bacillus subtilis,1000000,OPC 53 (UltraTech),14,Split Tensile Strength,2.765,150x300mm Cylinder,T Strenth Reading 1000000.xlsx,Sheet1,757,False,2.70805020110221,3.7416573867739413,1,13.815511557963774,14,2.70805020110221,196.0,2744.0
TS_BC_14d_057,EXP_TS_BC_14d,57,Bacterial Concrete,Inoculated,Bacillus subtilis,1000000,OPC 53 (UltraTech),14,Split Tensile Strength,2.582,150x300mm Cylinder,T Strenth Reading 1000000.xlsx,Sheet1,758,False,2.70805020110221,3.7416573867739413,1,13.815511557963774,14,2.70805020110221,196.0,2744.0
TS_BC_14d_058,EXP_TS_BC_14d,58,Bacterial Concrete,Inoculated,Bacillus subtilis,1000000,OPC 53 (UltraTech),14,Split Tensile Strength,2.747,150x300mm Cylinder,T Strenth Reading 1000000.xlsx,Sheet1,759,False,2.70805020110221,3.7416573867739413,1,13.815511557963774,14,2.70805020110221,196.0,2744.0
TS_BC_14d_059,EXP_TS_BC_14d,59,Bacterial Concrete,Inoculated,Bacillus subtilis,1000000,OPC 53 (UltraTech),14,Split Tensile Strength,2.487,150x300mm Cylinder,T Strenth Reading 1000000.xlsx,Sheet1,760,False,2.70805020110221,3.7416573867739413,1,13.815511557963774,14,2.70805020110221,196.0,2744.0
TS_BC_14d_060,EXP_TS_BC_14d,60,Bacterial Concrete,Inoculated,Bacillus subtilis,1000000,OPC 53 (UltraTech),14,Split Tensile Strength,2.411,150x300mm Cylinder,T Strenth Reading 1000000.xlsx,Sheet1,761,False,2.70805020110221,3.7416573867739413,1,13.815511557963774,14,2.70805020110221,196.0,2744.0
TS_BC_14d_061,EXP_TS_BC_14d,61,Bacterial Concrete,Inoculated,Bacillus subtilis,1000000,OPC 53 (UltraTech),14,Split Tensile Strength,2.785,150x300mm Cylinder,T Strenth Reading 1000000.xlsx,Sheet1,762,False,2.70805020110221,3.7416573867739413,1,13.815511557963774,14,2.70805020110221,196.0,2744.0
TS_BC_14d_062,EXP_TS_BC_14d,62,Bacterial Concrete,Inoculated,Bacillus subtilis,1000000,OPC 53 (UltraTech),14,Split Tensile Strength,2.389,150x300mm Cylinder,T Strenth Reading 1000000.xlsx,Sheet1,763,False,2.70805020110221,3.7416573867739413,1,13.815511557963774,14,2.70805020110221,196.0,2744.0
TS_BC_14d_063,EXP_TS_BC_14d,63,Bacterial Concrete,Inoculated,Bacillus subtilis,1000000,OPC 53 (UltraTech),14,Split Tensile Strength,2.366,150x300mm Cylinder,T Strenth Reading 1000000.xlsx,Sheet1,764,False,2.70805020110221,3.7416573867739413,1,13.815511557963774,14,2.70805020110221,196.0,2744.0
TS_BC_14d_064,EXP_TS_BC_14d,64,Bacterial Concrete,Inoculated,Bacillus subtilis,1000000,OPC 53 (UltraTech),14,Split Tensile Strength,2.311,150x300mm Cylinder,T Strenth Reading 1000000.xlsx,Sheet1,765,False,2.70805020110221,3.7416573867739413,1,13.815511557963774,14,2.70805020110221,196.0,2744.0
TS_BC_14d_065,EXP_TS_BC_14d,65,Bacterial Concrete,Inoculated,Bacillus subtilis,1000000,OPC 53 (UltraTech),14,Split Tensile Strength,2.181,150x300mm Cylinder,T Strenth Reading 1000000.xlsx,Sheet1,766,False,2.70805020110221,3.7416573867739413,1,13.815511557963774,14,2.70805020110221,196.0,2744.0
TS_BC_14d_066,EXP_TS_BC_14d,66,Bacterial Concrete,Inoculated,Bacillus subtilis,1000000,OPC 53 (UltraTech),14,Split Tensile Strength,2.444,150x300mm Cylinder,T Strenth Reading 1000000.xlsx,Sheet1,767,False,2.70805020110221,3.7416573867739413,1,13.815511557963774,14,2.70805020110221,196.0,2744.0
TS_BC_14d_067,EXP_TS_BC_14d,67,Bacterial Concrete,Inoculated,Bacillus subtilis,1000000,OPC 53 (UltraTech),14,Split Tensile Strength,2.275,150x300mm Cylinder,T Strenth Reading 1000000.xlsx,Sheet1,768,False,2.70805020110221,3.7416573867739413,1,13.815511557963774,14,2.70805020110221,196.0,2744.0
TS_BC_14d_068,EXP_TS_BC_14d,68,Bacterial Concrete,Inoculated,Bacillus subtilis,1000000,OPC 53 (UltraTech),14,Split Tensile Strength,2.595,150x300mm Cylinder,T Strenth Reading 1000000.xlsx,Sheet1,769,False,2.70805020110221,3.7416573867739413,1,13.815511557963774,14,2.70805020110221,196.0,2744.0
TS_BC_14d_069,EXP_TS_BC_14d,69,Bacterial Concrete,Inoculated,Bacillus subtilis,1000000,OPC 53 (UltraTech),14,Split Tensile Strength,2.265,150x300mm Cylinder,T Strenth Reading 1000000.xlsx,Sheet1,770,False,2.70805020110221,3.7416573867739413,1,13.815511557963774,14,2.70805020110221,196.0,2744.0
TS_BC_14d_070,EXP_TS_BC_14d,70,Bacterial Concrete,Inoculated,Bacillus subtilis,1000000,OPC 53 (UltraTech),14,Split Tensile Strength,2.436,150x300mm Cylinder,T Strenth Reading 1000000.xlsx,Sheet1,771,False,2.70805020110221,3.7416573867739413,1,13.815511557963774,14,2.70805020110221,196.0,2744.0
TS_BC_14d_071,EXP_TS_BC_14d,71,Bacterial Concrete,Inoculated,Bacillus subtilis,1000000,OPC 53 (UltraTech),14,Split Tensile Strength,2.95,150x300mm Cylinder,T Strenth Reading 1000000.xlsx,Sheet1,772,False,2.70805020110221,3.7416573867739413,1,13.815511557963774,14,2.70805020110221,196.0,2744.0
TS_BC_14d_072,EXP_TS_BC_14d,72,Bacterial Concrete,Inoculated,Bacillus subtilis,1000000,OPC 53 (UltraTech),14,Split Tensile Strength,2.652,150x300mm Cylinder,T Strenth Reading 1000000.xlsx,Sheet1,773,False,2.70805020110221,3.7416573867739413,1,13.815511557963774,14,2.70805020110221,196.0,2744.0
TS_BC_14d_073,EXP_TS_BC_14d,73,Bacterial Concrete,Inoculated,Bacillus subtilis,1000000,OPC 53 (UltraTech),14,Split Tensile Strength,2.608,150x300mm Cylinder,T Strenth Reading 1000000.xlsx,Sheet1,774,False,2.70805020110221,3.7416573867739413,1,13.815511557963774,14,2.70805020110221,196.0,2744.0
TS_BC_14d_074,EXP_TS_BC_14d,74,Bacterial Concrete,Inoculated,Bacillus subtilis,1000000,OPC 53 (UltraTech),14,Split Tensile Strength,2.357,150x300mm Cylinder,T Strenth Reading 1000000.xlsx,Sheet1,775,False,2.70805020110221,3.7416573867739413,1,13.815511557963774,14,2.70805020110221,196.0,2744.0
TS_BC_14d_075,EXP_TS_BC_14d,75,Bacterial Concrete,Inoculated,Bacillus subtilis,1000000,OPC 53 (UltraTech),14,Split Tensile Strength,2.563,150x300mm Cylinder,T Strenth Reading 1000000.xlsx,Sheet1,776,False,2.70805020110221,3.7416573867739413,1,13.815511557963774,14,2.70805020110221,196.0,2744.0
TS_BC_14d_076,EXP_TS_BC_14d,76,Bacterial Concrete,Inoculated,Bacillus subtilis,1000000,OPC 53 (UltraTech),14,Split Tensile Strength,2.607,150x300mm Cylinder,T Strenth Reading 1000000.xlsx,Sheet1,777,False,2.70805020110221,3.7416573867739413,1,13.815511557963774,14,2.70805020110221,196.0,2744.0
TS_BC_14d_077,EXP_TS_BC_14d,77,Bacterial Concrete,Inoculated,Bacillus subtilis,1000000,OPC 53 (UltraTech),14,Split Tensile Strength,2.359,150x300mm Cylinder,T Strenth Reading 1000000.xlsx,Sheet1,778,False,2.70805020110221,3.7416573867739413,1,13.815511557963774,14,2.70805020110221,196.0,2744.0
TS_BC_14d_078,EXP_TS_BC_14d,78,Bacterial Concrete,Inoculated,Bacillus subtilis,1000000,OPC 53 (UltraTech),14,Split Tensile Strength,2.619,150x300mm Cylinder,T Strenth Reading 1000000.xlsx,Sheet1,779,False,2.70805020110221,3.7416573867739413,1,13.815511557963774,14,2.70805020110221,196.0,2744.0
TS_BC_14d_079,EXP_TS_BC_14d,79,Bacterial Concrete,Inoculated,Bacillus subtilis,1000000,OPC 53 (UltraTech),14,Split Tensile Strength,2.779,150x300mm Cylinder,T Strenth Reading 1000000.xlsx,Sheet1,780,False,2.70805020110221,3.7416573867739413,1,13.815511557963774,14,2.70805020110221,196.0,2744.0
TS_BC_14d_080,EXP_TS_BC_14d,80,Bacterial Concrete,Inoculated,Bacillus subtilis,1000000,OPC 53 (UltraTech),14,Split Tensile Strength,2.548,150x300mm Cylinder,T Strenth Reading 1000000.xlsx,Sheet1,781,False,2.70805020110221,3.7416573867739413,1,13.815511557963774,14,2.70805020110221,196.0,2744.0
TS_BC_14d_081,EXP_TS_BC_14d,81,Bacterial Concrete,Inoculated,Bacillus subtilis,1000000,OPC 53 (UltraTech),14,Split Tensile Strength,2.57,150x300mm Cylinder,T Strenth Reading 1000000.xlsx,Sheet1,782,False,2.70805020110221,3.7416573867739413,1,13.815511557963774,14,2.70805020110221,196.0,2744.0
TS_BC_14d_082,EXP_TS_BC_14d,82,Bacterial Concrete,Inoculated,Bacillus subtilis,1000000,OPC 53 (UltraTech),14,Split Tensile Strength,2.294,150x300mm Cylinder,T Strenth Reading 1000000.xlsx,Sheet1,783,False,2.70805020110221,3.7416573867739413,1,13.815511557963774,14,2.70805020110221,196.0,2744.0
TS_BC_14d_083,EXP_TS_BC_14d,83,Bacterial Concrete,Inoculated,Bacillus subtilis,1000000,OPC 53 (UltraTech),14,Split Tensile Strength,2.39,150x300mm Cylinder,T Strenth Reading 1000000.xlsx,Sheet1,784,False,2.70805020110221,3.7416573867739413,1,13.815511557963774,14,2.70805020110221,196.0,2744.0
TS_BC_14d_084,EXP_TS_BC_14d,84,Bacterial Concrete,Inoculated,Bacillus subtilis,1000000,OPC 53 (UltraTech),14,Split Tensile Strength,2.759,150x300mm Cylinder,T Strenth Reading 1000000.xlsx,Sheet1,785,False,2.70805020110221,3.7416573867739413,1,13.815511557963774,14,2.70805020110221,196.0,2744.0
TS_BC_14d_085,EXP_TS_BC_14d,85,Bacterial Concrete,Inoculated,Bacillus subtilis,1000000,OPC 53 (UltraTech),14,Split Tensile Strength,2.501,150x300mm Cylinder,T Strenth Reading 1000000.xlsx,Sheet1,786,False,2.70805020110221,3.7416573867739413,1,13.815511557963774,14,2.70805020110221,196.0,2744.0
TS_BC_14d_086,EXP_TS_BC_14d,86,Bacterial Concrete,Inoculated,Bacillus subtilis,1000000,OPC 53 (UltraTech),14,Split Tensile Strength,2.461,150x300mm Cylinder,T Strenth Reading 1000000.xlsx,Sheet1,787,False,2.70805020110221,3.7416573867739413,1,13.815511557963774,14,2.70805020110221,196.0,2744.0
TS_BC_14d_087,EXP_TS_BC_14d,87,Bacterial Concrete,Inoculated,Bacillus subtilis,1000000,OPC 53 (UltraTech),14,Split Tensile Strength,2.496,150x300mm Cylinder,T Strenth Reading 1000000.xlsx,Sheet1,788,False,2.70805020110221,3.7416573867739413,1,13.815511557963774,14,2.70805020110221,196.0,2744.0
TS_BC_14d_088,EXP_TS_BC_14d,88,Bacterial Concrete,Inoculated,Bacillus subtilis,1000000,OPC 53 (UltraTech),14,Split Tensile Strength,2.591,150x300mm Cylinder,T Strenth Reading 1000000.xlsx,Sheet1,789,False,2.70805020110221,3.7416573867739413,1,13.815511557963774,14,2.70805020110221,196.0,2744.0
TS_BC_14d_089,EXP_TS_BC_14d,89,Bacterial Concrete,Inoculated,Bacillus subtilis,1000000,OPC 53 (UltraTech),14,Split Tensile Strength,2.426,150x300mm Cylinder,T Strenth Reading 1000000.xlsx,Sheet1,790,False,2.70805020110221,3.7416573867739413,1,13.815511557963774,14,2.70805020110221,196.0,2744.0
TS_BC_14d_090,EXP_TS_BC_14d,90,Bacterial Concrete,Inoculated,Bacillus subtilis,1000000,OPC 53 (UltraTech),14,Split Tensile Strength,2.619,150x300mm Cylinder,T Strenth Reading 1000000.xlsx,Sheet1,791,False,2.70805020110221,3.7416573867739413,1,13.815511557963774,14,2.70805020110221,196.0,2744.0
TS_BC_14d_091,EXP_TS_BC_14d,91,Bacterial Concrete,Inoculated,Bacillus subtilis,1000000,OPC 53 (UltraTech),14,Split Tensile Strength,2.396,150x300mm Cylinder,T Strenth Reading 1000000.xlsx,Sheet1,792,False,2.70805020110221,3.7416573867739413,1,13.815511557963774,14,2.70805020110221,196.0,2744.0
TS_BC_14d_092,EXP_TS_BC_14d,92,Bacterial Concrete,Inoculated,Bacillus subtilis,1000000,OPC 53 (UltraTech),14,Split Tensile Strength,2.716,150x300mm Cylinder,T Strenth Reading 1000000.xlsx,Sheet1,793,False,2.70805020110221,3.7416573867739413,1,13.815511557963774,14,2.70805020110221,196.0,2744.0
TS_BC_14d_093,EXP_TS_BC_14d,93,Bacterial Concrete,Inoculated,Bacillus subtilis,1000000,OPC 53 (UltraTech),14,Split Tensile Strength,2.441,150x300mm Cylinder,T Strenth Reading 1000000.xlsx,Sheet1,794,False,2.70805020110221,3.7416573867739413,1,13.815511557963774,14,2.70805020110221,196.0,2744.0
TS_BC_14d_094,EXP_TS_BC_14d,94,Bacterial Concrete,Inoculated,Bacillus subtilis,1000000,OPC 53 (UltraTech),14,Split Tensile Strength,2.798,150x300mm Cylinder,T Strenth Reading 1000000.xlsx,Sheet1,795,False,2.70805020110221,3.7416573867739413,1,13.815511557963774,14,2.70805020110221,196.0,2744.0
TS_BC_14d_095,EXP_TS_BC_14d,95,Bacterial Concrete,Inoculated,Bacillus subtilis,1000000,OPC 53 (UltraTech),14,Split Tensile Strength,2.598,150x300mm Cylinder,T Strenth Reading 1000000.xlsx,Sheet1,796,False,2.70805020110221,3.7416573867739413,1,13.815511557963774,14,2.70805020110221,196.0,2744.0
TS_BC_14d_096,EXP_TS_BC_14d,96,Bacterial Concrete,Inoculated,Bacillus subtilis,1000000,OPC 53 (UltraTech),14,Split Tensile Strength,2.473,150x300mm Cylinder,T Strenth Reading 1000000.xlsx,Sheet1,797,False,2.70805020110221,3.7416573867739413,1,13.815511557963774,14,2.70805020110221,196.0,2744.0
TS_BC_14d_097,EXP_TS_BC_14d,97,Bacterial Concrete,Inoculated,Bacillus subtilis,1000000,OPC 53 (UltraTech),14,Split Tensile Strength,2.737,150x300mm Cylinder,T Strenth Reading 1000000.xlsx,Sheet1,798,False,2.70805020110221,3.7416573867739413,1,13.815511557963774,14,2.70805020110221,196.0,2744.0
TS_BC_14d_098,EXP_TS_BC_14d,98,Bacterial Concrete,Inoculated,Bacillus subtilis,1000000,OPC 53 (UltraTech),14,Split Tensile Strength,2.394,150x300mm Cylinder,T Strenth Reading 1000000.xlsx,Sheet1,799,False,2.70805020110221,3.7416573867739413,1,13.815511557963774,14,2.70805020110221,196.0,2744.0
TS_BC_14d_099,EXP_TS_BC_14d,99,Bacterial Concrete,Inoculated,Bacillus subtilis,1000000,OPC 53 (UltraTech),14,Split Tensile Strength,2.518,150x300mm Cylinder,T Strenth Reading 1000000.xlsx,Sheet1,800,False,2.70805020110221,3.7416573867739413,1,13.815511557963774,14,2.70805020110221,196.0,2744.0
TS_BC_14d_100,EXP_TS_BC_14d,100,Bacterial Concrete,Inoculated,Bacillus subtilis,1000000,OPC 53 (UltraTech),14,Split Tensile Strength,2.6,150x300mm Cylinder,T Strenth Reading 1000000.xlsx,Sheet1,801,False,2.70805020110221,3.7416573867739413,1,13.815511557963774,14,2.70805020110221,196.0,2744.0
TS_BC_21d_001,EXP_TS_BC_21d,1,Bacterial Concrete,Inoculated,Bacillus subtilis,1000000,OPC 53 (UltraTech),21,Split Tensile Strength,2.882,150x300mm Cylinder,T Strenth Reading 1000000.xlsx,Sheet1,802,False,3.091042453358316,4.58257569495584,1,13.815511557963774,21,3.091042453358316,441.0,9261.0
TS_BC_21d_002,EXP_TS_BC_21d,2,Bacterial Concrete,Inoculated,Bacillus subtilis,1000000,OPC 53 (UltraTech),21,Split Tensile Strength,2.599,150x300mm Cylinder,T Strenth Reading 1000000.xlsx,Sheet1,803,False,3.091042453358316,4.58257569495584,1,13.815511557963774,21,3.091042453358316,441.0,9261.0
TS_BC_21d_003,EXP_TS_BC_21d,3,Bacterial Concrete,Inoculated,Bacillus subtilis,1000000,OPC 53 (UltraTech),21,Split Tensile Strength,2.762,150x300mm Cylinder,T Strenth Reading 1000000.xlsx,Sheet1,804,False,3.091042453358316,4.58257569495584,1,13.815511557963774,21,3.091042453358316,441.0,9261.0
TS_BC_21d_004,EXP_TS_BC_21d,4,Bacterial Concrete,Inoculated,Bacillus subtilis,1000000,OPC 53 (UltraTech),21,Split Tensile Strength,2.925,150x300mm Cylinder,T Strenth Reading 1000000.xlsx,Sheet1,805,False,3.091042453358316,4.58257569495584,1,13.815511557963774,21,3.091042453358316,441.0,9261.0
TS_BC_21d_005,EXP_TS_BC_21d,5,Bacterial Concrete,Inoculated,Bacillus subtilis,1000000,OPC 53 (UltraTech),21,Split Tensile Strength,2.702,150x300mm Cylinder,T Strenth Reading 1000000.xlsx,Sheet1,806,False,3.091042453358316,4.58257569495584,1,13.815511557963774,21,3.091042453358316,441.0,9261.0
TS_BC_21d_006,EXP_TS_BC_21d,6,Bacterial Concrete,Inoculated,Bacillus subtilis,1000000,OPC 53 (UltraTech),21,Split Tensile Strength,3.09,150x300mm Cylinder,T Strenth Reading 1000000.xlsx,Sheet1,807,False,3.091042453358316,4.58257569495584,1,13.815511557963774,21,3.091042453358316,441.0,9261.0
TS_BC_21d_007,EXP_TS_BC_21d,7,Bacterial Concrete,Inoculated,Bacillus subtilis,1000000,OPC 53 (UltraTech),21,Split Tensile Strength,2.974,150x300mm Cylinder,T Strenth Reading 1000000.xlsx,Sheet1,808,False,3.091042453358316,4.58257569495584,1,13.815511557963774,21,3.091042453358316,441.0,9261.0
TS_BC_21d_008,EXP_TS_BC_21d,8,Bacterial Concrete,Inoculated,Bacillus subtilis,1000000,OPC 53 (UltraTech),21,Split Tensile Strength,2.823,150x300mm Cylinder,T Strenth Reading 1000000.xlsx,Sheet1,809,False,3.091042453358316,4.58257569495584,1,13.815511557963774,21,3.091042453358316,441.0,9261.0
TS_BC_21d_009,EXP_TS_BC_21d,9,Bacterial Concrete,Inoculated,Bacillus subtilis,1000000,OPC 53 (UltraTech),21,Split Tensile Strength,2.867,150x300mm Cylinder,T Strenth Reading 1000000.xlsx,Sheet1,810,False,3.091042453358316,4.58257569495584,1,13.815511557963774,21,3.091042453358316,441.0,9261.0
TS_BC_21d_010,EXP_TS_BC_21d,10,Bacterial Concrete,Inoculated,Bacillus subtilis,1000000,OPC 53 (UltraTech),21,Split Tensile Strength,3.179,150x300mm Cylinder,T Strenth Reading 1000000.xlsx,Sheet1,811,False,3.091042453358316,4.58257569495584,1,13.815511557963774,21,3.091042453358316,441.0,9261.0
TS_BC_21d_011,EXP_TS_BC_21d,11,Bacterial Concrete,Inoculated,Bacillus subtilis,1000000,OPC 53 (UltraTech),21,Split Tensile Strength,3.04,150x300mm Cylinder,T Strenth Reading 1000000.xlsx,Sheet1,812,False,3.091042453358316,4.58257569495584,1,13.815511557963774,21,3.091042453358316,441.0,9261.0
TS_BC_21d_012,EXP_TS_BC_21d,12,Bacterial Concrete,Inoculated,Bacillus subtilis,1000000,OPC 53 (UltraTech),21,Split Tensile Strength,2.957,150x300mm Cylinder,T Strenth Reading 1000000.xlsx,Sheet1,813,False,3.091042453358316,4.58257569495584,1,13.815511557963774,21,3.091042453358316,441.0,9261.0
TS_BC_21d_013,EXP_TS_BC_21d,13,Bacterial Concrete,Inoculated,Bacillus subtilis,1000000,OPC 53 (UltraTech),21,Split Tensile Strength,2.688,150x300mm Cylinder,T Strenth Reading 1000000.xlsx,Sheet1,814,False,3.091042453358316,4.58257569495584,1,13.815511557963774,21,3.091042453358316,441.0,9261.0
TS_BC_21d_014,EXP_TS_BC_21d,14,Bacterial Concrete,Inoculated,Bacillus subtilis,1000000,OPC 53 (UltraTech),21,Split Tensile Strength,3.144,150x300mm Cylinder,T Strenth Reading 1000000.xlsx,Sheet1,815,False,3.091042453358316,4.58257569495584,1,13.815511557963774,21,3.091042453358316,441.0,9261.0
TS_BC_21d_015,EXP_TS_BC_21d,15,Bacterial Concrete,Inoculated,Bacillus subtilis,1000000,OPC 53 (UltraTech),21,Split Tensile Strength,3.058,150x300mm Cylinder,T Strenth Reading 1000000.xlsx,Sheet1,816,False,3.091042453358316,4.58257569495584,1,13.815511557963774,21,3.091042453358316,441.0,9261.0
TS_BC_21d_016,EXP_TS_BC_21d,16,Bacterial Concrete,Inoculated,Bacillus subtilis,1000000,OPC 53 (UltraTech),21,Split Tensile Strength,2.878,150x300mm Cylinder,T Strenth Reading 1000000.xlsx,Sheet1,817,False,3.091042453358316,4.58257569495584,1,13.815511557963774,21,3.091042453358316,441.0,9261.0
TS_BC_21d_017,EXP_TS_BC_21d,17,Bacterial Concrete,Inoculated,Bacillus subtilis,1000000,OPC 53 (UltraTech),21,Split Tensile Strength,2.818,150x300mm Cylinder,T Strenth Reading 1000000.xlsx,Sheet1,818,False,3.091042453358316,4.58257569495584,1,13.815511557963774,21,3.091042453358316,441.0,9261.0
TS_BC_21d_018,EXP_TS_BC_21d,18,Bacterial Concrete,Inoculated,Bacillus subtilis,1000000,OPC 53 (UltraTech),21,Split Tensile Strength,2.872,150x300mm Cylinder,T Strenth Reading 1000000.xlsx,Sheet1,819,False,3.091042453358316,4.58257569495584,1,13.815511557963774,21,3.091042453358316,441.0,9261.0
TS_BC_21d_019,EXP_TS_BC_21d,19,Bacterial Concrete,Inoculated,Bacillus subtilis,1000000,OPC 53 (UltraTech),21,Split Tensile Strength,2.72,150x300mm Cylinder,T Strenth Reading 1000000.xlsx,Sheet1,820,False,3.091042453358316,4.58257569495584,1,13.815511557963774,21,3.091042453358316,441.0,9261.0
TS_BC_21d_020,EXP_TS_BC_21d,20,Bacterial Concrete,Inoculated,Bacillus subtilis,1000000,OPC 53 (UltraTech),21,Split Tensile Strength,2.829,150x300mm Cylinder,T Strenth Reading 1000000.xlsx,Sheet1,821,False,3.091042453358316,4.58257569495584,1,13.815511557963774,21,3.091042453358316,441.0,9261.0
TS_BC_21d_021,EXP_TS_BC_21d,21,Bacterial Concrete,Inoculated,Bacillus subtilis,1000000,OPC 53 (UltraTech),21,Split Tensile Strength,3.014,150x300mm Cylinder,T Strenth Reading 1000000.xlsx,Sheet1,822,False,3.091042453358316,4.58257569495584,1,13.815511557963774,21,3.091042453358316,441.0,9261.0
TS_BC_21d_022,EXP_TS_BC_21d,22,Bacterial Concrete,Inoculated,Bacillus subtilis,1000000,OPC 53 (UltraTech),21,Split Tensile Strength,2.629,150x300mm Cylinder,T Strenth Reading 1000000.xlsx,Sheet1,823,False,3.091042453358316,4.58257569495584,1,13.815511557963774,21,3.091042453358316,441.0,9261.0
TS_BC_21d_023,EXP_TS_BC_21d,23,Bacterial Concrete,Inoculated,Bacillus subtilis,1000000,OPC 53 (UltraTech),21,Split Tensile Strength,2.853,150x300mm Cylinder,T Strenth Reading 1000000.xlsx,Sheet1,824,False,3.091042453358316,4.58257569495584,1,13.815511557963774,21,3.091042453358316,441.0,9261.0
TS_BC_21d_024,EXP_TS_BC_21d,24,Bacterial Concrete,Inoculated,Bacillus subtilis,1000000,OPC 53 (UltraTech),21,Split Tensile Strength,2.917,150x300mm Cylinder,T Strenth Reading 1000000.xlsx,Sheet1,825,False,3.091042453358316,4.58257569495584,1,13.815511557963774,21,3.091042453358316,441.0,9261.0
TS_BC_21d_025,EXP_TS_BC_21d,25,Bacterial Concrete,Inoculated,Bacillus subtilis,1000000,OPC 53 (UltraTech),21,Split Tensile Strength,2.916,150x300mm Cylinder,T Strenth Reading 1000000.xlsx,Sheet1,826,False,3.091042453358316,4.58257569495584,1,13.815511557963774,21,3.091042453358316,441.0,9261.0
TS_BC_21d_026,EXP_TS_BC_21d,26,Bacterial Concrete,Inoculated,Bacillus subtilis,1000000,OPC 53 (UltraTech),21,Split Tensile Strength,2.723,150x300mm Cylinder,T Strenth Reading 1000000.xlsx,Sheet1,827,False,3.091042453358316,4.58257569495584,1,13.815511557963774,21,3.091042453358316,441.0,9261.0
TS_BC_21d_027,EXP_TS_BC_21d,27,Bacterial Concrete,Inoculated,Bacillus subtilis,1000000,OPC 53 (UltraTech),21,Split Tensile Strength,2.723,150x300mm Cylinder,T Strenth Reading 1000000.xlsx,Sheet1,828,False,3.091042453358316,4.58257569495584,1,13.815511557963774,21,3.091042453358316,441.0,9261.0
TS_BC_21d_028,EXP_TS_BC_21d,28,Bacterial Concrete,Inoculated,Bacillus subtilis,1000000,OPC 53 (UltraTech),21,Split Tensile Strength,3.063,150x300mm Cylinder,T Strenth Reading 1000000.xlsx,Sheet1,829,False,3.091042453358316,4.58257569495584,1,13.815511557963774,21,3.091042453358316,441.0,9261.0
TS_BC_21d_029,EXP_TS_BC_21d,29,Bacterial Concrete,Inoculated,Bacillus subtilis,1000000,OPC 53 (UltraTech),21,Split Tensile Strength,2.716,150x300mm Cylinder,T Strenth Reading 1000000.xlsx,Sheet1,830,False,3.091042453358316,4.58257569495584,1,13.815511557963774,21,3.091042453358316,441.0,9261.0
TS_BC_21d_030,EXP_TS_BC_21d,30,Bacterial Concrete,Inoculated,Bacillus subtilis,1000000,OPC 53 (UltraTech),21,Split Tensile Strength,3.051,150x300mm Cylinder,T Strenth Reading 1000000.xlsx,Sheet1,831,False,3.091042453358316,4.58257569495584,1,13.815511557963774,21,3.091042453358316,441.0,9261.0
TS_BC_21d_031,EXP_TS_BC_21d,31,Bacterial Concrete,Inoculated,Bacillus subtilis,1000000,OPC 53 (UltraTech),21,Split Tensile Strength,2.828,150x300mm Cylinder,T Strenth Reading 1000000.xlsx,Sheet1,832,False,3.091042453358316,4.58257569495584,1,13.815511557963774,21,3.091042453358316,441.0,9261.0
TS_BC_21d_032,EXP_TS_BC_21d,32,Bacterial Concrete,Inoculated,Bacillus subtilis,1000000,OPC 53 (UltraTech),21,Split Tensile Strength,3.062,150x300mm Cylinder,T Strenth Reading 1000000.xlsx,Sheet1,833,False,3.091042453358316,4.58257569495584,1,13.815511557963774,21,3.091042453358316,441.0,9261.0
TS_BC_21d_033,EXP_TS_BC_21d,33,Bacterial Concrete,Inoculated,Bacillus subtilis,1000000,OPC 53 (UltraTech),21,Split Tensile Strength,2.837,150x300mm Cylinder,T Strenth Reading 1000000.xlsx,Sheet1,834,False,3.091042453358316,4.58257569495584,1,13.815511557963774,21,3.091042453358316,441.0,9261.0
TS_BC_21d_034,EXP_TS_BC_21d,34,Bacterial Concrete,Inoculated,Bacillus subtilis,1000000,OPC 53 (UltraTech),21,Split Tensile Strength,2.725,150x300mm Cylinder,T Strenth Reading 1000000.xlsx,Sheet1,835,False,3.091042453358316,4.58257569495584,1,13.815511557963774,21,3.091042453358316,441.0,9261.0
TS_BC_21d_035,EXP_TS_BC_21d,35,Bacterial Concrete,Inoculated,Bacillus subtilis,1000000,OPC 53 (UltraTech),21,Split Tensile Strength,3.028,150x300mm Cylinder,T Strenth Reading 1000000.xlsx,Sheet1,836,False,3.091042453358316,4.58257569495584,1,13.815511557963774,21,3.091042453358316,441.0,9261.0
TS_BC_21d_036,EXP_TS_BC_21d,36,Bacterial Concrete,Inoculated,Bacillus subtilis,1000000,OPC 53 (UltraTech),21,Split Tensile Strength,2.897,150x300mm Cylinder,T Strenth Reading 1000000.xlsx,Sheet1,837,False,3.091042453358316,4.58257569495584,1,13.815511557963774,21,3.091042453358316,441.0,9261.0
TS_BC_21d_037,EXP_TS_BC_21d,37,Bacterial Concrete,Inoculated,Bacillus subtilis,1000000,OPC 53 (UltraTech),21,Split Tensile Strength,3.117,150x300mm Cylinder,T Strenth Reading 1000000.xlsx,Sheet1,838,False,3.091042453358316,4.58257569495584,1,13.815511557963774,21,3.091042453358316,441.0,9261.0
TS_BC_21d_038,EXP_TS_BC_21d,38,Bacterial Concrete,Inoculated,Bacillus subtilis,1000000,OPC 53 (UltraTech),21,Split Tensile Strength,3.034,150x300mm Cylinder,T Strenth Reading 1000000.xlsx,Sheet1,839,False,3.091042453358316,4.58257569495584,1,13.815511557963774,21,3.091042453358316,441.0,9261.0
TS_BC_21d_039,EXP_TS_BC_21d,39,Bacterial Concrete,Inoculated,Bacillus subtilis,1000000,OPC 53 (UltraTech),21,Split Tensile Strength,2.866,150x300mm Cylinder,T Strenth Reading 1000000.xlsx,Sheet1,840,False,3.091042453358316,4.58257569495584,1,13.815511557963774,21,3.091042453358316,441.0,9261.0
TS_BC_21d_040,EXP_TS_BC_21d,40,Bacterial Concrete,Inoculated,Bacillus subtilis,1000000,OPC 53 (UltraTech),21,Split Tensile Strength,2.833,150x300mm Cylinder,T Strenth Reading 1000000.xlsx,Sheet1,841,False,3.091042453358316,4.58257569495584,1,13.815511557963774,21,3.091042453358316,441.0,9261.0
TS_BC_21d_041,EXP_TS_BC_21d,41,Bacterial Concrete,Inoculated,Bacillus subtilis,1000000,OPC 53 (UltraTech),21,Split Tensile Strength,2.904,150x300mm Cylinder,T Strenth Reading 1000000.xlsx,Sheet1,842,False,3.091042453358316,4.58257569495584,1,13.815511557963774,21,3.091042453358316,441.0,9261.0
TS_BC_21d_042,EXP_TS_BC_21d,42,Bacterial Concrete,Inoculated,Bacillus subtilis,1000000,OPC 53 (UltraTech),21,Split Tensile Strength,2.929,150x300mm Cylinder,T Strenth Reading 1000000.xlsx,Sheet1,843,False,3.091042453358316,4.58257569495584,1,13.815511557963774,21,3.091042453358316,441.0,9261.0
TS_BC_21d_043,EXP_TS_BC_21d,43,Bacterial Concrete,Inoculated,Bacillus subtilis,1000000,OPC 53 (UltraTech),21,Split Tensile Strength,2.768,150x300mm Cylinder,T Strenth Reading 1000000.xlsx,Sheet1,844,False,3.091042453358316,4.58257569495584,1,13.815511557963774,21,3.091042453358316,441.0,9261.0
TS_BC_21d_044,EXP_TS_BC_21d,44,Bacterial Concrete,Inoculated,Bacillus subtilis,1000000,OPC 53 (UltraTech),21,Split Tensile Strength,3.026,150x300mm Cylinder,T Strenth Reading 1000000.xlsx,Sheet1,845,False,3.091042453358316,4.58257569495584,1,13.815511557963774,21,3.091042453358316,441.0,9261.0
TS_BC_21d_045,EXP_TS_BC_21d,45,Bacterial Concrete,Inoculated,Bacillus subtilis,1000000,OPC 53 (UltraTech),21,Split Tensile Strength,2.84,150x300mm Cylinder,T Strenth Reading 1000000.xlsx,Sheet1,846,False,3.091042453358316,4.58257569495584,1,13.815511557963774,21,3.091042453358316,441.0,9261.0
TS_BC_21d_046,EXP_TS_BC_21d,46,Bacterial Concrete,Inoculated,Bacillus subtilis,1000000,OPC 53 (UltraTech),21,Split Tensile Strength,2.837,150x300mm Cylinder,T Strenth Reading 1000000.xlsx,Sheet1,847,False,3.091042453358316,4.58257569495584,1,13.815511557963774,21,3.091042453358316,441.0,9261.0
TS_BC_21d_047,EXP_TS_BC_21d,47,Bacterial Concrete,Inoculated,Bacillus subtilis,1000000,OPC 53 (UltraTech),21,Split Tensile Strength,2.819,150x300mm Cylinder,T Strenth Reading 1000000.xlsx,Sheet1,848,False,3.091042453358316,4.58257569495584,1,13.815511557963774,21,3.091042453358316,441.0,9261.0
TS_BC_21d_048,EXP_TS_BC_21d,48,Bacterial Concrete,Inoculated,Bacillus subtilis,1000000,OPC 53 (UltraTech),21,Split Tensile Strength,2.935,150x300mm Cylinder,T Strenth Reading 1000000.xlsx,Sheet1,849,False,3.091042453358316,4.58257569495584,1,13.815511557963774,21,3.091042453358316,441.0,9261.0
TS_BC_21d_049,EXP_TS_BC_21d,49,Bacterial Concrete,Inoculated,Bacillus subtilis,1000000,OPC 53 (UltraTech),21,Split Tensile Strength,2.796,150x300mm Cylinder,T Strenth Reading 1000000.xlsx,Sheet1,850,False,3.091042453358316,4.58257569495584,1,13.815511557963774,21,3.091042453358316,441.0,9261.0
TS_BC_21d_050,EXP_TS_BC_21d,50,Bacterial Concrete,Inoculated,Bacillus subtilis,1000000,OPC 53 (UltraTech),21,Split Tensile Strength,2.92,150x300mm Cylinder,T Strenth Reading 1000000.xlsx,Sheet1,851,False,3.091042453358316,4.58257569495584,1,13.815511557963774,21,3.091042453358316,441.0,9261.0
TS_BC_21d_051,EXP_TS_BC_21d,51,Bacterial Concrete,Inoculated,Bacillus subtilis,1000000,OPC 53 (UltraTech),21,Split Tensile Strength,3.315,150x300mm Cylinder,T Strenth Reading 1000000.xlsx,Sheet1,852,False,3.091042453358316,4.58257569495584,1,13.815511557963774,21,3.091042453358316,441.0,9261.0
TS_BC_21d_052,EXP_TS_BC_21d,52,Bacterial Concrete,Inoculated,Bacillus subtilis,1000000,OPC 53 (UltraTech),21,Split Tensile Strength,2.892,150x300mm Cylinder,T Strenth Reading 1000000.xlsx,Sheet1,853,False,3.091042453358316,4.58257569495584,1,13.815511557963774,21,3.091042453358316,441.0,9261.0
TS_BC_21d_053,EXP_TS_BC_21d,53,Bacterial Concrete,Inoculated,Bacillus subtilis,1000000,OPC 53 (UltraTech),21,Split Tensile Strength,2.835,150x300mm Cylinder,T Strenth Reading 1000000.xlsx,Sheet1,854,False,3.091042453358316,4.58257569495584,1,13.815511557963774,21,3.091042453358316,441.0,9261.0
TS_BC_21d_054,EXP_TS_BC_21d,54,Bacterial Concrete,Inoculated,Bacillus subtilis,1000000,OPC 53 (UltraTech),21,Split Tensile Strength,2.65,150x300mm Cylinder,T Strenth Reading 1000000.xlsx,Sheet1,855,False,3.091042453358316,4.58257569495584,1,13.815511557963774,21,3.091042453358316,441.0,9261.0
TS_BC_21d_055,EXP_TS_BC_21d,55,Bacterial Concrete,Inoculated,Bacillus subtilis,1000000,OPC 53 (UltraTech),21,Split Tensile Strength,2.908,150x300mm Cylinder,T Strenth Reading 1000000.xlsx,Sheet1,856,False,3.091042453358316,4.58257569495584,1,13.815511557963774,21,3.091042453358316,441.0,9261.0
TS_BC_21d_056,EXP_TS_BC_21d,56,Bacterial Concrete,Inoculated,Bacillus subtilis,1000000,OPC 53 (UltraTech),21,Split Tensile Strength,2.734,150x300mm Cylinder,T Strenth Reading 1000000.xlsx,Sheet1,857,False,3.091042453358316,4.58257569495584,1,13.815511557963774,21,3.091042453358316,441.0,9261.0
TS_BC_21d_057,EXP_TS_BC_21d,57,Bacterial Concrete,Inoculated,Bacillus subtilis,1000000,OPC 53 (UltraTech),21,Split Tensile Strength,2.844,150x300mm Cylinder,T Strenth Reading 1000000.xlsx,Sheet1,858,False,3.091042453358316,4.58257569495584,1,13.815511557963774,21,3.091042453358316,441.0,9261.0
TS_BC_21d_058,EXP_TS_BC_21d,58,Bacterial Concrete,Inoculated,Bacillus subtilis,1000000,OPC 53 (UltraTech),21,Split Tensile Strength,2.923,150x300mm Cylinder,T Strenth Reading 1000000.xlsx,Sheet1,859,False,3.091042453358316,4.58257569495584,1,13.815511557963774,21,3.091042453358316,441.0,9261.0
TS_BC_21d_059,EXP_TS_BC_21d,59,Bacterial Concrete,Inoculated,Bacillus subtilis,1000000,OPC 53 (UltraTech),21,Split Tensile Strength,2.64,150x300mm Cylinder,T Strenth Reading 1000000.xlsx,Sheet1,860,False,3.091042453358316,4.58257569495584,1,13.815511557963774,21,3.091042453358316,441.0,9261.0
TS_BC_21d_060,EXP_TS_BC_21d,60,Bacterial Concrete,Inoculated,Bacillus subtilis,1000000,OPC 53 (UltraTech),21,Split Tensile Strength,2.924,150x300mm Cylinder,T Strenth Reading 1000000.xlsx,Sheet1,861,False,3.091042453358316,4.58257569495584,1,13.815511557963774,21,3.091042453358316,441.0,9261.0
TS_BC_21d_061,EXP_TS_BC_21d,61,Bacterial Concrete,Inoculated,Bacillus subtilis,1000000,OPC 53 (UltraTech),21,Split Tensile Strength,2.946,150x300mm Cylinder,T Strenth Reading 1000000.xlsx,Sheet1,862,False,3.091042453358316,4.58257569495584,1,13.815511557963774,21,3.091042453358316,441.0,9261.0
TS_BC_21d_062,EXP_TS_BC_21d,62,Bacterial Concrete,Inoculated,Bacillus subtilis,1000000,OPC 53 (UltraTech),21,Split Tensile Strength,2.705,150x300mm Cylinder,T Strenth Reading 1000000.xlsx,Sheet1,863,False,3.091042453358316,4.58257569495584,1,13.815511557963774,21,3.091042453358316,441.0,9261.0
TS_BC_21d_063,EXP_TS_BC_21d,63,Bacterial Concrete,Inoculated,Bacillus subtilis,1000000,OPC 53 (UltraTech),21,Split Tensile Strength,2.841,150x300mm Cylinder,T Strenth Reading 1000000.xlsx,Sheet1,864,False,3.091042453358316,4.58257569495584,1,13.815511557963774,21,3.091042453358316,441.0,9261.0
TS_BC_21d_064,EXP_TS_BC_21d,64,Bacterial Concrete,Inoculated,Bacillus subtilis,1000000,OPC 53 (UltraTech),21,Split Tensile Strength,2.625,150x300mm Cylinder,T Strenth Reading 1000000.xlsx,Sheet1,865,False,3.091042453358316,4.58257569495584,1,13.815511557963774,21,3.091042453358316,441.0,9261.0
TS_BC_21d_065,EXP_TS_BC_21d,65,Bacterial Concrete,Inoculated,Bacillus subtilis,1000000,OPC 53 (UltraTech),21,Split Tensile Strength,3.136,150x300mm Cylinder,T Strenth Reading 1000000.xlsx,Sheet1,866,False,3.091042453358316,4.58257569495584,1,13.815511557963774,21,3.091042453358316,441.0,9261.0
TS_BC_21d_066,EXP_TS_BC_21d,66,Bacterial Concrete,Inoculated,Bacillus subtilis,1000000,OPC 53 (UltraTech),21,Split Tensile Strength,2.95,150x300mm Cylinder,T Strenth Reading 1000000.xlsx,Sheet1,867,False,3.091042453358316,4.58257569495584,1,13.815511557963774,21,3.091042453358316,441.0,9261.0
TS_BC_21d_067,EXP_TS_BC_21d,67,Bacterial Concrete,Inoculated,Bacillus subtilis,1000000,OPC 53 (UltraTech),21,Split Tensile Strength,2.873,150x300mm Cylinder,T Strenth Reading 1000000.xlsx,Sheet1,868,False,3.091042453358316,4.58257569495584,1,13.815511557963774,21,3.091042453358316,441.0,9261.0
TS_BC_21d_068,EXP_TS_BC_21d,68,Bacterial Concrete,Inoculated,Bacillus subtilis,1000000,OPC 53 (UltraTech),21,Split Tensile Strength,2.875,150x300mm Cylinder,T Strenth Reading 1000000.xlsx,Sheet1,869,False,3.091042453358316,4.58257569495584,1,13.815511557963774,21,3.091042453358316,441.0,9261.0
TS_BC_21d_069,EXP_TS_BC_21d,69,Bacterial Concrete,Inoculated,Bacillus subtilis,1000000,OPC 53 (UltraTech),21,Split Tensile Strength,3.07,150x300mm Cylinder,T Strenth Reading 1000000.xlsx,Sheet1,870,False,3.091042453358316,4.58257569495584,1,13.815511557963774,21,3.091042453358316,441.0,9261.0
TS_BC_21d_070,EXP_TS_BC_21d,70,Bacterial Concrete,Inoculated,Bacillus subtilis,1000000,OPC 53 (UltraTech),21,Split Tensile Strength,2.886,150x300mm Cylinder,T Strenth Reading 1000000.xlsx,Sheet1,871,False,3.091042453358316,4.58257569495584,1,13.815511557963774,21,3.091042453358316,441.0,9261.0
TS_BC_21d_071,EXP_TS_BC_21d,71,Bacterial Concrete,Inoculated,Bacillus subtilis,1000000,OPC 53 (UltraTech),21,Split Tensile Strength,2.95,150x300mm Cylinder,T Strenth Reading 1000000.xlsx,Sheet1,872,False,3.091042453358316,4.58257569495584,1,13.815511557963774,21,3.091042453358316,441.0,9261.0
TS_BC_21d_072,EXP_TS_BC_21d,72,Bacterial Concrete,Inoculated,Bacillus subtilis,1000000,OPC 53 (UltraTech),21,Split Tensile Strength,3.128,150x300mm Cylinder,T Strenth Reading 1000000.xlsx,Sheet1,873,False,3.091042453358316,4.58257569495584,1,13.815511557963774,21,3.091042453358316,441.0,9261.0
TS_BC_21d_073,EXP_TS_BC_21d,73,Bacterial Concrete,Inoculated,Bacillus subtilis,1000000,OPC 53 (UltraTech),21,Split Tensile Strength,2.848,150x300mm Cylinder,T Strenth Reading 1000000.xlsx,Sheet1,874,False,3.091042453358316,4.58257569495584,1,13.815511557963774,21,3.091042453358316,441.0,9261.0
TS_BC_21d_074,EXP_TS_BC_21d,74,Bacterial Concrete,Inoculated,Bacillus subtilis,1000000,OPC 53 (UltraTech),21,Split Tensile Strength,2.736,150x300mm Cylinder,T Strenth Reading 1000000.xlsx,Sheet1,875,False,3.091042453358316,4.58257569495584,1,13.815511557963774,21,3.091042453358316,441.0,9261.0
TS_BC_21d_075,EXP_TS_BC_21d,75,Bacterial Concrete,Inoculated,Bacillus subtilis,1000000,OPC 53 (UltraTech),21,Split Tensile Strength,2.776,150x300mm Cylinder,T Strenth Reading 1000000.xlsx,Sheet1,876,False,3.091042453358316,4.58257569495584,1,13.815511557963774,21,3.091042453358316,441.0,9261.0
TS_BC_21d_076,EXP_TS_BC_21d,76,Bacterial Concrete,Inoculated,Bacillus subtilis,1000000,OPC 53 (UltraTech),21,Split Tensile Strength,3.114,150x300mm Cylinder,T Strenth Reading 1000000.xlsx,Sheet1,877,False,3.091042453358316,4.58257569495584,1,13.815511557963774,21,3.091042453358316,441.0,9261.0
TS_BC_21d_077,EXP_TS_BC_21d,77,Bacterial Concrete,Inoculated,Bacillus subtilis,1000000,OPC 53 (UltraTech),21,Split Tensile Strength,2.914,150x300mm Cylinder,T Strenth Reading 1000000.xlsx,Sheet1,878,False,3.091042453358316,4.58257569495584,1,13.815511557963774,21,3.091042453358316,441.0,9261.0
TS_BC_21d_078,EXP_TS_BC_21d,78,Bacterial Concrete,Inoculated,Bacillus subtilis,1000000,OPC 53 (UltraTech),21,Split Tensile Strength,2.825,150x300mm Cylinder,T Strenth Reading 1000000.xlsx,Sheet1,879,False,3.091042453358316,4.58257569495584,1,13.815511557963774,21,3.091042453358316,441.0,9261.0
TS_BC_21d_079,EXP_TS_BC_21d,79,Bacterial Concrete,Inoculated,Bacillus subtilis,1000000,OPC 53 (UltraTech),21,Split Tensile Strength,3.046,150x300mm Cylinder,T Strenth Reading 1000000.xlsx,Sheet1,880,False,3.091042453358316,4.58257569495584,1,13.815511557963774,21,3.091042453358316,441.0,9261.0
TS_BC_21d_080,EXP_TS_BC_21d,80,Bacterial Concrete,Inoculated,Bacillus subtilis,1000000,OPC 53 (UltraTech),21,Split Tensile Strength,3.05,150x300mm Cylinder,T Strenth Reading 1000000.xlsx,Sheet1,881,False,3.091042453358316,4.58257569495584,1,13.815511557963774,21,3.091042453358316,441.0,9261.0
TS_BC_21d_081,EXP_TS_BC_21d,81,Bacterial Concrete,Inoculated,Bacillus subtilis,1000000,OPC 53 (UltraTech),21,Split Tensile Strength,2.829,150x300mm Cylinder,T Strenth Reading 1000000.xlsx,Sheet1,882,False,3.091042453358316,4.58257569495584,1,13.815511557963774,21,3.091042453358316,441.0,9261.0
TS_BC_21d_082,EXP_TS_BC_21d,82,Bacterial Concrete,Inoculated,Bacillus subtilis,1000000,OPC 53 (UltraTech),21,Split Tensile Strength,2.754,150x300mm Cylinder,T Strenth Reading 1000000.xlsx,Sheet1,883,False,3.091042453358316,4.58257569495584,1,13.815511557963774,21,3.091042453358316,441.0,9261.0
TS_BC_21d_083,EXP_TS_BC_21d,83,Bacterial Concrete,Inoculated,Bacillus subtilis,1000000,OPC 53 (UltraTech),21,Split Tensile Strength,2.664,150x300mm Cylinder,T Strenth Reading 1000000.xlsx,Sheet1,884,False,3.091042453358316,4.58257569495584,1,13.815511557963774,21,3.091042453358316,441.0,9261.0
TS_BC_21d_084,EXP_TS_BC_21d,84,Bacterial Concrete,Inoculated,Bacillus subtilis,1000000,OPC 53 (UltraTech),21,Split Tensile Strength,2.631,150x300mm Cylinder,T Strenth Reading 1000000.xlsx,Sheet1,885,False,3.091042453358316,4.58257569495584,1,13.815511557963774,21,3.091042453358316,441.0,9261.0
TS_BC_21d_085,EXP_TS_BC_21d,85,Bacterial Concrete,Inoculated,Bacillus subtilis,1000000,OPC 53 (UltraTech),21,Split Tensile Strength,2.86,150x300mm Cylinder,T Strenth Reading 1000000.xlsx,Sheet1,886,False,3.091042453358316,4.58257569495584,1,13.815511557963774,21,3.091042453358316,441.0,9261.0
TS_BC_21d_086,EXP_TS_BC_21d,86,Bacterial Concrete,Inoculated,Bacillus subtilis,1000000,OPC 53 (UltraTech),21,Split Tensile Strength,2.766,150x300mm Cylinder,T Strenth Reading 1000000.xlsx,Sheet1,887,False,3.091042453358316,4.58257569495584,1,13.815511557963774,21,3.091042453358316,441.0,9261.0
TS_BC_21d_087,EXP_TS_BC_21d,87,Bacterial Concrete,Inoculated,Bacillus subtilis,1000000,OPC 53 (UltraTech),21,Split Tensile Strength,3.179,150x300mm Cylinder,T Strenth Reading 1000000.xlsx,Sheet1,888,False,3.091042453358316,4.58257569495584,1,13.815511557963774,21,3.091042453358316,441.0,9261.0
TS_BC_21d_088,EXP_TS_BC_21d,88,Bacterial Concrete,Inoculated,Bacillus subtilis,1000000,OPC 53 (UltraTech),21,Split Tensile Strength,2.909,150x300mm Cylinder,T Strenth Reading 1000000.xlsx,Sheet1,889,False,3.091042453358316,4.58257569495584,1,13.815511557963774,21,3.091042453358316,441.0,9261.0
TS_BC_21d_089,EXP_TS_BC_21d,89,Bacterial Concrete,Inoculated,Bacillus subtilis,1000000,OPC 53 (UltraTech),21,Split Tensile Strength,2.609,150x300mm Cylinder,T Strenth Reading 1000000.xlsx,Sheet1,890,False,3.091042453358316,4.58257569495584,1,13.815511557963774,21,3.091042453358316,441.0,9261.0
TS_BC_21d_090,EXP_TS_BC_21d,90,Bacterial Concrete,Inoculated,Bacillus subtilis,1000000,OPC 53 (UltraTech),21,Split Tensile Strength,3.113,150x300mm Cylinder,T Strenth Reading 1000000.xlsx,Sheet1,891,False,3.091042453358316,4.58257569495584,1,13.815511557963774,21,3.091042453358316,441.0,9261.0
TS_BC_21d_091,EXP_TS_BC_21d,91,Bacterial Concrete,Inoculated,Bacillus subtilis,1000000,OPC 53 (UltraTech),21,Split Tensile Strength,2.924,150x300mm Cylinder,T Strenth Reading 1000000.xlsx,Sheet1,892,False,3.091042453358316,4.58257569495584,1,13.815511557963774,21,3.091042453358316,441.0,9261.0
TS_BC_21d_092,EXP_TS_BC_21d,92,Bacterial Concrete,Inoculated,Bacillus subtilis,1000000,OPC 53 (UltraTech),21,Split Tensile Strength,3.006,150x300mm Cylinder,T Strenth Reading 1000000.xlsx,Sheet1,893,False,3.091042453358316,4.58257569495584,1,13.815511557963774,21,3.091042453358316,441.0,9261.0
TS_BC_21d_093,EXP_TS_BC_21d,93,Bacterial Concrete,Inoculated,Bacillus subtilis,1000000,OPC 53 (UltraTech),21,Split Tensile Strength,3.002,150x300mm Cylinder,T Strenth Reading 1000000.xlsx,Sheet1,894,False,3.091042453358316,4.58257569495584,1,13.815511557963774,21,3.091042453358316,441.0,9261.0
TS_BC_21d_094,EXP_TS_BC_21d,94,Bacterial Concrete,Inoculated,Bacillus subtilis,1000000,OPC 53 (UltraTech),21,Split Tensile Strength,2.944,150x300mm Cylinder,T Strenth Reading 1000000.xlsx,Sheet1,895,False,3.091042453358316,4.58257569495584,1,13.815511557963774,21,3.091042453358316,441.0,9261.0
TS_BC_21d_095,EXP_TS_BC_21d,95,Bacterial Concrete,Inoculated,Bacillus subtilis,1000000,OPC 53 (UltraTech),21,Split Tensile Strength,2.979,150x300mm Cylinder,T Strenth Reading 1000000.xlsx,Sheet1,896,False,3.091042453358316,4.58257569495584,1,13.815511557963774,21,3.091042453358316,441.0,9261.0
TS_BC_21d_096,EXP_TS_BC_21d,96,Bacterial Concrete,Inoculated,Bacillus subtilis,1000000,OPC 53 (UltraTech),21,Split Tensile Strength,2.936,150x300mm Cylinder,T Strenth Reading 1000000.xlsx,Sheet1,897,False,3.091042453358316,4.58257569495584,1,13.815511557963774,21,3.091042453358316,441.0,9261.0
TS_BC_21d_097,EXP_TS_BC_21d,97,Bacterial Concrete,Inoculated,Bacillus subtilis,1000000,OPC 53 (UltraTech),21,Split Tensile Strength,2.734,150x300mm Cylinder,T Strenth Reading 1000000.xlsx,Sheet1,898,False,3.091042453358316,4.58257569495584,1,13.815511557963774,21,3.091042453358316,441.0,9261.0
TS_BC_21d_098,EXP_TS_BC_21d,98,Bacterial Concrete,Inoculated,Bacillus subtilis,1000000,OPC 53 (UltraTech),21,Split Tensile Strength,2.955,150x300mm Cylinder,T Strenth Reading 1000000.xlsx,Sheet1,899,False,3.091042453358316,4.58257569495584,1,13.815511557963774,21,3.091042453358316,441.0,9261.0
TS_BC_21d_099,EXP_TS_BC_21d,99,Bacterial Concrete,Inoculated,Bacillus subtilis,1000000,OPC 53 (UltraTech),21,Split Tensile Strength,3.054,150x300mm Cylinder,T Strenth Reading 1000000.xlsx,Sheet1,900,False,3.091042453358316,4.58257569495584,1,13.815511557963774,21,3.091042453358316,441.0,9261.0
TS_BC_21d_100,EXP_TS_BC_21d,100,Bacterial Concrete,Inoculated,Bacillus subtilis,1000000,OPC 53 (UltraTech),21,Split Tensile Strength,2.868,150x300mm Cylinder,T Strenth Reading 1000000.xlsx,Sheet1,901,False,3.091042453358316,4.58257569495584,1,13.815511557963774,21,3.091042453358316,441.0,9261.0
TS_BC_28d_001,EXP_TS_BC_28d,1,Bacterial Concrete,Inoculated,Bacillus subtilis,1000000,OPC 53 (UltraTech),28,Split Tensile Strength,3.283,150x300mm Cylinder,T Strenth Reading 1000000.xlsx,Sheet1,902,False,3.367295829986474,5.291502622129181,1,13.815511557963774,28,3.367295829986474,784.0,21952.0
TS_BC_28d_002,EXP_TS_BC_28d,2,Bacterial Concrete,Inoculated,Bacillus subtilis,1000000,OPC 53 (UltraTech),28,Split Tensile Strength,3.263,150x300mm Cylinder,T Strenth Reading 1000000.xlsx,Sheet1,903,False,3.367295829986474,5.291502622129181,1,13.815511557963774,28,3.367295829986474,784.0,21952.0
TS_BC_28d_003,EXP_TS_BC_28d,3,Bacterial Concrete,Inoculated,Bacillus subtilis,1000000,OPC 53 (UltraTech),28,Split Tensile Strength,3.472,150x300mm Cylinder,T Strenth Reading 1000000.xlsx,Sheet1,904,False,3.367295829986474,5.291502622129181,1,13.815511557963774,28,3.367295829986474,784.0,21952.0
TS_BC_28d_004,EXP_TS_BC_28d,4,Bacterial Concrete,Inoculated,Bacillus subtilis,1000000,OPC 53 (UltraTech),28,Split Tensile Strength,3.162,150x300mm Cylinder,T Strenth Reading 1000000.xlsx,Sheet1,905,False,3.367295829986474,5.291502622129181,1,13.815511557963774,28,3.367295829986474,784.0,21952.0
TS_BC_28d_005,EXP_TS_BC_28d,5,Bacterial Concrete,Inoculated,Bacillus subtilis,1000000,OPC 53 (UltraTech),28,Split Tensile Strength,3.156,150x300mm Cylinder,T Strenth Reading 1000000.xlsx,Sheet1,906,False,3.367295829986474,5.291502622129181,1,13.815511557963774,28,3.367295829986474,784.0,21952.0
TS_BC_28d_006,EXP_TS_BC_28d,6,Bacterial Concrete,Inoculated,Bacillus subtilis,1000000,OPC 53 (UltraTech),28,Split Tensile Strength,3.182,150x300mm Cylinder,T Strenth Reading 1000000.xlsx,Sheet1,907,False,3.367295829986474,5.291502622129181,1,13.815511557963774,28,3.367295829986474,784.0,21952.0
TS_BC_28d_007,EXP_TS_BC_28d,7,Bacterial Concrete,Inoculated,Bacillus subtilis,1000000,OPC 53 (UltraTech),28,Split Tensile Strength,3.185,150x300mm Cylinder,T Strenth Reading 1000000.xlsx,Sheet1,908,False,3.367295829986474,5.291502622129181,1,13.815511557963774,28,3.367295829986474,784.0,21952.0
TS_BC_28d_008,EXP_TS_BC_28d,8,Bacterial Concrete,Inoculated,Bacillus subtilis,1000000,OPC 53 (UltraTech),28,Split Tensile Strength,2.859,150x300mm Cylinder,T Strenth Reading 1000000.xlsx,Sheet1,909,False,3.367295829986474,5.291502622129181,1,13.815511557963774,28,3.367295829986474,784.0,21952.0
TS_BC_28d_009,EXP_TS_BC_28d,9,Bacterial Concrete,Inoculated,Bacillus subtilis,1000000,OPC 53 (UltraTech),28,Split Tensile Strength,3.104,150x300mm Cylinder,T Strenth Reading 1000000.xlsx,Sheet1,910,False,3.367295829986474,5.291502622129181,1,13.815511557963774,28,3.367295829986474,784.0,21952.0
TS_BC_28d_010,EXP_TS_BC_28d,10,Bacterial Concrete,Inoculated,Bacillus subtilis,1000000,OPC 53 (UltraTech),28,Split Tensile Strength,3.245,150x300mm Cylinder,T Strenth Reading 1000000.xlsx,Sheet1,911,False,3.367295829986474,5.291502622129181,1,13.815511557963774,28,3.367295829986474,784.0,21952.0
TS_BC_28d_011,EXP_TS_BC_28d,11,Bacterial Concrete,Inoculated,Bacillus subtilis,1000000,OPC 53 (UltraTech),28,Split Tensile Strength,3.199,150x300mm Cylinder,T Strenth Reading 1000000.xlsx,Sheet1,912,False,3.367295829986474,5.291502622129181,1,13.815511557963774,28,3.367295829986474,784.0,21952.0
TS_BC_28d_012,EXP_TS_BC_28d,12,Bacterial Concrete,Inoculated,Bacillus subtilis,1000000,OPC 53 (UltraTech),28,Split Tensile Strength,3.08,150x300mm Cylinder,T Strenth Reading 1000000.xlsx,Sheet1,913,False,3.367295829986474,5.291502622129181,1,13.815511557963774,28,3.367295829986474,784.0,21952.0
TS_BC_28d_013,EXP_TS_BC_28d,13,Bacterial Concrete,Inoculated,Bacillus subtilis,1000000,OPC 53 (UltraTech),28,Split Tensile Strength,3.1,150x300mm Cylinder,T Strenth Reading 1000000.xlsx,Sheet1,914,False,3.367295829986474,5.291502622129181,1,13.815511557963774,28,3.367295829986474,784.0,21952.0
TS_BC_28d_014,EXP_TS_BC_28d,14,Bacterial Concrete,Inoculated,Bacillus subtilis,1000000,OPC 53 (UltraTech),28,Split Tensile Strength,3.147,150x300mm Cylinder,T Strenth Reading 1000000.xlsx,Sheet1,915,False,3.367295829986474,5.291502622129181,1,13.815511557963774,28,3.367295829986474,784.0,21952.0
TS_BC_28d_015,EXP_TS_BC_28d,15,Bacterial Concrete,Inoculated,Bacillus subtilis,1000000,OPC 53 (UltraTech),28,Split Tensile Strength,3.08,150x300mm Cylinder,T Strenth Reading 1000000.xlsx,Sheet1,916,False,3.367295829986474,5.291502622129181,1,13.815511557963774,28,3.367295829986474,784.0,21952.0
TS_BC_28d_016,EXP_TS_BC_28d,16,Bacterial Concrete,Inoculated,Bacillus subtilis,1000000,OPC 53 (UltraTech),28,Split Tensile Strength,3.123,150x300mm Cylinder,T Strenth Reading 1000000.xlsx,Sheet1,917,False,3.367295829986474,5.291502622129181,1,13.815511557963774,28,3.367295829986474,784.0,21952.0
TS_BC_28d_017,EXP_TS_BC_28d,17,Bacterial Concrete,Inoculated,Bacillus subtilis,1000000,OPC 53 (UltraTech),28,Split Tensile Strength,3.119,150x300mm Cylinder,T Strenth Reading 1000000.xlsx,Sheet1,918,False,3.367295829986474,5.291502622129181,1,13.815511557963774,28,3.367295829986474,784.0,21952.0
TS_BC_28d_018,EXP_TS_BC_28d,18,Bacterial Concrete,Inoculated,Bacillus subtilis,1000000,OPC 53 (UltraTech),28,Split Tensile Strength,3.334,150x300mm Cylinder,T Strenth Reading 1000000.xlsx,Sheet1,919,False,3.367295829986474,5.291502622129181,1,13.815511557963774,28,3.367295829986474,784.0,21952.0
TS_BC_28d_019,EXP_TS_BC_28d,19,Bacterial Concrete,Inoculated,Bacillus subtilis,1000000,OPC 53 (UltraTech),28,Split Tensile Strength,3.352,150x300mm Cylinder,T Strenth Reading 1000000.xlsx,Sheet1,920,False,3.367295829986474,5.291502622129181,1,13.815511557963774,28,3.367295829986474,784.0,21952.0
TS_BC_28d_020,EXP_TS_BC_28d,20,Bacterial Concrete,Inoculated,Bacillus subtilis,1000000,OPC 53 (UltraTech),28,Split Tensile Strength,3.34,150x300mm Cylinder,T Strenth Reading 1000000.xlsx,Sheet1,921,False,3.367295829986474,5.291502622129181,1,13.815511557963774,28,3.367295829986474,784.0,21952.0
TS_BC_28d_021,EXP_TS_BC_28d,21,Bacterial Concrete,Inoculated,Bacillus subtilis,1000000,OPC 53 (UltraTech),28,Split Tensile Strength,3.264,150x300mm Cylinder,T Strenth Reading 1000000.xlsx,Sheet1,922,False,3.367295829986474,5.291502622129181,1,13.815511557963774,28,3.367295829986474,784.0,21952.0
TS_BC_28d_022,EXP_TS_BC_28d,22,Bacterial Concrete,Inoculated,Bacillus subtilis,1000000,OPC 53 (UltraTech),28,Split Tensile Strength,3.094,150x300mm Cylinder,T Strenth Reading 1000000.xlsx,Sheet1,923,False,3.367295829986474,5.291502622129181,1,13.815511557963774,28,3.367295829986474,784.0,21952.0
TS_BC_28d_023,EXP_TS_BC_28d,23,Bacterial Concrete,Inoculated,Bacillus subtilis,1000000,OPC 53 (UltraTech),28,Split Tensile Strength,3.344,150x300mm Cylinder,T Strenth Reading 1000000.xlsx,Sheet1,924,False,3.367295829986474,5.291502622129181,1,13.815511557963774,28,3.367295829986474,784.0,21952.0
TS_BC_28d_024,EXP_TS_BC_28d,24,Bacterial Concrete,Inoculated,Bacillus subtilis,1000000,OPC 53 (UltraTech),28,Split Tensile Strength,3.153,150x300mm Cylinder,T Strenth Reading 1000000.xlsx,Sheet1,925,False,3.367295829986474,5.291502622129181,1,13.815511557963774,28,3.367295829986474,784.0,21952.0
TS_BC_28d_025,EXP_TS_BC_28d,25,Bacterial Concrete,Inoculated,Bacillus subtilis,1000000,OPC 53 (UltraTech),28,Split Tensile Strength,3.203,150x300mm Cylinder,T Strenth Reading 1000000.xlsx,Sheet1,926,False,3.367295829986474,5.291502622129181,1,13.815511557963774,28,3.367295829986474,784.0,21952.0
TS_BC_28d_026,EXP_TS_BC_28d,26,Bacterial Concrete,Inoculated,Bacillus subtilis,1000000,OPC 53 (UltraTech),28,Split Tensile Strength,3.401,150x300mm Cylinder,T Strenth Reading 1000000.xlsx,Sheet1,927,False,3.367295829986474,5.291502622129181,1,13.815511557963774,28,3.367295829986474,784.0,21952.0
TS_BC_28d_027,EXP_TS_BC_28d,27,Bacterial Concrete,Inoculated,Bacillus subtilis,1000000,OPC 53 (UltraTech),28,Split Tensile Strength,3.213,150x300mm Cylinder,T Strenth Reading 1000000.xlsx,Sheet1,928,False,3.367295829986474,5.291502622129181,1,13.815511557963774,28,3.367295829986474,784.0,21952.0
TS_BC_28d_028,EXP_TS_BC_28d,28,Bacterial Concrete,Inoculated,Bacillus subtilis,1000000,OPC 53 (UltraTech),28,Split Tensile Strength,3.237,150x300mm Cylinder,T Strenth Reading 1000000.xlsx,Sheet1,929,False,3.367295829986474,5.291502622129181,1,13.815511557963774,28,3.367295829986474,784.0,21952.0
TS_BC_28d_029,EXP_TS_BC_28d,29,Bacterial Concrete,Inoculated,Bacillus subtilis,1000000,OPC 53 (UltraTech),28,Split Tensile Strength,2.988,150x300mm Cylinder,T Strenth Reading 1000000.xlsx,Sheet1,930,False,3.367295829986474,5.291502622129181,1,13.815511557963774,28,3.367295829986474,784.0,21952.0
TS_BC_28d_030,EXP_TS_BC_28d,30,Bacterial Concrete,Inoculated,Bacillus subtilis,1000000,OPC 53 (UltraTech),28,Split Tensile Strength,3.273,150x300mm Cylinder,T Strenth Reading 1000000.xlsx,Sheet1,931,False,3.367295829986474,5.291502622129181,1,13.815511557963774,28,3.367295829986474,784.0,21952.0
TS_BC_28d_031,EXP_TS_BC_28d,31,Bacterial Concrete,Inoculated,Bacillus subtilis,1000000,OPC 53 (UltraTech),28,Split Tensile Strength,3.053,150x300mm Cylinder,T Strenth Reading 1000000.xlsx,Sheet1,932,False,3.367295829986474,5.291502622129181,1,13.815511557963774,28,3.367295829986474,784.0,21952.0
TS_BC_28d_032,EXP_TS_BC_28d,32,Bacterial Concrete,Inoculated,Bacillus subtilis,1000000,OPC 53 (UltraTech),28,Split Tensile Strength,3.352,150x300mm Cylinder,T Strenth Reading 1000000.xlsx,Sheet1,933,False,3.367295829986474,5.291502622129181,1,13.815511557963774,28,3.367295829986474,784.0,21952.0
TS_BC_28d_033,EXP_TS_BC_28d,33,Bacterial Concrete,Inoculated,Bacillus subtilis,1000000,OPC 53 (UltraTech),28,Split Tensile Strength,3.172,150x300mm Cylinder,T Strenth Reading 1000000.xlsx,Sheet1,934,False,3.367295829986474,5.291502622129181,1,13.815511557963774,28,3.367295829986474,784.0,21952.0
TS_BC_28d_034,EXP_TS_BC_28d,34,Bacterial Concrete,Inoculated,Bacillus subtilis,1000000,OPC 53 (UltraTech),28,Split Tensile Strength,2.865,150x300mm Cylinder,T Strenth Reading 1000000.xlsx,Sheet1,935,False,3.367295829986474,5.291502622129181,1,13.815511557963774,28,3.367295829986474,784.0,21952.0
TS_BC_28d_035,EXP_TS_BC_28d,35,Bacterial Concrete,Inoculated,Bacillus subtilis,1000000,OPC 53 (UltraTech),28,Split Tensile Strength,3.146,150x300mm Cylinder,T Strenth Reading 1000000.xlsx,Sheet1,936,False,3.367295829986474,5.291502622129181,1,13.815511557963774,28,3.367295829986474,784.0,21952.0
TS_BC_28d_036,EXP_TS_BC_28d,36,Bacterial Concrete,Inoculated,Bacillus subtilis,1000000,OPC 53 (UltraTech),28,Split Tensile Strength,3.166,150x300mm Cylinder,T Strenth Reading 1000000.xlsx,Sheet1,937,False,3.367295829986474,5.291502622129181,1,13.815511557963774,28,3.367295829986474,784.0,21952.0
TS_BC_28d_037,EXP_TS_BC_28d,37,Bacterial Concrete,Inoculated,Bacillus subtilis,1000000,OPC 53 (UltraTech),28,Split Tensile Strength,3.273,150x300mm Cylinder,T Strenth Reading 1000000.xlsx,Sheet1,938,False,3.367295829986474,5.291502622129181,1,13.815511557963774,28,3.367295829986474,784.0,21952.0
TS_BC_28d_038,EXP_TS_BC_28d,38,Bacterial Concrete,Inoculated,Bacillus subtilis,1000000,OPC 53 (UltraTech),28,Split Tensile Strength,3.301,150x300mm Cylinder,T Strenth Reading 1000000.xlsx,Sheet1,939,False,3.367295829986474,5.291502622129181,1,13.815511557963774,28,3.367295829986474,784.0,21952.0
TS_BC_28d_039,EXP_TS_BC_28d,39,Bacterial Concrete,Inoculated,Bacillus subtilis,1000000,OPC 53 (UltraTech),28,Split Tensile Strength,3.151,150x300mm Cylinder,T Strenth Reading 1000000.xlsx,Sheet1,940,False,3.367295829986474,5.291502622129181,1,13.815511557963774,28,3.367295829986474,784.0,21952.0
TS_BC_28d_040,EXP_TS_BC_28d,40,Bacterial Concrete,Inoculated,Bacillus subtilis,1000000,OPC 53 (UltraTech),28,Split Tensile Strength,3.352,150x300mm Cylinder,T Strenth Reading 1000000.xlsx,Sheet1,941,False,3.367295829986474,5.291502622129181,1,13.815511557963774,28,3.367295829986474,784.0,21952.0
TS_BC_28d_041,EXP_TS_BC_28d,41,Bacterial Concrete,Inoculated,Bacillus subtilis,1000000,OPC 53 (UltraTech),28,Split Tensile Strength,2.725,150x300mm Cylinder,T Strenth Reading 1000000.xlsx,Sheet1,942,False,3.367295829986474,5.291502622129181,1,13.815511557963774,28,3.367295829986474,784.0,21952.0
TS_BC_28d_042,EXP_TS_BC_28d,42,Bacterial Concrete,Inoculated,Bacillus subtilis,1000000,OPC 53 (UltraTech),28,Split Tensile Strength,3.093,150x300mm Cylinder,T Strenth Reading 1000000.xlsx,Sheet1,943,False,3.367295829986474,5.291502622129181,1,13.815511557963774,28,3.367295829986474,784.0,21952.0
TS_BC_28d_043,EXP_TS_BC_28d,43,Bacterial Concrete,Inoculated,Bacillus subtilis,1000000,OPC 53 (UltraTech),28,Split Tensile Strength,3.033,150x300mm Cylinder,T Strenth Reading 1000000.xlsx,Sheet1,944,False,3.367295829986474,5.291502622129181,1,13.815511557963774,28,3.367295829986474,784.0,21952.0
TS_BC_28d_044,EXP_TS_BC_28d,44,Bacterial Concrete,Inoculated,Bacillus subtilis,1000000,OPC 53 (UltraTech),28,Split Tensile Strength,3.012,150x300mm Cylinder,T Strenth Reading 1000000.xlsx,Sheet1,945,False,3.367295829986474,5.291502622129181,1,13.815511557963774,28,3.367295829986474,784.0,21952.0
TS_BC_28d_045,EXP_TS_BC_28d,45,Bacterial Concrete,Inoculated,Bacillus subtilis,1000000,OPC 53 (UltraTech),28,Split Tensile Strength,3.344,150x300mm Cylinder,T Strenth Reading 1000000.xlsx,Sheet1,946,False,3.367295829986474,5.291502622129181,1,13.815511557963774,28,3.367295829986474,784.0,21952.0
TS_BC_28d_046,EXP_TS_BC_28d,46,Bacterial Concrete,Inoculated,Bacillus subtilis,1000000,OPC 53 (UltraTech),28,Split Tensile Strength,3.324,150x300mm Cylinder,T Strenth Reading 1000000.xlsx,Sheet1,947,False,3.367295829986474,5.291502622129181,1,13.815511557963774,28,3.367295829986474,784.0,21952.0
TS_BC_28d_047,EXP_TS_BC_28d,47,Bacterial Concrete,Inoculated,Bacillus subtilis,1000000,OPC 53 (UltraTech),28,Split Tensile Strength,3.084,150x300mm Cylinder,T Strenth Reading 1000000.xlsx,Sheet1,948,False,3.367295829986474,5.291502622129181,1,13.815511557963774,28,3.367295829986474,784.0,21952.0
TS_BC_28d_048,EXP_TS_BC_28d,48,Bacterial Concrete,Inoculated,Bacillus subtilis,1000000,OPC 53 (UltraTech),28,Split Tensile Strength,3.377,150x300mm Cylinder,T Strenth Reading 1000000.xlsx,Sheet1,949,False,3.367295829986474,5.291502622129181,1,13.815511557963774,28,3.367295829986474,784.0,21952.0
TS_BC_28d_049,EXP_TS_BC_28d,49,Bacterial Concrete,Inoculated,Bacillus subtilis,1000000,OPC 53 (UltraTech),28,Split Tensile Strength,3.215,150x300mm Cylinder,T Strenth Reading 1000000.xlsx,Sheet1,950,False,3.367295829986474,5.291502622129181,1,13.815511557963774,28,3.367295829986474,784.0,21952.0
TS_BC_28d_050,EXP_TS_BC_28d,50,Bacterial Concrete,Inoculated,Bacillus subtilis,1000000,OPC 53 (UltraTech),28,Split Tensile Strength,3.137,150x300mm Cylinder,T Strenth Reading 1000000.xlsx,Sheet1,951,False,3.367295829986474,5.291502622129181,1,13.815511557963774,28,3.367295829986474,784.0,21952.0
TS_BC_28d_051,EXP_TS_BC_28d,51,Bacterial Concrete,Inoculated,Bacillus subtilis,1000000,OPC 53 (UltraTech),28,Split Tensile Strength,3.096,150x300mm Cylinder,T Strenth Reading 1000000.xlsx,Sheet1,952,False,3.367295829986474,5.291502622129181,1,13.815511557963774,28,3.367295829986474,784.0,21952.0
TS_BC_28d_052,EXP_TS_BC_28d,52,Bacterial Concrete,Inoculated,Bacillus subtilis,1000000,OPC 53 (UltraTech),28,Split Tensile Strength,3.083,150x300mm Cylinder,T Strenth Reading 1000000.xlsx,Sheet1,953,False,3.367295829986474,5.291502622129181,1,13.815511557963774,28,3.367295829986474,784.0,21952.0
TS_BC_28d_053,EXP_TS_BC_28d,53,Bacterial Concrete,Inoculated,Bacillus subtilis,1000000,OPC 53 (UltraTech),28,Split Tensile Strength,3.271,150x300mm Cylinder,T Strenth Reading 1000000.xlsx,Sheet1,954,False,3.367295829986474,5.291502622129181,1,13.815511557963774,28,3.367295829986474,784.0,21952.0
TS_BC_28d_054,EXP_TS_BC_28d,54,Bacterial Concrete,Inoculated,Bacillus subtilis,1000000,OPC 53 (UltraTech),28,Split Tensile Strength,3.298,150x300mm Cylinder,T Strenth Reading 1000000.xlsx,Sheet1,955,False,3.367295829986474,5.291502622129181,1,13.815511557963774,28,3.367295829986474,784.0,21952.0
TS_BC_28d_055,EXP_TS_BC_28d,55,Bacterial Concrete,Inoculated,Bacillus subtilis,1000000,OPC 53 (UltraTech),28,Split Tensile Strength,3.236,150x300mm Cylinder,T Strenth Reading 1000000.xlsx,Sheet1,956,False,3.367295829986474,5.291502622129181,1,13.815511557963774,28,3.367295829986474,784.0,21952.0
TS_BC_28d_056,EXP_TS_BC_28d,56,Bacterial Concrete,Inoculated,Bacillus subtilis,1000000,OPC 53 (UltraTech),28,Split Tensile Strength,2.892,150x300mm Cylinder,T Strenth Reading 1000000.xlsx,Sheet1,957,False,3.367295829986474,5.291502622129181,1,13.815511557963774,28,3.367295829986474,784.0,21952.0
TS_BC_28d_057,EXP_TS_BC_28d,57,Bacterial Concrete,Inoculated,Bacillus subtilis,1000000,OPC 53 (UltraTech),28,Split Tensile Strength,3.244,150x300mm Cylinder,T Strenth Reading 1000000.xlsx,Sheet1,958,False,3.367295829986474,5.291502622129181,1,13.815511557963774,28,3.367295829986474,784.0,21952.0
TS_BC_28d_058,EXP_TS_BC_28d,58,Bacterial Concrete,Inoculated,Bacillus subtilis,1000000,OPC 53 (UltraTech),28,Split Tensile Strength,3.285,150x300mm Cylinder,T Strenth Reading 1000000.xlsx,Sheet1,959,False,3.367295829986474,5.291502622129181,1,13.815511557963774,28,3.367295829986474,784.0,21952.0
TS_BC_28d_059,EXP_TS_BC_28d,59,Bacterial Concrete,Inoculated,Bacillus subtilis,1000000,OPC 53 (UltraTech),28,Split Tensile Strength,3.1,150x300mm Cylinder,T Strenth Reading 1000000.xlsx,Sheet1,960,False,3.367295829986474,5.291502622129181,1,13.815511557963774,28,3.367295829986474,784.0,21952.0
TS_BC_28d_060,EXP_TS_BC_28d,60,Bacterial Concrete,Inoculated,Bacillus subtilis,1000000,OPC 53 (UltraTech),28,Split Tensile Strength,3.206,150x300mm Cylinder,T Strenth Reading 1000000.xlsx,Sheet1,961,False,3.367295829986474,5.291502622129181,1,13.815511557963774,28,3.367295829986474,784.0,21952.0
TS_BC_28d_061,EXP_TS_BC_28d,61,Bacterial Concrete,Inoculated,Bacillus subtilis,1000000,OPC 53 (UltraTech),28,Split Tensile Strength,2.92,150x300mm Cylinder,T Strenth Reading 1000000.xlsx,Sheet1,962,False,3.367295829986474,5.291502622129181,1,13.815511557963774,28,3.367295829986474,784.0,21952.0
TS_BC_28d_062,EXP_TS_BC_28d,62,Bacterial Concrete,Inoculated,Bacillus subtilis,1000000,OPC 53 (UltraTech),28,Split Tensile Strength,3.016,150x300mm Cylinder,T Strenth Reading 1000000.xlsx,Sheet1,963,False,3.367295829986474,5.291502622129181,1,13.815511557963774,28,3.367295829986474,784.0,21952.0
TS_BC_28d_063,EXP_TS_BC_28d,63,Bacterial Concrete,Inoculated,Bacillus subtilis,1000000,OPC 53 (UltraTech),28,Split Tensile Strength,3.151,150x300mm Cylinder,T Strenth Reading 1000000.xlsx,Sheet1,964,False,3.367295829986474,5.291502622129181,1,13.815511557963774,28,3.367295829986474,784.0,21952.0
TS_BC_28d_064,EXP_TS_BC_28d,64,Bacterial Concrete,Inoculated,Bacillus subtilis,1000000,OPC 53 (UltraTech),28,Split Tensile Strength,3.154,150x300mm Cylinder,T Strenth Reading 1000000.xlsx,Sheet1,965,False,3.367295829986474,5.291502622129181,1,13.815511557963774,28,3.367295829986474,784.0,21952.0
TS_BC_28d_065,EXP_TS_BC_28d,65,Bacterial Concrete,Inoculated,Bacillus subtilis,1000000,OPC 53 (UltraTech),28,Split Tensile Strength,3.253,150x300mm Cylinder,T Strenth Reading 1000000.xlsx,Sheet1,966,False,3.367295829986474,5.291502622129181,1,13.815511557963774,28,3.367295829986474,784.0,21952.0
TS_BC_28d_066,EXP_TS_BC_28d,66,Bacterial Concrete,Inoculated,Bacillus subtilis,1000000,OPC 53 (UltraTech),28,Split Tensile Strength,3.022,150x300mm Cylinder,T Strenth Reading 1000000.xlsx,Sheet1,967,False,3.367295829986474,5.291502622129181,1,13.815511557963774,28,3.367295829986474,784.0,21952.0
TS_BC_28d_067,EXP_TS_BC_28d,67,Bacterial Concrete,Inoculated,Bacillus subtilis,1000000,OPC 53 (UltraTech),28,Split Tensile Strength,3.149,150x300mm Cylinder,T Strenth Reading 1000000.xlsx,Sheet1,968,False,3.367295829986474,5.291502622129181,1,13.815511557963774,28,3.367295829986474,784.0,21952.0
TS_BC_28d_068,EXP_TS_BC_28d,68,Bacterial Concrete,Inoculated,Bacillus subtilis,1000000,OPC 53 (UltraTech),28,Split Tensile Strength,3.127,150x300mm Cylinder,T Strenth Reading 1000000.xlsx,Sheet1,969,False,3.367295829986474,5.291502622129181,1,13.815511557963774,28,3.367295829986474,784.0,21952.0
TS_BC_28d_069,EXP_TS_BC_28d,69,Bacterial Concrete,Inoculated,Bacillus subtilis,1000000,OPC 53 (UltraTech),28,Split Tensile Strength,3.279,150x300mm Cylinder,T Strenth Reading 1000000.xlsx,Sheet1,970,False,3.367295829986474,5.291502622129181,1,13.815511557963774,28,3.367295829986474,784.0,21952.0
TS_BC_28d_070,EXP_TS_BC_28d,70,Bacterial Concrete,Inoculated,Bacillus subtilis,1000000,OPC 53 (UltraTech),28,Split Tensile Strength,3.413,150x300mm Cylinder,T Strenth Reading 1000000.xlsx,Sheet1,971,False,3.367295829986474,5.291502622129181,1,13.815511557963774,28,3.367295829986474,784.0,21952.0
TS_BC_28d_071,EXP_TS_BC_28d,71,Bacterial Concrete,Inoculated,Bacillus subtilis,1000000,OPC 53 (UltraTech),28,Split Tensile Strength,3.458,150x300mm Cylinder,T Strenth Reading 1000000.xlsx,Sheet1,972,False,3.367295829986474,5.291502622129181,1,13.815511557963774,28,3.367295829986474,784.0,21952.0
TS_BC_28d_072,EXP_TS_BC_28d,72,Bacterial Concrete,Inoculated,Bacillus subtilis,1000000,OPC 53 (UltraTech),28,Split Tensile Strength,2.965,150x300mm Cylinder,T Strenth Reading 1000000.xlsx,Sheet1,973,False,3.367295829986474,5.291502622129181,1,13.815511557963774,28,3.367295829986474,784.0,21952.0
TS_BC_28d_073,EXP_TS_BC_28d,73,Bacterial Concrete,Inoculated,Bacillus subtilis,1000000,OPC 53 (UltraTech),28,Split Tensile Strength,3.193,150x300mm Cylinder,T Strenth Reading 1000000.xlsx,Sheet1,974,False,3.367295829986474,5.291502622129181,1,13.815511557963774,28,3.367295829986474,784.0,21952.0
TS_BC_28d_074,EXP_TS_BC_28d,74,Bacterial Concrete,Inoculated,Bacillus subtilis,1000000,OPC 53 (UltraTech),28,Split Tensile Strength,3.033,150x300mm Cylinder,T Strenth Reading 1000000.xlsx,Sheet1,975,False,3.367295829986474,5.291502622129181,1,13.815511557963774,28,3.367295829986474,784.0,21952.0
TS_BC_28d_075,EXP_TS_BC_28d,75,Bacterial Concrete,Inoculated,Bacillus subtilis,1000000,OPC 53 (UltraTech),28,Split Tensile Strength,3.19,150x300mm Cylinder,T Strenth Reading 1000000.xlsx,Sheet1,976,False,3.367295829986474,5.291502622129181,1,13.815511557963774,28,3.367295829986474,784.0,21952.0
TS_BC_28d_076,EXP_TS_BC_28d,76,Bacterial Concrete,Inoculated,Bacillus subtilis,1000000,OPC 53 (UltraTech),28,Split Tensile Strength,3.263,150x300mm Cylinder,T Strenth Reading 1000000.xlsx,Sheet1,977,False,3.367295829986474,5.291502622129181,1,13.815511557963774,28,3.367295829986474,784.0,21952.0
TS_BC_28d_077,EXP_TS_BC_28d,77,Bacterial Concrete,Inoculated,Bacillus subtilis,1000000,OPC 53 (UltraTech),28,Split Tensile Strength,3.212,150x300mm Cylinder,T Strenth Reading 1000000.xlsx,Sheet1,978,False,3.367295829986474,5.291502622129181,1,13.815511557963774,28,3.367295829986474,784.0,21952.0
TS_BC_28d_078,EXP_TS_BC_28d,78,Bacterial Concrete,Inoculated,Bacillus subtilis,1000000,OPC 53 (UltraTech),28,Split Tensile Strength,3.193,150x300mm Cylinder,T Strenth Reading 1000000.xlsx,Sheet1,979,False,3.367295829986474,5.291502622129181,1,13.815511557963774,28,3.367295829986474,784.0,21952.0
TS_BC_28d_079,EXP_TS_BC_28d,79,Bacterial Concrete,Inoculated,Bacillus subtilis,1000000,OPC 53 (UltraTech),28,Split Tensile Strength,3.422,150x300mm Cylinder,T Strenth Reading 1000000.xlsx,Sheet1,980,False,3.367295829986474,5.291502622129181,1,13.815511557963774,28,3.367295829986474,784.0,21952.0
TS_BC_28d_080,EXP_TS_BC_28d,80,Bacterial Concrete,Inoculated,Bacillus subtilis,1000000,OPC 53 (UltraTech),28,Split Tensile Strength,3.308,150x300mm Cylinder,T Strenth Reading 1000000.xlsx,Sheet1,981,False,3.367295829986474,5.291502622129181,1,13.815511557963774,28,3.367295829986474,784.0,21952.0
TS_BC_28d_081,EXP_TS_BC_28d,81,Bacterial Concrete,Inoculated,Bacillus subtilis,1000000,OPC 53 (UltraTech),28,Split Tensile Strength,3.159,150x300mm Cylinder,T Strenth Reading 1000000.xlsx,Sheet1,982,False,3.367295829986474,5.291502622129181,1,13.815511557963774,28,3.367295829986474,784.0,21952.0
TS_BC_28d_082,EXP_TS_BC_28d,82,Bacterial Concrete,Inoculated,Bacillus subtilis,1000000,OPC 53 (UltraTech),28,Split Tensile Strength,3.204,150x300mm Cylinder,T Strenth Reading 1000000.xlsx,Sheet1,983,False,3.367295829986474,5.291502622129181,1,13.815511557963774,28,3.367295829986474,784.0,21952.0
TS_BC_28d_083,EXP_TS_BC_28d,83,Bacterial Concrete,Inoculated,Bacillus subtilis,1000000,OPC 53 (UltraTech),28,Split Tensile Strength,3.331,150x300mm Cylinder,T Strenth Reading 1000000.xlsx,Sheet1,984,False,3.367295829986474,5.291502622129181,1,13.815511557963774,28,3.367295829986474,784.0,21952.0
TS_BC_28d_084,EXP_TS_BC_28d,84,Bacterial Concrete,Inoculated,Bacillus subtilis,1000000,OPC 53 (UltraTech),28,Split Tensile Strength,3.291,150x300mm Cylinder,T Strenth Reading 1000000.xlsx,Sheet1,985,False,3.367295829986474,5.291502622129181,1,13.815511557963774,28,3.367295829986474,784.0,21952.0
TS_BC_28d_085,EXP_TS_BC_28d,85,Bacterial Concrete,Inoculated,Bacillus subtilis,1000000,OPC 53 (UltraTech),28,Split Tensile Strength,3.136,150x300mm Cylinder,T Strenth Reading 1000000.xlsx,Sheet1,986,False,3.367295829986474,5.291502622129181,1,13.815511557963774,28,3.367295829986474,784.0,21952.0
TS_BC_28d_086,EXP_TS_BC_28d,86,Bacterial Concrete,Inoculated,Bacillus subtilis,1000000,OPC 53 (UltraTech),28,Split Tensile Strength,2.934,150x300mm Cylinder,T Strenth Reading 1000000.xlsx,Sheet1,987,False,3.367295829986474,5.291502622129181,1,13.815511557963774,28,3.367295829986474,784.0,21952.0
TS_BC_28d_087,EXP_TS_BC_28d,87,Bacterial Concrete,Inoculated,Bacillus subtilis,1000000,OPC 53 (UltraTech),28,Split Tensile Strength,3.022,150x300mm Cylinder,T Strenth Reading 1000000.xlsx,Sheet1,988,False,3.367295829986474,5.291502622129181,1,13.815511557963774,28,3.367295829986474,784.0,21952.0
TS_BC_28d_088,EXP_TS_BC_28d,88,Bacterial Concrete,Inoculated,Bacillus subtilis,1000000,OPC 53 (UltraTech),28,Split Tensile Strength,3.222,150x300mm Cylinder,T Strenth Reading 1000000.xlsx,Sheet1,989,False,3.367295829986474,5.291502622129181,1,13.815511557963774,28,3.367295829986474,784.0,21952.0
TS_BC_28d_089,EXP_TS_BC_28d,89,Bacterial Concrete,Inoculated,Bacillus subtilis,1000000,OPC 53 (UltraTech),28,Split Tensile Strength,2.932,150x300mm Cylinder,T Strenth Reading 1000000.xlsx,Sheet1,990,False,3.367295829986474,5.291502622129181,1,13.815511557963774,28,3.367295829986474,784.0,21952.0
TS_BC_28d_090,EXP_TS_BC_28d,90,Bacterial Concrete,Inoculated,Bacillus subtilis,1000000,OPC 53 (UltraTech),28,Split Tensile Strength,3.177,150x300mm Cylinder,T Strenth Reading 1000000.xlsx,Sheet1,991,False,3.367295829986474,5.291502622129181,1,13.815511557963774,28,3.367295829986474,784.0,21952.0
TS_BC_28d_091,EXP_TS_BC_28d,91,Bacterial Concrete,Inoculated,Bacillus subtilis,1000000,OPC 53 (UltraTech),28,Split Tensile Strength,3.132,150x300mm Cylinder,T Strenth Reading 1000000.xlsx,Sheet1,992,False,3.367295829986474,5.291502622129181,1,13.815511557963774,28,3.367295829986474,784.0,21952.0
TS_BC_28d_092,EXP_TS_BC_28d,92,Bacterial Concrete,Inoculated,Bacillus subtilis,1000000,OPC 53 (UltraTech),28,Split Tensile Strength,3.35,150x300mm Cylinder,T Strenth Reading 1000000.xlsx,Sheet1,993,False,3.367295829986474,5.291502622129181,1,13.815511557963774,28,3.367295829986474,784.0,21952.0
TS_BC_28d_093,EXP_TS_BC_28d,93,Bacterial Concrete,Inoculated,Bacillus subtilis,1000000,OPC 53 (UltraTech),28,Split Tensile Strength,3.002,150x300mm Cylinder,T Strenth Reading 1000000.xlsx,Sheet1,994,False,3.367295829986474,5.291502622129181,1,13.815511557963774,28,3.367295829986474,784.0,21952.0
TS_BC_28d_094,EXP_TS_BC_28d,94,Bacterial Concrete,Inoculated,Bacillus subtilis,1000000,OPC 53 (UltraTech),28,Split Tensile Strength,2.91,150x300mm Cylinder,T Strenth Reading 1000000.xlsx,Sheet1,995,False,3.367295829986474,5.291502622129181,1,13.815511557963774,28,3.367295829986474,784.0,21952.0
TS_BC_28d_095,EXP_TS_BC_28d,95,Bacterial Concrete,Inoculated,Bacillus subtilis,1000000,OPC 53 (UltraTech),28,Split Tensile Strength,3.137,150x300mm Cylinder,T Strenth Reading 1000000.xlsx,Sheet1,996,False,3.367295829986474,5.291502622129181,1,13.815511557963774,28,3.367295829986474,784.0,21952.0
TS_BC_28d_096,EXP_TS_BC_28d,96,Bacterial Concrete,Inoculated,Bacillus subtilis,1000000,OPC 53 (UltraTech),28,Split Tensile Strength,3.295,150x300mm Cylinder,T Strenth Reading 1000000.xlsx,Sheet1,997,False,3.367295829986474,5.291502622129181,1,13.815511557963774,28,3.367295829986474,784.0,21952.0
TS_BC_28d_097,EXP_TS_BC_28d,97,Bacterial Concrete,Inoculated,Bacillus subtilis,1000000,OPC 53 (UltraTech),28,Split Tensile Strength,3.36,150x300mm Cylinder,T Strenth Reading 1000000.xlsx,Sheet1,998,False,3.367295829986474,5.291502622129181,1,13.815511557963774,28,3.367295829986474,784.0,21952.0
TS_BC_28d_098,EXP_TS_BC_28d,98,Bacterial Concrete,Inoculated,Bacillus subtilis,1000000,OPC 53 (UltraTech),28,Split Tensile Strength,3.064,150x300mm Cylinder,T Strenth Reading 1000000.xlsx,Sheet1,999,False,3.367295829986474,5.291502622129181,1,13.815511557963774,28,3.367295829986474,784.0,21952.0
TS_BC_28d_099,EXP_TS_BC_28d,99,Bacterial Concrete,Inoculated,Bacillus subtilis,1000000,OPC 53 (UltraTech),28,Split Tensile Strength,3.271,150x300mm Cylinder,T Strenth Reading 1000000.xlsx,Sheet1,1000,False,3.367295829986474,5.291502622129181,1,13.815511557963774,28,3.367295829986474,784.0,21952.0
TS_BC_28d_100,EXP_TS_BC_28d,100,Bacterial Concrete,Inoculated,Bacillus subtilis,1000000,OPC 53 (UltraTech),28,Split Tensile Strength,3.033,150x300mm Cylinder,T Strenth Reading 1000000.xlsx,Sheet1,1001,False,3.367295829986474,5.291502622129181,1,13.815511557963774,28,3.367295829986474,784.0,21952.0
TS_BC_56d_001,EXP_TS_BC_56d,1,Bacterial Concrete,Inoculated,Bacillus subtilis,1000000,OPC 53 (UltraTech),56,Split Tensile Strength,3.388,150x300mm Cylinder,T Strenth Reading 1000000.xlsx,Sheet1,1002,False,4.04305126783455,7.483314773547883,1,13.815511557963774,56,4.04305126783455,3136.0,175616.0
TS_BC_56d_002,EXP_TS_BC_56d,2,Bacterial Concrete,Inoculated,Bacillus subtilis,1000000,OPC 53 (UltraTech),56,Split Tensile Strength,3.585,150x300mm Cylinder,T Strenth Reading 1000000.xlsx,Sheet1,1003,False,4.04305126783455,7.483314773547883,1,13.815511557963774,56,4.04305126783455,3136.0,175616.0
TS_BC_56d_003,EXP_TS_BC_56d,3,Bacterial Concrete,Inoculated,Bacillus subtilis,1000000,OPC 53 (UltraTech),56,Split Tensile Strength,3.608,150x300mm Cylinder,T Strenth Reading 1000000.xlsx,Sheet1,1004,False,4.04305126783455,7.483314773547883,1,13.815511557963774,56,4.04305126783455,3136.0,175616.0
TS_BC_56d_004,EXP_TS_BC_56d,4,Bacterial Concrete,Inoculated,Bacillus subtilis,1000000,OPC 53 (UltraTech),56,Split Tensile Strength,3.35,150x300mm Cylinder,T Strenth Reading 1000000.xlsx,Sheet1,1005,False,4.04305126783455,7.483314773547883,1,13.815511557963774,56,4.04305126783455,3136.0,175616.0
TS_BC_56d_005,EXP_TS_BC_56d,5,Bacterial Concrete,Inoculated,Bacillus subtilis,1000000,OPC 53 (UltraTech),56,Split Tensile Strength,3.571,150x300mm Cylinder,T Strenth Reading 1000000.xlsx,Sheet1,1006,False,4.04305126783455,7.483314773547883,1,13.815511557963774,56,4.04305126783455,3136.0,175616.0
TS_BC_56d_006,EXP_TS_BC_56d,6,Bacterial Concrete,Inoculated,Bacillus subtilis,1000000,OPC 53 (UltraTech),56,Split Tensile Strength,3.22,150x300mm Cylinder,T Strenth Reading 1000000.xlsx,Sheet1,1007,False,4.04305126783455,7.483314773547883,1,13.815511557963774,56,4.04305126783455,3136.0,175616.0
TS_BC_56d_007,EXP_TS_BC_56d,7,Bacterial Concrete,Inoculated,Bacillus subtilis,1000000,OPC 53 (UltraTech),56,Split Tensile Strength,3.47,150x300mm Cylinder,T Strenth Reading 1000000.xlsx,Sheet1,1008,False,4.04305126783455,7.483314773547883,1,13.815511557963774,56,4.04305126783455,3136.0,175616.0
TS_BC_56d_008,EXP_TS_BC_56d,8,Bacterial Concrete,Inoculated,Bacillus subtilis,1000000,OPC 53 (UltraTech),56,Split Tensile Strength,3.33,150x300mm Cylinder,T Strenth Reading 1000000.xlsx,Sheet1,1009,False,4.04305126783455,7.483314773547883,1,13.815511557963774,56,4.04305126783455,3136.0,175616.0
TS_BC_56d_009,EXP_TS_BC_56d,9,Bacterial Concrete,Inoculated,Bacillus subtilis,1000000,OPC 53 (UltraTech),56,Split Tensile Strength,3.379,150x300mm Cylinder,T Strenth Reading 1000000.xlsx,Sheet1,1010,False,4.04305126783455,7.483314773547883,1,13.815511557963774,56,4.04305126783455,3136.0,175616.0
TS_BC_56d_010,EXP_TS_BC_56d,10,Bacterial Concrete,Inoculated,Bacillus subtilis,1000000,OPC 53 (UltraTech),56,Split Tensile Strength,3.309,150x300mm Cylinder,T Strenth Reading 1000000.xlsx,Sheet1,1011,False,4.04305126783455,7.483314773547883,1,13.815511557963774,56,4.04305126783455,3136.0,175616.0
TS_BC_56d_011,EXP_TS_BC_56d,11,Bacterial Concrete,Inoculated,Bacillus subtilis,1000000,OPC 53 (UltraTech),56,Split Tensile Strength,3.583,150x300mm Cylinder,T Strenth Reading 1000000.xlsx,Sheet1,1012,False,4.04305126783455,7.483314773547883,1,13.815511557963774,56,4.04305126783455,3136.0,175616.0
TS_BC_56d_012,EXP_TS_BC_56d,12,Bacterial Concrete,Inoculated,Bacillus subtilis,1000000,OPC 53 (UltraTech),56,Split Tensile Strength,3.583,150x300mm Cylinder,T Strenth Reading 1000000.xlsx,Sheet1,1013,False,4.04305126783455,7.483314773547883,1,13.815511557963774,56,4.04305126783455,3136.0,175616.0
TS_BC_56d_013,EXP_TS_BC_56d,13,Bacterial Concrete,Inoculated,Bacillus subtilis,1000000,OPC 53 (UltraTech),56,Split Tensile Strength,3.396,150x300mm Cylinder,T Strenth Reading 1000000.xlsx,Sheet1,1014,False,4.04305126783455,7.483314773547883,1,13.815511557963774,56,4.04305126783455,3136.0,175616.0
TS_BC_56d_014,EXP_TS_BC_56d,14,Bacterial Concrete,Inoculated,Bacillus subtilis,1000000,OPC 53 (UltraTech),56,Split Tensile Strength,3.556,150x300mm Cylinder,T Strenth Reading 1000000.xlsx,Sheet1,1015,False,4.04305126783455,7.483314773547883,1,13.815511557963774,56,4.04305126783455,3136.0,175616.0
TS_BC_56d_015,EXP_TS_BC_56d,15,Bacterial Concrete,Inoculated,Bacillus subtilis,1000000,OPC 53 (UltraTech),56,Split Tensile Strength,3.539,150x300mm Cylinder,T Strenth Reading 1000000.xlsx,Sheet1,1016,False,4.04305126783455,7.483314773547883,1,13.815511557963774,56,4.04305126783455,3136.0,175616.0
TS_BC_56d_016,EXP_TS_BC_56d,16,Bacterial Concrete,Inoculated,Bacillus subtilis,1000000,OPC 53 (UltraTech),56,Split Tensile Strength,3.481,150x300mm Cylinder,T Strenth Reading 1000000.xlsx,Sheet1,1017,False,4.04305126783455,7.483314773547883,1,13.815511557963774,56,4.04305126783455,3136.0,175616.0
TS_BC_56d_017,EXP_TS_BC_56d,17,Bacterial Concrete,Inoculated,Bacillus subtilis,1000000,OPC 53 (UltraTech),56,Split Tensile Strength,3.824,150x300mm Cylinder,T Strenth Reading 1000000.xlsx,Sheet1,1018,False,4.04305126783455,7.483314773547883,1,13.815511557963774,56,4.04305126783455,3136.0,175616.0
TS_BC_56d_018,EXP_TS_BC_56d,18,Bacterial Concrete,Inoculated,Bacillus subtilis,1000000,OPC 53 (UltraTech),56,Split Tensile Strength,3.374,150x300mm Cylinder,T Strenth Reading 1000000.xlsx,Sheet1,1019,False,4.04305126783455,7.483314773547883,1,13.815511557963774,56,4.04305126783455,3136.0,175616.0
TS_BC_56d_019,EXP_TS_BC_56d,19,Bacterial Concrete,Inoculated,Bacillus subtilis,1000000,OPC 53 (UltraTech),56,Split Tensile Strength,3.502,150x300mm Cylinder,T Strenth Reading 1000000.xlsx,Sheet1,1020,False,4.04305126783455,7.483314773547883,1,13.815511557963774,56,4.04305126783455,3136.0,175616.0
TS_BC_56d_020,EXP_TS_BC_56d,20,Bacterial Concrete,Inoculated,Bacillus subtilis,1000000,OPC 53 (UltraTech),56,Split Tensile Strength,3.443,150x300mm Cylinder,T Strenth Reading 1000000.xlsx,Sheet1,1021,False,4.04305126783455,7.483314773547883,1,13.815511557963774,56,4.04305126783455,3136.0,175616.0
TS_BC_56d_021,EXP_TS_BC_56d,21,Bacterial Concrete,Inoculated,Bacillus subtilis,1000000,OPC 53 (UltraTech),56,Split Tensile Strength,3.444,150x300mm Cylinder,T Strenth Reading 1000000.xlsx,Sheet1,1022,False,4.04305126783455,7.483314773547883,1,13.815511557963774,56,4.04305126783455,3136.0,175616.0
TS_BC_56d_022,EXP_TS_BC_56d,22,Bacterial Concrete,Inoculated,Bacillus subtilis,1000000,OPC 53 (UltraTech),56,Split Tensile Strength,3.524,150x300mm Cylinder,T Strenth Reading 1000000.xlsx,Sheet1,1023,False,4.04305126783455,7.483314773547883,1,13.815511557963774,56,4.04305126783455,3136.0,175616.0
TS_BC_56d_023,EXP_TS_BC_56d,23,Bacterial Concrete,Inoculated,Bacillus subtilis,1000000,OPC 53 (UltraTech),56,Split Tensile Strength,3.456,150x300mm Cylinder,T Strenth Reading 1000000.xlsx,Sheet1,1024,False,4.04305126783455,7.483314773547883,1,13.815511557963774,56,4.04305126783455,3136.0,175616.0
TS_BC_56d_024,EXP_TS_BC_56d,24,Bacterial Concrete,Inoculated,Bacillus subtilis,1000000,OPC 53 (UltraTech),56,Split Tensile Strength,3.371,150x300mm Cylinder,T Strenth Reading 1000000.xlsx,Sheet1,1025,False,4.04305126783455,7.483314773547883,1,13.815511557963774,56,4.04305126783455,3136.0,175616.0
TS_BC_56d_025,EXP_TS_BC_56d,25,Bacterial Concrete,Inoculated,Bacillus subtilis,1000000,OPC 53 (UltraTech),56,Split Tensile Strength,3.519,150x300mm Cylinder,T Strenth Reading 1000000.xlsx,Sheet1,1026,False,4.04305126783455,7.483314773547883,1,13.815511557963774,56,4.04305126783455,3136.0,175616.0
TS_BC_56d_026,EXP_TS_BC_56d,26,Bacterial Concrete,Inoculated,Bacillus subtilis,1000000,OPC 53 (UltraTech),56,Split Tensile Strength,3.677,150x300mm Cylinder,T Strenth Reading 1000000.xlsx,Sheet1,1027,False,4.04305126783455,7.483314773547883,1,13.815511557963774,56,4.04305126783455,3136.0,175616.0
TS_BC_56d_027,EXP_TS_BC_56d,27,Bacterial Concrete,Inoculated,Bacillus subtilis,1000000,OPC 53 (UltraTech),56,Split Tensile Strength,3.641,150x300mm Cylinder,T Strenth Reading 1000000.xlsx,Sheet1,1028,False,4.04305126783455,7.483314773547883,1,13.815511557963774,56,4.04305126783455,3136.0,175616.0
TS_BC_56d_028,EXP_TS_BC_56d,28,Bacterial Concrete,Inoculated,Bacillus subtilis,1000000,OPC 53 (UltraTech),56,Split Tensile Strength,3.53,150x300mm Cylinder,T Strenth Reading 1000000.xlsx,Sheet1,1029,False,4.04305126783455,7.483314773547883,1,13.815511557963774,56,4.04305126783455,3136.0,175616.0
TS_BC_56d_029,EXP_TS_BC_56d,29,Bacterial Concrete,Inoculated,Bacillus subtilis,1000000,OPC 53 (UltraTech),56,Split Tensile Strength,3.39,150x300mm Cylinder,T Strenth Reading 1000000.xlsx,Sheet1,1030,False,4.04305126783455,7.483314773547883,1,13.815511557963774,56,4.04305126783455,3136.0,175616.0
TS_BC_56d_030,EXP_TS_BC_56d,30,Bacterial Concrete,Inoculated,Bacillus subtilis,1000000,OPC 53 (UltraTech),56,Split Tensile Strength,3.528,150x300mm Cylinder,T Strenth Reading 1000000.xlsx,Sheet1,1031,False,4.04305126783455,7.483314773547883,1,13.815511557963774,56,4.04305126783455,3136.0,175616.0
TS_BC_56d_031,EXP_TS_BC_56d,31,Bacterial Concrete,Inoculated,Bacillus subtilis,1000000,OPC 53 (UltraTech),56,Split Tensile Strength,3.663,150x300mm Cylinder,T Strenth Reading 1000000.xlsx,Sheet1,1032,False,4.04305126783455,7.483314773547883,1,13.815511557963774,56,4.04305126783455,3136.0,175616.0
TS_BC_56d_032,EXP_TS_BC_56d,32,Bacterial Concrete,Inoculated,Bacillus subtilis,1000000,OPC 53 (UltraTech),56,Split Tensile Strength,3.679,150x300mm Cylinder,T Strenth Reading 1000000.xlsx,Sheet1,1033,False,4.04305126783455,7.483314773547883,1,13.815511557963774,56,4.04305126783455,3136.0,175616.0
TS_BC_56d_033,EXP_TS_BC_56d,33,Bacterial Concrete,Inoculated,Bacillus subtilis,1000000,OPC 53 (UltraTech),56,Split Tensile Strength,3.554,150x300mm Cylinder,T Strenth Reading 1000000.xlsx,Sheet1,1034,False,4.04305126783455,7.483314773547883,1,13.815511557963774,56,4.04305126783455,3136.0,175616.0
TS_BC_56d_034,EXP_TS_BC_56d,34,Bacterial Concrete,Inoculated,Bacillus subtilis,1000000,OPC 53 (UltraTech),56,Split Tensile Strength,3.445,150x300mm Cylinder,T Strenth Reading 1000000.xlsx,Sheet1,1035,False,4.04305126783455,7.483314773547883,1,13.815511557963774,56,4.04305126783455,3136.0,175616.0
TS_BC_56d_035,EXP_TS_BC_56d,35,Bacterial Concrete,Inoculated,Bacillus subtilis,1000000,OPC 53 (UltraTech),56,Split Tensile Strength,3.47,150x300mm Cylinder,T Strenth Reading 1000000.xlsx,Sheet1,1036,False,4.04305126783455,7.483314773547883,1,13.815511557963774,56,4.04305126783455,3136.0,175616.0
TS_BC_56d_036,EXP_TS_BC_56d,36,Bacterial Concrete,Inoculated,Bacillus subtilis,1000000,OPC 53 (UltraTech),56,Split Tensile Strength,3.616,150x300mm Cylinder,T Strenth Reading 1000000.xlsx,Sheet1,1037,False,4.04305126783455,7.483314773547883,1,13.815511557963774,56,4.04305126783455,3136.0,175616.0
TS_BC_56d_037,EXP_TS_BC_56d,37,Bacterial Concrete,Inoculated,Bacillus subtilis,1000000,OPC 53 (UltraTech),56,Split Tensile Strength,3.603,150x300mm Cylinder,T Strenth Reading 1000000.xlsx,Sheet1,1038,False,4.04305126783455,7.483314773547883,1,13.815511557963774,56,4.04305126783455,3136.0,175616.0
TS_BC_56d_038,EXP_TS_BC_56d,38,Bacterial Concrete,Inoculated,Bacillus subtilis,1000000,OPC 53 (UltraTech),56,Split Tensile Strength,3.236,150x300mm Cylinder,T Strenth Reading 1000000.xlsx,Sheet1,1039,False,4.04305126783455,7.483314773547883,1,13.815511557963774,56,4.04305126783455,3136.0,175616.0
TS_BC_56d_039,EXP_TS_BC_56d,39,Bacterial Concrete,Inoculated,Bacillus subtilis,1000000,OPC 53 (UltraTech),56,Split Tensile Strength,3.599,150x300mm Cylinder,T Strenth Reading 1000000.xlsx,Sheet1,1040,False,4.04305126783455,7.483314773547883,1,13.815511557963774,56,4.04305126783455,3136.0,175616.0
TS_BC_56d_040,EXP_TS_BC_56d,40,Bacterial Concrete,Inoculated,Bacillus subtilis,1000000,OPC 53 (UltraTech),56,Split Tensile Strength,3.607,150x300mm Cylinder,T Strenth Reading 1000000.xlsx,Sheet1,1041,False,4.04305126783455,7.483314773547883,1,13.815511557963774,56,4.04305126783455,3136.0,175616.0
TS_BC_56d_041,EXP_TS_BC_56d,41,Bacterial Concrete,Inoculated,Bacillus subtilis,1000000,OPC 53 (UltraTech),56,Split Tensile Strength,3.367,150x300mm Cylinder,T Strenth Reading 1000000.xlsx,Sheet1,1042,False,4.04305126783455,7.483314773547883,1,13.815511557963774,56,4.04305126783455,3136.0,175616.0
TS_BC_56d_042,EXP_TS_BC_56d,42,Bacterial Concrete,Inoculated,Bacillus subtilis,1000000,OPC 53 (UltraTech),56,Split Tensile Strength,3.385,150x300mm Cylinder,T Strenth Reading 1000000.xlsx,Sheet1,1043,False,4.04305126783455,7.483314773547883,1,13.815511557963774,56,4.04305126783455,3136.0,175616.0
TS_BC_56d_043,EXP_TS_BC_56d,43,Bacterial Concrete,Inoculated,Bacillus subtilis,1000000,OPC 53 (UltraTech),56,Split Tensile Strength,3.386,150x300mm Cylinder,T Strenth Reading 1000000.xlsx,Sheet1,1044,False,4.04305126783455,7.483314773547883,1,13.815511557963774,56,4.04305126783455,3136.0,175616.0
TS_BC_56d_044,EXP_TS_BC_56d,44,Bacterial Concrete,Inoculated,Bacillus subtilis,1000000,OPC 53 (UltraTech),56,Split Tensile Strength,3.398,150x300mm Cylinder,T Strenth Reading 1000000.xlsx,Sheet1,1045,False,4.04305126783455,7.483314773547883,1,13.815511557963774,56,4.04305126783455,3136.0,175616.0
TS_BC_56d_045,EXP_TS_BC_56d,45,Bacterial Concrete,Inoculated,Bacillus subtilis,1000000,OPC 53 (UltraTech),56,Split Tensile Strength,3.287,150x300mm Cylinder,T Strenth Reading 1000000.xlsx,Sheet1,1046,False,4.04305126783455,7.483314773547883,1,13.815511557963774,56,4.04305126783455,3136.0,175616.0
TS_BC_56d_046,EXP_TS_BC_56d,46,Bacterial Concrete,Inoculated,Bacillus subtilis,1000000,OPC 53 (UltraTech),56,Split Tensile Strength,3.547,150x300mm Cylinder,T Strenth Reading 1000000.xlsx,Sheet1,1047,False,4.04305126783455,7.483314773547883,1,13.815511557963774,56,4.04305126783455,3136.0,175616.0
TS_BC_56d_047,EXP_TS_BC_56d,47,Bacterial Concrete,Inoculated,Bacillus subtilis,1000000,OPC 53 (UltraTech),56,Split Tensile Strength,3.382,150x300mm Cylinder,T Strenth Reading 1000000.xlsx,Sheet1,1048,False,4.04305126783455,7.483314773547883,1,13.815511557963774,56,4.04305126783455,3136.0,175616.0
TS_BC_56d_048,EXP_TS_BC_56d,48,Bacterial Concrete,Inoculated,Bacillus subtilis,1000000,OPC 53 (UltraTech),56,Split Tensile Strength,3.489,150x300mm Cylinder,T Strenth Reading 1000000.xlsx,Sheet1,1049,False,4.04305126783455,7.483314773547883,1,13.815511557963774,56,4.04305126783455,3136.0,175616.0
TS_BC_56d_049,EXP_TS_BC_56d,49,Bacterial Concrete,Inoculated,Bacillus subtilis,1000000,OPC 53 (UltraTech),56,Split Tensile Strength,3.425,150x300mm Cylinder,T Strenth Reading 1000000.xlsx,Sheet1,1050,False,4.04305126783455,7.483314773547883,1,13.815511557963774,56,4.04305126783455,3136.0,175616.0
TS_BC_56d_050,EXP_TS_BC_56d,50,Bacterial Concrete,Inoculated,Bacillus subtilis,1000000,OPC 53 (UltraTech),56,Split Tensile Strength,3.538,150x300mm Cylinder,T Strenth Reading 1000000.xlsx,Sheet1,1051,False,4.04305126783455,7.483314773547883,1,13.815511557963774,56,4.04305126783455,3136.0,175616.0
TS_BC_56d_051,EXP_TS_BC_56d,51,Bacterial Concrete,Inoculated,Bacillus subtilis,1000000,OPC 53 (UltraTech),56,Split Tensile Strength,3.348,150x300mm Cylinder,T Strenth Reading 1000000.xlsx,Sheet1,1052,False,4.04305126783455,7.483314773547883,1,13.815511557963774,56,4.04305126783455,3136.0,175616.0
TS_BC_56d_052,EXP_TS_BC_56d,52,Bacterial Concrete,Inoculated,Bacillus subtilis,1000000,OPC 53 (UltraTech),56,Split Tensile Strength,3.537,150x300mm Cylinder,T Strenth Reading 1000000.xlsx,Sheet1,1053,False,4.04305126783455,7.483314773547883,1,13.815511557963774,56,4.04305126783455,3136.0,175616.0
TS_BC_56d_053,EXP_TS_BC_56d,53,Bacterial Concrete,Inoculated,Bacillus subtilis,1000000,OPC 53 (UltraTech),56,Split Tensile Strength,3.558,150x300mm Cylinder,T Strenth Reading 1000000.xlsx,Sheet1,1054,False,4.04305126783455,7.483314773547883,1,13.815511557963774,56,4.04305126783455,3136.0,175616.0
TS_BC_56d_054,EXP_TS_BC_56d,54,Bacterial Concrete,Inoculated,Bacillus subtilis,1000000,OPC 53 (UltraTech),56,Split Tensile Strength,3.624,150x300mm Cylinder,T Strenth Reading 1000000.xlsx,Sheet1,1055,False,4.04305126783455,7.483314773547883,1,13.815511557963774,56,4.04305126783455,3136.0,175616.0
TS_BC_56d_055,EXP_TS_BC_56d,55,Bacterial Concrete,Inoculated,Bacillus subtilis,1000000,OPC 53 (UltraTech),56,Split Tensile Strength,3.795,150x300mm Cylinder,T Strenth Reading 1000000.xlsx,Sheet1,1056,False,4.04305126783455,7.483314773547883,1,13.815511557963774,56,4.04305126783455,3136.0,175616.0
TS_BC_56d_056,EXP_TS_BC_56d,56,Bacterial Concrete,Inoculated,Bacillus subtilis,1000000,OPC 53 (UltraTech),56,Split Tensile Strength,3.186,150x300mm Cylinder,T Strenth Reading 1000000.xlsx,Sheet1,1057,False,4.04305126783455,7.483314773547883,1,13.815511557963774,56,4.04305126783455,3136.0,175616.0
TS_BC_56d_057,EXP_TS_BC_56d,57,Bacterial Concrete,Inoculated,Bacillus subtilis,1000000,OPC 53 (UltraTech),56,Split Tensile Strength,3.548,150x300mm Cylinder,T Strenth Reading 1000000.xlsx,Sheet1,1058,False,4.04305126783455,7.483314773547883,1,13.815511557963774,56,4.04305126783455,3136.0,175616.0
TS_BC_56d_058,EXP_TS_BC_56d,58,Bacterial Concrete,Inoculated,Bacillus subtilis,1000000,OPC 53 (UltraTech),56,Split Tensile Strength,3.394,150x300mm Cylinder,T Strenth Reading 1000000.xlsx,Sheet1,1059,False,4.04305126783455,7.483314773547883,1,13.815511557963774,56,4.04305126783455,3136.0,175616.0
TS_BC_56d_059,EXP_TS_BC_56d,59,Bacterial Concrete,Inoculated,Bacillus subtilis,1000000,OPC 53 (UltraTech),56,Split Tensile Strength,3.211,150x300mm Cylinder,T Strenth Reading 1000000.xlsx,Sheet1,1060,False,4.04305126783455,7.483314773547883,1,13.815511557963774,56,4.04305126783455,3136.0,175616.0
TS_BC_56d_060,EXP_TS_BC_56d,60,Bacterial Concrete,Inoculated,Bacillus subtilis,1000000,OPC 53 (UltraTech),56,Split Tensile Strength,3.626,150x300mm Cylinder,T Strenth Reading 1000000.xlsx,Sheet1,1061,False,4.04305126783455,7.483314773547883,1,13.815511557963774,56,4.04305126783455,3136.0,175616.0
TS_BC_56d_061,EXP_TS_BC_56d,61,Bacterial Concrete,Inoculated,Bacillus subtilis,1000000,OPC 53 (UltraTech),56,Split Tensile Strength,3.7,150x300mm Cylinder,T Strenth Reading 1000000.xlsx,Sheet1,1062,False,4.04305126783455,7.483314773547883,1,13.815511557963774,56,4.04305126783455,3136.0,175616.0
TS_BC_56d_062,EXP_TS_BC_56d,62,Bacterial Concrete,Inoculated,Bacillus subtilis,1000000,OPC 53 (UltraTech),56,Split Tensile Strength,3.441,150x300mm Cylinder,T Strenth Reading 1000000.xlsx,Sheet1,1063,False,4.04305126783455,7.483314773547883,1,13.815511557963774,56,4.04305126783455,3136.0,175616.0
TS_BC_56d_063,EXP_TS_BC_56d,63,Bacterial Concrete,Inoculated,Bacillus subtilis,1000000,OPC 53 (UltraTech),56,Split Tensile Strength,3.532,150x300mm Cylinder,T Strenth Reading 1000000.xlsx,Sheet1,1064,False,4.04305126783455,7.483314773547883,1,13.815511557963774,56,4.04305126783455,3136.0,175616.0
TS_BC_56d_064,EXP_TS_BC_56d,64,Bacterial Concrete,Inoculated,Bacillus subtilis,1000000,OPC 53 (UltraTech),56,Split Tensile Strength,3.49,150x300mm Cylinder,T Strenth Reading 1000000.xlsx,Sheet1,1065,False,4.04305126783455,7.483314773547883,1,13.815511557963774,56,4.04305126783455,3136.0,175616.0
TS_BC_56d_065,EXP_TS_BC_56d,65,Bacterial Concrete,Inoculated,Bacillus subtilis,1000000,OPC 53 (UltraTech),56,Split Tensile Strength,3.565,150x300mm Cylinder,T Strenth Reading 1000000.xlsx,Sheet1,1066,False,4.04305126783455,7.483314773547883,1,13.815511557963774,56,4.04305126783455,3136.0,175616.0
TS_BC_56d_066,EXP_TS_BC_56d,66,Bacterial Concrete,Inoculated,Bacillus subtilis,1000000,OPC 53 (UltraTech),56,Split Tensile Strength,3.632,150x300mm Cylinder,T Strenth Reading 1000000.xlsx,Sheet1,1067,False,4.04305126783455,7.483314773547883,1,13.815511557963774,56,4.04305126783455,3136.0,175616.0
TS_BC_56d_067,EXP_TS_BC_56d,67,Bacterial Concrete,Inoculated,Bacillus subtilis,1000000,OPC 53 (UltraTech),56,Split Tensile Strength,3.552,150x300mm Cylinder,T Strenth Reading 1000000.xlsx,Sheet1,1068,False,4.04305126783455,7.483314773547883,1,13.815511557963774,56,4.04305126783455,3136.0,175616.0
TS_BC_56d_068,EXP_TS_BC_56d,68,Bacterial Concrete,Inoculated,Bacillus subtilis,1000000,OPC 53 (UltraTech),56,Split Tensile Strength,3.552,150x300mm Cylinder,T Strenth Reading 1000000.xlsx,Sheet1,1069,False,4.04305126783455,7.483314773547883,1,13.815511557963774,56,4.04305126783455,3136.0,175616.0
TS_BC_56d_069,EXP_TS_BC_56d,69,Bacterial Concrete,Inoculated,Bacillus subtilis,1000000,OPC 53 (UltraTech),56,Split Tensile Strength,3.689,150x300mm Cylinder,T Strenth Reading 1000000.xlsx,Sheet1,1070,False,4.04305126783455,7.483314773547883,1,13.815511557963774,56,4.04305126783455,3136.0,175616.0
TS_BC_56d_070,EXP_TS_BC_56d,70,Bacterial Concrete,Inoculated,Bacillus subtilis,1000000,OPC 53 (UltraTech),56,Split Tensile Strength,3.475,150x300mm Cylinder,T Strenth Reading 1000000.xlsx,Sheet1,1071,False,4.04305126783455,7.483314773547883,1,13.815511557963774,56,4.04305126783455,3136.0,175616.0
TS_BC_56d_071,EXP_TS_BC_56d,71,Bacterial Concrete,Inoculated,Bacillus subtilis,1000000,OPC 53 (UltraTech),56,Split Tensile Strength,3.638,150x300mm Cylinder,T Strenth Reading 1000000.xlsx,Sheet1,1072,False,4.04305126783455,7.483314773547883,1,13.815511557963774,56,4.04305126783455,3136.0,175616.0
TS_BC_56d_072,EXP_TS_BC_56d,72,Bacterial Concrete,Inoculated,Bacillus subtilis,1000000,OPC 53 (UltraTech),56,Split Tensile Strength,3.377,150x300mm Cylinder,T Strenth Reading 1000000.xlsx,Sheet1,1073,False,4.04305126783455,7.483314773547883,1,13.815511557963774,56,4.04305126783455,3136.0,175616.0
TS_BC_56d_073,EXP_TS_BC_56d,73,Bacterial Concrete,Inoculated,Bacillus subtilis,1000000,OPC 53 (UltraTech),56,Split Tensile Strength,3.741,150x300mm Cylinder,T Strenth Reading 1000000.xlsx,Sheet1,1074,False,4.04305126783455,7.483314773547883,1,13.815511557963774,56,4.04305126783455,3136.0,175616.0
TS_BC_56d_074,EXP_TS_BC_56d,74,Bacterial Concrete,Inoculated,Bacillus subtilis,1000000,OPC 53 (UltraTech),56,Split Tensile Strength,3.611,150x300mm Cylinder,T Strenth Reading 1000000.xlsx,Sheet1,1075,False,4.04305126783455,7.483314773547883,1,13.815511557963774,56,4.04305126783455,3136.0,175616.0
TS_BC_56d_075,EXP_TS_BC_56d,75,Bacterial Concrete,Inoculated,Bacillus subtilis,1000000,OPC 53 (UltraTech),56,Split Tensile Strength,3.439,150x300mm Cylinder,T Strenth Reading 1000000.xlsx,Sheet1,1076,False,4.04305126783455,7.483314773547883,1,13.815511557963774,56,4.04305126783455,3136.0,175616.0
TS_BC_56d_076,EXP_TS_BC_56d,76,Bacterial Concrete,Inoculated,Bacillus subtilis,1000000,OPC 53 (UltraTech),56,Split Tensile Strength,3.183,150x300mm Cylinder,T Strenth Reading 1000000.xlsx,Sheet1,1077,False,4.04305126783455,7.483314773547883,1,13.815511557963774,56,4.04305126783455,3136.0,175616.0
TS_BC_56d_077,EXP_TS_BC_56d,77,Bacterial Concrete,Inoculated,Bacillus subtilis,1000000,OPC 53 (UltraTech),56,Split Tensile Strength,3.5,150x300mm Cylinder,T Strenth Reading 1000000.xlsx,Sheet1,1078,False,4.04305126783455,7.483314773547883,1,13.815511557963774,56,4.04305126783455,3136.0,175616.0
TS_BC_56d_078,EXP_TS_BC_56d,78,Bacterial Concrete,Inoculated,Bacillus subtilis,1000000,OPC 53 (UltraTech),56,Split Tensile Strength,3.323,150x300mm Cylinder,T Strenth Reading 1000000.xlsx,Sheet1,1079,False,4.04305126783455,7.483314773547883,1,13.815511557963774,56,4.04305126783455,3136.0,175616.0
TS_BC_56d_079,EXP_TS_BC_56d,79,Bacterial Concrete,Inoculated,Bacillus subtilis,1000000,OPC 53 (UltraTech),56,Split Tensile Strength,3.545,150x300mm Cylinder,T Strenth Reading 1000000.xlsx,Sheet1,1080,False,4.04305126783455,7.483314773547883,1,13.815511557963774,56,4.04305126783455,3136.0,175616.0
TS_BC_56d_080,EXP_TS_BC_56d,80,Bacterial Concrete,Inoculated,Bacillus subtilis,1000000,OPC 53 (UltraTech),56,Split Tensile Strength,3.718,150x300mm Cylinder,T Strenth Reading 1000000.xlsx,Sheet1,1081,False,4.04305126783455,7.483314773547883,1,13.815511557963774,56,4.04305126783455,3136.0,175616.0
TS_BC_56d_081,EXP_TS_BC_56d,81,Bacterial Concrete,Inoculated,Bacillus subtilis,1000000,OPC 53 (UltraTech),56,Split Tensile Strength,3.524,150x300mm Cylinder,T Strenth Reading 1000000.xlsx,Sheet1,1082,False,4.04305126783455,7.483314773547883,1,13.815511557963774,56,4.04305126783455,3136.0,175616.0
TS_BC_56d_082,EXP_TS_BC_56d,82,Bacterial Concrete,Inoculated,Bacillus subtilis,1000000,OPC 53 (UltraTech),56,Split Tensile Strength,3.473,150x300mm Cylinder,T Strenth Reading 1000000.xlsx,Sheet1,1083,False,4.04305126783455,7.483314773547883,1,13.815511557963774,56,4.04305126783455,3136.0,175616.0
TS_BC_56d_083,EXP_TS_BC_56d,83,Bacterial Concrete,Inoculated,Bacillus subtilis,1000000,OPC 53 (UltraTech),56,Split Tensile Strength,3.551,150x300mm Cylinder,T Strenth Reading 1000000.xlsx,Sheet1,1084,False,4.04305126783455,7.483314773547883,1,13.815511557963774,56,4.04305126783455,3136.0,175616.0
TS_BC_56d_084,EXP_TS_BC_56d,84,Bacterial Concrete,Inoculated,Bacillus subtilis,1000000,OPC 53 (UltraTech),56,Split Tensile Strength,3.543,150x300mm Cylinder,T Strenth Reading 1000000.xlsx,Sheet1,1085,False,4.04305126783455,7.483314773547883,1,13.815511557963774,56,4.04305126783455,3136.0,175616.0
TS_BC_56d_085,EXP_TS_BC_56d,85,Bacterial Concrete,Inoculated,Bacillus subtilis,1000000,OPC 53 (UltraTech),56,Split Tensile Strength,3.146,150x300mm Cylinder,T Strenth Reading 1000000.xlsx,Sheet1,1086,False,4.04305126783455,7.483314773547883,1,13.815511557963774,56,4.04305126783455,3136.0,175616.0
TS_BC_56d_086,EXP_TS_BC_56d,86,Bacterial Concrete,Inoculated,Bacillus subtilis,1000000,OPC 53 (UltraTech),56,Split Tensile Strength,3.536,150x300mm Cylinder,T Strenth Reading 1000000.xlsx,Sheet1,1087,False,4.04305126783455,7.483314773547883,1,13.815511557963774,56,4.04305126783455,3136.0,175616.0
TS_BC_56d_087,EXP_TS_BC_56d,87,Bacterial Concrete,Inoculated,Bacillus subtilis,1000000,OPC 53 (UltraTech),56,Split Tensile Strength,3.593,150x300mm Cylinder,T Strenth Reading 1000000.xlsx,Sheet1,1088,False,4.04305126783455,7.483314773547883,1,13.815511557963774,56,4.04305126783455,3136.0,175616.0
TS_BC_56d_088,EXP_TS_BC_56d,88,Bacterial Concrete,Inoculated,Bacillus subtilis,1000000,OPC 53 (UltraTech),56,Split Tensile Strength,3.461,150x300mm Cylinder,T Strenth Reading 1000000.xlsx,Sheet1,1089,False,4.04305126783455,7.483314773547883,1,13.815511557963774,56,4.04305126783455,3136.0,175616.0
TS_BC_56d_089,EXP_TS_BC_56d,89,Bacterial Concrete,Inoculated,Bacillus subtilis,1000000,OPC 53 (UltraTech),56,Split Tensile Strength,3.647,150x300mm Cylinder,T Strenth Reading 1000000.xlsx,Sheet1,1090,False,4.04305126783455,7.483314773547883,1,13.815511557963774,56,4.04305126783455,3136.0,175616.0
TS_BC_56d_090,EXP_TS_BC_56d,90,Bacterial Concrete,Inoculated,Bacillus subtilis,1000000,OPC 53 (UltraTech),56,Split Tensile Strength,3.481,150x300mm Cylinder,T Strenth Reading 1000000.xlsx,Sheet1,1091,False,4.04305126783455,7.483314773547883,1,13.815511557963774,56,4.04305126783455,3136.0,175616.0
TS_BC_56d_091,EXP_TS_BC_56d,91,Bacterial Concrete,Inoculated,Bacillus subtilis,1000000,OPC 53 (UltraTech),56,Split Tensile Strength,3.615,150x300mm Cylinder,T Strenth Reading 1000000.xlsx,Sheet1,1092,False,4.04305126783455,7.483314773547883,1,13.815511557963774,56,4.04305126783455,3136.0,175616.0
TS_BC_56d_092,EXP_TS_BC_56d,92,Bacterial Concrete,Inoculated,Bacillus subtilis,1000000,OPC 53 (UltraTech),56,Split Tensile Strength,3.841,150x300mm Cylinder,T Strenth Reading 1000000.xlsx,Sheet1,1093,False,4.04305126783455,7.483314773547883,1,13.815511557963774,56,4.04305126783455,3136.0,175616.0
TS_BC_56d_093,EXP_TS_BC_56d,93,Bacterial Concrete,Inoculated,Bacillus subtilis,1000000,OPC 53 (UltraTech),56,Split Tensile Strength,3.486,150x300mm Cylinder,T Strenth Reading 1000000.xlsx,Sheet1,1094,False,4.04305126783455,7.483314773547883,1,13.815511557963774,56,4.04305126783455,3136.0,175616.0
TS_BC_56d_094,EXP_TS_BC_56d,94,Bacterial Concrete,Inoculated,Bacillus subtilis,1000000,OPC 53 (UltraTech),56,Split Tensile Strength,3.209,150x300mm Cylinder,T Strenth Reading 1000000.xlsx,Sheet1,1095,False,4.04305126783455,7.483314773547883,1,13.815511557963774,56,4.04305126783455,3136.0,175616.0
TS_BC_56d_095,EXP_TS_BC_56d,95,Bacterial Concrete,Inoculated,Bacillus subtilis,1000000,OPC 53 (UltraTech),56,Split Tensile Strength,3.45,150x300mm Cylinder,T Strenth Reading 1000000.xlsx,Sheet1,1096,False,4.04305126783455,7.483314773547883,1,13.815511557963774,56,4.04305126783455,3136.0,175616.0
TS_BC_56d_096,EXP_TS_BC_56d,96,Bacterial Concrete,Inoculated,Bacillus subtilis,1000000,OPC 53 (UltraTech),56,Split Tensile Strength,3.241,150x300mm Cylinder,T Strenth Reading 1000000.xlsx,Sheet1,1097,False,4.04305126783455,7.483314773547883,1,13.815511557963774,56,4.04305126783455,3136.0,175616.0
TS_BC_56d_097,EXP_TS_BC_56d,97,Bacterial Concrete,Inoculated,Bacillus subtilis,1000000,OPC 53 (UltraTech),56,Split Tensile Strength,3.592,150x300mm Cylinder,T Strenth Reading 1000000.xlsx,Sheet1,1098,False,4.04305126783455,7.483314773547883,1,13.815511557963774,56,4.04305126783455,3136.0,175616.0
TS_BC_56d_098,EXP_TS_BC_56d,98,Bacterial Concrete,Inoculated,Bacillus subtilis,1000000,OPC 53 (UltraTech),56,Split Tensile Strength,3.696,150x300mm Cylinder,T Strenth Reading 1000000.xlsx,Sheet1,1099,False,4.04305126783455,7.483314773547883,1,13.815511557963774,56,4.04305126783455,3136.0,175616.0
TS_BC_56d_099,EXP_TS_BC_56d,99,Bacterial Concrete,Inoculated,Bacillus subtilis,1000000,OPC 53 (UltraTech),56,Split Tensile Strength,3.604,150x300mm Cylinder,T Strenth Reading 1000000.xlsx,Sheet1,1100,False,4.04305126783455,7.483314773547883,1,13.815511557963774,56,4.04305126783455,3136.0,175616.0
TS_BC_56d_100,EXP_TS_BC_56d,100,Bacterial Concrete,Inoculated,Bacillus subtilis,1000000,OPC 53 (UltraTech),56,Split Tensile Strength,3.548,150x300mm Cylinder,T Strenth Reading 1000000.xlsx,Sheet1,1101,False,4.04305126783455,7.483314773547883,1,13.815511557963774,56,4.04305126783455,3136.0,175616.0
TS_BC_90d_001,EXP_TS_BC_90d,1,Bacterial Concrete,Inoculated,Bacillus subtilis,1000000,OPC 53 (UltraTech),90,Split Tensile Strength,3.703,150x300mm Cylinder,T Strenth Reading 1000000.xlsx,Sheet1,1102,False,4.51085950651685,9.486832980505138,1,13.815511557963774,90,4.51085950651685,8100.0,729000.0
TS_BC_90d_002,EXP_TS_BC_90d,2,Bacterial Concrete,Inoculated,Bacillus subtilis,1000000,OPC 53 (UltraTech),90,Split Tensile Strength,4.036,150x300mm Cylinder,T Strenth Reading 1000000.xlsx,Sheet1,1103,False,4.51085950651685,9.486832980505138,1,13.815511557963774,90,4.51085950651685,8100.0,729000.0
TS_BC_90d_003,EXP_TS_BC_90d,3,Bacterial Concrete,Inoculated,Bacillus subtilis,1000000,OPC 53 (UltraTech),90,Split Tensile Strength,3.913,150x300mm Cylinder,T Strenth Reading 1000000.xlsx,Sheet1,1104,False,4.51085950651685,9.486832980505138,1,13.815511557963774,90,4.51085950651685,8100.0,729000.0
TS_BC_90d_004,EXP_TS_BC_90d,4,Bacterial Concrete,Inoculated,Bacillus subtilis,1000000,OPC 53 (UltraTech),90,Split Tensile Strength,3.843,150x300mm Cylinder,T Strenth Reading 1000000.xlsx,Sheet1,1105,False,4.51085950651685,9.486832980505138,1,13.815511557963774,90,4.51085950651685,8100.0,729000.0
TS_BC_90d_005,EXP_TS_BC_90d,5,Bacterial Concrete,Inoculated,Bacillus subtilis,1000000,OPC 53 (UltraTech),90,Split Tensile Strength,3.831,150x300mm Cylinder,T Strenth Reading 1000000.xlsx,Sheet1,1106,False,4.51085950651685,9.486832980505138,1,13.815511557963774,90,4.51085950651685,8100.0,729000.0
TS_BC_90d_006,EXP_TS_BC_90d,6,Bacterial Concrete,Inoculated,Bacillus subtilis,1000000,OPC 53 (UltraTech),90,Split Tensile Strength,3.817,150x300mm Cylinder,T Strenth Reading 1000000.xlsx,Sheet1,1107,False,4.51085950651685,9.486832980505138,1,13.815511557963774,90,4.51085950651685,8100.0,729000.0
TS_BC_90d_007,EXP_TS_BC_90d,7,Bacterial Concrete,Inoculated,Bacillus subtilis,1000000,OPC 53 (UltraTech),90,Split Tensile Strength,3.868,150x300mm Cylinder,T Strenth Reading 1000000.xlsx,Sheet1,1108,False,4.51085950651685,9.486832980505138,1,13.815511557963774,90,4.51085950651685,8100.0,729000.0
TS_BC_90d_008,EXP_TS_BC_90d,8,Bacterial Concrete,Inoculated,Bacillus subtilis,1000000,OPC 53 (UltraTech),90,Split Tensile Strength,3.708,150x300mm Cylinder,T Strenth Reading 1000000.xlsx,Sheet1,1109,False,4.51085950651685,9.486832980505138,1,13.815511557963774,90,4.51085950651685,8100.0,729000.0
TS_BC_90d_009,EXP_TS_BC_90d,9,Bacterial Concrete,Inoculated,Bacillus subtilis,1000000,OPC 53 (UltraTech),90,Split Tensile Strength,4.029,150x300mm Cylinder,T Strenth Reading 1000000.xlsx,Sheet1,1110,False,4.51085950651685,9.486832980505138,1,13.815511557963774,90,4.51085950651685,8100.0,729000.0
TS_BC_90d_010,EXP_TS_BC_90d,10,Bacterial Concrete,Inoculated,Bacillus subtilis,1000000,OPC 53 (UltraTech),90,Split Tensile Strength,3.823,150x300mm Cylinder,T Strenth Reading 1000000.xlsx,Sheet1,1111,False,4.51085950651685,9.486832980505138,1,13.815511557963774,90,4.51085950651685,8100.0,729000.0
TS_BC_90d_011,EXP_TS_BC_90d,11,Bacterial Concrete,Inoculated,Bacillus subtilis,1000000,OPC 53 (UltraTech),90,Split Tensile Strength,3.89,150x300mm Cylinder,T Strenth Reading 1000000.xlsx,Sheet1,1112,False,4.51085950651685,9.486832980505138,1,13.815511557963774,90,4.51085950651685,8100.0,729000.0
TS_BC_90d_012,EXP_TS_BC_90d,12,Bacterial Concrete,Inoculated,Bacillus subtilis,1000000,OPC 53 (UltraTech),90,Split Tensile Strength,3.735,150x300mm Cylinder,T Strenth Reading 1000000.xlsx,Sheet1,1113,False,4.51085950651685,9.486832980505138,1,13.815511557963774,90,4.51085950651685,8100.0,729000.0
TS_BC_90d_013,EXP_TS_BC_90d,13,Bacterial Concrete,Inoculated,Bacillus subtilis,1000000,OPC 53 (UltraTech),90,Split Tensile Strength,3.856,150x300mm Cylinder,T Strenth Reading 1000000.xlsx,Sheet1,1114,False,4.51085950651685,9.486832980505138,1,13.815511557963774,90,4.51085950651685,8100.0,729000.0
TS_BC_90d_014,EXP_TS_BC_90d,14,Bacterial Concrete,Inoculated,Bacillus subtilis,1000000,OPC 53 (UltraTech),90,Split Tensile Strength,3.458,150x300mm Cylinder,T Strenth Reading 1000000.xlsx,Sheet1,1115,False,4.51085950651685,9.486832980505138,1,13.815511557963774,90,4.51085950651685,8100.0,729000.0
TS_BC_90d_015,EXP_TS_BC_90d,15,Bacterial Concrete,Inoculated,Bacillus subtilis,1000000,OPC 53 (UltraTech),90,Split Tensile Strength,3.632,150x300mm Cylinder,T Strenth Reading 1000000.xlsx,Sheet1,1116,False,4.51085950651685,9.486832980505138,1,13.815511557963774,90,4.51085950651685,8100.0,729000.0
TS_BC_90d_016,EXP_TS_BC_90d,16,Bacterial Concrete,Inoculated,Bacillus subtilis,1000000,OPC 53 (UltraTech),90,Split Tensile Strength,3.795,150x300mm Cylinder,T Strenth Reading 1000000.xlsx,Sheet1,1117,False,4.51085950651685,9.486832980505138,1,13.815511557963774,90,4.51085950651685,8100.0,729000.0
TS_BC_90d_017,EXP_TS_BC_90d,17,Bacterial Concrete,Inoculated,Bacillus subtilis,1000000,OPC 53 (UltraTech),90,Split Tensile Strength,3.602,150x300mm Cylinder,T Strenth Reading 1000000.xlsx,Sheet1,1118,False,4.51085950651685,9.486832980505138,1,13.815511557963774,90,4.51085950651685,8100.0,729000.0
TS_BC_90d_018,EXP_TS_BC_90d,18,Bacterial Concrete,Inoculated,Bacillus subtilis,1000000,OPC 53 (UltraTech),90,Split Tensile Strength,4.166,150x300mm Cylinder,T Strenth Reading 1000000.xlsx,Sheet1,1119,False,4.51085950651685,9.486832980505138,1,13.815511557963774,90,4.51085950651685,8100.0,729000.0
TS_BC_90d_019,EXP_TS_BC_90d,19,Bacterial Concrete,Inoculated,Bacillus subtilis,1000000,OPC 53 (UltraTech),90,Split Tensile Strength,3.55,150x300mm Cylinder,T Strenth Reading 1000000.xlsx,Sheet1,1120,False,4.51085950651685,9.486832980505138,1,13.815511557963774,90,4.51085950651685,8100.0,729000.0
TS_BC_90d_020,EXP_TS_BC_90d,20,Bacterial Concrete,Inoculated,Bacillus subtilis,1000000,OPC 53 (UltraTech),90,Split Tensile Strength,3.852,150x300mm Cylinder,T Strenth Reading 1000000.xlsx,Sheet1,1121,False,4.51085950651685,9.486832980505138,1,13.815511557963774,90,4.51085950651685,8100.0,729000.0
TS_BC_90d_021,EXP_TS_BC_90d,21,Bacterial Concrete,Inoculated,Bacillus subtilis,1000000,OPC 53 (UltraTech),90,Split Tensile Strength,4.048,150x300mm Cylinder,T Strenth Reading 1000000.xlsx,Sheet1,1122,False,4.51085950651685,9.486832980505138,1,13.815511557963774,90,4.51085950651685,8100.0,729000.0
TS_BC_90d_022,EXP_TS_BC_90d,22,Bacterial Concrete,Inoculated,Bacillus subtilis,1000000,OPC 53 (UltraTech),90,Split Tensile Strength,3.872,150x300mm Cylinder,T Strenth Reading 1000000.xlsx,Sheet1,1123,False,4.51085950651685,9.486832980505138,1,13.815511557963774,90,4.51085950651685,8100.0,729000.0
TS_BC_90d_023,EXP_TS_BC_90d,23,Bacterial Concrete,Inoculated,Bacillus subtilis,1000000,OPC 53 (UltraTech),90,Split Tensile Strength,3.753,150x300mm Cylinder,T Strenth Reading 1000000.xlsx,Sheet1,1124,False,4.51085950651685,9.486832980505138,1,13.815511557963774,90,4.51085950651685,8100.0,729000.0
TS_BC_90d_024,EXP_TS_BC_90d,24,Bacterial Concrete,Inoculated,Bacillus subtilis,1000000,OPC 53 (UltraTech),90,Split Tensile Strength,3.717,150x300mm Cylinder,T Strenth Reading 1000000.xlsx,Sheet1,1125,False,4.51085950651685,9.486832980505138,1,13.815511557963774,90,4.51085950651685,8100.0,729000.0
TS_BC_90d_025,EXP_TS_BC_90d,25,Bacterial Concrete,Inoculated,Bacillus subtilis,1000000,OPC 53 (UltraTech),90,Split Tensile Strength,3.901,150x300mm Cylinder,T Strenth Reading 1000000.xlsx,Sheet1,1126,False,4.51085950651685,9.486832980505138,1,13.815511557963774,90,4.51085950651685,8100.0,729000.0
TS_BC_90d_026,EXP_TS_BC_90d,26,Bacterial Concrete,Inoculated,Bacillus subtilis,1000000,OPC 53 (UltraTech),90,Split Tensile Strength,3.68,150x300mm Cylinder,T Strenth Reading 1000000.xlsx,Sheet1,1127,False,4.51085950651685,9.486832980505138,1,13.815511557963774,90,4.51085950651685,8100.0,729000.0
TS_BC_90d_027,EXP_TS_BC_90d,27,Bacterial Concrete,Inoculated,Bacillus subtilis,1000000,OPC 53 (UltraTech),90,Split Tensile Strength,3.782,150x300mm Cylinder,T Strenth Reading 1000000.xlsx,Sheet1,1128,False,4.51085950651685,9.486832980505138,1,13.815511557963774,90,4.51085950651685,8100.0,729000.0
TS_BC_90d_028,EXP_TS_BC_90d,28,Bacterial Concrete,Inoculated,Bacillus subtilis,1000000,OPC 53 (UltraTech),90,Split Tensile Strength,3.904,150x300mm Cylinder,T Strenth Reading 1000000.xlsx,Sheet1,1129,False,4.51085950651685,9.486832980505138,1,13.815511557963774,90,4.51085950651685,8100.0,729000.0
TS_BC_90d_029,EXP_TS_BC_90d,29,Bacterial Concrete,Inoculated,Bacillus subtilis,1000000,OPC 53 (UltraTech),90,Split Tensile Strength,3.754,150x300mm Cylinder,T Strenth Reading 1000000.xlsx,Sheet1,1130,False,4.51085950651685,9.486832980505138,1,13.815511557963774,90,4.51085950651685,8100.0,729000.0
TS_BC_90d_030,EXP_TS_BC_90d,30,Bacterial Concrete,Inoculated,Bacillus subtilis,1000000,OPC 53 (UltraTech),90,Split Tensile Strength,3.813,150x300mm Cylinder,T Strenth Reading 1000000.xlsx,Sheet1,1131,False,4.51085950651685,9.486832980505138,1,13.815511557963774,90,4.51085950651685,8100.0,729000.0
TS_BC_90d_031,EXP_TS_BC_90d,31,Bacterial Concrete,Inoculated,Bacillus subtilis,1000000,OPC 53 (UltraTech),90,Split Tensile Strength,3.754,150x300mm Cylinder,T Strenth Reading 1000000.xlsx,Sheet1,1132,False,4.51085950651685,9.486832980505138,1,13.815511557963774,90,4.51085950651685,8100.0,729000.0
TS_BC_90d_032,EXP_TS_BC_90d,32,Bacterial Concrete,Inoculated,Bacillus subtilis,1000000,OPC 53 (UltraTech),90,Split Tensile Strength,3.655,150x300mm Cylinder,T Strenth Reading 1000000.xlsx,Sheet1,1133,False,4.51085950651685,9.486832980505138,1,13.815511557963774,90,4.51085950651685,8100.0,729000.0
TS_BC_90d_033,EXP_TS_BC_90d,33,Bacterial Concrete,Inoculated,Bacillus subtilis,1000000,OPC 53 (UltraTech),90,Split Tensile Strength,3.978,150x300mm Cylinder,T Strenth Reading 1000000.xlsx,Sheet1,1134,False,4.51085950651685,9.486832980505138,1,13.815511557963774,90,4.51085950651685,8100.0,729000.0
TS_BC_90d_034,EXP_TS_BC_90d,34,Bacterial Concrete,Inoculated,Bacillus subtilis,1000000,OPC 53 (UltraTech),90,Split Tensile Strength,4.009,150x300mm Cylinder,T Strenth Reading 1000000.xlsx,Sheet1,1135,False,4.51085950651685,9.486832980505138,1,13.815511557963774,90,4.51085950651685,8100.0,729000.0
TS_BC_90d_035,EXP_TS_BC_90d,35,Bacterial Concrete,Inoculated,Bacillus subtilis,1000000,OPC 53 (UltraTech),90,Split Tensile Strength,3.752,150x300mm Cylinder,T Strenth Reading 1000000.xlsx,Sheet1,1136,False,4.51085950651685,9.486832980505138,1,13.815511557963774,90,4.51085950651685,8100.0,729000.0
TS_BC_90d_036,EXP_TS_BC_90d,36,Bacterial Concrete,Inoculated,Bacillus subtilis,1000000,OPC 53 (UltraTech),90,Split Tensile Strength,3.76,150x300mm Cylinder,T Strenth Reading 1000000.xlsx,Sheet1,1137,False,4.51085950651685,9.486832980505138,1,13.815511557963774,90,4.51085950651685,8100.0,729000.0
TS_BC_90d_037,EXP_TS_BC_90d,37,Bacterial Concrete,Inoculated,Bacillus subtilis,1000000,OPC 53 (UltraTech),90,Split Tensile Strength,3.773,150x300mm Cylinder,T Strenth Reading 1000000.xlsx,Sheet1,1138,False,4.51085950651685,9.486832980505138,1,13.815511557963774,90,4.51085950651685,8100.0,729000.0
TS_BC_90d_038,EXP_TS_BC_90d,38,Bacterial Concrete,Inoculated,Bacillus subtilis,1000000,OPC 53 (UltraTech),90,Split Tensile Strength,3.881,150x300mm Cylinder,T Strenth Reading 1000000.xlsx,Sheet1,1139,False,4.51085950651685,9.486832980505138,1,13.815511557963774,90,4.51085950651685,8100.0,729000.0
TS_BC_90d_039,EXP_TS_BC_90d,39,Bacterial Concrete,Inoculated,Bacillus subtilis,1000000,OPC 53 (UltraTech),90,Split Tensile Strength,3.664,150x300mm Cylinder,T Strenth Reading 1000000.xlsx,Sheet1,1140,False,4.51085950651685,9.486832980505138,1,13.815511557963774,90,4.51085950651685,8100.0,729000.0
TS_BC_90d_040,EXP_TS_BC_90d,40,Bacterial Concrete,Inoculated,Bacillus subtilis,1000000,OPC 53 (UltraTech),90,Split Tensile Strength,3.787,150x300mm Cylinder,T Strenth Reading 1000000.xlsx,Sheet1,1141,False,4.51085950651685,9.486832980505138,1,13.815511557963774,90,4.51085950651685,8100.0,729000.0
TS_BC_90d_041,EXP_TS_BC_90d,41,Bacterial Concrete,Inoculated,Bacillus subtilis,1000000,OPC 53 (UltraTech),90,Split Tensile Strength,3.839,150x300mm Cylinder,T Strenth Reading 1000000.xlsx,Sheet1,1142,False,4.51085950651685,9.486832980505138,1,13.815511557963774,90,4.51085950651685,8100.0,729000.0
TS_BC_90d_042,EXP_TS_BC_90d,42,Bacterial Concrete,Inoculated,Bacillus subtilis,1000000,OPC 53 (UltraTech),90,Split Tensile Strength,3.896,150x300mm Cylinder,T Strenth Reading 1000000.xlsx,Sheet1,1143,False,4.51085950651685,9.486832980505138,1,13.815511557963774,90,4.51085950651685,8100.0,729000.0
TS_BC_90d_043,EXP_TS_BC_90d,43,Bacterial Concrete,Inoculated,Bacillus subtilis,1000000,OPC 53 (UltraTech),90,Split Tensile Strength,3.383,150x300mm Cylinder,T Strenth Reading 1000000.xlsx,Sheet1,1144,False,4.51085950651685,9.486832980505138,1,13.815511557963774,90,4.51085950651685,8100.0,729000.0
TS_BC_90d_044,EXP_TS_BC_90d,44,Bacterial Concrete,Inoculated,Bacillus subtilis,1000000,OPC 53 (UltraTech),90,Split Tensile Strength,3.861,150x300mm Cylinder,T Strenth Reading 1000000.xlsx,Sheet1,1145,False,4.51085950651685,9.486832980505138,1,13.815511557963774,90,4.51085950651685,8100.0,729000.0
TS_BC_90d_045,EXP_TS_BC_90d,45,Bacterial Concrete,Inoculated,Bacillus subtilis,1000000,OPC 53 (UltraTech),90,Split Tensile Strength,3.852,150x300mm Cylinder,T Strenth Reading 1000000.xlsx,Sheet1,1146,False,4.51085950651685,9.486832980505138,1,13.815511557963774,90,4.51085950651685,8100.0,729000.0
TS_BC_90d_046,EXP_TS_BC_90d,46,Bacterial Concrete,Inoculated,Bacillus subtilis,1000000,OPC 53 (UltraTech),90,Split Tensile Strength,3.951,150x300mm Cylinder,T Strenth Reading 1000000.xlsx,Sheet1,1147,False,4.51085950651685,9.486832980505138,1,13.815511557963774,90,4.51085950651685,8100.0,729000.0
TS_BC_90d_047,EXP_TS_BC_90d,47,Bacterial Concrete,Inoculated,Bacillus subtilis,1000000,OPC 53 (UltraTech),90,Split Tensile Strength,3.721,150x300mm Cylinder,T Strenth Reading 1000000.xlsx,Sheet1,1148,False,4.51085950651685,9.486832980505138,1,13.815511557963774,90,4.51085950651685,8100.0,729000.0
TS_BC_90d_048,EXP_TS_BC_90d,48,Bacterial Concrete,Inoculated,Bacillus subtilis,1000000,OPC 53 (UltraTech),90,Split Tensile Strength,3.722,150x300mm Cylinder,T Strenth Reading 1000000.xlsx,Sheet1,1149,False,4.51085950651685,9.486832980505138,1,13.815511557963774,90,4.51085950651685,8100.0,729000.0
TS_BC_90d_049,EXP_TS_BC_90d,49,Bacterial Concrete,Inoculated,Bacillus subtilis,1000000,OPC 53 (UltraTech),90,Split Tensile Strength,3.98,150x300mm Cylinder,T Strenth Reading 1000000.xlsx,Sheet1,1150,False,4.51085950651685,9.486832980505138,1,13.815511557963774,90,4.51085950651685,8100.0,729000.0
TS_BC_90d_050,EXP_TS_BC_90d,50,Bacterial Concrete,Inoculated,Bacillus subtilis,1000000,OPC 53 (UltraTech),90,Split Tensile Strength,3.566,150x300mm Cylinder,T Strenth Reading 1000000.xlsx,Sheet1,1151,False,4.51085950651685,9.486832980505138,1,13.815511557963774,90,4.51085950651685,8100.0,729000.0
TS_BC_90d_051,EXP_TS_BC_90d,51,Bacterial Concrete,Inoculated,Bacillus subtilis,1000000,OPC 53 (UltraTech),90,Split Tensile Strength,4.044,150x300mm Cylinder,T Strenth Reading 1000000.xlsx,Sheet1,1152,False,4.51085950651685,9.486832980505138,1,13.815511557963774,90,4.51085950651685,8100.0,729000.0
TS_BC_90d_052,EXP_TS_BC_90d,52,Bacterial Concrete,Inoculated,Bacillus subtilis,1000000,OPC 53 (UltraTech),90,Split Tensile Strength,4.183,150x300mm Cylinder,T Strenth Reading 1000000.xlsx,Sheet1,1153,False,4.51085950651685,9.486832980505138,1,13.815511557963774,90,4.51085950651685,8100.0,729000.0
TS_BC_90d_053,EXP_TS_BC_90d,53,Bacterial Concrete,Inoculated,Bacillus subtilis,1000000,OPC 53 (UltraTech),90,Split Tensile Strength,3.872,150x300mm Cylinder,T Strenth Reading 1000000.xlsx,Sheet1,1154,False,4.51085950651685,9.486832980505138,1,13.815511557963774,90,4.51085950651685,8100.0,729000.0
TS_BC_90d_054,EXP_TS_BC_90d,54,Bacterial Concrete,Inoculated,Bacillus subtilis,1000000,OPC 53 (UltraTech),90,Split Tensile Strength,3.922,150x300mm Cylinder,T Strenth Reading 1000000.xlsx,Sheet1,1155,False,4.51085950651685,9.486832980505138,1,13.815511557963774,90,4.51085950651685,8100.0,729000.0
TS_BC_90d_055,EXP_TS_BC_90d,55,Bacterial Concrete,Inoculated,Bacillus subtilis,1000000,OPC 53 (UltraTech),90,Split Tensile Strength,3.577,150x300mm Cylinder,T Strenth Reading 1000000.xlsx,Sheet1,1156,False,4.51085950651685,9.486832980505138,1,13.815511557963774,90,4.51085950651685,8100.0,729000.0
TS_BC_90d_056,EXP_TS_BC_90d,56,Bacterial Concrete,Inoculated,Bacillus subtilis,1000000,OPC 53 (UltraTech),90,Split Tensile Strength,3.696,150x300mm Cylinder,T Strenth Reading 1000000.xlsx,Sheet1,1157,False,4.51085950651685,9.486832980505138,1,13.815511557963774,90,4.51085950651685,8100.0,729000.0
TS_BC_90d_057,EXP_TS_BC_90d,57,Bacterial Concrete,Inoculated,Bacillus subtilis,1000000,OPC 53 (UltraTech),90,Split Tensile Strength,3.959,150x300mm Cylinder,T Strenth Reading 1000000.xlsx,Sheet1,1158,False,4.51085950651685,9.486832980505138,1,13.815511557963774,90,4.51085950651685,8100.0,729000.0
TS_BC_90d_058,EXP_TS_BC_90d,58,Bacterial Concrete,Inoculated,Bacillus subtilis,1000000,OPC 53 (UltraTech),90,Split Tensile Strength,3.854,150x300mm Cylinder,T Strenth Reading 1000000.xlsx,Sheet1,1159,False,4.51085950651685,9.486832980505138,1,13.815511557963774,90,4.51085950651685,8100.0,729000.0
TS_BC_90d_059,EXP_TS_BC_90d,59,Bacterial Concrete,Inoculated,Bacillus subtilis,1000000,OPC 53 (UltraTech),90,Split Tensile Strength,3.773,150x300mm Cylinder,T Strenth Reading 1000000.xlsx,Sheet1,1160,False,4.51085950651685,9.486832980505138,1,13.815511557963774,90,4.51085950651685,8100.0,729000.0
TS_BC_90d_060,EXP_TS_BC_90d,60,Bacterial Concrete,Inoculated,Bacillus subtilis,1000000,OPC 53 (UltraTech),90,Split Tensile Strength,3.835,150x300mm Cylinder,T Strenth Reading 1000000.xlsx,Sheet1,1161,False,4.51085950651685,9.486832980505138,1,13.815511557963774,90,4.51085950651685,8100.0,729000.0
TS_BC_90d_061,EXP_TS_BC_90d,61,Bacterial Concrete,Inoculated,Bacillus subtilis,1000000,OPC 53 (UltraTech),90,Split Tensile Strength,3.876,150x300mm Cylinder,T Strenth Reading 1000000.xlsx,Sheet1,1162,False,4.51085950651685,9.486832980505138,1,13.815511557963774,90,4.51085950651685,8100.0,729000.0
TS_BC_90d_062,EXP_TS_BC_90d,62,Bacterial Concrete,Inoculated,Bacillus subtilis,1000000,OPC 53 (UltraTech),90,Split Tensile Strength,3.756,150x300mm Cylinder,T Strenth Reading 1000000.xlsx,Sheet1,1163,False,4.51085950651685,9.486832980505138,1,13.815511557963774,90,4.51085950651685,8100.0,729000.0
TS_BC_90d_063,EXP_TS_BC_90d,63,Bacterial Concrete,Inoculated,Bacillus subtilis,1000000,OPC 53 (UltraTech),90,Split Tensile Strength,3.796,150x300mm Cylinder,T Strenth Reading 1000000.xlsx,Sheet1,1164,False,4.51085950651685,9.486832980505138,1,13.815511557963774,90,4.51085950651685,8100.0,729000.0
TS_BC_90d_064,EXP_TS_BC_90d,64,Bacterial Concrete,Inoculated,Bacillus subtilis,1000000,OPC 53 (UltraTech),90,Split Tensile Strength,3.795,150x300mm Cylinder,T Strenth Reading 1000000.xlsx,Sheet1,1165,False,4.51085950651685,9.486832980505138,1,13.815511557963774,90,4.51085950651685,8100.0,729000.0
TS_BC_90d_065,EXP_TS_BC_90d,65,Bacterial Concrete,Inoculated,Bacillus subtilis,1000000,OPC 53 (UltraTech),90,Split Tensile Strength,3.642,150x300mm Cylinder,T Strenth Reading 1000000.xlsx,Sheet1,1166,False,4.51085950651685,9.486832980505138,1,13.815511557963774,90,4.51085950651685,8100.0,729000.0
TS_BC_90d_066,EXP_TS_BC_90d,66,Bacterial Concrete,Inoculated,Bacillus subtilis,1000000,OPC 53 (UltraTech),90,Split Tensile Strength,3.849,150x300mm Cylinder,T Strenth Reading 1000000.xlsx,Sheet1,1167,False,4.51085950651685,9.486832980505138,1,13.815511557963774,90,4.51085950651685,8100.0,729000.0
TS_BC_90d_067,EXP_TS_BC_90d,67,Bacterial Concrete,Inoculated,Bacillus subtilis,1000000,OPC 53 (UltraTech),90,Split Tensile Strength,4.071,150x300mm Cylinder,T Strenth Reading 1000000.xlsx,Sheet1,1168,False,4.51085950651685,9.486832980505138,1,13.815511557963774,90,4.51085950651685,8100.0,729000.0
TS_BC_90d_068,EXP_TS_BC_90d,68,Bacterial Concrete,Inoculated,Bacillus subtilis,1000000,OPC 53 (UltraTech),90,Split Tensile Strength,4.06,150x300mm Cylinder,T Strenth Reading 1000000.xlsx,Sheet1,1169,False,4.51085950651685,9.486832980505138,1,13.815511557963774,90,4.51085950651685,8100.0,729000.0
TS_BC_90d_069,EXP_TS_BC_90d,69,Bacterial Concrete,Inoculated,Bacillus subtilis,1000000,OPC 53 (UltraTech),90,Split Tensile Strength,3.579,150x300mm Cylinder,T Strenth Reading 1000000.xlsx,Sheet1,1170,False,4.51085950651685,9.486832980505138,1,13.815511557963774,90,4.51085950651685,8100.0,729000.0
TS_BC_90d_070,EXP_TS_BC_90d,70,Bacterial Concrete,Inoculated,Bacillus subtilis,1000000,OPC 53 (UltraTech),90,Split Tensile Strength,3.886,150x300mm Cylinder,T Strenth Reading 1000000.xlsx,Sheet1,1171,False,4.51085950651685,9.486832980505138,1,13.815511557963774,90,4.51085950651685,8100.0,729000.0
TS_BC_90d_071,EXP_TS_BC_90d,71,Bacterial Concrete,Inoculated,Bacillus subtilis,1000000,OPC 53 (UltraTech),90,Split Tensile Strength,3.901,150x300mm Cylinder,T Strenth Reading 1000000.xlsx,Sheet1,1172,False,4.51085950651685,9.486832980505138,1,13.815511557963774,90,4.51085950651685,8100.0,729000.0
TS_BC_90d_072,EXP_TS_BC_90d,72,Bacterial Concrete,Inoculated,Bacillus subtilis,1000000,OPC 53 (UltraTech),90,Split Tensile Strength,3.738,150x300mm Cylinder,T Strenth Reading 1000000.xlsx,Sheet1,1173,False,4.51085950651685,9.486832980505138,1,13.815511557963774,90,4.51085950651685,8100.0,729000.0
TS_BC_90d_073,EXP_TS_BC_90d,73,Bacterial Concrete,Inoculated,Bacillus subtilis,1000000,OPC 53 (UltraTech),90,Split Tensile Strength,3.655,150x300mm Cylinder,T Strenth Reading 1000000.xlsx,Sheet1,1174,False,4.51085950651685,9.486832980505138,1,13.815511557963774,90,4.51085950651685,8100.0,729000.0
TS_BC_90d_074,EXP_TS_BC_90d,74,Bacterial Concrete,Inoculated,Bacillus subtilis,1000000,OPC 53 (UltraTech),90,Split Tensile Strength,3.602,150x300mm Cylinder,T Strenth Reading 1000000.xlsx,Sheet1,1175,False,4.51085950651685,9.486832980505138,1,13.815511557963774,90,4.51085950651685,8100.0,729000.0
TS_BC_90d_075,EXP_TS_BC_90d,75,Bacterial Concrete,Inoculated,Bacillus subtilis,1000000,OPC 53 (UltraTech),90,Split Tensile Strength,3.733,150x300mm Cylinder,T Strenth Reading 1000000.xlsx,Sheet1,1176,False,4.51085950651685,9.486832980505138,1,13.815511557963774,90,4.51085950651685,8100.0,729000.0
TS_BC_90d_076,EXP_TS_BC_90d,76,Bacterial Concrete,Inoculated,Bacillus subtilis,1000000,OPC 53 (UltraTech),90,Split Tensile Strength,3.853,150x300mm Cylinder,T Strenth Reading 1000000.xlsx,Sheet1,1177,False,4.51085950651685,9.486832980505138,1,13.815511557963774,90,4.51085950651685,8100.0,729000.0
TS_BC_90d_077,EXP_TS_BC_90d,77,Bacterial Concrete,Inoculated,Bacillus subtilis,1000000,OPC 53 (UltraTech),90,Split Tensile Strength,3.776,150x300mm Cylinder,T Strenth Reading 1000000.xlsx,Sheet1,1178,False,4.51085950651685,9.486832980505138,1,13.815511557963774,90,4.51085950651685,8100.0,729000.0
TS_BC_90d_078,EXP_TS_BC_90d,78,Bacterial Concrete,Inoculated,Bacillus subtilis,1000000,OPC 53 (UltraTech),90,Split Tensile Strength,3.708,150x300mm Cylinder,T Strenth Reading 1000000.xlsx,Sheet1,1179,False,4.51085950651685,9.486832980505138,1,13.815511557963774,90,4.51085950651685,8100.0,729000.0
TS_BC_90d_079,EXP_TS_BC_90d,79,Bacterial Concrete,Inoculated,Bacillus subtilis,1000000,OPC 53 (UltraTech),90,Split Tensile Strength,3.613,150x300mm Cylinder,T Strenth Reading 1000000.xlsx,Sheet1,1180,False,4.51085950651685,9.486832980505138,1,13.815511557963774,90,4.51085950651685,8100.0,729000.0
TS_BC_90d_080,EXP_TS_BC_90d,80,Bacterial Concrete,Inoculated,Bacillus subtilis,1000000,OPC 53 (UltraTech),90,Split Tensile Strength,3.853,150x300mm Cylinder,T Strenth Reading 1000000.xlsx,Sheet1,1181,False,4.51085950651685,9.486832980505138,1,13.815511557963774,90,4.51085950651685,8100.0,729000.0
TS_BC_90d_081,EXP_TS_BC_90d,81,Bacterial Concrete,Inoculated,Bacillus subtilis,1000000,OPC 53 (UltraTech),90,Split Tensile Strength,3.96,150x300mm Cylinder,T Strenth Reading 1000000.xlsx,Sheet1,1182,False,4.51085950651685,9.486832980505138,1,13.815511557963774,90,4.51085950651685,8100.0,729000.0
TS_BC_90d_082,EXP_TS_BC_90d,82,Bacterial Concrete,Inoculated,Bacillus subtilis,1000000,OPC 53 (UltraTech),90,Split Tensile Strength,3.661,150x300mm Cylinder,T Strenth Reading 1000000.xlsx,Sheet1,1183,False,4.51085950651685,9.486832980505138,1,13.815511557963774,90,4.51085950651685,8100.0,729000.0
TS_BC_90d_083,EXP_TS_BC_90d,83,Bacterial Concrete,Inoculated,Bacillus subtilis,1000000,OPC 53 (UltraTech),90,Split Tensile Strength,3.867,150x300mm Cylinder,T Strenth Reading 1000000.xlsx,Sheet1,1184,False,4.51085950651685,9.486832980505138,1,13.815511557963774,90,4.51085950651685,8100.0,729000.0
TS_BC_90d_084,EXP_TS_BC_90d,84,Bacterial Concrete,Inoculated,Bacillus subtilis,1000000,OPC 53 (UltraTech),90,Split Tensile Strength,3.518,150x300mm Cylinder,T Strenth Reading 1000000.xlsx,Sheet1,1185,False,4.51085950651685,9.486832980505138,1,13.815511557963774,90,4.51085950651685,8100.0,729000.0
TS_BC_90d_085,EXP_TS_BC_90d,85,Bacterial Concrete,Inoculated,Bacillus subtilis,1000000,OPC 53 (UltraTech),90,Split Tensile Strength,3.701,150x300mm Cylinder,T Strenth Reading 1000000.xlsx,Sheet1,1186,False,4.51085950651685,9.486832980505138,1,13.815511557963774,90,4.51085950651685,8100.0,729000.0
TS_BC_90d_086,EXP_TS_BC_90d,86,Bacterial Concrete,Inoculated,Bacillus subtilis,1000000,OPC 53 (UltraTech),90,Split Tensile Strength,3.909,150x300mm Cylinder,T Strenth Reading 1000000.xlsx,Sheet1,1187,False,4.51085950651685,9.486832980505138,1,13.815511557963774,90,4.51085950651685,8100.0,729000.0
TS_BC_90d_087,EXP_TS_BC_90d,87,Bacterial Concrete,Inoculated,Bacillus subtilis,1000000,OPC 53 (UltraTech),90,Split Tensile Strength,3.632,150x300mm Cylinder,T Strenth Reading 1000000.xlsx,Sheet1,1188,False,4.51085950651685,9.486832980505138,1,13.815511557963774,90,4.51085950651685,8100.0,729000.0
TS_BC_90d_088,EXP_TS_BC_90d,88,Bacterial Concrete,Inoculated,Bacillus subtilis,1000000,OPC 53 (UltraTech),90,Split Tensile Strength,3.709,150x300mm Cylinder,T Strenth Reading 1000000.xlsx,Sheet1,1189,False,4.51085950651685,9.486832980505138,1,13.815511557963774,90,4.51085950651685,8100.0,729000.0
TS_BC_90d_089,EXP_TS_BC_90d,89,Bacterial Concrete,Inoculated,Bacillus subtilis,1000000,OPC 53 (UltraTech),90,Split Tensile Strength,4.013,150x300mm Cylinder,T Strenth Reading 1000000.xlsx,Sheet1,1190,False,4.51085950651685,9.486832980505138,1,13.815511557963774,90,4.51085950651685,8100.0,729000.0
TS_BC_90d_090,EXP_TS_BC_90d,90,Bacterial Concrete,Inoculated,Bacillus subtilis,1000000,OPC 53 (UltraTech),90,Split Tensile Strength,3.69,150x300mm Cylinder,T Strenth Reading 1000000.xlsx,Sheet1,1191,False,4.51085950651685,9.486832980505138,1,13.815511557963774,90,4.51085950651685,8100.0,729000.0
TS_BC_90d_091,EXP_TS_BC_90d,91,Bacterial Concrete,Inoculated,Bacillus subtilis,1000000,OPC 53 (UltraTech),90,Split Tensile Strength,3.672,150x300mm Cylinder,T Strenth Reading 1000000.xlsx,Sheet1,1192,False,4.51085950651685,9.486832980505138,1,13.815511557963774,90,4.51085950651685,8100.0,729000.0
TS_BC_90d_092,EXP_TS_BC_90d,92,Bacterial Concrete,Inoculated,Bacillus subtilis,1000000,OPC 53 (UltraTech),90,Split Tensile Strength,3.886,150x300mm Cylinder,T Strenth Reading 1000000.xlsx,Sheet1,1193,False,4.51085950651685,9.486832980505138,1,13.815511557963774,90,4.51085950651685,8100.0,729000.0
TS_BC_90d_093,EXP_TS_BC_90d,93,Bacterial Concrete,Inoculated,Bacillus subtilis,1000000,OPC 53 (UltraTech),90,Split Tensile Strength,4.093,150x300mm Cylinder,T Strenth Reading 1000000.xlsx,Sheet1,1194,False,4.51085950651685,9.486832980505138,1,13.815511557963774,90,4.51085950651685,8100.0,729000.0
TS_BC_90d_094,EXP_TS_BC_90d,94,Bacterial Concrete,Inoculated,Bacillus subtilis,1000000,OPC 53 (UltraTech),90,Split Tensile Strength,3.764,150x300mm Cylinder,T Strenth Reading 1000000.xlsx,Sheet1,1195,False,4.51085950651685,9.486832980505138,1,13.815511557963774,90,4.51085950651685,8100.0,729000.0
TS_BC_90d_095,EXP_TS_BC_90d,95,Bacterial Concrete,Inoculated,Bacillus subtilis,1000000,OPC 53 (UltraTech),90,Split Tensile Strength,3.915,150x300mm Cylinder,T Strenth Reading 1000000.xlsx,Sheet1,1196,False,4.51085950651685,9.486832980505138,1,13.815511557963774,90,4.51085950651685,8100.0,729000.0
TS_BC_90d_096,EXP_TS_BC_90d,96,Bacterial Concrete,Inoculated,Bacillus subtilis,1000000,OPC 53 (UltraTech),90,Split Tensile Strength,4.002,150x300mm Cylinder,T Strenth Reading 1000000.xlsx,Sheet1,1197,False,4.51085950651685,9.486832980505138,1,13.815511557963774,90,4.51085950651685,8100.0,729000.0
TS_BC_90d_097,EXP_TS_BC_90d,97,Bacterial Concrete,Inoculated,Bacillus subtilis,1000000,OPC 53 (UltraTech),90,Split Tensile Strength,3.849,150x300mm Cylinder,T Strenth Reading 1000000.xlsx,Sheet1,1198,False,4.51085950651685,9.486832980505138,1,13.815511557963774,90,4.51085950651685,8100.0,729000.0
TS_BC_90d_098,EXP_TS_BC_90d,98,Bacterial Concrete,Inoculated,Bacillus subtilis,1000000,OPC 53 (UltraTech),90,Split Tensile Strength,3.76,150x300mm Cylinder,T Strenth Reading 1000000.xlsx,Sheet1,1199,False,4.51085950651685,9.486832980505138,1,13.815511557963774,90,4.51085950651685,8100.0,729000.0
TS_BC_90d_099,EXP_TS_BC_90d,99,Bacterial Concrete,Inoculated,Bacillus subtilis,1000000,OPC 53 (UltraTech),90,Split Tensile Strength,3.669,150x300mm Cylinder,T Strenth Reading 1000000.xlsx,Sheet1,1200,False,4.51085950651685,9.486832980505138,1,13.815511557963774,90,4.51085950651685,8100.0,729000.0
TS_BC_90d_100,EXP_TS_BC_90d,100,Bacterial Concrete,Inoculated,Bacillus subtilis,1000000,OPC 53 (UltraTech),90,Split Tensile Strength,3.586,150x300mm Cylinder,T Strenth Reading 1000000.xlsx,Sheet1,1201,False,4.51085950651685,9.486832980505138,1,13.815511557963774,90,4.51085950651685,8100.0,729000.0
