model,feature_set,fold,sample_id,experiment_id,sample_replicate,concrete_type,curing_age_days,mechanical_property,is_restored_value,strength_mpa_actual,strength_mpa_pred,residual
TabPFN_FineTuned_v2.5,V2_ENGINEERED,1,CS_NC_56d_001,EXP_CS_NC_56d,1,Normal Concrete,56,Compressive Strength,False,28.61,31.4775,2.8675
TabPFN_FineTuned_v2.5,V2_ENGINEERED,1,CS_BC_56d_001,EXP_CS_BC_56d,1,Bacterial Concrete,56,Compressive Strength,False,39.1,36.5834,-2.5166
TabPFN_FineTuned_v2.5,V2_ENGINEERED,1,CS_NC_56d_002,EXP_CS_NC_56d,2,Normal Concrete,56,Compressive Strength,False,30.1,31.4775,1.3775
TabPFN_FineTuned_v2.5,V2_ENGINEERED,1,CS_BC_56d_002,EXP_CS_BC_56d,2,Bacterial Concrete,56,Compressive Strength,False,38.39,36.5834,-1.8066
TabPFN_FineTuned_v2.5,V2_ENGINEERED,1,CS_NC_56d_003,EXP_CS_NC_56d,3,Normal Concrete,56,Compressive Strength,False,31.01,31.4775,0.4675
TabPFN_FineTuned_v2.5,V2_ENGINEERED,1,CS_BC_56d_003,EXP_CS_BC_56d,3,Bacterial Concrete,56,Compressive Strength,False,37.09,36.5834,-0.5066
TabPFN_FineTuned_v2.5,V2_ENGINEERED,1,CS_NC_56d_004,EXP_CS_NC_56d,4,Normal Concrete,56,Compressive Strength,False,31.07,31.4775,0.4075
TabPFN_FineTuned_v2.5,V2_ENGINEERED,1,CS_BC_56d_004,EXP_CS_BC_56d,4,Bacterial Concrete,56,Compressive Strength,False,36.03,36.5834,0.5534
TabPFN_FineTuned_v2.5,V2_ENGINEERED,1,CS_NC_56d_005,EXP_CS_NC_56d,5,Normal Concrete,56,Compressive Strength,False,30.32,31.4775,1.1575
TabPFN_FineTuned_v2.5,V2_ENGINEERED,1,CS_BC_56d_005,EXP_CS_BC_56d,5,Bacterial Concrete,56,Compressive Strength,False,38.05,36.5834,-1.4666
TabPFN_FineTuned_v2.5,V2_ENGINEERED,1,CS_NC_56d_006,EXP_CS_NC_56d,6,Normal Concrete,56,Compressive Strength,False,31.93,31.4775,-0.4525
TabPFN_FineTuned_v2.5,V2_ENGINEERED,1,CS_BC_56d_006,EXP_CS_BC_56d,6,Bacterial Concrete,56,Compressive Strength,False,37.59,36.5834,-1.0066
TabPFN_FineTuned_v2.5,V2_ENGINEERED,1,CS_NC_56d_007,EXP_CS_NC_56d,7,Normal Concrete,56,Compressive Strength,False,29.4,31.4775,2.0775
TabPFN_FineTuned_v2.5,V2_ENGINEERED,1,CS_BC_56d_007,EXP_CS_BC_56d,7,Bacterial Concrete,56,Compressive Strength,False,38.34,36.5834,-1.7566
TabPFN_FineTuned_v2.5,V2_ENGINEERED,1,CS_NC_56d_008,EXP_CS_NC_56d,8,Normal Concrete,56,Compressive Strength,False,30.79,31.4775,0.6875
TabPFN_FineTuned_v2.5,V2_ENGINEERED,1,CS_BC_56d_008,EXP_CS_BC_56d,8,Bacterial Concrete,56,Compressive Strength,False,37.95,36.5834,-1.3666
TabPFN_FineTuned_v2.5,V2_ENGINEERED,1,CS_NC_56d_009,EXP_CS_NC_56d,9,Normal Concrete,56,Compressive Strength,False,31.18,31.4775,0.2975
TabPFN_FineTuned_v2.5,V2_ENGINEERED,1,CS_BC_56d_009,EXP_CS_BC_56d,9,Bacterial Concrete,56,Compressive Strength,False,38.57,36.5834,-1.9866
TabPFN_FineTuned_v2.5,V2_ENGINEERED,1,CS_NC_56d_010,EXP_CS_NC_56d,10,Normal Concrete,56,Compressive Strength,False,31.77,31.4775,-0.2925
TabPFN_FineTuned_v2.5,V2_ENGINEERED,1,CS_BC_56d_010,EXP_CS_BC_56d,10,Bacterial Concrete,56,Compressive Strength,False,36.2,36.5834,0.3834
TabPFN_FineTuned_v2.5,V2_ENGINEERED,1,CS_NC_56d_011,EXP_CS_NC_56d,11,Normal Concrete,56,Compressive Strength,False,32.07,31.4775,-0.5925
TabPFN_FineTuned_v2.5,V2_ENGINEERED,1,CS_BC_56d_011,EXP_CS_BC_56d,11,Bacterial Concrete,56,Compressive Strength,False,38.98,36.5834,-2.3966
TabPFN_FineTuned_v2.5,V2_ENGINEERED,1,CS_NC_56d_012,EXP_CS_NC_56d,12,Normal Concrete,56,Compressive Strength,False,29.31,31.4775,2.1675
TabPFN_FineTuned_v2.5,V2_ENGINEERED,1,CS_BC_56d_012,EXP_CS_BC_56d,12,Bacterial Concrete,56,Compressive Strength,False,37.3,36.5834,-0.7166
TabPFN_FineTuned_v2.5,V2_ENGINEERED,1,CS_NC_56d_013,EXP_CS_NC_56d,13,Normal Concrete,56,Compressive Strength,False,28.7,31.4775,2.7775
TabPFN_FineTuned_v2.5,V2_ENGINEERED,1,CS_BC_56d_013,EXP_CS_BC_56d,13,Bacterial Concrete,56,Compressive Strength,False,40.11,36.5834,-3.5266
TabPFN_FineTuned_v2.5,V2_ENGINEERED,1,CS_NC_56d_014,EXP_CS_NC_56d,14,Normal Concrete,56,Compressive Strength,False,32.92,31.4775,-1.4425
TabPFN_FineTuned_v2.5,V2_ENGINEERED,1,CS_BC_56d_014,EXP_CS_BC_56d,14,Bacterial Concrete,56,Compressive Strength,False,35.97,36.5834,0.6134
TabPFN_FineTuned_v2.5,V2_ENGINEERED,1,CS_NC_56d_015,EXP_CS_NC_56d,15,Normal Concrete,56,Compressive Strength,False,31.5,31.4775,-0.0225
TabPFN_FineTuned_v2.5,V2_ENGINEERED,1,CS_BC_56d_015,EXP_CS_BC_56d,15,Bacterial Concrete,56,Compressive Strength,False,39.6,36.5834,-3.0166
TabPFN_FineTuned_v2.5,V2_ENGINEERED,1,CS_NC_56d_016,EXP_CS_NC_56d,16,Normal Concrete,56,Compressive Strength,False,29.88,31.4775,1.5975
TabPFN_FineTuned_v2.5,V2_ENGINEERED,1,CS_BC_56d_016,EXP_CS_BC_56d,16,Bacterial Concrete,56,Compressive Strength,False,37.3,36.5834,-0.7166
TabPFN_FineTuned_v2.5,V2_ENGINEERED,1,CS_NC_56d_017,EXP_CS_NC_56d,17,Normal Concrete,56,Compressive Strength,False,33.33,31.4775,-1.8525
TabPFN_FineTuned_v2.5,V2_ENGINEERED,1,CS_BC_56d_017,EXP_CS_BC_56d,17,Bacterial Concrete,56,Compressive Strength,False,36.02,36.5834,0.5634
TabPFN_FineTuned_v2.5,V2_ENGINEERED,1,CS_NC_56d_018,EXP_CS_NC_56d,18,Normal Concrete,56,Compressive Strength,False,31.17,31.4775,0.3075
TabPFN_FineTuned_v2.5,V2_ENGINEERED,1,CS_BC_56d_018,EXP_CS_BC_56d,18,Bacterial Concrete,56,Compressive Strength,False,36.27,36.5834,0.3134
TabPFN_FineTuned_v2.5,V2_ENGINEERED,1,CS_NC_56d_019,EXP_CS_NC_56d,19,Normal Concrete,56,Compressive Strength,False,32.77,31.4775,-1.2925
TabPFN_FineTuned_v2.5,V2_ENGINEERED,1,CS_BC_56d_019,EXP_CS_BC_56d,19,Bacterial Concrete,56,Compressive Strength,False,36.52,36.5834,0.0634
TabPFN_FineTuned_v2.5,V2_ENGINEERED,1,CS_NC_56d_020,EXP_CS_NC_56d,20,Normal Concrete,56,Compressive Strength,False,31.1,31.4775,0.3775
TabPFN_FineTuned_v2.5,V2_ENGINEERED,1,CS_BC_56d_020,EXP_CS_BC_56d,20,Bacterial Concrete,56,Compressive Strength,False,37.64,36.5834,-1.0566
TabPFN_FineTuned_v2.5,V2_ENGINEERED,1,CS_NC_56d_021,EXP_CS_NC_56d,21,Normal Concrete,56,Compressive Strength,False,34.09,31.4775,-2.6125
TabPFN_FineTuned_v2.5,V2_ENGINEERED,1,CS_BC_56d_021,EXP_CS_BC_56d,21,Bacterial Concrete,56,Compressive Strength,False,37.78,36.5834,-1.1966
TabPFN_FineTuned_v2.5,V2_ENGINEERED,1,CS_NC_56d_022,EXP_CS_NC_56d,22,Normal Concrete,56,Compressive Strength,False,33.63,31.4775,-2.1525
TabPFN_FineTuned_v2.5,V2_ENGINEERED,1,CS_BC_56d_022,EXP_CS_BC_56d,22,Bacterial Concrete,56,Compressive Strength,False,36.14,36.5834,0.4434
TabPFN_FineTuned_v2.5,V2_ENGINEERED,1,CS_NC_56d_023,EXP_CS_NC_56d,23,Normal Concrete,56,Compressive Strength,False,30.63,31.4775,0.8475
TabPFN_FineTuned_v2.5,V2_ENGINEERED,1,CS_BC_56d_023,EXP_CS_BC_56d,23,Bacterial Concrete,56,Compressive Strength,False,36.96,36.5834,-0.3766
TabPFN_FineTuned_v2.5,V2_ENGINEERED,1,CS_NC_56d_024,EXP_CS_NC_56d,24,Normal Concrete,56,Compressive Strength,False,32.46,31.4775,-0.9825
TabPFN_FineTuned_v2.5,V2_ENGINEERED,1,CS_BC_56d_024,EXP_CS_BC_56d,24,Bacterial Concrete,56,Compressive Strength,False,40.21,36.5834,-3.6266
TabPFN_FineTuned_v2.5,V2_ENGINEERED,1,CS_NC_56d_025,EXP_CS_NC_56d,25,Normal Concrete,56,Compressive Strength,False,31.97,31.4775,-0.4925
TabPFN_FineTuned_v2.5,V2_ENGINEERED,1,CS_BC_56d_025,EXP_CS_BC_56d,25,Bacterial Concrete,56,Compressive Strength,False,39.59,36.5834,-3.0066
TabPFN_FineTuned_v2.5,V2_ENGINEERED,1,CS_NC_56d_026,EXP_CS_NC_56d,26,Normal Concrete,56,Compressive Strength,False,33.05,31.4775,-1.5725
TabPFN_FineTuned_v2.5,V2_ENGINEERED,1,CS_BC_56d_026,EXP_CS_BC_56d,26,Bacterial Concrete,56,Compressive Strength,False,37.65,36.5834,-1.0666
TabPFN_FineTuned_v2.5,V2_ENGINEERED,1,CS_NC_56d_027,EXP_CS_NC_56d,27,Normal Concrete,56,Compressive Strength,False,29.55,31.4775,1.9275
TabPFN_FineTuned_v2.5,V2_ENGINEERED,1,CS_BC_56d_027,EXP_CS_BC_56d,27,Bacterial Concrete,56,Compressive Strength,False,37.06,36.5834,-0.4766
TabPFN_FineTuned_v2.5,V2_ENGINEERED,1,CS_NC_56d_028,EXP_CS_NC_56d,28,Normal Concrete,56,Compressive Strength,False,32.03,31.4775,-0.5525
TabPFN_FineTuned_v2.5,V2_ENGINEERED,1,CS_BC_56d_028,EXP_CS_BC_56d,28,Bacterial Concrete,56,Compressive Strength,False,37.18,36.5834,-0.5966
TabPFN_FineTuned_v2.5,V2_ENGINEERED,1,CS_NC_56d_029,EXP_CS_NC_56d,29,Normal Concrete,56,Compressive Strength,False,32.59,31.4775,-1.1125
TabPFN_FineTuned_v2.5,V2_ENGINEERED,1,CS_BC_56d_029,EXP_CS_BC_56d,29,Bacterial Concrete,56,Compressive Strength,False,37.92,36.5834,-1.3366
TabPFN_FineTuned_v2.5,V2_ENGINEERED,1,CS_NC_56d_030,EXP_CS_NC_56d,30,Normal Concrete,56,Compressive Strength,False,28.36,31.4775,3.1175
TabPFN_FineTuned_v2.5,V2_ENGINEERED,1,CS_BC_56d_030,EXP_CS_BC_56d,30,Bacterial Concrete,56,Compressive Strength,False,35.47,36.5834,1.1134
TabPFN_FineTuned_v2.5,V2_ENGINEERED,1,CS_NC_56d_031,EXP_CS_NC_56d,31,Normal Concrete,56,Compressive Strength,False,29.23,31.4775,2.2475
TabPFN_FineTuned_v2.5,V2_ENGINEERED,1,CS_BC_56d_031,EXP_CS_BC_56d,31,Bacterial Concrete,56,Compressive Strength,False,36.61,36.5834,-0.0266
TabPFN_FineTuned_v2.5,V2_ENGINEERED,1,CS_NC_56d_032,EXP_CS_NC_56d,32,Normal Concrete,56,Compressive Strength,False,27.94,31.4775,3.5375
TabPFN_FineTuned_v2.5,V2_ENGINEERED,1,CS_BC_56d_032,EXP_CS_BC_56d,32,Bacterial Concrete,56,Compressive Strength,False,34.5,36.5834,2.0834
TabPFN_FineTuned_v2.5,V2_ENGINEERED,1,CS_NC_56d_033,EXP_CS_NC_56d,33,Normal Concrete,56,Compressive Strength,False,30.6,31.4775,0.8775
TabPFN_FineTuned_v2.5,V2_ENGINEERED,1,CS_BC_56d_033,EXP_CS_BC_56d,33,Bacterial Concrete,56,Compressive Strength,False,37.6,36.5834,-1.0166
TabPFN_FineTuned_v2.5,V2_ENGINEERED,1,CS_NC_56d_034,EXP_CS_NC_56d,34,Normal Concrete,56,Compressive Strength,False,32.08,31.4775,-0.6025
TabPFN_FineTuned_v2.5,V2_ENGINEERED,1,CS_BC_56d_034,EXP_CS_BC_56d,34,Bacterial Concrete,56,Compressive Strength,False,37.97,36.5834,-1.3866
TabPFN_FineTuned_v2.5,V2_ENGINEERED,1,CS_NC_56d_035,EXP_CS_NC_56d,35,Normal Concrete,56,Compressive Strength,False,33.25,31.4775,-1.7725
TabPFN_FineTuned_v2.5,V2_ENGINEERED,1,CS_BC_56d_035,EXP_CS_BC_56d,35,Bacterial Concrete,56,Compressive Strength,False,36.28,36.5834,0.3034
TabPFN_FineTuned_v2.5,V2_ENGINEERED,1,CS_NC_56d_036,EXP_CS_NC_56d,36,Normal Concrete,56,Compressive Strength,False,31.11,31.4775,0.3675
TabPFN_FineTuned_v2.5,V2_ENGINEERED,1,CS_BC_56d_036,EXP_CS_BC_56d,36,Bacterial Concrete,56,Compressive Strength,False,39.36,36.5834,-2.7766
TabPFN_FineTuned_v2.5,V2_ENGINEERED,1,CS_NC_56d_037,EXP_CS_NC_56d,37,Normal Concrete,56,Compressive Strength,False,33.44,31.4775,-1.9625
TabPFN_FineTuned_v2.5,V2_ENGINEERED,1,CS_BC_56d_037,EXP_CS_BC_56d,37,Bacterial Concrete,56,Compressive Strength,False,35.16,36.5834,1.4234
TabPFN_FineTuned_v2.5,V2_ENGINEERED,1,CS_NC_56d_038,EXP_CS_NC_56d,38,Normal Concrete,56,Compressive Strength,False,28.93,31.4775,2.5475
TabPFN_FineTuned_v2.5,V2_ENGINEERED,1,CS_BC_56d_038,EXP_CS_BC_56d,38,Bacterial Concrete,56,Compressive Strength,False,34.8,36.5834,1.7834
TabPFN_FineTuned_v2.5,V2_ENGINEERED,1,CS_NC_56d_039,EXP_CS_NC_56d,39,Normal Concrete,56,Compressive Strength,False,28.44,31.4775,3.0375
TabPFN_FineTuned_v2.5,V2_ENGINEERED,1,CS_BC_56d_039,EXP_CS_BC_56d,39,Bacterial Concrete,56,Compressive Strength,False,37.34,36.5834,-0.7566
TabPFN_FineTuned_v2.5,V2_ENGINEERED,1,CS_NC_56d_040,EXP_CS_NC_56d,40,Normal Concrete,56,Compressive Strength,False,30.92,31.4775,0.5575
TabPFN_FineTuned_v2.5,V2_ENGINEERED,1,CS_BC_56d_040,EXP_CS_BC_56d,40,Bacterial Concrete,56,Compressive Strength,False,38.57,36.5834,-1.9866
TabPFN_FineTuned_v2.5,V2_ENGINEERED,1,CS_NC_56d_041,EXP_CS_NC_56d,41,Normal Concrete,56,Compressive Strength,False,31.58,31.4775,-0.1025
TabPFN_FineTuned_v2.5,V2_ENGINEERED,1,CS_BC_56d_041,EXP_CS_BC_56d,41,Bacterial Concrete,56,Compressive Strength,False,39.53,36.5834,-2.9466
TabPFN_FineTuned_v2.5,V2_ENGINEERED,1,CS_NC_56d_042,EXP_CS_NC_56d,42,Normal Concrete,56,Compressive Strength,False,30.95,31.4775,0.5275
TabPFN_FineTuned_v2.5,V2_ENGINEERED,1,CS_BC_56d_042,EXP_CS_BC_56d,42,Bacterial Concrete,56,Compressive Strength,False,36.31,36.5834,0.2734
TabPFN_FineTuned_v2.5,V2_ENGINEERED,1,CS_NC_56d_043,EXP_CS_NC_56d,43,Normal Concrete,56,Compressive Strength,False,27.9,31.4775,3.5775
TabPFN_FineTuned_v2.5,V2_ENGINEERED,1,CS_BC_56d_043,EXP_CS_BC_56d,43,Bacterial Concrete,56,Compressive Strength,False,38.62,36.5834,-2.0366
TabPFN_FineTuned_v2.5,V2_ENGINEERED,1,CS_NC_56d_044,EXP_CS_NC_56d,44,Normal Concrete,56,Compressive Strength,False,30.87,31.4775,0.6075
TabPFN_FineTuned_v2.5,V2_ENGINEERED,1,CS_BC_56d_044,EXP_CS_BC_56d,44,Bacterial Concrete,56,Compressive Strength,False,36.94,36.5834,-0.3566
TabPFN_FineTuned_v2.5,V2_ENGINEERED,1,CS_NC_56d_045,EXP_CS_NC_56d,45,Normal Concrete,56,Compressive Strength,False,29.04,31.4775,2.4375
TabPFN_FineTuned_v2.5,V2_ENGINEERED,1,CS_BC_56d_045,EXP_CS_BC_56d,45,Bacterial Concrete,56,Compressive Strength,False,36.74,36.5834,-0.1566
TabPFN_FineTuned_v2.5,V2_ENGINEERED,1,CS_NC_56d_046,EXP_CS_NC_56d,46,Normal Concrete,56,Compressive Strength,False,32.0,31.4775,-0.5225
TabPFN_FineTuned_v2.5,V2_ENGINEERED,1,CS_BC_56d_046,EXP_CS_BC_56d,46,Bacterial Concrete,56,Compressive Strength,False,38.33,36.5834,-1.7466
TabPFN_FineTuned_v2.5,V2_ENGINEERED,1,CS_NC_56d_047,EXP_CS_NC_56d,47,Normal Concrete,56,Compressive Strength,False,31.55,31.4775,-0.0725
TabPFN_FineTuned_v2.5,V2_ENGINEERED,1,CS_BC_56d_047,EXP_CS_BC_56d,47,Bacterial Concrete,56,Compressive Strength,False,37.98,36.5834,-1.3966
TabPFN_FineTuned_v2.5,V2_ENGINEERED,1,CS_NC_56d_048,EXP_CS_NC_56d,48,Normal Concrete,56,Compressive Strength,False,29.59,31.4775,1.8875
TabPFN_FineTuned_v2.5,V2_ENGINEERED,1,CS_BC_56d_048,EXP_CS_BC_56d,48,Bacterial Concrete,56,Compressive Strength,False,34.64,36.5834,1.9434
TabPFN_FineTuned_v2.5,V2_ENGINEERED,1,CS_NC_56d_049,EXP_CS_NC_56d,49,Normal Concrete,56,Compressive Strength,False,30.23,31.4775,1.2475
TabPFN_FineTuned_v2.5,V2_ENGINEERED,1,CS_BC_56d_049,EXP_CS_BC_56d,49,Bacterial Concrete,56,Compressive Strength,False,39.21,36.5834,-2.6266
TabPFN_FineTuned_v2.5,V2_ENGINEERED,1,CS_NC_56d_050,EXP_CS_NC_56d,50,Normal Concrete,56,Compressive Strength,False,29.41,31.4775,2.0675
TabPFN_FineTuned_v2.5,V2_ENGINEERED,1,CS_BC_56d_050,EXP_CS_BC_56d,50,Bacterial Concrete,56,Compressive Strength,False,39.07,36.5834,-2.4866
TabPFN_FineTuned_v2.5,V2_ENGINEERED,1,CS_NC_56d_051,EXP_CS_NC_56d,51,Normal Concrete,56,Compressive Strength,False,30.91,31.4775,0.5675
TabPFN_FineTuned_v2.5,V2_ENGINEERED,1,CS_BC_56d_051,EXP_CS_BC_56d,51,Bacterial Concrete,56,Compressive Strength,False,36.06,36.5834,0.5234
TabPFN_FineTuned_v2.5,V2_ENGINEERED,1,CS_NC_56d_052,EXP_CS_NC_56d,52,Normal Concrete,56,Compressive Strength,False,32.43,31.4775,-0.9525
TabPFN_FineTuned_v2.5,V2_ENGINEERED,1,CS_BC_56d_052,EXP_CS_BC_56d,52,Bacterial Concrete,56,Compressive Strength,False,37.59,36.5834,-1.0066
TabPFN_FineTuned_v2.5,V2_ENGINEERED,1,CS_NC_56d_053,EXP_CS_NC_56d,53,Normal Concrete,56,Compressive Strength,False,29.52,31.4775,1.9575
TabPFN_FineTuned_v2.5,V2_ENGINEERED,1,CS_BC_56d_053,EXP_CS_BC_56d,53,Bacterial Concrete,56,Compressive Strength,False,37.74,36.5834,-1.1566
TabPFN_FineTuned_v2.5,V2_ENGINEERED,1,CS_NC_56d_054,EXP_CS_NC_56d,54,Normal Concrete,56,Compressive Strength,False,31.76,31.4775,-0.2825
TabPFN_FineTuned_v2.5,V2_ENGINEERED,1,CS_BC_56d_054,EXP_CS_BC_56d,54,Bacterial Concrete,56,Compressive Strength,False,37.39,36.5834,-0.8066
TabPFN_FineTuned_v2.5,V2_ENGINEERED,1,CS_NC_56d_055,EXP_CS_NC_56d,55,Normal Concrete,56,Compressive Strength,False,30.2,31.4775,1.2775
TabPFN_FineTuned_v2.5,V2_ENGINEERED,1,CS_BC_56d_055,EXP_CS_BC_56d,55,Bacterial Concrete,56,Compressive Strength,False,36.17,36.5834,0.4134
TabPFN_FineTuned_v2.5,V2_ENGINEERED,1,CS_NC_56d_056,EXP_CS_NC_56d,56,Normal Concrete,56,Compressive Strength,False,29.81,31.4775,1.6675
TabPFN_FineTuned_v2.5,V2_ENGINEERED,1,CS_BC_56d_056,EXP_CS_BC_56d,56,Bacterial Concrete,56,Compressive Strength,False,35.99,36.5834,0.5934
TabPFN_FineTuned_v2.5,V2_ENGINEERED,1,CS_NC_56d_057,EXP_CS_NC_56d,57,Normal Concrete,56,Compressive Strength,False,30.84,31.4775,0.6375
TabPFN_FineTuned_v2.5,V2_ENGINEERED,1,CS_BC_56d_057,EXP_CS_BC_56d,57,Bacterial Concrete,56,Compressive Strength,False,36.96,36.5834,-0.3766
TabPFN_FineTuned_v2.5,V2_ENGINEERED,1,CS_NC_56d_058,EXP_CS_NC_56d,58,Normal Concrete,56,Compressive Strength,False,29.45,31.4775,2.0275
TabPFN_FineTuned_v2.5,V2_ENGINEERED,1,CS_BC_56d_058,EXP_CS_BC_56d,58,Bacterial Concrete,56,Compressive Strength,False,38.76,36.5834,-2.1766
TabPFN_FineTuned_v2.5,V2_ENGINEERED,1,CS_NC_56d_059,EXP_CS_NC_56d,59,Normal Concrete,56,Compressive Strength,False,30.17,31.4775,1.3075
TabPFN_FineTuned_v2.5,V2_ENGINEERED,1,CS_BC_56d_059,EXP_CS_BC_56d,59,Bacterial Concrete,56,Compressive Strength,False,37.82,36.5834,-1.2366
TabPFN_FineTuned_v2.5,V2_ENGINEERED,1,CS_NC_56d_060,EXP_CS_NC_56d,60,Normal Concrete,56,Compressive Strength,False,29.2,31.4775,2.2775
TabPFN_FineTuned_v2.5,V2_ENGINEERED,1,CS_BC_56d_060,EXP_CS_BC_56d,60,Bacterial Concrete,56,Compressive Strength,False,36.44,36.5834,0.1434
TabPFN_FineTuned_v2.5,V2_ENGINEERED,1,CS_NC_56d_061,EXP_CS_NC_56d,61,Normal Concrete,56,Compressive Strength,False,33.95,31.4775,-2.4725
TabPFN_FineTuned_v2.5,V2_ENGINEERED,1,CS_BC_56d_061,EXP_CS_BC_56d,61,Bacterial Concrete,56,Compressive Strength,False,38.16,36.5834,-1.5766
TabPFN_FineTuned_v2.5,V2_ENGINEERED,1,CS_NC_56d_062,EXP_CS_NC_56d,62,Normal Concrete,56,Compressive Strength,False,31.05,31.4775,0.4275
TabPFN_FineTuned_v2.5,V2_ENGINEERED,1,CS_BC_56d_062,EXP_CS_BC_56d,62,Bacterial Concrete,56,Compressive Strength,False,32.73,36.5834,3.8534
TabPFN_FineTuned_v2.5,V2_ENGINEERED,1,CS_NC_56d_063,EXP_CS_NC_56d,63,Normal Concrete,56,Compressive Strength,False,29.95,31.4775,1.5275
TabPFN_FineTuned_v2.5,V2_ENGINEERED,1,CS_BC_56d_063,EXP_CS_BC_56d,63,Bacterial Concrete,56,Compressive Strength,False,38.72,36.5834,-2.1366
TabPFN_FineTuned_v2.5,V2_ENGINEERED,1,CS_NC_56d_064,EXP_CS_NC_56d,64,Normal Concrete,56,Compressive Strength,False,31.32,31.4775,0.1575
TabPFN_FineTuned_v2.5,V2_ENGINEERED,1,CS_BC_56d_064,EXP_CS_BC_56d,64,Bacterial Concrete,56,Compressive Strength,False,34.39,36.5834,2.1934
TabPFN_FineTuned_v2.5,V2_ENGINEERED,1,CS_NC_56d_065,EXP_CS_NC_56d,65,Normal Concrete,56,Compressive Strength,False,30.83,31.4775,0.6475
TabPFN_FineTuned_v2.5,V2_ENGINEERED,1,CS_BC_56d_065,EXP_CS_BC_56d,65,Bacterial Concrete,56,Compressive Strength,False,36.46,36.5834,0.1234
TabPFN_FineTuned_v2.5,V2_ENGINEERED,1,CS_NC_56d_066,EXP_CS_NC_56d,66,Normal Concrete,56,Compressive Strength,False,30.67,31.4775,0.8075
TabPFN_FineTuned_v2.5,V2_ENGINEERED,1,CS_BC_56d_066,EXP_CS_BC_56d,66,Bacterial Concrete,56,Compressive Strength,False,35.32,36.5834,1.2634
TabPFN_FineTuned_v2.5,V2_ENGINEERED,1,CS_NC_56d_067,EXP_CS_NC_56d,67,Normal Concrete,56,Compressive Strength,False,31.92,31.4775,-0.4425
TabPFN_FineTuned_v2.5,V2_ENGINEERED,1,CS_BC_56d_067,EXP_CS_BC_56d,67,Bacterial Concrete,56,Compressive Strength,False,35.06,36.5834,1.5234
TabPFN_FineTuned_v2.5,V2_ENGINEERED,1,CS_NC_56d_068,EXP_CS_NC_56d,68,Normal Concrete,56,Compressive Strength,False,32.14,31.4775,-0.6625
TabPFN_FineTuned_v2.5,V2_ENGINEERED,1,CS_BC_56d_068,EXP_CS_BC_56d,68,Bacterial Concrete,56,Compressive Strength,False,38.74,36.5834,-2.1566
TabPFN_FineTuned_v2.5,V2_ENGINEERED,1,CS_NC_56d_069,EXP_CS_NC_56d,69,Normal Concrete,56,Compressive Strength,False,30.2,31.4775,1.2775
TabPFN_FineTuned_v2.5,V2_ENGINEERED,1,CS_BC_56d_069,EXP_CS_BC_56d,69,Bacterial Concrete,56,Compressive Strength,False,36.3,36.5834,0.2834
TabPFN_FineTuned_v2.5,V2_ENGINEERED,1,CS_NC_56d_070,EXP_CS_NC_56d,70,Normal Concrete,56,Compressive Strength,False,30.14,31.4775,1.3375
TabPFN_FineTuned_v2.5,V2_ENGINEERED,1,CS_BC_56d_070,EXP_CS_BC_56d,70,Bacterial Concrete,56,Compressive Strength,False,37.52,36.5834,-0.9366
TabPFN_FineTuned_v2.5,V2_ENGINEERED,1,CS_NC_56d_071,EXP_CS_NC_56d,71,Normal Concrete,56,Compressive Strength,False,30.59,31.4775,0.8875
TabPFN_FineTuned_v2.5,V2_ENGINEERED,1,CS_BC_56d_071,EXP_CS_BC_56d,71,Bacterial Concrete,56,Compressive Strength,False,36.93,36.5834,-0.3466
TabPFN_FineTuned_v2.5,V2_ENGINEERED,1,CS_NC_56d_072,EXP_CS_NC_56d,72,Normal Concrete,56,Compressive Strength,False,27.55,31.4775,3.9275
TabPFN_FineTuned_v2.5,V2_ENGINEERED,1,CS_BC_56d_072,EXP_CS_BC_56d,72,Bacterial Concrete,56,Compressive Strength,False,37.72,36.5834,-1.1366
TabPFN_FineTuned_v2.5,V2_ENGINEERED,1,CS_NC_56d_073,EXP_CS_NC_56d,73,Normal Concrete,56,Compressive Strength,False,28.73,31.4775,2.7475
TabPFN_FineTuned_v2.5,V2_ENGINEERED,1,CS_BC_56d_073,EXP_CS_BC_56d,73,Bacterial Concrete,56,Compressive Strength,False,37.12,36.5834,-0.5366
TabPFN_FineTuned_v2.5,V2_ENGINEERED,1,CS_NC_56d_074,EXP_CS_NC_56d,74,Normal Concrete,56,Compressive Strength,False,33.05,31.4775,-1.5725
TabPFN_FineTuned_v2.5,V2_ENGINEERED,1,CS_BC_56d_074,EXP_CS_BC_56d,74,Bacterial Concrete,56,Compressive Strength,False,35.08,36.5834,1.5034
TabPFN_FineTuned_v2.5,V2_ENGINEERED,1,CS_NC_56d_075,EXP_CS_NC_56d,75,Normal Concrete,56,Compressive Strength,False,33.47,31.4775,-1.9925
TabPFN_FineTuned_v2.5,V2_ENGINEERED,1,CS_BC_56d_075,EXP_CS_BC_56d,75,Bacterial Concrete,56,Compressive Strength,False,38.49,36.5834,-1.9066
TabPFN_FineTuned_v2.5,V2_ENGINEERED,1,CS_NC_56d_076,EXP_CS_NC_56d,76,Normal Concrete,56,Compressive Strength,False,30.63,31.4775,0.8475
TabPFN_FineTuned_v2.5,V2_ENGINEERED,1,CS_BC_56d_076,EXP_CS_BC_56d,76,Bacterial Concrete,56,Compressive Strength,False,36.26,36.5834,0.3234
TabPFN_FineTuned_v2.5,V2_ENGINEERED,1,CS_NC_56d_077,EXP_CS_NC_56d,77,Normal Concrete,56,Compressive Strength,False,31.86,31.4775,-0.3825
TabPFN_FineTuned_v2.5,V2_ENGINEERED,1,CS_BC_56d_077,EXP_CS_BC_56d,77,Bacterial Concrete,56,Compressive Strength,False,34.67,36.5834,1.9134
TabPFN_FineTuned_v2.5,V2_ENGINEERED,1,CS_NC_56d_078,EXP_CS_NC_56d,78,Normal Concrete,56,Compressive Strength,False,31.47,31.4775,0.0075
TabPFN_FineTuned_v2.5,V2_ENGINEERED,1,CS_BC_56d_078,EXP_CS_BC_56d,78,Bacterial Concrete,56,Compressive Strength,False,36.36,36.5834,0.2234
TabPFN_FineTuned_v2.5,V2_ENGINEERED,1,CS_NC_56d_079,EXP_CS_NC_56d,79,Normal Concrete,56,Compressive Strength,False,35.62,31.4775,-4.1425
TabPFN_FineTuned_v2.5,V2_ENGINEERED,1,CS_BC_56d_079,EXP_CS_BC_56d,79,Bacterial Concrete,56,Compressive Strength,False,39.25,36.5834,-2.6666
TabPFN_FineTuned_v2.5,V2_ENGINEERED,1,CS_NC_56d_080,EXP_CS_NC_56d,80,Normal Concrete,56,Compressive Strength,False,32.68,31.4775,-1.2025
TabPFN_FineTuned_v2.5,V2_ENGINEERED,1,CS_BC_56d_080,EXP_CS_BC_56d,80,Bacterial Concrete,56,Compressive Strength,False,38.28,36.5834,-1.6966
TabPFN_FineTuned_v2.5,V2_ENGINEERED,1,CS_NC_56d_081,EXP_CS_NC_56d,81,Normal Concrete,56,Compressive Strength,False,30.81,31.4775,0.6675
TabPFN_FineTuned_v2.5,V2_ENGINEERED,1,CS_BC_56d_081,EXP_CS_BC_56d,81,Bacterial Concrete,56,Compressive Strength,False,36.48,36.5834,0.1034
TabPFN_FineTuned_v2.5,V2_ENGINEERED,1,CS_NC_56d_082,EXP_CS_NC_56d,82,Normal Concrete,56,Compressive Strength,False,29.57,31.4775,1.9075
TabPFN_FineTuned_v2.5,V2_ENGINEERED,1,CS_BC_56d_082,EXP_CS_BC_56d,82,Bacterial Concrete,56,Compressive Strength,False,36.48,36.5834,0.1034
TabPFN_FineTuned_v2.5,V2_ENGINEERED,1,CS_NC_56d_083,EXP_CS_NC_56d,83,Normal Concrete,56,Compressive Strength,False,28.59,31.4775,2.8875
TabPFN_FineTuned_v2.5,V2_ENGINEERED,1,CS_BC_56d_083,EXP_CS_BC_56d,83,Bacterial Concrete,56,Compressive Strength,False,36.52,36.5834,0.0634
TabPFN_FineTuned_v2.5,V2_ENGINEERED,1,CS_NC_56d_084,EXP_CS_NC_56d,84,Normal Concrete,56,Compressive Strength,False,31.31,31.4775,0.1675
TabPFN_FineTuned_v2.5,V2_ENGINEERED,1,CS_BC_56d_084,EXP_CS_BC_56d,84,Bacterial Concrete,56,Compressive Strength,False,40.12,36.5834,-3.5366
TabPFN_FineTuned_v2.5,V2_ENGINEERED,1,CS_NC_56d_085,EXP_CS_NC_56d,85,Normal Concrete,56,Compressive Strength,False,29.87,31.4775,1.6075
TabPFN_FineTuned_v2.5,V2_ENGINEERED,1,CS_BC_56d_085,EXP_CS_BC_56d,85,Bacterial Concrete,56,Compressive Strength,False,37.57,36.5834,-0.9866
TabPFN_FineTuned_v2.5,V2_ENGINEERED,1,CS_NC_56d_086,EXP_CS_NC_56d,86,Normal Concrete,56,Compressive Strength,False,28.87,31.4775,2.6075
TabPFN_FineTuned_v2.5,V2_ENGINEERED,1,CS_BC_56d_086,EXP_CS_BC_56d,86,Bacterial Concrete,56,Compressive Strength,False,37.65,36.5834,-1.0666
TabPFN_FineTuned_v2.5,V2_ENGINEERED,1,CS_NC_56d_087,EXP_CS_NC_56d,87,Normal Concrete,56,Compressive Strength,False,30.03,31.4775,1.4475
TabPFN_FineTuned_v2.5,V2_ENGINEERED,1,CS_BC_56d_087,EXP_CS_BC_56d,87,Bacterial Concrete,56,Compressive Strength,False,38.55,36.5834,-1.9666
TabPFN_FineTuned_v2.5,V2_ENGINEERED,1,CS_NC_56d_088,EXP_CS_NC_56d,88,Normal Concrete,56,Compressive Strength,False,29.38,31.4775,2.0975
TabPFN_FineTuned_v2.5,V2_ENGINEERED,1,CS_BC_56d_088,EXP_CS_BC_56d,88,Bacterial Concrete,56,Compressive Strength,False,37.36,36.5834,-0.7766
TabPFN_FineTuned_v2.5,V2_ENGINEERED,1,CS_NC_56d_089,EXP_CS_NC_56d,89,Normal Concrete,56,Compressive Strength,False,33.53,31.4775,-2.0525
TabPFN_FineTuned_v2.5,V2_ENGINEERED,1,CS_BC_56d_089,EXP_CS_BC_56d,89,Bacterial Concrete,56,Compressive Strength,False,36.61,36.5834,-0.0266
TabPFN_FineTuned_v2.5,V2_ENGINEERED,1,CS_NC_56d_090,EXP_CS_NC_56d,90,Normal Concrete,56,Compressive Strength,False,32.32,31.4775,-0.8425
TabPFN_FineTuned_v2.5,V2_ENGINEERED,1,CS_BC_56d_090,EXP_CS_BC_56d,90,Bacterial Concrete,56,Compressive Strength,False,36.71,36.5834,-0.1266
TabPFN_FineTuned_v2.5,V2_ENGINEERED,1,CS_NC_56d_091,EXP_CS_NC_56d,91,Normal Concrete,56,Compressive Strength,False,30.99,31.4775,0.4875
TabPFN_FineTuned_v2.5,V2_ENGINEERED,1,CS_BC_56d_091,EXP_CS_BC_56d,91,Bacterial Concrete,56,Compressive Strength,False,36.89,36.5834,-0.3066
TabPFN_FineTuned_v2.5,V2_ENGINEERED,1,CS_NC_56d_092,EXP_CS_NC_56d,92,Normal Concrete,56,Compressive Strength,False,33.22,31.4775,-1.7425
TabPFN_FineTuned_v2.5,V2_ENGINEERED,1,CS_BC_56d_092,EXP_CS_BC_56d,92,Bacterial Concrete,56,Compressive Strength,False,36.94,36.5834,-0.3566
TabPFN_FineTuned_v2.5,V2_ENGINEERED,1,CS_NC_56d_093,EXP_CS_NC_56d,93,Normal Concrete,56,Compressive Strength,False,31.12,31.4775,0.3575
TabPFN_FineTuned_v2.5,V2_ENGINEERED,1,CS_BC_56d_093,EXP_CS_BC_56d,93,Bacterial Concrete,56,Compressive Strength,False,38.09,36.5834,-1.5066
TabPFN_FineTuned_v2.5,V2_ENGINEERED,1,CS_NC_56d_094,EXP_CS_NC_56d,94,Normal Concrete,56,Compressive Strength,False,29.71,31.4775,1.7675
TabPFN_FineTuned_v2.5,V2_ENGINEERED,1,CS_BC_56d_094,EXP_CS_BC_56d,94,Bacterial Concrete,56,Compressive Strength,False,37.08,36.5834,-0.4966
TabPFN_FineTuned_v2.5,V2_ENGINEERED,1,CS_NC_56d_095,EXP_CS_NC_56d,95,Normal Concrete,56,Compressive Strength,False,33.28,31.4775,-1.8025
TabPFN_FineTuned_v2.5,V2_ENGINEERED,1,CS_BC_56d_095,EXP_CS_BC_56d,95,Bacterial Concrete,56,Compressive Strength,False,38.1,36.5834,-1.5166
TabPFN_FineTuned_v2.5,V2_ENGINEERED,1,CS_NC_56d_096,EXP_CS_NC_56d,96,Normal Concrete,56,Compressive Strength,False,31.81,31.4775,-0.3325
TabPFN_FineTuned_v2.5,V2_ENGINEERED,1,CS_BC_56d_096,EXP_CS_BC_56d,96,Bacterial Concrete,56,Compressive Strength,False,36.88,36.5834,-0.2966
TabPFN_FineTuned_v2.5,V2_ENGINEERED,1,CS_NC_56d_097,EXP_CS_NC_56d,97,Normal Concrete,56,Compressive Strength,False,29.44,31.4775,2.0375
TabPFN_FineTuned_v2.5,V2_ENGINEERED,1,CS_BC_56d_097,EXP_CS_BC_56d,97,Bacterial Concrete,56,Compressive Strength,False,37.12,36.5834,-0.5366
TabPFN_FineTuned_v2.5,V2_ENGINEERED,1,CS_NC_56d_098,EXP_CS_NC_56d,98,Normal Concrete,56,Compressive Strength,False,30.71,31.4775,0.7675
TabPFN_FineTuned_v2.5,V2_ENGINEERED,1,CS_BC_56d_098,EXP_CS_BC_56d,98,Bacterial Concrete,56,Compressive Strength,False,34.0,36.5834,2.5834
TabPFN_FineTuned_v2.5,V2_ENGINEERED,1,CS_NC_56d_099,EXP_CS_NC_56d,99,Normal Concrete,56,Compressive Strength,False,29.69,31.4775,1.7875
TabPFN_FineTuned_v2.5,V2_ENGINEERED,1,CS_BC_56d_099,EXP_CS_BC_56d,99,Bacterial Concrete,56,Compressive Strength,False,38.37,36.5834,-1.7866
TabPFN_FineTuned_v2.5,V2_ENGINEERED,1,CS_NC_56d_100,EXP_CS_NC_56d,100,Normal Concrete,56,Compressive Strength,False,28.93,31.4775,2.5475
TabPFN_FineTuned_v2.5,V2_ENGINEERED,1,CS_BC_56d_100,EXP_CS_BC_56d,100,Bacterial Concrete,56,Compressive Strength,False,37.52,36.5834,-0.9366
TabPFN_FineTuned_v2.5,V2_ENGINEERED,1,FS_NC_90d_001,EXP_FS_NC_90d,1,Normal Concrete,90,Flexural Strength,False,4.758,19.1562,14.3982
TabPFN_FineTuned_v2.5,V2_ENGINEERED,1,FS_NC_90d_002,EXP_FS_NC_90d,2,Normal Concrete,90,Flexural Strength,False,4.269,19.1562,14.8872
TabPFN_FineTuned_v2.5,V2_ENGINEERED,1,FS_NC_90d_003,EXP_FS_NC_90d,3,Normal Concrete,90,Flexural Strength,False,4.786,19.1562,14.3702
TabPFN_FineTuned_v2.5,V2_ENGINEERED,1,FS_NC_90d_004,EXP_FS_NC_90d,4,Normal Concrete,90,Flexural Strength,False,4.567,19.1562,14.5892
TabPFN_FineTuned_v2.5,V2_ENGINEERED,1,FS_NC_90d_005,EXP_FS_NC_90d,5,Normal Concrete,90,Flexural Strength,False,5.096,19.1562,14.0602
TabPFN_FineTuned_v2.5,V2_ENGINEERED,1,FS_NC_90d_006,EXP_FS_NC_90d,6,Normal Concrete,90,Flexural Strength,False,5.032,19.1562,14.1242
TabPFN_FineTuned_v2.5,V2_ENGINEERED,1,FS_NC_90d_007,EXP_FS_NC_90d,7,Normal Concrete,90,Flexural Strength,False,4.989,19.1562,14.1672
TabPFN_FineTuned_v2.5,V2_ENGINEERED,1,FS_NC_90d_008,EXP_FS_NC_90d,8,Normal Concrete,90,Flexural Strength,False,5.142,19.1562,14.0142
TabPFN_FineTuned_v2.5,V2_ENGINEERED,1,FS_NC_90d_009,EXP_FS_NC_90d,9,Normal Concrete,90,Flexural Strength,False,4.517,19.1562,14.6392
TabPFN_FineTuned_v2.5,V2_ENGINEERED,1,FS_NC_90d_010,EXP_FS_NC_90d,10,Normal Concrete,90,Flexural Strength,False,4.966,19.1562,14.1902
TabPFN_FineTuned_v2.5,V2_ENGINEERED,1,FS_NC_90d_011,EXP_FS_NC_90d,11,Normal Concrete,90,Flexural Strength,False,5.394,19.1562,13.7622
TabPFN_FineTuned_v2.5,V2_ENGINEERED,1,FS_NC_90d_012,EXP_FS_NC_90d,12,Normal Concrete,90,Flexural Strength,False,4.942,19.1562,14.2142
TabPFN_FineTuned_v2.5,V2_ENGINEERED,1,FS_NC_90d_013,EXP_FS_NC_90d,13,Normal Concrete,90,Flexural Strength,False,4.933,19.1562,14.2232
TabPFN_FineTuned_v2.5,V2_ENGINEERED,1,FS_NC_90d_014,EXP_FS_NC_90d,14,Normal Concrete,90,Flexural Strength,False,4.992,19.1562,14.1642
TabPFN_FineTuned_v2.5,V2_ENGINEERED,1,FS_NC_90d_015,EXP_FS_NC_90d,15,Normal Concrete,90,Flexural Strength,False,5.313,19.1562,13.8432
TabPFN_FineTuned_v2.5,V2_ENGINEERED,1,FS_NC_90d_016,EXP_FS_NC_90d,16,Normal Concrete,90,Flexural Strength,False,4.916,19.1562,14.2402
TabPFN_FineTuned_v2.5,V2_ENGINEERED,1,FS_NC_90d_017,EXP_FS_NC_90d,17,Normal Concrete,90,Flexural Strength,False,5.534,19.1562,13.6222
TabPFN_FineTuned_v2.5,V2_ENGINEERED,1,FS_NC_90d_018,EXP_FS_NC_90d,18,Normal Concrete,90,Flexural Strength,False,5.363,19.1562,13.7932
TabPFN_FineTuned_v2.5,V2_ENGINEERED,1,FS_NC_90d_019,EXP_FS_NC_90d,19,Normal Concrete,90,Flexural Strength,False,4.949,19.1562,14.2072
TabPFN_FineTuned_v2.5,V2_ENGINEERED,1,FS_NC_90d_020,EXP_FS_NC_90d,20,Normal Concrete,90,Flexural Strength,False,4.964,19.1562,14.1922
TabPFN_FineTuned_v2.5,V2_ENGINEERED,1,FS_NC_90d_021,EXP_FS_NC_90d,21,Normal Concrete,90,Flexural Strength,False,5.364,19.1562,13.7922
TabPFN_FineTuned_v2.5,V2_ENGINEERED,1,FS_NC_90d_022,EXP_FS_NC_90d,22,Normal Concrete,90,Flexural Strength,False,5.264,19.1562,13.8922
TabPFN_FineTuned_v2.5,V2_ENGINEERED,1,FS_NC_90d_023,EXP_FS_NC_90d,23,Normal Concrete,90,Flexural Strength,False,4.783,19.1562,14.3732
TabPFN_FineTuned_v2.5,V2_ENGINEERED,1,FS_NC_90d_024,EXP_FS_NC_90d,24,Normal Concrete,90,Flexural Strength,False,5.119,19.1562,14.0372
TabPFN_FineTuned_v2.5,V2_ENGINEERED,1,FS_NC_90d_025,EXP_FS_NC_90d,25,Normal Concrete,90,Flexural Strength,False,4.811,19.1562,14.3452
TabPFN_FineTuned_v2.5,V2_ENGINEERED,1,FS_NC_90d_026,EXP_FS_NC_90d,26,Normal Concrete,90,Flexural Strength,False,4.737,19.1562,14.4192
TabPFN_FineTuned_v2.5,V2_ENGINEERED,1,FS_NC_90d_027,EXP_FS_NC_90d,27,Normal Concrete,90,Flexural Strength,False,5.312,19.1562,13.8442
TabPFN_FineTuned_v2.5,V2_ENGINEERED,1,FS_NC_90d_028,EXP_FS_NC_90d,28,Normal Concrete,90,Flexural Strength,False,4.804,19.1562,14.3522
TabPFN_FineTuned_v2.5,V2_ENGINEERED,1,FS_NC_90d_029,EXP_FS_NC_90d,29,Normal Concrete,90,Flexural Strength,False,4.926,19.1562,14.2302
TabPFN_FineTuned_v2.5,V2_ENGINEERED,1,FS_NC_90d_030,EXP_FS_NC_90d,30,Normal Concrete,90,Flexural Strength,False,4.954,19.1562,14.2022
TabPFN_FineTuned_v2.5,V2_ENGINEERED,1,FS_NC_90d_031,EXP_FS_NC_90d,31,Normal Concrete,90,Flexural Strength,False,4.937,19.1562,14.2192
TabPFN_FineTuned_v2.5,V2_ENGINEERED,1,FS_NC_90d_032,EXP_FS_NC_90d,32,Normal Concrete,90,Flexural Strength,False,5.03,19.1562,14.1262
TabPFN_FineTuned_v2.5,V2_ENGINEERED,1,FS_NC_90d_033,EXP_FS_NC_90d,33,Normal Concrete,90,Flexural Strength,False,4.873,19.1562,14.2832
TabPFN_FineTuned_v2.5,V2_ENGINEERED,1,FS_NC_90d_034,EXP_FS_NC_90d,34,Normal Concrete,90,Flexural Strength,False,4.585,19.1562,14.5712
TabPFN_FineTuned_v2.5,V2_ENGINEERED,1,FS_NC_90d_035,EXP_FS_NC_90d,35,Normal Concrete,90,Flexural Strength,False,4.874,19.1562,14.2822
TabPFN_FineTuned_v2.5,V2_ENGINEERED,1,FS_NC_90d_036,EXP_FS_NC_90d,36,Normal Concrete,90,Flexural Strength,False,5.06,19.1562,14.0962
TabPFN_FineTuned_v2.5,V2_ENGINEERED,1,FS_NC_90d_037,EXP_FS_NC_90d,37,Normal Concrete,90,Flexural Strength,False,4.51,19.1562,14.6462
TabPFN_FineTuned_v2.5,V2_ENGINEERED,1,FS_NC_90d_038,EXP_FS_NC_90d,38,Normal Concrete,90,Flexural Strength,False,4.496,19.1562,14.6602
TabPFN_FineTuned_v2.5,V2_ENGINEERED,1,FS_NC_90d_039,EXP_FS_NC_90d,39,Normal Concrete,90,Flexural Strength,False,4.721,19.1562,14.4352
TabPFN_FineTuned_v2.5,V2_ENGINEERED,1,FS_NC_90d_040,EXP_FS_NC_90d,40,Normal Concrete,90,Flexural Strength,False,4.595,19.1562,14.5612
TabPFN_FineTuned_v2.5,V2_ENGINEERED,1,FS_NC_90d_041,EXP_FS_NC_90d,41,Normal Concrete,90,Flexural Strength,False,4.652,19.1562,14.5042
TabPFN_FineTuned_v2.5,V2_ENGINEERED,1,FS_NC_90d_042,EXP_FS_NC_90d,42,Normal Concrete,90,Flexural Strength,False,5.134,19.1562,14.0222
TabPFN_FineTuned_v2.5,V2_ENGINEERED,1,FS_NC_90d_043,EXP_FS_NC_90d,43,Normal Concrete,90,Flexural Strength,False,5.263,19.1562,13.8932
TabPFN_FineTuned_v2.5,V2_ENGINEERED,1,FS_NC_90d_044,EXP_FS_NC_90d,44,Normal Concrete,90,Flexural Strength,False,4.996,19.1562,14.1602
TabPFN_FineTuned_v2.5,V2_ENGINEERED,1,FS_NC_90d_045,EXP_FS_NC_90d,45,Normal Concrete,90,Flexural Strength,False,4.907,19.1562,14.2492
TabPFN_FineTuned_v2.5,V2_ENGINEERED,1,FS_NC_90d_046,EXP_FS_NC_90d,46,Normal Concrete,90,Flexural Strength,False,5.037,19.1562,14.1192
TabPFN_FineTuned_v2.5,V2_ENGINEERED,1,FS_NC_90d_047,EXP_FS_NC_90d,47,Normal Concrete,90,Flexural Strength,False,5.045,19.1562,14.1112
TabPFN_FineTuned_v2.5,V2_ENGINEERED,1,FS_NC_90d_048,EXP_FS_NC_90d,48,Normal Concrete,90,Flexural Strength,False,4.744,19.1562,14.4122
TabPFN_FineTuned_v2.5,V2_ENGINEERED,1,FS_NC_90d_049,EXP_FS_NC_90d,49,Normal Concrete,90,Flexural Strength,False,5.359,19.1562,13.7972
TabPFN_FineTuned_v2.5,V2_ENGINEERED,1,FS_NC_90d_050,EXP_FS_NC_90d,50,Normal Concrete,90,Flexural Strength,False,4.491,19.1562,14.6652
TabPFN_FineTuned_v2.5,V2_ENGINEERED,1,FS_NC_90d_051,EXP_FS_NC_90d,51,Normal Concrete,90,Flexural Strength,False,4.54,19.1562,14.6162
TabPFN_FineTuned_v2.5,V2_ENGINEERED,1,FS_NC_90d_052,EXP_FS_NC_90d,52,Normal Concrete,90,Flexural Strength,False,4.828,19.1562,14.3282
TabPFN_FineTuned_v2.5,V2_ENGINEERED,1,FS_NC_90d_053,EXP_FS_NC_90d,53,Normal Concrete,90,Flexural Strength,False,4.679,19.1562,14.4772
TabPFN_FineTuned_v2.5,V2_ENGINEERED,1,FS_NC_90d_054,EXP_FS_NC_90d,54,Normal Concrete,90,Flexural Strength,False,4.875,19.1562,14.2812
TabPFN_FineTuned_v2.5,V2_ENGINEERED,1,FS_NC_90d_055,EXP_FS_NC_90d,55,Normal Concrete,90,Flexural Strength,False,4.892,19.1562,14.2642
TabPFN_FineTuned_v2.5,V2_ENGINEERED,1,FS_NC_90d_056,EXP_FS_NC_90d,56,Normal Concrete,90,Flexural Strength,False,4.94,19.1562,14.2162
TabPFN_FineTuned_v2.5,V2_ENGINEERED,1,FS_NC_90d_057,EXP_FS_NC_90d,57,Normal Concrete,90,Flexural Strength,False,4.962,19.1562,14.1942
TabPFN_FineTuned_v2.5,V2_ENGINEERED,1,FS_NC_90d_058,EXP_FS_NC_90d,58,Normal Concrete,90,Flexural Strength,False,5.116,19.1562,14.0402
TabPFN_FineTuned_v2.5,V2_ENGINEERED,1,FS_NC_90d_059,EXP_FS_NC_90d,59,Normal Concrete,90,Flexural Strength,False,4.521,19.1562,14.6352
TabPFN_FineTuned_v2.5,V2_ENGINEERED,1,FS_NC_90d_060,EXP_FS_NC_90d,60,Normal Concrete,90,Flexural Strength,False,4.59,19.1562,14.5662
TabPFN_FineTuned_v2.5,V2_ENGINEERED,1,FS_NC_90d_061,EXP_FS_NC_90d,61,Normal Concrete,90,Flexural Strength,False,5.215,19.1562,13.9412
TabPFN_FineTuned_v2.5,V2_ENGINEERED,1,FS_NC_90d_062,EXP_FS_NC_90d,62,Normal Concrete,90,Flexural Strength,False,4.53,19.1562,14.6262
TabPFN_FineTuned_v2.5,V2_ENGINEERED,1,FS_NC_90d_063,EXP_FS_NC_90d,63,Normal Concrete,90,Flexural Strength,False,4.78,19.1562,14.3762
TabPFN_FineTuned_v2.5,V2_ENGINEERED,1,FS_NC_90d_064,EXP_FS_NC_90d,64,Normal Concrete,90,Flexural Strength,False,4.856,19.1562,14.3002
TabPFN_FineTuned_v2.5,V2_ENGINEERED,1,FS_NC_90d_065,EXP_FS_NC_90d,65,Normal Concrete,90,Flexural Strength,False,4.794,19.1562,14.3622
TabPFN_FineTuned_v2.5,V2_ENGINEERED,1,FS_NC_90d_066,EXP_FS_NC_90d,66,Normal Concrete,90,Flexural Strength,False,4.875,19.1562,14.2812
TabPFN_FineTuned_v2.5,V2_ENGINEERED,1,FS_NC_90d_067,EXP_FS_NC_90d,67,Normal Concrete,90,Flexural Strength,False,5.037,19.1562,14.1192
TabPFN_FineTuned_v2.5,V2_ENGINEERED,1,FS_NC_90d_068,EXP_FS_NC_90d,68,Normal Concrete,90,Flexural Strength,False,4.539,19.1562,14.6172
TabPFN_FineTuned_v2.5,V2_ENGINEERED,1,FS_NC_90d_069,EXP_FS_NC_90d,69,Normal Concrete,90,Flexural Strength,False,4.774,19.1562,14.3822
TabPFN_FineTuned_v2.5,V2_ENGINEERED,1,FS_NC_90d_070,EXP_FS_NC_90d,70,Normal Concrete,90,Flexural Strength,False,4.78,19.1562,14.3762
TabPFN_FineTuned_v2.5,V2_ENGINEERED,1,FS_NC_90d_071,EXP_FS_NC_90d,71,Normal Concrete,90,Flexural Strength,False,5.25,19.1562,13.9062
TabPFN_FineTuned_v2.5,V2_ENGINEERED,1,FS_NC_90d_072,EXP_FS_NC_90d,72,Normal Concrete,90,Flexural Strength,False,5.19,19.1562,13.9662
TabPFN_FineTuned_v2.5,V2_ENGINEERED,1,FS_NC_90d_073,EXP_FS_NC_90d,73,Normal Concrete,90,Flexural Strength,False,5.215,19.1562,13.9412
TabPFN_FineTuned_v2.5,V2_ENGINEERED,1,FS_NC_90d_074,EXP_FS_NC_90d,74,Normal Concrete,90,Flexural Strength,False,5.006,19.1562,14.1502
TabPFN_FineTuned_v2.5,V2_ENGINEERED,1,FS_NC_90d_075,EXP_FS_NC_90d,75,Normal Concrete,90,Flexural Strength,False,5.224,19.1562,13.9322
TabPFN_FineTuned_v2.5,V2_ENGINEERED,1,FS_NC_90d_076,EXP_FS_NC_90d,76,Normal Concrete,90,Flexural Strength,False,4.92,19.1562,14.2362
TabPFN_FineTuned_v2.5,V2_ENGINEERED,1,FS_NC_90d_077,EXP_FS_NC_90d,77,Normal Concrete,90,Flexural Strength,False,5.207,19.1562,13.9492
TabPFN_FineTuned_v2.5,V2_ENGINEERED,1,FS_NC_90d_078,EXP_FS_NC_90d,78,Normal Concrete,90,Flexural Strength,False,4.804,19.1562,14.3522
TabPFN_FineTuned_v2.5,V2_ENGINEERED,1,FS_NC_90d_079,EXP_FS_NC_90d,79,Normal Concrete,90,Flexural Strength,False,4.354,19.1562,14.8022
TabPFN_FineTuned_v2.5,V2_ENGINEERED,1,FS_NC_90d_080,EXP_FS_NC_90d,80,Normal Concrete,90,Flexural Strength,False,5.105,19.1562,14.0512
TabPFN_FineTuned_v2.5,V2_ENGINEERED,1,FS_NC_90d_081,EXP_FS_NC_90d,81,Normal Concrete,90,Flexural Strength,False,5.158,19.1562,13.9982
TabPFN_FineTuned_v2.5,V2_ENGINEERED,1,FS_NC_90d_082,EXP_FS_NC_90d,82,Normal Concrete,90,Flexural Strength,False,4.489,19.1562,14.6672
TabPFN_FineTuned_v2.5,V2_ENGINEERED,1,FS_NC_90d_083,EXP_FS_NC_90d,83,Normal Concrete,90,Flexural Strength,False,4.618,19.1562,14.5382
TabPFN_FineTuned_v2.5,V2_ENGINEERED,1,FS_NC_90d_084,EXP_FS_NC_90d,84,Normal Concrete,90,Flexural Strength,False,5.26,19.1562,13.8962
TabPFN_FineTuned_v2.5,V2_ENGINEERED,1,FS_NC_90d_085,EXP_FS_NC_90d,85,Normal Concrete,90,Flexural Strength,False,5.217,19.1562,13.9392
TabPFN_FineTuned_v2.5,V2_ENGINEERED,1,FS_NC_90d_086,EXP_FS_NC_90d,86,Normal Concrete,90,Flexural Strength,False,4.65,19.1562,14.5062
TabPFN_FineTuned_v2.5,V2_ENGINEERED,1,FS_NC_90d_087,EXP_FS_NC_90d,87,Normal Concrete,90,Flexural Strength,False,5.179,19.1562,13.9772
TabPFN_FineTuned_v2.5,V2_ENGINEERED,1,FS_NC_90d_088,EXP_FS_NC_90d,88,Normal Concrete,90,Flexural Strength,False,4.671,19.1562,14.4852
TabPFN_FineTuned_v2.5,V2_ENGINEERED,1,FS_NC_90d_089,EXP_FS_NC_90d,89,Normal Concrete,90,Flexural Strength,False,5.221,19.1562,13.9352
TabPFN_FineTuned_v2.5,V2_ENGINEERED,1,FS_NC_90d_090,EXP_FS_NC_90d,90,Normal Concrete,90,Flexural Strength,False,4.794,19.1562,14.3622
TabPFN_FineTuned_v2.5,V2_ENGINEERED,1,FS_NC_90d_091,EXP_FS_NC_90d,91,Normal Concrete,90,Flexural Strength,False,5.503,19.1562,13.6532
TabPFN_FineTuned_v2.5,V2_ENGINEERED,1,FS_NC_90d_092,EXP_FS_NC_90d,92,Normal Concrete,90,Flexural Strength,False,5.123,19.1562,14.0332
TabPFN_FineTuned_v2.5,V2_ENGINEERED,1,FS_NC_90d_093,EXP_FS_NC_90d,93,Normal Concrete,90,Flexural Strength,False,4.678,19.1562,14.4782
TabPFN_FineTuned_v2.5,V2_ENGINEERED,1,FS_NC_90d_094,EXP_FS_NC_90d,94,Normal Concrete,90,Flexural Strength,False,4.606,19.1562,14.5502
TabPFN_FineTuned_v2.5,V2_ENGINEERED,1,FS_NC_90d_095,EXP_FS_NC_90d,95,Normal Concrete,90,Flexural Strength,False,4.895,19.1562,14.2612
TabPFN_FineTuned_v2.5,V2_ENGINEERED,1,FS_NC_90d_096,EXP_FS_NC_90d,96,Normal Concrete,90,Flexural Strength,False,5.091,19.1562,14.0652
TabPFN_FineTuned_v2.5,V2_ENGINEERED,1,FS_NC_90d_097,EXP_FS_NC_90d,97,Normal Concrete,90,Flexural Strength,False,4.684,19.1562,14.4722
TabPFN_FineTuned_v2.5,V2_ENGINEERED,1,FS_NC_90d_098,EXP_FS_NC_90d,98,Normal Concrete,90,Flexural Strength,False,5.061,19.1562,14.0952
TabPFN_FineTuned_v2.5,V2_ENGINEERED,1,FS_NC_90d_099,EXP_FS_NC_90d,99,Normal Concrete,90,Flexural Strength,False,4.898,19.1562,14.2582
TabPFN_FineTuned_v2.5,V2_ENGINEERED,1,FS_NC_90d_100,EXP_FS_NC_90d,100,Normal Concrete,90,Flexural Strength,False,4.345,19.1562,14.8112
TabPFN_FineTuned_v2.5,V2_ENGINEERED,1,FS_BC_56d_001,EXP_FS_BC_56d,1,Bacterial Concrete,56,Flexural Strength,True,5.263,8.4744,3.2114
TabPFN_FineTuned_v2.5,V2_ENGINEERED,1,FS_BC_56d_002,EXP_FS_BC_56d,2,Bacterial Concrete,56,Flexural Strength,True,5.395,8.4744,3.0794
TabPFN_FineTuned_v2.5,V2_ENGINEERED,1,FS_BC_56d_003,EXP_FS_BC_56d,3,Bacterial Concrete,56,Flexural Strength,True,5.752,8.4744,2.7224
TabPFN_FineTuned_v2.5,V2_ENGINEERED,1,FS_BC_56d_004,EXP_FS_BC_56d,4,Bacterial Concrete,56,Flexural Strength,True,5.725,8.4744,2.7494
TabPFN_FineTuned_v2.5,V2_ENGINEERED,1,FS_BC_56d_005,EXP_FS_BC_56d,5,Bacterial Concrete,56,Flexural Strength,True,5.966,8.4744,2.5084
TabPFN_FineTuned_v2.5,V2_ENGINEERED,1,FS_BC_56d_006,EXP_FS_BC_56d,6,Bacterial Concrete,56,Flexural Strength,True,5.526,8.4744,2.9484
TabPFN_FineTuned_v2.5,V2_ENGINEERED,1,FS_BC_56d_007,EXP_FS_BC_56d,7,Bacterial Concrete,56,Flexural Strength,True,5.399,8.4744,3.0754
TabPFN_FineTuned_v2.5,V2_ENGINEERED,1,FS_BC_56d_008,EXP_FS_BC_56d,8,Bacterial Concrete,56,Flexural Strength,True,5.401,8.4744,3.0734
TabPFN_FineTuned_v2.5,V2_ENGINEERED,1,FS_BC_56d_009,EXP_FS_BC_56d,9,Bacterial Concrete,56,Flexural Strength,True,5.788,8.4744,2.6864
TabPFN_FineTuned_v2.5,V2_ENGINEERED,1,FS_BC_56d_010,EXP_FS_BC_56d,10,Bacterial Concrete,56,Flexural Strength,True,5.727,8.4744,2.7474
TabPFN_FineTuned_v2.5,V2_ENGINEERED,1,FS_BC_56d_011,EXP_FS_BC_56d,11,Bacterial Concrete,56,Flexural Strength,True,5.543,8.4744,2.9314
TabPFN_FineTuned_v2.5,V2_ENGINEERED,1,FS_BC_56d_012,EXP_FS_BC_56d,12,Bacterial Concrete,56,Flexural Strength,True,5.484,8.4744,2.9904
TabPFN_FineTuned_v2.5,V2_ENGINEERED,1,FS_BC_56d_013,EXP_FS_BC_56d,13,Bacterial Concrete,56,Flexural Strength,True,5.61,8.4744,2.8644
TabPFN_FineTuned_v2.5,V2_ENGINEERED,1,FS_BC_56d_014,EXP_FS_BC_56d,14,Bacterial Concrete,56,Flexural Strength,True,5.308,8.4744,3.1664
TabPFN_FineTuned_v2.5,V2_ENGINEERED,1,FS_BC_56d_015,EXP_FS_BC_56d,15,Bacterial Concrete,56,Flexural Strength,True,5.453,8.4744,3.0214
TabPFN_FineTuned_v2.5,V2_ENGINEERED,1,FS_BC_56d_016,EXP_FS_BC_56d,16,Bacterial Concrete,56,Flexural Strength,True,5.64,8.4744,2.8344
TabPFN_FineTuned_v2.5,V2_ENGINEERED,1,FS_BC_56d_017,EXP_FS_BC_56d,17,Bacterial Concrete,56,Flexural Strength,True,5.432,8.4744,3.0424
TabPFN_FineTuned_v2.5,V2_ENGINEERED,1,FS_BC_56d_018,EXP_FS_BC_56d,18,Bacterial Concrete,56,Flexural Strength,True,5.719,8.4744,2.7554
TabPFN_FineTuned_v2.5,V2_ENGINEERED,1,FS_BC_56d_019,EXP_FS_BC_56d,19,Bacterial Concrete,56,Flexural Strength,True,6.058,8.4744,2.4164
TabPFN_FineTuned_v2.5,V2_ENGINEERED,1,FS_BC_56d_020,EXP_FS_BC_56d,20,Bacterial Concrete,56,Flexural Strength,True,5.47,8.4744,3.0044
TabPFN_FineTuned_v2.5,V2_ENGINEERED,1,FS_BC_56d_021,EXP_FS_BC_56d,21,Bacterial Concrete,56,Flexural Strength,True,5.695,8.4744,2.7794
TabPFN_FineTuned_v2.5,V2_ENGINEERED,1,FS_BC_56d_022,EXP_FS_BC_56d,22,Bacterial Concrete,56,Flexural Strength,True,5.202,8.4744,3.2724
TabPFN_FineTuned_v2.5,V2_ENGINEERED,1,FS_BC_56d_023,EXP_FS_BC_56d,23,Bacterial Concrete,56,Flexural Strength,True,5.131,8.4744,3.3434
TabPFN_FineTuned_v2.5,V2_ENGINEERED,1,FS_BC_56d_024,EXP_FS_BC_56d,24,Bacterial Concrete,56,Flexural Strength,True,5.479,8.4744,2.9954
TabPFN_FineTuned_v2.5,V2_ENGINEERED,1,FS_BC_56d_025,EXP_FS_BC_56d,25,Bacterial Concrete,56,Flexural Strength,True,5.74,8.4744,2.7344
TabPFN_FineTuned_v2.5,V2_ENGINEERED,1,FS_BC_56d_026,EXP_FS_BC_56d,26,Bacterial Concrete,56,Flexural Strength,True,5.343,8.4744,3.1314
TabPFN_FineTuned_v2.5,V2_ENGINEERED,1,FS_BC_56d_027,EXP_FS_BC_56d,27,Bacterial Concrete,56,Flexural Strength,True,5.248,8.4744,3.2264
TabPFN_FineTuned_v2.5,V2_ENGINEERED,1,FS_BC_56d_028,EXP_FS_BC_56d,28,Bacterial Concrete,56,Flexural Strength,True,5.318,8.4744,3.1564
TabPFN_FineTuned_v2.5,V2_ENGINEERED,1,FS_BC_56d_029,EXP_FS_BC_56d,29,Bacterial Concrete,56,Flexural Strength,True,5.701,8.4744,2.7734
TabPFN_FineTuned_v2.5,V2_ENGINEERED,1,FS_BC_56d_030,EXP_FS_BC_56d,30,Bacterial Concrete,56,Flexural Strength,True,5.609,8.4744,2.8654
TabPFN_FineTuned_v2.5,V2_ENGINEERED,1,FS_BC_56d_031,EXP_FS_BC_56d,31,Bacterial Concrete,56,Flexural Strength,True,5.879,8.4744,2.5954
TabPFN_FineTuned_v2.5,V2_ENGINEERED,1,FS_BC_56d_032,EXP_FS_BC_56d,32,Bacterial Concrete,56,Flexural Strength,True,5.633,8.4744,2.8414
TabPFN_FineTuned_v2.5,V2_ENGINEERED,1,FS_BC_56d_033,EXP_FS_BC_56d,33,Bacterial Concrete,56,Flexural Strength,True,5.12,8.4744,3.3544
TabPFN_FineTuned_v2.5,V2_ENGINEERED,1,FS_BC_56d_034,EXP_FS_BC_56d,34,Bacterial Concrete,56,Flexural Strength,True,5.09,8.4744,3.3844
TabPFN_FineTuned_v2.5,V2_ENGINEERED,1,FS_BC_56d_035,EXP_FS_BC_56d,35,Bacterial Concrete,56,Flexural Strength,True,5.504,8.4744,2.9704
TabPFN_FineTuned_v2.5,V2_ENGINEERED,1,FS_BC_56d_036,EXP_FS_BC_56d,36,Bacterial Concrete,56,Flexural Strength,True,5.709,8.4744,2.7654
TabPFN_FineTuned_v2.5,V2_ENGINEERED,1,FS_BC_56d_037,EXP_FS_BC_56d,37,Bacterial Concrete,56,Flexural Strength,True,5.659,8.4744,2.8154
TabPFN_FineTuned_v2.5,V2_ENGINEERED,1,FS_BC_56d_038,EXP_FS_BC_56d,38,Bacterial Concrete,56,Flexural Strength,True,5.577,8.4744,2.8974
TabPFN_FineTuned_v2.5,V2_ENGINEERED,1,FS_BC_56d_039,EXP_FS_BC_56d,39,Bacterial Concrete,56,Flexural Strength,True,5.93,8.4744,2.5444
TabPFN_FineTuned_v2.5,V2_ENGINEERED,1,FS_BC_56d_040,EXP_FS_BC_56d,40,Bacterial Concrete,56,Flexural Strength,True,5.727,8.4744,2.7474
TabPFN_FineTuned_v2.5,V2_ENGINEERED,1,FS_BC_56d_041,EXP_FS_BC_56d,41,Bacterial Concrete,56,Flexural Strength,True,5.554,8.4744,2.9204
TabPFN_FineTuned_v2.5,V2_ENGINEERED,1,FS_BC_56d_042,EXP_FS_BC_56d,42,Bacterial Concrete,56,Flexural Strength,True,5.647,8.4744,2.8274
TabPFN_FineTuned_v2.5,V2_ENGINEERED,1,FS_BC_56d_043,EXP_FS_BC_56d,43,Bacterial Concrete,56,Flexural Strength,True,5.685,8.4744,2.7894
TabPFN_FineTuned_v2.5,V2_ENGINEERED,1,FS_BC_56d_044,EXP_FS_BC_56d,44,Bacterial Concrete,56,Flexural Strength,True,5.421,8.4744,3.0534
TabPFN_FineTuned_v2.5,V2_ENGINEERED,1,FS_BC_56d_045,EXP_FS_BC_56d,45,Bacterial Concrete,56,Flexural Strength,True,5.379,8.4744,3.0954
TabPFN_FineTuned_v2.5,V2_ENGINEERED,1,FS_BC_56d_046,EXP_FS_BC_56d,46,Bacterial Concrete,56,Flexural Strength,True,5.163,8.4744,3.3114
TabPFN_FineTuned_v2.5,V2_ENGINEERED,1,FS_BC_56d_047,EXP_FS_BC_56d,47,Bacterial Concrete,56,Flexural Strength,True,5.645,8.4744,2.8294
TabPFN_FineTuned_v2.5,V2_ENGINEERED,1,FS_BC_56d_048,EXP_FS_BC_56d,48,Bacterial Concrete,56,Flexural Strength,True,5.448,8.4744,3.0264
TabPFN_FineTuned_v2.5,V2_ENGINEERED,1,FS_BC_56d_049,EXP_FS_BC_56d,49,Bacterial Concrete,56,Flexural Strength,True,5.191,8.4744,3.2834
TabPFN_FineTuned_v2.5,V2_ENGINEERED,1,FS_BC_56d_050,EXP_FS_BC_56d,50,Bacterial Concrete,56,Flexural Strength,True,5.816,8.4744,2.6584
TabPFN_FineTuned_v2.5,V2_ENGINEERED,1,FS_BC_56d_051,EXP_FS_BC_56d,51,Bacterial Concrete,56,Flexural Strength,True,5.222,8.4744,3.2524
TabPFN_FineTuned_v2.5,V2_ENGINEERED,1,FS_BC_56d_052,EXP_FS_BC_56d,52,Bacterial Concrete,56,Flexural Strength,True,5.407,8.4744,3.0674
TabPFN_FineTuned_v2.5,V2_ENGINEERED,1,FS_BC_56d_053,EXP_FS_BC_56d,53,Bacterial Concrete,56,Flexural Strength,True,5.241,8.4744,3.2334
TabPFN_FineTuned_v2.5,V2_ENGINEERED,1,FS_BC_56d_054,EXP_FS_BC_56d,54,Bacterial Concrete,56,Flexural Strength,True,5.835,8.4744,2.6394
TabPFN_FineTuned_v2.5,V2_ENGINEERED,1,FS_BC_56d_055,EXP_FS_BC_56d,55,Bacterial Concrete,56,Flexural Strength,True,5.547,8.4744,2.9274
TabPFN_FineTuned_v2.5,V2_ENGINEERED,1,FS_BC_56d_056,EXP_FS_BC_56d,56,Bacterial Concrete,56,Flexural Strength,True,5.973,8.4744,2.5014
TabPFN_FineTuned_v2.5,V2_ENGINEERED,1,FS_BC_56d_057,EXP_FS_BC_56d,57,Bacterial Concrete,56,Flexural Strength,True,5.593,8.4744,2.8814
TabPFN_FineTuned_v2.5,V2_ENGINEERED,1,FS_BC_56d_058,EXP_FS_BC_56d,58,Bacterial Concrete,56,Flexural Strength,True,5.354,8.4744,3.1204
TabPFN_FineTuned_v2.5,V2_ENGINEERED,1,FS_BC_56d_059,EXP_FS_BC_56d,59,Bacterial Concrete,56,Flexural Strength,True,5.405,8.4744,3.0694
TabPFN_FineTuned_v2.5,V2_ENGINEERED,1,FS_BC_56d_060,EXP_FS_BC_56d,60,Bacterial Concrete,56,Flexural Strength,True,5.593,8.4744,2.8814
TabPFN_FineTuned_v2.5,V2_ENGINEERED,1,FS_BC_56d_061,EXP_FS_BC_56d,61,Bacterial Concrete,56,Flexural Strength,True,5.524,8.4744,2.9504
TabPFN_FineTuned_v2.5,V2_ENGINEERED,1,FS_BC_56d_062,EXP_FS_BC_56d,62,Bacterial Concrete,56,Flexural Strength,True,5.812,8.4744,2.6624
TabPFN_FineTuned_v2.5,V2_ENGINEERED,1,FS_BC_56d_063,EXP_FS_BC_56d,63,Bacterial Concrete,56,Flexural Strength,True,5.364,8.4744,3.1104
TabPFN_FineTuned_v2.5,V2_ENGINEERED,1,FS_BC_56d_064,EXP_FS_BC_56d,64,Bacterial Concrete,56,Flexural Strength,True,5.224,8.4744,3.2504
TabPFN_FineTuned_v2.5,V2_ENGINEERED,1,FS_BC_56d_065,EXP_FS_BC_56d,65,Bacterial Concrete,56,Flexural Strength,True,6.172,8.4744,2.3024
TabPFN_FineTuned_v2.5,V2_ENGINEERED,1,FS_BC_56d_066,EXP_FS_BC_56d,66,Bacterial Concrete,56,Flexural Strength,True,5.242,8.4744,3.2324
TabPFN_FineTuned_v2.5,V2_ENGINEERED,1,FS_BC_56d_067,EXP_FS_BC_56d,67,Bacterial Concrete,56,Flexural Strength,True,5.392,8.4744,3.0824
TabPFN_FineTuned_v2.5,V2_ENGINEERED,1,FS_BC_56d_068,EXP_FS_BC_56d,68,Bacterial Concrete,56,Flexural Strength,True,5.709,8.4744,2.7654
TabPFN_FineTuned_v2.5,V2_ENGINEERED,1,FS_BC_56d_069,EXP_FS_BC_56d,69,Bacterial Concrete,56,Flexural Strength,True,5.378,8.4744,3.0964
TabPFN_FineTuned_v2.5,V2_ENGINEERED,1,FS_BC_56d_070,EXP_FS_BC_56d,70,Bacterial Concrete,56,Flexural Strength,True,5.473,8.4744,3.0014
TabPFN_FineTuned_v2.5,V2_ENGINEERED,1,FS_BC_56d_071,EXP_FS_BC_56d,71,Bacterial Concrete,56,Flexural Strength,True,5.777,8.4744,2.6974
TabPFN_FineTuned_v2.5,V2_ENGINEERED,1,FS_BC_56d_072,EXP_FS_BC_56d,72,Bacterial Concrete,56,Flexural Strength,True,4.918,8.4744,3.5564
TabPFN_FineTuned_v2.5,V2_ENGINEERED,1,FS_BC_56d_073,EXP_FS_BC_56d,73,Bacterial Concrete,56,Flexural Strength,True,5.166,8.4744,3.3084
TabPFN_FineTuned_v2.5,V2_ENGINEERED,1,FS_BC_56d_074,EXP_FS_BC_56d,74,Bacterial Concrete,56,Flexural Strength,True,5.389,8.4744,3.0854
TabPFN_FineTuned_v2.5,V2_ENGINEERED,1,FS_BC_56d_075,EXP_FS_BC_56d,75,Bacterial Concrete,56,Flexural Strength,True,5.17,8.4744,3.3044
TabPFN_FineTuned_v2.5,V2_ENGINEERED,1,FS_BC_56d_076,EXP_FS_BC_56d,76,Bacterial Concrete,56,Flexural Strength,True,5.503,8.4744,2.9714
TabPFN_FineTuned_v2.5,V2_ENGINEERED,1,FS_BC_56d_077,EXP_FS_BC_56d,77,Bacterial Concrete,56,Flexural Strength,True,5.689,8.4744,2.7854
TabPFN_FineTuned_v2.5,V2_ENGINEERED,1,FS_BC_56d_078,EXP_FS_BC_56d,78,Bacterial Concrete,56,Flexural Strength,True,5.987,8.4744,2.4874
TabPFN_FineTuned_v2.5,V2_ENGINEERED,1,FS_BC_56d_079,EXP_FS_BC_56d,79,Bacterial Concrete,56,Flexural Strength,True,5.415,8.4744,3.0594
TabPFN_FineTuned_v2.5,V2_ENGINEERED,1,FS_BC_56d_080,EXP_FS_BC_56d,80,Bacterial Concrete,56,Flexural Strength,True,5.855,8.4744,2.6194
TabPFN_FineTuned_v2.5,V2_ENGINEERED,1,FS_BC_56d_081,EXP_FS_BC_56d,81,Bacterial Concrete,56,Flexural Strength,True,6.089,8.4744,2.3854
TabPFN_FineTuned_v2.5,V2_ENGINEERED,1,FS_BC_56d_082,EXP_FS_BC_56d,82,Bacterial Concrete,56,Flexural Strength,True,5.619,8.4744,2.8554
TabPFN_FineTuned_v2.5,V2_ENGINEERED,1,FS_BC_56d_083,EXP_FS_BC_56d,83,Bacterial Concrete,56,Flexural Strength,True,5.219,8.4744,3.2554
TabPFN_FineTuned_v2.5,V2_ENGINEERED,1,FS_BC_56d_084,EXP_FS_BC_56d,84,Bacterial Concrete,56,Flexural Strength,True,5.129,8.4744,3.3454
TabPFN_FineTuned_v2.5,V2_ENGINEERED,1,FS_BC_56d_085,EXP_FS_BC_56d,85,Bacterial Concrete,56,Flexural Strength,True,5.349,8.4744,3.1254
TabPFN_FineTuned_v2.5,V2_ENGINEERED,1,FS_BC_56d_086,EXP_FS_BC_56d,86,Bacterial Concrete,56,Flexural Strength,True,5.739,8.4744,2.7354
TabPFN_FineTuned_v2.5,V2_ENGINEERED,1,FS_BC_56d_087,EXP_FS_BC_56d,87,Bacterial Concrete,56,Flexural Strength,True,5.882,8.4744,2.5924
TabPFN_FineTuned_v2.5,V2_ENGINEERED,1,FS_BC_56d_088,EXP_FS_BC_56d,88,Bacterial Concrete,56,Flexural Strength,True,5.548,8.4744,2.9264
TabPFN_FineTuned_v2.5,V2_ENGINEERED,1,FS_BC_56d_089,EXP_FS_BC_56d,89,Bacterial Concrete,56,Flexural Strength,True,5.713,8.4744,2.7614
TabPFN_FineTuned_v2.5,V2_ENGINEERED,1,FS_BC_56d_090,EXP_FS_BC_56d,90,Bacterial Concrete,56,Flexural Strength,True,5.721,8.4744,2.7534
TabPFN_FineTuned_v2.5,V2_ENGINEERED,1,FS_BC_56d_091,EXP_FS_BC_56d,91,Bacterial Concrete,56,Flexural Strength,True,5.662,8.4744,2.8124
TabPFN_FineTuned_v2.5,V2_ENGINEERED,1,FS_BC_56d_092,EXP_FS_BC_56d,92,Bacterial Concrete,56,Flexural Strength,True,5.434,8.4744,3.0404
TabPFN_FineTuned_v2.5,V2_ENGINEERED,1,FS_BC_56d_093,EXP_FS_BC_56d,93,Bacterial Concrete,56,Flexural Strength,True,5.413,8.4744,3.0614
TabPFN_FineTuned_v2.5,V2_ENGINEERED,1,FS_BC_56d_094,EXP_FS_BC_56d,94,Bacterial Concrete,56,Flexural Strength,True,5.328,8.4744,3.1464
TabPFN_FineTuned_v2.5,V2_ENGINEERED,1,FS_BC_56d_095,EXP_FS_BC_56d,95,Bacterial Concrete,56,Flexural Strength,True,5.522,8.4744,2.9524
TabPFN_FineTuned_v2.5,V2_ENGINEERED,1,FS_BC_56d_096,EXP_FS_BC_56d,96,Bacterial Concrete,56,Flexural Strength,True,5.637,8.4744,2.8374
TabPFN_FineTuned_v2.5,V2_ENGINEERED,1,FS_BC_56d_097,EXP_FS_BC_56d,97,Bacterial Concrete,56,Flexural Strength,True,5.398,8.4744,3.0764
TabPFN_FineTuned_v2.5,V2_ENGINEERED,1,FS_BC_56d_098,EXP_FS_BC_56d,98,Bacterial Concrete,56,Flexural Strength,True,5.622,8.4744,2.8524
TabPFN_FineTuned_v2.5,V2_ENGINEERED,1,FS_BC_56d_099,EXP_FS_BC_56d,99,Bacterial Concrete,56,Flexural Strength,True,5.363,8.4744,3.1114
TabPFN_FineTuned_v2.5,V2_ENGINEERED,1,FS_BC_56d_100,EXP_FS_BC_56d,100,Bacterial Concrete,56,Flexural Strength,True,5.413,8.4744,3.0614
TabPFN_FineTuned_v2.5,V2_ENGINEERED,1,TS_NC_90d_001,EXP_TS_NC_90d,1,Normal Concrete,90,Split Tensile Strength,False,3.213,12.156,8.943
TabPFN_FineTuned_v2.5,V2_ENGINEERED,1,TS_NC_90d_002,EXP_TS_NC_90d,2,Normal Concrete,90,Split Tensile Strength,False,3.11,12.156,9.046
TabPFN_FineTuned_v2.5,V2_ENGINEERED,1,TS_NC_90d_003,EXP_TS_NC_90d,3,Normal Concrete,90,Split Tensile Strength,False,3.06,12.156,9.096
TabPFN_FineTuned_v2.5,V2_ENGINEERED,1,TS_NC_90d_004,EXP_TS_NC_90d,4,Normal Concrete,90,Split Tensile Strength,False,3.239,12.156,8.917
TabPFN_FineTuned_v2.5,V2_ENGINEERED,1,TS_NC_90d_005,EXP_TS_NC_90d,5,Normal Concrete,90,Split Tensile Strength,False,3.289,12.156,8.867
TabPFN_FineTuned_v2.5,V2_ENGINEERED,1,TS_NC_90d_006,EXP_TS_NC_90d,6,Normal Concrete,90,Split Tensile Strength,False,3.301,12.156,8.855
TabPFN_FineTuned_v2.5,V2_ENGINEERED,1,TS_NC_90d_007,EXP_TS_NC_90d,7,Normal Concrete,90,Split Tensile Strength,False,2.951,12.156,9.205
TabPFN_FineTuned_v2.5,V2_ENGINEERED,1,TS_NC_90d_008,EXP_TS_NC_90d,8,Normal Concrete,90,Split Tensile Strength,False,3.02,12.156,9.136
TabPFN_FineTuned_v2.5,V2_ENGINEERED,1,TS_NC_90d_009,EXP_TS_NC_90d,9,Normal Concrete,90,Split Tensile Strength,False,2.845,12.156,9.311
TabPFN_FineTuned_v2.5,V2_ENGINEERED,1,TS_NC_90d_010,EXP_TS_NC_90d,10,Normal Concrete,90,Split Tensile Strength,False,3.064,12.156,9.092
TabPFN_FineTuned_v2.5,V2_ENGINEERED,1,TS_NC_90d_011,EXP_TS_NC_90d,11,Normal Concrete,90,Split Tensile Strength,False,3.162,12.156,8.994
TabPFN_FineTuned_v2.5,V2_ENGINEERED,1,TS_NC_90d_012,EXP_TS_NC_90d,12,Normal Concrete,90,Split Tensile Strength,False,3.08,12.156,9.076
TabPFN_FineTuned_v2.5,V2_ENGINEERED,1,TS_NC_90d_013,EXP_TS_NC_90d,13,Normal Concrete,90,Split Tensile Strength,False,3.39,12.156,8.766
TabPFN_FineTuned_v2.5,V2_ENGINEERED,1,TS_NC_90d_014,EXP_TS_NC_90d,14,Normal Concrete,90,Split Tensile Strength,False,3.039,12.156,9.117
TabPFN_FineTuned_v2.5,V2_ENGINEERED,1,TS_NC_90d_015,EXP_TS_NC_90d,15,Normal Concrete,90,Split Tensile Strength,False,2.937,12.156,9.219
TabPFN_FineTuned_v2.5,V2_ENGINEERED,1,TS_NC_90d_016,EXP_TS_NC_90d,16,Normal Concrete,90,Split Tensile Strength,False,3.185,12.156,8.971
TabPFN_FineTuned_v2.5,V2_ENGINEERED,1,TS_NC_90d_017,EXP_TS_NC_90d,17,Normal Concrete,90,Split Tensile Strength,False,3.122,12.156,9.034
TabPFN_FineTuned_v2.5,V2_ENGINEERED,1,TS_NC_90d_018,EXP_TS_NC_90d,18,Normal Concrete,90,Split Tensile Strength,False,3.182,12.156,8.974
TabPFN_FineTuned_v2.5,V2_ENGINEERED,1,TS_NC_90d_019,EXP_TS_NC_90d,19,Normal Concrete,90,Split Tensile Strength,False,3.146,12.156,9.01
TabPFN_FineTuned_v2.5,V2_ENGINEERED,1,TS_NC_90d_020,EXP_TS_NC_90d,20,Normal Concrete,90,Split Tensile Strength,False,3.137,12.156,9.019
TabPFN_FineTuned_v2.5,V2_ENGINEERED,1,TS_NC_90d_021,EXP_TS_NC_90d,21,Normal Concrete,90,Split Tensile Strength,False,2.782,12.156,9.374
TabPFN_FineTuned_v2.5,V2_ENGINEERED,1,TS_NC_90d_022,EXP_TS_NC_90d,22,Normal Concrete,90,Split Tensile Strength,False,2.991,12.156,9.165
TabPFN_FineTuned_v2.5,V2_ENGINEERED,1,TS_NC_90d_023,EXP_TS_NC_90d,23,Normal Concrete,90,Split Tensile Strength,False,3.011,12.156,9.145
TabPFN_FineTuned_v2.5,V2_ENGINEERED,1,TS_NC_90d_024,EXP_TS_NC_90d,24,Normal Concrete,90,Split Tensile Strength,False,3.048,12.156,9.108
TabPFN_FineTuned_v2.5,V2_ENGINEERED,1,TS_NC_90d_025,EXP_TS_NC_90d,25,Normal Concrete,90,Split Tensile Strength,False,3.033,12.156,9.123
TabPFN_FineTuned_v2.5,V2_ENGINEERED,1,TS_NC_90d_026,EXP_TS_NC_90d,26,Normal Concrete,90,Split Tensile Strength,False,3.162,12.156,8.994
TabPFN_FineTuned_v2.5,V2_ENGINEERED,1,TS_NC_90d_027,EXP_TS_NC_90d,27,Normal Concrete,90,Split Tensile Strength,False,3.19,12.156,8.966
TabPFN_FineTuned_v2.5,V2_ENGINEERED,1,TS_NC_90d_028,EXP_TS_NC_90d,28,Normal Concrete,90,Split Tensile Strength,False,2.93,12.156,9.226
TabPFN_FineTuned_v2.5,V2_ENGINEERED,1,TS_NC_90d_029,EXP_TS_NC_90d,29,Normal Concrete,90,Split Tensile Strength,False,3.203,12.156,8.953
TabPFN_FineTuned_v2.5,V2_ENGINEERED,1,TS_NC_90d_030,EXP_TS_NC_90d,30,Normal Concrete,90,Split Tensile Strength,False,3.188,12.156,8.968
TabPFN_FineTuned_v2.5,V2_ENGINEERED,1,TS_NC_90d_031,EXP_TS_NC_90d,31,Normal Concrete,90,Split Tensile Strength,False,3.17,12.156,8.986
TabPFN_FineTuned_v2.5,V2_ENGINEERED,1,TS_NC_90d_032,EXP_TS_NC_90d,32,Normal Concrete,90,Split Tensile Strength,False,2.887,12.156,9.269
TabPFN_FineTuned_v2.5,V2_ENGINEERED,1,TS_NC_90d_033,EXP_TS_NC_90d,33,Normal Concrete,90,Split Tensile Strength,False,3.166,12.156,8.99
TabPFN_FineTuned_v2.5,V2_ENGINEERED,1,TS_NC_90d_034,EXP_TS_NC_90d,34,Normal Concrete,90,Split Tensile Strength,False,3.112,12.156,9.044
TabPFN_FineTuned_v2.5,V2_ENGINEERED,1,TS_NC_90d_035,EXP_TS_NC_90d,35,Normal Concrete,90,Split Tensile Strength,False,3.244,12.156,8.912
TabPFN_FineTuned_v2.5,V2_ENGINEERED,1,TS_NC_90d_036,EXP_TS_NC_90d,36,Normal Concrete,90,Split Tensile Strength,False,3.368,12.156,8.788
TabPFN_FineTuned_v2.5,V2_ENGINEERED,1,TS_NC_90d_037,EXP_TS_NC_90d,37,Normal Concrete,90,Split Tensile Strength,False,3.338,12.156,8.818
TabPFN_FineTuned_v2.5,V2_ENGINEERED,1,TS_NC_90d_038,EXP_TS_NC_90d,38,Normal Concrete,90,Split Tensile Strength,False,3.117,12.156,9.039
TabPFN_FineTuned_v2.5,V2_ENGINEERED,1,TS_NC_90d_039,EXP_TS_NC_90d,39,Normal Concrete,90,Split Tensile Strength,False,3.1,12.156,9.056
TabPFN_FineTuned_v2.5,V2_ENGINEERED,1,TS_NC_90d_040,EXP_TS_NC_90d,40,Normal Concrete,90,Split Tensile Strength,False,3.195,12.156,8.961
TabPFN_FineTuned_v2.5,V2_ENGINEERED,1,TS_NC_90d_041,EXP_TS_NC_90d,41,Normal Concrete,90,Split Tensile Strength,False,2.933,12.156,9.223
TabPFN_FineTuned_v2.5,V2_ENGINEERED,1,TS_NC_90d_042,EXP_TS_NC_90d,42,Normal Concrete,90,Split Tensile Strength,False,2.882,12.156,9.274
TabPFN_FineTuned_v2.5,V2_ENGINEERED,1,TS_NC_90d_043,EXP_TS_NC_90d,43,Normal Concrete,90,Split Tensile Strength,False,3.029,12.156,9.127
TabPFN_FineTuned_v2.5,V2_ENGINEERED,1,TS_NC_90d_044,EXP_TS_NC_90d,44,Normal Concrete,90,Split Tensile Strength,False,3.283,12.156,8.873
TabPFN_FineTuned_v2.5,V2_ENGINEERED,1,TS_NC_90d_045,EXP_TS_NC_90d,45,Normal Concrete,90,Split Tensile Strength,False,3.05,12.156,9.106
TabPFN_FineTuned_v2.5,V2_ENGINEERED,1,TS_NC_90d_046,EXP_TS_NC_90d,46,Normal Concrete,90,Split Tensile Strength,False,3.325,12.156,8.831
TabPFN_FineTuned_v2.5,V2_ENGINEERED,1,TS_NC_90d_047,EXP_TS_NC_90d,47,Normal Concrete,90,Split Tensile Strength,False,2.682,12.156,9.474
TabPFN_FineTuned_v2.5,V2_ENGINEERED,1,TS_NC_90d_048,EXP_TS_NC_90d,48,Normal Concrete,90,Split Tensile Strength,False,2.862,12.156,9.294
TabPFN_FineTuned_v2.5,V2_ENGINEERED,1,TS_NC_90d_049,EXP_TS_NC_90d,49,Normal Concrete,90,Split Tensile Strength,False,3.081,12.156,9.075
TabPFN_FineTuned_v2.5,V2_ENGINEERED,1,TS_NC_90d_050,EXP_TS_NC_90d,50,Normal Concrete,90,Split Tensile Strength,False,3.233,12.156,8.923
TabPFN_FineTuned_v2.5,V2_ENGINEERED,1,TS_NC_90d_051,EXP_TS_NC_90d,51,Normal Concrete,90,Split Tensile Strength,False,3.09,12.156,9.066
TabPFN_FineTuned_v2.5,V2_ENGINEERED,1,TS_NC_90d_052,EXP_TS_NC_90d,52,Normal Concrete,90,Split Tensile Strength,False,3.086,12.156,9.07
TabPFN_FineTuned_v2.5,V2_ENGINEERED,1,TS_NC_90d_053,EXP_TS_NC_90d,53,Normal Concrete,90,Split Tensile Strength,False,3.082,12.156,9.074
TabPFN_FineTuned_v2.5,V2_ENGINEERED,1,TS_NC_90d_054,EXP_TS_NC_90d,54,Normal Concrete,90,Split Tensile Strength,False,2.836,12.156,9.32
TabPFN_FineTuned_v2.5,V2_ENGINEERED,1,TS_NC_90d_055,EXP_TS_NC_90d,55,Normal Concrete,90,Split Tensile Strength,False,3.274,12.156,8.882
TabPFN_FineTuned_v2.5,V2_ENGINEERED,1,TS_NC_90d_056,EXP_TS_NC_90d,56,Normal Concrete,90,Split Tensile Strength,False,2.998,12.156,9.158
TabPFN_FineTuned_v2.5,V2_ENGINEERED,1,TS_NC_90d_057,EXP_TS_NC_90d,57,Normal Concrete,90,Split Tensile Strength,False,3.263,12.156,8.893
TabPFN_FineTuned_v2.5,V2_ENGINEERED,1,TS_NC_90d_058,EXP_TS_NC_90d,58,Normal Concrete,90,Split Tensile Strength,False,3.089,12.156,9.067
TabPFN_FineTuned_v2.5,V2_ENGINEERED,1,TS_NC_90d_059,EXP_TS_NC_90d,59,Normal Concrete,90,Split Tensile Strength,False,3.26,12.156,8.896
TabPFN_FineTuned_v2.5,V2_ENGINEERED,1,TS_NC_90d_060,EXP_TS_NC_90d,60,Normal Concrete,90,Split Tensile Strength,False,3.151,12.156,9.005
TabPFN_FineTuned_v2.5,V2_ENGINEERED,1,TS_NC_90d_061,EXP_TS_NC_90d,61,Normal Concrete,90,Split Tensile Strength,False,3.084,12.156,9.072
TabPFN_FineTuned_v2.5,V2_ENGINEERED,1,TS_NC_90d_062,EXP_TS_NC_90d,62,Normal Concrete,90,Split Tensile Strength,False,3.134,12.156,9.022
TabPFN_FineTuned_v2.5,V2_ENGINEERED,1,TS_NC_90d_063,EXP_TS_NC_90d,63,Normal Concrete,90,Split Tensile Strength,False,2.879,12.156,9.277
TabPFN_FineTuned_v2.5,V2_ENGINEERED,1,TS_NC_90d_064,EXP_TS_NC_90d,64,Normal Concrete,90,Split Tensile Strength,False,3.101,12.156,9.055
TabPFN_FineTuned_v2.5,V2_ENGINEERED,1,TS_NC_90d_065,EXP_TS_NC_90d,65,Normal Concrete,90,Split Tensile Strength,False,3.357,12.156,8.799
TabPFN_FineTuned_v2.5,V2_ENGINEERED,1,TS_NC_90d_066,EXP_TS_NC_90d,66,Normal Concrete,90,Split Tensile Strength,False,3.296,12.156,8.86
TabPFN_FineTuned_v2.5,V2_ENGINEERED,1,TS_NC_90d_067,EXP_TS_NC_90d,67,Normal Concrete,90,Split Tensile Strength,False,2.952,12.156,9.204
TabPFN_FineTuned_v2.5,V2_ENGINEERED,1,TS_NC_90d_068,EXP_TS_NC_90d,68,Normal Concrete,90,Split Tensile Strength,False,3.176,12.156,8.98
TabPFN_FineTuned_v2.5,V2_ENGINEERED,1,TS_NC_90d_069,EXP_TS_NC_90d,69,Normal Concrete,90,Split Tensile Strength,False,3.137,12.156,9.019
TabPFN_FineTuned_v2.5,V2_ENGINEERED,1,TS_NC_90d_070,EXP_TS_NC_90d,70,Normal Concrete,90,Split Tensile Strength,False,3.223,12.156,8.933
TabPFN_FineTuned_v2.5,V2_ENGINEERED,1,TS_NC_90d_071,EXP_TS_NC_90d,71,Normal Concrete,90,Split Tensile Strength,False,3.114,12.156,9.042
TabPFN_FineTuned_v2.5,V2_ENGINEERED,1,TS_NC_90d_072,EXP_TS_NC_90d,72,Normal Concrete,90,Split Tensile Strength,False,3.065,12.156,9.091
TabPFN_FineTuned_v2.5,V2_ENGINEERED,1,TS_NC_90d_073,EXP_TS_NC_90d,73,Normal Concrete,90,Split Tensile Strength,False,3.3,12.156,8.856
TabPFN_FineTuned_v2.5,V2_ENGINEERED,1,TS_NC_90d_074,EXP_TS_NC_90d,74,Normal Concrete,90,Split Tensile Strength,False,3.132,12.156,9.024
TabPFN_FineTuned_v2.5,V2_ENGINEERED,1,TS_NC_90d_075,EXP_TS_NC_90d,75,Normal Concrete,90,Split Tensile Strength,False,3.288,12.156,8.868
TabPFN_FineTuned_v2.5,V2_ENGINEERED,1,TS_NC_90d_076,EXP_TS_NC_90d,76,Normal Concrete,90,Split Tensile Strength,False,3.246,12.156,8.91
TabPFN_FineTuned_v2.5,V2_ENGINEERED,1,TS_NC_90d_077,EXP_TS_NC_90d,77,Normal Concrete,90,Split Tensile Strength,False,3.051,12.156,9.105
TabPFN_FineTuned_v2.5,V2_ENGINEERED,1,TS_NC_90d_078,EXP_TS_NC_90d,78,Normal Concrete,90,Split Tensile Strength,False,3.075,12.156,9.081
TabPFN_FineTuned_v2.5,V2_ENGINEERED,1,TS_NC_90d_079,EXP_TS_NC_90d,79,Normal Concrete,90,Split Tensile Strength,False,3.389,12.156,8.767
TabPFN_FineTuned_v2.5,V2_ENGINEERED,1,TS_NC_90d_080,EXP_TS_NC_90d,80,Normal Concrete,90,Split Tensile Strength,False,3.129,12.156,9.027
TabPFN_FineTuned_v2.5,V2_ENGINEERED,1,TS_NC_90d_081,EXP_TS_NC_90d,81,Normal Concrete,90,Split Tensile Strength,False,2.986,12.156,9.17
TabPFN_FineTuned_v2.5,V2_ENGINEERED,1,TS_NC_90d_082,EXP_TS_NC_90d,82,Normal Concrete,90,Split Tensile Strength,False,2.92,12.156,9.236
TabPFN_FineTuned_v2.5,V2_ENGINEERED,1,TS_NC_90d_083,EXP_TS_NC_90d,83,Normal Concrete,90,Split Tensile Strength,False,3.246,12.156,8.91
TabPFN_FineTuned_v2.5,V2_ENGINEERED,1,TS_NC_90d_084,EXP_TS_NC_90d,84,Normal Concrete,90,Split Tensile Strength,False,3.124,12.156,9.032
TabPFN_FineTuned_v2.5,V2_ENGINEERED,1,TS_NC_90d_085,EXP_TS_NC_90d,85,Normal Concrete,90,Split Tensile Strength,False,2.981,12.156,9.175
TabPFN_FineTuned_v2.5,V2_ENGINEERED,1,TS_NC_90d_086,EXP_TS_NC_90d,86,Normal Concrete,90,Split Tensile Strength,False,3.201,12.156,8.955
TabPFN_FineTuned_v2.5,V2_ENGINEERED,1,TS_NC_90d_087,EXP_TS_NC_90d,87,Normal Concrete,90,Split Tensile Strength,False,3.124,12.156,9.032
TabPFN_FineTuned_v2.5,V2_ENGINEERED,1,TS_NC_90d_088,EXP_TS_NC_90d,88,Normal Concrete,90,Split Tensile Strength,False,2.851,12.156,9.305
TabPFN_FineTuned_v2.5,V2_ENGINEERED,1,TS_NC_90d_089,EXP_TS_NC_90d,89,Normal Concrete,90,Split Tensile Strength,False,3.188,12.156,8.968
TabPFN_FineTuned_v2.5,V2_ENGINEERED,1,TS_NC_90d_090,EXP_TS_NC_90d,90,Normal Concrete,90,Split Tensile Strength,False,3.3,12.156,8.856
TabPFN_FineTuned_v2.5,V2_ENGINEERED,1,TS_NC_90d_091,EXP_TS_NC_90d,91,Normal Concrete,90,Split Tensile Strength,False,3.484,12.156,8.672
TabPFN_FineTuned_v2.5,V2_ENGINEERED,1,TS_NC_90d_092,EXP_TS_NC_90d,92,Normal Concrete,90,Split Tensile Strength,False,3.105,12.156,9.051
TabPFN_FineTuned_v2.5,V2_ENGINEERED,1,TS_NC_90d_093,EXP_TS_NC_90d,93,Normal Concrete,90,Split Tensile Strength,False,3.135,12.156,9.021
TabPFN_FineTuned_v2.5,V2_ENGINEERED,1,TS_NC_90d_094,EXP_TS_NC_90d,94,Normal Concrete,90,Split Tensile Strength,False,3.341,12.156,8.815
TabPFN_FineTuned_v2.5,V2_ENGINEERED,1,TS_NC_90d_095,EXP_TS_NC_90d,95,Normal Concrete,90,Split Tensile Strength,False,3.125,12.156,9.031
TabPFN_FineTuned_v2.5,V2_ENGINEERED,1,TS_NC_90d_096,EXP_TS_NC_90d,96,Normal Concrete,90,Split Tensile Strength,False,3.141,12.156,9.015
TabPFN_FineTuned_v2.5,V2_ENGINEERED,1,TS_NC_90d_097,EXP_TS_NC_90d,97,Normal Concrete,90,Split Tensile Strength,False,3.005,12.156,9.151
TabPFN_FineTuned_v2.5,V2_ENGINEERED,1,TS_NC_90d_098,EXP_TS_NC_90d,98,Normal Concrete,90,Split Tensile Strength,False,2.891,12.156,9.265
TabPFN_FineTuned_v2.5,V2_ENGINEERED,1,TS_NC_90d_099,EXP_TS_NC_90d,99,Normal Concrete,90,Split Tensile Strength,False,3.237,12.156,8.919
TabPFN_FineTuned_v2.5,V2_ENGINEERED,1,TS_NC_90d_100,EXP_TS_NC_90d,100,Normal Concrete,90,Split Tensile Strength,False,2.909,12.156,9.247
TabPFN_FineTuned_v2.5,V2_ENGINEERED,1,TS_BC_56d_001,EXP_TS_BC_56d,1,Bacterial Concrete,56,Split Tensile Strength,False,3.388,5.6184,2.2304
TabPFN_FineTuned_v2.5,V2_ENGINEERED,1,TS_BC_56d_002,EXP_TS_BC_56d,2,Bacterial Concrete,56,Split Tensile Strength,False,3.585,5.6184,2.0334
TabPFN_FineTuned_v2.5,V2_ENGINEERED,1,TS_BC_56d_003,EXP_TS_BC_56d,3,Bacterial Concrete,56,Split Tensile Strength,False,3.608,5.6184,2.0104
TabPFN_FineTuned_v2.5,V2_ENGINEERED,1,TS_BC_56d_004,EXP_TS_BC_56d,4,Bacterial Concrete,56,Split Tensile Strength,False,3.35,5.6184,2.2684
TabPFN_FineTuned_v2.5,V2_ENGINEERED,1,TS_BC_56d_005,EXP_TS_BC_56d,5,Bacterial Concrete,56,Split Tensile Strength,False,3.571,5.6184,2.0474
TabPFN_FineTuned_v2.5,V2_ENGINEERED,1,TS_BC_56d_006,EXP_TS_BC_56d,6,Bacterial Concrete,56,Split Tensile Strength,False,3.22,5.6184,2.3984
TabPFN_FineTuned_v2.5,V2_ENGINEERED,1,TS_BC_56d_007,EXP_TS_BC_56d,7,Bacterial Concrete,56,Split Tensile Strength,False,3.47,5.6184,2.1484
TabPFN_FineTuned_v2.5,V2_ENGINEERED,1,TS_BC_56d_008,EXP_TS_BC_56d,8,Bacterial Concrete,56,Split Tensile Strength,False,3.33,5.6184,2.2884
TabPFN_FineTuned_v2.5,V2_ENGINEERED,1,TS_BC_56d_009,EXP_TS_BC_56d,9,Bacterial Concrete,56,Split Tensile Strength,False,3.379,5.6184,2.2394
TabPFN_FineTuned_v2.5,V2_ENGINEERED,1,TS_BC_56d_010,EXP_TS_BC_56d,10,Bacterial Concrete,56,Split Tensile Strength,False,3.309,5.6184,2.3094
TabPFN_FineTuned_v2.5,V2_ENGINEERED,1,TS_BC_56d_011,EXP_TS_BC_56d,11,Bacterial Concrete,56,Split Tensile Strength,False,3.583,5.6184,2.0354
TabPFN_FineTuned_v2.5,V2_ENGINEERED,1,TS_BC_56d_012,EXP_TS_BC_56d,12,Bacterial Concrete,56,Split Tensile Strength,False,3.583,5.6184,2.0354
TabPFN_FineTuned_v2.5,V2_ENGINEERED,1,TS_BC_56d_013,EXP_TS_BC_56d,13,Bacterial Concrete,56,Split Tensile Strength,False,3.396,5.6184,2.2224
TabPFN_FineTuned_v2.5,V2_ENGINEERED,1,TS_BC_56d_014,EXP_TS_BC_56d,14,Bacterial Concrete,56,Split Tensile Strength,False,3.556,5.6184,2.0624
TabPFN_FineTuned_v2.5,V2_ENGINEERED,1,TS_BC_56d_015,EXP_TS_BC_56d,15,Bacterial Concrete,56,Split Tensile Strength,False,3.539,5.6184,2.0794
TabPFN_FineTuned_v2.5,V2_ENGINEERED,1,TS_BC_56d_016,EXP_TS_BC_56d,16,Bacterial Concrete,56,Split Tensile Strength,False,3.481,5.6184,2.1374
TabPFN_FineTuned_v2.5,V2_ENGINEERED,1,TS_BC_56d_017,EXP_TS_BC_56d,17,Bacterial Concrete,56,Split Tensile Strength,False,3.824,5.6184,1.7944
TabPFN_FineTuned_v2.5,V2_ENGINEERED,1,TS_BC_56d_018,EXP_TS_BC_56d,18,Bacterial Concrete,56,Split Tensile Strength,False,3.374,5.6184,2.2444
TabPFN_FineTuned_v2.5,V2_ENGINEERED,1,TS_BC_56d_019,EXP_TS_BC_56d,19,Bacterial Concrete,56,Split Tensile Strength,False,3.502,5.6184,2.1164
TabPFN_FineTuned_v2.5,V2_ENGINEERED,1,TS_BC_56d_020,EXP_TS_BC_56d,20,Bacterial Concrete,56,Split Tensile Strength,False,3.443,5.6184,2.1754
TabPFN_FineTuned_v2.5,V2_ENGINEERED,1,TS_BC_56d_021,EXP_TS_BC_56d,21,Bacterial Concrete,56,Split Tensile Strength,False,3.444,5.6184,2.1744
TabPFN_FineTuned_v2.5,V2_ENGINEERED,1,TS_BC_56d_022,EXP_TS_BC_56d,22,Bacterial Concrete,56,Split Tensile Strength,False,3.524,5.6184,2.0944
TabPFN_FineTuned_v2.5,V2_ENGINEERED,1,TS_BC_56d_023,EXP_TS_BC_56d,23,Bacterial Concrete,56,Split Tensile Strength,False,3.456,5.6184,2.1624
TabPFN_FineTuned_v2.5,V2_ENGINEERED,1,TS_BC_56d_024,EXP_TS_BC_56d,24,Bacterial Concrete,56,Split Tensile Strength,False,3.371,5.6184,2.2474
TabPFN_FineTuned_v2.5,V2_ENGINEERED,1,TS_BC_56d_025,EXP_TS_BC_56d,25,Bacterial Concrete,56,Split Tensile Strength,False,3.519,5.6184,2.0994
TabPFN_FineTuned_v2.5,V2_ENGINEERED,1,TS_BC_56d_026,EXP_TS_BC_56d,26,Bacterial Concrete,56,Split Tensile Strength,False,3.677,5.6184,1.9414
TabPFN_FineTuned_v2.5,V2_ENGINEERED,1,TS_BC_56d_027,EXP_TS_BC_56d,27,Bacterial Concrete,56,Split Tensile Strength,False,3.641,5.6184,1.9774
TabPFN_FineTuned_v2.5,V2_ENGINEERED,1,TS_BC_56d_028,EXP_TS_BC_56d,28,Bacterial Concrete,56,Split Tensile Strength,False,3.53,5.6184,2.0884
TabPFN_FineTuned_v2.5,V2_ENGINEERED,1,TS_BC_56d_029,EXP_TS_BC_56d,29,Bacterial Concrete,56,Split Tensile Strength,False,3.39,5.6184,2.2284
TabPFN_FineTuned_v2.5,V2_ENGINEERED,1,TS_BC_56d_030,EXP_TS_BC_56d,30,Bacterial Concrete,56,Split Tensile Strength,False,3.528,5.6184,2.0904
TabPFN_FineTuned_v2.5,V2_ENGINEERED,1,TS_BC_56d_031,EXP_TS_BC_56d,31,Bacterial Concrete,56,Split Tensile Strength,False,3.663,5.6184,1.9554
TabPFN_FineTuned_v2.5,V2_ENGINEERED,1,TS_BC_56d_032,EXP_TS_BC_56d,32,Bacterial Concrete,56,Split Tensile Strength,False,3.679,5.6184,1.9394
TabPFN_FineTuned_v2.5,V2_ENGINEERED,1,TS_BC_56d_033,EXP_TS_BC_56d,33,Bacterial Concrete,56,Split Tensile Strength,False,3.554,5.6184,2.0644
TabPFN_FineTuned_v2.5,V2_ENGINEERED,1,TS_BC_56d_034,EXP_TS_BC_56d,34,Bacterial Concrete,56,Split Tensile Strength,False,3.445,5.6184,2.1734
TabPFN_FineTuned_v2.5,V2_ENGINEERED,1,TS_BC_56d_035,EXP_TS_BC_56d,35,Bacterial Concrete,56,Split Tensile Strength,False,3.47,5.6184,2.1484
TabPFN_FineTuned_v2.5,V2_ENGINEERED,1,TS_BC_56d_036,EXP_TS_BC_56d,36,Bacterial Concrete,56,Split Tensile Strength,False,3.616,5.6184,2.0024
TabPFN_FineTuned_v2.5,V2_ENGINEERED,1,TS_BC_56d_037,EXP_TS_BC_56d,37,Bacterial Concrete,56,Split Tensile Strength,False,3.603,5.6184,2.0154
TabPFN_FineTuned_v2.5,V2_ENGINEERED,1,TS_BC_56d_038,EXP_TS_BC_56d,38,Bacterial Concrete,56,Split Tensile Strength,False,3.236,5.6184,2.3824
TabPFN_FineTuned_v2.5,V2_ENGINEERED,1,TS_BC_56d_039,EXP_TS_BC_56d,39,Bacterial Concrete,56,Split Tensile Strength,False,3.599,5.6184,2.0194
TabPFN_FineTuned_v2.5,V2_ENGINEERED,1,TS_BC_56d_040,EXP_TS_BC_56d,40,Bacterial Concrete,56,Split Tensile Strength,False,3.607,5.6184,2.0114
TabPFN_FineTuned_v2.5,V2_ENGINEERED,1,TS_BC_56d_041,EXP_TS_BC_56d,41,Bacterial Concrete,56,Split Tensile Strength,False,3.367,5.6184,2.2514
TabPFN_FineTuned_v2.5,V2_ENGINEERED,1,TS_BC_56d_042,EXP_TS_BC_56d,42,Bacterial Concrete,56,Split Tensile Strength,False,3.385,5.6184,2.2334
TabPFN_FineTuned_v2.5,V2_ENGINEERED,1,TS_BC_56d_043,EXP_TS_BC_56d,43,Bacterial Concrete,56,Split Tensile Strength,False,3.386,5.6184,2.2324
TabPFN_FineTuned_v2.5,V2_ENGINEERED,1,TS_BC_56d_044,EXP_TS_BC_56d,44,Bacterial Concrete,56,Split Tensile Strength,False,3.398,5.6184,2.2204
TabPFN_FineTuned_v2.5,V2_ENGINEERED,1,TS_BC_56d_045,EXP_TS_BC_56d,45,Bacterial Concrete,56,Split Tensile Strength,False,3.287,5.6184,2.3314
TabPFN_FineTuned_v2.5,V2_ENGINEERED,1,TS_BC_56d_046,EXP_TS_BC_56d,46,Bacterial Concrete,56,Split Tensile Strength,False,3.547,5.6184,2.0714
TabPFN_FineTuned_v2.5,V2_ENGINEERED,1,TS_BC_56d_047,EXP_TS_BC_56d,47,Bacterial Concrete,56,Split Tensile Strength,False,3.382,5.6184,2.2364
TabPFN_FineTuned_v2.5,V2_ENGINEERED,1,TS_BC_56d_048,EXP_TS_BC_56d,48,Bacterial Concrete,56,Split Tensile Strength,False,3.489,5.6184,2.1294
TabPFN_FineTuned_v2.5,V2_ENGINEERED,1,TS_BC_56d_049,EXP_TS_BC_56d,49,Bacterial Concrete,56,Split Tensile Strength,False,3.425,5.6184,2.1934
TabPFN_FineTuned_v2.5,V2_ENGINEERED,1,TS_BC_56d_050,EXP_TS_BC_56d,50,Bacterial Concrete,56,Split Tensile Strength,False,3.538,5.6184,2.0804
TabPFN_FineTuned_v2.5,V2_ENGINEERED,1,TS_BC_56d_051,EXP_TS_BC_56d,51,Bacterial Concrete,56,Split Tensile Strength,False,3.348,5.6184,2.2704
TabPFN_FineTuned_v2.5,V2_ENGINEERED,1,TS_BC_56d_052,EXP_TS_BC_56d,52,Bacterial Concrete,56,Split Tensile Strength,False,3.537,5.6184,2.0814
TabPFN_FineTuned_v2.5,V2_ENGINEERED,1,TS_BC_56d_053,EXP_TS_BC_56d,53,Bacterial Concrete,56,Split Tensile Strength,False,3.558,5.6184,2.0604
TabPFN_FineTuned_v2.5,V2_ENGINEERED,1,TS_BC_56d_054,EXP_TS_BC_56d,54,Bacterial Concrete,56,Split Tensile Strength,False,3.624,5.6184,1.9944
TabPFN_FineTuned_v2.5,V2_ENGINEERED,1,TS_BC_56d_055,EXP_TS_BC_56d,55,Bacterial Concrete,56,Split Tensile Strength,False,3.795,5.6184,1.8234
TabPFN_FineTuned_v2.5,V2_ENGINEERED,1,TS_BC_56d_056,EXP_TS_BC_56d,56,Bacterial Concrete,56,Split Tensile Strength,False,3.186,5.6184,2.4324
TabPFN_FineTuned_v2.5,V2_ENGINEERED,1,TS_BC_56d_057,EXP_TS_BC_56d,57,Bacterial Concrete,56,Split Tensile Strength,False,3.548,5.6184,2.0704
TabPFN_FineTuned_v2.5,V2_ENGINEERED,1,TS_BC_56d_058,EXP_TS_BC_56d,58,Bacterial Concrete,56,Split Tensile Strength,False,3.394,5.6184,2.2244
TabPFN_FineTuned_v2.5,V2_ENGINEERED,1,TS_BC_56d_059,EXP_TS_BC_56d,59,Bacterial Concrete,56,Split Tensile Strength,False,3.211,5.6184,2.4074
TabPFN_FineTuned_v2.5,V2_ENGINEERED,1,TS_BC_56d_060,EXP_TS_BC_56d,60,Bacterial Concrete,56,Split Tensile Strength,False,3.626,5.6184,1.9924
TabPFN_FineTuned_v2.5,V2_ENGINEERED,1,TS_BC_56d_061,EXP_TS_BC_56d,61,Bacterial Concrete,56,Split Tensile Strength,False,3.7,5.6184,1.9184
TabPFN_FineTuned_v2.5,V2_ENGINEERED,1,TS_BC_56d_062,EXP_TS_BC_56d,62,Bacterial Concrete,56,Split Tensile Strength,False,3.441,5.6184,2.1774
TabPFN_FineTuned_v2.5,V2_ENGINEERED,1,TS_BC_56d_063,EXP_TS_BC_56d,63,Bacterial Concrete,56,Split Tensile Strength,False,3.532,5.6184,2.0864
TabPFN_FineTuned_v2.5,V2_ENGINEERED,1,TS_BC_56d_064,EXP_TS_BC_56d,64,Bacterial Concrete,56,Split Tensile Strength,False,3.49,5.6184,2.1284
TabPFN_FineTuned_v2.5,V2_ENGINEERED,1,TS_BC_56d_065,EXP_TS_BC_56d,65,Bacterial Concrete,56,Split Tensile Strength,False,3.565,5.6184,2.0534
TabPFN_FineTuned_v2.5,V2_ENGINEERED,1,TS_BC_56d_066,EXP_TS_BC_56d,66,Bacterial Concrete,56,Split Tensile Strength,False,3.632,5.6184,1.9864
TabPFN_FineTuned_v2.5,V2_ENGINEERED,1,TS_BC_56d_067,EXP_TS_BC_56d,67,Bacterial Concrete,56,Split Tensile Strength,False,3.552,5.6184,2.0664
TabPFN_FineTuned_v2.5,V2_ENGINEERED,1,TS_BC_56d_068,EXP_TS_BC_56d,68,Bacterial Concrete,56,Split Tensile Strength,False,3.552,5.6184,2.0664
TabPFN_FineTuned_v2.5,V2_ENGINEERED,1,TS_BC_56d_069,EXP_TS_BC_56d,69,Bacterial Concrete,56,Split Tensile Strength,False,3.689,5.6184,1.9294
TabPFN_FineTuned_v2.5,V2_ENGINEERED,1,TS_BC_56d_070,EXP_TS_BC_56d,70,Bacterial Concrete,56,Split Tensile Strength,False,3.475,5.6184,2.1434
TabPFN_FineTuned_v2.5,V2_ENGINEERED,1,TS_BC_56d_071,EXP_TS_BC_56d,71,Bacterial Concrete,56,Split Tensile Strength,False,3.638,5.6184,1.9804
TabPFN_FineTuned_v2.5,V2_ENGINEERED,1,TS_BC_56d_072,EXP_TS_BC_56d,72,Bacterial Concrete,56,Split Tensile Strength,False,3.377,5.6184,2.2414
TabPFN_FineTuned_v2.5,V2_ENGINEERED,1,TS_BC_56d_073,EXP_TS_BC_56d,73,Bacterial Concrete,56,Split Tensile Strength,False,3.741,5.6184,1.8774
TabPFN_FineTuned_v2.5,V2_ENGINEERED,1,TS_BC_56d_074,EXP_TS_BC_56d,74,Bacterial Concrete,56,Split Tensile Strength,False,3.611,5.6184,2.0074
TabPFN_FineTuned_v2.5,V2_ENGINEERED,1,TS_BC_56d_075,EXP_TS_BC_56d,75,Bacterial Concrete,56,Split Tensile Strength,False,3.439,5.6184,2.1794
TabPFN_FineTuned_v2.5,V2_ENGINEERED,1,TS_BC_56d_076,EXP_TS_BC_56d,76,Bacterial Concrete,56,Split Tensile Strength,False,3.183,5.6184,2.4354
TabPFN_FineTuned_v2.5,V2_ENGINEERED,1,TS_BC_56d_077,EXP_TS_BC_56d,77,Bacterial Concrete,56,Split Tensile Strength,False,3.5,5.6184,2.1184
TabPFN_FineTuned_v2.5,V2_ENGINEERED,1,TS_BC_56d_078,EXP_TS_BC_56d,78,Bacterial Concrete,56,Split Tensile Strength,False,3.323,5.6184,2.2954
TabPFN_FineTuned_v2.5,V2_ENGINEERED,1,TS_BC_56d_079,EXP_TS_BC_56d,79,Bacterial Concrete,56,Split Tensile Strength,False,3.545,5.6184,2.0734
TabPFN_FineTuned_v2.5,V2_ENGINEERED,1,TS_BC_56d_080,EXP_TS_BC_56d,80,Bacterial Concrete,56,Split Tensile Strength,False,3.718,5.6184,1.9004
TabPFN_FineTuned_v2.5,V2_ENGINEERED,1,TS_BC_56d_081,EXP_TS_BC_56d,81,Bacterial Concrete,56,Split Tensile Strength,False,3.524,5.6184,2.0944
TabPFN_FineTuned_v2.5,V2_ENGINEERED,1,TS_BC_56d_082,EXP_TS_BC_56d,82,Bacterial Concrete,56,Split Tensile Strength,False,3.473,5.6184,2.1454
TabPFN_FineTuned_v2.5,V2_ENGINEERED,1,TS_BC_56d_083,EXP_TS_BC_56d,83,Bacterial Concrete,56,Split Tensile Strength,False,3.551,5.6184,2.0674
TabPFN_FineTuned_v2.5,V2_ENGINEERED,1,TS_BC_56d_084,EXP_TS_BC_56d,84,Bacterial Concrete,56,Split Tensile Strength,False,3.543,5.6184,2.0754
TabPFN_FineTuned_v2.5,V2_ENGINEERED,1,TS_BC_56d_085,EXP_TS_BC_56d,85,Bacterial Concrete,56,Split Tensile Strength,False,3.146,5.6184,2.4724
TabPFN_FineTuned_v2.5,V2_ENGINEERED,1,TS_BC_56d_086,EXP_TS_BC_56d,86,Bacterial Concrete,56,Split Tensile Strength,False,3.536,5.6184,2.0824
TabPFN_FineTuned_v2.5,V2_ENGINEERED,1,TS_BC_56d_087,EXP_TS_BC_56d,87,Bacterial Concrete,56,Split Tensile Strength,False,3.593,5.6184,2.0254
TabPFN_FineTuned_v2.5,V2_ENGINEERED,1,TS_BC_56d_088,EXP_TS_BC_56d,88,Bacterial Concrete,56,Split Tensile Strength,False,3.461,5.6184,2.1574
TabPFN_FineTuned_v2.5,V2_ENGINEERED,1,TS_BC_56d_089,EXP_TS_BC_56d,89,Bacterial Concrete,56,Split Tensile Strength,False,3.647,5.6184,1.9714
TabPFN_FineTuned_v2.5,V2_ENGINEERED,1,TS_BC_56d_090,EXP_TS_BC_56d,90,Bacterial Concrete,56,Split Tensile Strength,False,3.481,5.6184,2.1374
TabPFN_FineTuned_v2.5,V2_ENGINEERED,1,TS_BC_56d_091,EXP_TS_BC_56d,91,Bacterial Concrete,56,Split Tensile Strength,False,3.615,5.6184,2.0034
TabPFN_FineTuned_v2.5,V2_ENGINEERED,1,TS_BC_56d_092,EXP_TS_BC_56d,92,Bacterial Concrete,56,Split Tensile Strength,False,3.841,5.6184,1.7774
TabPFN_FineTuned_v2.5,V2_ENGINEERED,1,TS_BC_56d_093,EXP_TS_BC_56d,93,Bacterial Concrete,56,Split Tensile Strength,False,3.486,5.6184,2.1324
TabPFN_FineTuned_v2.5,V2_ENGINEERED,1,TS_BC_56d_094,EXP_TS_BC_56d,94,Bacterial Concrete,56,Split Tensile Strength,False,3.209,5.6184,2.4094
TabPFN_FineTuned_v2.5,V2_ENGINEERED,1,TS_BC_56d_095,EXP_TS_BC_56d,95,Bacterial Concrete,56,Split Tensile Strength,False,3.45,5.6184,2.1684
TabPFN_FineTuned_v2.5,V2_ENGINEERED,1,TS_BC_56d_096,EXP_TS_BC_56d,96,Bacterial Concrete,56,Split Tensile Strength,False,3.241,5.6184,2.3774
TabPFN_FineTuned_v2.5,V2_ENGINEERED,1,TS_BC_56d_097,EXP_TS_BC_56d,97,Bacterial Concrete,56,Split Tensile Strength,False,3.592,5.6184,2.0264
TabPFN_FineTuned_v2.5,V2_ENGINEERED,1,TS_BC_56d_098,EXP_TS_BC_56d,98,Bacterial Concrete,56,Split Tensile Strength,False,3.696,5.6184,1.9224
TabPFN_FineTuned_v2.5,V2_ENGINEERED,1,TS_BC_56d_099,EXP_TS_BC_56d,99,Bacterial Concrete,56,Split Tensile Strength,False,3.604,5.6184,2.0144
TabPFN_FineTuned_v2.5,V2_ENGINEERED,1,TS_BC_56d_100,EXP_TS_BC_56d,100,Bacterial Concrete,56,Split Tensile Strength,False,3.548,5.6184,2.0704
TabPFN_FineTuned_v2.5,V2_ENGINEERED,2,CS_BC_21d_001,EXP_CS_BC_21d,1,Bacterial Concrete,21,Compressive Strength,False,30.91,18.7998,-12.1102
TabPFN_FineTuned_v2.5,V2_ENGINEERED,2,CS_BC_21d_002,EXP_CS_BC_21d,2,Bacterial Concrete,21,Compressive Strength,False,28.73,18.7998,-9.9302
TabPFN_FineTuned_v2.5,V2_ENGINEERED,2,CS_BC_21d_003,EXP_CS_BC_21d,3,Bacterial Concrete,21,Compressive Strength,False,29.64,18.7998,-10.8402
TabPFN_FineTuned_v2.5,V2_ENGINEERED,2,CS_BC_21d_004,EXP_CS_BC_21d,4,Bacterial Concrete,21,Compressive Strength,False,28.81,18.7998,-10.0102
TabPFN_FineTuned_v2.5,V2_ENGINEERED,2,CS_BC_21d_005,EXP_CS_BC_21d,5,Bacterial Concrete,21,Compressive Strength,False,28.85,18.7998,-10.0502
TabPFN_FineTuned_v2.5,V2_ENGINEERED,2,CS_BC_21d_006,EXP_CS_BC_21d,6,Bacterial Concrete,21,Compressive Strength,False,29.04,18.7998,-10.2402
TabPFN_FineTuned_v2.5,V2_ENGINEERED,2,CS_BC_21d_007,EXP_CS_BC_21d,7,Bacterial Concrete,21,Compressive Strength,False,29.83,18.7998,-11.0302
TabPFN_FineTuned_v2.5,V2_ENGINEERED,2,CS_BC_21d_008,EXP_CS_BC_21d,8,Bacterial Concrete,21,Compressive Strength,False,28.78,18.7998,-9.9802
TabPFN_FineTuned_v2.5,V2_ENGINEERED,2,CS_BC_21d_009,EXP_CS_BC_21d,9,Bacterial Concrete,21,Compressive Strength,False,31.38,18.7998,-12.5802
TabPFN_FineTuned_v2.5,V2_ENGINEERED,2,CS_BC_21d_010,EXP_CS_BC_21d,10,Bacterial Concrete,21,Compressive Strength,False,28.16,18.7998,-9.3602
TabPFN_FineTuned_v2.5,V2_ENGINEERED,2,CS_BC_21d_011,EXP_CS_BC_21d,11,Bacterial Concrete,21,Compressive Strength,False,29.22,18.7998,-10.4202
TabPFN_FineTuned_v2.5,V2_ENGINEERED,2,CS_BC_21d_012,EXP_CS_BC_21d,12,Bacterial Concrete,21,Compressive Strength,False,28.84,18.7998,-10.0402
TabPFN_FineTuned_v2.5,V2_ENGINEERED,2,CS_BC_21d_013,EXP_CS_BC_21d,13,Bacterial Concrete,21,Compressive Strength,False,31.67,18.7998,-12.8702
TabPFN_FineTuned_v2.5,V2_ENGINEERED,2,CS_BC_21d_014,EXP_CS_BC_21d,14,Bacterial Concrete,21,Compressive Strength,False,29.79,18.7998,-10.9902
TabPFN_FineTuned_v2.5,V2_ENGINEERED,2,CS_BC_21d_015,EXP_CS_BC_21d,15,Bacterial Concrete,21,Compressive Strength,False,31.05,18.7998,-12.2502
TabPFN_FineTuned_v2.5,V2_ENGINEERED,2,CS_BC_21d_016,EXP_CS_BC_21d,16,Bacterial Concrete,21,Compressive Strength,False,27.27,18.7998,-8.4702
TabPFN_FineTuned_v2.5,V2_ENGINEERED,2,CS_BC_21d_017,EXP_CS_BC_21d,17,Bacterial Concrete,21,Compressive Strength,False,29.9,18.7998,-11.1002
TabPFN_FineTuned_v2.5,V2_ENGINEERED,2,CS_BC_21d_018,EXP_CS_BC_21d,18,Bacterial Concrete,21,Compressive Strength,False,30.83,18.7998,-12.0302
TabPFN_FineTuned_v2.5,V2_ENGINEERED,2,CS_BC_21d_019,EXP_CS_BC_21d,19,Bacterial Concrete,21,Compressive Strength,False,29.62,18.7998,-10.8202
TabPFN_FineTuned_v2.5,V2_ENGINEERED,2,CS_BC_21d_020,EXP_CS_BC_21d,20,Bacterial Concrete,21,Compressive Strength,False,31.1,18.7998,-12.3002
TabPFN_FineTuned_v2.5,V2_ENGINEERED,2,CS_BC_21d_021,EXP_CS_BC_21d,21,Bacterial Concrete,21,Compressive Strength,False,28.72,18.7998,-9.9202
TabPFN_FineTuned_v2.5,V2_ENGINEERED,2,CS_BC_21d_022,EXP_CS_BC_21d,22,Bacterial Concrete,21,Compressive Strength,False,31.61,18.7998,-12.8102
TabPFN_FineTuned_v2.5,V2_ENGINEERED,2,CS_BC_21d_023,EXP_CS_BC_21d,23,Bacterial Concrete,21,Compressive Strength,False,32.95,18.7998,-14.1502
TabPFN_FineTuned_v2.5,V2_ENGINEERED,2,CS_BC_21d_024,EXP_CS_BC_21d,24,Bacterial Concrete,21,Compressive Strength,False,28.96,18.7998,-10.1602
TabPFN_FineTuned_v2.5,V2_ENGINEERED,2,CS_BC_21d_025,EXP_CS_BC_21d,25,Bacterial Concrete,21,Compressive Strength,False,28.83,18.7998,-10.0302
TabPFN_FineTuned_v2.5,V2_ENGINEERED,2,CS_BC_21d_026,EXP_CS_BC_21d,26,Bacterial Concrete,21,Compressive Strength,False,31.68,18.7998,-12.8802
TabPFN_FineTuned_v2.5,V2_ENGINEERED,2,CS_BC_21d_027,EXP_CS_BC_21d,27,Bacterial Concrete,21,Compressive Strength,False,31.87,18.7998,-13.0702
TabPFN_FineTuned_v2.5,V2_ENGINEERED,2,CS_BC_21d_028,EXP_CS_BC_21d,28,Bacterial Concrete,21,Compressive Strength,False,28.72,18.7998,-9.9202
TabPFN_FineTuned_v2.5,V2_ENGINEERED,2,CS_BC_21d_029,EXP_CS_BC_21d,29,Bacterial Concrete,21,Compressive Strength,False,28.87,18.7998,-10.0702
TabPFN_FineTuned_v2.5,V2_ENGINEERED,2,CS_BC_21d_030,EXP_CS_BC_21d,30,Bacterial Concrete,21,Compressive Strength,False,29.08,18.7998,-10.2802
TabPFN_FineTuned_v2.5,V2_ENGINEERED,2,CS_BC_21d_031,EXP_CS_BC_21d,31,Bacterial Concrete,21,Compressive Strength,False,27.48,18.7998,-8.6802
TabPFN_FineTuned_v2.5,V2_ENGINEERED,2,CS_BC_21d_032,EXP_CS_BC_21d,32,Bacterial Concrete,21,Compressive Strength,False,28.12,18.7998,-9.3202
TabPFN_FineTuned_v2.5,V2_ENGINEERED,2,CS_BC_21d_033,EXP_CS_BC_21d,33,Bacterial Concrete,21,Compressive Strength,False,27.99,18.7998,-9.1902
TabPFN_FineTuned_v2.5,V2_ENGINEERED,2,CS_BC_21d_034,EXP_CS_BC_21d,34,Bacterial Concrete,21,Compressive Strength,False,28.35,18.7998,-9.5502
TabPFN_FineTuned_v2.5,V2_ENGINEERED,2,CS_BC_21d_035,EXP_CS_BC_21d,35,Bacterial Concrete,21,Compressive Strength,False,29.45,18.7998,-10.6502
TabPFN_FineTuned_v2.5,V2_ENGINEERED,2,CS_BC_21d_036,EXP_CS_BC_21d,36,Bacterial Concrete,21,Compressive Strength,False,29.85,18.7998,-11.0502
TabPFN_FineTuned_v2.5,V2_ENGINEERED,2,CS_BC_21d_037,EXP_CS_BC_21d,37,Bacterial Concrete,21,Compressive Strength,False,31.83,18.7998,-13.0302
TabPFN_FineTuned_v2.5,V2_ENGINEERED,2,CS_BC_21d_038,EXP_CS_BC_21d,38,Bacterial Concrete,21,Compressive Strength,False,28.0,18.7998,-9.2002
TabPFN_FineTuned_v2.5,V2_ENGINEERED,2,CS_BC_21d_039,EXP_CS_BC_21d,39,Bacterial Concrete,21,Compressive Strength,False,30.98,18.7998,-12.1802
TabPFN_FineTuned_v2.5,V2_ENGINEERED,2,CS_BC_21d_040,EXP_CS_BC_21d,40,Bacterial Concrete,21,Compressive Strength,False,29.18,18.7998,-10.3802
TabPFN_FineTuned_v2.5,V2_ENGINEERED,2,CS_BC_21d_041,EXP_CS_BC_21d,41,Bacterial Concrete,21,Compressive Strength,False,29.43,18.7998,-10.6302
TabPFN_FineTuned_v2.5,V2_ENGINEERED,2,CS_BC_21d_042,EXP_CS_BC_21d,42,Bacterial Concrete,21,Compressive Strength,False,30.51,18.7998,-11.7102
TabPFN_FineTuned_v2.5,V2_ENGINEERED,2,CS_BC_21d_043,EXP_CS_BC_21d,43,Bacterial Concrete,21,Compressive Strength,False,27.82,18.7998,-9.0202
TabPFN_FineTuned_v2.5,V2_ENGINEERED,2,CS_BC_21d_044,EXP_CS_BC_21d,44,Bacterial Concrete,21,Compressive Strength,False,30.07,18.7998,-11.2702
TabPFN_FineTuned_v2.5,V2_ENGINEERED,2,CS_BC_21d_045,EXP_CS_BC_21d,45,Bacterial Concrete,21,Compressive Strength,False,29.75,18.7998,-10.9502
TabPFN_FineTuned_v2.5,V2_ENGINEERED,2,CS_BC_21d_046,EXP_CS_BC_21d,46,Bacterial Concrete,21,Compressive Strength,False,30.24,18.7998,-11.4402
TabPFN_FineTuned_v2.5,V2_ENGINEERED,2,CS_BC_21d_047,EXP_CS_BC_21d,47,Bacterial Concrete,21,Compressive Strength,False,29.93,18.7998,-11.1302
TabPFN_FineTuned_v2.5,V2_ENGINEERED,2,CS_BC_21d_048,EXP_CS_BC_21d,48,Bacterial Concrete,21,Compressive Strength,False,33.18,18.7998,-14.3802
TabPFN_FineTuned_v2.5,V2_ENGINEERED,2,CS_BC_21d_049,EXP_CS_BC_21d,49,Bacterial Concrete,21,Compressive Strength,False,28.54,18.7998,-9.7402
TabPFN_FineTuned_v2.5,V2_ENGINEERED,2,CS_BC_21d_050,EXP_CS_BC_21d,50,Bacterial Concrete,21,Compressive Strength,False,28.7,18.7998,-9.9002
TabPFN_FineTuned_v2.5,V2_ENGINEERED,2,CS_BC_21d_051,EXP_CS_BC_21d,51,Bacterial Concrete,21,Compressive Strength,False,28.57,18.7998,-9.7702
TabPFN_FineTuned_v2.5,V2_ENGINEERED,2,CS_BC_21d_052,EXP_CS_BC_21d,52,Bacterial Concrete,21,Compressive Strength,False,28.67,18.7998,-9.8702
TabPFN_FineTuned_v2.5,V2_ENGINEERED,2,CS_BC_21d_053,EXP_CS_BC_21d,53,Bacterial Concrete,21,Compressive Strength,False,28.54,18.7998,-9.7402
TabPFN_FineTuned_v2.5,V2_ENGINEERED,2,CS_BC_21d_054,EXP_CS_BC_21d,54,Bacterial Concrete,21,Compressive Strength,False,31.28,18.7998,-12.4802
TabPFN_FineTuned_v2.5,V2_ENGINEERED,2,CS_BC_21d_055,EXP_CS_BC_21d,55,Bacterial Concrete,21,Compressive Strength,False,31.63,18.7998,-12.8302
TabPFN_FineTuned_v2.5,V2_ENGINEERED,2,CS_BC_21d_056,EXP_CS_BC_21d,56,Bacterial Concrete,21,Compressive Strength,False,28.64,18.7998,-9.8402
TabPFN_FineTuned_v2.5,V2_ENGINEERED,2,CS_BC_21d_057,EXP_CS_BC_21d,57,Bacterial Concrete,21,Compressive Strength,False,28.25,18.7998,-9.4502
TabPFN_FineTuned_v2.5,V2_ENGINEERED,2,CS_BC_21d_058,EXP_CS_BC_21d,58,Bacterial Concrete,21,Compressive Strength,False,30.21,18.7998,-11.4102
TabPFN_FineTuned_v2.5,V2_ENGINEERED,2,CS_BC_21d_059,EXP_CS_BC_21d,59,Bacterial Concrete,21,Compressive Strength,False,28.67,18.7998,-9.8702
TabPFN_FineTuned_v2.5,V2_ENGINEERED,2,CS_BC_21d_060,EXP_CS_BC_21d,60,Bacterial Concrete,21,Compressive Strength,False,30.45,18.7998,-11.6502
TabPFN_FineTuned_v2.5,V2_ENGINEERED,2,CS_BC_21d_061,EXP_CS_BC_21d,61,Bacterial Concrete,21,Compressive Strength,False,29.8,18.7998,-11.0002
TabPFN_FineTuned_v2.5,V2_ENGINEERED,2,CS_BC_21d_062,EXP_CS_BC_21d,62,Bacterial Concrete,21,Compressive Strength,False,27.23,18.7998,-8.4302
TabPFN_FineTuned_v2.5,V2_ENGINEERED,2,CS_BC_21d_063,EXP_CS_BC_21d,63,Bacterial Concrete,21,Compressive Strength,False,31.82,18.7998,-13.0202
TabPFN_FineTuned_v2.5,V2_ENGINEERED,2,CS_BC_21d_064,EXP_CS_BC_21d,64,Bacterial Concrete,21,Compressive Strength,False,32.19,18.7998,-13.3902
TabPFN_FineTuned_v2.5,V2_ENGINEERED,2,CS_BC_21d_065,EXP_CS_BC_21d,65,Bacterial Concrete,21,Compressive Strength,False,28.58,18.7998,-9.7802
TabPFN_FineTuned_v2.5,V2_ENGINEERED,2,CS_BC_21d_066,EXP_CS_BC_21d,66,Bacterial Concrete,21,Compressive Strength,False,28.92,18.7998,-10.1202
TabPFN_FineTuned_v2.5,V2_ENGINEERED,2,CS_BC_21d_067,EXP_CS_BC_21d,67,Bacterial Concrete,21,Compressive Strength,False,29.93,18.7998,-11.1302
TabPFN_FineTuned_v2.5,V2_ENGINEERED,2,CS_BC_21d_068,EXP_CS_BC_21d,68,Bacterial Concrete,21,Compressive Strength,False,30.0,18.7998,-11.2002
TabPFN_FineTuned_v2.5,V2_ENGINEERED,2,CS_BC_21d_069,EXP_CS_BC_21d,69,Bacterial Concrete,21,Compressive Strength,False,30.49,18.7998,-11.6902
TabPFN_FineTuned_v2.5,V2_ENGINEERED,2,CS_BC_21d_070,EXP_CS_BC_21d,70,Bacterial Concrete,21,Compressive Strength,False,32.52,18.7998,-13.7202
TabPFN_FineTuned_v2.5,V2_ENGINEERED,2,CS_BC_21d_071,EXP_CS_BC_21d,71,Bacterial Concrete,21,Compressive Strength,False,29.23,18.7998,-10.4302
TabPFN_FineTuned_v2.5,V2_ENGINEERED,2,CS_BC_21d_072,EXP_CS_BC_21d,72,Bacterial Concrete,21,Compressive Strength,False,28.3,18.7998,-9.5002
TabPFN_FineTuned_v2.5,V2_ENGINEERED,2,CS_BC_21d_073,EXP_CS_BC_21d,73,Bacterial Concrete,21,Compressive Strength,False,27.43,18.7998,-8.6302
TabPFN_FineTuned_v2.5,V2_ENGINEERED,2,CS_BC_21d_074,EXP_CS_BC_21d,74,Bacterial Concrete,21,Compressive Strength,False,28.4,18.7998,-9.6002
TabPFN_FineTuned_v2.5,V2_ENGINEERED,2,CS_BC_21d_075,EXP_CS_BC_21d,75,Bacterial Concrete,21,Compressive Strength,False,29.45,18.7998,-10.6502
TabPFN_FineTuned_v2.5,V2_ENGINEERED,2,CS_BC_21d_076,EXP_CS_BC_21d,76,Bacterial Concrete,21,Compressive Strength,False,32.19,18.7998,-13.3902
TabPFN_FineTuned_v2.5,V2_ENGINEERED,2,CS_BC_21d_077,EXP_CS_BC_21d,77,Bacterial Concrete,21,Compressive Strength,False,28.72,18.7998,-9.9202
TabPFN_FineTuned_v2.5,V2_ENGINEERED,2,CS_BC_21d_078,EXP_CS_BC_21d,78,Bacterial Concrete,21,Compressive Strength,False,29.84,18.7998,-11.0402
TabPFN_FineTuned_v2.5,V2_ENGINEERED,2,CS_BC_21d_079,EXP_CS_BC_21d,79,Bacterial Concrete,21,Compressive Strength,False,29.48,18.7998,-10.6802
TabPFN_FineTuned_v2.5,V2_ENGINEERED,2,CS_BC_21d_080,EXP_CS_BC_21d,80,Bacterial Concrete,21,Compressive Strength,False,31.28,18.7998,-12.4802
TabPFN_FineTuned_v2.5,V2_ENGINEERED,2,CS_BC_21d_081,EXP_CS_BC_21d,81,Bacterial Concrete,21,Compressive Strength,False,33.29,18.7998,-14.4902
TabPFN_FineTuned_v2.5,V2_ENGINEERED,2,CS_BC_21d_082,EXP_CS_BC_21d,82,Bacterial Concrete,21,Compressive Strength,False,28.7,18.7998,-9.9002
TabPFN_FineTuned_v2.5,V2_ENGINEERED,2,CS_BC_21d_083,EXP_CS_BC_21d,83,Bacterial Concrete,21,Compressive Strength,False,28.77,18.7998,-9.9702
TabPFN_FineTuned_v2.5,V2_ENGINEERED,2,CS_BC_21d_084,EXP_CS_BC_21d,84,Bacterial Concrete,21,Compressive Strength,False,31.07,18.7998,-12.2702
TabPFN_FineTuned_v2.5,V2_ENGINEERED,2,CS_BC_21d_085,EXP_CS_BC_21d,85,Bacterial Concrete,21,Compressive Strength,False,30.52,18.7998,-11.7202
TabPFN_FineTuned_v2.5,V2_ENGINEERED,2,CS_BC_21d_086,EXP_CS_BC_21d,86,Bacterial Concrete,21,Compressive Strength,False,32.27,18.7998,-13.4702
TabPFN_FineTuned_v2.5,V2_ENGINEERED,2,CS_BC_21d_087,EXP_CS_BC_21d,87,Bacterial Concrete,21,Compressive Strength,False,30.38,18.7998,-11.5802
TabPFN_FineTuned_v2.5,V2_ENGINEERED,2,CS_BC_21d_088,EXP_CS_BC_21d,88,Bacterial Concrete,21,Compressive Strength,False,28.96,18.7998,-10.1602
TabPFN_FineTuned_v2.5,V2_ENGINEERED,2,CS_BC_21d_089,EXP_CS_BC_21d,89,Bacterial Concrete,21,Compressive Strength,False,30.39,18.7998,-11.5902
TabPFN_FineTuned_v2.5,V2_ENGINEERED,2,CS_BC_21d_090,EXP_CS_BC_21d,90,Bacterial Concrete,21,Compressive Strength,False,31.16,18.7998,-12.3602
TabPFN_FineTuned_v2.5,V2_ENGINEERED,2,CS_BC_21d_091,EXP_CS_BC_21d,91,Bacterial Concrete,21,Compressive Strength,False,30.73,18.7998,-11.9302
TabPFN_FineTuned_v2.5,V2_ENGINEERED,2,CS_BC_21d_092,EXP_CS_BC_21d,92,Bacterial Concrete,21,Compressive Strength,False,30.26,18.7998,-11.4602
TabPFN_FineTuned_v2.5,V2_ENGINEERED,2,CS_BC_21d_093,EXP_CS_BC_21d,93,Bacterial Concrete,21,Compressive Strength,False,31.1,18.7998,-12.3002
TabPFN_FineTuned_v2.5,V2_ENGINEERED,2,CS_BC_21d_094,EXP_CS_BC_21d,94,Bacterial Concrete,21,Compressive Strength,False,31.25,18.7998,-12.4502
TabPFN_FineTuned_v2.5,V2_ENGINEERED,2,CS_BC_21d_095,EXP_CS_BC_21d,95,Bacterial Concrete,21,Compressive Strength,False,31.57,18.7998,-12.7702
TabPFN_FineTuned_v2.5,V2_ENGINEERED,2,CS_BC_21d_096,EXP_CS_BC_21d,96,Bacterial Concrete,21,Compressive Strength,False,30.47,18.7998,-11.6702
TabPFN_FineTuned_v2.5,V2_ENGINEERED,2,CS_BC_21d_097,EXP_CS_BC_21d,97,Bacterial Concrete,21,Compressive Strength,False,29.25,18.7998,-10.4502
TabPFN_FineTuned_v2.5,V2_ENGINEERED,2,CS_BC_21d_098,EXP_CS_BC_21d,98,Bacterial Concrete,21,Compressive Strength,False,29.72,18.7998,-10.9202
TabPFN_FineTuned_v2.5,V2_ENGINEERED,2,CS_BC_21d_099,EXP_CS_BC_21d,99,Bacterial Concrete,21,Compressive Strength,False,31.31,18.7998,-12.5102
TabPFN_FineTuned_v2.5,V2_ENGINEERED,2,CS_BC_21d_100,EXP_CS_BC_21d,100,Bacterial Concrete,21,Compressive Strength,False,28.27,18.7998,-9.4702
TabPFN_FineTuned_v2.5,V2_ENGINEERED,2,CS_NC_28d_001,EXP_CS_NC_28d,1,Normal Concrete,28,Compressive Strength,False,26.76,26.6898,-0.0702
TabPFN_FineTuned_v2.5,V2_ENGINEERED,2,CS_NC_28d_002,EXP_CS_NC_28d,2,Normal Concrete,28,Compressive Strength,False,27.16,26.6898,-0.4702
TabPFN_FineTuned_v2.5,V2_ENGINEERED,2,CS_NC_28d_003,EXP_CS_NC_28d,3,Normal Concrete,28,Compressive Strength,False,29.12,26.6898,-2.4302
TabPFN_FineTuned_v2.5,V2_ENGINEERED,2,CS_NC_28d_004,EXP_CS_NC_28d,4,Normal Concrete,28,Compressive Strength,False,28.92,26.6898,-2.2302
TabPFN_FineTuned_v2.5,V2_ENGINEERED,2,CS_NC_28d_005,EXP_CS_NC_28d,5,Normal Concrete,28,Compressive Strength,False,27.97,26.6898,-1.2802
TabPFN_FineTuned_v2.5,V2_ENGINEERED,2,CS_NC_28d_006,EXP_CS_NC_28d,6,Normal Concrete,28,Compressive Strength,False,28.18,26.6898,-1.4902
TabPFN_FineTuned_v2.5,V2_ENGINEERED,2,CS_NC_28d_007,EXP_CS_NC_28d,7,Normal Concrete,28,Compressive Strength,False,29.92,26.6898,-3.2302
TabPFN_FineTuned_v2.5,V2_ENGINEERED,2,CS_NC_28d_008,EXP_CS_NC_28d,8,Normal Concrete,28,Compressive Strength,False,27.11,26.6898,-0.4202
TabPFN_FineTuned_v2.5,V2_ENGINEERED,2,CS_NC_28d_009,EXP_CS_NC_28d,9,Normal Concrete,28,Compressive Strength,False,28.82,26.6898,-2.1302
TabPFN_FineTuned_v2.5,V2_ENGINEERED,2,CS_NC_28d_010,EXP_CS_NC_28d,10,Normal Concrete,28,Compressive Strength,False,27.7,26.6898,-1.0102
TabPFN_FineTuned_v2.5,V2_ENGINEERED,2,CS_NC_28d_011,EXP_CS_NC_28d,11,Normal Concrete,28,Compressive Strength,False,27.67,26.6898,-0.9802
TabPFN_FineTuned_v2.5,V2_ENGINEERED,2,CS_NC_28d_012,EXP_CS_NC_28d,12,Normal Concrete,28,Compressive Strength,False,29.65,26.6898,-2.9602
TabPFN_FineTuned_v2.5,V2_ENGINEERED,2,CS_NC_28d_013,EXP_CS_NC_28d,13,Normal Concrete,28,Compressive Strength,False,29.24,26.6898,-2.5502
TabPFN_FineTuned_v2.5,V2_ENGINEERED,2,CS_NC_28d_014,EXP_CS_NC_28d,14,Normal Concrete,28,Compressive Strength,False,29.22,26.6898,-2.5302
TabPFN_FineTuned_v2.5,V2_ENGINEERED,2,CS_NC_28d_015,EXP_CS_NC_28d,15,Normal Concrete,28,Compressive Strength,False,29.96,26.6898,-3.2702
TabPFN_FineTuned_v2.5,V2_ENGINEERED,2,CS_NC_28d_016,EXP_CS_NC_28d,16,Normal Concrete,28,Compressive Strength,False,28.03,26.6898,-1.3402
TabPFN_FineTuned_v2.5,V2_ENGINEERED,2,CS_NC_28d_017,EXP_CS_NC_28d,17,Normal Concrete,28,Compressive Strength,False,29.02,26.6898,-2.3302
TabPFN_FineTuned_v2.5,V2_ENGINEERED,2,CS_NC_28d_018,EXP_CS_NC_28d,18,Normal Concrete,28,Compressive Strength,False,27.53,26.6898,-0.8402
TabPFN_FineTuned_v2.5,V2_ENGINEERED,2,CS_NC_28d_019,EXP_CS_NC_28d,19,Normal Concrete,28,Compressive Strength,False,28.49,26.6898,-1.8002
TabPFN_FineTuned_v2.5,V2_ENGINEERED,2,CS_NC_28d_020,EXP_CS_NC_28d,20,Normal Concrete,28,Compressive Strength,False,27.8,26.6898,-1.1102
TabPFN_FineTuned_v2.5,V2_ENGINEERED,2,CS_NC_28d_021,EXP_CS_NC_28d,21,Normal Concrete,28,Compressive Strength,False,28.15,26.6898,-1.4602
TabPFN_FineTuned_v2.5,V2_ENGINEERED,2,CS_NC_28d_022,EXP_CS_NC_28d,22,Normal Concrete,28,Compressive Strength,False,28.89,26.6898,-2.2002
TabPFN_FineTuned_v2.5,V2_ENGINEERED,2,CS_NC_28d_023,EXP_CS_NC_28d,23,Normal Concrete,28,Compressive Strength,False,26.77,26.6898,-0.0802
TabPFN_FineTuned_v2.5,V2_ENGINEERED,2,CS_NC_28d_024,EXP_CS_NC_28d,24,Normal Concrete,28,Compressive Strength,False,31.14,26.6898,-4.4502
TabPFN_FineTuned_v2.5,V2_ENGINEERED,2,CS_NC_28d_025,EXP_CS_NC_28d,25,Normal Concrete,28,Compressive Strength,False,26.49,26.6898,0.1998
TabPFN_FineTuned_v2.5,V2_ENGINEERED,2,CS_NC_28d_026,EXP_CS_NC_28d,26,Normal Concrete,28,Compressive Strength,False,26.18,26.6898,0.5098
TabPFN_FineTuned_v2.5,V2_ENGINEERED,2,CS_NC_28d_027,EXP_CS_NC_28d,27,Normal Concrete,28,Compressive Strength,False,29.74,26.6898,-3.0502
TabPFN_FineTuned_v2.5,V2_ENGINEERED,2,CS_NC_28d_028,EXP_CS_NC_28d,28,Normal Concrete,28,Compressive Strength,False,29.19,26.6898,-2.5002
TabPFN_FineTuned_v2.5,V2_ENGINEERED,2,CS_NC_28d_029,EXP_CS_NC_28d,29,Normal Concrete,28,Compressive Strength,False,28.94,26.6898,-2.2502
TabPFN_FineTuned_v2.5,V2_ENGINEERED,2,CS_NC_28d_030,EXP_CS_NC_28d,30,Normal Concrete,28,Compressive Strength,False,28.94,26.6898,-2.2502
TabPFN_FineTuned_v2.5,V2_ENGINEERED,2,CS_NC_28d_031,EXP_CS_NC_28d,31,Normal Concrete,28,Compressive Strength,False,27.98,26.6898,-1.2902
TabPFN_FineTuned_v2.5,V2_ENGINEERED,2,CS_NC_28d_032,EXP_CS_NC_28d,32,Normal Concrete,28,Compressive Strength,False,26.65,26.6898,0.0398
TabPFN_FineTuned_v2.5,V2_ENGINEERED,2,CS_NC_28d_033,EXP_CS_NC_28d,33,Normal Concrete,28,Compressive Strength,False,28.11,26.6898,-1.4202
TabPFN_FineTuned_v2.5,V2_ENGINEERED,2,CS_NC_28d_034,EXP_CS_NC_28d,34,Normal Concrete,28,Compressive Strength,False,26.98,26.6898,-0.2902
TabPFN_FineTuned_v2.5,V2_ENGINEERED,2,CS_NC_28d_035,EXP_CS_NC_28d,35,Normal Concrete,28,Compressive Strength,False,29.46,26.6898,-2.7702
TabPFN_FineTuned_v2.5,V2_ENGINEERED,2,CS_NC_28d_036,EXP_CS_NC_28d,36,Normal Concrete,28,Compressive Strength,False,27.78,26.6898,-1.0902
TabPFN_FineTuned_v2.5,V2_ENGINEERED,2,CS_NC_28d_037,EXP_CS_NC_28d,37,Normal Concrete,28,Compressive Strength,False,26.76,26.6898,-0.0702
TabPFN_FineTuned_v2.5,V2_ENGINEERED,2,CS_NC_28d_038,EXP_CS_NC_28d,38,Normal Concrete,28,Compressive Strength,False,27.52,26.6898,-0.8302
TabPFN_FineTuned_v2.5,V2_ENGINEERED,2,CS_NC_28d_039,EXP_CS_NC_28d,39,Normal Concrete,28,Compressive Strength,False,28.62,26.6898,-1.9302
TabPFN_FineTuned_v2.5,V2_ENGINEERED,2,CS_NC_28d_040,EXP_CS_NC_28d,40,Normal Concrete,28,Compressive Strength,False,27.15,26.6898,-0.4602
TabPFN_FineTuned_v2.5,V2_ENGINEERED,2,CS_NC_28d_041,EXP_CS_NC_28d,41,Normal Concrete,28,Compressive Strength,False,26.77,26.6898,-0.0802
TabPFN_FineTuned_v2.5,V2_ENGINEERED,2,CS_NC_28d_042,EXP_CS_NC_28d,42,Normal Concrete,28,Compressive Strength,False,28.37,26.6898,-1.6802
TabPFN_FineTuned_v2.5,V2_ENGINEERED,2,CS_NC_28d_043,EXP_CS_NC_28d,43,Normal Concrete,28,Compressive Strength,False,28.37,26.6898,-1.6802
TabPFN_FineTuned_v2.5,V2_ENGINEERED,2,CS_NC_28d_044,EXP_CS_NC_28d,44,Normal Concrete,28,Compressive Strength,False,27.24,26.6898,-0.5502
TabPFN_FineTuned_v2.5,V2_ENGINEERED,2,CS_NC_28d_045,EXP_CS_NC_28d,45,Normal Concrete,28,Compressive Strength,False,27.29,26.6898,-0.6002
TabPFN_FineTuned_v2.5,V2_ENGINEERED,2,CS_NC_28d_046,EXP_CS_NC_28d,46,Normal Concrete,28,Compressive Strength,False,28.35,26.6898,-1.6602
TabPFN_FineTuned_v2.5,V2_ENGINEERED,2,CS_NC_28d_047,EXP_CS_NC_28d,47,Normal Concrete,28,Compressive Strength,False,25.83,26.6898,0.8598
TabPFN_FineTuned_v2.5,V2_ENGINEERED,2,CS_NC_28d_048,EXP_CS_NC_28d,48,Normal Concrete,28,Compressive Strength,False,25.89,26.6898,0.7998
TabPFN_FineTuned_v2.5,V2_ENGINEERED,2,CS_NC_28d_049,EXP_CS_NC_28d,49,Normal Concrete,28,Compressive Strength,False,26.92,26.6898,-0.2302
TabPFN_FineTuned_v2.5,V2_ENGINEERED,2,CS_NC_28d_050,EXP_CS_NC_28d,50,Normal Concrete,28,Compressive Strength,False,27.68,26.6898,-0.9902
TabPFN_FineTuned_v2.5,V2_ENGINEERED,2,CS_NC_28d_051,EXP_CS_NC_28d,51,Normal Concrete,28,Compressive Strength,False,28.47,26.6898,-1.7802
TabPFN_FineTuned_v2.5,V2_ENGINEERED,2,CS_NC_28d_052,EXP_CS_NC_28d,52,Normal Concrete,28,Compressive Strength,False,30.21,26.6898,-3.5202
TabPFN_FineTuned_v2.5,V2_ENGINEERED,2,CS_NC_28d_053,EXP_CS_NC_28d,53,Normal Concrete,28,Compressive Strength,False,29.29,26.6898,-2.6002
TabPFN_FineTuned_v2.5,V2_ENGINEERED,2,CS_NC_28d_054,EXP_CS_NC_28d,54,Normal Concrete,28,Compressive Strength,False,27.76,26.6898,-1.0702
TabPFN_FineTuned_v2.5,V2_ENGINEERED,2,CS_NC_28d_055,EXP_CS_NC_28d,55,Normal Concrete,28,Compressive Strength,False,27.97,26.6898,-1.2802
TabPFN_FineTuned_v2.5,V2_ENGINEERED,2,CS_NC_28d_056,EXP_CS_NC_28d,56,Normal Concrete,28,Compressive Strength,False,26.5,26.6898,0.1898
TabPFN_FineTuned_v2.5,V2_ENGINEERED,2,CS_NC_28d_057,EXP_CS_NC_28d,57,Normal Concrete,28,Compressive Strength,False,27.97,26.6898,-1.2802
TabPFN_FineTuned_v2.5,V2_ENGINEERED,2,CS_NC_28d_058,EXP_CS_NC_28d,58,Normal Concrete,28,Compressive Strength,False,27.57,26.6898,-0.8802
TabPFN_FineTuned_v2.5,V2_ENGINEERED,2,CS_NC_28d_059,EXP_CS_NC_28d,59,Normal Concrete,28,Compressive Strength,False,28.48,26.6898,-1.7902
TabPFN_FineTuned_v2.5,V2_ENGINEERED,2,CS_NC_28d_060,EXP_CS_NC_28d,60,Normal Concrete,28,Compressive Strength,False,26.76,26.6898,-0.0702
TabPFN_FineTuned_v2.5,V2_ENGINEERED,2,CS_NC_28d_061,EXP_CS_NC_28d,61,Normal Concrete,28,Compressive Strength,False,28.78,26.6898,-2.0902
TabPFN_FineTuned_v2.5,V2_ENGINEERED,2,CS_NC_28d_062,EXP_CS_NC_28d,62,Normal Concrete,28,Compressive Strength,False,30.3,26.6898,-3.6102
TabPFN_FineTuned_v2.5,V2_ENGINEERED,2,CS_NC_28d_063,EXP_CS_NC_28d,63,Normal Concrete,28,Compressive Strength,False,27.84,26.6898,-1.1502
TabPFN_FineTuned_v2.5,V2_ENGINEERED,2,CS_NC_28d_064,EXP_CS_NC_28d,64,Normal Concrete,28,Compressive Strength,False,28.6,26.6898,-1.9102
TabPFN_FineTuned_v2.5,V2_ENGINEERED,2,CS_NC_28d_065,EXP_CS_NC_28d,65,Normal Concrete,28,Compressive Strength,False,29.04,26.6898,-2.3502
TabPFN_FineTuned_v2.5,V2_ENGINEERED,2,CS_NC_28d_066,EXP_CS_NC_28d,66,Normal Concrete,28,Compressive Strength,False,27.4,26.6898,-0.7102
TabPFN_FineTuned_v2.5,V2_ENGINEERED,2,CS_NC_28d_067,EXP_CS_NC_28d,67,Normal Concrete,28,Compressive Strength,False,28.34,26.6898,-1.6502
TabPFN_FineTuned_v2.5,V2_ENGINEERED,2,CS_NC_28d_068,EXP_CS_NC_28d,68,Normal Concrete,28,Compressive Strength,False,28.02,26.6898,-1.3302
TabPFN_FineTuned_v2.5,V2_ENGINEERED,2,CS_NC_28d_069,EXP_CS_NC_28d,69,Normal Concrete,28,Compressive Strength,False,28.15,26.6898,-1.4602
TabPFN_FineTuned_v2.5,V2_ENGINEERED,2,CS_NC_28d_070,EXP_CS_NC_28d,70,Normal Concrete,28,Compressive Strength,False,26.84,26.6898,-0.1502
TabPFN_FineTuned_v2.5,V2_ENGINEERED,2,CS_NC_28d_071,EXP_CS_NC_28d,71,Normal Concrete,28,Compressive Strength,False,28.04,26.6898,-1.3502
TabPFN_FineTuned_v2.5,V2_ENGINEERED,2,CS_NC_28d_072,EXP_CS_NC_28d,72,Normal Concrete,28,Compressive Strength,False,28.75,26.6898,-2.0602
TabPFN_FineTuned_v2.5,V2_ENGINEERED,2,CS_NC_28d_073,EXP_CS_NC_28d,73,Normal Concrete,28,Compressive Strength,False,30.18,26.6898,-3.4902
TabPFN_FineTuned_v2.5,V2_ENGINEERED,2,CS_NC_28d_074,EXP_CS_NC_28d,74,Normal Concrete,28,Compressive Strength,False,29.44,26.6898,-2.7502
TabPFN_FineTuned_v2.5,V2_ENGINEERED,2,CS_NC_28d_075,EXP_CS_NC_28d,75,Normal Concrete,28,Compressive Strength,False,31.23,26.6898,-4.5402
TabPFN_FineTuned_v2.5,V2_ENGINEERED,2,CS_NC_28d_076,EXP_CS_NC_28d,76,Normal Concrete,28,Compressive Strength,False,26.85,26.6898,-0.1602
TabPFN_FineTuned_v2.5,V2_ENGINEERED,2,CS_NC_28d_077,EXP_CS_NC_28d,77,Normal Concrete,28,Compressive Strength,False,29.31,26.6898,-2.6202
TabPFN_FineTuned_v2.5,V2_ENGINEERED,2,CS_NC_28d_078,EXP_CS_NC_28d,78,Normal Concrete,28,Compressive Strength,False,28.28,26.6898,-1.5902
TabPFN_FineTuned_v2.5,V2_ENGINEERED,2,CS_NC_28d_079,EXP_CS_NC_28d,79,Normal Concrete,28,Compressive Strength,False,31.28,26.6898,-4.5902
TabPFN_FineTuned_v2.5,V2_ENGINEERED,2,CS_NC_28d_080,EXP_CS_NC_28d,80,Normal Concrete,28,Compressive Strength,False,26.79,26.6898,-0.1002
TabPFN_FineTuned_v2.5,V2_ENGINEERED,2,CS_NC_28d_081,EXP_CS_NC_28d,81,Normal Concrete,28,Compressive Strength,False,26.74,26.6898,-0.0502
TabPFN_FineTuned_v2.5,V2_ENGINEERED,2,CS_NC_28d_082,EXP_CS_NC_28d,82,Normal Concrete,28,Compressive Strength,False,27.1,26.6898,-0.4102
TabPFN_FineTuned_v2.5,V2_ENGINEERED,2,CS_NC_28d_083,EXP_CS_NC_28d,83,Normal Concrete,28,Compressive Strength,False,24.81,26.6898,1.8798
TabPFN_FineTuned_v2.5,V2_ENGINEERED,2,CS_NC_28d_084,EXP_CS_NC_28d,84,Normal Concrete,28,Compressive Strength,False,27.21,26.6898,-0.5202
TabPFN_FineTuned_v2.5,V2_ENGINEERED,2,CS_NC_28d_085,EXP_CS_NC_28d,85,Normal Concrete,28,Compressive Strength,False,26.86,26.6898,-0.1702
TabPFN_FineTuned_v2.5,V2_ENGINEERED,2,CS_NC_28d_086,EXP_CS_NC_28d,86,Normal Concrete,28,Compressive Strength,False,28.23,26.6898,-1.5402
TabPFN_FineTuned_v2.5,V2_ENGINEERED,2,CS_NC_28d_087,EXP_CS_NC_28d,87,Normal Concrete,28,Compressive Strength,False,28.51,26.6898,-1.8202
TabPFN_FineTuned_v2.5,V2_ENGINEERED,2,CS_NC_28d_088,EXP_CS_NC_28d,88,Normal Concrete,28,Compressive Strength,False,30.81,26.6898,-4.1202
TabPFN_FineTuned_v2.5,V2_ENGINEERED,2,CS_NC_28d_089,EXP_CS_NC_28d,89,Normal Concrete,28,Compressive Strength,False,29.43,26.6898,-2.7402
TabPFN_FineTuned_v2.5,V2_ENGINEERED,2,CS_NC_28d_090,EXP_CS_NC_28d,90,Normal Concrete,28,Compressive Strength,False,27.13,26.6898,-0.4402
TabPFN_FineTuned_v2.5,V2_ENGINEERED,2,CS_NC_28d_091,EXP_CS_NC_28d,91,Normal Concrete,28,Compressive Strength,False,26.65,26.6898,0.0398
TabPFN_FineTuned_v2.5,V2_ENGINEERED,2,CS_NC_28d_092,EXP_CS_NC_28d,92,Normal Concrete,28,Compressive Strength,False,28.74,26.6898,-2.0502
TabPFN_FineTuned_v2.5,V2_ENGINEERED,2,CS_NC_28d_093,EXP_CS_NC_28d,93,Normal Concrete,28,Compressive Strength,False,26.02,26.6898,0.6698
TabPFN_FineTuned_v2.5,V2_ENGINEERED,2,CS_NC_28d_094,EXP_CS_NC_28d,94,Normal Concrete,28,Compressive Strength,False,30.75,26.6898,-4.0602
TabPFN_FineTuned_v2.5,V2_ENGINEERED,2,CS_NC_28d_095,EXP_CS_NC_28d,95,Normal Concrete,28,Compressive Strength,False,29.77,26.6898,-3.0802
TabPFN_FineTuned_v2.5,V2_ENGINEERED,2,CS_NC_28d_096,EXP_CS_NC_28d,96,Normal Concrete,28,Compressive Strength,False,27.3,26.6898,-0.6102
TabPFN_FineTuned_v2.5,V2_ENGINEERED,2,CS_NC_28d_097,EXP_CS_NC_28d,97,Normal Concrete,28,Compressive Strength,False,25.43,26.6898,1.2598
TabPFN_FineTuned_v2.5,V2_ENGINEERED,2,CS_NC_28d_098,EXP_CS_NC_28d,98,Normal Concrete,28,Compressive Strength,False,30.03,26.6898,-3.3402
TabPFN_FineTuned_v2.5,V2_ENGINEERED,2,CS_NC_28d_099,EXP_CS_NC_28d,99,Normal Concrete,28,Compressive Strength,False,27.83,26.6898,-1.1402
TabPFN_FineTuned_v2.5,V2_ENGINEERED,2,CS_NC_28d_100,EXP_CS_NC_28d,100,Normal Concrete,28,Compressive Strength,False,29.86,26.6898,-3.1702
TabPFN_FineTuned_v2.5,V2_ENGINEERED,2,FS_NC_28d_001,EXP_FS_NC_28d,1,Normal Concrete,28,Flexural Strength,False,3.628,4.2476,0.6196
TabPFN_FineTuned_v2.5,V2_ENGINEERED,2,FS_NC_28d_002,EXP_FS_NC_28d,2,Normal Concrete,28,Flexural Strength,False,4.255,4.2476,-0.0074
TabPFN_FineTuned_v2.5,V2_ENGINEERED,2,FS_NC_28d_003,EXP_FS_NC_28d,3,Normal Concrete,28,Flexural Strength,False,4.019,4.2476,0.2286
TabPFN_FineTuned_v2.5,V2_ENGINEERED,2,FS_NC_28d_004,EXP_FS_NC_28d,4,Normal Concrete,28,Flexural Strength,False,3.957,4.2476,0.2906
TabPFN_FineTuned_v2.5,V2_ENGINEERED,2,FS_NC_28d_005,EXP_FS_NC_28d,5,Normal Concrete,28,Flexural Strength,False,3.857,4.2476,0.3906
TabPFN_FineTuned_v2.5,V2_ENGINEERED,2,FS_NC_28d_006,EXP_FS_NC_28d,6,Normal Concrete,28,Flexural Strength,False,4.403,4.2476,-0.1554
TabPFN_FineTuned_v2.5,V2_ENGINEERED,2,FS_NC_28d_007,EXP_FS_NC_28d,7,Normal Concrete,28,Flexural Strength,False,4.22,4.2476,0.0276
TabPFN_FineTuned_v2.5,V2_ENGINEERED,2,FS_NC_28d_008,EXP_FS_NC_28d,8,Normal Concrete,28,Flexural Strength,False,4.629,4.2476,-0.3814
TabPFN_FineTuned_v2.5,V2_ENGINEERED,2,FS_NC_28d_009,EXP_FS_NC_28d,9,Normal Concrete,28,Flexural Strength,False,4.203,4.2476,0.0446
TabPFN_FineTuned_v2.5,V2_ENGINEERED,2,FS_NC_28d_010,EXP_FS_NC_28d,10,Normal Concrete,28,Flexural Strength,False,3.558,4.2476,0.6896
TabPFN_FineTuned_v2.5,V2_ENGINEERED,2,FS_NC_28d_011,EXP_FS_NC_28d,11,Normal Concrete,28,Flexural Strength,False,4.374,4.2476,-0.1264
TabPFN_FineTuned_v2.5,V2_ENGINEERED,2,FS_NC_28d_012,EXP_FS_NC_28d,12,Normal Concrete,28,Flexural Strength,False,4.326,4.2476,-0.0784
TabPFN_FineTuned_v2.5,V2_ENGINEERED,2,FS_NC_28d_013,EXP_FS_NC_28d,13,Normal Concrete,28,Flexural Strength,False,3.894,4.2476,0.3536
TabPFN_FineTuned_v2.5,V2_ENGINEERED,2,FS_NC_28d_014,EXP_FS_NC_28d,14,Normal Concrete,28,Flexural Strength,False,3.917,4.2476,0.3306
TabPFN_FineTuned_v2.5,V2_ENGINEERED,2,FS_NC_28d_015,EXP_FS_NC_28d,15,Normal Concrete,28,Flexural Strength,False,4.202,4.2476,0.0456
TabPFN_FineTuned_v2.5,V2_ENGINEERED,2,FS_NC_28d_016,EXP_FS_NC_28d,16,Normal Concrete,28,Flexural Strength,False,4.168,4.2476,0.0796
TabPFN_FineTuned_v2.5,V2_ENGINEERED,2,FS_NC_28d_017,EXP_FS_NC_28d,17,Normal Concrete,28,Flexural Strength,False,4.153,4.2476,0.0946
TabPFN_FineTuned_v2.5,V2_ENGINEERED,2,FS_NC_28d_018,EXP_FS_NC_28d,18,Normal Concrete,28,Flexural Strength,False,4.293,4.2476,-0.0454
TabPFN_FineTuned_v2.5,V2_ENGINEERED,2,FS_NC_28d_019,EXP_FS_NC_28d,19,Normal Concrete,28,Flexural Strength,False,4.758,4.2476,-0.5104
TabPFN_FineTuned_v2.5,V2_ENGINEERED,2,FS_NC_28d_020,EXP_FS_NC_28d,20,Normal Concrete,28,Flexural Strength,False,3.797,4.2476,0.4506
TabPFN_FineTuned_v2.5,V2_ENGINEERED,2,FS_NC_28d_021,EXP_FS_NC_28d,21,Normal Concrete,28,Flexural Strength,False,4.204,4.2476,0.0436
TabPFN_FineTuned_v2.5,V2_ENGINEERED,2,FS_NC_28d_022,EXP_FS_NC_28d,22,Normal Concrete,28,Flexural Strength,False,3.867,4.2476,0.3806
TabPFN_FineTuned_v2.5,V2_ENGINEERED,2,FS_NC_28d_023,EXP_FS_NC_28d,23,Normal Concrete,28,Flexural Strength,False,3.899,4.2476,0.3486
TabPFN_FineTuned_v2.5,V2_ENGINEERED,2,FS_NC_28d_024,EXP_FS_NC_28d,24,Normal Concrete,28,Flexural Strength,False,4.276,4.2476,-0.0284
TabPFN_FineTuned_v2.5,V2_ENGINEERED,2,FS_NC_28d_025,EXP_FS_NC_28d,25,Normal Concrete,28,Flexural Strength,False,4.537,4.2476,-0.2894
TabPFN_FineTuned_v2.5,V2_ENGINEERED,2,FS_NC_28d_026,EXP_FS_NC_28d,26,Normal Concrete,28,Flexural Strength,False,4.194,4.2476,0.0536
TabPFN_FineTuned_v2.5,V2_ENGINEERED,2,FS_NC_28d_027,EXP_FS_NC_28d,27,Normal Concrete,28,Flexural Strength,False,4.164,4.2476,0.0836
TabPFN_FineTuned_v2.5,V2_ENGINEERED,2,FS_NC_28d_028,EXP_FS_NC_28d,28,Normal Concrete,28,Flexural Strength,False,4.115,4.2476,0.1326
TabPFN_FineTuned_v2.5,V2_ENGINEERED,2,FS_NC_28d_029,EXP_FS_NC_28d,29,Normal Concrete,28,Flexural Strength,False,4.147,4.2476,0.1006
TabPFN_FineTuned_v2.5,V2_ENGINEERED,2,FS_NC_28d_030,EXP_FS_NC_28d,30,Normal Concrete,28,Flexural Strength,False,4.332,4.2476,-0.0844
TabPFN_FineTuned_v2.5,V2_ENGINEERED,2,FS_NC_28d_031,EXP_FS_NC_28d,31,Normal Concrete,28,Flexural Strength,False,4.595,4.2476,-0.3474
TabPFN_FineTuned_v2.5,V2_ENGINEERED,2,FS_NC_28d_032,EXP_FS_NC_28d,32,Normal Concrete,28,Flexural Strength,False,4.326,4.2476,-0.0784
TabPFN_FineTuned_v2.5,V2_ENGINEERED,2,FS_NC_28d_033,EXP_FS_NC_28d,33,Normal Concrete,28,Flexural Strength,False,4.284,4.2476,-0.0364
TabPFN_FineTuned_v2.5,V2_ENGINEERED,2,FS_NC_28d_034,EXP_FS_NC_28d,34,Normal Concrete,28,Flexural Strength,False,4.311,4.2476,-0.0634
TabPFN_FineTuned_v2.5,V2_ENGINEERED,2,FS_NC_28d_035,EXP_FS_NC_28d,35,Normal Concrete,28,Flexural Strength,False,4.346,4.2476,-0.0984
TabPFN_FineTuned_v2.5,V2_ENGINEERED,2,FS_NC_28d_036,EXP_FS_NC_28d,36,Normal Concrete,28,Flexural Strength,False,4.381,4.2476,-0.1334
TabPFN_FineTuned_v2.5,V2_ENGINEERED,2,FS_NC_28d_037,EXP_FS_NC_28d,37,Normal Concrete,28,Flexural Strength,False,4.029,4.2476,0.2186
TabPFN_FineTuned_v2.5,V2_ENGINEERED,2,FS_NC_28d_038,EXP_FS_NC_28d,38,Normal Concrete,28,Flexural Strength,False,4.153,4.2476,0.0946
TabPFN_FineTuned_v2.5,V2_ENGINEERED,2,FS_NC_28d_039,EXP_FS_NC_28d,39,Normal Concrete,28,Flexural Strength,False,4.128,4.2476,0.1196
TabPFN_FineTuned_v2.5,V2_ENGINEERED,2,FS_NC_28d_040,EXP_FS_NC_28d,40,Normal Concrete,28,Flexural Strength,False,4.512,4.2476,-0.2644
TabPFN_FineTuned_v2.5,V2_ENGINEERED,2,FS_NC_28d_041,EXP_FS_NC_28d,41,Normal Concrete,28,Flexural Strength,False,3.908,4.2476,0.3396
TabPFN_FineTuned_v2.5,V2_ENGINEERED,2,FS_NC_28d_042,EXP_FS_NC_28d,42,Normal Concrete,28,Flexural Strength,False,4.085,4.2476,0.1626
TabPFN_FineTuned_v2.5,V2_ENGINEERED,2,FS_NC_28d_043,EXP_FS_NC_28d,43,Normal Concrete,28,Flexural Strength,False,4.103,4.2476,0.1446
TabPFN_FineTuned_v2.5,V2_ENGINEERED,2,FS_NC_28d_044,EXP_FS_NC_28d,44,Normal Concrete,28,Flexural Strength,False,4.01,4.2476,0.2376
TabPFN_FineTuned_v2.5,V2_ENGINEERED,2,FS_NC_28d_045,EXP_FS_NC_28d,45,Normal Concrete,28,Flexural Strength,False,4.073,4.2476,0.1746
TabPFN_FineTuned_v2.5,V2_ENGINEERED,2,FS_NC_28d_046,EXP_FS_NC_28d,46,Normal Concrete,28,Flexural Strength,False,4.286,4.2476,-0.0384
TabPFN_FineTuned_v2.5,V2_ENGINEERED,2,FS_NC_28d_047,EXP_FS_NC_28d,47,Normal Concrete,28,Flexural Strength,False,4.226,4.2476,0.0216
TabPFN_FineTuned_v2.5,V2_ENGINEERED,2,FS_NC_28d_048,EXP_FS_NC_28d,48,Normal Concrete,28,Flexural Strength,False,4.317,4.2476,-0.0694
TabPFN_FineTuned_v2.5,V2_ENGINEERED,2,FS_NC_28d_049,EXP_FS_NC_28d,49,Normal Concrete,28,Flexural Strength,False,4.463,4.2476,-0.2154
TabPFN_FineTuned_v2.5,V2_ENGINEERED,2,FS_NC_28d_050,EXP_FS_NC_28d,50,Normal Concrete,28,Flexural Strength,False,3.857,4.2476,0.3906
TabPFN_FineTuned_v2.5,V2_ENGINEERED,2,FS_NC_28d_051,EXP_FS_NC_28d,51,Normal Concrete,28,Flexural Strength,False,3.923,4.2476,0.3246
TabPFN_FineTuned_v2.5,V2_ENGINEERED,2,FS_NC_28d_052,EXP_FS_NC_28d,52,Normal Concrete,28,Flexural Strength,False,4.395,4.2476,-0.1474
TabPFN_FineTuned_v2.5,V2_ENGINEERED,2,FS_NC_28d_053,EXP_FS_NC_28d,53,Normal Concrete,28,Flexural Strength,False,3.918,4.2476,0.3296
TabPFN_FineTuned_v2.5,V2_ENGINEERED,2,FS_NC_28d_054,EXP_FS_NC_28d,54,Normal Concrete,28,Flexural Strength,False,4.214,4.2476,0.0336
TabPFN_FineTuned_v2.5,V2_ENGINEERED,2,FS_NC_28d_055,EXP_FS_NC_28d,55,Normal Concrete,28,Flexural Strength,False,4.36,4.2476,-0.1124
TabPFN_FineTuned_v2.5,V2_ENGINEERED,2,FS_NC_28d_056,EXP_FS_NC_28d,56,Normal Concrete,28,Flexural Strength,False,4.582,4.2476,-0.3344
TabPFN_FineTuned_v2.5,V2_ENGINEERED,2,FS_NC_28d_057,EXP_FS_NC_28d,57,Normal Concrete,28,Flexural Strength,False,4.422,4.2476,-0.1744
TabPFN_FineTuned_v2.5,V2_ENGINEERED,2,FS_NC_28d_058,EXP_FS_NC_28d,58,Normal Concrete,28,Flexural Strength,False,4.225,4.2476,0.0226
TabPFN_FineTuned_v2.5,V2_ENGINEERED,2,FS_NC_28d_059,EXP_FS_NC_28d,59,Normal Concrete,28,Flexural Strength,False,4.052,4.2476,0.1956
TabPFN_FineTuned_v2.5,V2_ENGINEERED,2,FS_NC_28d_060,EXP_FS_NC_28d,60,Normal Concrete,28,Flexural Strength,False,3.952,4.2476,0.2956
TabPFN_FineTuned_v2.5,V2_ENGINEERED,2,FS_NC_28d_061,EXP_FS_NC_28d,61,Normal Concrete,28,Flexural Strength,False,4.492,4.2476,-0.2444
TabPFN_FineTuned_v2.5,V2_ENGINEERED,2,FS_NC_28d_062,EXP_FS_NC_28d,62,Normal Concrete,28,Flexural Strength,False,4.153,4.2476,0.0946
TabPFN_FineTuned_v2.5,V2_ENGINEERED,2,FS_NC_28d_063,EXP_FS_NC_28d,63,Normal Concrete,28,Flexural Strength,False,4.085,4.2476,0.1626
TabPFN_FineTuned_v2.5,V2_ENGINEERED,2,FS_NC_28d_064,EXP_FS_NC_28d,64,Normal Concrete,28,Flexural Strength,False,4.124,4.2476,0.1236
TabPFN_FineTuned_v2.5,V2_ENGINEERED,2,FS_NC_28d_065,EXP_FS_NC_28d,65,Normal Concrete,28,Flexural Strength,False,3.975,4.2476,0.2726
TabPFN_FineTuned_v2.5,V2_ENGINEERED,2,FS_NC_28d_066,EXP_FS_NC_28d,66,Normal Concrete,28,Flexural Strength,False,4.198,4.2476,0.0496
TabPFN_FineTuned_v2.5,V2_ENGINEERED,2,FS_NC_28d_067,EXP_FS_NC_28d,67,Normal Concrete,28,Flexural Strength,False,4.915,4.2476,-0.6674
TabPFN_FineTuned_v2.5,V2_ENGINEERED,2,FS_NC_28d_068,EXP_FS_NC_28d,68,Normal Concrete,28,Flexural Strength,False,4.168,4.2476,0.0796
TabPFN_FineTuned_v2.5,V2_ENGINEERED,2,FS_NC_28d_069,EXP_FS_NC_28d,69,Normal Concrete,28,Flexural Strength,False,4.025,4.2476,0.2226
TabPFN_FineTuned_v2.5,V2_ENGINEERED,2,FS_NC_28d_070,EXP_FS_NC_28d,70,Normal Concrete,28,Flexural Strength,False,4.101,4.2476,0.1466
TabPFN_FineTuned_v2.5,V2_ENGINEERED,2,FS_NC_28d_071,EXP_FS_NC_28d,71,Normal Concrete,28,Flexural Strength,False,4.025,4.2476,0.2226
TabPFN_FineTuned_v2.5,V2_ENGINEERED,2,FS_NC_28d_072,EXP_FS_NC_28d,72,Normal Concrete,28,Flexural Strength,False,3.619,4.2476,0.6286
TabPFN_FineTuned_v2.5,V2_ENGINEERED,2,FS_NC_28d_073,EXP_FS_NC_28d,73,Normal Concrete,28,Flexural Strength,False,4.206,4.2476,0.0416
TabPFN_FineTuned_v2.5,V2_ENGINEERED,2,FS_NC_28d_074,EXP_FS_NC_28d,74,Normal Concrete,28,Flexural Strength,False,4.047,4.2476,0.2006
TabPFN_FineTuned_v2.5,V2_ENGINEERED,2,FS_NC_28d_075,EXP_FS_NC_28d,75,Normal Concrete,28,Flexural Strength,False,4.112,4.2476,0.1356
TabPFN_FineTuned_v2.5,V2_ENGINEERED,2,FS_NC_28d_076,EXP_FS_NC_28d,76,Normal Concrete,28,Flexural Strength,False,4.451,4.2476,-0.2034
TabPFN_FineTuned_v2.5,V2_ENGINEERED,2,FS_NC_28d_077,EXP_FS_NC_28d,77,Normal Concrete,28,Flexural Strength,False,4.096,4.2476,0.1516
TabPFN_FineTuned_v2.5,V2_ENGINEERED,2,FS_NC_28d_078,EXP_FS_NC_28d,78,Normal Concrete,28,Flexural Strength,False,4.323,4.2476,-0.0754
TabPFN_FineTuned_v2.5,V2_ENGINEERED,2,FS_NC_28d_079,EXP_FS_NC_28d,79,Normal Concrete,28,Flexural Strength,False,4.333,4.2476,-0.0854
TabPFN_FineTuned_v2.5,V2_ENGINEERED,2,FS_NC_28d_080,EXP_FS_NC_28d,80,Normal Concrete,28,Flexural Strength,False,4.111,4.2476,0.1366
TabPFN_FineTuned_v2.5,V2_ENGINEERED,2,FS_NC_28d_081,EXP_FS_NC_28d,81,Normal Concrete,28,Flexural Strength,False,4.048,4.2476,0.1996
TabPFN_FineTuned_v2.5,V2_ENGINEERED,2,FS_NC_28d_082,EXP_FS_NC_28d,82,Normal Concrete,28,Flexural Strength,False,3.77,4.2476,0.4776
TabPFN_FineTuned_v2.5,V2_ENGINEERED,2,FS_NC_28d_083,EXP_FS_NC_28d,83,Normal Concrete,28,Flexural Strength,False,4.832,4.2476,-0.5844
TabPFN_FineTuned_v2.5,V2_ENGINEERED,2,FS_NC_28d_084,EXP_FS_NC_28d,84,Normal Concrete,28,Flexural Strength,False,4.146,4.2476,0.1016
TabPFN_FineTuned_v2.5,V2_ENGINEERED,2,FS_NC_28d_085,EXP_FS_NC_28d,85,Normal Concrete,28,Flexural Strength,False,4.613,4.2476,-0.3654
TabPFN_FineTuned_v2.5,V2_ENGINEERED,2,FS_NC_28d_086,EXP_FS_NC_28d,86,Normal Concrete,28,Flexural Strength,False,4.178,4.2476,0.0696
TabPFN_FineTuned_v2.5,V2_ENGINEERED,2,FS_NC_28d_087,EXP_FS_NC_28d,87,Normal Concrete,28,Flexural Strength,False,4.107,4.2476,0.1406
TabPFN_FineTuned_v2.5,V2_ENGINEERED,2,FS_NC_28d_088,EXP_FS_NC_28d,88,Normal Concrete,28,Flexural Strength,False,3.944,4.2476,0.3036
TabPFN_FineTuned_v2.5,V2_ENGINEERED,2,FS_NC_28d_089,EXP_FS_NC_28d,89,Normal Concrete,28,Flexural Strength,False,4.732,4.2476,-0.4844
TabPFN_FineTuned_v2.5,V2_ENGINEERED,2,FS_NC_28d_090,EXP_FS_NC_28d,90,Normal Concrete,28,Flexural Strength,False,4.322,4.2476,-0.0744
TabPFN_FineTuned_v2.5,V2_ENGINEERED,2,FS_NC_28d_091,EXP_FS_NC_28d,91,Normal Concrete,28,Flexural Strength,False,3.968,4.2476,0.2796
TabPFN_FineTuned_v2.5,V2_ENGINEERED,2,FS_NC_28d_092,EXP_FS_NC_28d,92,Normal Concrete,28,Flexural Strength,False,4.025,4.2476,0.2226
TabPFN_FineTuned_v2.5,V2_ENGINEERED,2,FS_NC_28d_093,EXP_FS_NC_28d,93,Normal Concrete,28,Flexural Strength,False,3.758,4.2476,0.4896
TabPFN_FineTuned_v2.5,V2_ENGINEERED,2,FS_NC_28d_094,EXP_FS_NC_28d,94,Normal Concrete,28,Flexural Strength,False,4.555,4.2476,-0.3074
TabPFN_FineTuned_v2.5,V2_ENGINEERED,2,FS_NC_28d_095,EXP_FS_NC_28d,95,Normal Concrete,28,Flexural Strength,False,3.876,4.2476,0.3716
TabPFN_FineTuned_v2.5,V2_ENGINEERED,2,FS_NC_28d_096,EXP_FS_NC_28d,96,Normal Concrete,28,Flexural Strength,False,4.327,4.2476,-0.0794
TabPFN_FineTuned_v2.5,V2_ENGINEERED,2,FS_NC_28d_097,EXP_FS_NC_28d,97,Normal Concrete,28,Flexural Strength,False,4.748,4.2476,-0.5004
TabPFN_FineTuned_v2.5,V2_ENGINEERED,2,FS_NC_28d_098,EXP_FS_NC_28d,98,Normal Concrete,28,Flexural Strength,False,4.409,4.2476,-0.1614
TabPFN_FineTuned_v2.5,V2_ENGINEERED,2,FS_NC_28d_099,EXP_FS_NC_28d,99,Normal Concrete,28,Flexural Strength,False,4.106,4.2476,0.1416
TabPFN_FineTuned_v2.5,V2_ENGINEERED,2,FS_NC_28d_100,EXP_FS_NC_28d,100,Normal Concrete,28,Flexural Strength,False,4.122,4.2476,0.1256
TabPFN_FineTuned_v2.5,V2_ENGINEERED,2,FS_BC_28d_001,EXP_FS_BC_28d,1,Bacterial Concrete,28,Flexural Strength,False,5.074,5.0924,0.0184
TabPFN_FineTuned_v2.5,V2_ENGINEERED,2,FS_BC_28d_002,EXP_FS_BC_28d,2,Bacterial Concrete,28,Flexural Strength,False,5.504,5.0924,-0.4116
TabPFN_FineTuned_v2.5,V2_ENGINEERED,2,FS_BC_28d_003,EXP_FS_BC_28d,3,Bacterial Concrete,28,Flexural Strength,False,5.279,5.0924,-0.1866
TabPFN_FineTuned_v2.5,V2_ENGINEERED,2,FS_BC_28d_004,EXP_FS_BC_28d,4,Bacterial Concrete,28,Flexural Strength,False,5.354,5.0924,-0.2616
TabPFN_FineTuned_v2.5,V2_ENGINEERED,2,FS_BC_28d_005,EXP_FS_BC_28d,5,Bacterial Concrete,28,Flexural Strength,False,5.218,5.0924,-0.1256
TabPFN_FineTuned_v2.5,V2_ENGINEERED,2,FS_BC_28d_006,EXP_FS_BC_28d,6,Bacterial Concrete,28,Flexural Strength,False,5.424,5.0924,-0.3316
TabPFN_FineTuned_v2.5,V2_ENGINEERED,2,FS_BC_28d_007,EXP_FS_BC_28d,7,Bacterial Concrete,28,Flexural Strength,False,4.996,5.0924,0.0964
TabPFN_FineTuned_v2.5,V2_ENGINEERED,2,FS_BC_28d_008,EXP_FS_BC_28d,8,Bacterial Concrete,28,Flexural Strength,False,5.109,5.0924,-0.0166
TabPFN_FineTuned_v2.5,V2_ENGINEERED,2,FS_BC_28d_009,EXP_FS_BC_28d,9,Bacterial Concrete,28,Flexural Strength,False,5.061,5.0924,0.0314
TabPFN_FineTuned_v2.5,V2_ENGINEERED,2,FS_BC_28d_010,EXP_FS_BC_28d,10,Bacterial Concrete,28,Flexural Strength,False,4.998,5.0924,0.0944
TabPFN_FineTuned_v2.5,V2_ENGINEERED,2,FS_BC_28d_011,EXP_FS_BC_28d,11,Bacterial Concrete,28,Flexural Strength,False,4.829,5.0924,0.2634
TabPFN_FineTuned_v2.5,V2_ENGINEERED,2,FS_BC_28d_012,EXP_FS_BC_28d,12,Bacterial Concrete,28,Flexural Strength,False,4.775,5.0924,0.3174
TabPFN_FineTuned_v2.5,V2_ENGINEERED,2,FS_BC_28d_013,EXP_FS_BC_28d,13,Bacterial Concrete,28,Flexural Strength,False,4.909,5.0924,0.1834
TabPFN_FineTuned_v2.5,V2_ENGINEERED,2,FS_BC_28d_014,EXP_FS_BC_28d,14,Bacterial Concrete,28,Flexural Strength,False,4.688,5.0924,0.4044
TabPFN_FineTuned_v2.5,V2_ENGINEERED,2,FS_BC_28d_015,EXP_FS_BC_28d,15,Bacterial Concrete,28,Flexural Strength,False,5.324,5.0924,-0.2316
TabPFN_FineTuned_v2.5,V2_ENGINEERED,2,FS_BC_28d_016,EXP_FS_BC_28d,16,Bacterial Concrete,28,Flexural Strength,False,5.363,5.0924,-0.2706
TabPFN_FineTuned_v2.5,V2_ENGINEERED,2,FS_BC_28d_017,EXP_FS_BC_28d,17,Bacterial Concrete,28,Flexural Strength,False,5.05,5.0924,0.0424
TabPFN_FineTuned_v2.5,V2_ENGINEERED,2,FS_BC_28d_018,EXP_FS_BC_28d,18,Bacterial Concrete,28,Flexural Strength,False,5.007,5.0924,0.0854
TabPFN_FineTuned_v2.5,V2_ENGINEERED,2,FS_BC_28d_019,EXP_FS_BC_28d,19,Bacterial Concrete,28,Flexural Strength,False,4.921,5.0924,0.1714
TabPFN_FineTuned_v2.5,V2_ENGINEERED,2,FS_BC_28d_020,EXP_FS_BC_28d,20,Bacterial Concrete,28,Flexural Strength,False,4.551,5.0924,0.5414
TabPFN_FineTuned_v2.5,V2_ENGINEERED,2,FS_BC_28d_021,EXP_FS_BC_28d,21,Bacterial Concrete,28,Flexural Strength,False,5.021,5.0924,0.0714
TabPFN_FineTuned_v2.5,V2_ENGINEERED,2,FS_BC_28d_022,EXP_FS_BC_28d,22,Bacterial Concrete,28,Flexural Strength,False,5.078,5.0924,0.0144
TabPFN_FineTuned_v2.5,V2_ENGINEERED,2,FS_BC_28d_023,EXP_FS_BC_28d,23,Bacterial Concrete,28,Flexural Strength,False,5.109,5.0924,-0.0166
TabPFN_FineTuned_v2.5,V2_ENGINEERED,2,FS_BC_28d_024,EXP_FS_BC_28d,24,Bacterial Concrete,28,Flexural Strength,False,4.9,5.0924,0.1924
TabPFN_FineTuned_v2.5,V2_ENGINEERED,2,FS_BC_28d_025,EXP_FS_BC_28d,25,Bacterial Concrete,28,Flexural Strength,False,4.857,5.0924,0.2354
TabPFN_FineTuned_v2.5,V2_ENGINEERED,2,FS_BC_28d_026,EXP_FS_BC_28d,26,Bacterial Concrete,28,Flexural Strength,False,5.066,5.0924,0.0264
TabPFN_FineTuned_v2.5,V2_ENGINEERED,2,FS_BC_28d_027,EXP_FS_BC_28d,27,Bacterial Concrete,28,Flexural Strength,False,4.833,5.0924,0.2594
TabPFN_FineTuned_v2.5,V2_ENGINEERED,2,FS_BC_28d_028,EXP_FS_BC_28d,28,Bacterial Concrete,28,Flexural Strength,False,5.089,5.0924,0.0034
TabPFN_FineTuned_v2.5,V2_ENGINEERED,2,FS_BC_28d_029,EXP_FS_BC_28d,29,Bacterial Concrete,28,Flexural Strength,False,5.318,5.0924,-0.2256
TabPFN_FineTuned_v2.5,V2_ENGINEERED,2,FS_BC_28d_030,EXP_FS_BC_28d,30,Bacterial Concrete,28,Flexural Strength,False,5.039,5.0924,0.0534
TabPFN_FineTuned_v2.5,V2_ENGINEERED,2,FS_BC_28d_031,EXP_FS_BC_28d,31,Bacterial Concrete,28,Flexural Strength,False,4.73,5.0924,0.3624
TabPFN_FineTuned_v2.5,V2_ENGINEERED,2,FS_BC_28d_032,EXP_FS_BC_28d,32,Bacterial Concrete,28,Flexural Strength,False,4.846,5.0924,0.2464
TabPFN_FineTuned_v2.5,V2_ENGINEERED,2,FS_BC_28d_033,EXP_FS_BC_28d,33,Bacterial Concrete,28,Flexural Strength,False,5.034,5.0924,0.0584
TabPFN_FineTuned_v2.5,V2_ENGINEERED,2,FS_BC_28d_034,EXP_FS_BC_28d,34,Bacterial Concrete,28,Flexural Strength,False,4.622,5.0924,0.4704
TabPFN_FineTuned_v2.5,V2_ENGINEERED,2,FS_BC_28d_035,EXP_FS_BC_28d,35,Bacterial Concrete,28,Flexural Strength,False,5.383,5.0924,-0.2906
TabPFN_FineTuned_v2.5,V2_ENGINEERED,2,FS_BC_28d_036,EXP_FS_BC_28d,36,Bacterial Concrete,28,Flexural Strength,False,5.524,5.0924,-0.4316
TabPFN_FineTuned_v2.5,V2_ENGINEERED,2,FS_BC_28d_037,EXP_FS_BC_28d,37,Bacterial Concrete,28,Flexural Strength,False,4.769,5.0924,0.3234
TabPFN_FineTuned_v2.5,V2_ENGINEERED,2,FS_BC_28d_038,EXP_FS_BC_28d,38,Bacterial Concrete,28,Flexural Strength,False,5.026,5.0924,0.0664
TabPFN_FineTuned_v2.5,V2_ENGINEERED,2,FS_BC_28d_039,EXP_FS_BC_28d,39,Bacterial Concrete,28,Flexural Strength,False,5.271,5.0924,-0.1786
TabPFN_FineTuned_v2.5,V2_ENGINEERED,2,FS_BC_28d_040,EXP_FS_BC_28d,40,Bacterial Concrete,28,Flexural Strength,False,4.711,5.0924,0.3814
TabPFN_FineTuned_v2.5,V2_ENGINEERED,2,FS_BC_28d_041,EXP_FS_BC_28d,41,Bacterial Concrete,28,Flexural Strength,False,4.832,5.0924,0.2604
TabPFN_FineTuned_v2.5,V2_ENGINEERED,2,FS_BC_28d_042,EXP_FS_BC_28d,42,Bacterial Concrete,28,Flexural Strength,False,5.374,5.0924,-0.2816
TabPFN_FineTuned_v2.5,V2_ENGINEERED,2,FS_BC_28d_043,EXP_FS_BC_28d,43,Bacterial Concrete,28,Flexural Strength,False,4.708,5.0924,0.3844
TabPFN_FineTuned_v2.5,V2_ENGINEERED,2,FS_BC_28d_044,EXP_FS_BC_28d,44,Bacterial Concrete,28,Flexural Strength,False,4.405,5.0924,0.6874
TabPFN_FineTuned_v2.5,V2_ENGINEERED,2,FS_BC_28d_045,EXP_FS_BC_28d,45,Bacterial Concrete,28,Flexural Strength,False,4.508,5.0924,0.5844
TabPFN_FineTuned_v2.5,V2_ENGINEERED,2,FS_BC_28d_046,EXP_FS_BC_28d,46,Bacterial Concrete,28,Flexural Strength,False,5.205,5.0924,-0.1126
TabPFN_FineTuned_v2.5,V2_ENGINEERED,2,FS_BC_28d_047,EXP_FS_BC_28d,47,Bacterial Concrete,28,Flexural Strength,False,5.457,5.0924,-0.3646
TabPFN_FineTuned_v2.5,V2_ENGINEERED,2,FS_BC_28d_048,EXP_FS_BC_28d,48,Bacterial Concrete,28,Flexural Strength,False,5.056,5.0924,0.0364
TabPFN_FineTuned_v2.5,V2_ENGINEERED,2,FS_BC_28d_049,EXP_FS_BC_28d,49,Bacterial Concrete,28,Flexural Strength,False,5.201,5.0924,-0.1086
TabPFN_FineTuned_v2.5,V2_ENGINEERED,2,FS_BC_28d_050,EXP_FS_BC_28d,50,Bacterial Concrete,28,Flexural Strength,False,5.108,5.0924,-0.0156
TabPFN_FineTuned_v2.5,V2_ENGINEERED,2,FS_BC_28d_051,EXP_FS_BC_28d,51,Bacterial Concrete,28,Flexural Strength,False,4.939,5.0924,0.1534
TabPFN_FineTuned_v2.5,V2_ENGINEERED,2,FS_BC_28d_052,EXP_FS_BC_28d,52,Bacterial Concrete,28,Flexural Strength,False,4.665,5.0924,0.4274
TabPFN_FineTuned_v2.5,V2_ENGINEERED,2,FS_BC_28d_053,EXP_FS_BC_28d,53,Bacterial Concrete,28,Flexural Strength,False,5.237,5.0924,-0.1446
TabPFN_FineTuned_v2.5,V2_ENGINEERED,2,FS_BC_28d_054,EXP_FS_BC_28d,54,Bacterial Concrete,28,Flexural Strength,False,4.762,5.0924,0.3304
TabPFN_FineTuned_v2.5,V2_ENGINEERED,2,FS_BC_28d_055,EXP_FS_BC_28d,55,Bacterial Concrete,28,Flexural Strength,False,5.002,5.0924,0.0904
TabPFN_FineTuned_v2.5,V2_ENGINEERED,2,FS_BC_28d_056,EXP_FS_BC_28d,56,Bacterial Concrete,28,Flexural Strength,False,5.383,5.0924,-0.2906
TabPFN_FineTuned_v2.5,V2_ENGINEERED,2,FS_BC_28d_057,EXP_FS_BC_28d,57,Bacterial Concrete,28,Flexural Strength,False,4.971,5.0924,0.1214
TabPFN_FineTuned_v2.5,V2_ENGINEERED,2,FS_BC_28d_058,EXP_FS_BC_28d,58,Bacterial Concrete,28,Flexural Strength,False,4.845,5.0924,0.2474
TabPFN_FineTuned_v2.5,V2_ENGINEERED,2,FS_BC_28d_059,EXP_FS_BC_28d,59,Bacterial Concrete,28,Flexural Strength,False,4.884,5.0924,0.2084
TabPFN_FineTuned_v2.5,V2_ENGINEERED,2,FS_BC_28d_060,EXP_FS_BC_28d,60,Bacterial Concrete,28,Flexural Strength,False,5.319,5.0924,-0.2266
TabPFN_FineTuned_v2.5,V2_ENGINEERED,2,FS_BC_28d_061,EXP_FS_BC_28d,61,Bacterial Concrete,28,Flexural Strength,False,5.009,5.0924,0.0834
TabPFN_FineTuned_v2.5,V2_ENGINEERED,2,FS_BC_28d_062,EXP_FS_BC_28d,62,Bacterial Concrete,28,Flexural Strength,False,5.058,5.0924,0.0344
TabPFN_FineTuned_v2.5,V2_ENGINEERED,2,FS_BC_28d_063,EXP_FS_BC_28d,63,Bacterial Concrete,28,Flexural Strength,False,4.83,5.0924,0.2624
TabPFN_FineTuned_v2.5,V2_ENGINEERED,2,FS_BC_28d_064,EXP_FS_BC_28d,64,Bacterial Concrete,28,Flexural Strength,False,4.789,5.0924,0.3034
TabPFN_FineTuned_v2.5,V2_ENGINEERED,2,FS_BC_28d_065,EXP_FS_BC_28d,65,Bacterial Concrete,28,Flexural Strength,False,5.184,5.0924,-0.0916
TabPFN_FineTuned_v2.5,V2_ENGINEERED,2,FS_BC_28d_066,EXP_FS_BC_28d,66,Bacterial Concrete,28,Flexural Strength,False,5.126,5.0924,-0.0336
TabPFN_FineTuned_v2.5,V2_ENGINEERED,2,FS_BC_28d_067,EXP_FS_BC_28d,67,Bacterial Concrete,28,Flexural Strength,False,5.698,5.0924,-0.6056
TabPFN_FineTuned_v2.5,V2_ENGINEERED,2,FS_BC_28d_068,EXP_FS_BC_28d,68,Bacterial Concrete,28,Flexural Strength,False,4.682,5.0924,0.4104
TabPFN_FineTuned_v2.5,V2_ENGINEERED,2,FS_BC_28d_069,EXP_FS_BC_28d,69,Bacterial Concrete,28,Flexural Strength,False,5.234,5.0924,-0.1416
TabPFN_FineTuned_v2.5,V2_ENGINEERED,2,FS_BC_28d_070,EXP_FS_BC_28d,70,Bacterial Concrete,28,Flexural Strength,False,4.614,5.0924,0.4784
TabPFN_FineTuned_v2.5,V2_ENGINEERED,2,FS_BC_28d_071,EXP_FS_BC_28d,71,Bacterial Concrete,28,Flexural Strength,False,5.236,5.0924,-0.1436
TabPFN_FineTuned_v2.5,V2_ENGINEERED,2,FS_BC_28d_072,EXP_FS_BC_28d,72,Bacterial Concrete,28,Flexural Strength,False,4.691,5.0924,0.4014
TabPFN_FineTuned_v2.5,V2_ENGINEERED,2,FS_BC_28d_073,EXP_FS_BC_28d,73,Bacterial Concrete,28,Flexural Strength,False,4.644,5.0924,0.4484
TabPFN_FineTuned_v2.5,V2_ENGINEERED,2,FS_BC_28d_074,EXP_FS_BC_28d,74,Bacterial Concrete,28,Flexural Strength,False,5.055,5.0924,0.0374
TabPFN_FineTuned_v2.5,V2_ENGINEERED,2,FS_BC_28d_075,EXP_FS_BC_28d,75,Bacterial Concrete,28,Flexural Strength,False,4.949,5.0924,0.1434
TabPFN_FineTuned_v2.5,V2_ENGINEERED,2,FS_BC_28d_076,EXP_FS_BC_28d,76,Bacterial Concrete,28,Flexural Strength,False,4.984,5.0924,0.1084
TabPFN_FineTuned_v2.5,V2_ENGINEERED,2,FS_BC_28d_077,EXP_FS_BC_28d,77,Bacterial Concrete,28,Flexural Strength,False,5.195,5.0924,-0.1026
TabPFN_FineTuned_v2.5,V2_ENGINEERED,2,FS_BC_28d_078,EXP_FS_BC_28d,78,Bacterial Concrete,28,Flexural Strength,False,5.368,5.0924,-0.2756
TabPFN_FineTuned_v2.5,V2_ENGINEERED,2,FS_BC_28d_079,EXP_FS_BC_28d,79,Bacterial Concrete,28,Flexural Strength,False,4.948,5.0924,0.1444
TabPFN_FineTuned_v2.5,V2_ENGINEERED,2,FS_BC_28d_080,EXP_FS_BC_28d,80,Bacterial Concrete,28,Flexural Strength,False,4.99,5.0924,0.1024
TabPFN_FineTuned_v2.5,V2_ENGINEERED,2,FS_BC_28d_081,EXP_FS_BC_28d,81,Bacterial Concrete,28,Flexural Strength,False,4.933,5.0924,0.1594
TabPFN_FineTuned_v2.5,V2_ENGINEERED,2,FS_BC_28d_082,EXP_FS_BC_28d,82,Bacterial Concrete,28,Flexural Strength,False,4.435,5.0924,0.6574
TabPFN_FineTuned_v2.5,V2_ENGINEERED,2,FS_BC_28d_083,EXP_FS_BC_28d,83,Bacterial Concrete,28,Flexural Strength,False,5.133,5.0924,-0.0406
TabPFN_FineTuned_v2.5,V2_ENGINEERED,2,FS_BC_28d_084,EXP_FS_BC_28d,84,Bacterial Concrete,28,Flexural Strength,False,4.376,5.0924,0.7164
TabPFN_FineTuned_v2.5,V2_ENGINEERED,2,FS_BC_28d_085,EXP_FS_BC_28d,85,Bacterial Concrete,28,Flexural Strength,False,5.138,5.0924,-0.0456
TabPFN_FineTuned_v2.5,V2_ENGINEERED,2,FS_BC_28d_086,EXP_FS_BC_28d,86,Bacterial Concrete,28,Flexural Strength,False,5.039,5.0924,0.0534
TabPFN_FineTuned_v2.5,V2_ENGINEERED,2,FS_BC_28d_087,EXP_FS_BC_28d,87,Bacterial Concrete,28,Flexural Strength,False,4.857,5.0924,0.2354
TabPFN_FineTuned_v2.5,V2_ENGINEERED,2,FS_BC_28d_088,EXP_FS_BC_28d,88,Bacterial Concrete,28,Flexural Strength,False,5.319,5.0924,-0.2266
TabPFN_FineTuned_v2.5,V2_ENGINEERED,2,FS_BC_28d_089,EXP_FS_BC_28d,89,Bacterial Concrete,28,Flexural Strength,False,4.735,5.0924,0.3574
TabPFN_FineTuned_v2.5,V2_ENGINEERED,2,FS_BC_28d_090,EXP_FS_BC_28d,90,Bacterial Concrete,28,Flexural Strength,False,5.549,5.0924,-0.4566
TabPFN_FineTuned_v2.5,V2_ENGINEERED,2,FS_BC_28d_091,EXP_FS_BC_28d,91,Bacterial Concrete,28,Flexural Strength,False,5.032,5.0924,0.0604
TabPFN_FineTuned_v2.5,V2_ENGINEERED,2,FS_BC_28d_092,EXP_FS_BC_28d,92,Bacterial Concrete,28,Flexural Strength,False,4.81,5.0924,0.2824
TabPFN_FineTuned_v2.5,V2_ENGINEERED,2,FS_BC_28d_093,EXP_FS_BC_28d,93,Bacterial Concrete,28,Flexural Strength,False,5.007,5.0924,0.0854
TabPFN_FineTuned_v2.5,V2_ENGINEERED,2,FS_BC_28d_094,EXP_FS_BC_28d,94,Bacterial Concrete,28,Flexural Strength,False,5.543,5.0924,-0.4506
TabPFN_FineTuned_v2.5,V2_ENGINEERED,2,FS_BC_28d_095,EXP_FS_BC_28d,95,Bacterial Concrete,28,Flexural Strength,False,4.742,5.0924,0.3504
TabPFN_FineTuned_v2.5,V2_ENGINEERED,2,FS_BC_28d_096,EXP_FS_BC_28d,96,Bacterial Concrete,28,Flexural Strength,False,4.652,5.0924,0.4404
TabPFN_FineTuned_v2.5,V2_ENGINEERED,2,FS_BC_28d_097,EXP_FS_BC_28d,97,Bacterial Concrete,28,Flexural Strength,False,5.312,5.0924,-0.2196
TabPFN_FineTuned_v2.5,V2_ENGINEERED,2,FS_BC_28d_098,EXP_FS_BC_28d,98,Bacterial Concrete,28,Flexural Strength,False,5.143,5.0924,-0.0506
TabPFN_FineTuned_v2.5,V2_ENGINEERED,2,FS_BC_28d_099,EXP_FS_BC_28d,99,Bacterial Concrete,28,Flexural Strength,False,4.827,5.0924,0.2654
TabPFN_FineTuned_v2.5,V2_ENGINEERED,2,FS_BC_28d_100,EXP_FS_BC_28d,100,Bacterial Concrete,28,Flexural Strength,False,4.444,5.0924,0.6484
TabPFN_FineTuned_v2.5,V2_ENGINEERED,2,TS_NC_56d_001,EXP_TS_NC_56d,1,Normal Concrete,56,Split Tensile Strength,False,3.13,3.1052,-0.0248
TabPFN_FineTuned_v2.5,V2_ENGINEERED,2,TS_NC_56d_002,EXP_TS_NC_56d,2,Normal Concrete,56,Split Tensile Strength,False,2.821,3.1052,0.2842
TabPFN_FineTuned_v2.5,V2_ENGINEERED,2,TS_NC_56d_003,EXP_TS_NC_56d,3,Normal Concrete,56,Split Tensile Strength,False,2.826,3.1052,0.2792
TabPFN_FineTuned_v2.5,V2_ENGINEERED,2,TS_NC_56d_004,EXP_TS_NC_56d,4,Normal Concrete,56,Split Tensile Strength,False,2.704,3.1052,0.4012
TabPFN_FineTuned_v2.5,V2_ENGINEERED,2,TS_NC_56d_005,EXP_TS_NC_56d,5,Normal Concrete,56,Split Tensile Strength,False,2.899,3.1052,0.2062
TabPFN_FineTuned_v2.5,V2_ENGINEERED,2,TS_NC_56d_006,EXP_TS_NC_56d,6,Normal Concrete,56,Split Tensile Strength,False,3.047,3.1052,0.0582
TabPFN_FineTuned_v2.5,V2_ENGINEERED,2,TS_NC_56d_007,EXP_TS_NC_56d,7,Normal Concrete,56,Split Tensile Strength,False,2.637,3.1052,0.4682
TabPFN_FineTuned_v2.5,V2_ENGINEERED,2,TS_NC_56d_008,EXP_TS_NC_56d,8,Normal Concrete,56,Split Tensile Strength,False,2.8,3.1052,0.3052
TabPFN_FineTuned_v2.5,V2_ENGINEERED,2,TS_NC_56d_009,EXP_TS_NC_56d,9,Normal Concrete,56,Split Tensile Strength,False,2.905,3.1052,0.2002
TabPFN_FineTuned_v2.5,V2_ENGINEERED,2,TS_NC_56d_010,EXP_TS_NC_56d,10,Normal Concrete,56,Split Tensile Strength,False,3.028,3.1052,0.0772
TabPFN_FineTuned_v2.5,V2_ENGINEERED,2,TS_NC_56d_011,EXP_TS_NC_56d,11,Normal Concrete,56,Split Tensile Strength,False,2.957,3.1052,0.1482
TabPFN_FineTuned_v2.5,V2_ENGINEERED,2,TS_NC_56d_012,EXP_TS_NC_56d,12,Normal Concrete,56,Split Tensile Strength,False,2.949,3.1052,0.1562
TabPFN_FineTuned_v2.5,V2_ENGINEERED,2,TS_NC_56d_013,EXP_TS_NC_56d,13,Normal Concrete,56,Split Tensile Strength,False,2.866,3.1052,0.2392
TabPFN_FineTuned_v2.5,V2_ENGINEERED,2,TS_NC_56d_014,EXP_TS_NC_56d,14,Normal Concrete,56,Split Tensile Strength,False,2.972,3.1052,0.1332
TabPFN_FineTuned_v2.5,V2_ENGINEERED,2,TS_NC_56d_015,EXP_TS_NC_56d,15,Normal Concrete,56,Split Tensile Strength,False,3.052,3.1052,0.0532
TabPFN_FineTuned_v2.5,V2_ENGINEERED,2,TS_NC_56d_016,EXP_TS_NC_56d,16,Normal Concrete,56,Split Tensile Strength,False,2.644,3.1052,0.4612
TabPFN_FineTuned_v2.5,V2_ENGINEERED,2,TS_NC_56d_017,EXP_TS_NC_56d,17,Normal Concrete,56,Split Tensile Strength,False,3.009,3.1052,0.0962
TabPFN_FineTuned_v2.5,V2_ENGINEERED,2,TS_NC_56d_018,EXP_TS_NC_56d,18,Normal Concrete,56,Split Tensile Strength,False,2.885,3.1052,0.2202
TabPFN_FineTuned_v2.5,V2_ENGINEERED,2,TS_NC_56d_019,EXP_TS_NC_56d,19,Normal Concrete,56,Split Tensile Strength,False,2.821,3.1052,0.2842
TabPFN_FineTuned_v2.5,V2_ENGINEERED,2,TS_NC_56d_020,EXP_TS_NC_56d,20,Normal Concrete,56,Split Tensile Strength,False,2.534,3.1052,0.5712
TabPFN_FineTuned_v2.5,V2_ENGINEERED,2,TS_NC_56d_021,EXP_TS_NC_56d,21,Normal Concrete,56,Split Tensile Strength,False,2.693,3.1052,0.4122
TabPFN_FineTuned_v2.5,V2_ENGINEERED,2,TS_NC_56d_022,EXP_TS_NC_56d,22,Normal Concrete,56,Split Tensile Strength,False,3.155,3.1052,-0.0498
TabPFN_FineTuned_v2.5,V2_ENGINEERED,2,TS_NC_56d_023,EXP_TS_NC_56d,23,Normal Concrete,56,Split Tensile Strength,False,2.797,3.1052,0.3082
TabPFN_FineTuned_v2.5,V2_ENGINEERED,2,TS_NC_56d_024,EXP_TS_NC_56d,24,Normal Concrete,56,Split Tensile Strength,False,2.737,3.1052,0.3682
TabPFN_FineTuned_v2.5,V2_ENGINEERED,2,TS_NC_56d_025,EXP_TS_NC_56d,25,Normal Concrete,56,Split Tensile Strength,False,2.832,3.1052,0.2732
TabPFN_FineTuned_v2.5,V2_ENGINEERED,2,TS_NC_56d_026,EXP_TS_NC_56d,26,Normal Concrete,56,Split Tensile Strength,False,2.788,3.1052,0.3172
TabPFN_FineTuned_v2.5,V2_ENGINEERED,2,TS_NC_56d_027,EXP_TS_NC_56d,27,Normal Concrete,56,Split Tensile Strength,False,2.919,3.1052,0.1862
TabPFN_FineTuned_v2.5,V2_ENGINEERED,2,TS_NC_56d_028,EXP_TS_NC_56d,28,Normal Concrete,56,Split Tensile Strength,False,3.128,3.1052,-0.0228
TabPFN_FineTuned_v2.5,V2_ENGINEERED,2,TS_NC_56d_029,EXP_TS_NC_56d,29,Normal Concrete,56,Split Tensile Strength,False,2.812,3.1052,0.2932
TabPFN_FineTuned_v2.5,V2_ENGINEERED,2,TS_NC_56d_030,EXP_TS_NC_56d,30,Normal Concrete,56,Split Tensile Strength,False,2.923,3.1052,0.1822
TabPFN_FineTuned_v2.5,V2_ENGINEERED,2,TS_NC_56d_031,EXP_TS_NC_56d,31,Normal Concrete,56,Split Tensile Strength,False,2.728,3.1052,0.3772
TabPFN_FineTuned_v2.5,V2_ENGINEERED,2,TS_NC_56d_032,EXP_TS_NC_56d,32,Normal Concrete,56,Split Tensile Strength,False,3.128,3.1052,-0.0228
TabPFN_FineTuned_v2.5,V2_ENGINEERED,2,TS_NC_56d_033,EXP_TS_NC_56d,33,Normal Concrete,56,Split Tensile Strength,False,2.928,3.1052,0.1772
TabPFN_FineTuned_v2.5,V2_ENGINEERED,2,TS_NC_56d_034,EXP_TS_NC_56d,34,Normal Concrete,56,Split Tensile Strength,False,2.738,3.1052,0.3672
TabPFN_FineTuned_v2.5,V2_ENGINEERED,2,TS_NC_56d_035,EXP_TS_NC_56d,35,Normal Concrete,56,Split Tensile Strength,False,3.036,3.1052,0.0692
TabPFN_FineTuned_v2.5,V2_ENGINEERED,2,TS_NC_56d_036,EXP_TS_NC_56d,36,Normal Concrete,56,Split Tensile Strength,False,3.08,3.1052,0.0252
TabPFN_FineTuned_v2.5,V2_ENGINEERED,2,TS_NC_56d_037,EXP_TS_NC_56d,37,Normal Concrete,56,Split Tensile Strength,False,2.924,3.1052,0.1812
TabPFN_FineTuned_v2.5,V2_ENGINEERED,2,TS_NC_56d_038,EXP_TS_NC_56d,38,Normal Concrete,56,Split Tensile Strength,False,2.654,3.1052,0.4512
TabPFN_FineTuned_v2.5,V2_ENGINEERED,2,TS_NC_56d_039,EXP_TS_NC_56d,39,Normal Concrete,56,Split Tensile Strength,False,3.168,3.1052,-0.0628
TabPFN_FineTuned_v2.5,V2_ENGINEERED,2,TS_NC_56d_040,EXP_TS_NC_56d,40,Normal Concrete,56,Split Tensile Strength,False,2.947,3.1052,0.1582
TabPFN_FineTuned_v2.5,V2_ENGINEERED,2,TS_NC_56d_041,EXP_TS_NC_56d,41,Normal Concrete,56,Split Tensile Strength,False,3.076,3.1052,0.0292
TabPFN_FineTuned_v2.5,V2_ENGINEERED,2,TS_NC_56d_042,EXP_TS_NC_56d,42,Normal Concrete,56,Split Tensile Strength,False,2.817,3.1052,0.2882
TabPFN_FineTuned_v2.5,V2_ENGINEERED,2,TS_NC_56d_043,EXP_TS_NC_56d,43,Normal Concrete,56,Split Tensile Strength,False,2.84,3.1052,0.2652
TabPFN_FineTuned_v2.5,V2_ENGINEERED,2,TS_NC_56d_044,EXP_TS_NC_56d,44,Normal Concrete,56,Split Tensile Strength,False,2.917,3.1052,0.1882
TabPFN_FineTuned_v2.5,V2_ENGINEERED,2,TS_NC_56d_045,EXP_TS_NC_56d,45,Normal Concrete,56,Split Tensile Strength,False,3.067,3.1052,0.0382
TabPFN_FineTuned_v2.5,V2_ENGINEERED,2,TS_NC_56d_046,EXP_TS_NC_56d,46,Normal Concrete,56,Split Tensile Strength,False,2.921,3.1052,0.1842
TabPFN_FineTuned_v2.5,V2_ENGINEERED,2,TS_NC_56d_047,EXP_TS_NC_56d,47,Normal Concrete,56,Split Tensile Strength,False,2.711,3.1052,0.3942
TabPFN_FineTuned_v2.5,V2_ENGINEERED,2,TS_NC_56d_048,EXP_TS_NC_56d,48,Normal Concrete,56,Split Tensile Strength,False,2.939,3.1052,0.1662
TabPFN_FineTuned_v2.5,V2_ENGINEERED,2,TS_NC_56d_049,EXP_TS_NC_56d,49,Normal Concrete,56,Split Tensile Strength,False,3.144,3.1052,-0.0388
TabPFN_FineTuned_v2.5,V2_ENGINEERED,2,TS_NC_56d_050,EXP_TS_NC_56d,50,Normal Concrete,56,Split Tensile Strength,False,2.91,3.1052,0.1952
TabPFN_FineTuned_v2.5,V2_ENGINEERED,2,TS_NC_56d_051,EXP_TS_NC_56d,51,Normal Concrete,56,Split Tensile Strength,False,2.919,3.1052,0.1862
TabPFN_FineTuned_v2.5,V2_ENGINEERED,2,TS_NC_56d_052,EXP_TS_NC_56d,52,Normal Concrete,56,Split Tensile Strength,False,2.711,3.1052,0.3942
TabPFN_FineTuned_v2.5,V2_ENGINEERED,2,TS_NC_56d_053,EXP_TS_NC_56d,53,Normal Concrete,56,Split Tensile Strength,False,2.69,3.1052,0.4152
TabPFN_FineTuned_v2.5,V2_ENGINEERED,2,TS_NC_56d_054,EXP_TS_NC_56d,54,Normal Concrete,56,Split Tensile Strength,False,2.804,3.1052,0.3012
TabPFN_FineTuned_v2.5,V2_ENGINEERED,2,TS_NC_56d_055,EXP_TS_NC_56d,55,Normal Concrete,56,Split Tensile Strength,False,2.851,3.1052,0.2542
TabPFN_FineTuned_v2.5,V2_ENGINEERED,2,TS_NC_56d_056,EXP_TS_NC_56d,56,Normal Concrete,56,Split Tensile Strength,False,2.916,3.1052,0.1892
TabPFN_FineTuned_v2.5,V2_ENGINEERED,2,TS_NC_56d_057,EXP_TS_NC_56d,57,Normal Concrete,56,Split Tensile Strength,False,2.925,3.1052,0.1802
TabPFN_FineTuned_v2.5,V2_ENGINEERED,2,TS_NC_56d_058,EXP_TS_NC_56d,58,Normal Concrete,56,Split Tensile Strength,False,3.14,3.1052,-0.0348
TabPFN_FineTuned_v2.5,V2_ENGINEERED,2,TS_NC_56d_059,EXP_TS_NC_56d,59,Normal Concrete,56,Split Tensile Strength,False,2.909,3.1052,0.1962
TabPFN_FineTuned_v2.5,V2_ENGINEERED,2,TS_NC_56d_060,EXP_TS_NC_56d,60,Normal Concrete,56,Split Tensile Strength,False,3.06,3.1052,0.0452
TabPFN_FineTuned_v2.5,V2_ENGINEERED,2,TS_NC_56d_061,EXP_TS_NC_56d,61,Normal Concrete,56,Split Tensile Strength,False,2.894,3.1052,0.2112
TabPFN_FineTuned_v2.5,V2_ENGINEERED,2,TS_NC_56d_062,EXP_TS_NC_56d,62,Normal Concrete,56,Split Tensile Strength,False,3.117,3.1052,-0.0118
TabPFN_FineTuned_v2.5,V2_ENGINEERED,2,TS_NC_56d_063,EXP_TS_NC_56d,63,Normal Concrete,56,Split Tensile Strength,False,2.619,3.1052,0.4862
TabPFN_FineTuned_v2.5,V2_ENGINEERED,2,TS_NC_56d_064,EXP_TS_NC_56d,64,Normal Concrete,56,Split Tensile Strength,False,2.81,3.1052,0.2952
TabPFN_FineTuned_v2.5,V2_ENGINEERED,2,TS_NC_56d_065,EXP_TS_NC_56d,65,Normal Concrete,56,Split Tensile Strength,False,3.047,3.1052,0.0582
TabPFN_FineTuned_v2.5,V2_ENGINEERED,2,TS_NC_56d_066,EXP_TS_NC_56d,66,Normal Concrete,56,Split Tensile Strength,False,2.874,3.1052,0.2312
TabPFN_FineTuned_v2.5,V2_ENGINEERED,2,TS_NC_56d_067,EXP_TS_NC_56d,67,Normal Concrete,56,Split Tensile Strength,False,3.04,3.1052,0.0652
TabPFN_FineTuned_v2.5,V2_ENGINEERED,2,TS_NC_56d_068,EXP_TS_NC_56d,68,Normal Concrete,56,Split Tensile Strength,False,2.958,3.1052,0.1472
TabPFN_FineTuned_v2.5,V2_ENGINEERED,2,TS_NC_56d_069,EXP_TS_NC_56d,69,Normal Concrete,56,Split Tensile Strength,False,3.042,3.1052,0.0632
TabPFN_FineTuned_v2.5,V2_ENGINEERED,2,TS_NC_56d_070,EXP_TS_NC_56d,70,Normal Concrete,56,Split Tensile Strength,False,2.992,3.1052,0.1132
TabPFN_FineTuned_v2.5,V2_ENGINEERED,2,TS_NC_56d_071,EXP_TS_NC_56d,71,Normal Concrete,56,Split Tensile Strength,False,3.001,3.1052,0.1042
TabPFN_FineTuned_v2.5,V2_ENGINEERED,2,TS_NC_56d_072,EXP_TS_NC_56d,72,Normal Concrete,56,Split Tensile Strength,False,3.124,3.1052,-0.0188
TabPFN_FineTuned_v2.5,V2_ENGINEERED,2,TS_NC_56d_073,EXP_TS_NC_56d,73,Normal Concrete,56,Split Tensile Strength,False,3.048,3.1052,0.0572
TabPFN_FineTuned_v2.5,V2_ENGINEERED,2,TS_NC_56d_074,EXP_TS_NC_56d,74,Normal Concrete,56,Split Tensile Strength,False,3.049,3.1052,0.0562
TabPFN_FineTuned_v2.5,V2_ENGINEERED,2,TS_NC_56d_075,EXP_TS_NC_56d,75,Normal Concrete,56,Split Tensile Strength,False,2.903,3.1052,0.2022
TabPFN_FineTuned_v2.5,V2_ENGINEERED,2,TS_NC_56d_076,EXP_TS_NC_56d,76,Normal Concrete,56,Split Tensile Strength,False,2.813,3.1052,0.2922
TabPFN_FineTuned_v2.5,V2_ENGINEERED,2,TS_NC_56d_077,EXP_TS_NC_56d,77,Normal Concrete,56,Split Tensile Strength,False,2.801,3.1052,0.3042
TabPFN_FineTuned_v2.5,V2_ENGINEERED,2,TS_NC_56d_078,EXP_TS_NC_56d,78,Normal Concrete,56,Split Tensile Strength,False,3.013,3.1052,0.0922
TabPFN_FineTuned_v2.5,V2_ENGINEERED,2,TS_NC_56d_079,EXP_TS_NC_56d,79,Normal Concrete,56,Split Tensile Strength,False,2.534,3.1052,0.5712
TabPFN_FineTuned_v2.5,V2_ENGINEERED,2,TS_NC_56d_080,EXP_TS_NC_56d,80,Normal Concrete,56,Split Tensile Strength,False,2.704,3.1052,0.4012
TabPFN_FineTuned_v2.5,V2_ENGINEERED,2,TS_NC_56d_081,EXP_TS_NC_56d,81,Normal Concrete,56,Split Tensile Strength,False,2.756,3.1052,0.3492
TabPFN_FineTuned_v2.5,V2_ENGINEERED,2,TS_NC_56d_082,EXP_TS_NC_56d,82,Normal Concrete,56,Split Tensile Strength,False,2.863,3.1052,0.2422
TabPFN_FineTuned_v2.5,V2_ENGINEERED,2,TS_NC_56d_083,EXP_TS_NC_56d,83,Normal Concrete,56,Split Tensile Strength,False,2.505,3.1052,0.6002
TabPFN_FineTuned_v2.5,V2_ENGINEERED,2,TS_NC_56d_084,EXP_TS_NC_56d,84,Normal Concrete,56,Split Tensile Strength,False,3.089,3.1052,0.0162
TabPFN_FineTuned_v2.5,V2_ENGINEERED,2,TS_NC_56d_085,EXP_TS_NC_56d,85,Normal Concrete,56,Split Tensile Strength,False,2.99,3.1052,0.1152
TabPFN_FineTuned_v2.5,V2_ENGINEERED,2,TS_NC_56d_086,EXP_TS_NC_56d,86,Normal Concrete,56,Split Tensile Strength,False,3.198,3.1052,-0.0928
TabPFN_FineTuned_v2.5,V2_ENGINEERED,2,TS_NC_56d_087,EXP_TS_NC_56d,87,Normal Concrete,56,Split Tensile Strength,False,3.059,3.1052,0.0462
TabPFN_FineTuned_v2.5,V2_ENGINEERED,2,TS_NC_56d_088,EXP_TS_NC_56d,88,Normal Concrete,56,Split Tensile Strength,False,3.055,3.1052,0.0502
TabPFN_FineTuned_v2.5,V2_ENGINEERED,2,TS_NC_56d_089,EXP_TS_NC_56d,89,Normal Concrete,56,Split Tensile Strength,False,3.238,3.1052,-0.1328
TabPFN_FineTuned_v2.5,V2_ENGINEERED,2,TS_NC_56d_090,EXP_TS_NC_56d,90,Normal Concrete,56,Split Tensile Strength,False,2.814,3.1052,0.2912
TabPFN_FineTuned_v2.5,V2_ENGINEERED,2,TS_NC_56d_091,EXP_TS_NC_56d,91,Normal Concrete,56,Split Tensile Strength,False,2.674,3.1052,0.4312
TabPFN_FineTuned_v2.5,V2_ENGINEERED,2,TS_NC_56d_092,EXP_TS_NC_56d,92,Normal Concrete,56,Split Tensile Strength,False,2.865,3.1052,0.2402
TabPFN_FineTuned_v2.5,V2_ENGINEERED,2,TS_NC_56d_093,EXP_TS_NC_56d,93,Normal Concrete,56,Split Tensile Strength,False,2.776,3.1052,0.3292
TabPFN_FineTuned_v2.5,V2_ENGINEERED,2,TS_NC_56d_094,EXP_TS_NC_56d,94,Normal Concrete,56,Split Tensile Strength,False,2.861,3.1052,0.2442
TabPFN_FineTuned_v2.5,V2_ENGINEERED,2,TS_NC_56d_095,EXP_TS_NC_56d,95,Normal Concrete,56,Split Tensile Strength,False,2.742,3.1052,0.3632
TabPFN_FineTuned_v2.5,V2_ENGINEERED,2,TS_NC_56d_096,EXP_TS_NC_56d,96,Normal Concrete,56,Split Tensile Strength,False,2.985,3.1052,0.1202
TabPFN_FineTuned_v2.5,V2_ENGINEERED,2,TS_NC_56d_097,EXP_TS_NC_56d,97,Normal Concrete,56,Split Tensile Strength,False,2.977,3.1052,0.1282
TabPFN_FineTuned_v2.5,V2_ENGINEERED,2,TS_NC_56d_098,EXP_TS_NC_56d,98,Normal Concrete,56,Split Tensile Strength,False,2.896,3.1052,0.2092
TabPFN_FineTuned_v2.5,V2_ENGINEERED,2,TS_NC_56d_099,EXP_TS_NC_56d,99,Normal Concrete,56,Split Tensile Strength,False,2.947,3.1052,0.1582
TabPFN_FineTuned_v2.5,V2_ENGINEERED,2,TS_NC_56d_100,EXP_TS_NC_56d,100,Normal Concrete,56,Split Tensile Strength,False,2.879,3.1052,0.2262
TabPFN_FineTuned_v2.5,V2_ENGINEERED,2,TS_BC_28d_001,EXP_TS_BC_28d,1,Bacterial Concrete,28,Split Tensile Strength,False,3.283,3.1876,-0.0954
TabPFN_FineTuned_v2.5,V2_ENGINEERED,2,TS_BC_28d_002,EXP_TS_BC_28d,2,Bacterial Concrete,28,Split Tensile Strength,False,3.263,3.1876,-0.0754
TabPFN_FineTuned_v2.5,V2_ENGINEERED,2,TS_BC_28d_003,EXP_TS_BC_28d,3,Bacterial Concrete,28,Split Tensile Strength,False,3.472,3.1876,-0.2844
TabPFN_FineTuned_v2.5,V2_ENGINEERED,2,TS_BC_28d_004,EXP_TS_BC_28d,4,Bacterial Concrete,28,Split Tensile Strength,False,3.162,3.1876,0.0256
TabPFN_FineTuned_v2.5,V2_ENGINEERED,2,TS_BC_28d_005,EXP_TS_BC_28d,5,Bacterial Concrete,28,Split Tensile Strength,False,3.156,3.1876,0.0316
TabPFN_FineTuned_v2.5,V2_ENGINEERED,2,TS_BC_28d_006,EXP_TS_BC_28d,6,Bacterial Concrete,28,Split Tensile Strength,False,3.182,3.1876,0.0056
TabPFN_FineTuned_v2.5,V2_ENGINEERED,2,TS_BC_28d_007,EXP_TS_BC_28d,7,Bacterial Concrete,28,Split Tensile Strength,False,3.185,3.1876,0.0026
TabPFN_FineTuned_v2.5,V2_ENGINEERED,2,TS_BC_28d_008,EXP_TS_BC_28d,8,Bacterial Concrete,28,Split Tensile Strength,False,2.859,3.1876,0.3286
TabPFN_FineTuned_v2.5,V2_ENGINEERED,2,TS_BC_28d_009,EXP_TS_BC_28d,9,Bacterial Concrete,28,Split Tensile Strength,False,3.104,3.1876,0.0836
TabPFN_FineTuned_v2.5,V2_ENGINEERED,2,TS_BC_28d_010,EXP_TS_BC_28d,10,Bacterial Concrete,28,Split Tensile Strength,False,3.245,3.1876,-0.0574
TabPFN_FineTuned_v2.5,V2_ENGINEERED,2,TS_BC_28d_011,EXP_TS_BC_28d,11,Bacterial Concrete,28,Split Tensile Strength,False,3.199,3.1876,-0.0114
TabPFN_FineTuned_v2.5,V2_ENGINEERED,2,TS_BC_28d_012,EXP_TS_BC_28d,12,Bacterial Concrete,28,Split Tensile Strength,False,3.08,3.1876,0.1076
TabPFN_FineTuned_v2.5,V2_ENGINEERED,2,TS_BC_28d_013,EXP_TS_BC_28d,13,Bacterial Concrete,28,Split Tensile Strength,False,3.1,3.1876,0.0876
TabPFN_FineTuned_v2.5,V2_ENGINEERED,2,TS_BC_28d_014,EXP_TS_BC_28d,14,Bacterial Concrete,28,Split Tensile Strength,False,3.147,3.1876,0.0406
TabPFN_FineTuned_v2.5,V2_ENGINEERED,2,TS_BC_28d_015,EXP_TS_BC_28d,15,Bacterial Concrete,28,Split Tensile Strength,False,3.08,3.1876,0.1076
TabPFN_FineTuned_v2.5,V2_ENGINEERED,2,TS_BC_28d_016,EXP_TS_BC_28d,16,Bacterial Concrete,28,Split Tensile Strength,False,3.123,3.1876,0.0646
TabPFN_FineTuned_v2.5,V2_ENGINEERED,2,TS_BC_28d_017,EXP_TS_BC_28d,17,Bacterial Concrete,28,Split Tensile Strength,False,3.119,3.1876,0.0686
TabPFN_FineTuned_v2.5,V2_ENGINEERED,2,TS_BC_28d_018,EXP_TS_BC_28d,18,Bacterial Concrete,28,Split Tensile Strength,False,3.334,3.1876,-0.1464
TabPFN_FineTuned_v2.5,V2_ENGINEERED,2,TS_BC_28d_019,EXP_TS_BC_28d,19,Bacterial Concrete,28,Split Tensile Strength,False,3.352,3.1876,-0.1644
TabPFN_FineTuned_v2.5,V2_ENGINEERED,2,TS_BC_28d_020,EXP_TS_BC_28d,20,Bacterial Concrete,28,Split Tensile Strength,False,3.34,3.1876,-0.1524
TabPFN_FineTuned_v2.5,V2_ENGINEERED,2,TS_BC_28d_021,EXP_TS_BC_28d,21,Bacterial Concrete,28,Split Tensile Strength,False,3.264,3.1876,-0.0764
TabPFN_FineTuned_v2.5,V2_ENGINEERED,2,TS_BC_28d_022,EXP_TS_BC_28d,22,Bacterial Concrete,28,Split Tensile Strength,False,3.094,3.1876,0.0936
TabPFN_FineTuned_v2.5,V2_ENGINEERED,2,TS_BC_28d_023,EXP_TS_BC_28d,23,Bacterial Concrete,28,Split Tensile Strength,False,3.344,3.1876,-0.1564
TabPFN_FineTuned_v2.5,V2_ENGINEERED,2,TS_BC_28d_024,EXP_TS_BC_28d,24,Bacterial Concrete,28,Split Tensile Strength,False,3.153,3.1876,0.0346
TabPFN_FineTuned_v2.5,V2_ENGINEERED,2,TS_BC_28d_025,EXP_TS_BC_28d,25,Bacterial Concrete,28,Split Tensile Strength,False,3.203,3.1876,-0.0154
TabPFN_FineTuned_v2.5,V2_ENGINEERED,2,TS_BC_28d_026,EXP_TS_BC_28d,26,Bacterial Concrete,28,Split Tensile Strength,False,3.401,3.1876,-0.2134
TabPFN_FineTuned_v2.5,V2_ENGINEERED,2,TS_BC_28d_027,EXP_TS_BC_28d,27,Bacterial Concrete,28,Split Tensile Strength,False,3.213,3.1876,-0.0254
TabPFN_FineTuned_v2.5,V2_ENGINEERED,2,TS_BC_28d_028,EXP_TS_BC_28d,28,Bacterial Concrete,28,Split Tensile Strength,False,3.237,3.1876,-0.0494
TabPFN_FineTuned_v2.5,V2_ENGINEERED,2,TS_BC_28d_029,EXP_TS_BC_28d,29,Bacterial Concrete,28,Split Tensile Strength,False,2.988,3.1876,0.1996
TabPFN_FineTuned_v2.5,V2_ENGINEERED,2,TS_BC_28d_030,EXP_TS_BC_28d,30,Bacterial Concrete,28,Split Tensile Strength,False,3.273,3.1876,-0.0854
TabPFN_FineTuned_v2.5,V2_ENGINEERED,2,TS_BC_28d_031,EXP_TS_BC_28d,31,Bacterial Concrete,28,Split Tensile Strength,False,3.053,3.1876,0.1346
TabPFN_FineTuned_v2.5,V2_ENGINEERED,2,TS_BC_28d_032,EXP_TS_BC_28d,32,Bacterial Concrete,28,Split Tensile Strength,False,3.352,3.1876,-0.1644
TabPFN_FineTuned_v2.5,V2_ENGINEERED,2,TS_BC_28d_033,EXP_TS_BC_28d,33,Bacterial Concrete,28,Split Tensile Strength,False,3.172,3.1876,0.0156
TabPFN_FineTuned_v2.5,V2_ENGINEERED,2,TS_BC_28d_034,EXP_TS_BC_28d,34,Bacterial Concrete,28,Split Tensile Strength,False,2.865,3.1876,0.3226
TabPFN_FineTuned_v2.5,V2_ENGINEERED,2,TS_BC_28d_035,EXP_TS_BC_28d,35,Bacterial Concrete,28,Split Tensile Strength,False,3.146,3.1876,0.0416
TabPFN_FineTuned_v2.5,V2_ENGINEERED,2,TS_BC_28d_036,EXP_TS_BC_28d,36,Bacterial Concrete,28,Split Tensile Strength,False,3.166,3.1876,0.0216
TabPFN_FineTuned_v2.5,V2_ENGINEERED,2,TS_BC_28d_037,EXP_TS_BC_28d,37,Bacterial Concrete,28,Split Tensile Strength,False,3.273,3.1876,-0.0854
TabPFN_FineTuned_v2.5,V2_ENGINEERED,2,TS_BC_28d_038,EXP_TS_BC_28d,38,Bacterial Concrete,28,Split Tensile Strength,False,3.301,3.1876,-0.1134
TabPFN_FineTuned_v2.5,V2_ENGINEERED,2,TS_BC_28d_039,EXP_TS_BC_28d,39,Bacterial Concrete,28,Split Tensile Strength,False,3.151,3.1876,0.0366
TabPFN_FineTuned_v2.5,V2_ENGINEERED,2,TS_BC_28d_040,EXP_TS_BC_28d,40,Bacterial Concrete,28,Split Tensile Strength,False,3.352,3.1876,-0.1644
TabPFN_FineTuned_v2.5,V2_ENGINEERED,2,TS_BC_28d_041,EXP_TS_BC_28d,41,Bacterial Concrete,28,Split Tensile Strength,False,2.725,3.1876,0.4626
TabPFN_FineTuned_v2.5,V2_ENGINEERED,2,TS_BC_28d_042,EXP_TS_BC_28d,42,Bacterial Concrete,28,Split Tensile Strength,False,3.093,3.1876,0.0946
TabPFN_FineTuned_v2.5,V2_ENGINEERED,2,TS_BC_28d_043,EXP_TS_BC_28d,43,Bacterial Concrete,28,Split Tensile Strength,False,3.033,3.1876,0.1546
TabPFN_FineTuned_v2.5,V2_ENGINEERED,2,TS_BC_28d_044,EXP_TS_BC_28d,44,Bacterial Concrete,28,Split Tensile Strength,False,3.012,3.1876,0.1756
TabPFN_FineTuned_v2.5,V2_ENGINEERED,2,TS_BC_28d_045,EXP_TS_BC_28d,45,Bacterial Concrete,28,Split Tensile Strength,False,3.344,3.1876,-0.1564
TabPFN_FineTuned_v2.5,V2_ENGINEERED,2,TS_BC_28d_046,EXP_TS_BC_28d,46,Bacterial Concrete,28,Split Tensile Strength,False,3.324,3.1876,-0.1364
TabPFN_FineTuned_v2.5,V2_ENGINEERED,2,TS_BC_28d_047,EXP_TS_BC_28d,47,Bacterial Concrete,28,Split Tensile Strength,False,3.084,3.1876,0.1036
TabPFN_FineTuned_v2.5,V2_ENGINEERED,2,TS_BC_28d_048,EXP_TS_BC_28d,48,Bacterial Concrete,28,Split Tensile Strength,False,3.377,3.1876,-0.1894
TabPFN_FineTuned_v2.5,V2_ENGINEERED,2,TS_BC_28d_049,EXP_TS_BC_28d,49,Bacterial Concrete,28,Split Tensile Strength,False,3.215,3.1876,-0.0274
TabPFN_FineTuned_v2.5,V2_ENGINEERED,2,TS_BC_28d_050,EXP_TS_BC_28d,50,Bacterial Concrete,28,Split Tensile Strength,False,3.137,3.1876,0.0506
TabPFN_FineTuned_v2.5,V2_ENGINEERED,2,TS_BC_28d_051,EXP_TS_BC_28d,51,Bacterial Concrete,28,Split Tensile Strength,False,3.096,3.1876,0.0916
TabPFN_FineTuned_v2.5,V2_ENGINEERED,2,TS_BC_28d_052,EXP_TS_BC_28d,52,Bacterial Concrete,28,Split Tensile Strength,False,3.083,3.1876,0.1046
TabPFN_FineTuned_v2.5,V2_ENGINEERED,2,TS_BC_28d_053,EXP_TS_BC_28d,53,Bacterial Concrete,28,Split Tensile Strength,False,3.271,3.1876,-0.0834
TabPFN_FineTuned_v2.5,V2_ENGINEERED,2,TS_BC_28d_054,EXP_TS_BC_28d,54,Bacterial Concrete,28,Split Tensile Strength,False,3.298,3.1876,-0.1104
TabPFN_FineTuned_v2.5,V2_ENGINEERED,2,TS_BC_28d_055,EXP_TS_BC_28d,55,Bacterial Concrete,28,Split Tensile Strength,False,3.236,3.1876,-0.0484
TabPFN_FineTuned_v2.5,V2_ENGINEERED,2,TS_BC_28d_056,EXP_TS_BC_28d,56,Bacterial Concrete,28,Split Tensile Strength,False,2.892,3.1876,0.2956
TabPFN_FineTuned_v2.5,V2_ENGINEERED,2,TS_BC_28d_057,EXP_TS_BC_28d,57,Bacterial Concrete,28,Split Tensile Strength,False,3.244,3.1876,-0.0564
TabPFN_FineTuned_v2.5,V2_ENGINEERED,2,TS_BC_28d_058,EXP_TS_BC_28d,58,Bacterial Concrete,28,Split Tensile Strength,False,3.285,3.1876,-0.0974
TabPFN_FineTuned_v2.5,V2_ENGINEERED,2,TS_BC_28d_059,EXP_TS_BC_28d,59,Bacterial Concrete,28,Split Tensile Strength,False,3.1,3.1876,0.0876
TabPFN_FineTuned_v2.5,V2_ENGINEERED,2,TS_BC_28d_060,EXP_TS_BC_28d,60,Bacterial Concrete,28,Split Tensile Strength,False,3.206,3.1876,-0.0184
TabPFN_FineTuned_v2.5,V2_ENGINEERED,2,TS_BC_28d_061,EXP_TS_BC_28d,61,Bacterial Concrete,28,Split Tensile Strength,False,2.92,3.1876,0.2676
TabPFN_FineTuned_v2.5,V2_ENGINEERED,2,TS_BC_28d_062,EXP_TS_BC_28d,62,Bacterial Concrete,28,Split Tensile Strength,False,3.016,3.1876,0.1716
TabPFN_FineTuned_v2.5,V2_ENGINEERED,2,TS_BC_28d_063,EXP_TS_BC_28d,63,Bacterial Concrete,28,Split Tensile Strength,False,3.151,3.1876,0.0366
TabPFN_FineTuned_v2.5,V2_ENGINEERED,2,TS_BC_28d_064,EXP_TS_BC_28d,64,Bacterial Concrete,28,Split Tensile Strength,False,3.154,3.1876,0.0336
TabPFN_FineTuned_v2.5,V2_ENGINEERED,2,TS_BC_28d_065,EXP_TS_BC_28d,65,Bacterial Concrete,28,Split Tensile Strength,False,3.253,3.1876,-0.0654
TabPFN_FineTuned_v2.5,V2_ENGINEERED,2,TS_BC_28d_066,EXP_TS_BC_28d,66,Bacterial Concrete,28,Split Tensile Strength,False,3.022,3.1876,0.1656
TabPFN_FineTuned_v2.5,V2_ENGINEERED,2,TS_BC_28d_067,EXP_TS_BC_28d,67,Bacterial Concrete,28,Split Tensile Strength,False,3.149,3.1876,0.0386
TabPFN_FineTuned_v2.5,V2_ENGINEERED,2,TS_BC_28d_068,EXP_TS_BC_28d,68,Bacterial Concrete,28,Split Tensile Strength,False,3.127,3.1876,0.0606
TabPFN_FineTuned_v2.5,V2_ENGINEERED,2,TS_BC_28d_069,EXP_TS_BC_28d,69,Bacterial Concrete,28,Split Tensile Strength,False,3.279,3.1876,-0.0914
TabPFN_FineTuned_v2.5,V2_ENGINEERED,2,TS_BC_28d_070,EXP_TS_BC_28d,70,Bacterial Concrete,28,Split Tensile Strength,False,3.413,3.1876,-0.2254
TabPFN_FineTuned_v2.5,V2_ENGINEERED,2,TS_BC_28d_071,EXP_TS_BC_28d,71,Bacterial Concrete,28,Split Tensile Strength,False,3.458,3.1876,-0.2704
TabPFN_FineTuned_v2.5,V2_ENGINEERED,2,TS_BC_28d_072,EXP_TS_BC_28d,72,Bacterial Concrete,28,Split Tensile Strength,False,2.965,3.1876,0.2226
TabPFN_FineTuned_v2.5,V2_ENGINEERED,2,TS_BC_28d_073,EXP_TS_BC_28d,73,Bacterial Concrete,28,Split Tensile Strength,False,3.193,3.1876,-0.0054
TabPFN_FineTuned_v2.5,V2_ENGINEERED,2,TS_BC_28d_074,EXP_TS_BC_28d,74,Bacterial Concrete,28,Split Tensile Strength,False,3.033,3.1876,0.1546
TabPFN_FineTuned_v2.5,V2_ENGINEERED,2,TS_BC_28d_075,EXP_TS_BC_28d,75,Bacterial Concrete,28,Split Tensile Strength,False,3.19,3.1876,-0.0024
TabPFN_FineTuned_v2.5,V2_ENGINEERED,2,TS_BC_28d_076,EXP_TS_BC_28d,76,Bacterial Concrete,28,Split Tensile Strength,False,3.263,3.1876,-0.0754
TabPFN_FineTuned_v2.5,V2_ENGINEERED,2,TS_BC_28d_077,EXP_TS_BC_28d,77,Bacterial Concrete,28,Split Tensile Strength,False,3.212,3.1876,-0.0244
TabPFN_FineTuned_v2.5,V2_ENGINEERED,2,TS_BC_28d_078,EXP_TS_BC_28d,78,Bacterial Concrete,28,Split Tensile Strength,False,3.193,3.1876,-0.0054
TabPFN_FineTuned_v2.5,V2_ENGINEERED,2,TS_BC_28d_079,EXP_TS_BC_28d,79,Bacterial Concrete,28,Split Tensile Strength,False,3.422,3.1876,-0.2344
TabPFN_FineTuned_v2.5,V2_ENGINEERED,2,TS_BC_28d_080,EXP_TS_BC_28d,80,Bacterial Concrete,28,Split Tensile Strength,False,3.308,3.1876,-0.1204
TabPFN_FineTuned_v2.5,V2_ENGINEERED,2,TS_BC_28d_081,EXP_TS_BC_28d,81,Bacterial Concrete,28,Split Tensile Strength,False,3.159,3.1876,0.0286
TabPFN_FineTuned_v2.5,V2_ENGINEERED,2,TS_BC_28d_082,EXP_TS_BC_28d,82,Bacterial Concrete,28,Split Tensile Strength,False,3.204,3.1876,-0.0164
TabPFN_FineTuned_v2.5,V2_ENGINEERED,2,TS_BC_28d_083,EXP_TS_BC_28d,83,Bacterial Concrete,28,Split Tensile Strength,False,3.331,3.1876,-0.1434
TabPFN_FineTuned_v2.5,V2_ENGINEERED,2,TS_BC_28d_084,EXP_TS_BC_28d,84,Bacterial Concrete,28,Split Tensile Strength,False,3.291,3.1876,-0.1034
TabPFN_FineTuned_v2.5,V2_ENGINEERED,2,TS_BC_28d_085,EXP_TS_BC_28d,85,Bacterial Concrete,28,Split Tensile Strength,False,3.136,3.1876,0.0516
TabPFN_FineTuned_v2.5,V2_ENGINEERED,2,TS_BC_28d_086,EXP_TS_BC_28d,86,Bacterial Concrete,28,Split Tensile Strength,False,2.934,3.1876,0.2536
TabPFN_FineTuned_v2.5,V2_ENGINEERED,2,TS_BC_28d_087,EXP_TS_BC_28d,87,Bacterial Concrete,28,Split Tensile Strength,False,3.022,3.1876,0.1656
TabPFN_FineTuned_v2.5,V2_ENGINEERED,2,TS_BC_28d_088,EXP_TS_BC_28d,88,Bacterial Concrete,28,Split Tensile Strength,False,3.222,3.1876,-0.0344
TabPFN_FineTuned_v2.5,V2_ENGINEERED,2,TS_BC_28d_089,EXP_TS_BC_28d,89,Bacterial Concrete,28,Split Tensile Strength,False,2.932,3.1876,0.2556
TabPFN_FineTuned_v2.5,V2_ENGINEERED,2,TS_BC_28d_090,EXP_TS_BC_28d,90,Bacterial Concrete,28,Split Tensile Strength,False,3.177,3.1876,0.0106
TabPFN_FineTuned_v2.5,V2_ENGINEERED,2,TS_BC_28d_091,EXP_TS_BC_28d,91,Bacterial Concrete,28,Split Tensile Strength,False,3.132,3.1876,0.0556
TabPFN_FineTuned_v2.5,V2_ENGINEERED,2,TS_BC_28d_092,EXP_TS_BC_28d,92,Bacterial Concrete,28,Split Tensile Strength,False,3.35,3.1876,-0.1624
TabPFN_FineTuned_v2.5,V2_ENGINEERED,2,TS_BC_28d_093,EXP_TS_BC_28d,93,Bacterial Concrete,28,Split Tensile Strength,False,3.002,3.1876,0.1856
TabPFN_FineTuned_v2.5,V2_ENGINEERED,2,TS_BC_28d_094,EXP_TS_BC_28d,94,Bacterial Concrete,28,Split Tensile Strength,False,2.91,3.1876,0.2776
TabPFN_FineTuned_v2.5,V2_ENGINEERED,2,TS_BC_28d_095,EXP_TS_BC_28d,95,Bacterial Concrete,28,Split Tensile Strength,False,3.137,3.1876,0.0506
TabPFN_FineTuned_v2.5,V2_ENGINEERED,2,TS_BC_28d_096,EXP_TS_BC_28d,96,Bacterial Concrete,28,Split Tensile Strength,False,3.295,3.1876,-0.1074
TabPFN_FineTuned_v2.5,V2_ENGINEERED,2,TS_BC_28d_097,EXP_TS_BC_28d,97,Bacterial Concrete,28,Split Tensile Strength,False,3.36,3.1876,-0.1724
TabPFN_FineTuned_v2.5,V2_ENGINEERED,2,TS_BC_28d_098,EXP_TS_BC_28d,98,Bacterial Concrete,28,Split Tensile Strength,False,3.064,3.1876,0.1236
TabPFN_FineTuned_v2.5,V2_ENGINEERED,2,TS_BC_28d_099,EXP_TS_BC_28d,99,Bacterial Concrete,28,Split Tensile Strength,False,3.271,3.1876,-0.0834
TabPFN_FineTuned_v2.5,V2_ENGINEERED,2,TS_BC_28d_100,EXP_TS_BC_28d,100,Bacterial Concrete,28,Split Tensile Strength,False,3.033,3.1876,0.1546
TabPFN_FineTuned_v2.5,V2_ENGINEERED,3,CS_BC_14d_001,EXP_CS_BC_14d,1,Bacterial Concrete,14,Compressive Strength,False,25.72,17.0342,-8.6858
TabPFN_FineTuned_v2.5,V2_ENGINEERED,3,CS_BC_14d_002,EXP_CS_BC_14d,2,Bacterial Concrete,14,Compressive Strength,False,28.07,17.0342,-11.0358
TabPFN_FineTuned_v2.5,V2_ENGINEERED,3,CS_BC_14d_003,EXP_CS_BC_14d,3,Bacterial Concrete,14,Compressive Strength,False,25.44,17.0342,-8.4058
TabPFN_FineTuned_v2.5,V2_ENGINEERED,3,CS_BC_14d_004,EXP_CS_BC_14d,4,Bacterial Concrete,14,Compressive Strength,False,24.39,17.0342,-7.3558
TabPFN_FineTuned_v2.5,V2_ENGINEERED,3,CS_BC_14d_005,EXP_CS_BC_14d,5,Bacterial Concrete,14,Compressive Strength,False,24.17,17.0342,-7.1358
TabPFN_FineTuned_v2.5,V2_ENGINEERED,3,CS_BC_14d_006,EXP_CS_BC_14d,6,Bacterial Concrete,14,Compressive Strength,False,27.41,17.0342,-10.3758
TabPFN_FineTuned_v2.5,V2_ENGINEERED,3,CS_BC_14d_007,EXP_CS_BC_14d,7,Bacterial Concrete,14,Compressive Strength,False,24.58,17.0342,-7.5458
TabPFN_FineTuned_v2.5,V2_ENGINEERED,3,CS_BC_14d_008,EXP_CS_BC_14d,8,Bacterial Concrete,14,Compressive Strength,False,29.13,17.0342,-12.0958
TabPFN_FineTuned_v2.5,V2_ENGINEERED,3,CS_BC_14d_009,EXP_CS_BC_14d,9,Bacterial Concrete,14,Compressive Strength,False,23.38,17.0342,-6.3458
TabPFN_FineTuned_v2.5,V2_ENGINEERED,3,CS_BC_14d_010,EXP_CS_BC_14d,10,Bacterial Concrete,14,Compressive Strength,False,29.04,17.0342,-12.0058
TabPFN_FineTuned_v2.5,V2_ENGINEERED,3,CS_BC_14d_011,EXP_CS_BC_14d,11,Bacterial Concrete,14,Compressive Strength,False,26.82,17.0342,-9.7858
TabPFN_FineTuned_v2.5,V2_ENGINEERED,3,CS_BC_14d_012,EXP_CS_BC_14d,12,Bacterial Concrete,14,Compressive Strength,False,26.35,17.0342,-9.3158
TabPFN_FineTuned_v2.5,V2_ENGINEERED,3,CS_BC_14d_013,EXP_CS_BC_14d,13,Bacterial Concrete,14,Compressive Strength,False,25.68,17.0342,-8.6458
TabPFN_FineTuned_v2.5,V2_ENGINEERED,3,CS_BC_14d_014,EXP_CS_BC_14d,14,Bacterial Concrete,14,Compressive Strength,False,27.1,17.0342,-10.0658
TabPFN_FineTuned_v2.5,V2_ENGINEERED,3,CS_BC_14d_015,EXP_CS_BC_14d,15,Bacterial Concrete,14,Compressive Strength,False,26.44,17.0342,-9.4058
TabPFN_FineTuned_v2.5,V2_ENGINEERED,3,CS_BC_14d_016,EXP_CS_BC_14d,16,Bacterial Concrete,14,Compressive Strength,False,28.15,17.0342,-11.1158
TabPFN_FineTuned_v2.5,V2_ENGINEERED,3,CS_BC_14d_017,EXP_CS_BC_14d,17,Bacterial Concrete,14,Compressive Strength,False,26.67,17.0342,-9.6358
TabPFN_FineTuned_v2.5,V2_ENGINEERED,3,CS_BC_14d_018,EXP_CS_BC_14d,18,Bacterial Concrete,14,Compressive Strength,False,26.73,17.0342,-9.6958
TabPFN_FineTuned_v2.5,V2_ENGINEERED,3,CS_BC_14d_019,EXP_CS_BC_14d,19,Bacterial Concrete,14,Compressive Strength,False,25.95,17.0342,-8.9158
TabPFN_FineTuned_v2.5,V2_ENGINEERED,3,CS_BC_14d_020,EXP_CS_BC_14d,20,Bacterial Concrete,14,Compressive Strength,False,26.41,17.0342,-9.3758
TabPFN_FineTuned_v2.5,V2_ENGINEERED,3,CS_BC_14d_021,EXP_CS_BC_14d,21,Bacterial Concrete,14,Compressive Strength,False,26.96,17.0342,-9.9258
TabPFN_FineTuned_v2.5,V2_ENGINEERED,3,CS_BC_14d_022,EXP_CS_BC_14d,22,Bacterial Concrete,14,Compressive Strength,False,23.93,17.0342,-6.8958
TabPFN_FineTuned_v2.5,V2_ENGINEERED,3,CS_BC_14d_023,EXP_CS_BC_14d,23,Bacterial Concrete,14,Compressive Strength,False,24.48,17.0342,-7.4458
TabPFN_FineTuned_v2.5,V2_ENGINEERED,3,CS_BC_14d_024,EXP_CS_BC_14d,24,Bacterial Concrete,14,Compressive Strength,False,27.61,17.0342,-10.5758
TabPFN_FineTuned_v2.5,V2_ENGINEERED,3,CS_BC_14d_025,EXP_CS_BC_14d,25,Bacterial Concrete,14,Compressive Strength,False,26.76,17.0342,-9.7258
TabPFN_FineTuned_v2.5,V2_ENGINEERED,3,CS_BC_14d_026,EXP_CS_BC_14d,26,Bacterial Concrete,14,Compressive Strength,False,26.22,17.0342,-9.1858
TabPFN_FineTuned_v2.5,V2_ENGINEERED,3,CS_BC_14d_027,EXP_CS_BC_14d,27,Bacterial Concrete,14,Compressive Strength,False,26.53,17.0342,-9.4958
TabPFN_FineTuned_v2.5,V2_ENGINEERED,3,CS_BC_14d_028,EXP_CS_BC_14d,28,Bacterial Concrete,14,Compressive Strength,False,27.02,17.0342,-9.9858
TabPFN_FineTuned_v2.5,V2_ENGINEERED,3,CS_BC_14d_029,EXP_CS_BC_14d,29,Bacterial Concrete,14,Compressive Strength,False,25.69,17.0342,-8.6558
TabPFN_FineTuned_v2.5,V2_ENGINEERED,3,CS_BC_14d_030,EXP_CS_BC_14d,30,Bacterial Concrete,14,Compressive Strength,False,25.33,17.0342,-8.2958
TabPFN_FineTuned_v2.5,V2_ENGINEERED,3,CS_BC_14d_031,EXP_CS_BC_14d,31,Bacterial Concrete,14,Compressive Strength,False,26.79,17.0342,-9.7558
TabPFN_FineTuned_v2.5,V2_ENGINEERED,3,CS_BC_14d_032,EXP_CS_BC_14d,32,Bacterial Concrete,14,Compressive Strength,False,25.03,17.0342,-7.9958
TabPFN_FineTuned_v2.5,V2_ENGINEERED,3,CS_BC_14d_033,EXP_CS_BC_14d,33,Bacterial Concrete,14,Compressive Strength,False,27.11,17.0342,-10.0758
TabPFN_FineTuned_v2.5,V2_ENGINEERED,3,CS_BC_14d_034,EXP_CS_BC_14d,34,Bacterial Concrete,14,Compressive Strength,False,23.95,17.0342,-6.9158
TabPFN_FineTuned_v2.5,V2_ENGINEERED,3,CS_BC_14d_035,EXP_CS_BC_14d,35,Bacterial Concrete,14,Compressive Strength,False,28.04,17.0342,-11.0058
TabPFN_FineTuned_v2.5,V2_ENGINEERED,3,CS_BC_14d_036,EXP_CS_BC_14d,36,Bacterial Concrete,14,Compressive Strength,False,27.21,17.0342,-10.1758
TabPFN_FineTuned_v2.5,V2_ENGINEERED,3,CS_BC_14d_037,EXP_CS_BC_14d,37,Bacterial Concrete,14,Compressive Strength,False,26.88,17.0342,-9.8458
TabPFN_FineTuned_v2.5,V2_ENGINEERED,3,CS_BC_14d_038,EXP_CS_BC_14d,38,Bacterial Concrete,14,Compressive Strength,False,27.97,17.0342,-10.9358
TabPFN_FineTuned_v2.5,V2_ENGINEERED,3,CS_BC_14d_039,EXP_CS_BC_14d,39,Bacterial Concrete,14,Compressive Strength,False,29.0,17.0342,-11.9658
TabPFN_FineTuned_v2.5,V2_ENGINEERED,3,CS_BC_14d_040,EXP_CS_BC_14d,40,Bacterial Concrete,14,Compressive Strength,False,28.02,17.0342,-10.9858
TabPFN_FineTuned_v2.5,V2_ENGINEERED,3,CS_BC_14d_041,EXP_CS_BC_14d,41,Bacterial Concrete,14,Compressive Strength,False,23.74,17.0342,-6.7058
TabPFN_FineTuned_v2.5,V2_ENGINEERED,3,CS_BC_14d_042,EXP_CS_BC_14d,42,Bacterial Concrete,14,Compressive Strength,False,24.58,17.0342,-7.5458
TabPFN_FineTuned_v2.5,V2_ENGINEERED,3,CS_BC_14d_043,EXP_CS_BC_14d,43,Bacterial Concrete,14,Compressive Strength,False,25.56,17.0342,-8.5258
TabPFN_FineTuned_v2.5,V2_ENGINEERED,3,CS_BC_14d_044,EXP_CS_BC_14d,44,Bacterial Concrete,14,Compressive Strength,False,26.54,17.0342,-9.5058
TabPFN_FineTuned_v2.5,V2_ENGINEERED,3,CS_BC_14d_045,EXP_CS_BC_14d,45,Bacterial Concrete,14,Compressive Strength,False,27.28,17.0342,-10.2458
TabPFN_FineTuned_v2.5,V2_ENGINEERED,3,CS_BC_14d_046,EXP_CS_BC_14d,46,Bacterial Concrete,14,Compressive Strength,False,25.41,17.0342,-8.3758
TabPFN_FineTuned_v2.5,V2_ENGINEERED,3,CS_BC_14d_047,EXP_CS_BC_14d,47,Bacterial Concrete,14,Compressive Strength,False,26.78,17.0342,-9.7458
TabPFN_FineTuned_v2.5,V2_ENGINEERED,3,CS_BC_14d_048,EXP_CS_BC_14d,48,Bacterial Concrete,14,Compressive Strength,False,25.37,17.0342,-8.3358
TabPFN_FineTuned_v2.5,V2_ENGINEERED,3,CS_BC_14d_049,EXP_CS_BC_14d,49,Bacterial Concrete,14,Compressive Strength,False,25.58,17.0342,-8.5458
TabPFN_FineTuned_v2.5,V2_ENGINEERED,3,CS_BC_14d_050,EXP_CS_BC_14d,50,Bacterial Concrete,14,Compressive Strength,False,24.39,17.0342,-7.3558
TabPFN_FineTuned_v2.5,V2_ENGINEERED,3,CS_BC_14d_051,EXP_CS_BC_14d,51,Bacterial Concrete,14,Compressive Strength,False,25.12,17.0342,-8.0858
TabPFN_FineTuned_v2.5,V2_ENGINEERED,3,CS_BC_14d_052,EXP_CS_BC_14d,52,Bacterial Concrete,14,Compressive Strength,False,24.47,17.0342,-7.4358
TabPFN_FineTuned_v2.5,V2_ENGINEERED,3,CS_BC_14d_053,EXP_CS_BC_14d,53,Bacterial Concrete,14,Compressive Strength,False,25.04,17.0342,-8.0058
TabPFN_FineTuned_v2.5,V2_ENGINEERED,3,CS_BC_14d_054,EXP_CS_BC_14d,54,Bacterial Concrete,14,Compressive Strength,False,28.08,17.0342,-11.0458
TabPFN_FineTuned_v2.5,V2_ENGINEERED,3,CS_BC_14d_055,EXP_CS_BC_14d,55,Bacterial Concrete,14,Compressive Strength,False,25.08,17.0342,-8.0458
TabPFN_FineTuned_v2.5,V2_ENGINEERED,3,CS_BC_14d_056,EXP_CS_BC_14d,56,Bacterial Concrete,14,Compressive Strength,False,30.45,17.0342,-13.4158
TabPFN_FineTuned_v2.5,V2_ENGINEERED,3,CS_BC_14d_057,EXP_CS_BC_14d,57,Bacterial Concrete,14,Compressive Strength,False,27.24,17.0342,-10.2058
TabPFN_FineTuned_v2.5,V2_ENGINEERED,3,CS_BC_14d_058,EXP_CS_BC_14d,58,Bacterial Concrete,14,Compressive Strength,False,26.78,17.0342,-9.7458
TabPFN_FineTuned_v2.5,V2_ENGINEERED,3,CS_BC_14d_059,EXP_CS_BC_14d,59,Bacterial Concrete,14,Compressive Strength,False,25.21,17.0342,-8.1758
TabPFN_FineTuned_v2.5,V2_ENGINEERED,3,CS_BC_14d_060,EXP_CS_BC_14d,60,Bacterial Concrete,14,Compressive Strength,False,27.55,17.0342,-10.5158
TabPFN_FineTuned_v2.5,V2_ENGINEERED,3,CS_BC_14d_061,EXP_CS_BC_14d,61,Bacterial Concrete,14,Compressive Strength,False,25.64,17.0342,-8.6058
TabPFN_FineTuned_v2.5,V2_ENGINEERED,3,CS_BC_14d_062,EXP_CS_BC_14d,62,Bacterial Concrete,14,Compressive Strength,False,26.68,17.0342,-9.6458
TabPFN_FineTuned_v2.5,V2_ENGINEERED,3,CS_BC_14d_063,EXP_CS_BC_14d,63,Bacterial Concrete,14,Compressive Strength,False,30.34,17.0342,-13.3058
TabPFN_FineTuned_v2.5,V2_ENGINEERED,3,CS_BC_14d_064,EXP_CS_BC_14d,64,Bacterial Concrete,14,Compressive Strength,False,26.36,17.0342,-9.3258
TabPFN_FineTuned_v2.5,V2_ENGINEERED,3,CS_BC_14d_065,EXP_CS_BC_14d,65,Bacterial Concrete,14,Compressive Strength,False,28.22,17.0342,-11.1858
TabPFN_FineTuned_v2.5,V2_ENGINEERED,3,CS_BC_14d_066,EXP_CS_BC_14d,66,Bacterial Concrete,14,Compressive Strength,False,25.45,17.0342,-8.4158
TabPFN_FineTuned_v2.5,V2_ENGINEERED,3,CS_BC_14d_067,EXP_CS_BC_14d,67,Bacterial Concrete,14,Compressive Strength,False,26.45,17.0342,-9.4158
TabPFN_FineTuned_v2.5,V2_ENGINEERED,3,CS_BC_14d_068,EXP_CS_BC_14d,68,Bacterial Concrete,14,Compressive Strength,False,29.16,17.0342,-12.1258
TabPFN_FineTuned_v2.5,V2_ENGINEERED,3,CS_BC_14d_069,EXP_CS_BC_14d,69,Bacterial Concrete,14,Compressive Strength,False,25.56,17.0342,-8.5258
TabPFN_FineTuned_v2.5,V2_ENGINEERED,3,CS_BC_14d_070,EXP_CS_BC_14d,70,Bacterial Concrete,14,Compressive Strength,False,29.22,17.0342,-12.1858
TabPFN_FineTuned_v2.5,V2_ENGINEERED,3,CS_BC_14d_071,EXP_CS_BC_14d,71,Bacterial Concrete,14,Compressive Strength,False,27.56,17.0342,-10.5258
TabPFN_FineTuned_v2.5,V2_ENGINEERED,3,CS_BC_14d_072,EXP_CS_BC_14d,72,Bacterial Concrete,14,Compressive Strength,False,25.66,17.0342,-8.6258
TabPFN_FineTuned_v2.5,V2_ENGINEERED,3,CS_BC_14d_073,EXP_CS_BC_14d,73,Bacterial Concrete,14,Compressive Strength,False,27.45,17.0342,-10.4158
TabPFN_FineTuned_v2.5,V2_ENGINEERED,3,CS_BC_14d_074,EXP_CS_BC_14d,74,Bacterial Concrete,14,Compressive Strength,False,27.96,17.0342,-10.9258
TabPFN_FineTuned_v2.5,V2_ENGINEERED,3,CS_BC_14d_075,EXP_CS_BC_14d,75,Bacterial Concrete,14,Compressive Strength,False,27.43,17.0342,-10.3958
TabPFN_FineTuned_v2.5,V2_ENGINEERED,3,CS_BC_14d_076,EXP_CS_BC_14d,76,Bacterial Concrete,14,Compressive Strength,False,24.14,17.0342,-7.1058
TabPFN_FineTuned_v2.5,V2_ENGINEERED,3,CS_BC_14d_077,EXP_CS_BC_14d,77,Bacterial Concrete,14,Compressive Strength,False,25.41,17.0342,-8.3758
TabPFN_FineTuned_v2.5,V2_ENGINEERED,3,CS_BC_14d_078,EXP_CS_BC_14d,78,Bacterial Concrete,14,Compressive Strength,False,26.13,17.0342,-9.0958
TabPFN_FineTuned_v2.5,V2_ENGINEERED,3,CS_BC_14d_079,EXP_CS_BC_14d,79,Bacterial Concrete,14,Compressive Strength,False,26.39,17.0342,-9.3558
TabPFN_FineTuned_v2.5,V2_ENGINEERED,3,CS_BC_14d_080,EXP_CS_BC_14d,80,Bacterial Concrete,14,Compressive Strength,False,27.43,17.0342,-10.3958
TabPFN_FineTuned_v2.5,V2_ENGINEERED,3,CS_BC_14d_081,EXP_CS_BC_14d,81,Bacterial Concrete,14,Compressive Strength,False,26.77,17.0342,-9.7358
TabPFN_FineTuned_v2.5,V2_ENGINEERED,3,CS_BC_14d_082,EXP_CS_BC_14d,82,Bacterial Concrete,14,Compressive Strength,False,24.5,17.0342,-7.4658
TabPFN_FineTuned_v2.5,V2_ENGINEERED,3,CS_BC_14d_083,EXP_CS_BC_14d,83,Bacterial Concrete,14,Compressive Strength,False,27.07,17.0342,-10.0358
TabPFN_FineTuned_v2.5,V2_ENGINEERED,3,CS_BC_14d_084,EXP_CS_BC_14d,84,Bacterial Concrete,14,Compressive Strength,False,27.42,17.0342,-10.3858
TabPFN_FineTuned_v2.5,V2_ENGINEERED,3,CS_BC_14d_085,EXP_CS_BC_14d,85,Bacterial Concrete,14,Compressive Strength,False,27.34,17.0342,-10.3058
TabPFN_FineTuned_v2.5,V2_ENGINEERED,3,CS_BC_14d_086,EXP_CS_BC_14d,86,Bacterial Concrete,14,Compressive Strength,False,28.12,17.0342,-11.0858
TabPFN_FineTuned_v2.5,V2_ENGINEERED,3,CS_BC_14d_087,EXP_CS_BC_14d,87,Bacterial Concrete,14,Compressive Strength,False,27.75,17.0342,-10.7158
TabPFN_FineTuned_v2.5,V2_ENGINEERED,3,CS_BC_14d_088,EXP_CS_BC_14d,88,Bacterial Concrete,14,Compressive Strength,False,27.19,17.0342,-10.1558
TabPFN_FineTuned_v2.5,V2_ENGINEERED,3,CS_BC_14d_089,EXP_CS_BC_14d,89,Bacterial Concrete,14,Compressive Strength,False,26.39,17.0342,-9.3558
TabPFN_FineTuned_v2.5,V2_ENGINEERED,3,CS_BC_14d_090,EXP_CS_BC_14d,90,Bacterial Concrete,14,Compressive Strength,False,24.01,17.0342,-6.9758
TabPFN_FineTuned_v2.5,V2_ENGINEERED,3,CS_BC_14d_091,EXP_CS_BC_14d,91,Bacterial Concrete,14,Compressive Strength,False,27.14,17.0342,-10.1058
TabPFN_FineTuned_v2.5,V2_ENGINEERED,3,CS_BC_14d_092,EXP_CS_BC_14d,92,Bacterial Concrete,14,Compressive Strength,False,26.81,17.0342,-9.7758
TabPFN_FineTuned_v2.5,V2_ENGINEERED,3,CS_BC_14d_093,EXP_CS_BC_14d,93,Bacterial Concrete,14,Compressive Strength,False,26.91,17.0342,-9.8758
TabPFN_FineTuned_v2.5,V2_ENGINEERED,3,CS_BC_14d_094,EXP_CS_BC_14d,94,Bacterial Concrete,14,Compressive Strength,False,24.58,17.0342,-7.5458
TabPFN_FineTuned_v2.5,V2_ENGINEERED,3,CS_BC_14d_095,EXP_CS_BC_14d,95,Bacterial Concrete,14,Compressive Strength,False,24.88,17.0342,-7.8458
TabPFN_FineTuned_v2.5,V2_ENGINEERED,3,CS_BC_14d_096,EXP_CS_BC_14d,96,Bacterial Concrete,14,Compressive Strength,False,28.08,17.0342,-11.0458
TabPFN_FineTuned_v2.5,V2_ENGINEERED,3,CS_BC_14d_097,EXP_CS_BC_14d,97,Bacterial Concrete,14,Compressive Strength,False,26.44,17.0342,-9.4058
TabPFN_FineTuned_v2.5,V2_ENGINEERED,3,CS_BC_14d_098,EXP_CS_BC_14d,98,Bacterial Concrete,14,Compressive Strength,False,27.52,17.0342,-10.4858
TabPFN_FineTuned_v2.5,V2_ENGINEERED,3,CS_BC_14d_099,EXP_CS_BC_14d,99,Bacterial Concrete,14,Compressive Strength,False,26.54,17.0342,-9.5058
TabPFN_FineTuned_v2.5,V2_ENGINEERED,3,CS_BC_14d_100,EXP_CS_BC_14d,100,Bacterial Concrete,14,Compressive Strength,False,26.54,17.0342,-9.5058
TabPFN_FineTuned_v2.5,V2_ENGINEERED,3,CS_NC_21d_001,EXP_CS_NC_21d,1,Normal Concrete,21,Compressive Strength,False,26.04,26.4018,0.3618
TabPFN_FineTuned_v2.5,V2_ENGINEERED,3,CS_NC_21d_002,EXP_CS_NC_21d,2,Normal Concrete,21,Compressive Strength,False,26.34,26.4018,0.0618
TabPFN_FineTuned_v2.5,V2_ENGINEERED,3,CS_NC_21d_003,EXP_CS_NC_21d,3,Normal Concrete,21,Compressive Strength,False,27.12,26.4018,-0.7182
TabPFN_FineTuned_v2.5,V2_ENGINEERED,3,CS_NC_21d_004,EXP_CS_NC_21d,4,Normal Concrete,21,Compressive Strength,False,27.08,26.4018,-0.6782
TabPFN_FineTuned_v2.5,V2_ENGINEERED,3,CS_NC_21d_005,EXP_CS_NC_21d,5,Normal Concrete,21,Compressive Strength,False,23.43,26.4018,2.9718
TabPFN_FineTuned_v2.5,V2_ENGINEERED,3,CS_NC_21d_006,EXP_CS_NC_21d,6,Normal Concrete,21,Compressive Strength,False,24.09,26.4018,2.3118
TabPFN_FineTuned_v2.5,V2_ENGINEERED,3,CS_NC_21d_007,EXP_CS_NC_21d,7,Normal Concrete,21,Compressive Strength,False,26.27,26.4018,0.1318
TabPFN_FineTuned_v2.5,V2_ENGINEERED,3,CS_NC_21d_008,EXP_CS_NC_21d,8,Normal Concrete,21,Compressive Strength,False,26.27,26.4018,0.1318
TabPFN_FineTuned_v2.5,V2_ENGINEERED,3,CS_NC_21d_009,EXP_CS_NC_21d,9,Normal Concrete,21,Compressive Strength,False,26.27,26.4018,0.1318
TabPFN_FineTuned_v2.5,V2_ENGINEERED,3,CS_NC_21d_010,EXP_CS_NC_21d,10,Normal Concrete,21,Compressive Strength,False,31.28,26.4018,-4.8782
TabPFN_FineTuned_v2.5,V2_ENGINEERED,3,CS_NC_21d_011,EXP_CS_NC_21d,11,Normal Concrete,21,Compressive Strength,False,26.36,26.4018,0.0418
TabPFN_FineTuned_v2.5,V2_ENGINEERED,3,CS_NC_21d_012,EXP_CS_NC_21d,12,Normal Concrete,21,Compressive Strength,False,27.2,26.4018,-0.7982
TabPFN_FineTuned_v2.5,V2_ENGINEERED,3,CS_NC_21d_013,EXP_CS_NC_21d,13,Normal Concrete,21,Compressive Strength,False,26.93,26.4018,-0.5282
TabPFN_FineTuned_v2.5,V2_ENGINEERED,3,CS_NC_21d_014,EXP_CS_NC_21d,14,Normal Concrete,21,Compressive Strength,False,26.48,26.4018,-0.0782
TabPFN_FineTuned_v2.5,V2_ENGINEERED,3,CS_NC_21d_015,EXP_CS_NC_21d,15,Normal Concrete,21,Compressive Strength,False,25.03,26.4018,1.3718
TabPFN_FineTuned_v2.5,V2_ENGINEERED,3,CS_NC_21d_016,EXP_CS_NC_21d,16,Normal Concrete,21,Compressive Strength,False,26.64,26.4018,-0.2382
TabPFN_FineTuned_v2.5,V2_ENGINEERED,3,CS_NC_21d_017,EXP_CS_NC_21d,17,Normal Concrete,21,Compressive Strength,False,24.34,26.4018,2.0618
TabPFN_FineTuned_v2.5,V2_ENGINEERED,3,CS_NC_21d_018,EXP_CS_NC_21d,18,Normal Concrete,21,Compressive Strength,False,25.14,26.4018,1.2618
TabPFN_FineTuned_v2.5,V2_ENGINEERED,3,CS_NC_21d_019,EXP_CS_NC_21d,19,Normal Concrete,21,Compressive Strength,False,24.77,26.4018,1.6318
TabPFN_FineTuned_v2.5,V2_ENGINEERED,3,CS_NC_21d_020,EXP_CS_NC_21d,20,Normal Concrete,21,Compressive Strength,False,25.62,26.4018,0.7818
TabPFN_FineTuned_v2.5,V2_ENGINEERED,3,CS_NC_21d_021,EXP_CS_NC_21d,21,Normal Concrete,21,Compressive Strength,False,28.97,26.4018,-2.5682
TabPFN_FineTuned_v2.5,V2_ENGINEERED,3,CS_NC_21d_022,EXP_CS_NC_21d,22,Normal Concrete,21,Compressive Strength,False,22.7,26.4018,3.7018
TabPFN_FineTuned_v2.5,V2_ENGINEERED,3,CS_NC_21d_023,EXP_CS_NC_21d,23,Normal Concrete,21,Compressive Strength,False,26.53,26.4018,-0.1282
TabPFN_FineTuned_v2.5,V2_ENGINEERED,3,CS_NC_21d_024,EXP_CS_NC_21d,24,Normal Concrete,21,Compressive Strength,False,23.08,26.4018,3.3218
TabPFN_FineTuned_v2.5,V2_ENGINEERED,3,CS_NC_21d_025,EXP_CS_NC_21d,25,Normal Concrete,21,Compressive Strength,False,24.79,26.4018,1.6118
TabPFN_FineTuned_v2.5,V2_ENGINEERED,3,CS_NC_21d_026,EXP_CS_NC_21d,26,Normal Concrete,21,Compressive Strength,False,27.13,26.4018,-0.7282
TabPFN_FineTuned_v2.5,V2_ENGINEERED,3,CS_NC_21d_027,EXP_CS_NC_21d,27,Normal Concrete,21,Compressive Strength,False,25.6,26.4018,0.8018
TabPFN_FineTuned_v2.5,V2_ENGINEERED,3,CS_NC_21d_028,EXP_CS_NC_21d,28,Normal Concrete,21,Compressive Strength,False,23.88,26.4018,2.5218
TabPFN_FineTuned_v2.5,V2_ENGINEERED,3,CS_NC_21d_029,EXP_CS_NC_21d,29,Normal Concrete,21,Compressive Strength,False,24.43,26.4018,1.9718
TabPFN_FineTuned_v2.5,V2_ENGINEERED,3,CS_NC_21d_030,EXP_CS_NC_21d,30,Normal Concrete,21,Compressive Strength,False,26.52,26.4018,-0.1182
TabPFN_FineTuned_v2.5,V2_ENGINEERED,3,CS_NC_21d_031,EXP_CS_NC_21d,31,Normal Concrete,21,Compressive Strength,False,24.4,26.4018,2.0018
TabPFN_FineTuned_v2.5,V2_ENGINEERED,3,CS_NC_21d_032,EXP_CS_NC_21d,32,Normal Concrete,21,Compressive Strength,False,25.82,26.4018,0.5818
TabPFN_FineTuned_v2.5,V2_ENGINEERED,3,CS_NC_21d_033,EXP_CS_NC_21d,33,Normal Concrete,21,Compressive Strength,False,25.57,26.4018,0.8318
TabPFN_FineTuned_v2.5,V2_ENGINEERED,3,CS_NC_21d_034,EXP_CS_NC_21d,34,Normal Concrete,21,Compressive Strength,False,24.52,26.4018,1.8818
TabPFN_FineTuned_v2.5,V2_ENGINEERED,3,CS_NC_21d_035,EXP_CS_NC_21d,35,Normal Concrete,21,Compressive Strength,False,28.72,26.4018,-2.3182
TabPFN_FineTuned_v2.5,V2_ENGINEERED,3,CS_NC_21d_036,EXP_CS_NC_21d,36,Normal Concrete,21,Compressive Strength,False,26.45,26.4018,-0.0482
TabPFN_FineTuned_v2.5,V2_ENGINEERED,3,CS_NC_21d_037,EXP_CS_NC_21d,37,Normal Concrete,21,Compressive Strength,False,22.46,26.4018,3.9418
TabPFN_FineTuned_v2.5,V2_ENGINEERED,3,CS_NC_21d_038,EXP_CS_NC_21d,38,Normal Concrete,21,Compressive Strength,False,25.78,26.4018,0.6218
TabPFN_FineTuned_v2.5,V2_ENGINEERED,3,CS_NC_21d_039,EXP_CS_NC_21d,39,Normal Concrete,21,Compressive Strength,False,24.51,26.4018,1.8918
TabPFN_FineTuned_v2.5,V2_ENGINEERED,3,CS_NC_21d_040,EXP_CS_NC_21d,40,Normal Concrete,21,Compressive Strength,False,26.78,26.4018,-0.3782
TabPFN_FineTuned_v2.5,V2_ENGINEERED,3,CS_NC_21d_041,EXP_CS_NC_21d,41,Normal Concrete,21,Compressive Strength,False,24.31,26.4018,2.0918
TabPFN_FineTuned_v2.5,V2_ENGINEERED,3,CS_NC_21d_042,EXP_CS_NC_21d,42,Normal Concrete,21,Compressive Strength,False,25.33,26.4018,1.0718
TabPFN_FineTuned_v2.5,V2_ENGINEERED,3,CS_NC_21d_043,EXP_CS_NC_21d,43,Normal Concrete,21,Compressive Strength,False,26.26,26.4018,0.1418
TabPFN_FineTuned_v2.5,V2_ENGINEERED,3,CS_NC_21d_044,EXP_CS_NC_21d,44,Normal Concrete,21,Compressive Strength,False,26.8,26.4018,-0.3982
TabPFN_FineTuned_v2.5,V2_ENGINEERED,3,CS_NC_21d_045,EXP_CS_NC_21d,45,Normal Concrete,21,Compressive Strength,False,23.7,26.4018,2.7018
TabPFN_FineTuned_v2.5,V2_ENGINEERED,3,CS_NC_21d_046,EXP_CS_NC_21d,46,Normal Concrete,21,Compressive Strength,False,25.0,26.4018,1.4018
TabPFN_FineTuned_v2.5,V2_ENGINEERED,3,CS_NC_21d_047,EXP_CS_NC_21d,47,Normal Concrete,21,Compressive Strength,False,24.79,26.4018,1.6118
TabPFN_FineTuned_v2.5,V2_ENGINEERED,3,CS_NC_21d_048,EXP_CS_NC_21d,48,Normal Concrete,21,Compressive Strength,False,24.52,26.4018,1.8818
TabPFN_FineTuned_v2.5,V2_ENGINEERED,3,CS_NC_21d_049,EXP_CS_NC_21d,49,Normal Concrete,21,Compressive Strength,False,28.15,26.4018,-1.7482
TabPFN_FineTuned_v2.5,V2_ENGINEERED,3,CS_NC_21d_050,EXP_CS_NC_21d,50,Normal Concrete,21,Compressive Strength,False,26.11,26.4018,0.2918
TabPFN_FineTuned_v2.5,V2_ENGINEERED,3,CS_NC_21d_051,EXP_CS_NC_21d,51,Normal Concrete,21,Compressive Strength,False,23.61,26.4018,2.7918
TabPFN_FineTuned_v2.5,V2_ENGINEERED,3,CS_NC_21d_052,EXP_CS_NC_21d,52,Normal Concrete,21,Compressive Strength,False,26.88,26.4018,-0.4782
TabPFN_FineTuned_v2.5,V2_ENGINEERED,3,CS_NC_21d_053,EXP_CS_NC_21d,53,Normal Concrete,21,Compressive Strength,False,28.68,26.4018,-2.2782
TabPFN_FineTuned_v2.5,V2_ENGINEERED,3,CS_NC_21d_054,EXP_CS_NC_21d,54,Normal Concrete,21,Compressive Strength,False,27.05,26.4018,-0.6482
TabPFN_FineTuned_v2.5,V2_ENGINEERED,3,CS_NC_21d_055,EXP_CS_NC_21d,55,Normal Concrete,21,Compressive Strength,False,23.22,26.4018,3.1818
TabPFN_FineTuned_v2.5,V2_ENGINEERED,3,CS_NC_21d_056,EXP_CS_NC_21d,56,Normal Concrete,21,Compressive Strength,False,24.77,26.4018,1.6318
TabPFN_FineTuned_v2.5,V2_ENGINEERED,3,CS_NC_21d_057,EXP_CS_NC_21d,57,Normal Concrete,21,Compressive Strength,False,27.4,26.4018,-0.9982
TabPFN_FineTuned_v2.5,V2_ENGINEERED,3,CS_NC_21d_058,EXP_CS_NC_21d,58,Normal Concrete,21,Compressive Strength,False,24.44,26.4018,1.9618
TabPFN_FineTuned_v2.5,V2_ENGINEERED,3,CS_NC_21d_059,EXP_CS_NC_21d,59,Normal Concrete,21,Compressive Strength,False,26.17,26.4018,0.2318
TabPFN_FineTuned_v2.5,V2_ENGINEERED,3,CS_NC_21d_060,EXP_CS_NC_21d,60,Normal Concrete,21,Compressive Strength,False,26.66,26.4018,-0.2582
TabPFN_FineTuned_v2.5,V2_ENGINEERED,3,CS_NC_21d_061,EXP_CS_NC_21d,61,Normal Concrete,21,Compressive Strength,False,24.11,26.4018,2.2918
TabPFN_FineTuned_v2.5,V2_ENGINEERED,3,CS_NC_21d_062,EXP_CS_NC_21d,62,Normal Concrete,21,Compressive Strength,False,25.41,26.4018,0.9918
TabPFN_FineTuned_v2.5,V2_ENGINEERED,3,CS_NC_21d_063,EXP_CS_NC_21d,63,Normal Concrete,21,Compressive Strength,False,20.64,26.4018,5.7618
TabPFN_FineTuned_v2.5,V2_ENGINEERED,3,CS_NC_21d_064,EXP_CS_NC_21d,64,Normal Concrete,21,Compressive Strength,False,23.96,26.4018,2.4418
TabPFN_FineTuned_v2.5,V2_ENGINEERED,3,CS_NC_21d_065,EXP_CS_NC_21d,65,Normal Concrete,21,Compressive Strength,False,25.12,26.4018,1.2818
TabPFN_FineTuned_v2.5,V2_ENGINEERED,3,CS_NC_21d_066,EXP_CS_NC_21d,66,Normal Concrete,21,Compressive Strength,False,23.63,26.4018,2.7718
TabPFN_FineTuned_v2.5,V2_ENGINEERED,3,CS_NC_21d_067,EXP_CS_NC_21d,67,Normal Concrete,21,Compressive Strength,False,27.95,26.4018,-1.5482
TabPFN_FineTuned_v2.5,V2_ENGINEERED,3,CS_NC_21d_068,EXP_CS_NC_21d,68,Normal Concrete,21,Compressive Strength,False,23.35,26.4018,3.0518
TabPFN_FineTuned_v2.5,V2_ENGINEERED,3,CS_NC_21d_069,EXP_CS_NC_21d,69,Normal Concrete,21,Compressive Strength,False,24.84,26.4018,1.5618
TabPFN_FineTuned_v2.5,V2_ENGINEERED,3,CS_NC_21d_070,EXP_CS_NC_21d,70,Normal Concrete,21,Compressive Strength,False,25.7,26.4018,0.7018
TabPFN_FineTuned_v2.5,V2_ENGINEERED,3,CS_NC_21d_071,EXP_CS_NC_21d,71,Normal Concrete,21,Compressive Strength,False,27.66,26.4018,-1.2582
TabPFN_FineTuned_v2.5,V2_ENGINEERED,3,CS_NC_21d_072,EXP_CS_NC_21d,72,Normal Concrete,21,Compressive Strength,False,23.35,26.4018,3.0518
TabPFN_FineTuned_v2.5,V2_ENGINEERED,3,CS_NC_21d_073,EXP_CS_NC_21d,73,Normal Concrete,21,Compressive Strength,False,27.24,26.4018,-0.8382
TabPFN_FineTuned_v2.5,V2_ENGINEERED,3,CS_NC_21d_074,EXP_CS_NC_21d,74,Normal Concrete,21,Compressive Strength,False,25.52,26.4018,0.8818
TabPFN_FineTuned_v2.5,V2_ENGINEERED,3,CS_NC_21d_075,EXP_CS_NC_21d,75,Normal Concrete,21,Compressive Strength,False,24.03,26.4018,2.3718
TabPFN_FineTuned_v2.5,V2_ENGINEERED,3,CS_NC_21d_076,EXP_CS_NC_21d,76,Normal Concrete,21,Compressive Strength,False,26.19,26.4018,0.2118
TabPFN_FineTuned_v2.5,V2_ENGINEERED,3,CS_NC_21d_077,EXP_CS_NC_21d,77,Normal Concrete,21,Compressive Strength,False,25.8,26.4018,0.6018
TabPFN_FineTuned_v2.5,V2_ENGINEERED,3,CS_NC_21d_078,EXP_CS_NC_21d,78,Normal Concrete,21,Compressive Strength,False,24.6,26.4018,1.8018
TabPFN_FineTuned_v2.5,V2_ENGINEERED,3,CS_NC_21d_079,EXP_CS_NC_21d,79,Normal Concrete,21,Compressive Strength,False,25.6,26.4018,0.8018
TabPFN_FineTuned_v2.5,V2_ENGINEERED,3,CS_NC_21d_080,EXP_CS_NC_21d,80,Normal Concrete,21,Compressive Strength,False,24.92,26.4018,1.4818
TabPFN_FineTuned_v2.5,V2_ENGINEERED,3,CS_NC_21d_081,EXP_CS_NC_21d,81,Normal Concrete,21,Compressive Strength,False,25.67,26.4018,0.7318
TabPFN_FineTuned_v2.5,V2_ENGINEERED,3,CS_NC_21d_082,EXP_CS_NC_21d,82,Normal Concrete,21,Compressive Strength,False,26.49,26.4018,-0.0882
TabPFN_FineTuned_v2.5,V2_ENGINEERED,3,CS_NC_21d_083,EXP_CS_NC_21d,83,Normal Concrete,21,Compressive Strength,False,27.88,26.4018,-1.4782
TabPFN_FineTuned_v2.5,V2_ENGINEERED,3,CS_NC_21d_084,EXP_CS_NC_21d,84,Normal Concrete,21,Compressive Strength,False,23.64,26.4018,2.7618
TabPFN_FineTuned_v2.5,V2_ENGINEERED,3,CS_NC_21d_085,EXP_CS_NC_21d,85,Normal Concrete,21,Compressive Strength,False,28.7,26.4018,-2.2982
TabPFN_FineTuned_v2.5,V2_ENGINEERED,3,CS_NC_21d_086,EXP_CS_NC_21d,86,Normal Concrete,21,Compressive Strength,False,22.57,26.4018,3.8318
TabPFN_FineTuned_v2.5,V2_ENGINEERED,3,CS_NC_21d_087,EXP_CS_NC_21d,87,Normal Concrete,21,Compressive Strength,False,25.27,26.4018,1.1318
TabPFN_FineTuned_v2.5,V2_ENGINEERED,3,CS_NC_21d_088,EXP_CS_NC_21d,88,Normal Concrete,21,Compressive Strength,False,26.38,26.4018,0.0218
TabPFN_FineTuned_v2.5,V2_ENGINEERED,3,CS_NC_21d_089,EXP_CS_NC_21d,89,Normal Concrete,21,Compressive Strength,False,25.92,26.4018,0.4818
TabPFN_FineTuned_v2.5,V2_ENGINEERED,3,CS_NC_21d_090,EXP_CS_NC_21d,90,Normal Concrete,21,Compressive Strength,False,24.57,26.4018,1.8318
TabPFN_FineTuned_v2.5,V2_ENGINEERED,3,CS_NC_21d_091,EXP_CS_NC_21d,91,Normal Concrete,21,Compressive Strength,False,25.19,26.4018,1.2118
TabPFN_FineTuned_v2.5,V2_ENGINEERED,3,CS_NC_21d_092,EXP_CS_NC_21d,92,Normal Concrete,21,Compressive Strength,False,24.76,26.4018,1.6418
TabPFN_FineTuned_v2.5,V2_ENGINEERED,3,CS_NC_21d_093,EXP_CS_NC_21d,93,Normal Concrete,21,Compressive Strength,False,24.62,26.4018,1.7818
TabPFN_FineTuned_v2.5,V2_ENGINEERED,3,CS_NC_21d_094,EXP_CS_NC_21d,94,Normal Concrete,21,Compressive Strength,False,26.77,26.4018,-0.3682
TabPFN_FineTuned_v2.5,V2_ENGINEERED,3,CS_NC_21d_095,EXP_CS_NC_21d,95,Normal Concrete,21,Compressive Strength,False,26.04,26.4018,0.3618
TabPFN_FineTuned_v2.5,V2_ENGINEERED,3,CS_NC_21d_096,EXP_CS_NC_21d,96,Normal Concrete,21,Compressive Strength,False,24.46,26.4018,1.9418
TabPFN_FineTuned_v2.5,V2_ENGINEERED,3,CS_NC_21d_097,EXP_CS_NC_21d,97,Normal Concrete,21,Compressive Strength,False,26.85,26.4018,-0.4482
TabPFN_FineTuned_v2.5,V2_ENGINEERED,3,CS_NC_21d_098,EXP_CS_NC_21d,98,Normal Concrete,21,Compressive Strength,False,25.96,26.4018,0.4418
TabPFN_FineTuned_v2.5,V2_ENGINEERED,3,CS_NC_21d_099,EXP_CS_NC_21d,99,Normal Concrete,21,Compressive Strength,False,26.72,26.4018,-0.3182
TabPFN_FineTuned_v2.5,V2_ENGINEERED,3,CS_NC_21d_100,EXP_CS_NC_21d,100,Normal Concrete,21,Compressive Strength,False,26.44,26.4018,-0.0382
TabPFN_FineTuned_v2.5,V2_ENGINEERED,3,FS_NC_21d_001,EXP_FS_NC_21d,1,Normal Concrete,21,Flexural Strength,False,3.928,3.9497,0.0217
TabPFN_FineTuned_v2.5,V2_ENGINEERED,3,FS_NC_21d_002,EXP_FS_NC_21d,2,Normal Concrete,21,Flexural Strength,False,4.12,3.9497,-0.1703
TabPFN_FineTuned_v2.5,V2_ENGINEERED,3,FS_NC_21d_003,EXP_FS_NC_21d,3,Normal Concrete,21,Flexural Strength,False,4.197,3.9497,-0.2473
TabPFN_FineTuned_v2.5,V2_ENGINEERED,3,FS_NC_21d_004,EXP_FS_NC_21d,4,Normal Concrete,21,Flexural Strength,False,3.786,3.9497,0.1637
TabPFN_FineTuned_v2.5,V2_ENGINEERED,3,FS_NC_21d_005,EXP_FS_NC_21d,5,Normal Concrete,21,Flexural Strength,False,3.44,3.9497,0.5097
TabPFN_FineTuned_v2.5,V2_ENGINEERED,3,FS_NC_21d_006,EXP_FS_NC_21d,6,Normal Concrete,21,Flexural Strength,False,3.695,3.9497,0.2547
TabPFN_FineTuned_v2.5,V2_ENGINEERED,3,FS_NC_21d_007,EXP_FS_NC_21d,7,Normal Concrete,21,Flexural Strength,False,3.722,3.9497,0.2277
TabPFN_FineTuned_v2.5,V2_ENGINEERED,3,FS_NC_21d_008,EXP_FS_NC_21d,8,Normal Concrete,21,Flexural Strength,False,3.993,3.9497,-0.0433
TabPFN_FineTuned_v2.5,V2_ENGINEERED,3,FS_NC_21d_009,EXP_FS_NC_21d,9,Normal Concrete,21,Flexural Strength,False,3.622,3.9497,0.3277
TabPFN_FineTuned_v2.5,V2_ENGINEERED,3,FS_NC_21d_010,EXP_FS_NC_21d,10,Normal Concrete,21,Flexural Strength,False,3.814,3.9497,0.1357
TabPFN_FineTuned_v2.5,V2_ENGINEERED,3,FS_NC_21d_011,EXP_FS_NC_21d,11,Normal Concrete,21,Flexural Strength,False,3.874,3.9497,0.0757
TabPFN_FineTuned_v2.5,V2_ENGINEERED,3,FS_NC_21d_012,EXP_FS_NC_21d,12,Normal Concrete,21,Flexural Strength,False,3.889,3.9497,0.0607
TabPFN_FineTuned_v2.5,V2_ENGINEERED,3,FS_NC_21d_013,EXP_FS_NC_21d,13,Normal Concrete,21,Flexural Strength,False,3.846,3.9497,0.1037
TabPFN_FineTuned_v2.5,V2_ENGINEERED,3,FS_NC_21d_014,EXP_FS_NC_21d,14,Normal Concrete,21,Flexural Strength,False,4.004,3.9497,-0.0543
TabPFN_FineTuned_v2.5,V2_ENGINEERED,3,FS_NC_21d_015,EXP_FS_NC_21d,15,Normal Concrete,21,Flexural Strength,False,3.63,3.9497,0.3197
TabPFN_FineTuned_v2.5,V2_ENGINEERED,3,FS_NC_21d_016,EXP_FS_NC_21d,16,Normal Concrete,21,Flexural Strength,False,4.174,3.9497,-0.2243
TabPFN_FineTuned_v2.5,V2_ENGINEERED,3,FS_NC_21d_017,EXP_FS_NC_21d,17,Normal Concrete,21,Flexural Strength,False,4.216,3.9497,-0.2663
TabPFN_FineTuned_v2.5,V2_ENGINEERED,3,FS_NC_21d_018,EXP_FS_NC_21d,18,Normal Concrete,21,Flexural Strength,False,4.058,3.9497,-0.1083
TabPFN_FineTuned_v2.5,V2_ENGINEERED,3,FS_NC_21d_019,EXP_FS_NC_21d,19,Normal Concrete,21,Flexural Strength,False,3.493,3.9497,0.4567
TabPFN_FineTuned_v2.5,V2_ENGINEERED,3,FS_NC_21d_020,EXP_FS_NC_21d,20,Normal Concrete,21,Flexural Strength,False,3.79,3.9497,0.1597
TabPFN_FineTuned_v2.5,V2_ENGINEERED,3,FS_NC_21d_021,EXP_FS_NC_21d,21,Normal Concrete,21,Flexural Strength,False,4.05,3.9497,-0.1003
TabPFN_FineTuned_v2.5,V2_ENGINEERED,3,FS_NC_21d_022,EXP_FS_NC_21d,22,Normal Concrete,21,Flexural Strength,False,3.658,3.9497,0.2917
TabPFN_FineTuned_v2.5,V2_ENGINEERED,3,FS_NC_21d_023,EXP_FS_NC_21d,23,Normal Concrete,21,Flexural Strength,False,4.062,3.9497,-0.1123
TabPFN_FineTuned_v2.5,V2_ENGINEERED,3,FS_NC_21d_024,EXP_FS_NC_21d,24,Normal Concrete,21,Flexural Strength,False,4.26,3.9497,-0.3103
TabPFN_FineTuned_v2.5,V2_ENGINEERED,3,FS_NC_21d_025,EXP_FS_NC_21d,25,Normal Concrete,21,Flexural Strength,False,3.703,3.9497,0.2467
TabPFN_FineTuned_v2.5,V2_ENGINEERED,3,FS_NC_21d_026,EXP_FS_NC_21d,26,Normal Concrete,21,Flexural Strength,False,4.084,3.9497,-0.1343
TabPFN_FineTuned_v2.5,V2_ENGINEERED,3,FS_NC_21d_027,EXP_FS_NC_21d,27,Normal Concrete,21,Flexural Strength,False,3.836,3.9497,0.1137
TabPFN_FineTuned_v2.5,V2_ENGINEERED,3,FS_NC_21d_028,EXP_FS_NC_21d,28,Normal Concrete,21,Flexural Strength,False,3.61,3.9497,0.3397
TabPFN_FineTuned_v2.5,V2_ENGINEERED,3,FS_NC_21d_029,EXP_FS_NC_21d,29,Normal Concrete,21,Flexural Strength,False,3.633,3.9497,0.3167
TabPFN_FineTuned_v2.5,V2_ENGINEERED,3,FS_NC_21d_030,EXP_FS_NC_21d,30,Normal Concrete,21,Flexural Strength,False,3.741,3.9497,0.2087
TabPFN_FineTuned_v2.5,V2_ENGINEERED,3,FS_NC_21d_031,EXP_FS_NC_21d,31,Normal Concrete,21,Flexural Strength,False,3.972,3.9497,-0.0223
TabPFN_FineTuned_v2.5,V2_ENGINEERED,3,FS_NC_21d_032,EXP_FS_NC_21d,32,Normal Concrete,21,Flexural Strength,False,3.337,3.9497,0.6127
TabPFN_FineTuned_v2.5,V2_ENGINEERED,3,FS_NC_21d_033,EXP_FS_NC_21d,33,Normal Concrete,21,Flexural Strength,False,3.885,3.9497,0.0647
TabPFN_FineTuned_v2.5,V2_ENGINEERED,3,FS_NC_21d_034,EXP_FS_NC_21d,34,Normal Concrete,21,Flexural Strength,False,4.22,3.9497,-0.2703
TabPFN_FineTuned_v2.5,V2_ENGINEERED,3,FS_NC_21d_035,EXP_FS_NC_21d,35,Normal Concrete,21,Flexural Strength,False,3.955,3.9497,-0.0053
TabPFN_FineTuned_v2.5,V2_ENGINEERED,3,FS_NC_21d_036,EXP_FS_NC_21d,36,Normal Concrete,21,Flexural Strength,False,4.463,3.9497,-0.5133
TabPFN_FineTuned_v2.5,V2_ENGINEERED,3,FS_NC_21d_037,EXP_FS_NC_21d,37,Normal Concrete,21,Flexural Strength,False,3.629,3.9497,0.3207
TabPFN_FineTuned_v2.5,V2_ENGINEERED,3,FS_NC_21d_038,EXP_FS_NC_21d,38,Normal Concrete,21,Flexural Strength,False,3.988,3.9497,-0.0383
TabPFN_FineTuned_v2.5,V2_ENGINEERED,3,FS_NC_21d_039,EXP_FS_NC_21d,39,Normal Concrete,21,Flexural Strength,False,4.39,3.9497,-0.4403
TabPFN_FineTuned_v2.5,V2_ENGINEERED,3,FS_NC_21d_040,EXP_FS_NC_21d,40,Normal Concrete,21,Flexural Strength,False,4.078,3.9497,-0.1283
TabPFN_FineTuned_v2.5,V2_ENGINEERED,3,FS_NC_21d_041,EXP_FS_NC_21d,41,Normal Concrete,21,Flexural Strength,False,4.043,3.9497,-0.0933
TabPFN_FineTuned_v2.5,V2_ENGINEERED,3,FS_NC_21d_042,EXP_FS_NC_21d,42,Normal Concrete,21,Flexural Strength,False,3.765,3.9497,0.1847
TabPFN_FineTuned_v2.5,V2_ENGINEERED,3,FS_NC_21d_043,EXP_FS_NC_21d,43,Normal Concrete,21,Flexural Strength,False,3.817,3.9497,0.1327
TabPFN_FineTuned_v2.5,V2_ENGINEERED,3,FS_NC_21d_044,EXP_FS_NC_21d,44,Normal Concrete,21,Flexural Strength,False,3.805,3.9497,0.1447
TabPFN_FineTuned_v2.5,V2_ENGINEERED,3,FS_NC_21d_045,EXP_FS_NC_21d,45,Normal Concrete,21,Flexural Strength,False,4.098,3.9497,-0.1483
TabPFN_FineTuned_v2.5,V2_ENGINEERED,3,FS_NC_21d_046,EXP_FS_NC_21d,46,Normal Concrete,21,Flexural Strength,False,4.127,3.9497,-0.1773
TabPFN_FineTuned_v2.5,V2_ENGINEERED,3,FS_NC_21d_047,EXP_FS_NC_21d,47,Normal Concrete,21,Flexural Strength,False,3.747,3.9497,0.2027
TabPFN_FineTuned_v2.5,V2_ENGINEERED,3,FS_NC_21d_048,EXP_FS_NC_21d,48,Normal Concrete,21,Flexural Strength,False,3.895,3.9497,0.0547
TabPFN_FineTuned_v2.5,V2_ENGINEERED,3,FS_NC_21d_049,EXP_FS_NC_21d,49,Normal Concrete,21,Flexural Strength,False,4.089,3.9497,-0.1393
TabPFN_FineTuned_v2.5,V2_ENGINEERED,3,FS_NC_21d_050,EXP_FS_NC_21d,50,Normal Concrete,21,Flexural Strength,False,3.969,3.9497,-0.0193
TabPFN_FineTuned_v2.5,V2_ENGINEERED,3,FS_NC_21d_051,EXP_FS_NC_21d,51,Normal Concrete,21,Flexural Strength,False,4.134,3.9497,-0.1843
TabPFN_FineTuned_v2.5,V2_ENGINEERED,3,FS_NC_21d_052,EXP_FS_NC_21d,52,Normal Concrete,21,Flexural Strength,False,3.626,3.9497,0.3237
TabPFN_FineTuned_v2.5,V2_ENGINEERED,3,FS_NC_21d_053,EXP_FS_NC_21d,53,Normal Concrete,21,Flexural Strength,False,3.723,3.9497,0.2267
TabPFN_FineTuned_v2.5,V2_ENGINEERED,3,FS_NC_21d_054,EXP_FS_NC_21d,54,Normal Concrete,21,Flexural Strength,False,3.692,3.9497,0.2577
TabPFN_FineTuned_v2.5,V2_ENGINEERED,3,FS_NC_21d_055,EXP_FS_NC_21d,55,Normal Concrete,21,Flexural Strength,False,3.707,3.9497,0.2427
TabPFN_FineTuned_v2.5,V2_ENGINEERED,3,FS_NC_21d_056,EXP_FS_NC_21d,56,Normal Concrete,21,Flexural Strength,False,3.315,3.9497,0.6347
TabPFN_FineTuned_v2.5,V2_ENGINEERED,3,FS_NC_21d_057,EXP_FS_NC_21d,57,Normal Concrete,21,Flexural Strength,False,4.089,3.9497,-0.1393
TabPFN_FineTuned_v2.5,V2_ENGINEERED,3,FS_NC_21d_058,EXP_FS_NC_21d,58,Normal Concrete,21,Flexural Strength,False,3.477,3.9497,0.4727
TabPFN_FineTuned_v2.5,V2_ENGINEERED,3,FS_NC_21d_059,EXP_FS_NC_21d,59,Normal Concrete,21,Flexural Strength,False,4.045,3.9497,-0.0953
TabPFN_FineTuned_v2.5,V2_ENGINEERED,3,FS_NC_21d_060,EXP_FS_NC_21d,60,Normal Concrete,21,Flexural Strength,False,4.064,3.9497,-0.1143
TabPFN_FineTuned_v2.5,V2_ENGINEERED,3,FS_NC_21d_061,EXP_FS_NC_21d,61,Normal Concrete,21,Flexural Strength,False,3.804,3.9497,0.1457
TabPFN_FineTuned_v2.5,V2_ENGINEERED,3,FS_NC_21d_062,EXP_FS_NC_21d,62,Normal Concrete,21,Flexural Strength,False,3.554,3.9497,0.3957
TabPFN_FineTuned_v2.5,V2_ENGINEERED,3,FS_NC_21d_063,EXP_FS_NC_21d,63,Normal Concrete,21,Flexural Strength,False,3.753,3.9497,0.1967
TabPFN_FineTuned_v2.5,V2_ENGINEERED,3,FS_NC_21d_064,EXP_FS_NC_21d,64,Normal Concrete,21,Flexural Strength,False,3.538,3.9497,0.4117
TabPFN_FineTuned_v2.5,V2_ENGINEERED,3,FS_NC_21d_065,EXP_FS_NC_21d,65,Normal Concrete,21,Flexural Strength,False,4.038,3.9497,-0.0883
TabPFN_FineTuned_v2.5,V2_ENGINEERED,3,FS_NC_21d_066,EXP_FS_NC_21d,66,Normal Concrete,21,Flexural Strength,False,3.838,3.9497,0.1117
TabPFN_FineTuned_v2.5,V2_ENGINEERED,3,FS_NC_21d_067,EXP_FS_NC_21d,67,Normal Concrete,21,Flexural Strength,False,4.029,3.9497,-0.0793
TabPFN_FineTuned_v2.5,V2_ENGINEERED,3,FS_NC_21d_068,EXP_FS_NC_21d,68,Normal Concrete,21,Flexural Strength,False,3.924,3.9497,0.0257
TabPFN_FineTuned_v2.5,V2_ENGINEERED,3,FS_NC_21d_069,EXP_FS_NC_21d,69,Normal Concrete,21,Flexural Strength,False,3.868,3.9497,0.0817
TabPFN_FineTuned_v2.5,V2_ENGINEERED,3,FS_NC_21d_070,EXP_FS_NC_21d,70,Normal Concrete,21,Flexural Strength,False,3.944,3.9497,0.0057
TabPFN_FineTuned_v2.5,V2_ENGINEERED,3,FS_NC_21d_071,EXP_FS_NC_21d,71,Normal Concrete,21,Flexural Strength,False,4.273,3.9497,-0.3233
TabPFN_FineTuned_v2.5,V2_ENGINEERED,3,FS_NC_21d_072,EXP_FS_NC_21d,72,Normal Concrete,21,Flexural Strength,False,3.54,3.9497,0.4097
TabPFN_FineTuned_v2.5,V2_ENGINEERED,3,FS_NC_21d_073,EXP_FS_NC_21d,73,Normal Concrete,21,Flexural Strength,False,4.43,3.9497,-0.4803
TabPFN_FineTuned_v2.5,V2_ENGINEERED,3,FS_NC_21d_074,EXP_FS_NC_21d,74,Normal Concrete,21,Flexural Strength,False,3.977,3.9497,-0.0273
TabPFN_FineTuned_v2.5,V2_ENGINEERED,3,FS_NC_21d_075,EXP_FS_NC_21d,75,Normal Concrete,21,Flexural Strength,False,4.034,3.9497,-0.0843
TabPFN_FineTuned_v2.5,V2_ENGINEERED,3,FS_NC_21d_076,EXP_FS_NC_21d,76,Normal Concrete,21,Flexural Strength,False,4.199,3.9497,-0.2493
TabPFN_FineTuned_v2.5,V2_ENGINEERED,3,FS_NC_21d_077,EXP_FS_NC_21d,77,Normal Concrete,21,Flexural Strength,False,3.827,3.9497,0.1227
TabPFN_FineTuned_v2.5,V2_ENGINEERED,3,FS_NC_21d_078,EXP_FS_NC_21d,78,Normal Concrete,21,Flexural Strength,False,3.858,3.9497,0.0917
TabPFN_FineTuned_v2.5,V2_ENGINEERED,3,FS_NC_21d_079,EXP_FS_NC_21d,79,Normal Concrete,21,Flexural Strength,False,4.256,3.9497,-0.3063
TabPFN_FineTuned_v2.5,V2_ENGINEERED,3,FS_NC_21d_080,EXP_FS_NC_21d,80,Normal Concrete,21,Flexural Strength,False,3.956,3.9497,-0.0063
TabPFN_FineTuned_v2.5,V2_ENGINEERED,3,FS_NC_21d_081,EXP_FS_NC_21d,81,Normal Concrete,21,Flexural Strength,False,3.615,3.9497,0.3347
TabPFN_FineTuned_v2.5,V2_ENGINEERED,3,FS_NC_21d_082,EXP_FS_NC_21d,82,Normal Concrete,21,Flexural Strength,False,4.028,3.9497,-0.0783
TabPFN_FineTuned_v2.5,V2_ENGINEERED,3,FS_NC_21d_083,EXP_FS_NC_21d,83,Normal Concrete,21,Flexural Strength,False,3.959,3.9497,-0.0093
TabPFN_FineTuned_v2.5,V2_ENGINEERED,3,FS_NC_21d_084,EXP_FS_NC_21d,84,Normal Concrete,21,Flexural Strength,False,4.117,3.9497,-0.1673
TabPFN_FineTuned_v2.5,V2_ENGINEERED,3,FS_NC_21d_085,EXP_FS_NC_21d,85,Normal Concrete,21,Flexural Strength,False,4.474,3.9497,-0.5243
TabPFN_FineTuned_v2.5,V2_ENGINEERED,3,FS_NC_21d_086,EXP_FS_NC_21d,86,Normal Concrete,21,Flexural Strength,False,3.859,3.9497,0.0907
TabPFN_FineTuned_v2.5,V2_ENGINEERED,3,FS_NC_21d_087,EXP_FS_NC_21d,87,Normal Concrete,21,Flexural Strength,False,3.968,3.9497,-0.0183
TabPFN_FineTuned_v2.5,V2_ENGINEERED,3,FS_NC_21d_088,EXP_FS_NC_21d,88,Normal Concrete,21,Flexural Strength,False,3.495,3.9497,0.4547
TabPFN_FineTuned_v2.5,V2_ENGINEERED,3,FS_NC_21d_089,EXP_FS_NC_21d,89,Normal Concrete,21,Flexural Strength,False,3.723,3.9497,0.2267
TabPFN_FineTuned_v2.5,V2_ENGINEERED,3,FS_NC_21d_090,EXP_FS_NC_21d,90,Normal Concrete,21,Flexural Strength,False,4.13,3.9497,-0.1803
TabPFN_FineTuned_v2.5,V2_ENGINEERED,3,FS_NC_21d_091,EXP_FS_NC_21d,91,Normal Concrete,21,Flexural Strength,False,4.072,3.9497,-0.1223
TabPFN_FineTuned_v2.5,V2_ENGINEERED,3,FS_NC_21d_092,EXP_FS_NC_21d,92,Normal Concrete,21,Flexural Strength,False,4.228,3.9497,-0.2783
TabPFN_FineTuned_v2.5,V2_ENGINEERED,3,FS_NC_21d_093,EXP_FS_NC_21d,93,Normal Concrete,21,Flexural Strength,False,3.967,3.9497,-0.0173
TabPFN_FineTuned_v2.5,V2_ENGINEERED,3,FS_NC_21d_094,EXP_FS_NC_21d,94,Normal Concrete,21,Flexural Strength,False,3.779,3.9497,0.1707
TabPFN_FineTuned_v2.5,V2_ENGINEERED,3,FS_NC_21d_095,EXP_FS_NC_21d,95,Normal Concrete,21,Flexural Strength,False,4.112,3.9497,-0.1623
TabPFN_FineTuned_v2.5,V2_ENGINEERED,3,FS_NC_21d_096,EXP_FS_NC_21d,96,Normal Concrete,21,Flexural Strength,False,3.996,3.9497,-0.0463
TabPFN_FineTuned_v2.5,V2_ENGINEERED,3,FS_NC_21d_097,EXP_FS_NC_21d,97,Normal Concrete,21,Flexural Strength,False,3.923,3.9497,0.0267
TabPFN_FineTuned_v2.5,V2_ENGINEERED,3,FS_NC_21d_098,EXP_FS_NC_21d,98,Normal Concrete,21,Flexural Strength,False,3.738,3.9497,0.2117
TabPFN_FineTuned_v2.5,V2_ENGINEERED,3,FS_NC_21d_099,EXP_FS_NC_21d,99,Normal Concrete,21,Flexural Strength,False,3.904,3.9497,0.0457
TabPFN_FineTuned_v2.5,V2_ENGINEERED,3,FS_NC_21d_100,EXP_FS_NC_21d,100,Normal Concrete,21,Flexural Strength,False,3.654,3.9497,0.2957
TabPFN_FineTuned_v2.5,V2_ENGINEERED,3,FS_BC_21d_001,EXP_FS_BC_21d,1,Bacterial Concrete,21,Flexural Strength,False,4.908,4.7132,-0.1948
TabPFN_FineTuned_v2.5,V2_ENGINEERED,3,FS_BC_21d_002,EXP_FS_BC_21d,2,Bacterial Concrete,21,Flexural Strength,False,4.729,4.7132,-0.0158
TabPFN_FineTuned_v2.5,V2_ENGINEERED,3,FS_BC_21d_003,EXP_FS_BC_21d,3,Bacterial Concrete,21,Flexural Strength,False,4.421,4.7132,0.2922
TabPFN_FineTuned_v2.5,V2_ENGINEERED,3,FS_BC_21d_004,EXP_FS_BC_21d,4,Bacterial Concrete,21,Flexural Strength,False,4.522,4.7132,0.1912
TabPFN_FineTuned_v2.5,V2_ENGINEERED,3,FS_BC_21d_005,EXP_FS_BC_21d,5,Bacterial Concrete,21,Flexural Strength,False,4.628,4.7132,0.0852
TabPFN_FineTuned_v2.5,V2_ENGINEERED,3,FS_BC_21d_006,EXP_FS_BC_21d,6,Bacterial Concrete,21,Flexural Strength,False,4.402,4.7132,0.3112
TabPFN_FineTuned_v2.5,V2_ENGINEERED,3,FS_BC_21d_007,EXP_FS_BC_21d,7,Bacterial Concrete,21,Flexural Strength,False,3.898,4.7132,0.8152
TabPFN_FineTuned_v2.5,V2_ENGINEERED,3,FS_BC_21d_008,EXP_FS_BC_21d,8,Bacterial Concrete,21,Flexural Strength,False,4.042,4.7132,0.6712
TabPFN_FineTuned_v2.5,V2_ENGINEERED,3,FS_BC_21d_009,EXP_FS_BC_21d,9,Bacterial Concrete,21,Flexural Strength,False,4.78,4.7132,-0.0668
TabPFN_FineTuned_v2.5,V2_ENGINEERED,3,FS_BC_21d_010,EXP_FS_BC_21d,10,Bacterial Concrete,21,Flexural Strength,False,4.724,4.7132,-0.0108
TabPFN_FineTuned_v2.5,V2_ENGINEERED,3,FS_BC_21d_011,EXP_FS_BC_21d,11,Bacterial Concrete,21,Flexural Strength,False,4.85,4.7132,-0.1368
TabPFN_FineTuned_v2.5,V2_ENGINEERED,3,FS_BC_21d_012,EXP_FS_BC_21d,12,Bacterial Concrete,21,Flexural Strength,False,4.508,4.7132,0.2052
TabPFN_FineTuned_v2.5,V2_ENGINEERED,3,FS_BC_21d_013,EXP_FS_BC_21d,13,Bacterial Concrete,21,Flexural Strength,False,4.511,4.7132,0.2022
TabPFN_FineTuned_v2.5,V2_ENGINEERED,3,FS_BC_21d_014,EXP_FS_BC_21d,14,Bacterial Concrete,21,Flexural Strength,False,5.204,4.7132,-0.4908
TabPFN_FineTuned_v2.5,V2_ENGINEERED,3,FS_BC_21d_015,EXP_FS_BC_21d,15,Bacterial Concrete,21,Flexural Strength,False,4.638,4.7132,0.0752
TabPFN_FineTuned_v2.5,V2_ENGINEERED,3,FS_BC_21d_016,EXP_FS_BC_21d,16,Bacterial Concrete,21,Flexural Strength,False,4.51,4.7132,0.2032
TabPFN_FineTuned_v2.5,V2_ENGINEERED,3,FS_BC_21d_017,EXP_FS_BC_21d,17,Bacterial Concrete,21,Flexural Strength,False,4.962,4.7132,-0.2488
TabPFN_FineTuned_v2.5,V2_ENGINEERED,3,FS_BC_21d_018,EXP_FS_BC_21d,18,Bacterial Concrete,21,Flexural Strength,False,4.936,4.7132,-0.2228
TabPFN_FineTuned_v2.5,V2_ENGINEERED,3,FS_BC_21d_019,EXP_FS_BC_21d,19,Bacterial Concrete,21,Flexural Strength,False,4.552,4.7132,0.1612
TabPFN_FineTuned_v2.5,V2_ENGINEERED,3,FS_BC_21d_020,EXP_FS_BC_21d,20,Bacterial Concrete,21,Flexural Strength,False,4.651,4.7132,0.0622
TabPFN_FineTuned_v2.5,V2_ENGINEERED,3,FS_BC_21d_021,EXP_FS_BC_21d,21,Bacterial Concrete,21,Flexural Strength,False,4.673,4.7132,0.0402
TabPFN_FineTuned_v2.5,V2_ENGINEERED,3,FS_BC_21d_022,EXP_FS_BC_21d,22,Bacterial Concrete,21,Flexural Strength,False,4.972,4.7132,-0.2588
TabPFN_FineTuned_v2.5,V2_ENGINEERED,3,FS_BC_21d_023,EXP_FS_BC_21d,23,Bacterial Concrete,21,Flexural Strength,False,4.615,4.7132,0.0982
TabPFN_FineTuned_v2.5,V2_ENGINEERED,3,FS_BC_21d_024,EXP_FS_BC_21d,24,Bacterial Concrete,21,Flexural Strength,False,4.885,4.7132,-0.1718
TabPFN_FineTuned_v2.5,V2_ENGINEERED,3,FS_BC_21d_025,EXP_FS_BC_21d,25,Bacterial Concrete,21,Flexural Strength,False,4.707,4.7132,0.0062
TabPFN_FineTuned_v2.5,V2_ENGINEERED,3,FS_BC_21d_026,EXP_FS_BC_21d,26,Bacterial Concrete,21,Flexural Strength,False,4.653,4.7132,0.0602
TabPFN_FineTuned_v2.5,V2_ENGINEERED,3,FS_BC_21d_027,EXP_FS_BC_21d,27,Bacterial Concrete,21,Flexural Strength,False,4.699,4.7132,0.0142
TabPFN_FineTuned_v2.5,V2_ENGINEERED,3,FS_BC_21d_028,EXP_FS_BC_21d,28,Bacterial Concrete,21,Flexural Strength,False,4.491,4.7132,0.2222
TabPFN_FineTuned_v2.5,V2_ENGINEERED,3,FS_BC_21d_029,EXP_FS_BC_21d,29,Bacterial Concrete,21,Flexural Strength,False,5.097,4.7132,-0.3838
TabPFN_FineTuned_v2.5,V2_ENGINEERED,3,FS_BC_21d_030,EXP_FS_BC_21d,30,Bacterial Concrete,21,Flexural Strength,False,4.149,4.7132,0.5642
TabPFN_FineTuned_v2.5,V2_ENGINEERED,3,FS_BC_21d_031,EXP_FS_BC_21d,31,Bacterial Concrete,21,Flexural Strength,False,4.447,4.7132,0.2662
TabPFN_FineTuned_v2.5,V2_ENGINEERED,3,FS_BC_21d_032,EXP_FS_BC_21d,32,Bacterial Concrete,21,Flexural Strength,False,4.965,4.7132,-0.2518
TabPFN_FineTuned_v2.5,V2_ENGINEERED,3,FS_BC_21d_033,EXP_FS_BC_21d,33,Bacterial Concrete,21,Flexural Strength,False,5.099,4.7132,-0.3858
TabPFN_FineTuned_v2.5,V2_ENGINEERED,3,FS_BC_21d_034,EXP_FS_BC_21d,34,Bacterial Concrete,21,Flexural Strength,False,4.83,4.7132,-0.1168
TabPFN_FineTuned_v2.5,V2_ENGINEERED,3,FS_BC_21d_035,EXP_FS_BC_21d,35,Bacterial Concrete,21,Flexural Strength,False,4.673,4.7132,0.0402
TabPFN_FineTuned_v2.5,V2_ENGINEERED,3,FS_BC_21d_036,EXP_FS_BC_21d,36,Bacterial Concrete,21,Flexural Strength,False,4.672,4.7132,0.0412
TabPFN_FineTuned_v2.5,V2_ENGINEERED,3,FS_BC_21d_037,EXP_FS_BC_21d,37,Bacterial Concrete,21,Flexural Strength,False,4.834,4.7132,-0.1208
TabPFN_FineTuned_v2.5,V2_ENGINEERED,3,FS_BC_21d_038,EXP_FS_BC_21d,38,Bacterial Concrete,21,Flexural Strength,False,4.897,4.7132,-0.1838
TabPFN_FineTuned_v2.5,V2_ENGINEERED,3,FS_BC_21d_039,EXP_FS_BC_21d,39,Bacterial Concrete,21,Flexural Strength,False,5.193,4.7132,-0.4798
TabPFN_FineTuned_v2.5,V2_ENGINEERED,3,FS_BC_21d_040,EXP_FS_BC_21d,40,Bacterial Concrete,21,Flexural Strength,False,4.75,4.7132,-0.0368
TabPFN_FineTuned_v2.5,V2_ENGINEERED,3,FS_BC_21d_041,EXP_FS_BC_21d,41,Bacterial Concrete,21,Flexural Strength,False,4.925,4.7132,-0.2118
TabPFN_FineTuned_v2.5,V2_ENGINEERED,3,FS_BC_21d_042,EXP_FS_BC_21d,42,Bacterial Concrete,21,Flexural Strength,False,4.39,4.7132,0.3232
TabPFN_FineTuned_v2.5,V2_ENGINEERED,3,FS_BC_21d_043,EXP_FS_BC_21d,43,Bacterial Concrete,21,Flexural Strength,False,4.999,4.7132,-0.2858
TabPFN_FineTuned_v2.5,V2_ENGINEERED,3,FS_BC_21d_044,EXP_FS_BC_21d,44,Bacterial Concrete,21,Flexural Strength,False,4.686,4.7132,0.0272
TabPFN_FineTuned_v2.5,V2_ENGINEERED,3,FS_BC_21d_045,EXP_FS_BC_21d,45,Bacterial Concrete,21,Flexural Strength,False,4.744,4.7132,-0.0308
TabPFN_FineTuned_v2.5,V2_ENGINEERED,3,FS_BC_21d_046,EXP_FS_BC_21d,46,Bacterial Concrete,21,Flexural Strength,False,4.301,4.7132,0.4122
TabPFN_FineTuned_v2.5,V2_ENGINEERED,3,FS_BC_21d_047,EXP_FS_BC_21d,47,Bacterial Concrete,21,Flexural Strength,False,4.688,4.7132,0.0252
TabPFN_FineTuned_v2.5,V2_ENGINEERED,3,FS_BC_21d_048,EXP_FS_BC_21d,48,Bacterial Concrete,21,Flexural Strength,False,4.635,4.7132,0.0782
TabPFN_FineTuned_v2.5,V2_ENGINEERED,3,FS_BC_21d_049,EXP_FS_BC_21d,49,Bacterial Concrete,21,Flexural Strength,False,4.744,4.7132,-0.0308
TabPFN_FineTuned_v2.5,V2_ENGINEERED,3,FS_BC_21d_050,EXP_FS_BC_21d,50,Bacterial Concrete,21,Flexural Strength,False,4.393,4.7132,0.3202
TabPFN_FineTuned_v2.5,V2_ENGINEERED,3,FS_BC_21d_051,EXP_FS_BC_21d,51,Bacterial Concrete,21,Flexural Strength,False,4.438,4.7132,0.2752
TabPFN_FineTuned_v2.5,V2_ENGINEERED,3,FS_BC_21d_052,EXP_FS_BC_21d,52,Bacterial Concrete,21,Flexural Strength,False,4.262,4.7132,0.4512
TabPFN_FineTuned_v2.5,V2_ENGINEERED,3,FS_BC_21d_053,EXP_FS_BC_21d,53,Bacterial Concrete,21,Flexural Strength,False,4.617,4.7132,0.0962
TabPFN_FineTuned_v2.5,V2_ENGINEERED,3,FS_BC_21d_054,EXP_FS_BC_21d,54,Bacterial Concrete,21,Flexural Strength,False,4.696,4.7132,0.0172
TabPFN_FineTuned_v2.5,V2_ENGINEERED,3,FS_BC_21d_055,EXP_FS_BC_21d,55,Bacterial Concrete,21,Flexural Strength,False,4.441,4.7132,0.2722
TabPFN_FineTuned_v2.5,V2_ENGINEERED,3,FS_BC_21d_056,EXP_FS_BC_21d,56,Bacterial Concrete,21,Flexural Strength,False,4.634,4.7132,0.0792
TabPFN_FineTuned_v2.5,V2_ENGINEERED,3,FS_BC_21d_057,EXP_FS_BC_21d,57,Bacterial Concrete,21,Flexural Strength,False,4.399,4.7132,0.3142
TabPFN_FineTuned_v2.5,V2_ENGINEERED,3,FS_BC_21d_058,EXP_FS_BC_21d,58,Bacterial Concrete,21,Flexural Strength,False,4.438,4.7132,0.2752
TabPFN_FineTuned_v2.5,V2_ENGINEERED,3,FS_BC_21d_059,EXP_FS_BC_21d,59,Bacterial Concrete,21,Flexural Strength,False,4.595,4.7132,0.1182
TabPFN_FineTuned_v2.5,V2_ENGINEERED,3,FS_BC_21d_060,EXP_FS_BC_21d,60,Bacterial Concrete,21,Flexural Strength,False,4.436,4.7132,0.2772
TabPFN_FineTuned_v2.5,V2_ENGINEERED,3,FS_BC_21d_061,EXP_FS_BC_21d,61,Bacterial Concrete,21,Flexural Strength,False,4.539,4.7132,0.1742
TabPFN_FineTuned_v2.5,V2_ENGINEERED,3,FS_BC_21d_062,EXP_FS_BC_21d,62,Bacterial Concrete,21,Flexural Strength,False,4.706,4.7132,0.0072
TabPFN_FineTuned_v2.5,V2_ENGINEERED,3,FS_BC_21d_063,EXP_FS_BC_21d,63,Bacterial Concrete,21,Flexural Strength,False,5.027,4.7132,-0.3138
TabPFN_FineTuned_v2.5,V2_ENGINEERED,3,FS_BC_21d_064,EXP_FS_BC_21d,64,Bacterial Concrete,21,Flexural Strength,False,4.694,4.7132,0.0192
TabPFN_FineTuned_v2.5,V2_ENGINEERED,3,FS_BC_21d_065,EXP_FS_BC_21d,65,Bacterial Concrete,21,Flexural Strength,False,4.133,4.7132,0.5802
TabPFN_FineTuned_v2.5,V2_ENGINEERED,3,FS_BC_21d_066,EXP_FS_BC_21d,66,Bacterial Concrete,21,Flexural Strength,False,4.602,4.7132,0.1112
TabPFN_FineTuned_v2.5,V2_ENGINEERED,3,FS_BC_21d_067,EXP_FS_BC_21d,67,Bacterial Concrete,21,Flexural Strength,False,4.464,4.7132,0.2492
TabPFN_FineTuned_v2.5,V2_ENGINEERED,3,FS_BC_21d_068,EXP_FS_BC_21d,68,Bacterial Concrete,21,Flexural Strength,False,4.703,4.7132,0.0102
TabPFN_FineTuned_v2.5,V2_ENGINEERED,3,FS_BC_21d_069,EXP_FS_BC_21d,69,Bacterial Concrete,21,Flexural Strength,False,4.396,4.7132,0.3172
TabPFN_FineTuned_v2.5,V2_ENGINEERED,3,FS_BC_21d_070,EXP_FS_BC_21d,70,Bacterial Concrete,21,Flexural Strength,False,4.21,4.7132,0.5032
TabPFN_FineTuned_v2.5,V2_ENGINEERED,3,FS_BC_21d_071,EXP_FS_BC_21d,71,Bacterial Concrete,21,Flexural Strength,False,4.721,4.7132,-0.0078
TabPFN_FineTuned_v2.5,V2_ENGINEERED,3,FS_BC_21d_072,EXP_FS_BC_21d,72,Bacterial Concrete,21,Flexural Strength,False,4.648,4.7132,0.0652
TabPFN_FineTuned_v2.5,V2_ENGINEERED,3,FS_BC_21d_073,EXP_FS_BC_21d,73,Bacterial Concrete,21,Flexural Strength,False,4.732,4.7132,-0.0188
TabPFN_FineTuned_v2.5,V2_ENGINEERED,3,FS_BC_21d_074,EXP_FS_BC_21d,74,Bacterial Concrete,21,Flexural Strength,False,5.152,4.7132,-0.4388
TabPFN_FineTuned_v2.5,V2_ENGINEERED,3,FS_BC_21d_075,EXP_FS_BC_21d,75,Bacterial Concrete,21,Flexural Strength,False,4.349,4.7132,0.3642
TabPFN_FineTuned_v2.5,V2_ENGINEERED,3,FS_BC_21d_076,EXP_FS_BC_21d,76,Bacterial Concrete,21,Flexural Strength,False,4.559,4.7132,0.1542
TabPFN_FineTuned_v2.5,V2_ENGINEERED,3,FS_BC_21d_077,EXP_FS_BC_21d,77,Bacterial Concrete,21,Flexural Strength,False,4.868,4.7132,-0.1548
TabPFN_FineTuned_v2.5,V2_ENGINEERED,3,FS_BC_21d_078,EXP_FS_BC_21d,78,Bacterial Concrete,21,Flexural Strength,False,4.426,4.7132,0.2872
TabPFN_FineTuned_v2.5,V2_ENGINEERED,3,FS_BC_21d_079,EXP_FS_BC_21d,79,Bacterial Concrete,21,Flexural Strength,False,4.586,4.7132,0.1272
TabPFN_FineTuned_v2.5,V2_ENGINEERED,3,FS_BC_21d_080,EXP_FS_BC_21d,80,Bacterial Concrete,21,Flexural Strength,False,4.981,4.7132,-0.2678
TabPFN_FineTuned_v2.5,V2_ENGINEERED,3,FS_BC_21d_081,EXP_FS_BC_21d,81,Bacterial Concrete,21,Flexural Strength,False,4.391,4.7132,0.3222
TabPFN_FineTuned_v2.5,V2_ENGINEERED,3,FS_BC_21d_082,EXP_FS_BC_21d,82,Bacterial Concrete,21,Flexural Strength,False,4.353,4.7132,0.3602
TabPFN_FineTuned_v2.5,V2_ENGINEERED,3,FS_BC_21d_083,EXP_FS_BC_21d,83,Bacterial Concrete,21,Flexural Strength,False,4.907,4.7132,-0.1938
TabPFN_FineTuned_v2.5,V2_ENGINEERED,3,FS_BC_21d_084,EXP_FS_BC_21d,84,Bacterial Concrete,21,Flexural Strength,False,4.719,4.7132,-0.0058
TabPFN_FineTuned_v2.5,V2_ENGINEERED,3,FS_BC_21d_085,EXP_FS_BC_21d,85,Bacterial Concrete,21,Flexural Strength,False,4.547,4.7132,0.1662
TabPFN_FineTuned_v2.5,V2_ENGINEERED,3,FS_BC_21d_086,EXP_FS_BC_21d,86,Bacterial Concrete,21,Flexural Strength,False,4.371,4.7132,0.3422
TabPFN_FineTuned_v2.5,V2_ENGINEERED,3,FS_BC_21d_087,EXP_FS_BC_21d,87,Bacterial Concrete,21,Flexural Strength,False,4.83,4.7132,-0.1168
TabPFN_FineTuned_v2.5,V2_ENGINEERED,3,FS_BC_21d_088,EXP_FS_BC_21d,88,Bacterial Concrete,21,Flexural Strength,False,4.166,4.7132,0.5472
TabPFN_FineTuned_v2.5,V2_ENGINEERED,3,FS_BC_21d_089,EXP_FS_BC_21d,89,Bacterial Concrete,21,Flexural Strength,False,4.504,4.7132,0.2092
TabPFN_FineTuned_v2.5,V2_ENGINEERED,3,FS_BC_21d_090,EXP_FS_BC_21d,90,Bacterial Concrete,21,Flexural Strength,False,4.448,4.7132,0.2652
TabPFN_FineTuned_v2.5,V2_ENGINEERED,3,FS_BC_21d_091,EXP_FS_BC_21d,91,Bacterial Concrete,21,Flexural Strength,False,4.756,4.7132,-0.0428
TabPFN_FineTuned_v2.5,V2_ENGINEERED,3,FS_BC_21d_092,EXP_FS_BC_21d,92,Bacterial Concrete,21,Flexural Strength,False,5.16,4.7132,-0.4468
TabPFN_FineTuned_v2.5,V2_ENGINEERED,3,FS_BC_21d_093,EXP_FS_BC_21d,93,Bacterial Concrete,21,Flexural Strength,False,4.876,4.7132,-0.1628
TabPFN_FineTuned_v2.5,V2_ENGINEERED,3,FS_BC_21d_094,EXP_FS_BC_21d,94,Bacterial Concrete,21,Flexural Strength,False,4.231,4.7132,0.4822
TabPFN_FineTuned_v2.5,V2_ENGINEERED,3,FS_BC_21d_095,EXP_FS_BC_21d,95,Bacterial Concrete,21,Flexural Strength,False,4.882,4.7132,-0.1688
TabPFN_FineTuned_v2.5,V2_ENGINEERED,3,FS_BC_21d_096,EXP_FS_BC_21d,96,Bacterial Concrete,21,Flexural Strength,False,4.559,4.7132,0.1542
TabPFN_FineTuned_v2.5,V2_ENGINEERED,3,FS_BC_21d_097,EXP_FS_BC_21d,97,Bacterial Concrete,21,Flexural Strength,False,4.644,4.7132,0.0692
TabPFN_FineTuned_v2.5,V2_ENGINEERED,3,FS_BC_21d_098,EXP_FS_BC_21d,98,Bacterial Concrete,21,Flexural Strength,False,4.554,4.7132,0.1592
TabPFN_FineTuned_v2.5,V2_ENGINEERED,3,FS_BC_21d_099,EXP_FS_BC_21d,99,Bacterial Concrete,21,Flexural Strength,False,4.315,4.7132,0.3982
TabPFN_FineTuned_v2.5,V2_ENGINEERED,3,FS_BC_21d_100,EXP_FS_BC_21d,100,Bacterial Concrete,21,Flexural Strength,False,4.209,4.7132,0.5042
TabPFN_FineTuned_v2.5,V2_ENGINEERED,3,TS_NC_28d_001,EXP_TS_NC_28d,1,Normal Concrete,28,Split Tensile Strength,False,2.815,2.6224,-0.1926
TabPFN_FineTuned_v2.5,V2_ENGINEERED,3,TS_NC_28d_002,EXP_TS_NC_28d,2,Normal Concrete,28,Split Tensile Strength,False,2.576,2.6224,0.0464
TabPFN_FineTuned_v2.5,V2_ENGINEERED,3,TS_NC_28d_003,EXP_TS_NC_28d,3,Normal Concrete,28,Split Tensile Strength,False,2.601,2.6224,0.0214
TabPFN_FineTuned_v2.5,V2_ENGINEERED,3,TS_NC_28d_004,EXP_TS_NC_28d,4,Normal Concrete,28,Split Tensile Strength,False,2.792,2.6224,-0.1696
TabPFN_FineTuned_v2.5,V2_ENGINEERED,3,TS_NC_28d_005,EXP_TS_NC_28d,5,Normal Concrete,28,Split Tensile Strength,False,2.678,2.6224,-0.0556
TabPFN_FineTuned_v2.5,V2_ENGINEERED,3,TS_NC_28d_006,EXP_TS_NC_28d,6,Normal Concrete,28,Split Tensile Strength,False,2.897,2.6224,-0.2746
TabPFN_FineTuned_v2.5,V2_ENGINEERED,3,TS_NC_28d_007,EXP_TS_NC_28d,7,Normal Concrete,28,Split Tensile Strength,False,2.594,2.6224,0.0284
TabPFN_FineTuned_v2.5,V2_ENGINEERED,3,TS_NC_28d_008,EXP_TS_NC_28d,8,Normal Concrete,28,Split Tensile Strength,False,2.813,2.6224,-0.1906
TabPFN_FineTuned_v2.5,V2_ENGINEERED,3,TS_NC_28d_009,EXP_TS_NC_28d,9,Normal Concrete,28,Split Tensile Strength,False,2.751,2.6224,-0.1286
TabPFN_FineTuned_v2.5,V2_ENGINEERED,3,TS_NC_28d_010,EXP_TS_NC_28d,10,Normal Concrete,28,Split Tensile Strength,False,2.681,2.6224,-0.0586
TabPFN_FineTuned_v2.5,V2_ENGINEERED,3,TS_NC_28d_011,EXP_TS_NC_28d,11,Normal Concrete,28,Split Tensile Strength,False,2.876,2.6224,-0.2536
TabPFN_FineTuned_v2.5,V2_ENGINEERED,3,TS_NC_28d_012,EXP_TS_NC_28d,12,Normal Concrete,28,Split Tensile Strength,False,2.802,2.6224,-0.1796
TabPFN_FineTuned_v2.5,V2_ENGINEERED,3,TS_NC_28d_013,EXP_TS_NC_28d,13,Normal Concrete,28,Split Tensile Strength,False,2.549,2.6224,0.0734
TabPFN_FineTuned_v2.5,V2_ENGINEERED,3,TS_NC_28d_014,EXP_TS_NC_28d,14,Normal Concrete,28,Split Tensile Strength,False,2.796,2.6224,-0.1736
TabPFN_FineTuned_v2.5,V2_ENGINEERED,3,TS_NC_28d_015,EXP_TS_NC_28d,15,Normal Concrete,28,Split Tensile Strength,False,2.906,2.6224,-0.2836
TabPFN_FineTuned_v2.5,V2_ENGINEERED,3,TS_NC_28d_016,EXP_TS_NC_28d,16,Normal Concrete,28,Split Tensile Strength,False,2.68,2.6224,-0.0576
TabPFN_FineTuned_v2.5,V2_ENGINEERED,3,TS_NC_28d_017,EXP_TS_NC_28d,17,Normal Concrete,28,Split Tensile Strength,False,2.663,2.6224,-0.0406
TabPFN_FineTuned_v2.5,V2_ENGINEERED,3,TS_NC_28d_018,EXP_TS_NC_28d,18,Normal Concrete,28,Split Tensile Strength,False,2.6,2.6224,0.0224
TabPFN_FineTuned_v2.5,V2_ENGINEERED,3,TS_NC_28d_019,EXP_TS_NC_28d,19,Normal Concrete,28,Split Tensile Strength,False,2.698,2.6224,-0.0756
TabPFN_FineTuned_v2.5,V2_ENGINEERED,3,TS_NC_28d_020,EXP_TS_NC_28d,20,Normal Concrete,28,Split Tensile Strength,False,2.803,2.6224,-0.1806
TabPFN_FineTuned_v2.5,V2_ENGINEERED,3,TS_NC_28d_021,EXP_TS_NC_28d,21,Normal Concrete,28,Split Tensile Strength,False,2.577,2.6224,0.0454
TabPFN_FineTuned_v2.5,V2_ENGINEERED,3,TS_NC_28d_022,EXP_TS_NC_28d,22,Normal Concrete,28,Split Tensile Strength,False,2.498,2.6224,0.1244
TabPFN_FineTuned_v2.5,V2_ENGINEERED,3,TS_NC_28d_023,EXP_TS_NC_28d,23,Normal Concrete,28,Split Tensile Strength,False,2.644,2.6224,-0.0216
TabPFN_FineTuned_v2.5,V2_ENGINEERED,3,TS_NC_28d_024,EXP_TS_NC_28d,24,Normal Concrete,28,Split Tensile Strength,False,2.493,2.6224,0.1294
TabPFN_FineTuned_v2.5,V2_ENGINEERED,3,TS_NC_28d_025,EXP_TS_NC_28d,25,Normal Concrete,28,Split Tensile Strength,False,2.778,2.6224,-0.1556
TabPFN_FineTuned_v2.5,V2_ENGINEERED,3,TS_NC_28d_026,EXP_TS_NC_28d,26,Normal Concrete,28,Split Tensile Strength,False,2.636,2.6224,-0.0136
TabPFN_FineTuned_v2.5,V2_ENGINEERED,3,TS_NC_28d_027,EXP_TS_NC_28d,27,Normal Concrete,28,Split Tensile Strength,False,2.437,2.6224,0.1854
TabPFN_FineTuned_v2.5,V2_ENGINEERED,3,TS_NC_28d_028,EXP_TS_NC_28d,28,Normal Concrete,28,Split Tensile Strength,False,2.648,2.6224,-0.0256
TabPFN_FineTuned_v2.5,V2_ENGINEERED,3,TS_NC_28d_029,EXP_TS_NC_28d,29,Normal Concrete,28,Split Tensile Strength,False,2.671,2.6224,-0.0486
TabPFN_FineTuned_v2.5,V2_ENGINEERED,3,TS_NC_28d_030,EXP_TS_NC_28d,30,Normal Concrete,28,Split Tensile Strength,False,2.767,2.6224,-0.1446
TabPFN_FineTuned_v2.5,V2_ENGINEERED,3,TS_NC_28d_031,EXP_TS_NC_28d,31,Normal Concrete,28,Split Tensile Strength,False,2.678,2.6224,-0.0556
TabPFN_FineTuned_v2.5,V2_ENGINEERED,3,TS_NC_28d_032,EXP_TS_NC_28d,32,Normal Concrete,28,Split Tensile Strength,False,2.98,2.6224,-0.3576
TabPFN_FineTuned_v2.5,V2_ENGINEERED,3,TS_NC_28d_033,EXP_TS_NC_28d,33,Normal Concrete,28,Split Tensile Strength,False,2.622,2.6224,0.0004
TabPFN_FineTuned_v2.5,V2_ENGINEERED,3,TS_NC_28d_034,EXP_TS_NC_28d,34,Normal Concrete,28,Split Tensile Strength,False,2.691,2.6224,-0.0686
TabPFN_FineTuned_v2.5,V2_ENGINEERED,3,TS_NC_28d_035,EXP_TS_NC_28d,35,Normal Concrete,28,Split Tensile Strength,False,2.685,2.6224,-0.0626
TabPFN_FineTuned_v2.5,V2_ENGINEERED,3,TS_NC_28d_036,EXP_TS_NC_28d,36,Normal Concrete,28,Split Tensile Strength,False,2.658,2.6224,-0.0356
TabPFN_FineTuned_v2.5,V2_ENGINEERED,3,TS_NC_28d_037,EXP_TS_NC_28d,37,Normal Concrete,28,Split Tensile Strength,False,2.721,2.6224,-0.0986
TabPFN_FineTuned_v2.5,V2_ENGINEERED,3,TS_NC_28d_038,EXP_TS_NC_28d,38,Normal Concrete,28,Split Tensile Strength,False,2.781,2.6224,-0.1586
TabPFN_FineTuned_v2.5,V2_ENGINEERED,3,TS_NC_28d_039,EXP_TS_NC_28d,39,Normal Concrete,28,Split Tensile Strength,False,2.901,2.6224,-0.2786
TabPFN_FineTuned_v2.5,V2_ENGINEERED,3,TS_NC_28d_040,EXP_TS_NC_28d,40,Normal Concrete,28,Split Tensile Strength,False,2.465,2.6224,0.1574
TabPFN_FineTuned_v2.5,V2_ENGINEERED,3,TS_NC_28d_041,EXP_TS_NC_28d,41,Normal Concrete,28,Split Tensile Strength,False,2.623,2.6224,-0.0006
TabPFN_FineTuned_v2.5,V2_ENGINEERED,3,TS_NC_28d_042,EXP_TS_NC_28d,42,Normal Concrete,28,Split Tensile Strength,False,2.633,2.6224,-0.0106
TabPFN_FineTuned_v2.5,V2_ENGINEERED,3,TS_NC_28d_043,EXP_TS_NC_28d,43,Normal Concrete,28,Split Tensile Strength,False,2.841,2.6224,-0.2186
TabPFN_FineTuned_v2.5,V2_ENGINEERED,3,TS_NC_28d_044,EXP_TS_NC_28d,44,Normal Concrete,28,Split Tensile Strength,False,2.647,2.6224,-0.0246
TabPFN_FineTuned_v2.5,V2_ENGINEERED,3,TS_NC_28d_045,EXP_TS_NC_28d,45,Normal Concrete,28,Split Tensile Strength,False,2.416,2.6224,0.2064
TabPFN_FineTuned_v2.5,V2_ENGINEERED,3,TS_NC_28d_046,EXP_TS_NC_28d,46,Normal Concrete,28,Split Tensile Strength,False,2.713,2.6224,-0.0906
TabPFN_FineTuned_v2.5,V2_ENGINEERED,3,TS_NC_28d_047,EXP_TS_NC_28d,47,Normal Concrete,28,Split Tensile Strength,False,2.695,2.6224,-0.0726
TabPFN_FineTuned_v2.5,V2_ENGINEERED,3,TS_NC_28d_048,EXP_TS_NC_28d,48,Normal Concrete,28,Split Tensile Strength,False,2.727,2.6224,-0.1046
TabPFN_FineTuned_v2.5,V2_ENGINEERED,3,TS_NC_28d_049,EXP_TS_NC_28d,49,Normal Concrete,28,Split Tensile Strength,False,2.544,2.6224,0.0784
TabPFN_FineTuned_v2.5,V2_ENGINEERED,3,TS_NC_28d_050,EXP_TS_NC_28d,50,Normal Concrete,28,Split Tensile Strength,False,2.958,2.6224,-0.3356
TabPFN_FineTuned_v2.5,V2_ENGINEERED,3,TS_NC_28d_051,EXP_TS_NC_28d,51,Normal Concrete,28,Split Tensile Strength,False,2.651,2.6224,-0.0286
TabPFN_FineTuned_v2.5,V2_ENGINEERED,3,TS_NC_28d_052,EXP_TS_NC_28d,52,Normal Concrete,28,Split Tensile Strength,False,2.672,2.6224,-0.0496
TabPFN_FineTuned_v2.5,V2_ENGINEERED,3,TS_NC_28d_053,EXP_TS_NC_28d,53,Normal Concrete,28,Split Tensile Strength,False,2.565,2.6224,0.0574
TabPFN_FineTuned_v2.5,V2_ENGINEERED,3,TS_NC_28d_054,EXP_TS_NC_28d,54,Normal Concrete,28,Split Tensile Strength,False,2.56,2.6224,0.0624
TabPFN_FineTuned_v2.5,V2_ENGINEERED,3,TS_NC_28d_055,EXP_TS_NC_28d,55,Normal Concrete,28,Split Tensile Strength,False,2.517,2.6224,0.1054
TabPFN_FineTuned_v2.5,V2_ENGINEERED,3,TS_NC_28d_056,EXP_TS_NC_28d,56,Normal Concrete,28,Split Tensile Strength,False,2.641,2.6224,-0.0186
TabPFN_FineTuned_v2.5,V2_ENGINEERED,3,TS_NC_28d_057,EXP_TS_NC_28d,57,Normal Concrete,28,Split Tensile Strength,False,2.556,2.6224,0.0664
TabPFN_FineTuned_v2.5,V2_ENGINEERED,3,TS_NC_28d_058,EXP_TS_NC_28d,58,Normal Concrete,28,Split Tensile Strength,False,3.008,2.6224,-0.3856
TabPFN_FineTuned_v2.5,V2_ENGINEERED,3,TS_NC_28d_059,EXP_TS_NC_28d,59,Normal Concrete,28,Split Tensile Strength,False,2.417,2.6224,0.2054
TabPFN_FineTuned_v2.5,V2_ENGINEERED,3,TS_NC_28d_060,EXP_TS_NC_28d,60,Normal Concrete,28,Split Tensile Strength,False,2.531,2.6224,0.0914
TabPFN_FineTuned_v2.5,V2_ENGINEERED,3,TS_NC_28d_061,EXP_TS_NC_28d,61,Normal Concrete,28,Split Tensile Strength,False,2.64,2.6224,-0.0176
TabPFN_FineTuned_v2.5,V2_ENGINEERED,3,TS_NC_28d_062,EXP_TS_NC_28d,62,Normal Concrete,28,Split Tensile Strength,False,2.801,2.6224,-0.1786
TabPFN_FineTuned_v2.5,V2_ENGINEERED,3,TS_NC_28d_063,EXP_TS_NC_28d,63,Normal Concrete,28,Split Tensile Strength,False,2.638,2.6224,-0.0156
TabPFN_FineTuned_v2.5,V2_ENGINEERED,3,TS_NC_28d_064,EXP_TS_NC_28d,64,Normal Concrete,28,Split Tensile Strength,False,2.801,2.6224,-0.1786
TabPFN_FineTuned_v2.5,V2_ENGINEERED,3,TS_NC_28d_065,EXP_TS_NC_28d,65,Normal Concrete,28,Split Tensile Strength,False,2.552,2.6224,0.0704
TabPFN_FineTuned_v2.5,V2_ENGINEERED,3,TS_NC_28d_066,EXP_TS_NC_28d,66,Normal Concrete,28,Split Tensile Strength,False,2.709,2.6224,-0.0866
TabPFN_FineTuned_v2.5,V2_ENGINEERED,3,TS_NC_28d_067,EXP_TS_NC_28d,67,Normal Concrete,28,Split Tensile Strength,False,2.962,2.6224,-0.3396
TabPFN_FineTuned_v2.5,V2_ENGINEERED,3,TS_NC_28d_068,EXP_TS_NC_28d,68,Normal Concrete,28,Split Tensile Strength,False,2.555,2.6224,0.0674
TabPFN_FineTuned_v2.5,V2_ENGINEERED,3,TS_NC_28d_069,EXP_TS_NC_28d,69,Normal Concrete,28,Split Tensile Strength,False,2.763,2.6224,-0.1406
TabPFN_FineTuned_v2.5,V2_ENGINEERED,3,TS_NC_28d_070,EXP_TS_NC_28d,70,Normal Concrete,28,Split Tensile Strength,False,2.731,2.6224,-0.1086
TabPFN_FineTuned_v2.5,V2_ENGINEERED,3,TS_NC_28d_071,EXP_TS_NC_28d,71,Normal Concrete,28,Split Tensile Strength,False,2.362,2.6224,0.2604
TabPFN_FineTuned_v2.5,V2_ENGINEERED,3,TS_NC_28d_072,EXP_TS_NC_28d,72,Normal Concrete,28,Split Tensile Strength,False,2.612,2.6224,0.0104
TabPFN_FineTuned_v2.5,V2_ENGINEERED,3,TS_NC_28d_073,EXP_TS_NC_28d,73,Normal Concrete,28,Split Tensile Strength,False,2.87,2.6224,-0.2476
TabPFN_FineTuned_v2.5,V2_ENGINEERED,3,TS_NC_28d_074,EXP_TS_NC_28d,74,Normal Concrete,28,Split Tensile Strength,False,2.72,2.6224,-0.0976
TabPFN_FineTuned_v2.5,V2_ENGINEERED,3,TS_NC_28d_075,EXP_TS_NC_28d,75,Normal Concrete,28,Split Tensile Strength,False,2.518,2.6224,0.1044
TabPFN_FineTuned_v2.5,V2_ENGINEERED,3,TS_NC_28d_076,EXP_TS_NC_28d,76,Normal Concrete,28,Split Tensile Strength,False,2.804,2.6224,-0.1816
TabPFN_FineTuned_v2.5,V2_ENGINEERED,3,TS_NC_28d_077,EXP_TS_NC_28d,77,Normal Concrete,28,Split Tensile Strength,False,2.628,2.6224,-0.0056
TabPFN_FineTuned_v2.5,V2_ENGINEERED,3,TS_NC_28d_078,EXP_TS_NC_28d,78,Normal Concrete,28,Split Tensile Strength,False,2.754,2.6224,-0.1316
TabPFN_FineTuned_v2.5,V2_ENGINEERED,3,TS_NC_28d_079,EXP_TS_NC_28d,79,Normal Concrete,28,Split Tensile Strength,False,2.757,2.6224,-0.1346
TabPFN_FineTuned_v2.5,V2_ENGINEERED,3,TS_NC_28d_080,EXP_TS_NC_28d,80,Normal Concrete,28,Split Tensile Strength,False,2.532,2.6224,0.0904
TabPFN_FineTuned_v2.5,V2_ENGINEERED,3,TS_NC_28d_081,EXP_TS_NC_28d,81,Normal Concrete,28,Split Tensile Strength,False,2.818,2.6224,-0.1956
TabPFN_FineTuned_v2.5,V2_ENGINEERED,3,TS_NC_28d_082,EXP_TS_NC_28d,82,Normal Concrete,28,Split Tensile Strength,False,2.549,2.6224,0.0734
TabPFN_FineTuned_v2.5,V2_ENGINEERED,3,TS_NC_28d_083,EXP_TS_NC_28d,83,Normal Concrete,28,Split Tensile Strength,False,2.504,2.6224,0.1184
TabPFN_FineTuned_v2.5,V2_ENGINEERED,3,TS_NC_28d_084,EXP_TS_NC_28d,84,Normal Concrete,28,Split Tensile Strength,False,2.568,2.6224,0.0544
TabPFN_FineTuned_v2.5,V2_ENGINEERED,3,TS_NC_28d_085,EXP_TS_NC_28d,85,Normal Concrete,28,Split Tensile Strength,False,2.648,2.6224,-0.0256
TabPFN_FineTuned_v2.5,V2_ENGINEERED,3,TS_NC_28d_086,EXP_TS_NC_28d,86,Normal Concrete,28,Split Tensile Strength,False,2.716,2.6224,-0.0936
TabPFN_FineTuned_v2.5,V2_ENGINEERED,3,TS_NC_28d_087,EXP_TS_NC_28d,87,Normal Concrete,28,Split Tensile Strength,False,2.584,2.6224,0.0384
TabPFN_FineTuned_v2.5,V2_ENGINEERED,3,TS_NC_28d_088,EXP_TS_NC_28d,88,Normal Concrete,28,Split Tensile Strength,False,2.812,2.6224,-0.1896
TabPFN_FineTuned_v2.5,V2_ENGINEERED,3,TS_NC_28d_089,EXP_TS_NC_28d,89,Normal Concrete,28,Split Tensile Strength,False,2.738,2.6224,-0.1156
TabPFN_FineTuned_v2.5,V2_ENGINEERED,3,TS_NC_28d_090,EXP_TS_NC_28d,90,Normal Concrete,28,Split Tensile Strength,False,2.596,2.6224,0.0264
TabPFN_FineTuned_v2.5,V2_ENGINEERED,3,TS_NC_28d_091,EXP_TS_NC_28d,91,Normal Concrete,28,Split Tensile Strength,False,2.833,2.6224,-0.2106
TabPFN_FineTuned_v2.5,V2_ENGINEERED,3,TS_NC_28d_092,EXP_TS_NC_28d,92,Normal Concrete,28,Split Tensile Strength,False,2.874,2.6224,-0.2516
TabPFN_FineTuned_v2.5,V2_ENGINEERED,3,TS_NC_28d_093,EXP_TS_NC_28d,93,Normal Concrete,28,Split Tensile Strength,False,2.685,2.6224,-0.0626
TabPFN_FineTuned_v2.5,V2_ENGINEERED,3,TS_NC_28d_094,EXP_TS_NC_28d,94,Normal Concrete,28,Split Tensile Strength,False,2.668,2.6224,-0.0456
TabPFN_FineTuned_v2.5,V2_ENGINEERED,3,TS_NC_28d_095,EXP_TS_NC_28d,95,Normal Concrete,28,Split Tensile Strength,False,2.434,2.6224,0.1884
TabPFN_FineTuned_v2.5,V2_ENGINEERED,3,TS_NC_28d_096,EXP_TS_NC_28d,96,Normal Concrete,28,Split Tensile Strength,False,2.639,2.6224,-0.0166
TabPFN_FineTuned_v2.5,V2_ENGINEERED,3,TS_NC_28d_097,EXP_TS_NC_28d,97,Normal Concrete,28,Split Tensile Strength,False,2.656,2.6224,-0.0336
TabPFN_FineTuned_v2.5,V2_ENGINEERED,3,TS_NC_28d_098,EXP_TS_NC_28d,98,Normal Concrete,28,Split Tensile Strength,False,2.737,2.6224,-0.1146
TabPFN_FineTuned_v2.5,V2_ENGINEERED,3,TS_NC_28d_099,EXP_TS_NC_28d,99,Normal Concrete,28,Split Tensile Strength,False,2.675,2.6224,-0.0526
TabPFN_FineTuned_v2.5,V2_ENGINEERED,3,TS_NC_28d_100,EXP_TS_NC_28d,100,Normal Concrete,28,Split Tensile Strength,False,2.737,2.6224,-0.1146
TabPFN_FineTuned_v2.5,V2_ENGINEERED,3,TS_BC_21d_001,EXP_TS_BC_21d,1,Bacterial Concrete,21,Split Tensile Strength,False,2.882,2.9226,0.0406
TabPFN_FineTuned_v2.5,V2_ENGINEERED,3,TS_BC_21d_002,EXP_TS_BC_21d,2,Bacterial Concrete,21,Split Tensile Strength,False,2.599,2.9226,0.3236
TabPFN_FineTuned_v2.5,V2_ENGINEERED,3,TS_BC_21d_003,EXP_TS_BC_21d,3,Bacterial Concrete,21,Split Tensile Strength,False,2.762,2.9226,0.1606
TabPFN_FineTuned_v2.5,V2_ENGINEERED,3,TS_BC_21d_004,EXP_TS_BC_21d,4,Bacterial Concrete,21,Split Tensile Strength,False,2.925,2.9226,-0.0024
TabPFN_FineTuned_v2.5,V2_ENGINEERED,3,TS_BC_21d_005,EXP_TS_BC_21d,5,Bacterial Concrete,21,Split Tensile Strength,False,2.702,2.9226,0.2206
TabPFN_FineTuned_v2.5,V2_ENGINEERED,3,TS_BC_21d_006,EXP_TS_BC_21d,6,Bacterial Concrete,21,Split Tensile Strength,False,3.09,2.9226,-0.1674
TabPFN_FineTuned_v2.5,V2_ENGINEERED,3,TS_BC_21d_007,EXP_TS_BC_21d,7,Bacterial Concrete,21,Split Tensile Strength,False,2.974,2.9226,-0.0514
TabPFN_FineTuned_v2.5,V2_ENGINEERED,3,TS_BC_21d_008,EXP_TS_BC_21d,8,Bacterial Concrete,21,Split Tensile Strength,False,2.823,2.9226,0.0996
TabPFN_FineTuned_v2.5,V2_ENGINEERED,3,TS_BC_21d_009,EXP_TS_BC_21d,9,Bacterial Concrete,21,Split Tensile Strength,False,2.867,2.9226,0.0556
TabPFN_FineTuned_v2.5,V2_ENGINEERED,3,TS_BC_21d_010,EXP_TS_BC_21d,10,Bacterial Concrete,21,Split Tensile Strength,False,3.179,2.9226,-0.2564
TabPFN_FineTuned_v2.5,V2_ENGINEERED,3,TS_BC_21d_011,EXP_TS_BC_21d,11,Bacterial Concrete,21,Split Tensile Strength,False,3.04,2.9226,-0.1174
TabPFN_FineTuned_v2.5,V2_ENGINEERED,3,TS_BC_21d_012,EXP_TS_BC_21d,12,Bacterial Concrete,21,Split Tensile Strength,False,2.957,2.9226,-0.0344
TabPFN_FineTuned_v2.5,V2_ENGINEERED,3,TS_BC_21d_013,EXP_TS_BC_21d,13,Bacterial Concrete,21,Split Tensile Strength,False,2.688,2.9226,0.2346
TabPFN_FineTuned_v2.5,V2_ENGINEERED,3,TS_BC_21d_014,EXP_TS_BC_21d,14,Bacterial Concrete,21,Split Tensile Strength,False,3.144,2.9226,-0.2214
TabPFN_FineTuned_v2.5,V2_ENGINEERED,3,TS_BC_21d_015,EXP_TS_BC_21d,15,Bacterial Concrete,21,Split Tensile Strength,False,3.058,2.9226,-0.1354
TabPFN_FineTuned_v2.5,V2_ENGINEERED,3,TS_BC_21d_016,EXP_TS_BC_21d,16,Bacterial Concrete,21,Split Tensile Strength,False,2.878,2.9226,0.0446
TabPFN_FineTuned_v2.5,V2_ENGINEERED,3,TS_BC_21d_017,EXP_TS_BC_21d,17,Bacterial Concrete,21,Split Tensile Strength,False,2.818,2.9226,0.1046
TabPFN_FineTuned_v2.5,V2_ENGINEERED,3,TS_BC_21d_018,EXP_TS_BC_21d,18,Bacterial Concrete,21,Split Tensile Strength,False,2.872,2.9226,0.0506
TabPFN_FineTuned_v2.5,V2_ENGINEERED,3,TS_BC_21d_019,EXP_TS_BC_21d,19,Bacterial Concrete,21,Split Tensile Strength,False,2.72,2.9226,0.2026
TabPFN_FineTuned_v2.5,V2_ENGINEERED,3,TS_BC_21d_020,EXP_TS_BC_21d,20,Bacterial Concrete,21,Split Tensile Strength,False,2.829,2.9226,0.0936
TabPFN_FineTuned_v2.5,V2_ENGINEERED,3,TS_BC_21d_021,EXP_TS_BC_21d,21,Bacterial Concrete,21,Split Tensile Strength,False,3.014,2.9226,-0.0914
TabPFN_FineTuned_v2.5,V2_ENGINEERED,3,TS_BC_21d_022,EXP_TS_BC_21d,22,Bacterial Concrete,21,Split Tensile Strength,False,2.629,2.9226,0.2936
TabPFN_FineTuned_v2.5,V2_ENGINEERED,3,TS_BC_21d_023,EXP_TS_BC_21d,23,Bacterial Concrete,21,Split Tensile Strength,False,2.853,2.9226,0.0696
TabPFN_FineTuned_v2.5,V2_ENGINEERED,3,TS_BC_21d_024,EXP_TS_BC_21d,24,Bacterial Concrete,21,Split Tensile Strength,False,2.917,2.9226,0.0056
TabPFN_FineTuned_v2.5,V2_ENGINEERED,3,TS_BC_21d_025,EXP_TS_BC_21d,25,Bacterial Concrete,21,Split Tensile Strength,False,2.916,2.9226,0.0066
TabPFN_FineTuned_v2.5,V2_ENGINEERED,3,TS_BC_21d_026,EXP_TS_BC_21d,26,Bacterial Concrete,21,Split Tensile Strength,False,2.723,2.9226,0.1996
TabPFN_FineTuned_v2.5,V2_ENGINEERED,3,TS_BC_21d_027,EXP_TS_BC_21d,27,Bacterial Concrete,21,Split Tensile Strength,False,2.723,2.9226,0.1996
TabPFN_FineTuned_v2.5,V2_ENGINEERED,3,TS_BC_21d_028,EXP_TS_BC_21d,28,Bacterial Concrete,21,Split Tensile Strength,False,3.063,2.9226,-0.1404
TabPFN_FineTuned_v2.5,V2_ENGINEERED,3,TS_BC_21d_029,EXP_TS_BC_21d,29,Bacterial Concrete,21,Split Tensile Strength,False,2.716,2.9226,0.2066
TabPFN_FineTuned_v2.5,V2_ENGINEERED,3,TS_BC_21d_030,EXP_TS_BC_21d,30,Bacterial Concrete,21,Split Tensile Strength,False,3.051,2.9226,-0.1284
TabPFN_FineTuned_v2.5,V2_ENGINEERED,3,TS_BC_21d_031,EXP_TS_BC_21d,31,Bacterial Concrete,21,Split Tensile Strength,False,2.828,2.9226,0.0946
TabPFN_FineTuned_v2.5,V2_ENGINEERED,3,TS_BC_21d_032,EXP_TS_BC_21d,32,Bacterial Concrete,21,Split Tensile Strength,False,3.062,2.9226,-0.1394
TabPFN_FineTuned_v2.5,V2_ENGINEERED,3,TS_BC_21d_033,EXP_TS_BC_21d,33,Bacterial Concrete,21,Split Tensile Strength,False,2.837,2.9226,0.0856
TabPFN_FineTuned_v2.5,V2_ENGINEERED,3,TS_BC_21d_034,EXP_TS_BC_21d,34,Bacterial Concrete,21,Split Tensile Strength,False,2.725,2.9226,0.1976
TabPFN_FineTuned_v2.5,V2_ENGINEERED,3,TS_BC_21d_035,EXP_TS_BC_21d,35,Bacterial Concrete,21,Split Tensile Strength,False,3.028,2.9226,-0.1054
TabPFN_FineTuned_v2.5,V2_ENGINEERED,3,TS_BC_21d_036,EXP_TS_BC_21d,36,Bacterial Concrete,21,Split Tensile Strength,False,2.897,2.9226,0.0256
TabPFN_FineTuned_v2.5,V2_ENGINEERED,3,TS_BC_21d_037,EXP_TS_BC_21d,37,Bacterial Concrete,21,Split Tensile Strength,False,3.117,2.9226,-0.1944
TabPFN_FineTuned_v2.5,V2_ENGINEERED,3,TS_BC_21d_038,EXP_TS_BC_21d,38,Bacterial Concrete,21,Split Tensile Strength,False,3.034,2.9226,-0.1114
TabPFN_FineTuned_v2.5,V2_ENGINEERED,3,TS_BC_21d_039,EXP_TS_BC_21d,39,Bacterial Concrete,21,Split Tensile Strength,False,2.866,2.9226,0.0566
TabPFN_FineTuned_v2.5,V2_ENGINEERED,3,TS_BC_21d_040,EXP_TS_BC_21d,40,Bacterial Concrete,21,Split Tensile Strength,False,2.833,2.9226,0.0896
TabPFN_FineTuned_v2.5,V2_ENGINEERED,3,TS_BC_21d_041,EXP_TS_BC_21d,41,Bacterial Concrete,21,Split Tensile Strength,False,2.904,2.9226,0.0186
TabPFN_FineTuned_v2.5,V2_ENGINEERED,3,TS_BC_21d_042,EXP_TS_BC_21d,42,Bacterial Concrete,21,Split Tensile Strength,False,2.929,2.9226,-0.0064
TabPFN_FineTuned_v2.5,V2_ENGINEERED,3,TS_BC_21d_043,EXP_TS_BC_21d,43,Bacterial Concrete,21,Split Tensile Strength,False,2.768,2.9226,0.1546
TabPFN_FineTuned_v2.5,V2_ENGINEERED,3,TS_BC_21d_044,EXP_TS_BC_21d,44,Bacterial Concrete,21,Split Tensile Strength,False,3.026,2.9226,-0.1034
TabPFN_FineTuned_v2.5,V2_ENGINEERED,3,TS_BC_21d_045,EXP_TS_BC_21d,45,Bacterial Concrete,21,Split Tensile Strength,False,2.84,2.9226,0.0826
TabPFN_FineTuned_v2.5,V2_ENGINEERED,3,TS_BC_21d_046,EXP_TS_BC_21d,46,Bacterial Concrete,21,Split Tensile Strength,False,2.837,2.9226,0.0856
TabPFN_FineTuned_v2.5,V2_ENGINEERED,3,TS_BC_21d_047,EXP_TS_BC_21d,47,Bacterial Concrete,21,Split Tensile Strength,False,2.819,2.9226,0.1036
TabPFN_FineTuned_v2.5,V2_ENGINEERED,3,TS_BC_21d_048,EXP_TS_BC_21d,48,Bacterial Concrete,21,Split Tensile Strength,False,2.935,2.9226,-0.0124
TabPFN_FineTuned_v2.5,V2_ENGINEERED,3,TS_BC_21d_049,EXP_TS_BC_21d,49,Bacterial Concrete,21,Split Tensile Strength,False,2.796,2.9226,0.1266
TabPFN_FineTuned_v2.5,V2_ENGINEERED,3,TS_BC_21d_050,EXP_TS_BC_21d,50,Bacterial Concrete,21,Split Tensile Strength,False,2.92,2.9226,0.0026
TabPFN_FineTuned_v2.5,V2_ENGINEERED,3,TS_BC_21d_051,EXP_TS_BC_21d,51,Bacterial Concrete,21,Split Tensile Strength,False,3.315,2.9226,-0.3924
TabPFN_FineTuned_v2.5,V2_ENGINEERED,3,TS_BC_21d_052,EXP_TS_BC_21d,52,Bacterial Concrete,21,Split Tensile Strength,False,2.892,2.9226,0.0306
TabPFN_FineTuned_v2.5,V2_ENGINEERED,3,TS_BC_21d_053,EXP_TS_BC_21d,53,Bacterial Concrete,21,Split Tensile Strength,False,2.835,2.9226,0.0876
TabPFN_FineTuned_v2.5,V2_ENGINEERED,3,TS_BC_21d_054,EXP_TS_BC_21d,54,Bacterial Concrete,21,Split Tensile Strength,False,2.65,2.9226,0.2726
TabPFN_FineTuned_v2.5,V2_ENGINEERED,3,TS_BC_21d_055,EXP_TS_BC_21d,55,Bacterial Concrete,21,Split Tensile Strength,False,2.908,2.9226,0.0146
TabPFN_FineTuned_v2.5,V2_ENGINEERED,3,TS_BC_21d_056,EXP_TS_BC_21d,56,Bacterial Concrete,21,Split Tensile Strength,False,2.734,2.9226,0.1886
TabPFN_FineTuned_v2.5,V2_ENGINEERED,3,TS_BC_21d_057,EXP_TS_BC_21d,57,Bacterial Concrete,21,Split Tensile Strength,False,2.844,2.9226,0.0786
TabPFN_FineTuned_v2.5,V2_ENGINEERED,3,TS_BC_21d_058,EXP_TS_BC_21d,58,Bacterial Concrete,21,Split Tensile Strength,False,2.923,2.9226,-0.0004
TabPFN_FineTuned_v2.5,V2_ENGINEERED,3,TS_BC_21d_059,EXP_TS_BC_21d,59,Bacterial Concrete,21,Split Tensile Strength,False,2.64,2.9226,0.2826
TabPFN_FineTuned_v2.5,V2_ENGINEERED,3,TS_BC_21d_060,EXP_TS_BC_21d,60,Bacterial Concrete,21,Split Tensile Strength,False,2.924,2.9226,-0.0014
TabPFN_FineTuned_v2.5,V2_ENGINEERED,3,TS_BC_21d_061,EXP_TS_BC_21d,61,Bacterial Concrete,21,Split Tensile Strength,False,2.946,2.9226,-0.0234
TabPFN_FineTuned_v2.5,V2_ENGINEERED,3,TS_BC_21d_062,EXP_TS_BC_21d,62,Bacterial Concrete,21,Split Tensile Strength,False,2.705,2.9226,0.2176
TabPFN_FineTuned_v2.5,V2_ENGINEERED,3,TS_BC_21d_063,EXP_TS_BC_21d,63,Bacterial Concrete,21,Split Tensile Strength,False,2.841,2.9226,0.0816
TabPFN_FineTuned_v2.5,V2_ENGINEERED,3,TS_BC_21d_064,EXP_TS_BC_21d,64,Bacterial Concrete,21,Split Tensile Strength,False,2.625,2.9226,0.2976
TabPFN_FineTuned_v2.5,V2_ENGINEERED,3,TS_BC_21d_065,EXP_TS_BC_21d,65,Bacterial Concrete,21,Split Tensile Strength,False,3.136,2.9226,-0.2134
TabPFN_FineTuned_v2.5,V2_ENGINEERED,3,TS_BC_21d_066,EXP_TS_BC_21d,66,Bacterial Concrete,21,Split Tensile Strength,False,2.95,2.9226,-0.0274
TabPFN_FineTuned_v2.5,V2_ENGINEERED,3,TS_BC_21d_067,EXP_TS_BC_21d,67,Bacterial Concrete,21,Split Tensile Strength,False,2.873,2.9226,0.0496
TabPFN_FineTuned_v2.5,V2_ENGINEERED,3,TS_BC_21d_068,EXP_TS_BC_21d,68,Bacterial Concrete,21,Split Tensile Strength,False,2.875,2.9226,0.0476
TabPFN_FineTuned_v2.5,V2_ENGINEERED,3,TS_BC_21d_069,EXP_TS_BC_21d,69,Bacterial Concrete,21,Split Tensile Strength,False,3.07,2.9226,-0.1474
TabPFN_FineTuned_v2.5,V2_ENGINEERED,3,TS_BC_21d_070,EXP_TS_BC_21d,70,Bacterial Concrete,21,Split Tensile Strength,False,2.886,2.9226,0.0366
TabPFN_FineTuned_v2.5,V2_ENGINEERED,3,TS_BC_21d_071,EXP_TS_BC_21d,71,Bacterial Concrete,21,Split Tensile Strength,False,2.95,2.9226,-0.0274
TabPFN_FineTuned_v2.5,V2_ENGINEERED,3,TS_BC_21d_072,EXP_TS_BC_21d,72,Bacterial Concrete,21,Split Tensile Strength,False,3.128,2.9226,-0.2054
TabPFN_FineTuned_v2.5,V2_ENGINEERED,3,TS_BC_21d_073,EXP_TS_BC_21d,73,Bacterial Concrete,21,Split Tensile Strength,False,2.848,2.9226,0.0746
TabPFN_FineTuned_v2.5,V2_ENGINEERED,3,TS_BC_21d_074,EXP_TS_BC_21d,74,Bacterial Concrete,21,Split Tensile Strength,False,2.736,2.9226,0.1866
TabPFN_FineTuned_v2.5,V2_ENGINEERED,3,TS_BC_21d_075,EXP_TS_BC_21d,75,Bacterial Concrete,21,Split Tensile Strength,False,2.776,2.9226,0.1466
TabPFN_FineTuned_v2.5,V2_ENGINEERED,3,TS_BC_21d_076,EXP_TS_BC_21d,76,Bacterial Concrete,21,Split Tensile Strength,False,3.114,2.9226,-0.1914
TabPFN_FineTuned_v2.5,V2_ENGINEERED,3,TS_BC_21d_077,EXP_TS_BC_21d,77,Bacterial Concrete,21,Split Tensile Strength,False,2.914,2.9226,0.0086
TabPFN_FineTuned_v2.5,V2_ENGINEERED,3,TS_BC_21d_078,EXP_TS_BC_21d,78,Bacterial Concrete,21,Split Tensile Strength,False,2.825,2.9226,0.0976
TabPFN_FineTuned_v2.5,V2_ENGINEERED,3,TS_BC_21d_079,EXP_TS_BC_21d,79,Bacterial Concrete,21,Split Tensile Strength,False,3.046,2.9226,-0.1234
TabPFN_FineTuned_v2.5,V2_ENGINEERED,3,TS_BC_21d_080,EXP_TS_BC_21d,80,Bacterial Concrete,21,Split Tensile Strength,False,3.05,2.9226,-0.1274
TabPFN_FineTuned_v2.5,V2_ENGINEERED,3,TS_BC_21d_081,EXP_TS_BC_21d,81,Bacterial Concrete,21,Split Tensile Strength,False,2.829,2.9226,0.0936
TabPFN_FineTuned_v2.5,V2_ENGINEERED,3,TS_BC_21d_082,EXP_TS_BC_21d,82,Bacterial Concrete,21,Split Tensile Strength,False,2.754,2.9226,0.1686
TabPFN_FineTuned_v2.5,V2_ENGINEERED,3,TS_BC_21d_083,EXP_TS_BC_21d,83,Bacterial Concrete,21,Split Tensile Strength,False,2.664,2.9226,0.2586
TabPFN_FineTuned_v2.5,V2_ENGINEERED,3,TS_BC_21d_084,EXP_TS_BC_21d,84,Bacterial Concrete,21,Split Tensile Strength,False,2.631,2.9226,0.2916
TabPFN_FineTuned_v2.5,V2_ENGINEERED,3,TS_BC_21d_085,EXP_TS_BC_21d,85,Bacterial Concrete,21,Split Tensile Strength,False,2.86,2.9226,0.0626
TabPFN_FineTuned_v2.5,V2_ENGINEERED,3,TS_BC_21d_086,EXP_TS_BC_21d,86,Bacterial Concrete,21,Split Tensile Strength,False,2.766,2.9226,0.1566
TabPFN_FineTuned_v2.5,V2_ENGINEERED,3,TS_BC_21d_087,EXP_TS_BC_21d,87,Bacterial Concrete,21,Split Tensile Strength,False,3.179,2.9226,-0.2564
TabPFN_FineTuned_v2.5,V2_ENGINEERED,3,TS_BC_21d_088,EXP_TS_BC_21d,88,Bacterial Concrete,21,Split Tensile Strength,False,2.909,2.9226,0.0136
TabPFN_FineTuned_v2.5,V2_ENGINEERED,3,TS_BC_21d_089,EXP_TS_BC_21d,89,Bacterial Concrete,21,Split Tensile Strength,False,2.609,2.9226,0.3136
TabPFN_FineTuned_v2.5,V2_ENGINEERED,3,TS_BC_21d_090,EXP_TS_BC_21d,90,Bacterial Concrete,21,Split Tensile Strength,False,3.113,2.9226,-0.1904
TabPFN_FineTuned_v2.5,V2_ENGINEERED,3,TS_BC_21d_091,EXP_TS_BC_21d,91,Bacterial Concrete,21,Split Tensile Strength,False,2.924,2.9226,-0.0014
TabPFN_FineTuned_v2.5,V2_ENGINEERED,3,TS_BC_21d_092,EXP_TS_BC_21d,92,Bacterial Concrete,21,Split Tensile Strength,False,3.006,2.9226,-0.0834
TabPFN_FineTuned_v2.5,V2_ENGINEERED,3,TS_BC_21d_093,EXP_TS_BC_21d,93,Bacterial Concrete,21,Split Tensile Strength,False,3.002,2.9226,-0.0794
TabPFN_FineTuned_v2.5,V2_ENGINEERED,3,TS_BC_21d_094,EXP_TS_BC_21d,94,Bacterial Concrete,21,Split Tensile Strength,False,2.944,2.9226,-0.0214
TabPFN_FineTuned_v2.5,V2_ENGINEERED,3,TS_BC_21d_095,EXP_TS_BC_21d,95,Bacterial Concrete,21,Split Tensile Strength,False,2.979,2.9226,-0.0564
TabPFN_FineTuned_v2.5,V2_ENGINEERED,3,TS_BC_21d_096,EXP_TS_BC_21d,96,Bacterial Concrete,21,Split Tensile Strength,False,2.936,2.9226,-0.0134
TabPFN_FineTuned_v2.5,V2_ENGINEERED,3,TS_BC_21d_097,EXP_TS_BC_21d,97,Bacterial Concrete,21,Split Tensile Strength,False,2.734,2.9226,0.1886
TabPFN_FineTuned_v2.5,V2_ENGINEERED,3,TS_BC_21d_098,EXP_TS_BC_21d,98,Bacterial Concrete,21,Split Tensile Strength,False,2.955,2.9226,-0.0324
TabPFN_FineTuned_v2.5,V2_ENGINEERED,3,TS_BC_21d_099,EXP_TS_BC_21d,99,Bacterial Concrete,21,Split Tensile Strength,False,3.054,2.9226,-0.1314
TabPFN_FineTuned_v2.5,V2_ENGINEERED,3,TS_BC_21d_100,EXP_TS_BC_21d,100,Bacterial Concrete,21,Split Tensile Strength,False,2.868,2.9226,0.0546
TabPFN_FineTuned_v2.5,V2_ENGINEERED,4,CS_NC_14d_001,EXP_CS_NC_14d,1,Normal Concrete,14,Compressive Strength,False,21.38,25.1068,3.7268
TabPFN_FineTuned_v2.5,V2_ENGINEERED,4,CS_NC_14d_002,EXP_CS_NC_14d,2,Normal Concrete,14,Compressive Strength,False,22.87,25.1068,2.2368
TabPFN_FineTuned_v2.5,V2_ENGINEERED,4,CS_NC_14d_003,EXP_CS_NC_14d,3,Normal Concrete,14,Compressive Strength,False,22.99,25.1068,2.1168
TabPFN_FineTuned_v2.5,V2_ENGINEERED,4,CS_NC_14d_004,EXP_CS_NC_14d,4,Normal Concrete,14,Compressive Strength,False,22.3,25.1068,2.8068
TabPFN_FineTuned_v2.5,V2_ENGINEERED,4,CS_NC_14d_005,EXP_CS_NC_14d,5,Normal Concrete,14,Compressive Strength,False,23.26,25.1068,1.8468
TabPFN_FineTuned_v2.5,V2_ENGINEERED,4,CS_NC_14d_006,EXP_CS_NC_14d,6,Normal Concrete,14,Compressive Strength,False,24.11,25.1068,0.9968
TabPFN_FineTuned_v2.5,V2_ENGINEERED,4,CS_NC_14d_007,EXP_CS_NC_14d,7,Normal Concrete,14,Compressive Strength,False,26.33,25.1068,-1.2232
TabPFN_FineTuned_v2.5,V2_ENGINEERED,4,CS_NC_14d_008,EXP_CS_NC_14d,8,Normal Concrete,14,Compressive Strength,False,23.76,25.1068,1.3468
TabPFN_FineTuned_v2.5,V2_ENGINEERED,4,CS_NC_14d_009,EXP_CS_NC_14d,9,Normal Concrete,14,Compressive Strength,False,23.89,25.1068,1.2168
TabPFN_FineTuned_v2.5,V2_ENGINEERED,4,CS_NC_14d_010,EXP_CS_NC_14d,10,Normal Concrete,14,Compressive Strength,False,23.39,25.1068,1.7168
TabPFN_FineTuned_v2.5,V2_ENGINEERED,4,CS_NC_14d_011,EXP_CS_NC_14d,11,Normal Concrete,14,Compressive Strength,False,20.62,25.1068,4.4868
TabPFN_FineTuned_v2.5,V2_ENGINEERED,4,CS_NC_14d_012,EXP_CS_NC_14d,12,Normal Concrete,14,Compressive Strength,False,23.46,25.1068,1.6468
TabPFN_FineTuned_v2.5,V2_ENGINEERED,4,CS_NC_14d_013,EXP_CS_NC_14d,13,Normal Concrete,14,Compressive Strength,False,23.59,25.1068,1.5168
TabPFN_FineTuned_v2.5,V2_ENGINEERED,4,CS_NC_14d_014,EXP_CS_NC_14d,14,Normal Concrete,14,Compressive Strength,False,27.19,25.1068,-2.0832
TabPFN_FineTuned_v2.5,V2_ENGINEERED,4,CS_NC_14d_015,EXP_CS_NC_14d,15,Normal Concrete,14,Compressive Strength,False,23.21,25.1068,1.8968
TabPFN_FineTuned_v2.5,V2_ENGINEERED,4,CS_NC_14d_016,EXP_CS_NC_14d,16,Normal Concrete,14,Compressive Strength,False,23.95,25.1068,1.1568
TabPFN_FineTuned_v2.5,V2_ENGINEERED,4,CS_NC_14d_017,EXP_CS_NC_14d,17,Normal Concrete,14,Compressive Strength,False,23.45,25.1068,1.6568
TabPFN_FineTuned_v2.5,V2_ENGINEERED,4,CS_NC_14d_018,EXP_CS_NC_14d,18,Normal Concrete,14,Compressive Strength,False,21.75,25.1068,3.3568
TabPFN_FineTuned_v2.5,V2_ENGINEERED,4,CS_NC_14d_019,EXP_CS_NC_14d,19,Normal Concrete,14,Compressive Strength,False,25.21,25.1068,-0.1032
TabPFN_FineTuned_v2.5,V2_ENGINEERED,4,CS_NC_14d_020,EXP_CS_NC_14d,20,Normal Concrete,14,Compressive Strength,False,24.63,25.1068,0.4768
TabPFN_FineTuned_v2.5,V2_ENGINEERED,4,CS_NC_14d_021,EXP_CS_NC_14d,21,Normal Concrete,14,Compressive Strength,False,24.69,25.1068,0.4168
TabPFN_FineTuned_v2.5,V2_ENGINEERED,4,CS_NC_14d_022,EXP_CS_NC_14d,22,Normal Concrete,14,Compressive Strength,False,22.14,25.1068,2.9668
TabPFN_FineTuned_v2.5,V2_ENGINEERED,4,CS_NC_14d_023,EXP_CS_NC_14d,23,Normal Concrete,14,Compressive Strength,False,25.6,25.1068,-0.4932
TabPFN_FineTuned_v2.5,V2_ENGINEERED,4,CS_NC_14d_024,EXP_CS_NC_14d,24,Normal Concrete,14,Compressive Strength,False,21.4,25.1068,3.7068
TabPFN_FineTuned_v2.5,V2_ENGINEERED,4,CS_NC_14d_025,EXP_CS_NC_14d,25,Normal Concrete,14,Compressive Strength,False,24.38,25.1068,0.7268
TabPFN_FineTuned_v2.5,V2_ENGINEERED,4,CS_NC_14d_026,EXP_CS_NC_14d,26,Normal Concrete,14,Compressive Strength,False,26.79,25.1068,-1.6832
TabPFN_FineTuned_v2.5,V2_ENGINEERED,4,CS_NC_14d_027,EXP_CS_NC_14d,27,Normal Concrete,14,Compressive Strength,False,22.01,25.1068,3.0968
TabPFN_FineTuned_v2.5,V2_ENGINEERED,4,CS_NC_14d_028,EXP_CS_NC_14d,28,Normal Concrete,14,Compressive Strength,False,22.65,25.1068,2.4568
TabPFN_FineTuned_v2.5,V2_ENGINEERED,4,CS_NC_14d_029,EXP_CS_NC_14d,29,Normal Concrete,14,Compressive Strength,False,23.65,25.1068,1.4568
TabPFN_FineTuned_v2.5,V2_ENGINEERED,4,CS_NC_14d_030,EXP_CS_NC_14d,30,Normal Concrete,14,Compressive Strength,False,22.74,25.1068,2.3668
TabPFN_FineTuned_v2.5,V2_ENGINEERED,4,CS_NC_14d_031,EXP_CS_NC_14d,31,Normal Concrete,14,Compressive Strength,False,21.17,25.1068,3.9368
TabPFN_FineTuned_v2.5,V2_ENGINEERED,4,CS_NC_14d_032,EXP_CS_NC_14d,32,Normal Concrete,14,Compressive Strength,False,23.6,25.1068,1.5068
TabPFN_FineTuned_v2.5,V2_ENGINEERED,4,CS_NC_14d_033,EXP_CS_NC_14d,33,Normal Concrete,14,Compressive Strength,False,21.91,25.1068,3.1968
TabPFN_FineTuned_v2.5,V2_ENGINEERED,4,CS_NC_14d_034,EXP_CS_NC_14d,34,Normal Concrete,14,Compressive Strength,False,24.21,25.1068,0.8968
TabPFN_FineTuned_v2.5,V2_ENGINEERED,4,CS_NC_14d_035,EXP_CS_NC_14d,35,Normal Concrete,14,Compressive Strength,False,22.12,25.1068,2.9868
TabPFN_FineTuned_v2.5,V2_ENGINEERED,4,CS_NC_14d_036,EXP_CS_NC_14d,36,Normal Concrete,14,Compressive Strength,False,25.82,25.1068,-0.7132
TabPFN_FineTuned_v2.5,V2_ENGINEERED,4,CS_NC_14d_037,EXP_CS_NC_14d,37,Normal Concrete,14,Compressive Strength,False,22.33,25.1068,2.7768
TabPFN_FineTuned_v2.5,V2_ENGINEERED,4,CS_NC_14d_038,EXP_CS_NC_14d,38,Normal Concrete,14,Compressive Strength,False,23.02,25.1068,2.0868
TabPFN_FineTuned_v2.5,V2_ENGINEERED,4,CS_NC_14d_039,EXP_CS_NC_14d,39,Normal Concrete,14,Compressive Strength,False,24.72,25.1068,0.3868
TabPFN_FineTuned_v2.5,V2_ENGINEERED,4,CS_NC_14d_040,EXP_CS_NC_14d,40,Normal Concrete,14,Compressive Strength,False,21.65,25.1068,3.4568
TabPFN_FineTuned_v2.5,V2_ENGINEERED,4,CS_NC_14d_041,EXP_CS_NC_14d,41,Normal Concrete,14,Compressive Strength,False,23.84,25.1068,1.2668
TabPFN_FineTuned_v2.5,V2_ENGINEERED,4,CS_NC_14d_042,EXP_CS_NC_14d,42,Normal Concrete,14,Compressive Strength,False,25.46,25.1068,-0.3532
TabPFN_FineTuned_v2.5,V2_ENGINEERED,4,CS_NC_14d_043,EXP_CS_NC_14d,43,Normal Concrete,14,Compressive Strength,False,21.09,25.1068,4.0168
TabPFN_FineTuned_v2.5,V2_ENGINEERED,4,CS_NC_14d_044,EXP_CS_NC_14d,44,Normal Concrete,14,Compressive Strength,False,23.78,25.1068,1.3268
TabPFN_FineTuned_v2.5,V2_ENGINEERED,4,CS_NC_14d_045,EXP_CS_NC_14d,45,Normal Concrete,14,Compressive Strength,False,23.89,25.1068,1.2168
TabPFN_FineTuned_v2.5,V2_ENGINEERED,4,CS_NC_14d_046,EXP_CS_NC_14d,46,Normal Concrete,14,Compressive Strength,False,24.67,25.1068,0.4368
TabPFN_FineTuned_v2.5,V2_ENGINEERED,4,CS_NC_14d_047,EXP_CS_NC_14d,47,Normal Concrete,14,Compressive Strength,False,21.64,25.1068,3.4668
TabPFN_FineTuned_v2.5,V2_ENGINEERED,4,CS_NC_14d_048,EXP_CS_NC_14d,48,Normal Concrete,14,Compressive Strength,False,21.52,25.1068,3.5868
TabPFN_FineTuned_v2.5,V2_ENGINEERED,4,CS_NC_14d_049,EXP_CS_NC_14d,49,Normal Concrete,14,Compressive Strength,False,24.28,25.1068,0.8268
TabPFN_FineTuned_v2.5,V2_ENGINEERED,4,CS_NC_14d_050,EXP_CS_NC_14d,50,Normal Concrete,14,Compressive Strength,False,23.95,25.1068,1.1568
TabPFN_FineTuned_v2.5,V2_ENGINEERED,4,CS_NC_14d_051,EXP_CS_NC_14d,51,Normal Concrete,14,Compressive Strength,False,23.88,25.1068,1.2268
TabPFN_FineTuned_v2.5,V2_ENGINEERED,4,CS_NC_14d_052,EXP_CS_NC_14d,52,Normal Concrete,14,Compressive Strength,False,24.02,25.1068,1.0868
TabPFN_FineTuned_v2.5,V2_ENGINEERED,4,CS_NC_14d_053,EXP_CS_NC_14d,53,Normal Concrete,14,Compressive Strength,False,22.48,25.1068,2.6268
TabPFN_FineTuned_v2.5,V2_ENGINEERED,4,CS_NC_14d_054,EXP_CS_NC_14d,54,Normal Concrete,14,Compressive Strength,False,23.85,25.1068,1.2568
TabPFN_FineTuned_v2.5,V2_ENGINEERED,4,CS_NC_14d_055,EXP_CS_NC_14d,55,Normal Concrete,14,Compressive Strength,False,23.94,25.1068,1.1668
TabPFN_FineTuned_v2.5,V2_ENGINEERED,4,CS_NC_14d_056,EXP_CS_NC_14d,56,Normal Concrete,14,Compressive Strength,False,22.43,25.1068,2.6768
TabPFN_FineTuned_v2.5,V2_ENGINEERED,4,CS_NC_14d_057,EXP_CS_NC_14d,57,Normal Concrete,14,Compressive Strength,False,26.3,25.1068,-1.1932
TabPFN_FineTuned_v2.5,V2_ENGINEERED,4,CS_NC_14d_058,EXP_CS_NC_14d,58,Normal Concrete,14,Compressive Strength,False,24.21,25.1068,0.8968
TabPFN_FineTuned_v2.5,V2_ENGINEERED,4,CS_NC_14d_059,EXP_CS_NC_14d,59,Normal Concrete,14,Compressive Strength,False,21.71,25.1068,3.3968
TabPFN_FineTuned_v2.5,V2_ENGINEERED,4,CS_NC_14d_060,EXP_CS_NC_14d,60,Normal Concrete,14,Compressive Strength,False,24.48,25.1068,0.6268
TabPFN_FineTuned_v2.5,V2_ENGINEERED,4,CS_NC_14d_061,EXP_CS_NC_14d,61,Normal Concrete,14,Compressive Strength,False,22.04,25.1068,3.0668
TabPFN_FineTuned_v2.5,V2_ENGINEERED,4,CS_NC_14d_062,EXP_CS_NC_14d,62,Normal Concrete,14,Compressive Strength,False,24.68,25.1068,0.4268
TabPFN_FineTuned_v2.5,V2_ENGINEERED,4,CS_NC_14d_063,EXP_CS_NC_14d,63,Normal Concrete,14,Compressive Strength,False,25.24,25.1068,-0.1332
TabPFN_FineTuned_v2.5,V2_ENGINEERED,4,CS_NC_14d_064,EXP_CS_NC_14d,64,Normal Concrete,14,Compressive Strength,False,22.27,25.1068,2.8368
TabPFN_FineTuned_v2.5,V2_ENGINEERED,4,CS_NC_14d_065,EXP_CS_NC_14d,65,Normal Concrete,14,Compressive Strength,False,24.95,25.1068,0.1568
TabPFN_FineTuned_v2.5,V2_ENGINEERED,4,CS_NC_14d_066,EXP_CS_NC_14d,66,Normal Concrete,14,Compressive Strength,False,24.12,25.1068,0.9868
TabPFN_FineTuned_v2.5,V2_ENGINEERED,4,CS_NC_14d_067,EXP_CS_NC_14d,67,Normal Concrete,14,Compressive Strength,False,24.73,25.1068,0.3768
TabPFN_FineTuned_v2.5,V2_ENGINEERED,4,CS_NC_14d_068,EXP_CS_NC_14d,68,Normal Concrete,14,Compressive Strength,False,26.35,25.1068,-1.2432
TabPFN_FineTuned_v2.5,V2_ENGINEERED,4,CS_NC_14d_069,EXP_CS_NC_14d,69,Normal Concrete,14,Compressive Strength,False,23.13,25.1068,1.9768
TabPFN_FineTuned_v2.5,V2_ENGINEERED,4,CS_NC_14d_070,EXP_CS_NC_14d,70,Normal Concrete,14,Compressive Strength,False,22.37,25.1068,2.7368
TabPFN_FineTuned_v2.5,V2_ENGINEERED,4,CS_NC_14d_071,EXP_CS_NC_14d,71,Normal Concrete,14,Compressive Strength,False,22.17,25.1068,2.9368
TabPFN_FineTuned_v2.5,V2_ENGINEERED,4,CS_NC_14d_072,EXP_CS_NC_14d,72,Normal Concrete,14,Compressive Strength,False,22.28,25.1068,2.8268
TabPFN_FineTuned_v2.5,V2_ENGINEERED,4,CS_NC_14d_073,EXP_CS_NC_14d,73,Normal Concrete,14,Compressive Strength,False,23.38,25.1068,1.7268
TabPFN_FineTuned_v2.5,V2_ENGINEERED,4,CS_NC_14d_074,EXP_CS_NC_14d,74,Normal Concrete,14,Compressive Strength,False,24.01,25.1068,1.0968
TabPFN_FineTuned_v2.5,V2_ENGINEERED,4,CS_NC_14d_075,EXP_CS_NC_14d,75,Normal Concrete,14,Compressive Strength,False,23.92,25.1068,1.1868
TabPFN_FineTuned_v2.5,V2_ENGINEERED,4,CS_NC_14d_076,EXP_CS_NC_14d,76,Normal Concrete,14,Compressive Strength,False,24.74,25.1068,0.3668
TabPFN_FineTuned_v2.5,V2_ENGINEERED,4,CS_NC_14d_077,EXP_CS_NC_14d,77,Normal Concrete,14,Compressive Strength,False,23.52,25.1068,1.5868
TabPFN_FineTuned_v2.5,V2_ENGINEERED,4,CS_NC_14d_078,EXP_CS_NC_14d,78,Normal Concrete,14,Compressive Strength,False,25.68,25.1068,-0.5732
TabPFN_FineTuned_v2.5,V2_ENGINEERED,4,CS_NC_14d_079,EXP_CS_NC_14d,79,Normal Concrete,14,Compressive Strength,False,23.1,25.1068,2.0068
TabPFN_FineTuned_v2.5,V2_ENGINEERED,4,CS_NC_14d_080,EXP_CS_NC_14d,80,Normal Concrete,14,Compressive Strength,False,27.58,25.1068,-2.4732
TabPFN_FineTuned_v2.5,V2_ENGINEERED,4,CS_NC_14d_081,EXP_CS_NC_14d,81,Normal Concrete,14,Compressive Strength,False,24.44,25.1068,0.6668
TabPFN_FineTuned_v2.5,V2_ENGINEERED,4,CS_NC_14d_082,EXP_CS_NC_14d,82,Normal Concrete,14,Compressive Strength,False,22.21,25.1068,2.8968
TabPFN_FineTuned_v2.5,V2_ENGINEERED,4,CS_NC_14d_083,EXP_CS_NC_14d,83,Normal Concrete,14,Compressive Strength,False,21.89,25.1068,3.2168
TabPFN_FineTuned_v2.5,V2_ENGINEERED,4,CS_NC_14d_084,EXP_CS_NC_14d,84,Normal Concrete,14,Compressive Strength,False,24.22,25.1068,0.8868
TabPFN_FineTuned_v2.5,V2_ENGINEERED,4,CS_NC_14d_085,EXP_CS_NC_14d,85,Normal Concrete,14,Compressive Strength,False,23.16,25.1068,1.9468
TabPFN_FineTuned_v2.5,V2_ENGINEERED,4,CS_NC_14d_086,EXP_CS_NC_14d,86,Normal Concrete,14,Compressive Strength,False,24.57,25.1068,0.5368
TabPFN_FineTuned_v2.5,V2_ENGINEERED,4,CS_NC_14d_087,EXP_CS_NC_14d,87,Normal Concrete,14,Compressive Strength,False,24.21,25.1068,0.8968
TabPFN_FineTuned_v2.5,V2_ENGINEERED,4,CS_NC_14d_088,EXP_CS_NC_14d,88,Normal Concrete,14,Compressive Strength,False,23.39,25.1068,1.7168
TabPFN_FineTuned_v2.5,V2_ENGINEERED,4,CS_NC_14d_089,EXP_CS_NC_14d,89,Normal Concrete,14,Compressive Strength,False,22.23,25.1068,2.8768
TabPFN_FineTuned_v2.5,V2_ENGINEERED,4,CS_NC_14d_090,EXP_CS_NC_14d,90,Normal Concrete,14,Compressive Strength,False,21.23,25.1068,3.8768
TabPFN_FineTuned_v2.5,V2_ENGINEERED,4,CS_NC_14d_091,EXP_CS_NC_14d,91,Normal Concrete,14,Compressive Strength,False,22.83,25.1068,2.2768
TabPFN_FineTuned_v2.5,V2_ENGINEERED,4,CS_NC_14d_092,EXP_CS_NC_14d,92,Normal Concrete,14,Compressive Strength,False,24.78,25.1068,0.3268
TabPFN_FineTuned_v2.5,V2_ENGINEERED,4,CS_NC_14d_093,EXP_CS_NC_14d,93,Normal Concrete,14,Compressive Strength,False,23.82,25.1068,1.2868
TabPFN_FineTuned_v2.5,V2_ENGINEERED,4,CS_NC_14d_094,EXP_CS_NC_14d,94,Normal Concrete,14,Compressive Strength,False,21.63,25.1068,3.4768
TabPFN_FineTuned_v2.5,V2_ENGINEERED,4,CS_NC_14d_095,EXP_CS_NC_14d,95,Normal Concrete,14,Compressive Strength,False,23.76,25.1068,1.3468
TabPFN_FineTuned_v2.5,V2_ENGINEERED,4,CS_NC_14d_096,EXP_CS_NC_14d,96,Normal Concrete,14,Compressive Strength,False,24.08,25.1068,1.0268
TabPFN_FineTuned_v2.5,V2_ENGINEERED,4,CS_NC_14d_097,EXP_CS_NC_14d,97,Normal Concrete,14,Compressive Strength,False,22.17,25.1068,2.9368
TabPFN_FineTuned_v2.5,V2_ENGINEERED,4,CS_NC_14d_098,EXP_CS_NC_14d,98,Normal Concrete,14,Compressive Strength,False,23.73,25.1068,1.3768
TabPFN_FineTuned_v2.5,V2_ENGINEERED,4,CS_NC_14d_099,EXP_CS_NC_14d,99,Normal Concrete,14,Compressive Strength,False,23.59,25.1068,1.5168
TabPFN_FineTuned_v2.5,V2_ENGINEERED,4,CS_NC_14d_100,EXP_CS_NC_14d,100,Normal Concrete,14,Compressive Strength,False,21.79,25.1068,3.3168
TabPFN_FineTuned_v2.5,V2_ENGINEERED,4,FS_NC_14d_001,EXP_FS_NC_14d,1,Normal Concrete,14,Flexural Strength,False,3.713,3.5044,-0.2086
TabPFN_FineTuned_v2.5,V2_ENGINEERED,4,FS_NC_14d_002,EXP_FS_NC_14d,2,Normal Concrete,14,Flexural Strength,False,3.83,3.5044,-0.3256
TabPFN_FineTuned_v2.5,V2_ENGINEERED,4,FS_NC_14d_003,EXP_FS_NC_14d,3,Normal Concrete,14,Flexural Strength,False,3.31,3.5044,0.1944
TabPFN_FineTuned_v2.5,V2_ENGINEERED,4,FS_NC_14d_004,EXP_FS_NC_14d,4,Normal Concrete,14,Flexural Strength,False,3.764,3.5044,-0.2596
TabPFN_FineTuned_v2.5,V2_ENGINEERED,4,FS_NC_14d_005,EXP_FS_NC_14d,5,Normal Concrete,14,Flexural Strength,False,3.873,3.5044,-0.3686
TabPFN_FineTuned_v2.5,V2_ENGINEERED,4,FS_NC_14d_006,EXP_FS_NC_14d,6,Normal Concrete,14,Flexural Strength,False,3.161,3.5044,0.3434
TabPFN_FineTuned_v2.5,V2_ENGINEERED,4,FS_NC_14d_007,EXP_FS_NC_14d,7,Normal Concrete,14,Flexural Strength,False,3.969,3.5044,-0.4646
TabPFN_FineTuned_v2.5,V2_ENGINEERED,4,FS_NC_14d_008,EXP_FS_NC_14d,8,Normal Concrete,14,Flexural Strength,False,3.598,3.5044,-0.0936
TabPFN_FineTuned_v2.5,V2_ENGINEERED,4,FS_NC_14d_009,EXP_FS_NC_14d,9,Normal Concrete,14,Flexural Strength,False,3.14,3.5044,0.3644
TabPFN_FineTuned_v2.5,V2_ENGINEERED,4,FS_NC_14d_010,EXP_FS_NC_14d,10,Normal Concrete,14,Flexural Strength,False,3.536,3.5044,-0.0316
TabPFN_FineTuned_v2.5,V2_ENGINEERED,4,FS_NC_14d_011,EXP_FS_NC_14d,11,Normal Concrete,14,Flexural Strength,False,3.996,3.5044,-0.4916
TabPFN_FineTuned_v2.5,V2_ENGINEERED,4,FS_NC_14d_012,EXP_FS_NC_14d,12,Normal Concrete,14,Flexural Strength,False,3.56,3.5044,-0.0556
TabPFN_FineTuned_v2.5,V2_ENGINEERED,4,FS_NC_14d_013,EXP_FS_NC_14d,13,Normal Concrete,14,Flexural Strength,False,3.425,3.5044,0.0794
TabPFN_FineTuned_v2.5,V2_ENGINEERED,4,FS_NC_14d_014,EXP_FS_NC_14d,14,Normal Concrete,14,Flexural Strength,False,3.774,3.5044,-0.2696
TabPFN_FineTuned_v2.5,V2_ENGINEERED,4,FS_NC_14d_015,EXP_FS_NC_14d,15,Normal Concrete,14,Flexural Strength,False,3.511,3.5044,-0.0066
TabPFN_FineTuned_v2.5,V2_ENGINEERED,4,FS_NC_14d_016,EXP_FS_NC_14d,16,Normal Concrete,14,Flexural Strength,False,3.11,3.5044,0.3944
TabPFN_FineTuned_v2.5,V2_ENGINEERED,4,FS_NC_14d_017,EXP_FS_NC_14d,17,Normal Concrete,14,Flexural Strength,False,3.87,3.5044,-0.3656
TabPFN_FineTuned_v2.5,V2_ENGINEERED,4,FS_NC_14d_018,EXP_FS_NC_14d,18,Normal Concrete,14,Flexural Strength,False,3.657,3.5044,-0.1526
TabPFN_FineTuned_v2.5,V2_ENGINEERED,4,FS_NC_14d_019,EXP_FS_NC_14d,19,Normal Concrete,14,Flexural Strength,False,3.955,3.5044,-0.4506
TabPFN_FineTuned_v2.5,V2_ENGINEERED,4,FS_NC_14d_020,EXP_FS_NC_14d,20,Normal Concrete,14,Flexural Strength,False,3.521,3.5044,-0.0166
TabPFN_FineTuned_v2.5,V2_ENGINEERED,4,FS_NC_14d_021,EXP_FS_NC_14d,21,Normal Concrete,14,Flexural Strength,False,3.32,3.5044,0.1844
TabPFN_FineTuned_v2.5,V2_ENGINEERED,4,FS_NC_14d_022,EXP_FS_NC_14d,22,Normal Concrete,14,Flexural Strength,False,3.25,3.5044,0.2544
TabPFN_FineTuned_v2.5,V2_ENGINEERED,4,FS_NC_14d_023,EXP_FS_NC_14d,23,Normal Concrete,14,Flexural Strength,False,3.233,3.5044,0.2714
TabPFN_FineTuned_v2.5,V2_ENGINEERED,4,FS_NC_14d_024,EXP_FS_NC_14d,24,Normal Concrete,14,Flexural Strength,False,3.821,3.5044,-0.3166
TabPFN_FineTuned_v2.5,V2_ENGINEERED,4,FS_NC_14d_025,EXP_FS_NC_14d,25,Normal Concrete,14,Flexural Strength,False,3.387,3.5044,0.1174
TabPFN_FineTuned_v2.5,V2_ENGINEERED,4,FS_NC_14d_026,EXP_FS_NC_14d,26,Normal Concrete,14,Flexural Strength,False,3.881,3.5044,-0.3766
TabPFN_FineTuned_v2.5,V2_ENGINEERED,4,FS_NC_14d_027,EXP_FS_NC_14d,27,Normal Concrete,14,Flexural Strength,False,3.624,3.5044,-0.1196
TabPFN_FineTuned_v2.5,V2_ENGINEERED,4,FS_NC_14d_028,EXP_FS_NC_14d,28,Normal Concrete,14,Flexural Strength,False,3.534,3.5044,-0.0296
TabPFN_FineTuned_v2.5,V2_ENGINEERED,4,FS_NC_14d_029,EXP_FS_NC_14d,29,Normal Concrete,14,Flexural Strength,False,3.717,3.5044,-0.2126
TabPFN_FineTuned_v2.5,V2_ENGINEERED,4,FS_NC_14d_030,EXP_FS_NC_14d,30,Normal Concrete,14,Flexural Strength,False,3.561,3.5044,-0.0566
TabPFN_FineTuned_v2.5,V2_ENGINEERED,4,FS_NC_14d_031,EXP_FS_NC_14d,31,Normal Concrete,14,Flexural Strength,False,3.73,3.5044,-0.2256
TabPFN_FineTuned_v2.5,V2_ENGINEERED,4,FS_NC_14d_032,EXP_FS_NC_14d,32,Normal Concrete,14,Flexural Strength,False,3.46,3.5044,0.0444
TabPFN_FineTuned_v2.5,V2_ENGINEERED,4,FS_NC_14d_033,EXP_FS_NC_14d,33,Normal Concrete,14,Flexural Strength,False,3.642,3.5044,-0.1376
TabPFN_FineTuned_v2.5,V2_ENGINEERED,4,FS_NC_14d_034,EXP_FS_NC_14d,34,Normal Concrete,14,Flexural Strength,False,3.637,3.5044,-0.1326
TabPFN_FineTuned_v2.5,V2_ENGINEERED,4,FS_NC_14d_035,EXP_FS_NC_14d,35,Normal Concrete,14,Flexural Strength,False,3.368,3.5044,0.1364
TabPFN_FineTuned_v2.5,V2_ENGINEERED,4,FS_NC_14d_036,EXP_FS_NC_14d,36,Normal Concrete,14,Flexural Strength,False,3.784,3.5044,-0.2796
TabPFN_FineTuned_v2.5,V2_ENGINEERED,4,FS_NC_14d_037,EXP_FS_NC_14d,37,Normal Concrete,14,Flexural Strength,False,3.946,3.5044,-0.4416
TabPFN_FineTuned_v2.5,V2_ENGINEERED,4,FS_NC_14d_038,EXP_FS_NC_14d,38,Normal Concrete,14,Flexural Strength,False,3.692,3.5044,-0.1876
TabPFN_FineTuned_v2.5,V2_ENGINEERED,4,FS_NC_14d_039,EXP_FS_NC_14d,39,Normal Concrete,14,Flexural Strength,False,3.886,3.5044,-0.3816
TabPFN_FineTuned_v2.5,V2_ENGINEERED,4,FS_NC_14d_040,EXP_FS_NC_14d,40,Normal Concrete,14,Flexural Strength,False,3.182,3.5044,0.3224
TabPFN_FineTuned_v2.5,V2_ENGINEERED,4,FS_NC_14d_041,EXP_FS_NC_14d,41,Normal Concrete,14,Flexural Strength,False,3.711,3.5044,-0.2066
TabPFN_FineTuned_v2.5,V2_ENGINEERED,4,FS_NC_14d_042,EXP_FS_NC_14d,42,Normal Concrete,14,Flexural Strength,False,3.694,3.5044,-0.1896
TabPFN_FineTuned_v2.5,V2_ENGINEERED,4,FS_NC_14d_043,EXP_FS_NC_14d,43,Normal Concrete,14,Flexural Strength,False,3.745,3.5044,-0.2406
TabPFN_FineTuned_v2.5,V2_ENGINEERED,4,FS_NC_14d_044,EXP_FS_NC_14d,44,Normal Concrete,14,Flexural Strength,False,3.567,3.5044,-0.0626
TabPFN_FineTuned_v2.5,V2_ENGINEERED,4,FS_NC_14d_045,EXP_FS_NC_14d,45,Normal Concrete,14,Flexural Strength,False,4.09,3.5044,-0.5856
TabPFN_FineTuned_v2.5,V2_ENGINEERED,4,FS_NC_14d_046,EXP_FS_NC_14d,46,Normal Concrete,14,Flexural Strength,False,3.859,3.5044,-0.3546
TabPFN_FineTuned_v2.5,V2_ENGINEERED,4,FS_NC_14d_047,EXP_FS_NC_14d,47,Normal Concrete,14,Flexural Strength,False,3.175,3.5044,0.3294
TabPFN_FineTuned_v2.5,V2_ENGINEERED,4,FS_NC_14d_048,EXP_FS_NC_14d,48,Normal Concrete,14,Flexural Strength,False,3.458,3.5044,0.0464
TabPFN_FineTuned_v2.5,V2_ENGINEERED,4,FS_NC_14d_049,EXP_FS_NC_14d,49,Normal Concrete,14,Flexural Strength,False,3.973,3.5044,-0.4686
TabPFN_FineTuned_v2.5,V2_ENGINEERED,4,FS_NC_14d_050,EXP_FS_NC_14d,50,Normal Concrete,14,Flexural Strength,False,3.394,3.5044,0.1104
TabPFN_FineTuned_v2.5,V2_ENGINEERED,4,FS_NC_14d_051,EXP_FS_NC_14d,51,Normal Concrete,14,Flexural Strength,False,3.794,3.5044,-0.2896
TabPFN_FineTuned_v2.5,V2_ENGINEERED,4,FS_NC_14d_052,EXP_FS_NC_14d,52,Normal Concrete,14,Flexural Strength,False,3.724,3.5044,-0.2196
TabPFN_FineTuned_v2.5,V2_ENGINEERED,4,FS_NC_14d_053,EXP_FS_NC_14d,53,Normal Concrete,14,Flexural Strength,False,3.633,3.5044,-0.1286
TabPFN_FineTuned_v2.5,V2_ENGINEERED,4,FS_NC_14d_054,EXP_FS_NC_14d,54,Normal Concrete,14,Flexural Strength,False,3.85,3.5044,-0.3456
TabPFN_FineTuned_v2.5,V2_ENGINEERED,4,FS_NC_14d_055,EXP_FS_NC_14d,55,Normal Concrete,14,Flexural Strength,False,3.647,3.5044,-0.1426
TabPFN_FineTuned_v2.5,V2_ENGINEERED,4,FS_NC_14d_056,EXP_FS_NC_14d,56,Normal Concrete,14,Flexural Strength,False,3.667,3.5044,-0.1626
TabPFN_FineTuned_v2.5,V2_ENGINEERED,4,FS_NC_14d_057,EXP_FS_NC_14d,57,Normal Concrete,14,Flexural Strength,False,3.33,3.5044,0.1744
TabPFN_FineTuned_v2.5,V2_ENGINEERED,4,FS_NC_14d_058,EXP_FS_NC_14d,58,Normal Concrete,14,Flexural Strength,False,3.927,3.5044,-0.4226
TabPFN_FineTuned_v2.5,V2_ENGINEERED,4,FS_NC_14d_059,EXP_FS_NC_14d,59,Normal Concrete,14,Flexural Strength,False,3.577,3.5044,-0.0726
TabPFN_FineTuned_v2.5,V2_ENGINEERED,4,FS_NC_14d_060,EXP_FS_NC_14d,60,Normal Concrete,14,Flexural Strength,False,3.459,3.5044,0.0454
TabPFN_FineTuned_v2.5,V2_ENGINEERED,4,FS_NC_14d_061,EXP_FS_NC_14d,61,Normal Concrete,14,Flexural Strength,False,3.973,3.5044,-0.4686
TabPFN_FineTuned_v2.5,V2_ENGINEERED,4,FS_NC_14d_062,EXP_FS_NC_14d,62,Normal Concrete,14,Flexural Strength,False,3.985,3.5044,-0.4806
TabPFN_FineTuned_v2.5,V2_ENGINEERED,4,FS_NC_14d_063,EXP_FS_NC_14d,63,Normal Concrete,14,Flexural Strength,False,4.3,3.5044,-0.7956
TabPFN_FineTuned_v2.5,V2_ENGINEERED,4,FS_NC_14d_064,EXP_FS_NC_14d,64,Normal Concrete,14,Flexural Strength,False,3.953,3.5044,-0.4486
TabPFN_FineTuned_v2.5,V2_ENGINEERED,4,FS_NC_14d_065,EXP_FS_NC_14d,65,Normal Concrete,14,Flexural Strength,False,3.654,3.5044,-0.1496
TabPFN_FineTuned_v2.5,V2_ENGINEERED,4,FS_NC_14d_066,EXP_FS_NC_14d,66,Normal Concrete,14,Flexural Strength,False,3.631,3.5044,-0.1266
TabPFN_FineTuned_v2.5,V2_ENGINEERED,4,FS_NC_14d_067,EXP_FS_NC_14d,67,Normal Concrete,14,Flexural Strength,False,3.621,3.5044,-0.1166
TabPFN_FineTuned_v2.5,V2_ENGINEERED,4,FS_NC_14d_068,EXP_FS_NC_14d,68,Normal Concrete,14,Flexural Strength,False,3.393,3.5044,0.1114
TabPFN_FineTuned_v2.5,V2_ENGINEERED,4,FS_NC_14d_069,EXP_FS_NC_14d,69,Normal Concrete,14,Flexural Strength,False,3.6,3.5044,-0.0956
TabPFN_FineTuned_v2.5,V2_ENGINEERED,4,FS_NC_14d_070,EXP_FS_NC_14d,70,Normal Concrete,14,Flexural Strength,False,3.712,3.5044,-0.2076
TabPFN_FineTuned_v2.5,V2_ENGINEERED,4,FS_NC_14d_071,EXP_FS_NC_14d,71,Normal Concrete,14,Flexural Strength,False,3.794,3.5044,-0.2896
TabPFN_FineTuned_v2.5,V2_ENGINEERED,4,FS_NC_14d_072,EXP_FS_NC_14d,72,Normal Concrete,14,Flexural Strength,False,3.61,3.5044,-0.1056
TabPFN_FineTuned_v2.5,V2_ENGINEERED,4,FS_NC_14d_073,EXP_FS_NC_14d,73,Normal Concrete,14,Flexural Strength,False,3.627,3.5044,-0.1226
TabPFN_FineTuned_v2.5,V2_ENGINEERED,4,FS_NC_14d_074,EXP_FS_NC_14d,74,Normal Concrete,14,Flexural Strength,False,3.908,3.5044,-0.4036
TabPFN_FineTuned_v2.5,V2_ENGINEERED,4,FS_NC_14d_075,EXP_FS_NC_14d,75,Normal Concrete,14,Flexural Strength,False,3.583,3.5044,-0.0786
TabPFN_FineTuned_v2.5,V2_ENGINEERED,4,FS_NC_14d_076,EXP_FS_NC_14d,76,Normal Concrete,14,Flexural Strength,False,3.391,3.5044,0.1134
TabPFN_FineTuned_v2.5,V2_ENGINEERED,4,FS_NC_14d_077,EXP_FS_NC_14d,77,Normal Concrete,14,Flexural Strength,False,3.71,3.5044,-0.2056
TabPFN_FineTuned_v2.5,V2_ENGINEERED,4,FS_NC_14d_078,EXP_FS_NC_14d,78,Normal Concrete,14,Flexural Strength,False,3.477,3.5044,0.0274
TabPFN_FineTuned_v2.5,V2_ENGINEERED,4,FS_NC_14d_079,EXP_FS_NC_14d,79,Normal Concrete,14,Flexural Strength,False,3.277,3.5044,0.2274
TabPFN_FineTuned_v2.5,V2_ENGINEERED,4,FS_NC_14d_080,EXP_FS_NC_14d,80,Normal Concrete,14,Flexural Strength,False,3.526,3.5044,-0.0216
TabPFN_FineTuned_v2.5,V2_ENGINEERED,4,FS_NC_14d_081,EXP_FS_NC_14d,81,Normal Concrete,14,Flexural Strength,False,3.204,3.5044,0.3004
TabPFN_FineTuned_v2.5,V2_ENGINEERED,4,FS_NC_14d_082,EXP_FS_NC_14d,82,Normal Concrete,14,Flexural Strength,False,3.468,3.5044,0.0364
TabPFN_FineTuned_v2.5,V2_ENGINEERED,4,FS_NC_14d_083,EXP_FS_NC_14d,83,Normal Concrete,14,Flexural Strength,False,3.557,3.5044,-0.0526
TabPFN_FineTuned_v2.5,V2_ENGINEERED,4,FS_NC_14d_084,EXP_FS_NC_14d,84,Normal Concrete,14,Flexural Strength,False,3.467,3.5044,0.0374
TabPFN_FineTuned_v2.5,V2_ENGINEERED,4,FS_NC_14d_085,EXP_FS_NC_14d,85,Normal Concrete,14,Flexural Strength,False,3.584,3.5044,-0.0796
TabPFN_FineTuned_v2.5,V2_ENGINEERED,4,FS_NC_14d_086,EXP_FS_NC_14d,86,Normal Concrete,14,Flexural Strength,False,3.296,3.5044,0.2084
TabPFN_FineTuned_v2.5,V2_ENGINEERED,4,FS_NC_14d_087,EXP_FS_NC_14d,87,Normal Concrete,14,Flexural Strength,False,3.522,3.5044,-0.0176
TabPFN_FineTuned_v2.5,V2_ENGINEERED,4,FS_NC_14d_088,EXP_FS_NC_14d,88,Normal Concrete,14,Flexural Strength,False,3.593,3.5044,-0.0886
TabPFN_FineTuned_v2.5,V2_ENGINEERED,4,FS_NC_14d_089,EXP_FS_NC_14d,89,Normal Concrete,14,Flexural Strength,False,3.699,3.5044,-0.1946
TabPFN_FineTuned_v2.5,V2_ENGINEERED,4,FS_NC_14d_090,EXP_FS_NC_14d,90,Normal Concrete,14,Flexural Strength,False,3.78,3.5044,-0.2756
TabPFN_FineTuned_v2.5,V2_ENGINEERED,4,FS_NC_14d_091,EXP_FS_NC_14d,91,Normal Concrete,14,Flexural Strength,False,3.445,3.5044,0.0594
TabPFN_FineTuned_v2.5,V2_ENGINEERED,4,FS_NC_14d_092,EXP_FS_NC_14d,92,Normal Concrete,14,Flexural Strength,False,3.345,3.5044,0.1594
TabPFN_FineTuned_v2.5,V2_ENGINEERED,4,FS_NC_14d_093,EXP_FS_NC_14d,93,Normal Concrete,14,Flexural Strength,False,3.349,3.5044,0.1554
TabPFN_FineTuned_v2.5,V2_ENGINEERED,4,FS_NC_14d_094,EXP_FS_NC_14d,94,Normal Concrete,14,Flexural Strength,False,3.609,3.5044,-0.1046
TabPFN_FineTuned_v2.5,V2_ENGINEERED,4,FS_NC_14d_095,EXP_FS_NC_14d,95,Normal Concrete,14,Flexural Strength,False,3.69,3.5044,-0.1856
TabPFN_FineTuned_v2.5,V2_ENGINEERED,4,FS_NC_14d_096,EXP_FS_NC_14d,96,Normal Concrete,14,Flexural Strength,False,3.701,3.5044,-0.1966
TabPFN_FineTuned_v2.5,V2_ENGINEERED,4,FS_NC_14d_097,EXP_FS_NC_14d,97,Normal Concrete,14,Flexural Strength,False,3.843,3.5044,-0.3386
TabPFN_FineTuned_v2.5,V2_ENGINEERED,4,FS_NC_14d_098,EXP_FS_NC_14d,98,Normal Concrete,14,Flexural Strength,False,3.377,3.5044,0.1274
TabPFN_FineTuned_v2.5,V2_ENGINEERED,4,FS_NC_14d_099,EXP_FS_NC_14d,99,Normal Concrete,14,Flexural Strength,False,3.917,3.5044,-0.4126
TabPFN_FineTuned_v2.5,V2_ENGINEERED,4,FS_NC_14d_100,EXP_FS_NC_14d,100,Normal Concrete,14,Flexural Strength,False,3.23,3.5044,0.2744
TabPFN_FineTuned_v2.5,V2_ENGINEERED,4,FS_BC_14d_001,EXP_FS_BC_14d,1,Bacterial Concrete,14,Flexural Strength,False,4.167,4.2697,0.1027
TabPFN_FineTuned_v2.5,V2_ENGINEERED,4,FS_BC_14d_002,EXP_FS_BC_14d,2,Bacterial Concrete,14,Flexural Strength,False,4.416,4.2697,-0.1463
TabPFN_FineTuned_v2.5,V2_ENGINEERED,4,FS_BC_14d_003,EXP_FS_BC_14d,3,Bacterial Concrete,14,Flexural Strength,False,3.94,4.2697,0.3297
TabPFN_FineTuned_v2.5,V2_ENGINEERED,4,FS_BC_14d_004,EXP_FS_BC_14d,4,Bacterial Concrete,14,Flexural Strength,False,4.451,4.2697,-0.1813
TabPFN_FineTuned_v2.5,V2_ENGINEERED,4,FS_BC_14d_005,EXP_FS_BC_14d,5,Bacterial Concrete,14,Flexural Strength,False,4.409,4.2697,-0.1393
TabPFN_FineTuned_v2.5,V2_ENGINEERED,4,FS_BC_14d_006,EXP_FS_BC_14d,6,Bacterial Concrete,14,Flexural Strength,False,3.555,4.2697,0.7147
TabPFN_FineTuned_v2.5,V2_ENGINEERED,4,FS_BC_14d_007,EXP_FS_BC_14d,7,Bacterial Concrete,14,Flexural Strength,False,3.971,4.2697,0.2987
TabPFN_FineTuned_v2.5,V2_ENGINEERED,4,FS_BC_14d_008,EXP_FS_BC_14d,8,Bacterial Concrete,14,Flexural Strength,False,3.986,4.2697,0.2837
TabPFN_FineTuned_v2.5,V2_ENGINEERED,4,FS_BC_14d_009,EXP_FS_BC_14d,9,Bacterial Concrete,14,Flexural Strength,False,4.09,4.2697,0.1797
TabPFN_FineTuned_v2.5,V2_ENGINEERED,4,FS_BC_14d_010,EXP_FS_BC_14d,10,Bacterial Concrete,14,Flexural Strength,False,4.227,4.2697,0.0427
TabPFN_FineTuned_v2.5,V2_ENGINEERED,4,FS_BC_14d_011,EXP_FS_BC_14d,11,Bacterial Concrete,14,Flexural Strength,False,4.056,4.2697,0.2137
TabPFN_FineTuned_v2.5,V2_ENGINEERED,4,FS_BC_14d_012,EXP_FS_BC_14d,12,Bacterial Concrete,14,Flexural Strength,False,4.437,4.2697,-0.1673
TabPFN_FineTuned_v2.5,V2_ENGINEERED,4,FS_BC_14d_013,EXP_FS_BC_14d,13,Bacterial Concrete,14,Flexural Strength,False,4.014,4.2697,0.2557
TabPFN_FineTuned_v2.5,V2_ENGINEERED,4,FS_BC_14d_014,EXP_FS_BC_14d,14,Bacterial Concrete,14,Flexural Strength,False,4.126,4.2697,0.1437
TabPFN_FineTuned_v2.5,V2_ENGINEERED,4,FS_BC_14d_015,EXP_FS_BC_14d,15,Bacterial Concrete,14,Flexural Strength,False,4.229,4.2697,0.0407
TabPFN_FineTuned_v2.5,V2_ENGINEERED,4,FS_BC_14d_016,EXP_FS_BC_14d,16,Bacterial Concrete,14,Flexural Strength,False,3.913,4.2697,0.3567
TabPFN_FineTuned_v2.5,V2_ENGINEERED,4,FS_BC_14d_017,EXP_FS_BC_14d,17,Bacterial Concrete,14,Flexural Strength,False,4.23,4.2697,0.0397
TabPFN_FineTuned_v2.5,V2_ENGINEERED,4,FS_BC_14d_018,EXP_FS_BC_14d,18,Bacterial Concrete,14,Flexural Strength,False,4.179,4.2697,0.0907
TabPFN_FineTuned_v2.5,V2_ENGINEERED,4,FS_BC_14d_019,EXP_FS_BC_14d,19,Bacterial Concrete,14,Flexural Strength,False,4.165,4.2697,0.1047
TabPFN_FineTuned_v2.5,V2_ENGINEERED,4,FS_BC_14d_020,EXP_FS_BC_14d,20,Bacterial Concrete,14,Flexural Strength,False,3.884,4.2697,0.3857
TabPFN_FineTuned_v2.5,V2_ENGINEERED,4,FS_BC_14d_021,EXP_FS_BC_14d,21,Bacterial Concrete,14,Flexural Strength,False,3.725,4.2697,0.5447
TabPFN_FineTuned_v2.5,V2_ENGINEERED,4,FS_BC_14d_022,EXP_FS_BC_14d,22,Bacterial Concrete,14,Flexural Strength,False,4.151,4.2697,0.1187
TabPFN_FineTuned_v2.5,V2_ENGINEERED,4,FS_BC_14d_023,EXP_FS_BC_14d,23,Bacterial Concrete,14,Flexural Strength,False,4.732,4.2697,-0.4623
TabPFN_FineTuned_v2.5,V2_ENGINEERED,4,FS_BC_14d_024,EXP_FS_BC_14d,24,Bacterial Concrete,14,Flexural Strength,False,4.195,4.2697,0.0747
TabPFN_FineTuned_v2.5,V2_ENGINEERED,4,FS_BC_14d_025,EXP_FS_BC_14d,25,Bacterial Concrete,14,Flexural Strength,False,4.528,4.2697,-0.2583
TabPFN_FineTuned_v2.5,V2_ENGINEERED,4,FS_BC_14d_026,EXP_FS_BC_14d,26,Bacterial Concrete,14,Flexural Strength,False,4.312,4.2697,-0.0423
TabPFN_FineTuned_v2.5,V2_ENGINEERED,4,FS_BC_14d_027,EXP_FS_BC_14d,27,Bacterial Concrete,14,Flexural Strength,False,4.075,4.2697,0.1947
TabPFN_FineTuned_v2.5,V2_ENGINEERED,4,FS_BC_14d_028,EXP_FS_BC_14d,28,Bacterial Concrete,14,Flexural Strength,False,4.135,4.2697,0.1347
TabPFN_FineTuned_v2.5,V2_ENGINEERED,4,FS_BC_14d_029,EXP_FS_BC_14d,29,Bacterial Concrete,14,Flexural Strength,False,3.724,4.2697,0.5457
TabPFN_FineTuned_v2.5,V2_ENGINEERED,4,FS_BC_14d_030,EXP_FS_BC_14d,30,Bacterial Concrete,14,Flexural Strength,False,4.411,4.2697,-0.1413
TabPFN_FineTuned_v2.5,V2_ENGINEERED,4,FS_BC_14d_031,EXP_FS_BC_14d,31,Bacterial Concrete,14,Flexural Strength,False,4.578,4.2697,-0.3083
TabPFN_FineTuned_v2.5,V2_ENGINEERED,4,FS_BC_14d_032,EXP_FS_BC_14d,32,Bacterial Concrete,14,Flexural Strength,False,4.612,4.2697,-0.3423
TabPFN_FineTuned_v2.5,V2_ENGINEERED,4,FS_BC_14d_033,EXP_FS_BC_14d,33,Bacterial Concrete,14,Flexural Strength,False,4.323,4.2697,-0.0533
TabPFN_FineTuned_v2.5,V2_ENGINEERED,4,FS_BC_14d_034,EXP_FS_BC_14d,34,Bacterial Concrete,14,Flexural Strength,False,4.242,4.2697,0.0277
TabPFN_FineTuned_v2.5,V2_ENGINEERED,4,FS_BC_14d_035,EXP_FS_BC_14d,35,Bacterial Concrete,14,Flexural Strength,False,4.529,4.2697,-0.2593
TabPFN_FineTuned_v2.5,V2_ENGINEERED,4,FS_BC_14d_036,EXP_FS_BC_14d,36,Bacterial Concrete,14,Flexural Strength,False,4.427,4.2697,-0.1573
TabPFN_FineTuned_v2.5,V2_ENGINEERED,4,FS_BC_14d_037,EXP_FS_BC_14d,37,Bacterial Concrete,14,Flexural Strength,False,4.536,4.2697,-0.2663
TabPFN_FineTuned_v2.5,V2_ENGINEERED,4,FS_BC_14d_038,EXP_FS_BC_14d,38,Bacterial Concrete,14,Flexural Strength,False,4.213,4.2697,0.0567
TabPFN_FineTuned_v2.5,V2_ENGINEERED,4,FS_BC_14d_039,EXP_FS_BC_14d,39,Bacterial Concrete,14,Flexural Strength,False,4.436,4.2697,-0.1663
TabPFN_FineTuned_v2.5,V2_ENGINEERED,4,FS_BC_14d_040,EXP_FS_BC_14d,40,Bacterial Concrete,14,Flexural Strength,False,4.147,4.2697,0.1227
TabPFN_FineTuned_v2.5,V2_ENGINEERED,4,FS_BC_14d_041,EXP_FS_BC_14d,41,Bacterial Concrete,14,Flexural Strength,False,4.525,4.2697,-0.2553
TabPFN_FineTuned_v2.5,V2_ENGINEERED,4,FS_BC_14d_042,EXP_FS_BC_14d,42,Bacterial Concrete,14,Flexural Strength,False,3.858,4.2697,0.4117
TabPFN_FineTuned_v2.5,V2_ENGINEERED,4,FS_BC_14d_043,EXP_FS_BC_14d,43,Bacterial Concrete,14,Flexural Strength,False,4.427,4.2697,-0.1573
TabPFN_FineTuned_v2.5,V2_ENGINEERED,4,FS_BC_14d_044,EXP_FS_BC_14d,44,Bacterial Concrete,14,Flexural Strength,False,3.954,4.2697,0.3157
TabPFN_FineTuned_v2.5,V2_ENGINEERED,4,FS_BC_14d_045,EXP_FS_BC_14d,45,Bacterial Concrete,14,Flexural Strength,False,4.389,4.2697,-0.1193
TabPFN_FineTuned_v2.5,V2_ENGINEERED,4,FS_BC_14d_046,EXP_FS_BC_14d,46,Bacterial Concrete,14,Flexural Strength,False,4.265,4.2697,0.0047
TabPFN_FineTuned_v2.5,V2_ENGINEERED,4,FS_BC_14d_047,EXP_FS_BC_14d,47,Bacterial Concrete,14,Flexural Strength,False,4.058,4.2697,0.2117
TabPFN_FineTuned_v2.5,V2_ENGINEERED,4,FS_BC_14d_048,EXP_FS_BC_14d,48,Bacterial Concrete,14,Flexural Strength,False,4.241,4.2697,0.0287
TabPFN_FineTuned_v2.5,V2_ENGINEERED,4,FS_BC_14d_049,EXP_FS_BC_14d,49,Bacterial Concrete,14,Flexural Strength,False,4.204,4.2697,0.0657
TabPFN_FineTuned_v2.5,V2_ENGINEERED,4,FS_BC_14d_050,EXP_FS_BC_14d,50,Bacterial Concrete,14,Flexural Strength,False,4.044,4.2697,0.2257
TabPFN_FineTuned_v2.5,V2_ENGINEERED,4,FS_BC_14d_051,EXP_FS_BC_14d,51,Bacterial Concrete,14,Flexural Strength,False,3.895,4.2697,0.3747
TabPFN_FineTuned_v2.5,V2_ENGINEERED,4,FS_BC_14d_052,EXP_FS_BC_14d,52,Bacterial Concrete,14,Flexural Strength,False,3.901,4.2697,0.3687
TabPFN_FineTuned_v2.5,V2_ENGINEERED,4,FS_BC_14d_053,EXP_FS_BC_14d,53,Bacterial Concrete,14,Flexural Strength,False,4.236,4.2697,0.0337
TabPFN_FineTuned_v2.5,V2_ENGINEERED,4,FS_BC_14d_054,EXP_FS_BC_14d,54,Bacterial Concrete,14,Flexural Strength,False,4.089,4.2697,0.1807
TabPFN_FineTuned_v2.5,V2_ENGINEERED,4,FS_BC_14d_055,EXP_FS_BC_14d,55,Bacterial Concrete,14,Flexural Strength,False,4.266,4.2697,0.0037
TabPFN_FineTuned_v2.5,V2_ENGINEERED,4,FS_BC_14d_056,EXP_FS_BC_14d,56,Bacterial Concrete,14,Flexural Strength,False,4.061,4.2697,0.2087
TabPFN_FineTuned_v2.5,V2_ENGINEERED,4,FS_BC_14d_057,EXP_FS_BC_14d,57,Bacterial Concrete,14,Flexural Strength,False,4.443,4.2697,-0.1733
TabPFN_FineTuned_v2.5,V2_ENGINEERED,4,FS_BC_14d_058,EXP_FS_BC_14d,58,Bacterial Concrete,14,Flexural Strength,False,4.336,4.2697,-0.0663
TabPFN_FineTuned_v2.5,V2_ENGINEERED,4,FS_BC_14d_059,EXP_FS_BC_14d,59,Bacterial Concrete,14,Flexural Strength,False,4.287,4.2697,-0.0173
TabPFN_FineTuned_v2.5,V2_ENGINEERED,4,FS_BC_14d_060,EXP_FS_BC_14d,60,Bacterial Concrete,14,Flexural Strength,False,3.917,4.2697,0.3527
TabPFN_FineTuned_v2.5,V2_ENGINEERED,4,FS_BC_14d_061,EXP_FS_BC_14d,61,Bacterial Concrete,14,Flexural Strength,False,3.931,4.2697,0.3387
TabPFN_FineTuned_v2.5,V2_ENGINEERED,4,FS_BC_14d_062,EXP_FS_BC_14d,62,Bacterial Concrete,14,Flexural Strength,False,4.308,4.2697,-0.0383
TabPFN_FineTuned_v2.5,V2_ENGINEERED,4,FS_BC_14d_063,EXP_FS_BC_14d,63,Bacterial Concrete,14,Flexural Strength,False,4.062,4.2697,0.2077
TabPFN_FineTuned_v2.5,V2_ENGINEERED,4,FS_BC_14d_064,EXP_FS_BC_14d,64,Bacterial Concrete,14,Flexural Strength,False,4.564,4.2697,-0.2943
TabPFN_FineTuned_v2.5,V2_ENGINEERED,4,FS_BC_14d_065,EXP_FS_BC_14d,65,Bacterial Concrete,14,Flexural Strength,False,3.749,4.2697,0.5207
TabPFN_FineTuned_v2.5,V2_ENGINEERED,4,FS_BC_14d_066,EXP_FS_BC_14d,66,Bacterial Concrete,14,Flexural Strength,False,4.09,4.2697,0.1797
TabPFN_FineTuned_v2.5,V2_ENGINEERED,4,FS_BC_14d_067,EXP_FS_BC_14d,67,Bacterial Concrete,14,Flexural Strength,False,4.581,4.2697,-0.3113
TabPFN_FineTuned_v2.5,V2_ENGINEERED,4,FS_BC_14d_068,EXP_FS_BC_14d,68,Bacterial Concrete,14,Flexural Strength,False,4.172,4.2697,0.0977
TabPFN_FineTuned_v2.5,V2_ENGINEERED,4,FS_BC_14d_069,EXP_FS_BC_14d,69,Bacterial Concrete,14,Flexural Strength,False,4.419,4.2697,-0.1493
TabPFN_FineTuned_v2.5,V2_ENGINEERED,4,FS_BC_14d_070,EXP_FS_BC_14d,70,Bacterial Concrete,14,Flexural Strength,False,3.82,4.2697,0.4497
TabPFN_FineTuned_v2.5,V2_ENGINEERED,4,FS_BC_14d_071,EXP_FS_BC_14d,71,Bacterial Concrete,14,Flexural Strength,False,4.566,4.2697,-0.2963
TabPFN_FineTuned_v2.5,V2_ENGINEERED,4,FS_BC_14d_072,EXP_FS_BC_14d,72,Bacterial Concrete,14,Flexural Strength,False,4.46,4.2697,-0.1903
TabPFN_FineTuned_v2.5,V2_ENGINEERED,4,FS_BC_14d_073,EXP_FS_BC_14d,73,Bacterial Concrete,14,Flexural Strength,False,4.23,4.2697,0.0397
TabPFN_FineTuned_v2.5,V2_ENGINEERED,4,FS_BC_14d_074,EXP_FS_BC_14d,74,Bacterial Concrete,14,Flexural Strength,False,4.346,4.2697,-0.0763
TabPFN_FineTuned_v2.5,V2_ENGINEERED,4,FS_BC_14d_075,EXP_FS_BC_14d,75,Bacterial Concrete,14,Flexural Strength,False,4.099,4.2697,0.1707
TabPFN_FineTuned_v2.5,V2_ENGINEERED,4,FS_BC_14d_076,EXP_FS_BC_14d,76,Bacterial Concrete,14,Flexural Strength,False,4.379,4.2697,-0.1093
TabPFN_FineTuned_v2.5,V2_ENGINEERED,4,FS_BC_14d_077,EXP_FS_BC_14d,77,Bacterial Concrete,14,Flexural Strength,False,4.412,4.2697,-0.1423
TabPFN_FineTuned_v2.5,V2_ENGINEERED,4,FS_BC_14d_078,EXP_FS_BC_14d,78,Bacterial Concrete,14,Flexural Strength,False,4.373,4.2697,-0.1033
TabPFN_FineTuned_v2.5,V2_ENGINEERED,4,FS_BC_14d_079,EXP_FS_BC_14d,79,Bacterial Concrete,14,Flexural Strength,False,4.207,4.2697,0.0627
TabPFN_FineTuned_v2.5,V2_ENGINEERED,4,FS_BC_14d_080,EXP_FS_BC_14d,80,Bacterial Concrete,14,Flexural Strength,False,4.162,4.2697,0.1077
TabPFN_FineTuned_v2.5,V2_ENGINEERED,4,FS_BC_14d_081,EXP_FS_BC_14d,81,Bacterial Concrete,14,Flexural Strength,False,3.906,4.2697,0.3637
TabPFN_FineTuned_v2.5,V2_ENGINEERED,4,FS_BC_14d_082,EXP_FS_BC_14d,82,Bacterial Concrete,14,Flexural Strength,False,4.141,4.2697,0.1287
TabPFN_FineTuned_v2.5,V2_ENGINEERED,4,FS_BC_14d_083,EXP_FS_BC_14d,83,Bacterial Concrete,14,Flexural Strength,False,3.904,4.2697,0.3657
TabPFN_FineTuned_v2.5,V2_ENGINEERED,4,FS_BC_14d_084,EXP_FS_BC_14d,84,Bacterial Concrete,14,Flexural Strength,False,4.138,4.2697,0.1317
TabPFN_FineTuned_v2.5,V2_ENGINEERED,4,FS_BC_14d_085,EXP_FS_BC_14d,85,Bacterial Concrete,14,Flexural Strength,False,4.127,4.2697,0.1427
TabPFN_FineTuned_v2.5,V2_ENGINEERED,4,FS_BC_14d_086,EXP_FS_BC_14d,86,Bacterial Concrete,14,Flexural Strength,False,4.279,4.2697,-0.0093
TabPFN_FineTuned_v2.5,V2_ENGINEERED,4,FS_BC_14d_087,EXP_FS_BC_14d,87,Bacterial Concrete,14,Flexural Strength,False,4.224,4.2697,0.0457
TabPFN_FineTuned_v2.5,V2_ENGINEERED,4,FS_BC_14d_088,EXP_FS_BC_14d,88,Bacterial Concrete,14,Flexural Strength,False,4.0,4.2697,0.2697
TabPFN_FineTuned_v2.5,V2_ENGINEERED,4,FS_BC_14d_089,EXP_FS_BC_14d,89,Bacterial Concrete,14,Flexural Strength,False,4.066,4.2697,0.2037
TabPFN_FineTuned_v2.5,V2_ENGINEERED,4,FS_BC_14d_090,EXP_FS_BC_14d,90,Bacterial Concrete,14,Flexural Strength,False,4.44,4.2697,-0.1703
TabPFN_FineTuned_v2.5,V2_ENGINEERED,4,FS_BC_14d_091,EXP_FS_BC_14d,91,Bacterial Concrete,14,Flexural Strength,False,4.111,4.2697,0.1587
TabPFN_FineTuned_v2.5,V2_ENGINEERED,4,FS_BC_14d_092,EXP_FS_BC_14d,92,Bacterial Concrete,14,Flexural Strength,False,4.011,4.2697,0.2587
TabPFN_FineTuned_v2.5,V2_ENGINEERED,4,FS_BC_14d_093,EXP_FS_BC_14d,93,Bacterial Concrete,14,Flexural Strength,False,3.782,4.2697,0.4877
TabPFN_FineTuned_v2.5,V2_ENGINEERED,4,FS_BC_14d_094,EXP_FS_BC_14d,94,Bacterial Concrete,14,Flexural Strength,False,4.658,4.2697,-0.3883
TabPFN_FineTuned_v2.5,V2_ENGINEERED,4,FS_BC_14d_095,EXP_FS_BC_14d,95,Bacterial Concrete,14,Flexural Strength,False,4.693,4.2697,-0.4233
TabPFN_FineTuned_v2.5,V2_ENGINEERED,4,FS_BC_14d_096,EXP_FS_BC_14d,96,Bacterial Concrete,14,Flexural Strength,False,3.719,4.2697,0.5507
TabPFN_FineTuned_v2.5,V2_ENGINEERED,4,FS_BC_14d_097,EXP_FS_BC_14d,97,Bacterial Concrete,14,Flexural Strength,False,3.864,4.2697,0.4057
TabPFN_FineTuned_v2.5,V2_ENGINEERED,4,FS_BC_14d_098,EXP_FS_BC_14d,98,Bacterial Concrete,14,Flexural Strength,False,4.19,4.2697,0.0797
TabPFN_FineTuned_v2.5,V2_ENGINEERED,4,FS_BC_14d_099,EXP_FS_BC_14d,99,Bacterial Concrete,14,Flexural Strength,False,4.489,4.2697,-0.2193
TabPFN_FineTuned_v2.5,V2_ENGINEERED,4,FS_BC_14d_100,EXP_FS_BC_14d,100,Bacterial Concrete,14,Flexural Strength,False,4.106,4.2697,0.1637
TabPFN_FineTuned_v2.5,V2_ENGINEERED,4,TS_NC_14d_001,EXP_TS_NC_14d,1,Normal Concrete,14,Split Tensile Strength,False,2.296,2.1916,-0.1044
TabPFN_FineTuned_v2.5,V2_ENGINEERED,4,TS_NC_14d_002,EXP_TS_NC_14d,2,Normal Concrete,14,Split Tensile Strength,False,1.903,2.1916,0.2886
TabPFN_FineTuned_v2.5,V2_ENGINEERED,4,TS_NC_14d_003,EXP_TS_NC_14d,3,Normal Concrete,14,Split Tensile Strength,False,2.307,2.1916,-0.1154
TabPFN_FineTuned_v2.5,V2_ENGINEERED,4,TS_NC_14d_004,EXP_TS_NC_14d,4,Normal Concrete,14,Split Tensile Strength,False,2.59,2.1916,-0.3984
TabPFN_FineTuned_v2.5,V2_ENGINEERED,4,TS_NC_14d_005,EXP_TS_NC_14d,5,Normal Concrete,14,Split Tensile Strength,False,2.196,2.1916,-0.0044
TabPFN_FineTuned_v2.5,V2_ENGINEERED,4,TS_NC_14d_006,EXP_TS_NC_14d,6,Normal Concrete,14,Split Tensile Strength,False,2.205,2.1916,-0.0134
TabPFN_FineTuned_v2.5,V2_ENGINEERED,4,TS_NC_14d_007,EXP_TS_NC_14d,7,Normal Concrete,14,Split Tensile Strength,False,2.227,2.1916,-0.0354
TabPFN_FineTuned_v2.5,V2_ENGINEERED,4,TS_NC_14d_008,EXP_TS_NC_14d,8,Normal Concrete,14,Split Tensile Strength,False,1.921,2.1916,0.2706
TabPFN_FineTuned_v2.5,V2_ENGINEERED,4,TS_NC_14d_009,EXP_TS_NC_14d,9,Normal Concrete,14,Split Tensile Strength,False,2.264,2.1916,-0.0724
TabPFN_FineTuned_v2.5,V2_ENGINEERED,4,TS_NC_14d_010,EXP_TS_NC_14d,10,Normal Concrete,14,Split Tensile Strength,False,1.959,2.1916,0.2326
TabPFN_FineTuned_v2.5,V2_ENGINEERED,4,TS_NC_14d_011,EXP_TS_NC_14d,11,Normal Concrete,14,Split Tensile Strength,False,2.136,2.1916,0.0556
TabPFN_FineTuned_v2.5,V2_ENGINEERED,4,TS_NC_14d_012,EXP_TS_NC_14d,12,Normal Concrete,14,Split Tensile Strength,False,2.386,2.1916,-0.1944
TabPFN_FineTuned_v2.5,V2_ENGINEERED,4,TS_NC_14d_013,EXP_TS_NC_14d,13,Normal Concrete,14,Split Tensile Strength,False,2.09,2.1916,0.1016
TabPFN_FineTuned_v2.5,V2_ENGINEERED,4,TS_NC_14d_014,EXP_TS_NC_14d,14,Normal Concrete,14,Split Tensile Strength,False,2.275,2.1916,-0.0834
TabPFN_FineTuned_v2.5,V2_ENGINEERED,4,TS_NC_14d_015,EXP_TS_NC_14d,15,Normal Concrete,14,Split Tensile Strength,False,2.352,2.1916,-0.1604
TabPFN_FineTuned_v2.5,V2_ENGINEERED,4,TS_NC_14d_016,EXP_TS_NC_14d,16,Normal Concrete,14,Split Tensile Strength,False,2.242,2.1916,-0.0504
TabPFN_FineTuned_v2.5,V2_ENGINEERED,4,TS_NC_14d_017,EXP_TS_NC_14d,17,Normal Concrete,14,Split Tensile Strength,False,1.994,2.1916,0.1976
TabPFN_FineTuned_v2.5,V2_ENGINEERED,4,TS_NC_14d_018,EXP_TS_NC_14d,18,Normal Concrete,14,Split Tensile Strength,False,2.15,2.1916,0.0416
TabPFN_FineTuned_v2.5,V2_ENGINEERED,4,TS_NC_14d_019,EXP_TS_NC_14d,19,Normal Concrete,14,Split Tensile Strength,False,2.494,2.1916,-0.3024
TabPFN_FineTuned_v2.5,V2_ENGINEERED,4,TS_NC_14d_020,EXP_TS_NC_14d,20,Normal Concrete,14,Split Tensile Strength,False,1.896,2.1916,0.2956
TabPFN_FineTuned_v2.5,V2_ENGINEERED,4,TS_NC_14d_021,EXP_TS_NC_14d,21,Normal Concrete,14,Split Tensile Strength,False,2.159,2.1916,0.0326
TabPFN_FineTuned_v2.5,V2_ENGINEERED,4,TS_NC_14d_022,EXP_TS_NC_14d,22,Normal Concrete,14,Split Tensile Strength,False,2.117,2.1916,0.0746
TabPFN_FineTuned_v2.5,V2_ENGINEERED,4,TS_NC_14d_023,EXP_TS_NC_14d,23,Normal Concrete,14,Split Tensile Strength,False,2.218,2.1916,-0.0264
TabPFN_FineTuned_v2.5,V2_ENGINEERED,4,TS_NC_14d_024,EXP_TS_NC_14d,24,Normal Concrete,14,Split Tensile Strength,False,2.312,2.1916,-0.1204
TabPFN_FineTuned_v2.5,V2_ENGINEERED,4,TS_NC_14d_025,EXP_TS_NC_14d,25,Normal Concrete,14,Split Tensile Strength,False,2.441,2.1916,-0.2494
TabPFN_FineTuned_v2.5,V2_ENGINEERED,4,TS_NC_14d_026,EXP_TS_NC_14d,26,Normal Concrete,14,Split Tensile Strength,False,2.159,2.1916,0.0326
TabPFN_FineTuned_v2.5,V2_ENGINEERED,4,TS_NC_14d_027,EXP_TS_NC_14d,27,Normal Concrete,14,Split Tensile Strength,False,2.322,2.1916,-0.1304
TabPFN_FineTuned_v2.5,V2_ENGINEERED,4,TS_NC_14d_028,EXP_TS_NC_14d,28,Normal Concrete,14,Split Tensile Strength,False,2.275,2.1916,-0.0834
TabPFN_FineTuned_v2.5,V2_ENGINEERED,4,TS_NC_14d_029,EXP_TS_NC_14d,29,Normal Concrete,14,Split Tensile Strength,False,2.271,2.1916,-0.0794
TabPFN_FineTuned_v2.5,V2_ENGINEERED,4,TS_NC_14d_030,EXP_TS_NC_14d,30,Normal Concrete,14,Split Tensile Strength,False,2.115,2.1916,0.0766
TabPFN_FineTuned_v2.5,V2_ENGINEERED,4,TS_NC_14d_031,EXP_TS_NC_14d,31,Normal Concrete,14,Split Tensile Strength,False,2.05,2.1916,0.1416
TabPFN_FineTuned_v2.5,V2_ENGINEERED,4,TS_NC_14d_032,EXP_TS_NC_14d,32,Normal Concrete,14,Split Tensile Strength,False,2.035,2.1916,0.1566
TabPFN_FineTuned_v2.5,V2_ENGINEERED,4,TS_NC_14d_033,EXP_TS_NC_14d,33,Normal Concrete,14,Split Tensile Strength,False,2.087,2.1916,0.1046
TabPFN_FineTuned_v2.5,V2_ENGINEERED,4,TS_NC_14d_034,EXP_TS_NC_14d,34,Normal Concrete,14,Split Tensile Strength,False,2.248,2.1916,-0.0564
TabPFN_FineTuned_v2.5,V2_ENGINEERED,4,TS_NC_14d_035,EXP_TS_NC_14d,35,Normal Concrete,14,Split Tensile Strength,False,2.314,2.1916,-0.1224
TabPFN_FineTuned_v2.5,V2_ENGINEERED,4,TS_NC_14d_036,EXP_TS_NC_14d,36,Normal Concrete,14,Split Tensile Strength,False,2.249,2.1916,-0.0574
TabPFN_FineTuned_v2.5,V2_ENGINEERED,4,TS_NC_14d_037,EXP_TS_NC_14d,37,Normal Concrete,14,Split Tensile Strength,False,2.118,2.1916,0.0736
TabPFN_FineTuned_v2.5,V2_ENGINEERED,4,TS_NC_14d_038,EXP_TS_NC_14d,38,Normal Concrete,14,Split Tensile Strength,False,2.471,2.1916,-0.2794
TabPFN_FineTuned_v2.5,V2_ENGINEERED,4,TS_NC_14d_039,EXP_TS_NC_14d,39,Normal Concrete,14,Split Tensile Strength,False,2.428,2.1916,-0.2364
TabPFN_FineTuned_v2.5,V2_ENGINEERED,4,TS_NC_14d_040,EXP_TS_NC_14d,40,Normal Concrete,14,Split Tensile Strength,False,2.147,2.1916,0.0446
TabPFN_FineTuned_v2.5,V2_ENGINEERED,4,TS_NC_14d_041,EXP_TS_NC_14d,41,Normal Concrete,14,Split Tensile Strength,False,2.076,2.1916,0.1156
TabPFN_FineTuned_v2.5,V2_ENGINEERED,4,TS_NC_14d_042,EXP_TS_NC_14d,42,Normal Concrete,14,Split Tensile Strength,False,2.22,2.1916,-0.0284
TabPFN_FineTuned_v2.5,V2_ENGINEERED,4,TS_NC_14d_043,EXP_TS_NC_14d,43,Normal Concrete,14,Split Tensile Strength,False,2.39,2.1916,-0.1984
TabPFN_FineTuned_v2.5,V2_ENGINEERED,4,TS_NC_14d_044,EXP_TS_NC_14d,44,Normal Concrete,14,Split Tensile Strength,False,2.25,2.1916,-0.0584
TabPFN_FineTuned_v2.5,V2_ENGINEERED,4,TS_NC_14d_045,EXP_TS_NC_14d,45,Normal Concrete,14,Split Tensile Strength,False,2.283,2.1916,-0.0914
TabPFN_FineTuned_v2.5,V2_ENGINEERED,4,TS_NC_14d_046,EXP_TS_NC_14d,46,Normal Concrete,14,Split Tensile Strength,False,2.168,2.1916,0.0236
TabPFN_FineTuned_v2.5,V2_ENGINEERED,4,TS_NC_14d_047,EXP_TS_NC_14d,47,Normal Concrete,14,Split Tensile Strength,False,2.268,2.1916,-0.0764
TabPFN_FineTuned_v2.5,V2_ENGINEERED,4,TS_NC_14d_048,EXP_TS_NC_14d,48,Normal Concrete,14,Split Tensile Strength,False,2.432,2.1916,-0.2404
TabPFN_FineTuned_v2.5,V2_ENGINEERED,4,TS_NC_14d_049,EXP_TS_NC_14d,49,Normal Concrete,14,Split Tensile Strength,False,2.164,2.1916,0.0276
TabPFN_FineTuned_v2.5,V2_ENGINEERED,4,TS_NC_14d_050,EXP_TS_NC_14d,50,Normal Concrete,14,Split Tensile Strength,False,2.221,2.1916,-0.0294
TabPFN_FineTuned_v2.5,V2_ENGINEERED,4,TS_NC_14d_051,EXP_TS_NC_14d,51,Normal Concrete,14,Split Tensile Strength,False,2.238,2.1916,-0.0464
TabPFN_FineTuned_v2.5,V2_ENGINEERED,4,TS_NC_14d_052,EXP_TS_NC_14d,52,Normal Concrete,14,Split Tensile Strength,False,2.243,2.1916,-0.0514
TabPFN_FineTuned_v2.5,V2_ENGINEERED,4,TS_NC_14d_053,EXP_TS_NC_14d,53,Normal Concrete,14,Split Tensile Strength,False,1.988,2.1916,0.2036
TabPFN_FineTuned_v2.5,V2_ENGINEERED,4,TS_NC_14d_054,EXP_TS_NC_14d,54,Normal Concrete,14,Split Tensile Strength,False,1.918,2.1916,0.2736
TabPFN_FineTuned_v2.5,V2_ENGINEERED,4,TS_NC_14d_055,EXP_TS_NC_14d,55,Normal Concrete,14,Split Tensile Strength,False,2.047,2.1916,0.1446
TabPFN_FineTuned_v2.5,V2_ENGINEERED,4,TS_NC_14d_056,EXP_TS_NC_14d,56,Normal Concrete,14,Split Tensile Strength,False,2.225,2.1916,-0.0334
TabPFN_FineTuned_v2.5,V2_ENGINEERED,4,TS_NC_14d_057,EXP_TS_NC_14d,57,Normal Concrete,14,Split Tensile Strength,False,2.283,2.1916,-0.0914
TabPFN_FineTuned_v2.5,V2_ENGINEERED,4,TS_NC_14d_058,EXP_TS_NC_14d,58,Normal Concrete,14,Split Tensile Strength,False,2.12,2.1916,0.0716
TabPFN_FineTuned_v2.5,V2_ENGINEERED,4,TS_NC_14d_059,EXP_TS_NC_14d,59,Normal Concrete,14,Split Tensile Strength,False,2.407,2.1916,-0.2154
TabPFN_FineTuned_v2.5,V2_ENGINEERED,4,TS_NC_14d_060,EXP_TS_NC_14d,60,Normal Concrete,14,Split Tensile Strength,False,2.179,2.1916,0.0126
TabPFN_FineTuned_v2.5,V2_ENGINEERED,4,TS_NC_14d_061,EXP_TS_NC_14d,61,Normal Concrete,14,Split Tensile Strength,False,2.203,2.1916,-0.0114
TabPFN_FineTuned_v2.5,V2_ENGINEERED,4,TS_NC_14d_062,EXP_TS_NC_14d,62,Normal Concrete,14,Split Tensile Strength,False,2.171,2.1916,0.0206
TabPFN_FineTuned_v2.5,V2_ENGINEERED,4,TS_NC_14d_063,EXP_TS_NC_14d,63,Normal Concrete,14,Split Tensile Strength,False,2.22,2.1916,-0.0284
TabPFN_FineTuned_v2.5,V2_ENGINEERED,4,TS_NC_14d_064,EXP_TS_NC_14d,64,Normal Concrete,14,Split Tensile Strength,False,2.306,2.1916,-0.1144
TabPFN_FineTuned_v2.5,V2_ENGINEERED,4,TS_NC_14d_065,EXP_TS_NC_14d,65,Normal Concrete,14,Split Tensile Strength,False,2.3,2.1916,-0.1084
TabPFN_FineTuned_v2.5,V2_ENGINEERED,4,TS_NC_14d_066,EXP_TS_NC_14d,66,Normal Concrete,14,Split Tensile Strength,False,2.065,2.1916,0.1266
TabPFN_FineTuned_v2.5,V2_ENGINEERED,4,TS_NC_14d_067,EXP_TS_NC_14d,67,Normal Concrete,14,Split Tensile Strength,False,2.429,2.1916,-0.2374
TabPFN_FineTuned_v2.5,V2_ENGINEERED,4,TS_NC_14d_068,EXP_TS_NC_14d,68,Normal Concrete,14,Split Tensile Strength,False,2.036,2.1916,0.1556
TabPFN_FineTuned_v2.5,V2_ENGINEERED,4,TS_NC_14d_069,EXP_TS_NC_14d,69,Normal Concrete,14,Split Tensile Strength,False,2.212,2.1916,-0.0204
TabPFN_FineTuned_v2.5,V2_ENGINEERED,4,TS_NC_14d_070,EXP_TS_NC_14d,70,Normal Concrete,14,Split Tensile Strength,False,2.159,2.1916,0.0326
TabPFN_FineTuned_v2.5,V2_ENGINEERED,4,TS_NC_14d_071,EXP_TS_NC_14d,71,Normal Concrete,14,Split Tensile Strength,False,2.043,2.1916,0.1486
TabPFN_FineTuned_v2.5,V2_ENGINEERED,4,TS_NC_14d_072,EXP_TS_NC_14d,72,Normal Concrete,14,Split Tensile Strength,False,2.189,2.1916,0.0026
TabPFN_FineTuned_v2.5,V2_ENGINEERED,4,TS_NC_14d_073,EXP_TS_NC_14d,73,Normal Concrete,14,Split Tensile Strength,False,2.089,2.1916,0.1026
TabPFN_FineTuned_v2.5,V2_ENGINEERED,4,TS_NC_14d_074,EXP_TS_NC_14d,74,Normal Concrete,14,Split Tensile Strength,False,2.211,2.1916,-0.0194
TabPFN_FineTuned_v2.5,V2_ENGINEERED,4,TS_NC_14d_075,EXP_TS_NC_14d,75,Normal Concrete,14,Split Tensile Strength,False,2.26,2.1916,-0.0684
TabPFN_FineTuned_v2.5,V2_ENGINEERED,4,TS_NC_14d_076,EXP_TS_NC_14d,76,Normal Concrete,14,Split Tensile Strength,False,2.421,2.1916,-0.2294
TabPFN_FineTuned_v2.5,V2_ENGINEERED,4,TS_NC_14d_077,EXP_TS_NC_14d,77,Normal Concrete,14,Split Tensile Strength,False,2.246,2.1916,-0.0544
TabPFN_FineTuned_v2.5,V2_ENGINEERED,4,TS_NC_14d_078,EXP_TS_NC_14d,78,Normal Concrete,14,Split Tensile Strength,False,2.108,2.1916,0.0836
TabPFN_FineTuned_v2.5,V2_ENGINEERED,4,TS_NC_14d_079,EXP_TS_NC_14d,79,Normal Concrete,14,Split Tensile Strength,False,2.141,2.1916,0.0506
TabPFN_FineTuned_v2.5,V2_ENGINEERED,4,TS_NC_14d_080,EXP_TS_NC_14d,80,Normal Concrete,14,Split Tensile Strength,False,2.221,2.1916,-0.0294
TabPFN_FineTuned_v2.5,V2_ENGINEERED,4,TS_NC_14d_081,EXP_TS_NC_14d,81,Normal Concrete,14,Split Tensile Strength,False,2.214,2.1916,-0.0224
TabPFN_FineTuned_v2.5,V2_ENGINEERED,4,TS_NC_14d_082,EXP_TS_NC_14d,82,Normal Concrete,14,Split Tensile Strength,False,2.419,2.1916,-0.2274
TabPFN_FineTuned_v2.5,V2_ENGINEERED,4,TS_NC_14d_083,EXP_TS_NC_14d,83,Normal Concrete,14,Split Tensile Strength,False,2.409,2.1916,-0.2174
TabPFN_FineTuned_v2.5,V2_ENGINEERED,4,TS_NC_14d_084,EXP_TS_NC_14d,84,Normal Concrete,14,Split Tensile Strength,False,2.146,2.1916,0.0456
TabPFN_FineTuned_v2.5,V2_ENGINEERED,4,TS_NC_14d_085,EXP_TS_NC_14d,85,Normal Concrete,14,Split Tensile Strength,False,2.118,2.1916,0.0736
TabPFN_FineTuned_v2.5,V2_ENGINEERED,4,TS_NC_14d_086,EXP_TS_NC_14d,86,Normal Concrete,14,Split Tensile Strength,False,1.816,2.1916,0.3756
TabPFN_FineTuned_v2.5,V2_ENGINEERED,4,TS_NC_14d_087,EXP_TS_NC_14d,87,Normal Concrete,14,Split Tensile Strength,False,2.118,2.1916,0.0736
TabPFN_FineTuned_v2.5,V2_ENGINEERED,4,TS_NC_14d_088,EXP_TS_NC_14d,88,Normal Concrete,14,Split Tensile Strength,False,2.053,2.1916,0.1386
TabPFN_FineTuned_v2.5,V2_ENGINEERED,4,TS_NC_14d_089,EXP_TS_NC_14d,89,Normal Concrete,14,Split Tensile Strength,False,2.147,2.1916,0.0446
TabPFN_FineTuned_v2.5,V2_ENGINEERED,4,TS_NC_14d_090,EXP_TS_NC_14d,90,Normal Concrete,14,Split Tensile Strength,False,2.259,2.1916,-0.0674
TabPFN_FineTuned_v2.5,V2_ENGINEERED,4,TS_NC_14d_091,EXP_TS_NC_14d,91,Normal Concrete,14,Split Tensile Strength,False,2.227,2.1916,-0.0354
TabPFN_FineTuned_v2.5,V2_ENGINEERED,4,TS_NC_14d_092,EXP_TS_NC_14d,92,Normal Concrete,14,Split Tensile Strength,False,2.196,2.1916,-0.0044
TabPFN_FineTuned_v2.5,V2_ENGINEERED,4,TS_NC_14d_093,EXP_TS_NC_14d,93,Normal Concrete,14,Split Tensile Strength,False,2.23,2.1916,-0.0384
TabPFN_FineTuned_v2.5,V2_ENGINEERED,4,TS_NC_14d_094,EXP_TS_NC_14d,94,Normal Concrete,14,Split Tensile Strength,False,2.181,2.1916,0.0106
TabPFN_FineTuned_v2.5,V2_ENGINEERED,4,TS_NC_14d_095,EXP_TS_NC_14d,95,Normal Concrete,14,Split Tensile Strength,False,2.23,2.1916,-0.0384
TabPFN_FineTuned_v2.5,V2_ENGINEERED,4,TS_NC_14d_096,EXP_TS_NC_14d,96,Normal Concrete,14,Split Tensile Strength,False,1.715,2.1916,0.4766
TabPFN_FineTuned_v2.5,V2_ENGINEERED,4,TS_NC_14d_097,EXP_TS_NC_14d,97,Normal Concrete,14,Split Tensile Strength,False,2.16,2.1916,0.0316
TabPFN_FineTuned_v2.5,V2_ENGINEERED,4,TS_NC_14d_098,EXP_TS_NC_14d,98,Normal Concrete,14,Split Tensile Strength,False,2.183,2.1916,0.0086
TabPFN_FineTuned_v2.5,V2_ENGINEERED,4,TS_NC_14d_099,EXP_TS_NC_14d,99,Normal Concrete,14,Split Tensile Strength,False,2.149,2.1916,0.0426
TabPFN_FineTuned_v2.5,V2_ENGINEERED,4,TS_NC_14d_100,EXP_TS_NC_14d,100,Normal Concrete,14,Split Tensile Strength,False,2.167,2.1916,0.0246
TabPFN_FineTuned_v2.5,V2_ENGINEERED,4,TS_BC_14d_001,EXP_TS_BC_14d,1,Bacterial Concrete,14,Split Tensile Strength,False,2.606,2.5916,-0.0144
TabPFN_FineTuned_v2.5,V2_ENGINEERED,4,TS_BC_14d_002,EXP_TS_BC_14d,2,Bacterial Concrete,14,Split Tensile Strength,False,2.458,2.5916,0.1336
TabPFN_FineTuned_v2.5,V2_ENGINEERED,4,TS_BC_14d_003,EXP_TS_BC_14d,3,Bacterial Concrete,14,Split Tensile Strength,False,2.842,2.5916,-0.2504
TabPFN_FineTuned_v2.5,V2_ENGINEERED,4,TS_BC_14d_004,EXP_TS_BC_14d,4,Bacterial Concrete,14,Split Tensile Strength,False,2.657,2.5916,-0.0654
TabPFN_FineTuned_v2.5,V2_ENGINEERED,4,TS_BC_14d_005,EXP_TS_BC_14d,5,Bacterial Concrete,14,Split Tensile Strength,False,2.562,2.5916,0.0296
TabPFN_FineTuned_v2.5,V2_ENGINEERED,4,TS_BC_14d_006,EXP_TS_BC_14d,6,Bacterial Concrete,14,Split Tensile Strength,False,2.716,2.5916,-0.1244
TabPFN_FineTuned_v2.5,V2_ENGINEERED,4,TS_BC_14d_007,EXP_TS_BC_14d,7,Bacterial Concrete,14,Split Tensile Strength,False,2.843,2.5916,-0.2514
TabPFN_FineTuned_v2.5,V2_ENGINEERED,4,TS_BC_14d_008,EXP_TS_BC_14d,8,Bacterial Concrete,14,Split Tensile Strength,False,2.525,2.5916,0.0666
TabPFN_FineTuned_v2.5,V2_ENGINEERED,4,TS_BC_14d_009,EXP_TS_BC_14d,9,Bacterial Concrete,14,Split Tensile Strength,False,2.704,2.5916,-0.1124
TabPFN_FineTuned_v2.5,V2_ENGINEERED,4,TS_BC_14d_010,EXP_TS_BC_14d,10,Bacterial Concrete,14,Split Tensile Strength,False,2.891,2.5916,-0.2994
TabPFN_FineTuned_v2.5,V2_ENGINEERED,4,TS_BC_14d_011,EXP_TS_BC_14d,11,Bacterial Concrete,14,Split Tensile Strength,False,2.433,2.5916,0.1586
TabPFN_FineTuned_v2.5,V2_ENGINEERED,4,TS_BC_14d_012,EXP_TS_BC_14d,12,Bacterial Concrete,14,Split Tensile Strength,False,2.518,2.5916,0.0736
TabPFN_FineTuned_v2.5,V2_ENGINEERED,4,TS_BC_14d_013,EXP_TS_BC_14d,13,Bacterial Concrete,14,Split Tensile Strength,False,2.51,2.5916,0.0816
TabPFN_FineTuned_v2.5,V2_ENGINEERED,4,TS_BC_14d_014,EXP_TS_BC_14d,14,Bacterial Concrete,14,Split Tensile Strength,False,2.576,2.5916,0.0156
TabPFN_FineTuned_v2.5,V2_ENGINEERED,4,TS_BC_14d_015,EXP_TS_BC_14d,15,Bacterial Concrete,14,Split Tensile Strength,False,2.569,2.5916,0.0226
TabPFN_FineTuned_v2.5,V2_ENGINEERED,4,TS_BC_14d_016,EXP_TS_BC_14d,16,Bacterial Concrete,14,Split Tensile Strength,False,2.645,2.5916,-0.0534
TabPFN_FineTuned_v2.5,V2_ENGINEERED,4,TS_BC_14d_017,EXP_TS_BC_14d,17,Bacterial Concrete,14,Split Tensile Strength,False,2.477,2.5916,0.1146
TabPFN_FineTuned_v2.5,V2_ENGINEERED,4,TS_BC_14d_018,EXP_TS_BC_14d,18,Bacterial Concrete,14,Split Tensile Strength,False,2.507,2.5916,0.0846
TabPFN_FineTuned_v2.5,V2_ENGINEERED,4,TS_BC_14d_019,EXP_TS_BC_14d,19,Bacterial Concrete,14,Split Tensile Strength,False,2.645,2.5916,-0.0534
TabPFN_FineTuned_v2.5,V2_ENGINEERED,4,TS_BC_14d_020,EXP_TS_BC_14d,20,Bacterial Concrete,14,Split Tensile Strength,False,2.623,2.5916,-0.0314
TabPFN_FineTuned_v2.5,V2_ENGINEERED,4,TS_BC_14d_021,EXP_TS_BC_14d,21,Bacterial Concrete,14,Split Tensile Strength,False,2.731,2.5916,-0.1394
TabPFN_FineTuned_v2.5,V2_ENGINEERED,4,TS_BC_14d_022,EXP_TS_BC_14d,22,Bacterial Concrete,14,Split Tensile Strength,False,2.661,2.5916,-0.0694
TabPFN_FineTuned_v2.5,V2_ENGINEERED,4,TS_BC_14d_023,EXP_TS_BC_14d,23,Bacterial Concrete,14,Split Tensile Strength,False,2.716,2.5916,-0.1244
TabPFN_FineTuned_v2.5,V2_ENGINEERED,4,TS_BC_14d_024,EXP_TS_BC_14d,24,Bacterial Concrete,14,Split Tensile Strength,False,2.429,2.5916,0.1626
TabPFN_FineTuned_v2.5,V2_ENGINEERED,4,TS_BC_14d_025,EXP_TS_BC_14d,25,Bacterial Concrete,14,Split Tensile Strength,False,2.542,2.5916,0.0496
TabPFN_FineTuned_v2.5,V2_ENGINEERED,4,TS_BC_14d_026,EXP_TS_BC_14d,26,Bacterial Concrete,14,Split Tensile Strength,False,2.877,2.5916,-0.2854
TabPFN_FineTuned_v2.5,V2_ENGINEERED,4,TS_BC_14d_027,EXP_TS_BC_14d,27,Bacterial Concrete,14,Split Tensile Strength,False,2.659,2.5916,-0.0674
TabPFN_FineTuned_v2.5,V2_ENGINEERED,4,TS_BC_14d_028,EXP_TS_BC_14d,28,Bacterial Concrete,14,Split Tensile Strength,False,2.712,2.5916,-0.1204
TabPFN_FineTuned_v2.5,V2_ENGINEERED,4,TS_BC_14d_029,EXP_TS_BC_14d,29,Bacterial Concrete,14,Split Tensile Strength,False,2.641,2.5916,-0.0494
TabPFN_FineTuned_v2.5,V2_ENGINEERED,4,TS_BC_14d_030,EXP_TS_BC_14d,30,Bacterial Concrete,14,Split Tensile Strength,False,2.664,2.5916,-0.0724
TabPFN_FineTuned_v2.5,V2_ENGINEERED,4,TS_BC_14d_031,EXP_TS_BC_14d,31,Bacterial Concrete,14,Split Tensile Strength,False,2.565,2.5916,0.0266
TabPFN_FineTuned_v2.5,V2_ENGINEERED,4,TS_BC_14d_032,EXP_TS_BC_14d,32,Bacterial Concrete,14,Split Tensile Strength,False,3.136,2.5916,-0.5444
TabPFN_FineTuned_v2.5,V2_ENGINEERED,4,TS_BC_14d_033,EXP_TS_BC_14d,33,Bacterial Concrete,14,Split Tensile Strength,False,2.541,2.5916,0.0506
TabPFN_FineTuned_v2.5,V2_ENGINEERED,4,TS_BC_14d_034,EXP_TS_BC_14d,34,Bacterial Concrete,14,Split Tensile Strength,False,2.594,2.5916,-0.0024
TabPFN_FineTuned_v2.5,V2_ENGINEERED,4,TS_BC_14d_035,EXP_TS_BC_14d,35,Bacterial Concrete,14,Split Tensile Strength,False,2.236,2.5916,0.3556
TabPFN_FineTuned_v2.5,V2_ENGINEERED,4,TS_BC_14d_036,EXP_TS_BC_14d,36,Bacterial Concrete,14,Split Tensile Strength,False,2.766,2.5916,-0.1744
TabPFN_FineTuned_v2.5,V2_ENGINEERED,4,TS_BC_14d_037,EXP_TS_BC_14d,37,Bacterial Concrete,14,Split Tensile Strength,False,2.517,2.5916,0.0746
TabPFN_FineTuned_v2.5,V2_ENGINEERED,4,TS_BC_14d_038,EXP_TS_BC_14d,38,Bacterial Concrete,14,Split Tensile Strength,False,2.591,2.5916,0.0006
TabPFN_FineTuned_v2.5,V2_ENGINEERED,4,TS_BC_14d_039,EXP_TS_BC_14d,39,Bacterial Concrete,14,Split Tensile Strength,False,2.521,2.5916,0.0706
TabPFN_FineTuned_v2.5,V2_ENGINEERED,4,TS_BC_14d_040,EXP_TS_BC_14d,40,Bacterial Concrete,14,Split Tensile Strength,False,2.579,2.5916,0.0126
TabPFN_FineTuned_v2.5,V2_ENGINEERED,4,TS_BC_14d_041,EXP_TS_BC_14d,41,Bacterial Concrete,14,Split Tensile Strength,False,2.557,2.5916,0.0346
TabPFN_FineTuned_v2.5,V2_ENGINEERED,4,TS_BC_14d_042,EXP_TS_BC_14d,42,Bacterial Concrete,14,Split Tensile Strength,False,2.594,2.5916,-0.0024
TabPFN_FineTuned_v2.5,V2_ENGINEERED,4,TS_BC_14d_043,EXP_TS_BC_14d,43,Bacterial Concrete,14,Split Tensile Strength,False,2.592,2.5916,-0.0004
TabPFN_FineTuned_v2.5,V2_ENGINEERED,4,TS_BC_14d_044,EXP_TS_BC_14d,44,Bacterial Concrete,14,Split Tensile Strength,False,2.577,2.5916,0.0146
TabPFN_FineTuned_v2.5,V2_ENGINEERED,4,TS_BC_14d_045,EXP_TS_BC_14d,45,Bacterial Concrete,14,Split Tensile Strength,False,2.575,2.5916,0.0166
TabPFN_FineTuned_v2.5,V2_ENGINEERED,4,TS_BC_14d_046,EXP_TS_BC_14d,46,Bacterial Concrete,14,Split Tensile Strength,False,2.796,2.5916,-0.2044
TabPFN_FineTuned_v2.5,V2_ENGINEERED,4,TS_BC_14d_047,EXP_TS_BC_14d,47,Bacterial Concrete,14,Split Tensile Strength,False,2.732,2.5916,-0.1404
TabPFN_FineTuned_v2.5,V2_ENGINEERED,4,TS_BC_14d_048,EXP_TS_BC_14d,48,Bacterial Concrete,14,Split Tensile Strength,False,2.733,2.5916,-0.1414
TabPFN_FineTuned_v2.5,V2_ENGINEERED,4,TS_BC_14d_049,EXP_TS_BC_14d,49,Bacterial Concrete,14,Split Tensile Strength,False,2.49,2.5916,0.1016
TabPFN_FineTuned_v2.5,V2_ENGINEERED,4,TS_BC_14d_050,EXP_TS_BC_14d,50,Bacterial Concrete,14,Split Tensile Strength,False,2.789,2.5916,-0.1974
TabPFN_FineTuned_v2.5,V2_ENGINEERED,4,TS_BC_14d_051,EXP_TS_BC_14d,51,Bacterial Concrete,14,Split Tensile Strength,False,2.77,2.5916,-0.1784
TabPFN_FineTuned_v2.5,V2_ENGINEERED,4,TS_BC_14d_052,EXP_TS_BC_14d,52,Bacterial Concrete,14,Split Tensile Strength,False,2.517,2.5916,0.0746
TabPFN_FineTuned_v2.5,V2_ENGINEERED,4,TS_BC_14d_053,EXP_TS_BC_14d,53,Bacterial Concrete,14,Split Tensile Strength,False,2.829,2.5916,-0.2374
TabPFN_FineTuned_v2.5,V2_ENGINEERED,4,TS_BC_14d_054,EXP_TS_BC_14d,54,Bacterial Concrete,14,Split Tensile Strength,False,2.498,2.5916,0.0936
TabPFN_FineTuned_v2.5,V2_ENGINEERED,4,TS_BC_14d_055,EXP_TS_BC_14d,55,Bacterial Concrete,14,Split Tensile Strength,False,2.324,2.5916,0.2676
TabPFN_FineTuned_v2.5,V2_ENGINEERED,4,TS_BC_14d_056,EXP_TS_BC_14d,56,Bacterial Concrete,14,Split Tensile Strength,False,2.765,2.5916,-0.1734
TabPFN_FineTuned_v2.5,V2_ENGINEERED,4,TS_BC_14d_057,EXP_TS_BC_14d,57,Bacterial Concrete,14,Split Tensile Strength,False,2.582,2.5916,0.0096
TabPFN_FineTuned_v2.5,V2_ENGINEERED,4,TS_BC_14d_058,EXP_TS_BC_14d,58,Bacterial Concrete,14,Split Tensile Strength,False,2.747,2.5916,-0.1554
TabPFN_FineTuned_v2.5,V2_ENGINEERED,4,TS_BC_14d_059,EXP_TS_BC_14d,59,Bacterial Concrete,14,Split Tensile Strength,False,2.487,2.5916,0.1046
TabPFN_FineTuned_v2.5,V2_ENGINEERED,4,TS_BC_14d_060,EXP_TS_BC_14d,60,Bacterial Concrete,14,Split Tensile Strength,False,2.411,2.5916,0.1806
TabPFN_FineTuned_v2.5,V2_ENGINEERED,4,TS_BC_14d_061,EXP_TS_BC_14d,61,Bacterial Concrete,14,Split Tensile Strength,False,2.785,2.5916,-0.1934
TabPFN_FineTuned_v2.5,V2_ENGINEERED,4,TS_BC_14d_062,EXP_TS_BC_14d,62,Bacterial Concrete,14,Split Tensile Strength,False,2.389,2.5916,0.2026
TabPFN_FineTuned_v2.5,V2_ENGINEERED,4,TS_BC_14d_063,EXP_TS_BC_14d,63,Bacterial Concrete,14,Split Tensile Strength,False,2.366,2.5916,0.2256
TabPFN_FineTuned_v2.5,V2_ENGINEERED,4,TS_BC_14d_064,EXP_TS_BC_14d,64,Bacterial Concrete,14,Split Tensile Strength,False,2.311,2.5916,0.2806
TabPFN_FineTuned_v2.5,V2_ENGINEERED,4,TS_BC_14d_065,EXP_TS_BC_14d,65,Bacterial Concrete,14,Split Tensile Strength,False,2.181,2.5916,0.4106
TabPFN_FineTuned_v2.5,V2_ENGINEERED,4,TS_BC_14d_066,EXP_TS_BC_14d,66,Bacterial Concrete,14,Split Tensile Strength,False,2.444,2.5916,0.1476
TabPFN_FineTuned_v2.5,V2_ENGINEERED,4,TS_BC_14d_067,EXP_TS_BC_14d,67,Bacterial Concrete,14,Split Tensile Strength,False,2.275,2.5916,0.3166
TabPFN_FineTuned_v2.5,V2_ENGINEERED,4,TS_BC_14d_068,EXP_TS_BC_14d,68,Bacterial Concrete,14,Split Tensile Strength,False,2.595,2.5916,-0.0034
TabPFN_FineTuned_v2.5,V2_ENGINEERED,4,TS_BC_14d_069,EXP_TS_BC_14d,69,Bacterial Concrete,14,Split Tensile Strength,False,2.265,2.5916,0.3266
TabPFN_FineTuned_v2.5,V2_ENGINEERED,4,TS_BC_14d_070,EXP_TS_BC_14d,70,Bacterial Concrete,14,Split Tensile Strength,False,2.436,2.5916,0.1556
TabPFN_FineTuned_v2.5,V2_ENGINEERED,4,TS_BC_14d_071,EXP_TS_BC_14d,71,Bacterial Concrete,14,Split Tensile Strength,False,2.95,2.5916,-0.3584
TabPFN_FineTuned_v2.5,V2_ENGINEERED,4,TS_BC_14d_072,EXP_TS_BC_14d,72,Bacterial Concrete,14,Split Tensile Strength,False,2.652,2.5916,-0.0604
TabPFN_FineTuned_v2.5,V2_ENGINEERED,4,TS_BC_14d_073,EXP_TS_BC_14d,73,Bacterial Concrete,14,Split Tensile Strength,False,2.608,2.5916,-0.0164
TabPFN_FineTuned_v2.5,V2_ENGINEERED,4,TS_BC_14d_074,EXP_TS_BC_14d,74,Bacterial Concrete,14,Split Tensile Strength,False,2.357,2.5916,0.2346
TabPFN_FineTuned_v2.5,V2_ENGINEERED,4,TS_BC_14d_075,EXP_TS_BC_14d,75,Bacterial Concrete,14,Split Tensile Strength,False,2.563,2.5916,0.0286
TabPFN_FineTuned_v2.5,V2_ENGINEERED,4,TS_BC_14d_076,EXP_TS_BC_14d,76,Bacterial Concrete,14,Split Tensile Strength,False,2.607,2.5916,-0.0154
TabPFN_FineTuned_v2.5,V2_ENGINEERED,4,TS_BC_14d_077,EXP_TS_BC_14d,77,Bacterial Concrete,14,Split Tensile Strength,False,2.359,2.5916,0.2326
TabPFN_FineTuned_v2.5,V2_ENGINEERED,4,TS_BC_14d_078,EXP_TS_BC_14d,78,Bacterial Concrete,14,Split Tensile Strength,False,2.619,2.5916,-0.0274
TabPFN_FineTuned_v2.5,V2_ENGINEERED,4,TS_BC_14d_079,EXP_TS_BC_14d,79,Bacterial Concrete,14,Split Tensile Strength,False,2.779,2.5916,-0.1874
TabPFN_FineTuned_v2.5,V2_ENGINEERED,4,TS_BC_14d_080,EXP_TS_BC_14d,80,Bacterial Concrete,14,Split Tensile Strength,False,2.548,2.5916,0.0436
TabPFN_FineTuned_v2.5,V2_ENGINEERED,4,TS_BC_14d_081,EXP_TS_BC_14d,81,Bacterial Concrete,14,Split Tensile Strength,False,2.57,2.5916,0.0216
TabPFN_FineTuned_v2.5,V2_ENGINEERED,4,TS_BC_14d_082,EXP_TS_BC_14d,82,Bacterial Concrete,14,Split Tensile Strength,False,2.294,2.5916,0.2976
TabPFN_FineTuned_v2.5,V2_ENGINEERED,4,TS_BC_14d_083,EXP_TS_BC_14d,83,Bacterial Concrete,14,Split Tensile Strength,False,2.39,2.5916,0.2016
TabPFN_FineTuned_v2.5,V2_ENGINEERED,4,TS_BC_14d_084,EXP_TS_BC_14d,84,Bacterial Concrete,14,Split Tensile Strength,False,2.759,2.5916,-0.1674
TabPFN_FineTuned_v2.5,V2_ENGINEERED,4,TS_BC_14d_085,EXP_TS_BC_14d,85,Bacterial Concrete,14,Split Tensile Strength,False,2.501,2.5916,0.0906
TabPFN_FineTuned_v2.5,V2_ENGINEERED,4,TS_BC_14d_086,EXP_TS_BC_14d,86,Bacterial Concrete,14,Split Tensile Strength,False,2.461,2.5916,0.1306
TabPFN_FineTuned_v2.5,V2_ENGINEERED,4,TS_BC_14d_087,EXP_TS_BC_14d,87,Bacterial Concrete,14,Split Tensile Strength,False,2.496,2.5916,0.0956
TabPFN_FineTuned_v2.5,V2_ENGINEERED,4,TS_BC_14d_088,EXP_TS_BC_14d,88,Bacterial Concrete,14,Split Tensile Strength,False,2.591,2.5916,0.0006
TabPFN_FineTuned_v2.5,V2_ENGINEERED,4,TS_BC_14d_089,EXP_TS_BC_14d,89,Bacterial Concrete,14,Split Tensile Strength,False,2.426,2.5916,0.1656
TabPFN_FineTuned_v2.5,V2_ENGINEERED,4,TS_BC_14d_090,EXP_TS_BC_14d,90,Bacterial Concrete,14,Split Tensile Strength,False,2.619,2.5916,-0.0274
TabPFN_FineTuned_v2.5,V2_ENGINEERED,4,TS_BC_14d_091,EXP_TS_BC_14d,91,Bacterial Concrete,14,Split Tensile Strength,False,2.396,2.5916,0.1956
TabPFN_FineTuned_v2.5,V2_ENGINEERED,4,TS_BC_14d_092,EXP_TS_BC_14d,92,Bacterial Concrete,14,Split Tensile Strength,False,2.716,2.5916,-0.1244
TabPFN_FineTuned_v2.5,V2_ENGINEERED,4,TS_BC_14d_093,EXP_TS_BC_14d,93,Bacterial Concrete,14,Split Tensile Strength,False,2.441,2.5916,0.1506
TabPFN_FineTuned_v2.5,V2_ENGINEERED,4,TS_BC_14d_094,EXP_TS_BC_14d,94,Bacterial Concrete,14,Split Tensile Strength,False,2.798,2.5916,-0.2064
TabPFN_FineTuned_v2.5,V2_ENGINEERED,4,TS_BC_14d_095,EXP_TS_BC_14d,95,Bacterial Concrete,14,Split Tensile Strength,False,2.598,2.5916,-0.0064
TabPFN_FineTuned_v2.5,V2_ENGINEERED,4,TS_BC_14d_096,EXP_TS_BC_14d,96,Bacterial Concrete,14,Split Tensile Strength,False,2.473,2.5916,0.1186
TabPFN_FineTuned_v2.5,V2_ENGINEERED,4,TS_BC_14d_097,EXP_TS_BC_14d,97,Bacterial Concrete,14,Split Tensile Strength,False,2.737,2.5916,-0.1454
TabPFN_FineTuned_v2.5,V2_ENGINEERED,4,TS_BC_14d_098,EXP_TS_BC_14d,98,Bacterial Concrete,14,Split Tensile Strength,False,2.394,2.5916,0.1976
TabPFN_FineTuned_v2.5,V2_ENGINEERED,4,TS_BC_14d_099,EXP_TS_BC_14d,99,Bacterial Concrete,14,Split Tensile Strength,False,2.518,2.5916,0.0736
TabPFN_FineTuned_v2.5,V2_ENGINEERED,4,TS_BC_14d_100,EXP_TS_BC_14d,100,Bacterial Concrete,14,Split Tensile Strength,False,2.6,2.5916,-0.0084
TabPFN_FineTuned_v2.5,V2_ENGINEERED,5,CS_NC_90d_001,EXP_CS_NC_90d,1,Normal Concrete,90,Compressive Strength,False,34.39,34.3614,-0.0286
TabPFN_FineTuned_v2.5,V2_ENGINEERED,5,CS_BC_90d_001,EXP_CS_BC_90d,1,Bacterial Concrete,90,Compressive Strength,False,42.0,40.5568,-1.4432
TabPFN_FineTuned_v2.5,V2_ENGINEERED,5,CS_NC_90d_002,EXP_CS_NC_90d,2,Normal Concrete,90,Compressive Strength,False,35.86,34.3614,-1.4986
TabPFN_FineTuned_v2.5,V2_ENGINEERED,5,CS_BC_90d_002,EXP_CS_BC_90d,2,Bacterial Concrete,90,Compressive Strength,False,36.16,40.5568,4.3968
TabPFN_FineTuned_v2.5,V2_ENGINEERED,5,CS_NC_90d_003,EXP_CS_NC_90d,3,Normal Concrete,90,Compressive Strength,False,30.9,34.3614,3.4614
TabPFN_FineTuned_v2.5,V2_ENGINEERED,5,CS_BC_90d_003,EXP_CS_BC_90d,3,Bacterial Concrete,90,Compressive Strength,False,43.63,40.5568,-3.0732
TabPFN_FineTuned_v2.5,V2_ENGINEERED,5,CS_NC_90d_004,EXP_CS_NC_90d,4,Normal Concrete,90,Compressive Strength,False,33.84,34.3614,0.5214
TabPFN_FineTuned_v2.5,V2_ENGINEERED,5,CS_BC_90d_004,EXP_CS_BC_90d,4,Bacterial Concrete,90,Compressive Strength,False,40.29,40.5568,0.2668
TabPFN_FineTuned_v2.5,V2_ENGINEERED,5,CS_NC_90d_005,EXP_CS_NC_90d,5,Normal Concrete,90,Compressive Strength,False,32.02,34.3614,2.3414
TabPFN_FineTuned_v2.5,V2_ENGINEERED,5,CS_BC_90d_005,EXP_CS_BC_90d,5,Bacterial Concrete,90,Compressive Strength,False,42.16,40.5568,-1.6032
TabPFN_FineTuned_v2.5,V2_ENGINEERED,5,CS_NC_90d_006,EXP_CS_NC_90d,6,Normal Concrete,90,Compressive Strength,False,32.27,34.3614,2.0914
TabPFN_FineTuned_v2.5,V2_ENGINEERED,5,CS_BC_90d_006,EXP_CS_BC_90d,6,Bacterial Concrete,90,Compressive Strength,False,38.94,40.5568,1.6168
TabPFN_FineTuned_v2.5,V2_ENGINEERED,5,CS_NC_90d_007,EXP_CS_NC_90d,7,Normal Concrete,90,Compressive Strength,False,32.11,34.3614,2.2514
TabPFN_FineTuned_v2.5,V2_ENGINEERED,5,CS_BC_90d_007,EXP_CS_BC_90d,7,Bacterial Concrete,90,Compressive Strength,False,41.42,40.5568,-0.8632
TabPFN_FineTuned_v2.5,V2_ENGINEERED,5,CS_NC_90d_008,EXP_CS_NC_90d,8,Normal Concrete,90,Compressive Strength,False,31.7,34.3614,2.6614
TabPFN_FineTuned_v2.5,V2_ENGINEERED,5,CS_BC_90d_008,EXP_CS_BC_90d,8,Bacterial Concrete,90,Compressive Strength,False,38.92,40.5568,1.6368
TabPFN_FineTuned_v2.5,V2_ENGINEERED,5,CS_NC_90d_009,EXP_CS_NC_90d,9,Normal Concrete,90,Compressive Strength,False,33.07,34.3614,1.2914
TabPFN_FineTuned_v2.5,V2_ENGINEERED,5,CS_BC_90d_009,EXP_CS_BC_90d,9,Bacterial Concrete,90,Compressive Strength,False,39.56,40.5568,0.9968
TabPFN_FineTuned_v2.5,V2_ENGINEERED,5,CS_NC_90d_010,EXP_CS_NC_90d,10,Normal Concrete,90,Compressive Strength,False,31.75,34.3614,2.6114
TabPFN_FineTuned_v2.5,V2_ENGINEERED,5,CS_BC_90d_010,EXP_CS_BC_90d,10,Bacterial Concrete,90,Compressive Strength,False,43.37,40.5568,-2.8132
TabPFN_FineTuned_v2.5,V2_ENGINEERED,5,CS_NC_90d_011,EXP_CS_NC_90d,11,Normal Concrete,90,Compressive Strength,False,33.41,34.3614,0.9514
TabPFN_FineTuned_v2.5,V2_ENGINEERED,5,CS_BC_90d_011,EXP_CS_BC_90d,11,Bacterial Concrete,90,Compressive Strength,False,40.21,40.5568,0.3468
TabPFN_FineTuned_v2.5,V2_ENGINEERED,5,CS_NC_90d_012,EXP_CS_NC_90d,12,Normal Concrete,90,Compressive Strength,False,32.92,34.3614,1.4414
TabPFN_FineTuned_v2.5,V2_ENGINEERED,5,CS_BC_90d_012,EXP_CS_BC_90d,12,Bacterial Concrete,90,Compressive Strength,False,40.83,40.5568,-0.2732
TabPFN_FineTuned_v2.5,V2_ENGINEERED,5,CS_NC_90d_013,EXP_CS_NC_90d,13,Normal Concrete,90,Compressive Strength,False,32.64,34.3614,1.7214
TabPFN_FineTuned_v2.5,V2_ENGINEERED,5,CS_BC_90d_013,EXP_CS_BC_90d,13,Bacterial Concrete,90,Compressive Strength,False,41.81,40.5568,-1.2532
TabPFN_FineTuned_v2.5,V2_ENGINEERED,5,CS_NC_90d_014,EXP_CS_NC_90d,14,Normal Concrete,90,Compressive Strength,False,31.64,34.3614,2.7214
TabPFN_FineTuned_v2.5,V2_ENGINEERED,5,CS_BC_90d_014,EXP_CS_BC_90d,14,Bacterial Concrete,90,Compressive Strength,False,41.24,40.5568,-0.6832
TabPFN_FineTuned_v2.5,V2_ENGINEERED,5,CS_NC_90d_015,EXP_CS_NC_90d,15,Normal Concrete,90,Compressive Strength,False,32.13,34.3614,2.2314
TabPFN_FineTuned_v2.5,V2_ENGINEERED,5,CS_BC_90d_015,EXP_CS_BC_90d,15,Bacterial Concrete,90,Compressive Strength,False,40.73,40.5568,-0.1732
TabPFN_FineTuned_v2.5,V2_ENGINEERED,5,CS_NC_90d_016,EXP_CS_NC_90d,16,Normal Concrete,90,Compressive Strength,False,34.13,34.3614,0.2314
TabPFN_FineTuned_v2.5,V2_ENGINEERED,5,CS_BC_90d_016,EXP_CS_BC_90d,16,Bacterial Concrete,90,Compressive Strength,False,41.05,40.5568,-0.4932
TabPFN_FineTuned_v2.5,V2_ENGINEERED,5,CS_NC_90d_017,EXP_CS_NC_90d,17,Normal Concrete,90,Compressive Strength,False,33.75,34.3614,0.6114
TabPFN_FineTuned_v2.5,V2_ENGINEERED,5,CS_BC_90d_017,EXP_CS_BC_90d,17,Bacterial Concrete,90,Compressive Strength,False,44.11,40.5568,-3.5532
TabPFN_FineTuned_v2.5,V2_ENGINEERED,5,CS_NC_90d_018,EXP_CS_NC_90d,18,Normal Concrete,90,Compressive Strength,False,31.53,34.3614,2.8314
TabPFN_FineTuned_v2.5,V2_ENGINEERED,5,CS_BC_90d_018,EXP_CS_BC_90d,18,Bacterial Concrete,90,Compressive Strength,False,40.41,40.5568,0.1468
TabPFN_FineTuned_v2.5,V2_ENGINEERED,5,CS_NC_90d_019,EXP_CS_NC_90d,19,Normal Concrete,90,Compressive Strength,False,33.15,34.3614,1.2114
TabPFN_FineTuned_v2.5,V2_ENGINEERED,5,CS_BC_90d_019,EXP_CS_BC_90d,19,Bacterial Concrete,90,Compressive Strength,False,40.8,40.5568,-0.2432
TabPFN_FineTuned_v2.5,V2_ENGINEERED,5,CS_NC_90d_020,EXP_CS_NC_90d,20,Normal Concrete,90,Compressive Strength,False,34.13,34.3614,0.2314
TabPFN_FineTuned_v2.5,V2_ENGINEERED,5,CS_BC_90d_020,EXP_CS_BC_90d,20,Bacterial Concrete,90,Compressive Strength,False,42.08,40.5568,-1.5232
TabPFN_FineTuned_v2.5,V2_ENGINEERED,5,CS_NC_90d_021,EXP_CS_NC_90d,21,Normal Concrete,90,Compressive Strength,False,30.5,34.3614,3.8614
TabPFN_FineTuned_v2.5,V2_ENGINEERED,5,CS_BC_90d_021,EXP_CS_BC_90d,21,Bacterial Concrete,90,Compressive Strength,False,42.16,40.5568,-1.6032
TabPFN_FineTuned_v2.5,V2_ENGINEERED,5,CS_NC_90d_022,EXP_CS_NC_90d,22,Normal Concrete,90,Compressive Strength,False,33.82,34.3614,0.5414
TabPFN_FineTuned_v2.5,V2_ENGINEERED,5,CS_BC_90d_022,EXP_CS_BC_90d,22,Bacterial Concrete,90,Compressive Strength,False,42.28,40.5568,-1.7232
TabPFN_FineTuned_v2.5,V2_ENGINEERED,5,CS_NC_90d_023,EXP_CS_NC_90d,23,Normal Concrete,90,Compressive Strength,False,32.01,34.3614,2.3514
TabPFN_FineTuned_v2.5,V2_ENGINEERED,5,CS_BC_90d_023,EXP_CS_BC_90d,23,Bacterial Concrete,90,Compressive Strength,False,41.46,40.5568,-0.9032
TabPFN_FineTuned_v2.5,V2_ENGINEERED,5,CS_NC_90d_024,EXP_CS_NC_90d,24,Normal Concrete,90,Compressive Strength,False,33.86,34.3614,0.5014
TabPFN_FineTuned_v2.5,V2_ENGINEERED,5,CS_BC_90d_024,EXP_CS_BC_90d,24,Bacterial Concrete,90,Compressive Strength,False,38.79,40.5568,1.7668
TabPFN_FineTuned_v2.5,V2_ENGINEERED,5,CS_NC_90d_025,EXP_CS_NC_90d,25,Normal Concrete,90,Compressive Strength,False,31.86,34.3614,2.5014
TabPFN_FineTuned_v2.5,V2_ENGINEERED,5,CS_BC_90d_025,EXP_CS_BC_90d,25,Bacterial Concrete,90,Compressive Strength,False,42.95,40.5568,-2.3932
TabPFN_FineTuned_v2.5,V2_ENGINEERED,5,CS_NC_90d_026,EXP_CS_NC_90d,26,Normal Concrete,90,Compressive Strength,False,30.29,34.3614,4.0714
TabPFN_FineTuned_v2.5,V2_ENGINEERED,5,CS_BC_90d_026,EXP_CS_BC_90d,26,Bacterial Concrete,90,Compressive Strength,False,38.78,40.5568,1.7768
TabPFN_FineTuned_v2.5,V2_ENGINEERED,5,CS_NC_90d_027,EXP_CS_NC_90d,27,Normal Concrete,90,Compressive Strength,False,30.56,34.3614,3.8014
TabPFN_FineTuned_v2.5,V2_ENGINEERED,5,CS_BC_90d_027,EXP_CS_BC_90d,27,Bacterial Concrete,90,Compressive Strength,False,40.95,40.5568,-0.3932
TabPFN_FineTuned_v2.5,V2_ENGINEERED,5,CS_NC_90d_028,EXP_CS_NC_90d,28,Normal Concrete,90,Compressive Strength,False,33.07,34.3614,1.2914
TabPFN_FineTuned_v2.5,V2_ENGINEERED,5,CS_BC_90d_028,EXP_CS_BC_90d,28,Bacterial Concrete,90,Compressive Strength,False,39.37,40.5568,1.1868
TabPFN_FineTuned_v2.5,V2_ENGINEERED,5,CS_NC_90d_029,EXP_CS_NC_90d,29,Normal Concrete,90,Compressive Strength,False,33.39,34.3614,0.9714
TabPFN_FineTuned_v2.5,V2_ENGINEERED,5,CS_BC_90d_029,EXP_CS_BC_90d,29,Bacterial Concrete,90,Compressive Strength,False,40.4,40.5568,0.1568
TabPFN_FineTuned_v2.5,V2_ENGINEERED,5,CS_NC_90d_030,EXP_CS_NC_90d,30,Normal Concrete,90,Compressive Strength,False,31.64,34.3614,2.7214
TabPFN_FineTuned_v2.5,V2_ENGINEERED,5,CS_BC_90d_030,EXP_CS_BC_90d,30,Bacterial Concrete,90,Compressive Strength,False,40.99,40.5568,-0.4332
TabPFN_FineTuned_v2.5,V2_ENGINEERED,5,CS_NC_90d_031,EXP_CS_NC_90d,31,Normal Concrete,90,Compressive Strength,False,33.96,34.3614,0.4014
TabPFN_FineTuned_v2.5,V2_ENGINEERED,5,CS_BC_90d_031,EXP_CS_BC_90d,31,Bacterial Concrete,90,Compressive Strength,False,40.98,40.5568,-0.4232
TabPFN_FineTuned_v2.5,V2_ENGINEERED,5,CS_NC_90d_032,EXP_CS_NC_90d,32,Normal Concrete,90,Compressive Strength,False,30.51,34.3614,3.8514
TabPFN_FineTuned_v2.5,V2_ENGINEERED,5,CS_BC_90d_032,EXP_CS_BC_90d,32,Bacterial Concrete,90,Compressive Strength,False,41.13,40.5568,-0.5732
TabPFN_FineTuned_v2.5,V2_ENGINEERED,5,CS_NC_90d_033,EXP_CS_NC_90d,33,Normal Concrete,90,Compressive Strength,False,32.9,34.3614,1.4614
TabPFN_FineTuned_v2.5,V2_ENGINEERED,5,CS_BC_90d_033,EXP_CS_BC_90d,33,Bacterial Concrete,90,Compressive Strength,False,42.92,40.5568,-2.3632
TabPFN_FineTuned_v2.5,V2_ENGINEERED,5,CS_NC_90d_034,EXP_CS_NC_90d,34,Normal Concrete,90,Compressive Strength,False,31.18,34.3614,3.1814
TabPFN_FineTuned_v2.5,V2_ENGINEERED,5,CS_BC_90d_034,EXP_CS_BC_90d,34,Bacterial Concrete,90,Compressive Strength,False,41.18,40.5568,-0.6232
TabPFN_FineTuned_v2.5,V2_ENGINEERED,5,CS_NC_90d_035,EXP_CS_NC_90d,35,Normal Concrete,90,Compressive Strength,False,32.02,34.3614,2.3414
TabPFN_FineTuned_v2.5,V2_ENGINEERED,5,CS_BC_90d_035,EXP_CS_BC_90d,35,Bacterial Concrete,90,Compressive Strength,False,40.13,40.5568,0.4268
TabPFN_FineTuned_v2.5,V2_ENGINEERED,5,CS_NC_90d_036,EXP_CS_NC_90d,36,Normal Concrete,90,Compressive Strength,False,33.07,34.3614,1.2914
TabPFN_FineTuned_v2.5,V2_ENGINEERED,5,CS_BC_90d_036,EXP_CS_BC_90d,36,Bacterial Concrete,90,Compressive Strength,False,41.95,40.5568,-1.3932
TabPFN_FineTuned_v2.5,V2_ENGINEERED,5,CS_NC_90d_037,EXP_CS_NC_90d,37,Normal Concrete,90,Compressive Strength,False,31.71,34.3614,2.6514
TabPFN_FineTuned_v2.5,V2_ENGINEERED,5,CS_BC_90d_037,EXP_CS_BC_90d,37,Bacterial Concrete,90,Compressive Strength,False,42.28,40.5568,-1.7232
TabPFN_FineTuned_v2.5,V2_ENGINEERED,5,CS_NC_90d_038,EXP_CS_NC_90d,38,Normal Concrete,90,Compressive Strength,False,32.42,34.3614,1.9414
TabPFN_FineTuned_v2.5,V2_ENGINEERED,5,CS_BC_90d_038,EXP_CS_BC_90d,38,Bacterial Concrete,90,Compressive Strength,False,38.66,40.5568,1.8968
TabPFN_FineTuned_v2.5,V2_ENGINEERED,5,CS_NC_90d_039,EXP_CS_NC_90d,39,Normal Concrete,90,Compressive Strength,False,34.51,34.3614,-0.1486
TabPFN_FineTuned_v2.5,V2_ENGINEERED,5,CS_BC_90d_039,EXP_CS_BC_90d,39,Bacterial Concrete,90,Compressive Strength,False,41.4,40.5568,-0.8432
TabPFN_FineTuned_v2.5,V2_ENGINEERED,5,CS_NC_90d_040,EXP_CS_NC_90d,40,Normal Concrete,90,Compressive Strength,False,32.13,34.3614,2.2314
TabPFN_FineTuned_v2.5,V2_ENGINEERED,5,CS_BC_90d_040,EXP_CS_BC_90d,40,Bacterial Concrete,90,Compressive Strength,False,41.55,40.5568,-0.9932
TabPFN_FineTuned_v2.5,V2_ENGINEERED,5,CS_NC_90d_041,EXP_CS_NC_90d,41,Normal Concrete,90,Compressive Strength,False,34.25,34.3614,0.1114
TabPFN_FineTuned_v2.5,V2_ENGINEERED,5,CS_BC_90d_041,EXP_CS_BC_90d,41,Bacterial Concrete,90,Compressive Strength,False,40.05,40.5568,0.5068
TabPFN_FineTuned_v2.5,V2_ENGINEERED,5,CS_NC_90d_042,EXP_CS_NC_90d,42,Normal Concrete,90,Compressive Strength,False,31.31,34.3614,3.0514
TabPFN_FineTuned_v2.5,V2_ENGINEERED,5,CS_BC_90d_042,EXP_CS_BC_90d,42,Bacterial Concrete,90,Compressive Strength,False,42.56,40.5568,-2.0032
TabPFN_FineTuned_v2.5,V2_ENGINEERED,5,CS_NC_90d_043,EXP_CS_NC_90d,43,Normal Concrete,90,Compressive Strength,False,33.79,34.3614,0.5714
TabPFN_FineTuned_v2.5,V2_ENGINEERED,5,CS_BC_90d_043,EXP_CS_BC_90d,43,Bacterial Concrete,90,Compressive Strength,False,40.27,40.5568,0.2868
TabPFN_FineTuned_v2.5,V2_ENGINEERED,5,CS_NC_90d_044,EXP_CS_NC_90d,44,Normal Concrete,90,Compressive Strength,False,35.16,34.3614,-0.7986
TabPFN_FineTuned_v2.5,V2_ENGINEERED,5,CS_BC_90d_044,EXP_CS_BC_90d,44,Bacterial Concrete,90,Compressive Strength,False,40.69,40.5568,-0.1332
TabPFN_FineTuned_v2.5,V2_ENGINEERED,5,CS_NC_90d_045,EXP_CS_NC_90d,45,Normal Concrete,90,Compressive Strength,False,29.29,34.3614,5.0714
TabPFN_FineTuned_v2.5,V2_ENGINEERED,5,CS_BC_90d_045,EXP_CS_BC_90d,45,Bacterial Concrete,90,Compressive Strength,False,40.24,40.5568,0.3168
TabPFN_FineTuned_v2.5,V2_ENGINEERED,5,CS_NC_90d_046,EXP_CS_NC_90d,46,Normal Concrete,90,Compressive Strength,False,31.8,34.3614,2.5614
TabPFN_FineTuned_v2.5,V2_ENGINEERED,5,CS_BC_90d_046,EXP_CS_BC_90d,46,Bacterial Concrete,90,Compressive Strength,False,40.52,40.5568,0.0368
TabPFN_FineTuned_v2.5,V2_ENGINEERED,5,CS_NC_90d_047,EXP_CS_NC_90d,47,Normal Concrete,90,Compressive Strength,False,33.87,34.3614,0.4914
TabPFN_FineTuned_v2.5,V2_ENGINEERED,5,CS_BC_90d_047,EXP_CS_BC_90d,47,Bacterial Concrete,90,Compressive Strength,False,38.86,40.5568,1.6968
TabPFN_FineTuned_v2.5,V2_ENGINEERED,5,CS_NC_90d_048,EXP_CS_NC_90d,48,Normal Concrete,90,Compressive Strength,False,32.7,34.3614,1.6614
TabPFN_FineTuned_v2.5,V2_ENGINEERED,5,CS_BC_90d_048,EXP_CS_BC_90d,48,Bacterial Concrete,90,Compressive Strength,False,38.34,40.5568,2.2168
TabPFN_FineTuned_v2.5,V2_ENGINEERED,5,CS_NC_90d_049,EXP_CS_NC_90d,49,Normal Concrete,90,Compressive Strength,False,33.56,34.3614,0.8014
TabPFN_FineTuned_v2.5,V2_ENGINEERED,5,CS_BC_90d_049,EXP_CS_BC_90d,49,Bacterial Concrete,90,Compressive Strength,False,42.89,40.5568,-2.3332
TabPFN_FineTuned_v2.5,V2_ENGINEERED,5,CS_NC_90d_050,EXP_CS_NC_90d,50,Normal Concrete,90,Compressive Strength,False,32.09,34.3614,2.2714
TabPFN_FineTuned_v2.5,V2_ENGINEERED,5,CS_BC_90d_050,EXP_CS_BC_90d,50,Bacterial Concrete,90,Compressive Strength,False,39.23,40.5568,1.3268
TabPFN_FineTuned_v2.5,V2_ENGINEERED,5,CS_NC_90d_051,EXP_CS_NC_90d,51,Normal Concrete,90,Compressive Strength,False,33.13,34.3614,1.2314
TabPFN_FineTuned_v2.5,V2_ENGINEERED,5,CS_BC_90d_051,EXP_CS_BC_90d,51,Bacterial Concrete,90,Compressive Strength,False,39.01,40.5568,1.5468
TabPFN_FineTuned_v2.5,V2_ENGINEERED,5,CS_NC_90d_052,EXP_CS_NC_90d,52,Normal Concrete,90,Compressive Strength,False,32.77,34.3614,1.5914
TabPFN_FineTuned_v2.5,V2_ENGINEERED,5,CS_BC_90d_052,EXP_CS_BC_90d,52,Bacterial Concrete,90,Compressive Strength,False,37.27,40.5568,3.2868
TabPFN_FineTuned_v2.5,V2_ENGINEERED,5,CS_NC_90d_053,EXP_CS_NC_90d,53,Normal Concrete,90,Compressive Strength,False,34.75,34.3614,-0.3886
TabPFN_FineTuned_v2.5,V2_ENGINEERED,5,CS_BC_90d_053,EXP_CS_BC_90d,53,Bacterial Concrete,90,Compressive Strength,False,39.54,40.5568,1.0168
TabPFN_FineTuned_v2.5,V2_ENGINEERED,5,CS_NC_90d_054,EXP_CS_NC_90d,54,Normal Concrete,90,Compressive Strength,False,33.38,34.3614,0.9814
TabPFN_FineTuned_v2.5,V2_ENGINEERED,5,CS_BC_90d_054,EXP_CS_BC_90d,54,Bacterial Concrete,90,Compressive Strength,False,38.52,40.5568,2.0368
TabPFN_FineTuned_v2.5,V2_ENGINEERED,5,CS_NC_90d_055,EXP_CS_NC_90d,55,Normal Concrete,90,Compressive Strength,False,33.51,34.3614,0.8514
TabPFN_FineTuned_v2.5,V2_ENGINEERED,5,CS_BC_90d_055,EXP_CS_BC_90d,55,Bacterial Concrete,90,Compressive Strength,False,42.96,40.5568,-2.4032
TabPFN_FineTuned_v2.5,V2_ENGINEERED,5,CS_NC_90d_056,EXP_CS_NC_90d,56,Normal Concrete,90,Compressive Strength,False,32.38,34.3614,1.9814
TabPFN_FineTuned_v2.5,V2_ENGINEERED,5,CS_BC_90d_056,EXP_CS_BC_90d,56,Bacterial Concrete,90,Compressive Strength,False,42.01,40.5568,-1.4532
TabPFN_FineTuned_v2.5,V2_ENGINEERED,5,CS_NC_90d_057,EXP_CS_NC_90d,57,Normal Concrete,90,Compressive Strength,False,32.27,34.3614,2.0914
TabPFN_FineTuned_v2.5,V2_ENGINEERED,5,CS_BC_90d_057,EXP_CS_BC_90d,57,Bacterial Concrete,90,Compressive Strength,False,39.47,40.5568,1.0868
TabPFN_FineTuned_v2.5,V2_ENGINEERED,5,CS_NC_90d_058,EXP_CS_NC_90d,58,Normal Concrete,90,Compressive Strength,False,32.35,34.3614,2.0114
TabPFN_FineTuned_v2.5,V2_ENGINEERED,5,CS_BC_90d_058,EXP_CS_BC_90d,58,Bacterial Concrete,90,Compressive Strength,False,43.88,40.5568,-3.3232
TabPFN_FineTuned_v2.5,V2_ENGINEERED,5,CS_NC_90d_059,EXP_CS_NC_90d,59,Normal Concrete,90,Compressive Strength,False,33.59,34.3614,0.7714
TabPFN_FineTuned_v2.5,V2_ENGINEERED,5,CS_BC_90d_059,EXP_CS_BC_90d,59,Bacterial Concrete,90,Compressive Strength,False,41.97,40.5568,-1.4132
TabPFN_FineTuned_v2.5,V2_ENGINEERED,5,CS_NC_90d_060,EXP_CS_NC_90d,60,Normal Concrete,90,Compressive Strength,False,32.37,34.3614,1.9914
TabPFN_FineTuned_v2.5,V2_ENGINEERED,5,CS_BC_90d_060,EXP_CS_BC_90d,60,Bacterial Concrete,90,Compressive Strength,False,40.01,40.5568,0.5468
TabPFN_FineTuned_v2.5,V2_ENGINEERED,5,CS_NC_90d_061,EXP_CS_NC_90d,61,Normal Concrete,90,Compressive Strength,False,33.43,34.3614,0.9314
TabPFN_FineTuned_v2.5,V2_ENGINEERED,5,CS_BC_90d_061,EXP_CS_BC_90d,61,Bacterial Concrete,90,Compressive Strength,False,36.75,40.5568,3.8068
TabPFN_FineTuned_v2.5,V2_ENGINEERED,5,CS_NC_90d_062,EXP_CS_NC_90d,62,Normal Concrete,90,Compressive Strength,False,36.11,34.3614,-1.7486
TabPFN_FineTuned_v2.5,V2_ENGINEERED,5,CS_BC_90d_062,EXP_CS_BC_90d,62,Bacterial Concrete,90,Compressive Strength,False,43.94,40.5568,-3.3832
TabPFN_FineTuned_v2.5,V2_ENGINEERED,5,CS_NC_90d_063,EXP_CS_NC_90d,63,Normal Concrete,90,Compressive Strength,False,34.31,34.3614,0.0514
TabPFN_FineTuned_v2.5,V2_ENGINEERED,5,CS_BC_90d_063,EXP_CS_BC_90d,63,Bacterial Concrete,90,Compressive Strength,False,38.42,40.5568,2.1368
TabPFN_FineTuned_v2.5,V2_ENGINEERED,5,CS_NC_90d_064,EXP_CS_NC_90d,64,Normal Concrete,90,Compressive Strength,False,32.51,34.3614,1.8514
TabPFN_FineTuned_v2.5,V2_ENGINEERED,5,CS_BC_90d_064,EXP_CS_BC_90d,64,Bacterial Concrete,90,Compressive Strength,False,38.03,40.5568,2.5268
TabPFN_FineTuned_v2.5,V2_ENGINEERED,5,CS_NC_90d_065,EXP_CS_NC_90d,65,Normal Concrete,90,Compressive Strength,False,34.8,34.3614,-0.4386
TabPFN_FineTuned_v2.5,V2_ENGINEERED,5,CS_BC_90d_065,EXP_CS_BC_90d,65,Bacterial Concrete,90,Compressive Strength,False,42.03,40.5568,-1.4732
TabPFN_FineTuned_v2.5,V2_ENGINEERED,5,CS_NC_90d_066,EXP_CS_NC_90d,66,Normal Concrete,90,Compressive Strength,False,32.39,34.3614,1.9714
TabPFN_FineTuned_v2.5,V2_ENGINEERED,5,CS_BC_90d_066,EXP_CS_BC_90d,66,Bacterial Concrete,90,Compressive Strength,False,44.16,40.5568,-3.6032
TabPFN_FineTuned_v2.5,V2_ENGINEERED,5,CS_NC_90d_067,EXP_CS_NC_90d,67,Normal Concrete,90,Compressive Strength,False,29.94,34.3614,4.4214
TabPFN_FineTuned_v2.5,V2_ENGINEERED,5,CS_BC_90d_067,EXP_CS_BC_90d,67,Bacterial Concrete,90,Compressive Strength,False,42.58,40.5568,-2.0232
TabPFN_FineTuned_v2.5,V2_ENGINEERED,5,CS_NC_90d_068,EXP_CS_NC_90d,68,Normal Concrete,90,Compressive Strength,False,31.49,34.3614,2.8714
TabPFN_FineTuned_v2.5,V2_ENGINEERED,5,CS_BC_90d_068,EXP_CS_BC_90d,68,Bacterial Concrete,90,Compressive Strength,False,41.35,40.5568,-0.7932
TabPFN_FineTuned_v2.5,V2_ENGINEERED,5,CS_NC_90d_069,EXP_CS_NC_90d,69,Normal Concrete,90,Compressive Strength,False,30.19,34.3614,4.1714
TabPFN_FineTuned_v2.5,V2_ENGINEERED,5,CS_BC_90d_069,EXP_CS_BC_90d,69,Bacterial Concrete,90,Compressive Strength,False,41.39,40.5568,-0.8332
TabPFN_FineTuned_v2.5,V2_ENGINEERED,5,CS_NC_90d_070,EXP_CS_NC_90d,70,Normal Concrete,90,Compressive Strength,False,32.47,34.3614,1.8914
TabPFN_FineTuned_v2.5,V2_ENGINEERED,5,CS_BC_90d_070,EXP_CS_BC_90d,70,Bacterial Concrete,90,Compressive Strength,False,41.78,40.5568,-1.2232
TabPFN_FineTuned_v2.5,V2_ENGINEERED,5,CS_NC_90d_071,EXP_CS_NC_90d,71,Normal Concrete,90,Compressive Strength,False,33.03,34.3614,1.3314
TabPFN_FineTuned_v2.5,V2_ENGINEERED,5,CS_BC_90d_071,EXP_CS_BC_90d,71,Bacterial Concrete,90,Compressive Strength,False,41.64,40.5568,-1.0832
TabPFN_FineTuned_v2.5,V2_ENGINEERED,5,CS_NC_90d_072,EXP_CS_NC_90d,72,Normal Concrete,90,Compressive Strength,False,35.51,34.3614,-1.1486
TabPFN_FineTuned_v2.5,V2_ENGINEERED,5,CS_BC_90d_072,EXP_CS_BC_90d,72,Bacterial Concrete,90,Compressive Strength,False,40.92,40.5568,-0.3632
TabPFN_FineTuned_v2.5,V2_ENGINEERED,5,CS_NC_90d_073,EXP_CS_NC_90d,73,Normal Concrete,90,Compressive Strength,False,33.49,34.3614,0.8714
TabPFN_FineTuned_v2.5,V2_ENGINEERED,5,CS_BC_90d_073,EXP_CS_BC_90d,73,Bacterial Concrete,90,Compressive Strength,False,40.66,40.5568,-0.1032
TabPFN_FineTuned_v2.5,V2_ENGINEERED,5,CS_NC_90d_074,EXP_CS_NC_90d,74,Normal Concrete,90,Compressive Strength,False,32.67,34.3614,1.6914
TabPFN_FineTuned_v2.5,V2_ENGINEERED,5,CS_BC_90d_074,EXP_CS_BC_90d,74,Bacterial Concrete,90,Compressive Strength,False,40.41,40.5568,0.1468
TabPFN_FineTuned_v2.5,V2_ENGINEERED,5,CS_NC_90d_075,EXP_CS_NC_90d,75,Normal Concrete,90,Compressive Strength,False,34.24,34.3614,0.1214
TabPFN_FineTuned_v2.5,V2_ENGINEERED,5,CS_BC_90d_075,EXP_CS_BC_90d,75,Bacterial Concrete,90,Compressive Strength,False,39.37,40.5568,1.1868
TabPFN_FineTuned_v2.5,V2_ENGINEERED,5,CS_NC_90d_076,EXP_CS_NC_90d,76,Normal Concrete,90,Compressive Strength,False,29.68,34.3614,4.6814
TabPFN_FineTuned_v2.5,V2_ENGINEERED,5,CS_BC_90d_076,EXP_CS_BC_90d,76,Bacterial Concrete,90,Compressive Strength,False,40.08,40.5568,0.4768
TabPFN_FineTuned_v2.5,V2_ENGINEERED,5,CS_NC_90d_077,EXP_CS_NC_90d,77,Normal Concrete,90,Compressive Strength,False,33.35,34.3614,1.0114
TabPFN_FineTuned_v2.5,V2_ENGINEERED,5,CS_BC_90d_077,EXP_CS_BC_90d,77,Bacterial Concrete,90,Compressive Strength,False,37.96,40.5568,2.5968
TabPFN_FineTuned_v2.5,V2_ENGINEERED,5,CS_NC_90d_078,EXP_CS_NC_90d,78,Normal Concrete,90,Compressive Strength,False,34.16,34.3614,0.2014
TabPFN_FineTuned_v2.5,V2_ENGINEERED,5,CS_BC_90d_078,EXP_CS_BC_90d,78,Bacterial Concrete,90,Compressive Strength,False,40.35,40.5568,0.2068
TabPFN_FineTuned_v2.5,V2_ENGINEERED,5,CS_NC_90d_079,EXP_CS_NC_90d,79,Normal Concrete,90,Compressive Strength,False,30.78,34.3614,3.5814
TabPFN_FineTuned_v2.5,V2_ENGINEERED,5,CS_BC_90d_079,EXP_CS_BC_90d,79,Bacterial Concrete,90,Compressive Strength,False,39.02,40.5568,1.5368
TabPFN_FineTuned_v2.5,V2_ENGINEERED,5,CS_NC_90d_080,EXP_CS_NC_90d,80,Normal Concrete,90,Compressive Strength,False,34.72,34.3614,-0.3586
TabPFN_FineTuned_v2.5,V2_ENGINEERED,5,CS_BC_90d_080,EXP_CS_BC_90d,80,Bacterial Concrete,90,Compressive Strength,False,38.84,40.5568,1.7168
TabPFN_FineTuned_v2.5,V2_ENGINEERED,5,CS_NC_90d_081,EXP_CS_NC_90d,81,Normal Concrete,90,Compressive Strength,False,33.51,34.3614,0.8514
TabPFN_FineTuned_v2.5,V2_ENGINEERED,5,CS_BC_90d_081,EXP_CS_BC_90d,81,Bacterial Concrete,90,Compressive Strength,False,40.77,40.5568,-0.2132
TabPFN_FineTuned_v2.5,V2_ENGINEERED,5,CS_NC_90d_082,EXP_CS_NC_90d,82,Normal Concrete,90,Compressive Strength,False,32.38,34.3614,1.9814
TabPFN_FineTuned_v2.5,V2_ENGINEERED,5,CS_BC_90d_082,EXP_CS_BC_90d,82,Bacterial Concrete,90,Compressive Strength,False,42.59,40.5568,-2.0332
TabPFN_FineTuned_v2.5,V2_ENGINEERED,5,CS_NC_90d_083,EXP_CS_NC_90d,83,Normal Concrete,90,Compressive Strength,False,33.95,34.3614,0.4114
TabPFN_FineTuned_v2.5,V2_ENGINEERED,5,CS_BC_90d_083,EXP_CS_BC_90d,83,Bacterial Concrete,90,Compressive Strength,False,41.88,40.5568,-1.3232
TabPFN_FineTuned_v2.5,V2_ENGINEERED,5,CS_NC_90d_084,EXP_CS_NC_90d,84,Normal Concrete,90,Compressive Strength,False,36.41,34.3614,-2.0486
TabPFN_FineTuned_v2.5,V2_ENGINEERED,5,CS_BC_90d_084,EXP_CS_BC_90d,84,Bacterial Concrete,90,Compressive Strength,False,38.14,40.5568,2.4168
TabPFN_FineTuned_v2.5,V2_ENGINEERED,5,CS_NC_90d_085,EXP_CS_NC_90d,85,Normal Concrete,90,Compressive Strength,False,33.27,34.3614,1.0914
TabPFN_FineTuned_v2.5,V2_ENGINEERED,5,CS_BC_90d_085,EXP_CS_BC_90d,85,Bacterial Concrete,90,Compressive Strength,False,39.02,40.5568,1.5368
TabPFN_FineTuned_v2.5,V2_ENGINEERED,5,CS_NC_90d_086,EXP_CS_NC_90d,86,Normal Concrete,90,Compressive Strength,False,33.37,34.3614,0.9914
TabPFN_FineTuned_v2.5,V2_ENGINEERED,5,CS_BC_90d_086,EXP_CS_BC_90d,86,Bacterial Concrete,90,Compressive Strength,False,41.91,40.5568,-1.3532
TabPFN_FineTuned_v2.5,V2_ENGINEERED,5,CS_NC_90d_087,EXP_CS_NC_90d,87,Normal Concrete,90,Compressive Strength,False,32.31,34.3614,2.0514
TabPFN_FineTuned_v2.5,V2_ENGINEERED,5,CS_BC_90d_087,EXP_CS_BC_90d,87,Bacterial Concrete,90,Compressive Strength,False,39.03,40.5568,1.5268
TabPFN_FineTuned_v2.5,V2_ENGINEERED,5,CS_NC_90d_088,EXP_CS_NC_90d,88,Normal Concrete,90,Compressive Strength,False,31.73,34.3614,2.6314
TabPFN_FineTuned_v2.5,V2_ENGINEERED,5,CS_BC_90d_088,EXP_CS_BC_90d,88,Bacterial Concrete,90,Compressive Strength,False,40.16,40.5568,0.3968
TabPFN_FineTuned_v2.5,V2_ENGINEERED,5,CS_NC_90d_089,EXP_CS_NC_90d,89,Normal Concrete,90,Compressive Strength,False,34.25,34.3614,0.1114
TabPFN_FineTuned_v2.5,V2_ENGINEERED,5,CS_BC_90d_089,EXP_CS_BC_90d,89,Bacterial Concrete,90,Compressive Strength,False,41.33,40.5568,-0.7732
TabPFN_FineTuned_v2.5,V2_ENGINEERED,5,CS_NC_90d_090,EXP_CS_NC_90d,90,Normal Concrete,90,Compressive Strength,False,31.72,34.3614,2.6414
TabPFN_FineTuned_v2.5,V2_ENGINEERED,5,CS_BC_90d_090,EXP_CS_BC_90d,90,Bacterial Concrete,90,Compressive Strength,False,39.05,40.5568,1.5068
TabPFN_FineTuned_v2.5,V2_ENGINEERED,5,CS_NC_90d_091,EXP_CS_NC_90d,91,Normal Concrete,90,Compressive Strength,False,33.11,34.3614,1.2514
TabPFN_FineTuned_v2.5,V2_ENGINEERED,5,CS_BC_90d_091,EXP_CS_BC_90d,91,Bacterial Concrete,90,Compressive Strength,False,40.66,40.5568,-0.1032
TabPFN_FineTuned_v2.5,V2_ENGINEERED,5,CS_NC_90d_092,EXP_CS_NC_90d,92,Normal Concrete,90,Compressive Strength,False,32.28,34.3614,2.0814
TabPFN_FineTuned_v2.5,V2_ENGINEERED,5,CS_BC_90d_092,EXP_CS_BC_90d,92,Bacterial Concrete,90,Compressive Strength,False,38.5,40.5568,2.0568
TabPFN_FineTuned_v2.5,V2_ENGINEERED,5,CS_NC_90d_093,EXP_CS_NC_90d,93,Normal Concrete,90,Compressive Strength,False,33.72,34.3614,0.6414
TabPFN_FineTuned_v2.5,V2_ENGINEERED,5,CS_BC_90d_093,EXP_CS_BC_90d,93,Bacterial Concrete,90,Compressive Strength,False,39.6,40.5568,0.9568
TabPFN_FineTuned_v2.5,V2_ENGINEERED,5,CS_NC_90d_094,EXP_CS_NC_90d,94,Normal Concrete,90,Compressive Strength,False,33.5,34.3614,0.8614
TabPFN_FineTuned_v2.5,V2_ENGINEERED,5,CS_BC_90d_094,EXP_CS_BC_90d,94,Bacterial Concrete,90,Compressive Strength,False,40.98,40.5568,-0.4232
TabPFN_FineTuned_v2.5,V2_ENGINEERED,5,CS_NC_90d_095,EXP_CS_NC_90d,95,Normal Concrete,90,Compressive Strength,False,34.56,34.3614,-0.1986
TabPFN_FineTuned_v2.5,V2_ENGINEERED,5,CS_BC_90d_095,EXP_CS_BC_90d,95,Bacterial Concrete,90,Compressive Strength,False,38.11,40.5568,2.4468
TabPFN_FineTuned_v2.5,V2_ENGINEERED,5,CS_NC_90d_096,EXP_CS_NC_90d,96,Normal Concrete,90,Compressive Strength,False,32.23,34.3614,2.1314
TabPFN_FineTuned_v2.5,V2_ENGINEERED,5,CS_BC_90d_096,EXP_CS_BC_90d,96,Bacterial Concrete,90,Compressive Strength,False,41.16,40.5568,-0.6032
TabPFN_FineTuned_v2.5,V2_ENGINEERED,5,CS_NC_90d_097,EXP_CS_NC_90d,97,Normal Concrete,90,Compressive Strength,False,32.6,34.3614,1.7614
TabPFN_FineTuned_v2.5,V2_ENGINEERED,5,CS_BC_90d_097,EXP_CS_BC_90d,97,Bacterial Concrete,90,Compressive Strength,False,40.47,40.5568,0.0868
TabPFN_FineTuned_v2.5,V2_ENGINEERED,5,CS_NC_90d_098,EXP_CS_NC_90d,98,Normal Concrete,90,Compressive Strength,False,31.53,34.3614,2.8314
TabPFN_FineTuned_v2.5,V2_ENGINEERED,5,CS_BC_90d_098,EXP_CS_BC_90d,98,Bacterial Concrete,90,Compressive Strength,False,41.33,40.5568,-0.7732
TabPFN_FineTuned_v2.5,V2_ENGINEERED,5,CS_NC_90d_099,EXP_CS_NC_90d,99,Normal Concrete,90,Compressive Strength,False,32.33,34.3614,2.0314
TabPFN_FineTuned_v2.5,V2_ENGINEERED,5,CS_BC_90d_099,EXP_CS_BC_90d,99,Bacterial Concrete,90,Compressive Strength,False,40.84,40.5568,-0.2832
TabPFN_FineTuned_v2.5,V2_ENGINEERED,5,CS_NC_90d_100,EXP_CS_NC_90d,100,Normal Concrete,90,Compressive Strength,False,33.57,34.3614,0.7914
TabPFN_FineTuned_v2.5,V2_ENGINEERED,5,CS_BC_90d_100,EXP_CS_BC_90d,100,Bacterial Concrete,90,Compressive Strength,False,42.55,40.5568,-1.9932
TabPFN_FineTuned_v2.5,V2_ENGINEERED,5,FS_NC_07d_001,EXP_FS_NC_07d,1,Normal Concrete,7,Flexural Strength,False,3.043,3.7313,0.6883
TabPFN_FineTuned_v2.5,V2_ENGINEERED,5,FS_NC_07d_002,EXP_FS_NC_07d,2,Normal Concrete,7,Flexural Strength,False,3.409,3.7313,0.3223
TabPFN_FineTuned_v2.5,V2_ENGINEERED,5,FS_NC_07d_003,EXP_FS_NC_07d,3,Normal Concrete,7,Flexural Strength,False,3.009,3.7313,0.7223
TabPFN_FineTuned_v2.5,V2_ENGINEERED,5,FS_NC_07d_004,EXP_FS_NC_07d,4,Normal Concrete,7,Flexural Strength,False,2.779,3.7313,0.9523
TabPFN_FineTuned_v2.5,V2_ENGINEERED,5,FS_NC_07d_005,EXP_FS_NC_07d,5,Normal Concrete,7,Flexural Strength,False,2.714,3.7313,1.0173
TabPFN_FineTuned_v2.5,V2_ENGINEERED,5,FS_NC_07d_006,EXP_FS_NC_07d,6,Normal Concrete,7,Flexural Strength,False,2.845,3.7313,0.8863
TabPFN_FineTuned_v2.5,V2_ENGINEERED,5,FS_NC_07d_007,EXP_FS_NC_07d,7,Normal Concrete,7,Flexural Strength,False,2.663,3.7313,1.0683
TabPFN_FineTuned_v2.5,V2_ENGINEERED,5,FS_NC_07d_008,EXP_FS_NC_07d,8,Normal Concrete,7,Flexural Strength,False,2.795,3.7313,0.9363
TabPFN_FineTuned_v2.5,V2_ENGINEERED,5,FS_NC_07d_009,EXP_FS_NC_07d,9,Normal Concrete,7,Flexural Strength,False,2.966,3.7313,0.7653
TabPFN_FineTuned_v2.5,V2_ENGINEERED,5,FS_NC_07d_010,EXP_FS_NC_07d,10,Normal Concrete,7,Flexural Strength,False,3.4,3.7313,0.3313
TabPFN_FineTuned_v2.5,V2_ENGINEERED,5,FS_NC_07d_011,EXP_FS_NC_07d,11,Normal Concrete,7,Flexural Strength,False,2.929,3.7313,0.8023
TabPFN_FineTuned_v2.5,V2_ENGINEERED,5,FS_NC_07d_012,EXP_FS_NC_07d,12,Normal Concrete,7,Flexural Strength,False,2.873,3.7313,0.8583
TabPFN_FineTuned_v2.5,V2_ENGINEERED,5,FS_NC_07d_013,EXP_FS_NC_07d,13,Normal Concrete,7,Flexural Strength,False,3.017,3.7313,0.7143
TabPFN_FineTuned_v2.5,V2_ENGINEERED,5,FS_NC_07d_014,EXP_FS_NC_07d,14,Normal Concrete,7,Flexural Strength,False,3.363,3.7313,0.3683
TabPFN_FineTuned_v2.5,V2_ENGINEERED,5,FS_NC_07d_015,EXP_FS_NC_07d,15,Normal Concrete,7,Flexural Strength,False,2.59,3.7313,1.1413
TabPFN_FineTuned_v2.5,V2_ENGINEERED,5,FS_NC_07d_016,EXP_FS_NC_07d,16,Normal Concrete,7,Flexural Strength,False,2.922,3.7313,0.8093
TabPFN_FineTuned_v2.5,V2_ENGINEERED,5,FS_NC_07d_017,EXP_FS_NC_07d,17,Normal Concrete,7,Flexural Strength,False,2.782,3.7313,0.9493
TabPFN_FineTuned_v2.5,V2_ENGINEERED,5,FS_NC_07d_018,EXP_FS_NC_07d,18,Normal Concrete,7,Flexural Strength,False,2.886,3.7313,0.8453
TabPFN_FineTuned_v2.5,V2_ENGINEERED,5,FS_NC_07d_019,EXP_FS_NC_07d,19,Normal Concrete,7,Flexural Strength,False,2.969,3.7313,0.7623
TabPFN_FineTuned_v2.5,V2_ENGINEERED,5,FS_NC_07d_020,EXP_FS_NC_07d,20,Normal Concrete,7,Flexural Strength,False,2.887,3.7313,0.8443
TabPFN_FineTuned_v2.5,V2_ENGINEERED,5,FS_NC_07d_021,EXP_FS_NC_07d,21,Normal Concrete,7,Flexural Strength,False,2.727,3.7313,1.0043
TabPFN_FineTuned_v2.5,V2_ENGINEERED,5,FS_NC_07d_022,EXP_FS_NC_07d,22,Normal Concrete,7,Flexural Strength,False,2.659,3.7313,1.0723
TabPFN_FineTuned_v2.5,V2_ENGINEERED,5,FS_NC_07d_023,EXP_FS_NC_07d,23,Normal Concrete,7,Flexural Strength,False,2.959,3.7313,0.7723
TabPFN_FineTuned_v2.5,V2_ENGINEERED,5,FS_NC_07d_024,EXP_FS_NC_07d,24,Normal Concrete,7,Flexural Strength,False,3.161,3.7313,0.5703
TabPFN_FineTuned_v2.5,V2_ENGINEERED,5,FS_NC_07d_025,EXP_FS_NC_07d,25,Normal Concrete,7,Flexural Strength,False,3.204,3.7313,0.5273
TabPFN_FineTuned_v2.5,V2_ENGINEERED,5,FS_NC_07d_026,EXP_FS_NC_07d,26,Normal Concrete,7,Flexural Strength,False,2.995,3.7313,0.7363
TabPFN_FineTuned_v2.5,V2_ENGINEERED,5,FS_NC_07d_027,EXP_FS_NC_07d,27,Normal Concrete,7,Flexural Strength,False,3.108,3.7313,0.6233
TabPFN_FineTuned_v2.5,V2_ENGINEERED,5,FS_NC_07d_028,EXP_FS_NC_07d,28,Normal Concrete,7,Flexural Strength,False,3.094,3.7313,0.6373
TabPFN_FineTuned_v2.5,V2_ENGINEERED,5,FS_NC_07d_029,EXP_FS_NC_07d,29,Normal Concrete,7,Flexural Strength,False,2.778,3.7313,0.9533
TabPFN_FineTuned_v2.5,V2_ENGINEERED,5,FS_NC_07d_030,EXP_FS_NC_07d,30,Normal Concrete,7,Flexural Strength,False,3.103,3.7313,0.6283
TabPFN_FineTuned_v2.5,V2_ENGINEERED,5,FS_NC_07d_031,EXP_FS_NC_07d,31,Normal Concrete,7,Flexural Strength,False,2.742,3.7313,0.9893
TabPFN_FineTuned_v2.5,V2_ENGINEERED,5,FS_NC_07d_032,EXP_FS_NC_07d,32,Normal Concrete,7,Flexural Strength,False,2.915,3.7313,0.8163
TabPFN_FineTuned_v2.5,V2_ENGINEERED,5,FS_NC_07d_033,EXP_FS_NC_07d,33,Normal Concrete,7,Flexural Strength,False,2.489,3.7313,1.2423
TabPFN_FineTuned_v2.5,V2_ENGINEERED,5,FS_NC_07d_034,EXP_FS_NC_07d,34,Normal Concrete,7,Flexural Strength,False,2.816,3.7313,0.9153
TabPFN_FineTuned_v2.5,V2_ENGINEERED,5,FS_NC_07d_035,EXP_FS_NC_07d,35,Normal Concrete,7,Flexural Strength,False,3.34,3.7313,0.3913
TabPFN_FineTuned_v2.5,V2_ENGINEERED,5,FS_NC_07d_036,EXP_FS_NC_07d,36,Normal Concrete,7,Flexural Strength,False,2.925,3.7313,0.8063
TabPFN_FineTuned_v2.5,V2_ENGINEERED,5,FS_NC_07d_037,EXP_FS_NC_07d,37,Normal Concrete,7,Flexural Strength,False,2.892,3.7313,0.8393
TabPFN_FineTuned_v2.5,V2_ENGINEERED,5,FS_NC_07d_038,EXP_FS_NC_07d,38,Normal Concrete,7,Flexural Strength,False,2.965,3.7313,0.7663
TabPFN_FineTuned_v2.5,V2_ENGINEERED,5,FS_NC_07d_039,EXP_FS_NC_07d,39,Normal Concrete,7,Flexural Strength,False,3.091,3.7313,0.6403
TabPFN_FineTuned_v2.5,V2_ENGINEERED,5,FS_NC_07d_040,EXP_FS_NC_07d,40,Normal Concrete,7,Flexural Strength,False,3.258,3.7313,0.4733
TabPFN_FineTuned_v2.5,V2_ENGINEERED,5,FS_NC_07d_041,EXP_FS_NC_07d,41,Normal Concrete,7,Flexural Strength,False,3.194,3.7313,0.5373
TabPFN_FineTuned_v2.5,V2_ENGINEERED,5,FS_NC_07d_042,EXP_FS_NC_07d,42,Normal Concrete,7,Flexural Strength,False,2.968,3.7313,0.7633
TabPFN_FineTuned_v2.5,V2_ENGINEERED,5,FS_NC_07d_043,EXP_FS_NC_07d,43,Normal Concrete,7,Flexural Strength,False,3.024,3.7313,0.7073
TabPFN_FineTuned_v2.5,V2_ENGINEERED,5,FS_NC_07d_044,EXP_FS_NC_07d,44,Normal Concrete,7,Flexural Strength,False,2.608,3.7313,1.1233
TabPFN_FineTuned_v2.5,V2_ENGINEERED,5,FS_NC_07d_045,EXP_FS_NC_07d,45,Normal Concrete,7,Flexural Strength,False,2.909,3.7313,0.8223
TabPFN_FineTuned_v2.5,V2_ENGINEERED,5,FS_NC_07d_046,EXP_FS_NC_07d,46,Normal Concrete,7,Flexural Strength,False,3.053,3.7313,0.6783
TabPFN_FineTuned_v2.5,V2_ENGINEERED,5,FS_NC_07d_047,EXP_FS_NC_07d,47,Normal Concrete,7,Flexural Strength,False,3.066,3.7313,0.6653
TabPFN_FineTuned_v2.5,V2_ENGINEERED,5,FS_NC_07d_048,EXP_FS_NC_07d,48,Normal Concrete,7,Flexural Strength,False,2.651,3.7313,1.0803
TabPFN_FineTuned_v2.5,V2_ENGINEERED,5,FS_NC_07d_049,EXP_FS_NC_07d,49,Normal Concrete,7,Flexural Strength,False,3.05,3.7313,0.6813
TabPFN_FineTuned_v2.5,V2_ENGINEERED,5,FS_NC_07d_050,EXP_FS_NC_07d,50,Normal Concrete,7,Flexural Strength,False,2.942,3.7313,0.7893
TabPFN_FineTuned_v2.5,V2_ENGINEERED,5,FS_NC_07d_051,EXP_FS_NC_07d,51,Normal Concrete,7,Flexural Strength,False,3.034,3.7313,0.6973
TabPFN_FineTuned_v2.5,V2_ENGINEERED,5,FS_NC_07d_052,EXP_FS_NC_07d,52,Normal Concrete,7,Flexural Strength,False,3.462,3.7313,0.2693
TabPFN_FineTuned_v2.5,V2_ENGINEERED,5,FS_NC_07d_053,EXP_FS_NC_07d,53,Normal Concrete,7,Flexural Strength,False,3.266,3.7313,0.4653
TabPFN_FineTuned_v2.5,V2_ENGINEERED,5,FS_NC_07d_054,EXP_FS_NC_07d,54,Normal Concrete,7,Flexural Strength,False,2.616,3.7313,1.1153
TabPFN_FineTuned_v2.5,V2_ENGINEERED,5,FS_NC_07d_055,EXP_FS_NC_07d,55,Normal Concrete,7,Flexural Strength,False,3.019,3.7313,0.7123
TabPFN_FineTuned_v2.5,V2_ENGINEERED,5,FS_NC_07d_056,EXP_FS_NC_07d,56,Normal Concrete,7,Flexural Strength,False,3.323,3.7313,0.4083
TabPFN_FineTuned_v2.5,V2_ENGINEERED,5,FS_NC_07d_057,EXP_FS_NC_07d,57,Normal Concrete,7,Flexural Strength,False,3.242,3.7313,0.4893
TabPFN_FineTuned_v2.5,V2_ENGINEERED,5,FS_NC_07d_058,EXP_FS_NC_07d,58,Normal Concrete,7,Flexural Strength,False,3.105,3.7313,0.6263
TabPFN_FineTuned_v2.5,V2_ENGINEERED,5,FS_NC_07d_059,EXP_FS_NC_07d,59,Normal Concrete,7,Flexural Strength,False,3.449,3.7313,0.2823
TabPFN_FineTuned_v2.5,V2_ENGINEERED,5,FS_NC_07d_060,EXP_FS_NC_07d,60,Normal Concrete,7,Flexural Strength,False,2.955,3.7313,0.7763
TabPFN_FineTuned_v2.5,V2_ENGINEERED,5,FS_NC_07d_061,EXP_FS_NC_07d,61,Normal Concrete,7,Flexural Strength,False,3.246,3.7313,0.4853
TabPFN_FineTuned_v2.5,V2_ENGINEERED,5,FS_NC_07d_062,EXP_FS_NC_07d,62,Normal Concrete,7,Flexural Strength,False,3.184,3.7313,0.5473
TabPFN_FineTuned_v2.5,V2_ENGINEERED,5,FS_NC_07d_063,EXP_FS_NC_07d,63,Normal Concrete,7,Flexural Strength,False,2.782,3.7313,0.9493
TabPFN_FineTuned_v2.5,V2_ENGINEERED,5,FS_NC_07d_064,EXP_FS_NC_07d,64,Normal Concrete,7,Flexural Strength,False,3.081,3.7313,0.6503
TabPFN_FineTuned_v2.5,V2_ENGINEERED,5,FS_NC_07d_065,EXP_FS_NC_07d,65,Normal Concrete,7,Flexural Strength,False,2.428,3.7313,1.3033
TabPFN_FineTuned_v2.5,V2_ENGINEERED,5,FS_NC_07d_066,EXP_FS_NC_07d,66,Normal Concrete,7,Flexural Strength,False,3.324,3.7313,0.4073
TabPFN_FineTuned_v2.5,V2_ENGINEERED,5,FS_NC_07d_067,EXP_FS_NC_07d,67,Normal Concrete,7,Flexural Strength,False,3.104,3.7313,0.6273
TabPFN_FineTuned_v2.5,V2_ENGINEERED,5,FS_NC_07d_068,EXP_FS_NC_07d,68,Normal Concrete,7,Flexural Strength,False,3.13,3.7313,0.6013
TabPFN_FineTuned_v2.5,V2_ENGINEERED,5,FS_NC_07d_069,EXP_FS_NC_07d,69,Normal Concrete,7,Flexural Strength,False,3.127,3.7313,0.6043
TabPFN_FineTuned_v2.5,V2_ENGINEERED,5,FS_NC_07d_070,EXP_FS_NC_07d,70,Normal Concrete,7,Flexural Strength,False,2.91,3.7313,0.8213
TabPFN_FineTuned_v2.5,V2_ENGINEERED,5,FS_NC_07d_071,EXP_FS_NC_07d,71,Normal Concrete,7,Flexural Strength,False,2.67,3.7313,1.0613
TabPFN_FineTuned_v2.5,V2_ENGINEERED,5,FS_NC_07d_072,EXP_FS_NC_07d,72,Normal Concrete,7,Flexural Strength,False,2.941,3.7313,0.7903
TabPFN_FineTuned_v2.5,V2_ENGINEERED,5,FS_NC_07d_073,EXP_FS_NC_07d,73,Normal Concrete,7,Flexural Strength,False,3.172,3.7313,0.5593
TabPFN_FineTuned_v2.5,V2_ENGINEERED,5,FS_NC_07d_074,EXP_FS_NC_07d,74,Normal Concrete,7,Flexural Strength,False,3.025,3.7313,0.7063
TabPFN_FineTuned_v2.5,V2_ENGINEERED,5,FS_NC_07d_075,EXP_FS_NC_07d,75,Normal Concrete,7,Flexural Strength,False,3.226,3.7313,0.5053
TabPFN_FineTuned_v2.5,V2_ENGINEERED,5,FS_NC_07d_076,EXP_FS_NC_07d,76,Normal Concrete,7,Flexural Strength,False,2.703,3.7313,1.0283
TabPFN_FineTuned_v2.5,V2_ENGINEERED,5,FS_NC_07d_077,EXP_FS_NC_07d,77,Normal Concrete,7,Flexural Strength,False,3.068,3.7313,0.6633
TabPFN_FineTuned_v2.5,V2_ENGINEERED,5,FS_NC_07d_078,EXP_FS_NC_07d,78,Normal Concrete,7,Flexural Strength,False,2.969,3.7313,0.7623
TabPFN_FineTuned_v2.5,V2_ENGINEERED,5,FS_NC_07d_079,EXP_FS_NC_07d,79,Normal Concrete,7,Flexural Strength,False,3.266,3.7313,0.4653
TabPFN_FineTuned_v2.5,V2_ENGINEERED,5,FS_NC_07d_080,EXP_FS_NC_07d,80,Normal Concrete,7,Flexural Strength,False,3.223,3.7313,0.5083
TabPFN_FineTuned_v2.5,V2_ENGINEERED,5,FS_NC_07d_081,EXP_FS_NC_07d,81,Normal Concrete,7,Flexural Strength,False,2.928,3.7313,0.8033
TabPFN_FineTuned_v2.5,V2_ENGINEERED,5,FS_NC_07d_082,EXP_FS_NC_07d,82,Normal Concrete,7,Flexural Strength,False,2.995,3.7313,0.7363
TabPFN_FineTuned_v2.5,V2_ENGINEERED,5,FS_NC_07d_083,EXP_FS_NC_07d,83,Normal Concrete,7,Flexural Strength,False,3.23,3.7313,0.5013
TabPFN_FineTuned_v2.5,V2_ENGINEERED,5,FS_NC_07d_084,EXP_FS_NC_07d,84,Normal Concrete,7,Flexural Strength,False,2.823,3.7313,0.9083
TabPFN_FineTuned_v2.5,V2_ENGINEERED,5,FS_NC_07d_085,EXP_FS_NC_07d,85,Normal Concrete,7,Flexural Strength,False,2.788,3.7313,0.9433
TabPFN_FineTuned_v2.5,V2_ENGINEERED,5,FS_NC_07d_086,EXP_FS_NC_07d,86,Normal Concrete,7,Flexural Strength,False,2.731,3.7313,1.0003
TabPFN_FineTuned_v2.5,V2_ENGINEERED,5,FS_NC_07d_087,EXP_FS_NC_07d,87,Normal Concrete,7,Flexural Strength,False,3.012,3.7313,0.7193
TabPFN_FineTuned_v2.5,V2_ENGINEERED,5,FS_NC_07d_088,EXP_FS_NC_07d,88,Normal Concrete,7,Flexural Strength,False,2.885,3.7313,0.8463
TabPFN_FineTuned_v2.5,V2_ENGINEERED,5,FS_NC_07d_089,EXP_FS_NC_07d,89,Normal Concrete,7,Flexural Strength,False,2.799,3.7313,0.9323
TabPFN_FineTuned_v2.5,V2_ENGINEERED,5,FS_NC_07d_090,EXP_FS_NC_07d,90,Normal Concrete,7,Flexural Strength,False,2.856,3.7313,0.8753
TabPFN_FineTuned_v2.5,V2_ENGINEERED,5,FS_NC_07d_091,EXP_FS_NC_07d,91,Normal Concrete,7,Flexural Strength,False,3.197,3.7313,0.5343
TabPFN_FineTuned_v2.5,V2_ENGINEERED,5,FS_NC_07d_092,EXP_FS_NC_07d,92,Normal Concrete,7,Flexural Strength,False,2.688,3.7313,1.0433
TabPFN_FineTuned_v2.5,V2_ENGINEERED,5,FS_NC_07d_093,EXP_FS_NC_07d,93,Normal Concrete,7,Flexural Strength,False,3.181,3.7313,0.5503
TabPFN_FineTuned_v2.5,V2_ENGINEERED,5,FS_NC_07d_094,EXP_FS_NC_07d,94,Normal Concrete,7,Flexural Strength,False,2.998,3.7313,0.7333
TabPFN_FineTuned_v2.5,V2_ENGINEERED,5,FS_NC_07d_095,EXP_FS_NC_07d,95,Normal Concrete,7,Flexural Strength,False,3.743,3.7313,-0.0117
TabPFN_FineTuned_v2.5,V2_ENGINEERED,5,FS_NC_07d_096,EXP_FS_NC_07d,96,Normal Concrete,7,Flexural Strength,False,2.969,3.7313,0.7623
TabPFN_FineTuned_v2.5,V2_ENGINEERED,5,FS_NC_07d_097,EXP_FS_NC_07d,97,Normal Concrete,7,Flexural Strength,False,3.316,3.7313,0.4153
TabPFN_FineTuned_v2.5,V2_ENGINEERED,5,FS_NC_07d_098,EXP_FS_NC_07d,98,Normal Concrete,7,Flexural Strength,False,3.002,3.7313,0.7293
TabPFN_FineTuned_v2.5,V2_ENGINEERED,5,FS_NC_07d_099,EXP_FS_NC_07d,99,Normal Concrete,7,Flexural Strength,False,2.551,3.7313,1.1803
TabPFN_FineTuned_v2.5,V2_ENGINEERED,5,FS_NC_07d_100,EXP_FS_NC_07d,100,Normal Concrete,7,Flexural Strength,False,2.866,3.7313,0.8653
TabPFN_FineTuned_v2.5,V2_ENGINEERED,5,TS_NC_07d_001,EXP_TS_NC_07d,1,Normal Concrete,7,Split Tensile Strength,False,1.637,2.263,0.626
TabPFN_FineTuned_v2.5,V2_ENGINEERED,5,TS_NC_07d_002,EXP_TS_NC_07d,2,Normal Concrete,7,Split Tensile Strength,False,1.95,2.263,0.313
TabPFN_FineTuned_v2.5,V2_ENGINEERED,5,TS_NC_07d_003,EXP_TS_NC_07d,3,Normal Concrete,7,Split Tensile Strength,False,1.842,2.263,0.421
TabPFN_FineTuned_v2.5,V2_ENGINEERED,5,TS_NC_07d_004,EXP_TS_NC_07d,4,Normal Concrete,7,Split Tensile Strength,False,1.574,2.263,0.689
TabPFN_FineTuned_v2.5,V2_ENGINEERED,5,TS_NC_07d_005,EXP_TS_NC_07d,5,Normal Concrete,7,Split Tensile Strength,False,1.713,2.263,0.55
TabPFN_FineTuned_v2.5,V2_ENGINEERED,5,TS_NC_07d_006,EXP_TS_NC_07d,6,Normal Concrete,7,Split Tensile Strength,False,2.048,2.263,0.215
TabPFN_FineTuned_v2.5,V2_ENGINEERED,5,TS_NC_07d_007,EXP_TS_NC_07d,7,Normal Concrete,7,Split Tensile Strength,False,1.436,2.263,0.827
TabPFN_FineTuned_v2.5,V2_ENGINEERED,5,TS_NC_07d_008,EXP_TS_NC_07d,8,Normal Concrete,7,Split Tensile Strength,False,1.736,2.263,0.527
TabPFN_FineTuned_v2.5,V2_ENGINEERED,5,TS_NC_07d_009,EXP_TS_NC_07d,9,Normal Concrete,7,Split Tensile Strength,False,1.99,2.263,0.273
TabPFN_FineTuned_v2.5,V2_ENGINEERED,5,TS_NC_07d_010,EXP_TS_NC_07d,10,Normal Concrete,7,Split Tensile Strength,False,1.67,2.263,0.593
TabPFN_FineTuned_v2.5,V2_ENGINEERED,5,TS_NC_07d_011,EXP_TS_NC_07d,11,Normal Concrete,7,Split Tensile Strength,False,1.698,2.263,0.565
TabPFN_FineTuned_v2.5,V2_ENGINEERED,5,TS_NC_07d_012,EXP_TS_NC_07d,12,Normal Concrete,7,Split Tensile Strength,False,1.786,2.263,0.477
TabPFN_FineTuned_v2.5,V2_ENGINEERED,5,TS_NC_07d_013,EXP_TS_NC_07d,13,Normal Concrete,7,Split Tensile Strength,False,2.024,2.263,0.239
TabPFN_FineTuned_v2.5,V2_ENGINEERED,5,TS_NC_07d_014,EXP_TS_NC_07d,14,Normal Concrete,7,Split Tensile Strength,False,1.704,2.263,0.559
TabPFN_FineTuned_v2.5,V2_ENGINEERED,5,TS_NC_07d_015,EXP_TS_NC_07d,15,Normal Concrete,7,Split Tensile Strength,False,1.733,2.263,0.53
TabPFN_FineTuned_v2.5,V2_ENGINEERED,5,TS_NC_07d_016,EXP_TS_NC_07d,16,Normal Concrete,7,Split Tensile Strength,False,1.735,2.263,0.528
TabPFN_FineTuned_v2.5,V2_ENGINEERED,5,TS_NC_07d_017,EXP_TS_NC_07d,17,Normal Concrete,7,Split Tensile Strength,False,2.131,2.263,0.132
TabPFN_FineTuned_v2.5,V2_ENGINEERED,5,TS_NC_07d_018,EXP_TS_NC_07d,18,Normal Concrete,7,Split Tensile Strength,False,2.128,2.263,0.135
TabPFN_FineTuned_v2.5,V2_ENGINEERED,5,TS_NC_07d_019,EXP_TS_NC_07d,19,Normal Concrete,7,Split Tensile Strength,False,1.951,2.263,0.312
TabPFN_FineTuned_v2.5,V2_ENGINEERED,5,TS_NC_07d_020,EXP_TS_NC_07d,20,Normal Concrete,7,Split Tensile Strength,False,1.858,2.263,0.405
TabPFN_FineTuned_v2.5,V2_ENGINEERED,5,TS_NC_07d_021,EXP_TS_NC_07d,21,Normal Concrete,7,Split Tensile Strength,False,1.911,2.263,0.352
TabPFN_FineTuned_v2.5,V2_ENGINEERED,5,TS_NC_07d_022,EXP_TS_NC_07d,22,Normal Concrete,7,Split Tensile Strength,False,2.024,2.263,0.239
TabPFN_FineTuned_v2.5,V2_ENGINEERED,5,TS_NC_07d_023,EXP_TS_NC_07d,23,Normal Concrete,7,Split Tensile Strength,False,1.66,2.263,0.603
TabPFN_FineTuned_v2.5,V2_ENGINEERED,5,TS_NC_07d_024,EXP_TS_NC_07d,24,Normal Concrete,7,Split Tensile Strength,False,1.976,2.263,0.287
TabPFN_FineTuned_v2.5,V2_ENGINEERED,5,TS_NC_07d_025,EXP_TS_NC_07d,25,Normal Concrete,7,Split Tensile Strength,False,1.612,2.263,0.651
TabPFN_FineTuned_v2.5,V2_ENGINEERED,5,TS_NC_07d_026,EXP_TS_NC_07d,26,Normal Concrete,7,Split Tensile Strength,False,1.704,2.263,0.559
TabPFN_FineTuned_v2.5,V2_ENGINEERED,5,TS_NC_07d_027,EXP_TS_NC_07d,27,Normal Concrete,7,Split Tensile Strength,False,1.936,2.263,0.327
TabPFN_FineTuned_v2.5,V2_ENGINEERED,5,TS_NC_07d_028,EXP_TS_NC_07d,28,Normal Concrete,7,Split Tensile Strength,False,1.586,2.263,0.677
TabPFN_FineTuned_v2.5,V2_ENGINEERED,5,TS_NC_07d_029,EXP_TS_NC_07d,29,Normal Concrete,7,Split Tensile Strength,False,1.779,2.263,0.484
TabPFN_FineTuned_v2.5,V2_ENGINEERED,5,TS_NC_07d_030,EXP_TS_NC_07d,30,Normal Concrete,7,Split Tensile Strength,False,1.671,2.263,0.592
TabPFN_FineTuned_v2.5,V2_ENGINEERED,5,TS_NC_07d_031,EXP_TS_NC_07d,31,Normal Concrete,7,Split Tensile Strength,False,1.762,2.263,0.501
TabPFN_FineTuned_v2.5,V2_ENGINEERED,5,TS_NC_07d_032,EXP_TS_NC_07d,32,Normal Concrete,7,Split Tensile Strength,False,1.38,2.263,0.883
TabPFN_FineTuned_v2.5,V2_ENGINEERED,5,TS_NC_07d_033,EXP_TS_NC_07d,33,Normal Concrete,7,Split Tensile Strength,False,1.534,2.263,0.729
TabPFN_FineTuned_v2.5,V2_ENGINEERED,5,TS_NC_07d_034,EXP_TS_NC_07d,34,Normal Concrete,7,Split Tensile Strength,False,1.695,2.263,0.568
TabPFN_FineTuned_v2.5,V2_ENGINEERED,5,TS_NC_07d_035,EXP_TS_NC_07d,35,Normal Concrete,7,Split Tensile Strength,False,1.939,2.263,0.324
TabPFN_FineTuned_v2.5,V2_ENGINEERED,5,TS_NC_07d_036,EXP_TS_NC_07d,36,Normal Concrete,7,Split Tensile Strength,False,1.774,2.263,0.489
TabPFN_FineTuned_v2.5,V2_ENGINEERED,5,TS_NC_07d_037,EXP_TS_NC_07d,37,Normal Concrete,7,Split Tensile Strength,False,1.8,2.263,0.463
TabPFN_FineTuned_v2.5,V2_ENGINEERED,5,TS_NC_07d_038,EXP_TS_NC_07d,38,Normal Concrete,7,Split Tensile Strength,False,1.903,2.263,0.36
TabPFN_FineTuned_v2.5,V2_ENGINEERED,5,TS_NC_07d_039,EXP_TS_NC_07d,39,Normal Concrete,7,Split Tensile Strength,False,1.668,2.263,0.595
TabPFN_FineTuned_v2.5,V2_ENGINEERED,5,TS_NC_07d_040,EXP_TS_NC_07d,40,Normal Concrete,7,Split Tensile Strength,False,1.843,2.263,0.42
TabPFN_FineTuned_v2.5,V2_ENGINEERED,5,TS_NC_07d_041,EXP_TS_NC_07d,41,Normal Concrete,7,Split Tensile Strength,False,1.679,2.263,0.584
TabPFN_FineTuned_v2.5,V2_ENGINEERED,5,TS_NC_07d_042,EXP_TS_NC_07d,42,Normal Concrete,7,Split Tensile Strength,False,1.541,2.263,0.722
TabPFN_FineTuned_v2.5,V2_ENGINEERED,5,TS_NC_07d_043,EXP_TS_NC_07d,43,Normal Concrete,7,Split Tensile Strength,False,1.741,2.263,0.522
TabPFN_FineTuned_v2.5,V2_ENGINEERED,5,TS_NC_07d_044,EXP_TS_NC_07d,44,Normal Concrete,7,Split Tensile Strength,False,1.886,2.263,0.377
TabPFN_FineTuned_v2.5,V2_ENGINEERED,5,TS_NC_07d_045,EXP_TS_NC_07d,45,Normal Concrete,7,Split Tensile Strength,False,1.851,2.263,0.412
TabPFN_FineTuned_v2.5,V2_ENGINEERED,5,TS_NC_07d_046,EXP_TS_NC_07d,46,Normal Concrete,7,Split Tensile Strength,False,1.798,2.263,0.465
TabPFN_FineTuned_v2.5,V2_ENGINEERED,5,TS_NC_07d_047,EXP_TS_NC_07d,47,Normal Concrete,7,Split Tensile Strength,False,2.159,2.263,0.104
TabPFN_FineTuned_v2.5,V2_ENGINEERED,5,TS_NC_07d_048,EXP_TS_NC_07d,48,Normal Concrete,7,Split Tensile Strength,False,1.862,2.263,0.401
TabPFN_FineTuned_v2.5,V2_ENGINEERED,5,TS_NC_07d_049,EXP_TS_NC_07d,49,Normal Concrete,7,Split Tensile Strength,False,1.947,2.263,0.316
TabPFN_FineTuned_v2.5,V2_ENGINEERED,5,TS_NC_07d_050,EXP_TS_NC_07d,50,Normal Concrete,7,Split Tensile Strength,False,2.136,2.263,0.127
TabPFN_FineTuned_v2.5,V2_ENGINEERED,5,TS_NC_07d_051,EXP_TS_NC_07d,51,Normal Concrete,7,Split Tensile Strength,False,1.606,2.263,0.657
TabPFN_FineTuned_v2.5,V2_ENGINEERED,5,TS_NC_07d_052,EXP_TS_NC_07d,52,Normal Concrete,7,Split Tensile Strength,False,1.644,2.263,0.619
TabPFN_FineTuned_v2.5,V2_ENGINEERED,5,TS_NC_07d_053,EXP_TS_NC_07d,53,Normal Concrete,7,Split Tensile Strength,False,2.062,2.263,0.201
TabPFN_FineTuned_v2.5,V2_ENGINEERED,5,TS_NC_07d_054,EXP_TS_NC_07d,54,Normal Concrete,7,Split Tensile Strength,False,1.68,2.263,0.583
TabPFN_FineTuned_v2.5,V2_ENGINEERED,5,TS_NC_07d_055,EXP_TS_NC_07d,55,Normal Concrete,7,Split Tensile Strength,False,1.804,2.263,0.459
TabPFN_FineTuned_v2.5,V2_ENGINEERED,5,TS_NC_07d_056,EXP_TS_NC_07d,56,Normal Concrete,7,Split Tensile Strength,False,1.96,2.263,0.303
TabPFN_FineTuned_v2.5,V2_ENGINEERED,5,TS_NC_07d_057,EXP_TS_NC_07d,57,Normal Concrete,7,Split Tensile Strength,False,1.934,2.263,0.329
TabPFN_FineTuned_v2.5,V2_ENGINEERED,5,TS_NC_07d_058,EXP_TS_NC_07d,58,Normal Concrete,7,Split Tensile Strength,False,2.063,2.263,0.2
TabPFN_FineTuned_v2.5,V2_ENGINEERED,5,TS_NC_07d_059,EXP_TS_NC_07d,59,Normal Concrete,7,Split Tensile Strength,False,2.024,2.263,0.239
TabPFN_FineTuned_v2.5,V2_ENGINEERED,5,TS_NC_07d_060,EXP_TS_NC_07d,60,Normal Concrete,7,Split Tensile Strength,False,1.96,2.263,0.303
TabPFN_FineTuned_v2.5,V2_ENGINEERED,5,TS_NC_07d_061,EXP_TS_NC_07d,61,Normal Concrete,7,Split Tensile Strength,False,1.684,2.263,0.579
TabPFN_FineTuned_v2.5,V2_ENGINEERED,5,TS_NC_07d_062,EXP_TS_NC_07d,62,Normal Concrete,7,Split Tensile Strength,False,1.919,2.263,0.344
TabPFN_FineTuned_v2.5,V2_ENGINEERED,5,TS_NC_07d_063,EXP_TS_NC_07d,63,Normal Concrete,7,Split Tensile Strength,False,1.847,2.263,0.416
TabPFN_FineTuned_v2.5,V2_ENGINEERED,5,TS_NC_07d_064,EXP_TS_NC_07d,64,Normal Concrete,7,Split Tensile Strength,False,1.601,2.263,0.662
TabPFN_FineTuned_v2.5,V2_ENGINEERED,5,TS_NC_07d_065,EXP_TS_NC_07d,65,Normal Concrete,7,Split Tensile Strength,False,2.013,2.263,0.25
TabPFN_FineTuned_v2.5,V2_ENGINEERED,5,TS_NC_07d_066,EXP_TS_NC_07d,66,Normal Concrete,7,Split Tensile Strength,False,1.921,2.263,0.342
TabPFN_FineTuned_v2.5,V2_ENGINEERED,5,TS_NC_07d_067,EXP_TS_NC_07d,67,Normal Concrete,7,Split Tensile Strength,False,1.807,2.263,0.456
TabPFN_FineTuned_v2.5,V2_ENGINEERED,5,TS_NC_07d_068,EXP_TS_NC_07d,68,Normal Concrete,7,Split Tensile Strength,False,1.765,2.263,0.498
TabPFN_FineTuned_v2.5,V2_ENGINEERED,5,TS_NC_07d_069,EXP_TS_NC_07d,69,Normal Concrete,7,Split Tensile Strength,False,1.62,2.263,0.643
TabPFN_FineTuned_v2.5,V2_ENGINEERED,5,TS_NC_07d_070,EXP_TS_NC_07d,70,Normal Concrete,7,Split Tensile Strength,False,1.83,2.263,0.433
TabPFN_FineTuned_v2.5,V2_ENGINEERED,5,TS_NC_07d_071,EXP_TS_NC_07d,71,Normal Concrete,7,Split Tensile Strength,False,1.87,2.263,0.393
TabPFN_FineTuned_v2.5,V2_ENGINEERED,5,TS_NC_07d_072,EXP_TS_NC_07d,72,Normal Concrete,7,Split Tensile Strength,False,1.675,2.263,0.588
TabPFN_FineTuned_v2.5,V2_ENGINEERED,5,TS_NC_07d_073,EXP_TS_NC_07d,73,Normal Concrete,7,Split Tensile Strength,False,1.974,2.263,0.289
TabPFN_FineTuned_v2.5,V2_ENGINEERED,5,TS_NC_07d_074,EXP_TS_NC_07d,74,Normal Concrete,7,Split Tensile Strength,False,1.635,2.263,0.628
TabPFN_FineTuned_v2.5,V2_ENGINEERED,5,TS_NC_07d_075,EXP_TS_NC_07d,75,Normal Concrete,7,Split Tensile Strength,False,1.482,2.263,0.781
TabPFN_FineTuned_v2.5,V2_ENGINEERED,5,TS_NC_07d_076,EXP_TS_NC_07d,76,Normal Concrete,7,Split Tensile Strength,False,1.956,2.263,0.307
TabPFN_FineTuned_v2.5,V2_ENGINEERED,5,TS_NC_07d_077,EXP_TS_NC_07d,77,Normal Concrete,7,Split Tensile Strength,False,1.739,2.263,0.524
TabPFN_FineTuned_v2.5,V2_ENGINEERED,5,TS_NC_07d_078,EXP_TS_NC_07d,78,Normal Concrete,7,Split Tensile Strength,False,1.781,2.263,0.482
TabPFN_FineTuned_v2.5,V2_ENGINEERED,5,TS_NC_07d_079,EXP_TS_NC_07d,79,Normal Concrete,7,Split Tensile Strength,False,1.674,2.263,0.589
TabPFN_FineTuned_v2.5,V2_ENGINEERED,5,TS_NC_07d_080,EXP_TS_NC_07d,80,Normal Concrete,7,Split Tensile Strength,False,1.559,2.263,0.704
TabPFN_FineTuned_v2.5,V2_ENGINEERED,5,TS_NC_07d_081,EXP_TS_NC_07d,81,Normal Concrete,7,Split Tensile Strength,False,1.988,2.263,0.275
TabPFN_FineTuned_v2.5,V2_ENGINEERED,5,TS_NC_07d_082,EXP_TS_NC_07d,82,Normal Concrete,7,Split Tensile Strength,False,1.697,2.263,0.566
TabPFN_FineTuned_v2.5,V2_ENGINEERED,5,TS_NC_07d_083,EXP_TS_NC_07d,83,Normal Concrete,7,Split Tensile Strength,False,2.049,2.263,0.214
TabPFN_FineTuned_v2.5,V2_ENGINEERED,5,TS_NC_07d_084,EXP_TS_NC_07d,84,Normal Concrete,7,Split Tensile Strength,False,1.921,2.263,0.342
TabPFN_FineTuned_v2.5,V2_ENGINEERED,5,TS_NC_07d_085,EXP_TS_NC_07d,85,Normal Concrete,7,Split Tensile Strength,False,1.753,2.263,0.51
TabPFN_FineTuned_v2.5,V2_ENGINEERED,5,TS_NC_07d_086,EXP_TS_NC_07d,86,Normal Concrete,7,Split Tensile Strength,False,1.637,2.263,0.626
TabPFN_FineTuned_v2.5,V2_ENGINEERED,5,TS_NC_07d_087,EXP_TS_NC_07d,87,Normal Concrete,7,Split Tensile Strength,False,1.69,2.263,0.573
TabPFN_FineTuned_v2.5,V2_ENGINEERED,5,TS_NC_07d_088,EXP_TS_NC_07d,88,Normal Concrete,7,Split Tensile Strength,False,1.618,2.263,0.645
TabPFN_FineTuned_v2.5,V2_ENGINEERED,5,TS_NC_07d_089,EXP_TS_NC_07d,89,Normal Concrete,7,Split Tensile Strength,False,2.113,2.263,0.15
TabPFN_FineTuned_v2.5,V2_ENGINEERED,5,TS_NC_07d_090,EXP_TS_NC_07d,90,Normal Concrete,7,Split Tensile Strength,False,1.825,2.263,0.438
TabPFN_FineTuned_v2.5,V2_ENGINEERED,5,TS_NC_07d_091,EXP_TS_NC_07d,91,Normal Concrete,7,Split Tensile Strength,False,1.973,2.263,0.29
TabPFN_FineTuned_v2.5,V2_ENGINEERED,5,TS_NC_07d_092,EXP_TS_NC_07d,92,Normal Concrete,7,Split Tensile Strength,False,1.61,2.263,0.653
TabPFN_FineTuned_v2.5,V2_ENGINEERED,5,TS_NC_07d_093,EXP_TS_NC_07d,93,Normal Concrete,7,Split Tensile Strength,False,1.827,2.263,0.436
TabPFN_FineTuned_v2.5,V2_ENGINEERED,5,TS_NC_07d_094,EXP_TS_NC_07d,94,Normal Concrete,7,Split Tensile Strength,False,1.977,2.263,0.286
TabPFN_FineTuned_v2.5,V2_ENGINEERED,5,TS_NC_07d_095,EXP_TS_NC_07d,95,Normal Concrete,7,Split Tensile Strength,False,1.75,2.263,0.513
TabPFN_FineTuned_v2.5,V2_ENGINEERED,5,TS_NC_07d_096,EXP_TS_NC_07d,96,Normal Concrete,7,Split Tensile Strength,False,1.955,2.263,0.308
TabPFN_FineTuned_v2.5,V2_ENGINEERED,5,TS_NC_07d_097,EXP_TS_NC_07d,97,Normal Concrete,7,Split Tensile Strength,False,1.637,2.263,0.626
TabPFN_FineTuned_v2.5,V2_ENGINEERED,5,TS_NC_07d_098,EXP_TS_NC_07d,98,Normal Concrete,7,Split Tensile Strength,False,1.595,2.263,0.668
TabPFN_FineTuned_v2.5,V2_ENGINEERED,5,TS_NC_07d_099,EXP_TS_NC_07d,99,Normal Concrete,7,Split Tensile Strength,False,1.857,2.263,0.406
TabPFN_FineTuned_v2.5,V2_ENGINEERED,5,TS_NC_07d_100,EXP_TS_NC_07d,100,Normal Concrete,7,Split Tensile Strength,False,1.743,2.263,0.52
TabPFN_FineTuned_v2.5,V2_ENGINEERED,5,TS_BC_07d_001,EXP_TS_BC_07d,1,Bacterial Concrete,7,Split Tensile Strength,False,2.271,2.6827,0.4117
TabPFN_FineTuned_v2.5,V2_ENGINEERED,5,TS_BC_07d_002,EXP_TS_BC_07d,2,Bacterial Concrete,7,Split Tensile Strength,False,1.982,2.6827,0.7007
TabPFN_FineTuned_v2.5,V2_ENGINEERED,5,TS_BC_07d_003,EXP_TS_BC_07d,3,Bacterial Concrete,7,Split Tensile Strength,False,2.14,2.6827,0.5427
TabPFN_FineTuned_v2.5,V2_ENGINEERED,5,TS_BC_07d_004,EXP_TS_BC_07d,4,Bacterial Concrete,7,Split Tensile Strength,False,2.044,2.6827,0.6387
TabPFN_FineTuned_v2.5,V2_ENGINEERED,5,TS_BC_07d_005,EXP_TS_BC_07d,5,Bacterial Concrete,7,Split Tensile Strength,False,2.276,2.6827,0.4067
TabPFN_FineTuned_v2.5,V2_ENGINEERED,5,TS_BC_07d_006,EXP_TS_BC_07d,6,Bacterial Concrete,7,Split Tensile Strength,False,2.145,2.6827,0.5377
TabPFN_FineTuned_v2.5,V2_ENGINEERED,5,TS_BC_07d_007,EXP_TS_BC_07d,7,Bacterial Concrete,7,Split Tensile Strength,False,2.394,2.6827,0.2887
TabPFN_FineTuned_v2.5,V2_ENGINEERED,5,TS_BC_07d_008,EXP_TS_BC_07d,8,Bacterial Concrete,7,Split Tensile Strength,False,1.937,2.6827,0.7457
TabPFN_FineTuned_v2.5,V2_ENGINEERED,5,TS_BC_07d_009,EXP_TS_BC_07d,9,Bacterial Concrete,7,Split Tensile Strength,False,2.162,2.6827,0.5207
TabPFN_FineTuned_v2.5,V2_ENGINEERED,5,TS_BC_07d_010,EXP_TS_BC_07d,10,Bacterial Concrete,7,Split Tensile Strength,False,2.107,2.6827,0.5757
TabPFN_FineTuned_v2.5,V2_ENGINEERED,5,TS_BC_07d_011,EXP_TS_BC_07d,11,Bacterial Concrete,7,Split Tensile Strength,False,2.142,2.6827,0.5407
TabPFN_FineTuned_v2.5,V2_ENGINEERED,5,TS_BC_07d_012,EXP_TS_BC_07d,12,Bacterial Concrete,7,Split Tensile Strength,False,2.339,2.6827,0.3437
TabPFN_FineTuned_v2.5,V2_ENGINEERED,5,TS_BC_07d_013,EXP_TS_BC_07d,13,Bacterial Concrete,7,Split Tensile Strength,False,2.188,2.6827,0.4947
TabPFN_FineTuned_v2.5,V2_ENGINEERED,5,TS_BC_07d_014,EXP_TS_BC_07d,14,Bacterial Concrete,7,Split Tensile Strength,False,1.928,2.6827,0.7547
TabPFN_FineTuned_v2.5,V2_ENGINEERED,5,TS_BC_07d_015,EXP_TS_BC_07d,15,Bacterial Concrete,7,Split Tensile Strength,False,2.18,2.6827,0.5027
TabPFN_FineTuned_v2.5,V2_ENGINEERED,5,TS_BC_07d_016,EXP_TS_BC_07d,16,Bacterial Concrete,7,Split Tensile Strength,False,2.038,2.6827,0.6447
TabPFN_FineTuned_v2.5,V2_ENGINEERED,5,TS_BC_07d_017,EXP_TS_BC_07d,17,Bacterial Concrete,7,Split Tensile Strength,False,2.029,2.6827,0.6537
TabPFN_FineTuned_v2.5,V2_ENGINEERED,5,TS_BC_07d_018,EXP_TS_BC_07d,18,Bacterial Concrete,7,Split Tensile Strength,False,2.257,2.6827,0.4257
TabPFN_FineTuned_v2.5,V2_ENGINEERED,5,TS_BC_07d_019,EXP_TS_BC_07d,19,Bacterial Concrete,7,Split Tensile Strength,False,2.01,2.6827,0.6727
TabPFN_FineTuned_v2.5,V2_ENGINEERED,5,TS_BC_07d_020,EXP_TS_BC_07d,20,Bacterial Concrete,7,Split Tensile Strength,False,2.043,2.6827,0.6397
TabPFN_FineTuned_v2.5,V2_ENGINEERED,5,TS_BC_07d_021,EXP_TS_BC_07d,21,Bacterial Concrete,7,Split Tensile Strength,False,2.105,2.6827,0.5777
TabPFN_FineTuned_v2.5,V2_ENGINEERED,5,TS_BC_07d_022,EXP_TS_BC_07d,22,Bacterial Concrete,7,Split Tensile Strength,False,2.242,2.6827,0.4407
TabPFN_FineTuned_v2.5,V2_ENGINEERED,5,TS_BC_07d_023,EXP_TS_BC_07d,23,Bacterial Concrete,7,Split Tensile Strength,False,2.187,2.6827,0.4957
TabPFN_FineTuned_v2.5,V2_ENGINEERED,5,TS_BC_07d_024,EXP_TS_BC_07d,24,Bacterial Concrete,7,Split Tensile Strength,False,2.065,2.6827,0.6177
TabPFN_FineTuned_v2.5,V2_ENGINEERED,5,TS_BC_07d_025,EXP_TS_BC_07d,25,Bacterial Concrete,7,Split Tensile Strength,False,2.059,2.6827,0.6237
TabPFN_FineTuned_v2.5,V2_ENGINEERED,5,TS_BC_07d_026,EXP_TS_BC_07d,26,Bacterial Concrete,7,Split Tensile Strength,False,1.926,2.6827,0.7567
TabPFN_FineTuned_v2.5,V2_ENGINEERED,5,TS_BC_07d_027,EXP_TS_BC_07d,27,Bacterial Concrete,7,Split Tensile Strength,False,1.986,2.6827,0.6967
TabPFN_FineTuned_v2.5,V2_ENGINEERED,5,TS_BC_07d_028,EXP_TS_BC_07d,28,Bacterial Concrete,7,Split Tensile Strength,False,2.002,2.6827,0.6807
TabPFN_FineTuned_v2.5,V2_ENGINEERED,5,TS_BC_07d_029,EXP_TS_BC_07d,29,Bacterial Concrete,7,Split Tensile Strength,False,2.078,2.6827,0.6047
TabPFN_FineTuned_v2.5,V2_ENGINEERED,5,TS_BC_07d_030,EXP_TS_BC_07d,30,Bacterial Concrete,7,Split Tensile Strength,False,2.398,2.6827,0.2847
TabPFN_FineTuned_v2.5,V2_ENGINEERED,5,TS_BC_07d_031,EXP_TS_BC_07d,31,Bacterial Concrete,7,Split Tensile Strength,False,1.999,2.6827,0.6837
TabPFN_FineTuned_v2.5,V2_ENGINEERED,5,TS_BC_07d_032,EXP_TS_BC_07d,32,Bacterial Concrete,7,Split Tensile Strength,False,2.056,2.6827,0.6267
TabPFN_FineTuned_v2.5,V2_ENGINEERED,5,TS_BC_07d_033,EXP_TS_BC_07d,33,Bacterial Concrete,7,Split Tensile Strength,False,1.792,2.6827,0.8907
TabPFN_FineTuned_v2.5,V2_ENGINEERED,5,TS_BC_07d_034,EXP_TS_BC_07d,34,Bacterial Concrete,7,Split Tensile Strength,False,2.19,2.6827,0.4927
TabPFN_FineTuned_v2.5,V2_ENGINEERED,5,TS_BC_07d_035,EXP_TS_BC_07d,35,Bacterial Concrete,7,Split Tensile Strength,False,1.863,2.6827,0.8197
TabPFN_FineTuned_v2.5,V2_ENGINEERED,5,TS_BC_07d_036,EXP_TS_BC_07d,36,Bacterial Concrete,7,Split Tensile Strength,False,1.964,2.6827,0.7187
TabPFN_FineTuned_v2.5,V2_ENGINEERED,5,TS_BC_07d_037,EXP_TS_BC_07d,37,Bacterial Concrete,7,Split Tensile Strength,False,2.256,2.6827,0.4267
TabPFN_FineTuned_v2.5,V2_ENGINEERED,5,TS_BC_07d_038,EXP_TS_BC_07d,38,Bacterial Concrete,7,Split Tensile Strength,False,1.784,2.6827,0.8987
TabPFN_FineTuned_v2.5,V2_ENGINEERED,5,TS_BC_07d_039,EXP_TS_BC_07d,39,Bacterial Concrete,7,Split Tensile Strength,False,2.114,2.6827,0.5687
TabPFN_FineTuned_v2.5,V2_ENGINEERED,5,TS_BC_07d_040,EXP_TS_BC_07d,40,Bacterial Concrete,7,Split Tensile Strength,False,2.22,2.6827,0.4627
TabPFN_FineTuned_v2.5,V2_ENGINEERED,5,TS_BC_07d_041,EXP_TS_BC_07d,41,Bacterial Concrete,7,Split Tensile Strength,False,2.329,2.6827,0.3537
TabPFN_FineTuned_v2.5,V2_ENGINEERED,5,TS_BC_07d_042,EXP_TS_BC_07d,42,Bacterial Concrete,7,Split Tensile Strength,False,1.962,2.6827,0.7207
TabPFN_FineTuned_v2.5,V2_ENGINEERED,5,TS_BC_07d_043,EXP_TS_BC_07d,43,Bacterial Concrete,7,Split Tensile Strength,False,2.006,2.6827,0.6767
TabPFN_FineTuned_v2.5,V2_ENGINEERED,5,TS_BC_07d_044,EXP_TS_BC_07d,44,Bacterial Concrete,7,Split Tensile Strength,False,2.371,2.6827,0.3117
TabPFN_FineTuned_v2.5,V2_ENGINEERED,5,TS_BC_07d_045,EXP_TS_BC_07d,45,Bacterial Concrete,7,Split Tensile Strength,False,2.096,2.6827,0.5867
TabPFN_FineTuned_v2.5,V2_ENGINEERED,5,TS_BC_07d_046,EXP_TS_BC_07d,46,Bacterial Concrete,7,Split Tensile Strength,False,1.99,2.6827,0.6927
TabPFN_FineTuned_v2.5,V2_ENGINEERED,5,TS_BC_07d_047,EXP_TS_BC_07d,47,Bacterial Concrete,7,Split Tensile Strength,False,1.992,2.6827,0.6907
TabPFN_FineTuned_v2.5,V2_ENGINEERED,5,TS_BC_07d_048,EXP_TS_BC_07d,48,Bacterial Concrete,7,Split Tensile Strength,False,1.954,2.6827,0.7287
TabPFN_FineTuned_v2.5,V2_ENGINEERED,5,TS_BC_07d_049,EXP_TS_BC_07d,49,Bacterial Concrete,7,Split Tensile Strength,False,2.034,2.6827,0.6487
TabPFN_FineTuned_v2.5,V2_ENGINEERED,5,TS_BC_07d_050,EXP_TS_BC_07d,50,Bacterial Concrete,7,Split Tensile Strength,False,2.263,2.6827,0.4197
TabPFN_FineTuned_v2.5,V2_ENGINEERED,5,TS_BC_07d_051,EXP_TS_BC_07d,51,Bacterial Concrete,7,Split Tensile Strength,False,2.233,2.6827,0.4497
TabPFN_FineTuned_v2.5,V2_ENGINEERED,5,TS_BC_07d_052,EXP_TS_BC_07d,52,Bacterial Concrete,7,Split Tensile Strength,False,1.924,2.6827,0.7587
TabPFN_FineTuned_v2.5,V2_ENGINEERED,5,TS_BC_07d_053,EXP_TS_BC_07d,53,Bacterial Concrete,7,Split Tensile Strength,False,2.132,2.6827,0.5507
TabPFN_FineTuned_v2.5,V2_ENGINEERED,5,TS_BC_07d_054,EXP_TS_BC_07d,54,Bacterial Concrete,7,Split Tensile Strength,False,2.04,2.6827,0.6427
TabPFN_FineTuned_v2.5,V2_ENGINEERED,5,TS_BC_07d_055,EXP_TS_BC_07d,55,Bacterial Concrete,7,Split Tensile Strength,False,2.217,2.6827,0.4657
TabPFN_FineTuned_v2.5,V2_ENGINEERED,5,TS_BC_07d_056,EXP_TS_BC_07d,56,Bacterial Concrete,7,Split Tensile Strength,False,2.077,2.6827,0.6057
TabPFN_FineTuned_v2.5,V2_ENGINEERED,5,TS_BC_07d_057,EXP_TS_BC_07d,57,Bacterial Concrete,7,Split Tensile Strength,False,2.156,2.6827,0.5267
TabPFN_FineTuned_v2.5,V2_ENGINEERED,5,TS_BC_07d_058,EXP_TS_BC_07d,58,Bacterial Concrete,7,Split Tensile Strength,False,2.076,2.6827,0.6067
TabPFN_FineTuned_v2.5,V2_ENGINEERED,5,TS_BC_07d_059,EXP_TS_BC_07d,59,Bacterial Concrete,7,Split Tensile Strength,False,1.772,2.6827,0.9107
TabPFN_FineTuned_v2.5,V2_ENGINEERED,5,TS_BC_07d_060,EXP_TS_BC_07d,60,Bacterial Concrete,7,Split Tensile Strength,False,2.107,2.6827,0.5757
TabPFN_FineTuned_v2.5,V2_ENGINEERED,5,TS_BC_07d_061,EXP_TS_BC_07d,61,Bacterial Concrete,7,Split Tensile Strength,False,1.909,2.6827,0.7737
TabPFN_FineTuned_v2.5,V2_ENGINEERED,5,TS_BC_07d_062,EXP_TS_BC_07d,62,Bacterial Concrete,7,Split Tensile Strength,False,2.212,2.6827,0.4707
TabPFN_FineTuned_v2.5,V2_ENGINEERED,5,TS_BC_07d_063,EXP_TS_BC_07d,63,Bacterial Concrete,7,Split Tensile Strength,False,1.998,2.6827,0.6847
TabPFN_FineTuned_v2.5,V2_ENGINEERED,5,TS_BC_07d_064,EXP_TS_BC_07d,64,Bacterial Concrete,7,Split Tensile Strength,False,2.009,2.6827,0.6737
TabPFN_FineTuned_v2.5,V2_ENGINEERED,5,TS_BC_07d_065,EXP_TS_BC_07d,65,Bacterial Concrete,7,Split Tensile Strength,False,2.099,2.6827,0.5837
TabPFN_FineTuned_v2.5,V2_ENGINEERED,5,TS_BC_07d_066,EXP_TS_BC_07d,66,Bacterial Concrete,7,Split Tensile Strength,False,2.187,2.6827,0.4957
TabPFN_FineTuned_v2.5,V2_ENGINEERED,5,TS_BC_07d_067,EXP_TS_BC_07d,67,Bacterial Concrete,7,Split Tensile Strength,False,2.075,2.6827,0.6077
TabPFN_FineTuned_v2.5,V2_ENGINEERED,5,TS_BC_07d_068,EXP_TS_BC_07d,68,Bacterial Concrete,7,Split Tensile Strength,False,2.346,2.6827,0.3367
TabPFN_FineTuned_v2.5,V2_ENGINEERED,5,TS_BC_07d_069,EXP_TS_BC_07d,69,Bacterial Concrete,7,Split Tensile Strength,False,2.347,2.6827,0.3357
TabPFN_FineTuned_v2.5,V2_ENGINEERED,5,TS_BC_07d_070,EXP_TS_BC_07d,70,Bacterial Concrete,7,Split Tensile Strength,False,2.357,2.6827,0.3257
TabPFN_FineTuned_v2.5,V2_ENGINEERED,5,TS_BC_07d_071,EXP_TS_BC_07d,71,Bacterial Concrete,7,Split Tensile Strength,False,2.065,2.6827,0.6177
TabPFN_FineTuned_v2.5,V2_ENGINEERED,5,TS_BC_07d_072,EXP_TS_BC_07d,72,Bacterial Concrete,7,Split Tensile Strength,False,1.878,2.6827,0.8047
TabPFN_FineTuned_v2.5,V2_ENGINEERED,5,TS_BC_07d_073,EXP_TS_BC_07d,73,Bacterial Concrete,7,Split Tensile Strength,False,2.283,2.6827,0.3997
TabPFN_FineTuned_v2.5,V2_ENGINEERED,5,TS_BC_07d_074,EXP_TS_BC_07d,74,Bacterial Concrete,7,Split Tensile Strength,False,2.038,2.6827,0.6447
TabPFN_FineTuned_v2.5,V2_ENGINEERED,5,TS_BC_07d_075,EXP_TS_BC_07d,75,Bacterial Concrete,7,Split Tensile Strength,False,2.106,2.6827,0.5767
TabPFN_FineTuned_v2.5,V2_ENGINEERED,5,TS_BC_07d_076,EXP_TS_BC_07d,76,Bacterial Concrete,7,Split Tensile Strength,False,2.194,2.6827,0.4887
TabPFN_FineTuned_v2.5,V2_ENGINEERED,5,TS_BC_07d_077,EXP_TS_BC_07d,77,Bacterial Concrete,7,Split Tensile Strength,False,1.859,2.6827,0.8237
TabPFN_FineTuned_v2.5,V2_ENGINEERED,5,TS_BC_07d_078,EXP_TS_BC_07d,78,Bacterial Concrete,7,Split Tensile Strength,False,2.344,2.6827,0.3387
TabPFN_FineTuned_v2.5,V2_ENGINEERED,5,TS_BC_07d_079,EXP_TS_BC_07d,79,Bacterial Concrete,7,Split Tensile Strength,False,2.231,2.6827,0.4517
TabPFN_FineTuned_v2.5,V2_ENGINEERED,5,TS_BC_07d_080,EXP_TS_BC_07d,80,Bacterial Concrete,7,Split Tensile Strength,False,2.153,2.6827,0.5297
TabPFN_FineTuned_v2.5,V2_ENGINEERED,5,TS_BC_07d_081,EXP_TS_BC_07d,81,Bacterial Concrete,7,Split Tensile Strength,False,2.234,2.6827,0.4487
TabPFN_FineTuned_v2.5,V2_ENGINEERED,5,TS_BC_07d_082,EXP_TS_BC_07d,82,Bacterial Concrete,7,Split Tensile Strength,False,2.184,2.6827,0.4987
TabPFN_FineTuned_v2.5,V2_ENGINEERED,5,TS_BC_07d_083,EXP_TS_BC_07d,83,Bacterial Concrete,7,Split Tensile Strength,False,2.118,2.6827,0.5647
TabPFN_FineTuned_v2.5,V2_ENGINEERED,5,TS_BC_07d_084,EXP_TS_BC_07d,84,Bacterial Concrete,7,Split Tensile Strength,False,2.054,2.6827,0.6287
TabPFN_FineTuned_v2.5,V2_ENGINEERED,5,TS_BC_07d_085,EXP_TS_BC_07d,85,Bacterial Concrete,7,Split Tensile Strength,False,1.989,2.6827,0.6937
TabPFN_FineTuned_v2.5,V2_ENGINEERED,5,TS_BC_07d_086,EXP_TS_BC_07d,86,Bacterial Concrete,7,Split Tensile Strength,False,2.143,2.6827,0.5397
TabPFN_FineTuned_v2.5,V2_ENGINEERED,5,TS_BC_07d_087,EXP_TS_BC_07d,87,Bacterial Concrete,7,Split Tensile Strength,False,2.154,2.6827,0.5287
TabPFN_FineTuned_v2.5,V2_ENGINEERED,5,TS_BC_07d_088,EXP_TS_BC_07d,88,Bacterial Concrete,7,Split Tensile Strength,False,2.262,2.6827,0.4207
TabPFN_FineTuned_v2.5,V2_ENGINEERED,5,TS_BC_07d_089,EXP_TS_BC_07d,89,Bacterial Concrete,7,Split Tensile Strength,False,2.13,2.6827,0.5527
TabPFN_FineTuned_v2.5,V2_ENGINEERED,5,TS_BC_07d_090,EXP_TS_BC_07d,90,Bacterial Concrete,7,Split Tensile Strength,False,1.972,2.6827,0.7107
TabPFN_FineTuned_v2.5,V2_ENGINEERED,5,TS_BC_07d_091,EXP_TS_BC_07d,91,Bacterial Concrete,7,Split Tensile Strength,False,1.864,2.6827,0.8187
TabPFN_FineTuned_v2.5,V2_ENGINEERED,5,TS_BC_07d_092,EXP_TS_BC_07d,92,Bacterial Concrete,7,Split Tensile Strength,False,2.081,2.6827,0.6017
TabPFN_FineTuned_v2.5,V2_ENGINEERED,5,TS_BC_07d_093,EXP_TS_BC_07d,93,Bacterial Concrete,7,Split Tensile Strength,False,2.096,2.6827,0.5867
TabPFN_FineTuned_v2.5,V2_ENGINEERED,5,TS_BC_07d_094,EXP_TS_BC_07d,94,Bacterial Concrete,7,Split Tensile Strength,False,2.085,2.6827,0.5977
TabPFN_FineTuned_v2.5,V2_ENGINEERED,5,TS_BC_07d_095,EXP_TS_BC_07d,95,Bacterial Concrete,7,Split Tensile Strength,False,1.87,2.6827,0.8127
TabPFN_FineTuned_v2.5,V2_ENGINEERED,5,TS_BC_07d_096,EXP_TS_BC_07d,96,Bacterial Concrete,7,Split Tensile Strength,False,2.261,2.6827,0.4217
TabPFN_FineTuned_v2.5,V2_ENGINEERED,5,TS_BC_07d_097,EXP_TS_BC_07d,97,Bacterial Concrete,7,Split Tensile Strength,False,2.261,2.6827,0.4217
TabPFN_FineTuned_v2.5,V2_ENGINEERED,5,TS_BC_07d_098,EXP_TS_BC_07d,98,Bacterial Concrete,7,Split Tensile Strength,False,1.977,2.6827,0.7057
TabPFN_FineTuned_v2.5,V2_ENGINEERED,5,TS_BC_07d_099,EXP_TS_BC_07d,99,Bacterial Concrete,7,Split Tensile Strength,False,2.221,2.6827,0.4617
TabPFN_FineTuned_v2.5,V2_ENGINEERED,5,TS_BC_07d_100,EXP_TS_BC_07d,100,Bacterial Concrete,7,Split Tensile Strength,False,2.243,2.6827,0.4397
