model,feature_set,fold,sample_id,experiment_id,concrete_type,curing_age_days,mechanical_property,is_restored_value,strength_mpa_actual,strength_mpa_pred,residual
TabPFN_Pretrained,V1_RAW,1,CS_NC_56d_001,EXP_CS_NC_56d,Normal Concrete,56,Compressive Strength,False,28.61,31.7192,3.1092
TabPFN_Pretrained,V1_RAW,1,CS_BC_56d_001,EXP_CS_BC_56d,Bacterial Concrete,56,Compressive Strength,False,39.1,38.9034,-0.1966
TabPFN_Pretrained,V1_RAW,1,CS_NC_56d_002,EXP_CS_NC_56d,Normal Concrete,56,Compressive Strength,False,30.1,31.7192,1.6192
TabPFN_Pretrained,V1_RAW,1,CS_BC_56d_002,EXP_CS_BC_56d,Bacterial Concrete,56,Compressive Strength,False,38.39,38.9034,0.5134
TabPFN_Pretrained,V1_RAW,1,CS_NC_56d_003,EXP_CS_NC_56d,Normal Concrete,56,Compressive Strength,False,31.01,31.7192,0.7092
TabPFN_Pretrained,V1_RAW,1,CS_BC_56d_003,EXP_CS_BC_56d,Bacterial Concrete,56,Compressive Strength,False,37.09,38.9034,1.8134
TabPFN_Pretrained,V1_RAW,1,CS_NC_56d_004,EXP_CS_NC_56d,Normal Concrete,56,Compressive Strength,False,31.07,31.7192,0.6492
TabPFN_Pretrained,V1_RAW,1,CS_BC_56d_004,EXP_CS_BC_56d,Bacterial Concrete,56,Compressive Strength,False,36.03,38.9034,2.8734
TabPFN_Pretrained,V1_RAW,1,CS_NC_56d_005,EXP_CS_NC_56d,Normal Concrete,56,Compressive Strength,False,30.32,31.7192,1.3992
TabPFN_Pretrained,V1_RAW,1,CS_BC_56d_005,EXP_CS_BC_56d,Bacterial Concrete,56,Compressive Strength,False,38.05,38.9034,0.8534
TabPFN_Pretrained,V1_RAW,1,CS_NC_56d_006,EXP_CS_NC_56d,Normal Concrete,56,Compressive Strength,False,31.93,31.7192,-0.2108
TabPFN_Pretrained,V1_RAW,1,CS_BC_56d_006,EXP_CS_BC_56d,Bacterial Concrete,56,Compressive Strength,False,37.59,38.9034,1.3134
TabPFN_Pretrained,V1_RAW,1,CS_NC_56d_007,EXP_CS_NC_56d,Normal Concrete,56,Compressive Strength,False,29.4,31.7192,2.3192
TabPFN_Pretrained,V1_RAW,1,CS_BC_56d_007,EXP_CS_BC_56d,Bacterial Concrete,56,Compressive Strength,False,38.34,38.9034,0.5634
TabPFN_Pretrained,V1_RAW,1,CS_NC_56d_008,EXP_CS_NC_56d,Normal Concrete,56,Compressive Strength,False,30.79,31.7192,0.9292
TabPFN_Pretrained,V1_RAW,1,CS_BC_56d_008,EXP_CS_BC_56d,Bacterial Concrete,56,Compressive Strength,False,37.95,38.9034,0.9534
TabPFN_Pretrained,V1_RAW,1,CS_NC_56d_009,EXP_CS_NC_56d,Normal Concrete,56,Compressive Strength,False,31.18,31.7192,0.5392
TabPFN_Pretrained,V1_RAW,1,CS_BC_56d_009,EXP_CS_BC_56d,Bacterial Concrete,56,Compressive Strength,False,38.57,38.9034,0.3334
TabPFN_Pretrained,V1_RAW,1,CS_NC_56d_010,EXP_CS_NC_56d,Normal Concrete,56,Compressive Strength,False,31.77,31.7192,-0.0508
TabPFN_Pretrained,V1_RAW,1,CS_BC_56d_010,EXP_CS_BC_56d,Bacterial Concrete,56,Compressive Strength,False,36.2,38.9034,2.7034
TabPFN_Pretrained,V1_RAW,1,CS_NC_56d_011,EXP_CS_NC_56d,Normal Concrete,56,Compressive Strength,False,32.07,31.7192,-0.3508
TabPFN_Pretrained,V1_RAW,1,CS_BC_56d_011,EXP_CS_BC_56d,Bacterial Concrete,56,Compressive Strength,False,38.98,38.9034,-0.0766
TabPFN_Pretrained,V1_RAW,1,CS_NC_56d_012,EXP_CS_NC_56d,Normal Concrete,56,Compressive Strength,False,29.31,31.7192,2.4092
TabPFN_Pretrained,V1_RAW,1,CS_BC_56d_012,EXP_CS_BC_56d,Bacterial Concrete,56,Compressive Strength,False,37.3,38.9034,1.6034
TabPFN_Pretrained,V1_RAW,1,CS_NC_56d_013,EXP_CS_NC_56d,Normal Concrete,56,Compressive Strength,False,28.7,31.7192,3.0192
TabPFN_Pretrained,V1_RAW,1,CS_BC_56d_013,EXP_CS_BC_56d,Bacterial Concrete,56,Compressive Strength,False,40.11,38.9034,-1.2066
TabPFN_Pretrained,V1_RAW,1,CS_NC_56d_014,EXP_CS_NC_56d,Normal Concrete,56,Compressive Strength,False,32.92,31.7192,-1.2008
TabPFN_Pretrained,V1_RAW,1,CS_BC_56d_014,EXP_CS_BC_56d,Bacterial Concrete,56,Compressive Strength,False,35.97,38.9034,2.9334
TabPFN_Pretrained,V1_RAW,1,CS_NC_56d_015,EXP_CS_NC_56d,Normal Concrete,56,Compressive Strength,False,31.5,31.7192,0.2192
TabPFN_Pretrained,V1_RAW,1,CS_BC_56d_015,EXP_CS_BC_56d,Bacterial Concrete,56,Compressive Strength,False,39.6,38.9034,-0.6966
TabPFN_Pretrained,V1_RAW,1,CS_NC_56d_016,EXP_CS_NC_56d,Normal Concrete,56,Compressive Strength,False,29.88,31.7192,1.8392
TabPFN_Pretrained,V1_RAW,1,CS_BC_56d_016,EXP_CS_BC_56d,Bacterial Concrete,56,Compressive Strength,False,37.3,38.9034,1.6034
TabPFN_Pretrained,V1_RAW,1,CS_NC_56d_017,EXP_CS_NC_56d,Normal Concrete,56,Compressive Strength,False,33.33,31.7192,-1.6108
TabPFN_Pretrained,V1_RAW,1,CS_BC_56d_017,EXP_CS_BC_56d,Bacterial Concrete,56,Compressive Strength,False,36.02,38.9034,2.8834
TabPFN_Pretrained,V1_RAW,1,CS_NC_56d_018,EXP_CS_NC_56d,Normal Concrete,56,Compressive Strength,False,31.17,31.7192,0.5492
TabPFN_Pretrained,V1_RAW,1,CS_BC_56d_018,EXP_CS_BC_56d,Bacterial Concrete,56,Compressive Strength,False,36.27,38.9034,2.6334
TabPFN_Pretrained,V1_RAW,1,CS_NC_56d_019,EXP_CS_NC_56d,Normal Concrete,56,Compressive Strength,False,32.77,31.7192,-1.0508
TabPFN_Pretrained,V1_RAW,1,CS_BC_56d_019,EXP_CS_BC_56d,Bacterial Concrete,56,Compressive Strength,False,36.52,38.9034,2.3834
TabPFN_Pretrained,V1_RAW,1,CS_NC_56d_020,EXP_CS_NC_56d,Normal Concrete,56,Compressive Strength,False,31.1,31.7192,0.6192
TabPFN_Pretrained,V1_RAW,1,CS_BC_56d_020,EXP_CS_BC_56d,Bacterial Concrete,56,Compressive Strength,False,37.64,38.9034,1.2634
TabPFN_Pretrained,V1_RAW,1,CS_NC_56d_021,EXP_CS_NC_56d,Normal Concrete,56,Compressive Strength,False,34.09,31.7192,-2.3708
TabPFN_Pretrained,V1_RAW,1,CS_BC_56d_021,EXP_CS_BC_56d,Bacterial Concrete,56,Compressive Strength,False,37.78,38.9034,1.1234
TabPFN_Pretrained,V1_RAW,1,CS_NC_56d_022,EXP_CS_NC_56d,Normal Concrete,56,Compressive Strength,False,33.63,31.7192,-1.9108
TabPFN_Pretrained,V1_RAW,1,CS_BC_56d_022,EXP_CS_BC_56d,Bacterial Concrete,56,Compressive Strength,False,36.14,38.9034,2.7634
TabPFN_Pretrained,V1_RAW,1,CS_NC_56d_023,EXP_CS_NC_56d,Normal Concrete,56,Compressive Strength,False,30.63,31.7192,1.0892
TabPFN_Pretrained,V1_RAW,1,CS_BC_56d_023,EXP_CS_BC_56d,Bacterial Concrete,56,Compressive Strength,False,36.96,38.9034,1.9434
TabPFN_Pretrained,V1_RAW,1,CS_NC_56d_024,EXP_CS_NC_56d,Normal Concrete,56,Compressive Strength,False,32.46,31.7192,-0.7408
TabPFN_Pretrained,V1_RAW,1,CS_BC_56d_024,EXP_CS_BC_56d,Bacterial Concrete,56,Compressive Strength,False,40.21,38.9034,-1.3066
TabPFN_Pretrained,V1_RAW,1,CS_NC_56d_025,EXP_CS_NC_56d,Normal Concrete,56,Compressive Strength,False,31.97,31.7192,-0.2508
TabPFN_Pretrained,V1_RAW,1,CS_BC_56d_025,EXP_CS_BC_56d,Bacterial Concrete,56,Compressive Strength,False,39.59,38.9034,-0.6866
TabPFN_Pretrained,V1_RAW,1,CS_NC_56d_026,EXP_CS_NC_56d,Normal Concrete,56,Compressive Strength,False,33.05,31.7192,-1.3308
TabPFN_Pretrained,V1_RAW,1,CS_BC_56d_026,EXP_CS_BC_56d,Bacterial Concrete,56,Compressive Strength,False,37.65,38.9034,1.2534
TabPFN_Pretrained,V1_RAW,1,CS_NC_56d_027,EXP_CS_NC_56d,Normal Concrete,56,Compressive Strength,False,29.55,31.7192,2.1692
TabPFN_Pretrained,V1_RAW,1,CS_BC_56d_027,EXP_CS_BC_56d,Bacterial Concrete,56,Compressive Strength,False,37.06,38.9034,1.8434
TabPFN_Pretrained,V1_RAW,1,CS_NC_56d_028,EXP_CS_NC_56d,Normal Concrete,56,Compressive Strength,False,32.03,31.7192,-0.3108
TabPFN_Pretrained,V1_RAW,1,CS_BC_56d_028,EXP_CS_BC_56d,Bacterial Concrete,56,Compressive Strength,False,37.18,38.9034,1.7234
TabPFN_Pretrained,V1_RAW,1,CS_NC_56d_029,EXP_CS_NC_56d,Normal Concrete,56,Compressive Strength,False,32.59,31.7192,-0.8708
TabPFN_Pretrained,V1_RAW,1,CS_BC_56d_029,EXP_CS_BC_56d,Bacterial Concrete,56,Compressive Strength,False,37.92,38.9034,0.9834
TabPFN_Pretrained,V1_RAW,1,CS_NC_56d_030,EXP_CS_NC_56d,Normal Concrete,56,Compressive Strength,False,28.36,31.7192,3.3592
TabPFN_Pretrained,V1_RAW,1,CS_BC_56d_030,EXP_CS_BC_56d,Bacterial Concrete,56,Compressive Strength,False,35.47,38.9034,3.4334
TabPFN_Pretrained,V1_RAW,1,CS_NC_56d_031,EXP_CS_NC_56d,Normal Concrete,56,Compressive Strength,False,29.23,31.7192,2.4892
TabPFN_Pretrained,V1_RAW,1,CS_BC_56d_031,EXP_CS_BC_56d,Bacterial Concrete,56,Compressive Strength,False,36.61,38.9034,2.2934
TabPFN_Pretrained,V1_RAW,1,CS_NC_56d_032,EXP_CS_NC_56d,Normal Concrete,56,Compressive Strength,False,27.94,31.7192,3.7792
TabPFN_Pretrained,V1_RAW,1,CS_BC_56d_032,EXP_CS_BC_56d,Bacterial Concrete,56,Compressive Strength,False,34.5,38.9034,4.4034
TabPFN_Pretrained,V1_RAW,1,CS_NC_56d_033,EXP_CS_NC_56d,Normal Concrete,56,Compressive Strength,False,30.6,31.7192,1.1192
TabPFN_Pretrained,V1_RAW,1,CS_BC_56d_033,EXP_CS_BC_56d,Bacterial Concrete,56,Compressive Strength,False,37.6,38.9034,1.3034
TabPFN_Pretrained,V1_RAW,1,CS_NC_56d_034,EXP_CS_NC_56d,Normal Concrete,56,Compressive Strength,False,32.08,31.7192,-0.3608
TabPFN_Pretrained,V1_RAW,1,CS_BC_56d_034,EXP_CS_BC_56d,Bacterial Concrete,56,Compressive Strength,False,37.97,38.9034,0.9334
TabPFN_Pretrained,V1_RAW,1,CS_NC_56d_035,EXP_CS_NC_56d,Normal Concrete,56,Compressive Strength,False,33.25,31.7192,-1.5308
TabPFN_Pretrained,V1_RAW,1,CS_BC_56d_035,EXP_CS_BC_56d,Bacterial Concrete,56,Compressive Strength,False,36.28,38.9034,2.6234
TabPFN_Pretrained,V1_RAW,1,CS_NC_56d_036,EXP_CS_NC_56d,Normal Concrete,56,Compressive Strength,False,31.11,31.7192,0.6092
TabPFN_Pretrained,V1_RAW,1,CS_BC_56d_036,EXP_CS_BC_56d,Bacterial Concrete,56,Compressive Strength,False,39.36,38.9034,-0.4566
TabPFN_Pretrained,V1_RAW,1,CS_NC_56d_037,EXP_CS_NC_56d,Normal Concrete,56,Compressive Strength,False,33.44,31.7192,-1.7208
TabPFN_Pretrained,V1_RAW,1,CS_BC_56d_037,EXP_CS_BC_56d,Bacterial Concrete,56,Compressive Strength,False,35.16,38.9034,3.7434
TabPFN_Pretrained,V1_RAW,1,CS_NC_56d_038,EXP_CS_NC_56d,Normal Concrete,56,Compressive Strength,False,28.93,31.7192,2.7892
TabPFN_Pretrained,V1_RAW,1,CS_BC_56d_038,EXP_CS_BC_56d,Bacterial Concrete,56,Compressive Strength,False,34.8,38.9034,4.1034
TabPFN_Pretrained,V1_RAW,1,CS_NC_56d_039,EXP_CS_NC_56d,Normal Concrete,56,Compressive Strength,False,28.44,31.7192,3.2792
TabPFN_Pretrained,V1_RAW,1,CS_BC_56d_039,EXP_CS_BC_56d,Bacterial Concrete,56,Compressive Strength,False,37.34,38.9034,1.5634
TabPFN_Pretrained,V1_RAW,1,CS_NC_56d_040,EXP_CS_NC_56d,Normal Concrete,56,Compressive Strength,False,30.92,31.7192,0.7992
TabPFN_Pretrained,V1_RAW,1,CS_BC_56d_040,EXP_CS_BC_56d,Bacterial Concrete,56,Compressive Strength,False,38.57,38.9034,0.3334
TabPFN_Pretrained,V1_RAW,1,CS_NC_56d_041,EXP_CS_NC_56d,Normal Concrete,56,Compressive Strength,False,31.58,31.7192,0.1392
TabPFN_Pretrained,V1_RAW,1,CS_BC_56d_041,EXP_CS_BC_56d,Bacterial Concrete,56,Compressive Strength,False,39.53,38.9034,-0.6266
TabPFN_Pretrained,V1_RAW,1,CS_NC_56d_042,EXP_CS_NC_56d,Normal Concrete,56,Compressive Strength,False,30.95,31.7192,0.7692
TabPFN_Pretrained,V1_RAW,1,CS_BC_56d_042,EXP_CS_BC_56d,Bacterial Concrete,56,Compressive Strength,False,36.31,38.9034,2.5934
TabPFN_Pretrained,V1_RAW,1,CS_NC_56d_043,EXP_CS_NC_56d,Normal Concrete,56,Compressive Strength,False,27.9,31.7192,3.8192
TabPFN_Pretrained,V1_RAW,1,CS_BC_56d_043,EXP_CS_BC_56d,Bacterial Concrete,56,Compressive Strength,False,38.62,38.9034,0.2834
TabPFN_Pretrained,V1_RAW,1,CS_NC_56d_044,EXP_CS_NC_56d,Normal Concrete,56,Compressive Strength,False,30.87,31.7192,0.8492
TabPFN_Pretrained,V1_RAW,1,CS_BC_56d_044,EXP_CS_BC_56d,Bacterial Concrete,56,Compressive Strength,False,36.94,38.9034,1.9634
TabPFN_Pretrained,V1_RAW,1,CS_NC_56d_045,EXP_CS_NC_56d,Normal Concrete,56,Compressive Strength,False,29.04,31.7192,2.6792
TabPFN_Pretrained,V1_RAW,1,CS_BC_56d_045,EXP_CS_BC_56d,Bacterial Concrete,56,Compressive Strength,False,36.74,38.9034,2.1634
TabPFN_Pretrained,V1_RAW,1,CS_NC_56d_046,EXP_CS_NC_56d,Normal Concrete,56,Compressive Strength,False,32.0,31.7192,-0.2808
TabPFN_Pretrained,V1_RAW,1,CS_BC_56d_046,EXP_CS_BC_56d,Bacterial Concrete,56,Compressive Strength,False,38.33,38.9034,0.5734
TabPFN_Pretrained,V1_RAW,1,CS_NC_56d_047,EXP_CS_NC_56d,Normal Concrete,56,Compressive Strength,False,31.55,31.7192,0.1692
TabPFN_Pretrained,V1_RAW,1,CS_BC_56d_047,EXP_CS_BC_56d,Bacterial Concrete,56,Compressive Strength,False,37.98,38.9034,0.9234
TabPFN_Pretrained,V1_RAW,1,CS_NC_56d_048,EXP_CS_NC_56d,Normal Concrete,56,Compressive Strength,False,29.59,31.7192,2.1292
TabPFN_Pretrained,V1_RAW,1,CS_BC_56d_048,EXP_CS_BC_56d,Bacterial Concrete,56,Compressive Strength,False,34.64,38.9034,4.2634
TabPFN_Pretrained,V1_RAW,1,CS_NC_56d_049,EXP_CS_NC_56d,Normal Concrete,56,Compressive Strength,False,30.23,31.7192,1.4892
TabPFN_Pretrained,V1_RAW,1,CS_BC_56d_049,EXP_CS_BC_56d,Bacterial Concrete,56,Compressive Strength,False,39.21,38.9034,-0.3066
TabPFN_Pretrained,V1_RAW,1,CS_NC_56d_050,EXP_CS_NC_56d,Normal Concrete,56,Compressive Strength,False,29.41,31.7192,2.3092
TabPFN_Pretrained,V1_RAW,1,CS_BC_56d_050,EXP_CS_BC_56d,Bacterial Concrete,56,Compressive Strength,False,39.07,38.9034,-0.1666
TabPFN_Pretrained,V1_RAW,1,CS_NC_56d_051,EXP_CS_NC_56d,Normal Concrete,56,Compressive Strength,False,30.91,31.7192,0.8092
TabPFN_Pretrained,V1_RAW,1,CS_BC_56d_051,EXP_CS_BC_56d,Bacterial Concrete,56,Compressive Strength,False,36.06,38.9034,2.8434
TabPFN_Pretrained,V1_RAW,1,CS_NC_56d_052,EXP_CS_NC_56d,Normal Concrete,56,Compressive Strength,False,32.43,31.7192,-0.7108
TabPFN_Pretrained,V1_RAW,1,CS_BC_56d_052,EXP_CS_BC_56d,Bacterial Concrete,56,Compressive Strength,False,37.59,38.9034,1.3134
TabPFN_Pretrained,V1_RAW,1,CS_NC_56d_053,EXP_CS_NC_56d,Normal Concrete,56,Compressive Strength,False,29.52,31.7192,2.1992
TabPFN_Pretrained,V1_RAW,1,CS_BC_56d_053,EXP_CS_BC_56d,Bacterial Concrete,56,Compressive Strength,False,37.74,38.9034,1.1634
TabPFN_Pretrained,V1_RAW,1,CS_NC_56d_054,EXP_CS_NC_56d,Normal Concrete,56,Compressive Strength,False,31.76,31.7192,-0.0408
TabPFN_Pretrained,V1_RAW,1,CS_BC_56d_054,EXP_CS_BC_56d,Bacterial Concrete,56,Compressive Strength,False,37.39,38.9034,1.5134
TabPFN_Pretrained,V1_RAW,1,CS_NC_56d_055,EXP_CS_NC_56d,Normal Concrete,56,Compressive Strength,False,30.2,31.7192,1.5192
TabPFN_Pretrained,V1_RAW,1,CS_BC_56d_055,EXP_CS_BC_56d,Bacterial Concrete,56,Compressive Strength,False,36.17,38.9034,2.7334
TabPFN_Pretrained,V1_RAW,1,CS_NC_56d_056,EXP_CS_NC_56d,Normal Concrete,56,Compressive Strength,False,29.81,31.7192,1.9092
TabPFN_Pretrained,V1_RAW,1,CS_BC_56d_056,EXP_CS_BC_56d,Bacterial Concrete,56,Compressive Strength,False,35.99,38.9034,2.9134
TabPFN_Pretrained,V1_RAW,1,CS_NC_56d_057,EXP_CS_NC_56d,Normal Concrete,56,Compressive Strength,False,30.84,31.7192,0.8792
TabPFN_Pretrained,V1_RAW,1,CS_BC_56d_057,EXP_CS_BC_56d,Bacterial Concrete,56,Compressive Strength,False,36.96,38.9034,1.9434
TabPFN_Pretrained,V1_RAW,1,CS_NC_56d_058,EXP_CS_NC_56d,Normal Concrete,56,Compressive Strength,False,29.45,31.7192,2.2692
TabPFN_Pretrained,V1_RAW,1,CS_BC_56d_058,EXP_CS_BC_56d,Bacterial Concrete,56,Compressive Strength,False,38.76,38.9034,0.1434
TabPFN_Pretrained,V1_RAW,1,CS_NC_56d_059,EXP_CS_NC_56d,Normal Concrete,56,Compressive Strength,False,30.17,31.7192,1.5492
TabPFN_Pretrained,V1_RAW,1,CS_BC_56d_059,EXP_CS_BC_56d,Bacterial Concrete,56,Compressive Strength,False,37.82,38.9034,1.0834
TabPFN_Pretrained,V1_RAW,1,CS_NC_56d_060,EXP_CS_NC_56d,Normal Concrete,56,Compressive Strength,False,29.2,31.7192,2.5192
TabPFN_Pretrained,V1_RAW,1,CS_BC_56d_060,EXP_CS_BC_56d,Bacterial Concrete,56,Compressive Strength,False,36.44,38.9034,2.4634
TabPFN_Pretrained,V1_RAW,1,CS_NC_56d_061,EXP_CS_NC_56d,Normal Concrete,56,Compressive Strength,False,33.95,31.7192,-2.2308
TabPFN_Pretrained,V1_RAW,1,CS_BC_56d_061,EXP_CS_BC_56d,Bacterial Concrete,56,Compressive Strength,False,38.16,38.9034,0.7434
TabPFN_Pretrained,V1_RAW,1,CS_NC_56d_062,EXP_CS_NC_56d,Normal Concrete,56,Compressive Strength,False,31.05,31.7192,0.6692
TabPFN_Pretrained,V1_RAW,1,CS_BC_56d_062,EXP_CS_BC_56d,Bacterial Concrete,56,Compressive Strength,False,32.73,38.9034,6.1734
TabPFN_Pretrained,V1_RAW,1,CS_NC_56d_063,EXP_CS_NC_56d,Normal Concrete,56,Compressive Strength,False,29.95,31.7192,1.7692
TabPFN_Pretrained,V1_RAW,1,CS_BC_56d_063,EXP_CS_BC_56d,Bacterial Concrete,56,Compressive Strength,False,38.72,38.9034,0.1834
TabPFN_Pretrained,V1_RAW,1,CS_NC_56d_064,EXP_CS_NC_56d,Normal Concrete,56,Compressive Strength,False,31.32,31.7192,0.3992
TabPFN_Pretrained,V1_RAW,1,CS_BC_56d_064,EXP_CS_BC_56d,Bacterial Concrete,56,Compressive Strength,False,34.39,38.9034,4.5134
TabPFN_Pretrained,V1_RAW,1,CS_NC_56d_065,EXP_CS_NC_56d,Normal Concrete,56,Compressive Strength,False,30.83,31.7192,0.8892
TabPFN_Pretrained,V1_RAW,1,CS_BC_56d_065,EXP_CS_BC_56d,Bacterial Concrete,56,Compressive Strength,False,36.46,38.9034,2.4434
TabPFN_Pretrained,V1_RAW,1,CS_NC_56d_066,EXP_CS_NC_56d,Normal Concrete,56,Compressive Strength,False,30.67,31.7192,1.0492
TabPFN_Pretrained,V1_RAW,1,CS_BC_56d_066,EXP_CS_BC_56d,Bacterial Concrete,56,Compressive Strength,False,35.32,38.9034,3.5834
TabPFN_Pretrained,V1_RAW,1,CS_NC_56d_067,EXP_CS_NC_56d,Normal Concrete,56,Compressive Strength,False,31.92,31.7192,-0.2008
TabPFN_Pretrained,V1_RAW,1,CS_BC_56d_067,EXP_CS_BC_56d,Bacterial Concrete,56,Compressive Strength,False,35.06,38.9034,3.8434
TabPFN_Pretrained,V1_RAW,1,CS_NC_56d_068,EXP_CS_NC_56d,Normal Concrete,56,Compressive Strength,False,32.14,31.7192,-0.4208
TabPFN_Pretrained,V1_RAW,1,CS_BC_56d_068,EXP_CS_BC_56d,Bacterial Concrete,56,Compressive Strength,False,38.74,38.9034,0.1634
TabPFN_Pretrained,V1_RAW,1,CS_NC_56d_069,EXP_CS_NC_56d,Normal Concrete,56,Compressive Strength,False,30.2,31.7192,1.5192
TabPFN_Pretrained,V1_RAW,1,CS_BC_56d_069,EXP_CS_BC_56d,Bacterial Concrete,56,Compressive Strength,False,36.3,38.9034,2.6034
TabPFN_Pretrained,V1_RAW,1,CS_NC_56d_070,EXP_CS_NC_56d,Normal Concrete,56,Compressive Strength,False,30.14,31.7192,1.5792
TabPFN_Pretrained,V1_RAW,1,CS_BC_56d_070,EXP_CS_BC_56d,Bacterial Concrete,56,Compressive Strength,False,37.52,38.9034,1.3834
TabPFN_Pretrained,V1_RAW,1,CS_NC_56d_071,EXP_CS_NC_56d,Normal Concrete,56,Compressive Strength,False,30.59,31.7192,1.1292
TabPFN_Pretrained,V1_RAW,1,CS_BC_56d_071,EXP_CS_BC_56d,Bacterial Concrete,56,Compressive Strength,False,36.93,38.9034,1.9734
TabPFN_Pretrained,V1_RAW,1,CS_NC_56d_072,EXP_CS_NC_56d,Normal Concrete,56,Compressive Strength,False,27.55,31.7192,4.1692
TabPFN_Pretrained,V1_RAW,1,CS_BC_56d_072,EXP_CS_BC_56d,Bacterial Concrete,56,Compressive Strength,False,37.72,38.9034,1.1834
TabPFN_Pretrained,V1_RAW,1,CS_NC_56d_073,EXP_CS_NC_56d,Normal Concrete,56,Compressive Strength,False,28.73,31.7192,2.9892
TabPFN_Pretrained,V1_RAW,1,CS_BC_56d_073,EXP_CS_BC_56d,Bacterial Concrete,56,Compressive Strength,False,37.12,38.9034,1.7834
TabPFN_Pretrained,V1_RAW,1,CS_NC_56d_074,EXP_CS_NC_56d,Normal Concrete,56,Compressive Strength,False,33.05,31.7192,-1.3308
TabPFN_Pretrained,V1_RAW,1,CS_BC_56d_074,EXP_CS_BC_56d,Bacterial Concrete,56,Compressive Strength,False,35.08,38.9034,3.8234
TabPFN_Pretrained,V1_RAW,1,CS_NC_56d_075,EXP_CS_NC_56d,Normal Concrete,56,Compressive Strength,False,33.47,31.7192,-1.7508
TabPFN_Pretrained,V1_RAW,1,CS_BC_56d_075,EXP_CS_BC_56d,Bacterial Concrete,56,Compressive Strength,False,38.49,38.9034,0.4134
TabPFN_Pretrained,V1_RAW,1,CS_NC_56d_076,EXP_CS_NC_56d,Normal Concrete,56,Compressive Strength,False,30.63,31.7192,1.0892
TabPFN_Pretrained,V1_RAW,1,CS_BC_56d_076,EXP_CS_BC_56d,Bacterial Concrete,56,Compressive Strength,False,36.26,38.9034,2.6434
TabPFN_Pretrained,V1_RAW,1,CS_NC_56d_077,EXP_CS_NC_56d,Normal Concrete,56,Compressive Strength,False,31.86,31.7192,-0.1408
TabPFN_Pretrained,V1_RAW,1,CS_BC_56d_077,EXP_CS_BC_56d,Bacterial Concrete,56,Compressive Strength,False,34.67,38.9034,4.2334
TabPFN_Pretrained,V1_RAW,1,CS_NC_56d_078,EXP_CS_NC_56d,Normal Concrete,56,Compressive Strength,False,31.47,31.7192,0.2492
TabPFN_Pretrained,V1_RAW,1,CS_BC_56d_078,EXP_CS_BC_56d,Bacterial Concrete,56,Compressive Strength,False,36.36,38.9034,2.5434
TabPFN_Pretrained,V1_RAW,1,CS_NC_56d_079,EXP_CS_NC_56d,Normal Concrete,56,Compressive Strength,False,35.62,31.7192,-3.9008
TabPFN_Pretrained,V1_RAW,1,CS_BC_56d_079,EXP_CS_BC_56d,Bacterial Concrete,56,Compressive Strength,False,39.25,38.9034,-0.3466
TabPFN_Pretrained,V1_RAW,1,CS_NC_56d_080,EXP_CS_NC_56d,Normal Concrete,56,Compressive Strength,False,32.68,31.7192,-0.9608
TabPFN_Pretrained,V1_RAW,1,CS_BC_56d_080,EXP_CS_BC_56d,Bacterial Concrete,56,Compressive Strength,False,38.28,38.9034,0.6234
TabPFN_Pretrained,V1_RAW,1,CS_NC_56d_081,EXP_CS_NC_56d,Normal Concrete,56,Compressive Strength,False,30.81,31.7192,0.9092
TabPFN_Pretrained,V1_RAW,1,CS_BC_56d_081,EXP_CS_BC_56d,Bacterial Concrete,56,Compressive Strength,False,36.48,38.9034,2.4234
TabPFN_Pretrained,V1_RAW,1,CS_NC_56d_082,EXP_CS_NC_56d,Normal Concrete,56,Compressive Strength,False,29.57,31.7192,2.1492
TabPFN_Pretrained,V1_RAW,1,CS_BC_56d_082,EXP_CS_BC_56d,Bacterial Concrete,56,Compressive Strength,False,36.48,38.9034,2.4234
TabPFN_Pretrained,V1_RAW,1,CS_NC_56d_083,EXP_CS_NC_56d,Normal Concrete,56,Compressive Strength,False,28.59,31.7192,3.1292
TabPFN_Pretrained,V1_RAW,1,CS_BC_56d_083,EXP_CS_BC_56d,Bacterial Concrete,56,Compressive Strength,False,36.52,38.9034,2.3834
TabPFN_Pretrained,V1_RAW,1,CS_NC_56d_084,EXP_CS_NC_56d,Normal Concrete,56,Compressive Strength,False,31.31,31.7192,0.4092
TabPFN_Pretrained,V1_RAW,1,CS_BC_56d_084,EXP_CS_BC_56d,Bacterial Concrete,56,Compressive Strength,False,40.12,38.9034,-1.2166
TabPFN_Pretrained,V1_RAW,1,CS_NC_56d_085,EXP_CS_NC_56d,Normal Concrete,56,Compressive Strength,False,29.87,31.7192,1.8492
TabPFN_Pretrained,V1_RAW,1,CS_BC_56d_085,EXP_CS_BC_56d,Bacterial Concrete,56,Compressive Strength,False,37.57,38.9034,1.3334
TabPFN_Pretrained,V1_RAW,1,CS_NC_56d_086,EXP_CS_NC_56d,Normal Concrete,56,Compressive Strength,False,28.87,31.7192,2.8492
TabPFN_Pretrained,V1_RAW,1,CS_BC_56d_086,EXP_CS_BC_56d,Bacterial Concrete,56,Compressive Strength,False,37.65,38.9034,1.2534
TabPFN_Pretrained,V1_RAW,1,CS_NC_56d_087,EXP_CS_NC_56d,Normal Concrete,56,Compressive Strength,False,30.03,31.7192,1.6892
TabPFN_Pretrained,V1_RAW,1,CS_BC_56d_087,EXP_CS_BC_56d,Bacterial Concrete,56,Compressive Strength,False,38.55,38.9034,0.3534
TabPFN_Pretrained,V1_RAW,1,CS_NC_56d_088,EXP_CS_NC_56d,Normal Concrete,56,Compressive Strength,False,29.38,31.7192,2.3392
TabPFN_Pretrained,V1_RAW,1,CS_BC_56d_088,EXP_CS_BC_56d,Bacterial Concrete,56,Compressive Strength,False,37.36,38.9034,1.5434
TabPFN_Pretrained,V1_RAW,1,CS_NC_56d_089,EXP_CS_NC_56d,Normal Concrete,56,Compressive Strength,False,33.53,31.7192,-1.8108
TabPFN_Pretrained,V1_RAW,1,CS_BC_56d_089,EXP_CS_BC_56d,Bacterial Concrete,56,Compressive Strength,False,36.61,38.9034,2.2934
TabPFN_Pretrained,V1_RAW,1,CS_NC_56d_090,EXP_CS_NC_56d,Normal Concrete,56,Compressive Strength,False,32.32,31.7192,-0.6008
TabPFN_Pretrained,V1_RAW,1,CS_BC_56d_090,EXP_CS_BC_56d,Bacterial Concrete,56,Compressive Strength,False,36.71,38.9034,2.1934
TabPFN_Pretrained,V1_RAW,1,CS_NC_56d_091,EXP_CS_NC_56d,Normal Concrete,56,Compressive Strength,False,30.99,31.7192,0.7292
TabPFN_Pretrained,V1_RAW,1,CS_BC_56d_091,EXP_CS_BC_56d,Bacterial Concrete,56,Compressive Strength,False,36.89,38.9034,2.0134
TabPFN_Pretrained,V1_RAW,1,CS_NC_56d_092,EXP_CS_NC_56d,Normal Concrete,56,Compressive Strength,False,33.22,31.7192,-1.5008
TabPFN_Pretrained,V1_RAW,1,CS_BC_56d_092,EXP_CS_BC_56d,Bacterial Concrete,56,Compressive Strength,False,36.94,38.9034,1.9634
TabPFN_Pretrained,V1_RAW,1,CS_NC_56d_093,EXP_CS_NC_56d,Normal Concrete,56,Compressive Strength,False,31.12,31.7192,0.5992
TabPFN_Pretrained,V1_RAW,1,CS_BC_56d_093,EXP_CS_BC_56d,Bacterial Concrete,56,Compressive Strength,False,38.09,38.9034,0.8134
TabPFN_Pretrained,V1_RAW,1,CS_NC_56d_094,EXP_CS_NC_56d,Normal Concrete,56,Compressive Strength,False,29.71,31.7192,2.0092
TabPFN_Pretrained,V1_RAW,1,CS_BC_56d_094,EXP_CS_BC_56d,Bacterial Concrete,56,Compressive Strength,False,37.08,38.9034,1.8234
TabPFN_Pretrained,V1_RAW,1,CS_NC_56d_095,EXP_CS_NC_56d,Normal Concrete,56,Compressive Strength,False,33.28,31.7192,-1.5608
TabPFN_Pretrained,V1_RAW,1,CS_BC_56d_095,EXP_CS_BC_56d,Bacterial Concrete,56,Compressive Strength,False,38.1,38.9034,0.8034
TabPFN_Pretrained,V1_RAW,1,CS_NC_56d_096,EXP_CS_NC_56d,Normal Concrete,56,Compressive Strength,False,31.81,31.7192,-0.0908
TabPFN_Pretrained,V1_RAW,1,CS_BC_56d_096,EXP_CS_BC_56d,Bacterial Concrete,56,Compressive Strength,False,36.88,38.9034,2.0234
TabPFN_Pretrained,V1_RAW,1,CS_NC_56d_097,EXP_CS_NC_56d,Normal Concrete,56,Compressive Strength,False,29.44,31.7192,2.2792
TabPFN_Pretrained,V1_RAW,1,CS_BC_56d_097,EXP_CS_BC_56d,Bacterial Concrete,56,Compressive Strength,False,37.12,38.9034,1.7834
TabPFN_Pretrained,V1_RAW,1,CS_NC_56d_098,EXP_CS_NC_56d,Normal Concrete,56,Compressive Strength,False,30.71,31.7192,1.0092
TabPFN_Pretrained,V1_RAW,1,CS_BC_56d_098,EXP_CS_BC_56d,Bacterial Concrete,56,Compressive Strength,False,34.0,38.9034,4.9034
TabPFN_Pretrained,V1_RAW,1,CS_NC_56d_099,EXP_CS_NC_56d,Normal Concrete,56,Compressive Strength,False,29.69,31.7192,2.0292
TabPFN_Pretrained,V1_RAW,1,CS_BC_56d_099,EXP_CS_BC_56d,Bacterial Concrete,56,Compressive Strength,False,38.37,38.9034,0.5334
TabPFN_Pretrained,V1_RAW,1,CS_NC_56d_100,EXP_CS_NC_56d,Normal Concrete,56,Compressive Strength,False,28.93,31.7192,2.7892
TabPFN_Pretrained,V1_RAW,1,CS_BC_56d_100,EXP_CS_BC_56d,Bacterial Concrete,56,Compressive Strength,False,37.52,38.9034,1.3834
TabPFN_Pretrained,V1_RAW,1,FS_NC_90d_001,EXP_FS_NC_90d,Normal Concrete,90,Flexural Strength,False,4.758,18.7182,13.9602
TabPFN_Pretrained,V1_RAW,1,FS_NC_90d_002,EXP_FS_NC_90d,Normal Concrete,90,Flexural Strength,False,4.269,18.7182,14.4492
TabPFN_Pretrained,V1_RAW,1,FS_NC_90d_003,EXP_FS_NC_90d,Normal Concrete,90,Flexural Strength,False,4.786,18.7182,13.9322
TabPFN_Pretrained,V1_RAW,1,FS_NC_90d_004,EXP_FS_NC_90d,Normal Concrete,90,Flexural Strength,False,4.567,18.7182,14.1512
TabPFN_Pretrained,V1_RAW,1,FS_NC_90d_005,EXP_FS_NC_90d,Normal Concrete,90,Flexural Strength,False,5.096,18.7182,13.6222
TabPFN_Pretrained,V1_RAW,1,FS_NC_90d_006,EXP_FS_NC_90d,Normal Concrete,90,Flexural Strength,False,5.032,18.7182,13.6862
TabPFN_Pretrained,V1_RAW,1,FS_NC_90d_007,EXP_FS_NC_90d,Normal Concrete,90,Flexural Strength,False,4.989,18.7182,13.7292
TabPFN_Pretrained,V1_RAW,1,FS_NC_90d_008,EXP_FS_NC_90d,Normal Concrete,90,Flexural Strength,False,5.142,18.7182,13.5762
TabPFN_Pretrained,V1_RAW,1,FS_NC_90d_009,EXP_FS_NC_90d,Normal Concrete,90,Flexural Strength,False,4.517,18.7182,14.2012
TabPFN_Pretrained,V1_RAW,1,FS_NC_90d_010,EXP_FS_NC_90d,Normal Concrete,90,Flexural Strength,False,4.966,18.7182,13.7522
TabPFN_Pretrained,V1_RAW,1,FS_NC_90d_011,EXP_FS_NC_90d,Normal Concrete,90,Flexural Strength,False,5.394,18.7182,13.3242
TabPFN_Pretrained,V1_RAW,1,FS_NC_90d_012,EXP_FS_NC_90d,Normal Concrete,90,Flexural Strength,False,4.942,18.7182,13.7762
TabPFN_Pretrained,V1_RAW,1,FS_NC_90d_013,EXP_FS_NC_90d,Normal Concrete,90,Flexural Strength,False,4.933,18.7182,13.7852
TabPFN_Pretrained,V1_RAW,1,FS_NC_90d_014,EXP_FS_NC_90d,Normal Concrete,90,Flexural Strength,False,4.992,18.7182,13.7262
TabPFN_Pretrained,V1_RAW,1,FS_NC_90d_015,EXP_FS_NC_90d,Normal Concrete,90,Flexural Strength,False,5.313,18.7182,13.4052
TabPFN_Pretrained,V1_RAW,1,FS_NC_90d_016,EXP_FS_NC_90d,Normal Concrete,90,Flexural Strength,False,4.916,18.7182,13.8022
TabPFN_Pretrained,V1_RAW,1,FS_NC_90d_017,EXP_FS_NC_90d,Normal Concrete,90,Flexural Strength,False,5.534,18.7182,13.1842
TabPFN_Pretrained,V1_RAW,1,FS_NC_90d_018,EXP_FS_NC_90d,Normal Concrete,90,Flexural Strength,False,5.363,18.7182,13.3552
TabPFN_Pretrained,V1_RAW,1,FS_NC_90d_019,EXP_FS_NC_90d,Normal Concrete,90,Flexural Strength,False,4.949,18.7182,13.7692
TabPFN_Pretrained,V1_RAW,1,FS_NC_90d_020,EXP_FS_NC_90d,Normal Concrete,90,Flexural Strength,False,4.964,18.7182,13.7542
TabPFN_Pretrained,V1_RAW,1,FS_NC_90d_021,EXP_FS_NC_90d,Normal Concrete,90,Flexural Strength,False,5.364,18.7182,13.3542
TabPFN_Pretrained,V1_RAW,1,FS_NC_90d_022,EXP_FS_NC_90d,Normal Concrete,90,Flexural Strength,False,5.264,18.7182,13.4542
TabPFN_Pretrained,V1_RAW,1,FS_NC_90d_023,EXP_FS_NC_90d,Normal Concrete,90,Flexural Strength,False,4.783,18.7182,13.9352
TabPFN_Pretrained,V1_RAW,1,FS_NC_90d_024,EXP_FS_NC_90d,Normal Concrete,90,Flexural Strength,False,5.119,18.7182,13.5992
TabPFN_Pretrained,V1_RAW,1,FS_NC_90d_025,EXP_FS_NC_90d,Normal Concrete,90,Flexural Strength,False,4.811,18.7182,13.9072
TabPFN_Pretrained,V1_RAW,1,FS_NC_90d_026,EXP_FS_NC_90d,Normal Concrete,90,Flexural Strength,False,4.737,18.7182,13.9812
TabPFN_Pretrained,V1_RAW,1,FS_NC_90d_027,EXP_FS_NC_90d,Normal Concrete,90,Flexural Strength,False,5.312,18.7182,13.4062
TabPFN_Pretrained,V1_RAW,1,FS_NC_90d_028,EXP_FS_NC_90d,Normal Concrete,90,Flexural Strength,False,4.804,18.7182,13.9142
TabPFN_Pretrained,V1_RAW,1,FS_NC_90d_029,EXP_FS_NC_90d,Normal Concrete,90,Flexural Strength,False,4.926,18.7182,13.7922
TabPFN_Pretrained,V1_RAW,1,FS_NC_90d_030,EXP_FS_NC_90d,Normal Concrete,90,Flexural Strength,False,4.954,18.7182,13.7642
TabPFN_Pretrained,V1_RAW,1,FS_NC_90d_031,EXP_FS_NC_90d,Normal Concrete,90,Flexural Strength,False,4.937,18.7182,13.7812
TabPFN_Pretrained,V1_RAW,1,FS_NC_90d_032,EXP_FS_NC_90d,Normal Concrete,90,Flexural Strength,False,5.03,18.7182,13.6882
TabPFN_Pretrained,V1_RAW,1,FS_NC_90d_033,EXP_FS_NC_90d,Normal Concrete,90,Flexural Strength,False,4.873,18.7182,13.8452
TabPFN_Pretrained,V1_RAW,1,FS_NC_90d_034,EXP_FS_NC_90d,Normal Concrete,90,Flexural Strength,False,4.585,18.7182,14.1332
TabPFN_Pretrained,V1_RAW,1,FS_NC_90d_035,EXP_FS_NC_90d,Normal Concrete,90,Flexural Strength,False,4.874,18.7182,13.8442
TabPFN_Pretrained,V1_RAW,1,FS_NC_90d_036,EXP_FS_NC_90d,Normal Concrete,90,Flexural Strength,False,5.06,18.7182,13.6582
TabPFN_Pretrained,V1_RAW,1,FS_NC_90d_037,EXP_FS_NC_90d,Normal Concrete,90,Flexural Strength,False,4.51,18.7182,14.2082
TabPFN_Pretrained,V1_RAW,1,FS_NC_90d_038,EXP_FS_NC_90d,Normal Concrete,90,Flexural Strength,False,4.496,18.7182,14.2222
TabPFN_Pretrained,V1_RAW,1,FS_NC_90d_039,EXP_FS_NC_90d,Normal Concrete,90,Flexural Strength,False,4.721,18.7182,13.9972
TabPFN_Pretrained,V1_RAW,1,FS_NC_90d_040,EXP_FS_NC_90d,Normal Concrete,90,Flexural Strength,False,4.595,18.7182,14.1232
TabPFN_Pretrained,V1_RAW,1,FS_NC_90d_041,EXP_FS_NC_90d,Normal Concrete,90,Flexural Strength,False,4.652,18.7182,14.0662
TabPFN_Pretrained,V1_RAW,1,FS_NC_90d_042,EXP_FS_NC_90d,Normal Concrete,90,Flexural Strength,False,5.134,18.7182,13.5842
TabPFN_Pretrained,V1_RAW,1,FS_NC_90d_043,EXP_FS_NC_90d,Normal Concrete,90,Flexural Strength,False,5.263,18.7182,13.4552
TabPFN_Pretrained,V1_RAW,1,FS_NC_90d_044,EXP_FS_NC_90d,Normal Concrete,90,Flexural Strength,False,4.996,18.7182,13.7222
TabPFN_Pretrained,V1_RAW,1,FS_NC_90d_045,EXP_FS_NC_90d,Normal Concrete,90,Flexural Strength,False,4.907,18.7182,13.8112
TabPFN_Pretrained,V1_RAW,1,FS_NC_90d_046,EXP_FS_NC_90d,Normal Concrete,90,Flexural Strength,False,5.037,18.7182,13.6812
TabPFN_Pretrained,V1_RAW,1,FS_NC_90d_047,EXP_FS_NC_90d,Normal Concrete,90,Flexural Strength,False,5.045,18.7182,13.6732
TabPFN_Pretrained,V1_RAW,1,FS_NC_90d_048,EXP_FS_NC_90d,Normal Concrete,90,Flexural Strength,False,4.744,18.7182,13.9742
TabPFN_Pretrained,V1_RAW,1,FS_NC_90d_049,EXP_FS_NC_90d,Normal Concrete,90,Flexural Strength,False,5.359,18.7182,13.3592
TabPFN_Pretrained,V1_RAW,1,FS_NC_90d_050,EXP_FS_NC_90d,Normal Concrete,90,Flexural Strength,False,4.491,18.7182,14.2272
TabPFN_Pretrained,V1_RAW,1,FS_NC_90d_051,EXP_FS_NC_90d,Normal Concrete,90,Flexural Strength,False,4.54,18.7182,14.1782
TabPFN_Pretrained,V1_RAW,1,FS_NC_90d_052,EXP_FS_NC_90d,Normal Concrete,90,Flexural Strength,False,4.828,18.7182,13.8902
TabPFN_Pretrained,V1_RAW,1,FS_NC_90d_053,EXP_FS_NC_90d,Normal Concrete,90,Flexural Strength,False,4.679,18.7182,14.0392
TabPFN_Pretrained,V1_RAW,1,FS_NC_90d_054,EXP_FS_NC_90d,Normal Concrete,90,Flexural Strength,False,4.875,18.7182,13.8432
TabPFN_Pretrained,V1_RAW,1,FS_NC_90d_055,EXP_FS_NC_90d,Normal Concrete,90,Flexural Strength,False,4.892,18.7182,13.8262
TabPFN_Pretrained,V1_RAW,1,FS_NC_90d_056,EXP_FS_NC_90d,Normal Concrete,90,Flexural Strength,False,4.94,18.7182,13.7782
TabPFN_Pretrained,V1_RAW,1,FS_NC_90d_057,EXP_FS_NC_90d,Normal Concrete,90,Flexural Strength,False,4.962,18.7182,13.7562
TabPFN_Pretrained,V1_RAW,1,FS_NC_90d_058,EXP_FS_NC_90d,Normal Concrete,90,Flexural Strength,False,5.116,18.7182,13.6022
TabPFN_Pretrained,V1_RAW,1,FS_NC_90d_059,EXP_FS_NC_90d,Normal Concrete,90,Flexural Strength,False,4.521,18.7182,14.1972
TabPFN_Pretrained,V1_RAW,1,FS_NC_90d_060,EXP_FS_NC_90d,Normal Concrete,90,Flexural Strength,False,4.59,18.7182,14.1282
TabPFN_Pretrained,V1_RAW,1,FS_NC_90d_061,EXP_FS_NC_90d,Normal Concrete,90,Flexural Strength,False,5.215,18.7182,13.5032
TabPFN_Pretrained,V1_RAW,1,FS_NC_90d_062,EXP_FS_NC_90d,Normal Concrete,90,Flexural Strength,False,4.53,18.7182,14.1882
TabPFN_Pretrained,V1_RAW,1,FS_NC_90d_063,EXP_FS_NC_90d,Normal Concrete,90,Flexural Strength,False,4.78,18.7182,13.9382
TabPFN_Pretrained,V1_RAW,1,FS_NC_90d_064,EXP_FS_NC_90d,Normal Concrete,90,Flexural Strength,False,4.856,18.7182,13.8622
TabPFN_Pretrained,V1_RAW,1,FS_NC_90d_065,EXP_FS_NC_90d,Normal Concrete,90,Flexural Strength,False,4.794,18.7182,13.9242
TabPFN_Pretrained,V1_RAW,1,FS_NC_90d_066,EXP_FS_NC_90d,Normal Concrete,90,Flexural Strength,False,4.875,18.7182,13.8432
TabPFN_Pretrained,V1_RAW,1,FS_NC_90d_067,EXP_FS_NC_90d,Normal Concrete,90,Flexural Strength,False,5.037,18.7182,13.6812
TabPFN_Pretrained,V1_RAW,1,FS_NC_90d_068,EXP_FS_NC_90d,Normal Concrete,90,Flexural Strength,False,4.539,18.7182,14.1792
TabPFN_Pretrained,V1_RAW,1,FS_NC_90d_069,EXP_FS_NC_90d,Normal Concrete,90,Flexural Strength,False,4.774,18.7182,13.9442
TabPFN_Pretrained,V1_RAW,1,FS_NC_90d_070,EXP_FS_NC_90d,Normal Concrete,90,Flexural Strength,False,4.78,18.7182,13.9382
TabPFN_Pretrained,V1_RAW,1,FS_NC_90d_071,EXP_FS_NC_90d,Normal Concrete,90,Flexural Strength,False,5.25,18.7182,13.4682
TabPFN_Pretrained,V1_RAW,1,FS_NC_90d_072,EXP_FS_NC_90d,Normal Concrete,90,Flexural Strength,False,5.19,18.7182,13.5282
TabPFN_Pretrained,V1_RAW,1,FS_NC_90d_073,EXP_FS_NC_90d,Normal Concrete,90,Flexural Strength,False,5.215,18.7182,13.5032
TabPFN_Pretrained,V1_RAW,1,FS_NC_90d_074,EXP_FS_NC_90d,Normal Concrete,90,Flexural Strength,False,5.006,18.7182,13.7122
TabPFN_Pretrained,V1_RAW,1,FS_NC_90d_075,EXP_FS_NC_90d,Normal Concrete,90,Flexural Strength,False,5.224,18.7182,13.4942
TabPFN_Pretrained,V1_RAW,1,FS_NC_90d_076,EXP_FS_NC_90d,Normal Concrete,90,Flexural Strength,False,4.92,18.7182,13.7982
TabPFN_Pretrained,V1_RAW,1,FS_NC_90d_077,EXP_FS_NC_90d,Normal Concrete,90,Flexural Strength,False,5.207,18.7182,13.5112
TabPFN_Pretrained,V1_RAW,1,FS_NC_90d_078,EXP_FS_NC_90d,Normal Concrete,90,Flexural Strength,False,4.804,18.7182,13.9142
TabPFN_Pretrained,V1_RAW,1,FS_NC_90d_079,EXP_FS_NC_90d,Normal Concrete,90,Flexural Strength,False,4.354,18.7182,14.3642
TabPFN_Pretrained,V1_RAW,1,FS_NC_90d_080,EXP_FS_NC_90d,Normal Concrete,90,Flexural Strength,False,5.105,18.7182,13.6132
TabPFN_Pretrained,V1_RAW,1,FS_NC_90d_081,EXP_FS_NC_90d,Normal Concrete,90,Flexural Strength,False,5.158,18.7182,13.5602
TabPFN_Pretrained,V1_RAW,1,FS_NC_90d_082,EXP_FS_NC_90d,Normal Concrete,90,Flexural Strength,False,4.489,18.7182,14.2292
TabPFN_Pretrained,V1_RAW,1,FS_NC_90d_083,EXP_FS_NC_90d,Normal Concrete,90,Flexural Strength,False,4.618,18.7182,14.1002
TabPFN_Pretrained,V1_RAW,1,FS_NC_90d_084,EXP_FS_NC_90d,Normal Concrete,90,Flexural Strength,False,5.26,18.7182,13.4582
TabPFN_Pretrained,V1_RAW,1,FS_NC_90d_085,EXP_FS_NC_90d,Normal Concrete,90,Flexural Strength,False,5.217,18.7182,13.5012
TabPFN_Pretrained,V1_RAW,1,FS_NC_90d_086,EXP_FS_NC_90d,Normal Concrete,90,Flexural Strength,False,4.65,18.7182,14.0682
TabPFN_Pretrained,V1_RAW,1,FS_NC_90d_087,EXP_FS_NC_90d,Normal Concrete,90,Flexural Strength,False,5.179,18.7182,13.5392
TabPFN_Pretrained,V1_RAW,1,FS_NC_90d_088,EXP_FS_NC_90d,Normal Concrete,90,Flexural Strength,False,4.671,18.7182,14.0472
TabPFN_Pretrained,V1_RAW,1,FS_NC_90d_089,EXP_FS_NC_90d,Normal Concrete,90,Flexural Strength,False,5.221,18.7182,13.4972
TabPFN_Pretrained,V1_RAW,1,FS_NC_90d_090,EXP_FS_NC_90d,Normal Concrete,90,Flexural Strength,False,4.794,18.7182,13.9242
TabPFN_Pretrained,V1_RAW,1,FS_NC_90d_091,EXP_FS_NC_90d,Normal Concrete,90,Flexural Strength,False,5.503,18.7182,13.2152
TabPFN_Pretrained,V1_RAW,1,FS_NC_90d_092,EXP_FS_NC_90d,Normal Concrete,90,Flexural Strength,False,5.123,18.7182,13.5952
TabPFN_Pretrained,V1_RAW,1,FS_NC_90d_093,EXP_FS_NC_90d,Normal Concrete,90,Flexural Strength,False,4.678,18.7182,14.0402
TabPFN_Pretrained,V1_RAW,1,FS_NC_90d_094,EXP_FS_NC_90d,Normal Concrete,90,Flexural Strength,False,4.606,18.7182,14.1122
TabPFN_Pretrained,V1_RAW,1,FS_NC_90d_095,EXP_FS_NC_90d,Normal Concrete,90,Flexural Strength,False,4.895,18.7182,13.8232
TabPFN_Pretrained,V1_RAW,1,FS_NC_90d_096,EXP_FS_NC_90d,Normal Concrete,90,Flexural Strength,False,5.091,18.7182,13.6272
TabPFN_Pretrained,V1_RAW,1,FS_NC_90d_097,EXP_FS_NC_90d,Normal Concrete,90,Flexural Strength,False,4.684,18.7182,14.0342
TabPFN_Pretrained,V1_RAW,1,FS_NC_90d_098,EXP_FS_NC_90d,Normal Concrete,90,Flexural Strength,False,5.061,18.7182,13.6572
TabPFN_Pretrained,V1_RAW,1,FS_NC_90d_099,EXP_FS_NC_90d,Normal Concrete,90,Flexural Strength,False,4.898,18.7182,13.8202
TabPFN_Pretrained,V1_RAW,1,FS_NC_90d_100,EXP_FS_NC_90d,Normal Concrete,90,Flexural Strength,False,4.345,18.7182,14.3732
TabPFN_Pretrained,V1_RAW,1,FS_BC_56d_001,EXP_FS_BC_56d,Bacterial Concrete,56,Flexural Strength,True,5.263,10.3972,5.1342
TabPFN_Pretrained,V1_RAW,1,FS_BC_56d_002,EXP_FS_BC_56d,Bacterial Concrete,56,Flexural Strength,True,5.395,10.3972,5.0022
TabPFN_Pretrained,V1_RAW,1,FS_BC_56d_003,EXP_FS_BC_56d,Bacterial Concrete,56,Flexural Strength,True,5.752,10.3972,4.6452
TabPFN_Pretrained,V1_RAW,1,FS_BC_56d_004,EXP_FS_BC_56d,Bacterial Concrete,56,Flexural Strength,True,5.725,10.3972,4.6722
TabPFN_Pretrained,V1_RAW,1,FS_BC_56d_005,EXP_FS_BC_56d,Bacterial Concrete,56,Flexural Strength,True,5.966,10.3972,4.4312
TabPFN_Pretrained,V1_RAW,1,FS_BC_56d_006,EXP_FS_BC_56d,Bacterial Concrete,56,Flexural Strength,True,5.526,10.3972,4.8712
TabPFN_Pretrained,V1_RAW,1,FS_BC_56d_007,EXP_FS_BC_56d,Bacterial Concrete,56,Flexural Strength,True,5.399,10.3972,4.9982
TabPFN_Pretrained,V1_RAW,1,FS_BC_56d_008,EXP_FS_BC_56d,Bacterial Concrete,56,Flexural Strength,True,5.401,10.3972,4.9962
TabPFN_Pretrained,V1_RAW,1,FS_BC_56d_009,EXP_FS_BC_56d,Bacterial Concrete,56,Flexural Strength,True,5.788,10.3972,4.6092
TabPFN_Pretrained,V1_RAW,1,FS_BC_56d_010,EXP_FS_BC_56d,Bacterial Concrete,56,Flexural Strength,True,5.727,10.3972,4.6702
TabPFN_Pretrained,V1_RAW,1,FS_BC_56d_011,EXP_FS_BC_56d,Bacterial Concrete,56,Flexural Strength,True,5.543,10.3972,4.8542
TabPFN_Pretrained,V1_RAW,1,FS_BC_56d_012,EXP_FS_BC_56d,Bacterial Concrete,56,Flexural Strength,True,5.484,10.3972,4.9132
TabPFN_Pretrained,V1_RAW,1,FS_BC_56d_013,EXP_FS_BC_56d,Bacterial Concrete,56,Flexural Strength,True,5.61,10.3972,4.7872
TabPFN_Pretrained,V1_RAW,1,FS_BC_56d_014,EXP_FS_BC_56d,Bacterial Concrete,56,Flexural Strength,True,5.308,10.3972,5.0892
TabPFN_Pretrained,V1_RAW,1,FS_BC_56d_015,EXP_FS_BC_56d,Bacterial Concrete,56,Flexural Strength,True,5.453,10.3972,4.9442
TabPFN_Pretrained,V1_RAW,1,FS_BC_56d_016,EXP_FS_BC_56d,Bacterial Concrete,56,Flexural Strength,True,5.64,10.3972,4.7572
TabPFN_Pretrained,V1_RAW,1,FS_BC_56d_017,EXP_FS_BC_56d,Bacterial Concrete,56,Flexural Strength,True,5.432,10.3972,4.9652
TabPFN_Pretrained,V1_RAW,1,FS_BC_56d_018,EXP_FS_BC_56d,Bacterial Concrete,56,Flexural Strength,True,5.719,10.3972,4.6782
TabPFN_Pretrained,V1_RAW,1,FS_BC_56d_019,EXP_FS_BC_56d,Bacterial Concrete,56,Flexural Strength,True,6.058,10.3972,4.3392
TabPFN_Pretrained,V1_RAW,1,FS_BC_56d_020,EXP_FS_BC_56d,Bacterial Concrete,56,Flexural Strength,True,5.47,10.3972,4.9272
TabPFN_Pretrained,V1_RAW,1,FS_BC_56d_021,EXP_FS_BC_56d,Bacterial Concrete,56,Flexural Strength,True,5.695,10.3972,4.7022
TabPFN_Pretrained,V1_RAW,1,FS_BC_56d_022,EXP_FS_BC_56d,Bacterial Concrete,56,Flexural Strength,True,5.202,10.3972,5.1952
TabPFN_Pretrained,V1_RAW,1,FS_BC_56d_023,EXP_FS_BC_56d,Bacterial Concrete,56,Flexural Strength,True,5.131,10.3972,5.2662
TabPFN_Pretrained,V1_RAW,1,FS_BC_56d_024,EXP_FS_BC_56d,Bacterial Concrete,56,Flexural Strength,True,5.479,10.3972,4.9182
TabPFN_Pretrained,V1_RAW,1,FS_BC_56d_025,EXP_FS_BC_56d,Bacterial Concrete,56,Flexural Strength,True,5.74,10.3972,4.6572
TabPFN_Pretrained,V1_RAW,1,FS_BC_56d_026,EXP_FS_BC_56d,Bacterial Concrete,56,Flexural Strength,True,5.343,10.3972,5.0542
TabPFN_Pretrained,V1_RAW,1,FS_BC_56d_027,EXP_FS_BC_56d,Bacterial Concrete,56,Flexural Strength,True,5.248,10.3972,5.1492
TabPFN_Pretrained,V1_RAW,1,FS_BC_56d_028,EXP_FS_BC_56d,Bacterial Concrete,56,Flexural Strength,True,5.318,10.3972,5.0792
TabPFN_Pretrained,V1_RAW,1,FS_BC_56d_029,EXP_FS_BC_56d,Bacterial Concrete,56,Flexural Strength,True,5.701,10.3972,4.6962
TabPFN_Pretrained,V1_RAW,1,FS_BC_56d_030,EXP_FS_BC_56d,Bacterial Concrete,56,Flexural Strength,True,5.609,10.3972,4.7882
TabPFN_Pretrained,V1_RAW,1,FS_BC_56d_031,EXP_FS_BC_56d,Bacterial Concrete,56,Flexural Strength,True,5.879,10.3972,4.5182
TabPFN_Pretrained,V1_RAW,1,FS_BC_56d_032,EXP_FS_BC_56d,Bacterial Concrete,56,Flexural Strength,True,5.633,10.3972,4.7642
TabPFN_Pretrained,V1_RAW,1,FS_BC_56d_033,EXP_FS_BC_56d,Bacterial Concrete,56,Flexural Strength,True,5.12,10.3972,5.2772
TabPFN_Pretrained,V1_RAW,1,FS_BC_56d_034,EXP_FS_BC_56d,Bacterial Concrete,56,Flexural Strength,True,5.09,10.3972,5.3072
TabPFN_Pretrained,V1_RAW,1,FS_BC_56d_035,EXP_FS_BC_56d,Bacterial Concrete,56,Flexural Strength,True,5.504,10.3972,4.8932
TabPFN_Pretrained,V1_RAW,1,FS_BC_56d_036,EXP_FS_BC_56d,Bacterial Concrete,56,Flexural Strength,True,5.709,10.3972,4.6882
TabPFN_Pretrained,V1_RAW,1,FS_BC_56d_037,EXP_FS_BC_56d,Bacterial Concrete,56,Flexural Strength,True,5.659,10.3972,4.7382
TabPFN_Pretrained,V1_RAW,1,FS_BC_56d_038,EXP_FS_BC_56d,Bacterial Concrete,56,Flexural Strength,True,5.577,10.3972,4.8202
TabPFN_Pretrained,V1_RAW,1,FS_BC_56d_039,EXP_FS_BC_56d,Bacterial Concrete,56,Flexural Strength,True,5.93,10.3972,4.4672
TabPFN_Pretrained,V1_RAW,1,FS_BC_56d_040,EXP_FS_BC_56d,Bacterial Concrete,56,Flexural Strength,True,5.727,10.3972,4.6702
TabPFN_Pretrained,V1_RAW,1,FS_BC_56d_041,EXP_FS_BC_56d,Bacterial Concrete,56,Flexural Strength,True,5.554,10.3972,4.8432
TabPFN_Pretrained,V1_RAW,1,FS_BC_56d_042,EXP_FS_BC_56d,Bacterial Concrete,56,Flexural Strength,True,5.647,10.3972,4.7502
TabPFN_Pretrained,V1_RAW,1,FS_BC_56d_043,EXP_FS_BC_56d,Bacterial Concrete,56,Flexural Strength,True,5.685,10.3972,4.7122
TabPFN_Pretrained,V1_RAW,1,FS_BC_56d_044,EXP_FS_BC_56d,Bacterial Concrete,56,Flexural Strength,True,5.421,10.3972,4.9762
TabPFN_Pretrained,V1_RAW,1,FS_BC_56d_045,EXP_FS_BC_56d,Bacterial Concrete,56,Flexural Strength,True,5.379,10.3972,5.0182
TabPFN_Pretrained,V1_RAW,1,FS_BC_56d_046,EXP_FS_BC_56d,Bacterial Concrete,56,Flexural Strength,True,5.163,10.3972,5.2342
TabPFN_Pretrained,V1_RAW,1,FS_BC_56d_047,EXP_FS_BC_56d,Bacterial Concrete,56,Flexural Strength,True,5.645,10.3972,4.7522
TabPFN_Pretrained,V1_RAW,1,FS_BC_56d_048,EXP_FS_BC_56d,Bacterial Concrete,56,Flexural Strength,True,5.448,10.3972,4.9492
TabPFN_Pretrained,V1_RAW,1,FS_BC_56d_049,EXP_FS_BC_56d,Bacterial Concrete,56,Flexural Strength,True,5.191,10.3972,5.2062
TabPFN_Pretrained,V1_RAW,1,FS_BC_56d_050,EXP_FS_BC_56d,Bacterial Concrete,56,Flexural Strength,True,5.816,10.3972,4.5812
TabPFN_Pretrained,V1_RAW,1,FS_BC_56d_051,EXP_FS_BC_56d,Bacterial Concrete,56,Flexural Strength,True,5.222,10.3972,5.1752
TabPFN_Pretrained,V1_RAW,1,FS_BC_56d_052,EXP_FS_BC_56d,Bacterial Concrete,56,Flexural Strength,True,5.407,10.3972,4.9902
TabPFN_Pretrained,V1_RAW,1,FS_BC_56d_053,EXP_FS_BC_56d,Bacterial Concrete,56,Flexural Strength,True,5.241,10.3972,5.1562
TabPFN_Pretrained,V1_RAW,1,FS_BC_56d_054,EXP_FS_BC_56d,Bacterial Concrete,56,Flexural Strength,True,5.835,10.3972,4.5622
TabPFN_Pretrained,V1_RAW,1,FS_BC_56d_055,EXP_FS_BC_56d,Bacterial Concrete,56,Flexural Strength,True,5.547,10.3972,4.8502
TabPFN_Pretrained,V1_RAW,1,FS_BC_56d_056,EXP_FS_BC_56d,Bacterial Concrete,56,Flexural Strength,True,5.973,10.3972,4.4242
TabPFN_Pretrained,V1_RAW,1,FS_BC_56d_057,EXP_FS_BC_56d,Bacterial Concrete,56,Flexural Strength,True,5.593,10.3972,4.8042
TabPFN_Pretrained,V1_RAW,1,FS_BC_56d_058,EXP_FS_BC_56d,Bacterial Concrete,56,Flexural Strength,True,5.354,10.3972,5.0432
TabPFN_Pretrained,V1_RAW,1,FS_BC_56d_059,EXP_FS_BC_56d,Bacterial Concrete,56,Flexural Strength,True,5.405,10.3972,4.9922
TabPFN_Pretrained,V1_RAW,1,FS_BC_56d_060,EXP_FS_BC_56d,Bacterial Concrete,56,Flexural Strength,True,5.593,10.3972,4.8042
TabPFN_Pretrained,V1_RAW,1,FS_BC_56d_061,EXP_FS_BC_56d,Bacterial Concrete,56,Flexural Strength,True,5.524,10.3972,4.8732
TabPFN_Pretrained,V1_RAW,1,FS_BC_56d_062,EXP_FS_BC_56d,Bacterial Concrete,56,Flexural Strength,True,5.812,10.3972,4.5852
TabPFN_Pretrained,V1_RAW,1,FS_BC_56d_063,EXP_FS_BC_56d,Bacterial Concrete,56,Flexural Strength,True,5.364,10.3972,5.0332
TabPFN_Pretrained,V1_RAW,1,FS_BC_56d_064,EXP_FS_BC_56d,Bacterial Concrete,56,Flexural Strength,True,5.224,10.3972,5.1732
TabPFN_Pretrained,V1_RAW,1,FS_BC_56d_065,EXP_FS_BC_56d,Bacterial Concrete,56,Flexural Strength,True,6.172,10.3972,4.2252
TabPFN_Pretrained,V1_RAW,1,FS_BC_56d_066,EXP_FS_BC_56d,Bacterial Concrete,56,Flexural Strength,True,5.242,10.3972,5.1552
TabPFN_Pretrained,V1_RAW,1,FS_BC_56d_067,EXP_FS_BC_56d,Bacterial Concrete,56,Flexural Strength,True,5.392,10.3972,5.0052
TabPFN_Pretrained,V1_RAW,1,FS_BC_56d_068,EXP_FS_BC_56d,Bacterial Concrete,56,Flexural Strength,True,5.709,10.3972,4.6882
TabPFN_Pretrained,V1_RAW,1,FS_BC_56d_069,EXP_FS_BC_56d,Bacterial Concrete,56,Flexural Strength,True,5.378,10.3972,5.0192
TabPFN_Pretrained,V1_RAW,1,FS_BC_56d_070,EXP_FS_BC_56d,Bacterial Concrete,56,Flexural Strength,True,5.473,10.3972,4.9242
TabPFN_Pretrained,V1_RAW,1,FS_BC_56d_071,EXP_FS_BC_56d,Bacterial Concrete,56,Flexural Strength,True,5.777,10.3972,4.6202
TabPFN_Pretrained,V1_RAW,1,FS_BC_56d_072,EXP_FS_BC_56d,Bacterial Concrete,56,Flexural Strength,True,4.918,10.3972,5.4792
TabPFN_Pretrained,V1_RAW,1,FS_BC_56d_073,EXP_FS_BC_56d,Bacterial Concrete,56,Flexural Strength,True,5.166,10.3972,5.2312
TabPFN_Pretrained,V1_RAW,1,FS_BC_56d_074,EXP_FS_BC_56d,Bacterial Concrete,56,Flexural Strength,True,5.389,10.3972,5.0082
TabPFN_Pretrained,V1_RAW,1,FS_BC_56d_075,EXP_FS_BC_56d,Bacterial Concrete,56,Flexural Strength,True,5.17,10.3972,5.2272
TabPFN_Pretrained,V1_RAW,1,FS_BC_56d_076,EXP_FS_BC_56d,Bacterial Concrete,56,Flexural Strength,True,5.503,10.3972,4.8942
TabPFN_Pretrained,V1_RAW,1,FS_BC_56d_077,EXP_FS_BC_56d,Bacterial Concrete,56,Flexural Strength,True,5.689,10.3972,4.7082
TabPFN_Pretrained,V1_RAW,1,FS_BC_56d_078,EXP_FS_BC_56d,Bacterial Concrete,56,Flexural Strength,True,5.987,10.3972,4.4102
TabPFN_Pretrained,V1_RAW,1,FS_BC_56d_079,EXP_FS_BC_56d,Bacterial Concrete,56,Flexural Strength,True,5.415,10.3972,4.9822
TabPFN_Pretrained,V1_RAW,1,FS_BC_56d_080,EXP_FS_BC_56d,Bacterial Concrete,56,Flexural Strength,True,5.855,10.3972,4.5422
TabPFN_Pretrained,V1_RAW,1,FS_BC_56d_081,EXP_FS_BC_56d,Bacterial Concrete,56,Flexural Strength,True,6.089,10.3972,4.3082
TabPFN_Pretrained,V1_RAW,1,FS_BC_56d_082,EXP_FS_BC_56d,Bacterial Concrete,56,Flexural Strength,True,5.619,10.3972,4.7782
TabPFN_Pretrained,V1_RAW,1,FS_BC_56d_083,EXP_FS_BC_56d,Bacterial Concrete,56,Flexural Strength,True,5.219,10.3972,5.1782
TabPFN_Pretrained,V1_RAW,1,FS_BC_56d_084,EXP_FS_BC_56d,Bacterial Concrete,56,Flexural Strength,True,5.129,10.3972,5.2682
TabPFN_Pretrained,V1_RAW,1,FS_BC_56d_085,EXP_FS_BC_56d,Bacterial Concrete,56,Flexural Strength,True,5.349,10.3972,5.0482
TabPFN_Pretrained,V1_RAW,1,FS_BC_56d_086,EXP_FS_BC_56d,Bacterial Concrete,56,Flexural Strength,True,5.739,10.3972,4.6582
TabPFN_Pretrained,V1_RAW,1,FS_BC_56d_087,EXP_FS_BC_56d,Bacterial Concrete,56,Flexural Strength,True,5.882,10.3972,4.5152
TabPFN_Pretrained,V1_RAW,1,FS_BC_56d_088,EXP_FS_BC_56d,Bacterial Concrete,56,Flexural Strength,True,5.548,10.3972,4.8492
TabPFN_Pretrained,V1_RAW,1,FS_BC_56d_089,EXP_FS_BC_56d,Bacterial Concrete,56,Flexural Strength,True,5.713,10.3972,4.6842
TabPFN_Pretrained,V1_RAW,1,FS_BC_56d_090,EXP_FS_BC_56d,Bacterial Concrete,56,Flexural Strength,True,5.721,10.3972,4.6762
TabPFN_Pretrained,V1_RAW,1,FS_BC_56d_091,EXP_FS_BC_56d,Bacterial Concrete,56,Flexural Strength,True,5.662,10.3972,4.7352
TabPFN_Pretrained,V1_RAW,1,FS_BC_56d_092,EXP_FS_BC_56d,Bacterial Concrete,56,Flexural Strength,True,5.434,10.3972,4.9632
TabPFN_Pretrained,V1_RAW,1,FS_BC_56d_093,EXP_FS_BC_56d,Bacterial Concrete,56,Flexural Strength,True,5.413,10.3972,4.9842
TabPFN_Pretrained,V1_RAW,1,FS_BC_56d_094,EXP_FS_BC_56d,Bacterial Concrete,56,Flexural Strength,True,5.328,10.3972,5.0692
TabPFN_Pretrained,V1_RAW,1,FS_BC_56d_095,EXP_FS_BC_56d,Bacterial Concrete,56,Flexural Strength,True,5.522,10.3972,4.8752
TabPFN_Pretrained,V1_RAW,1,FS_BC_56d_096,EXP_FS_BC_56d,Bacterial Concrete,56,Flexural Strength,True,5.637,10.3972,4.7602
TabPFN_Pretrained,V1_RAW,1,FS_BC_56d_097,EXP_FS_BC_56d,Bacterial Concrete,56,Flexural Strength,True,5.398,10.3972,4.9992
TabPFN_Pretrained,V1_RAW,1,FS_BC_56d_098,EXP_FS_BC_56d,Bacterial Concrete,56,Flexural Strength,True,5.622,10.3972,4.7752
TabPFN_Pretrained,V1_RAW,1,FS_BC_56d_099,EXP_FS_BC_56d,Bacterial Concrete,56,Flexural Strength,True,5.363,10.3972,5.0342
TabPFN_Pretrained,V1_RAW,1,FS_BC_56d_100,EXP_FS_BC_56d,Bacterial Concrete,56,Flexural Strength,True,5.413,10.3972,4.9842
TabPFN_Pretrained,V1_RAW,1,TS_NC_90d_001,EXP_TS_NC_90d,Normal Concrete,90,Split Tensile Strength,False,3.213,3.5234,0.3104
TabPFN_Pretrained,V1_RAW,1,TS_NC_90d_002,EXP_TS_NC_90d,Normal Concrete,90,Split Tensile Strength,False,3.11,3.5234,0.4134
TabPFN_Pretrained,V1_RAW,1,TS_NC_90d_003,EXP_TS_NC_90d,Normal Concrete,90,Split Tensile Strength,False,3.06,3.5234,0.4634
TabPFN_Pretrained,V1_RAW,1,TS_NC_90d_004,EXP_TS_NC_90d,Normal Concrete,90,Split Tensile Strength,False,3.239,3.5234,0.2844
TabPFN_Pretrained,V1_RAW,1,TS_NC_90d_005,EXP_TS_NC_90d,Normal Concrete,90,Split Tensile Strength,False,3.289,3.5234,0.2344
TabPFN_Pretrained,V1_RAW,1,TS_NC_90d_006,EXP_TS_NC_90d,Normal Concrete,90,Split Tensile Strength,False,3.301,3.5234,0.2224
TabPFN_Pretrained,V1_RAW,1,TS_NC_90d_007,EXP_TS_NC_90d,Normal Concrete,90,Split Tensile Strength,False,2.951,3.5234,0.5724
TabPFN_Pretrained,V1_RAW,1,TS_NC_90d_008,EXP_TS_NC_90d,Normal Concrete,90,Split Tensile Strength,False,3.02,3.5234,0.5034
TabPFN_Pretrained,V1_RAW,1,TS_NC_90d_009,EXP_TS_NC_90d,Normal Concrete,90,Split Tensile Strength,False,2.845,3.5234,0.6784
TabPFN_Pretrained,V1_RAW,1,TS_NC_90d_010,EXP_TS_NC_90d,Normal Concrete,90,Split Tensile Strength,False,3.064,3.5234,0.4594
TabPFN_Pretrained,V1_RAW,1,TS_NC_90d_011,EXP_TS_NC_90d,Normal Concrete,90,Split Tensile Strength,False,3.162,3.5234,0.3614
TabPFN_Pretrained,V1_RAW,1,TS_NC_90d_012,EXP_TS_NC_90d,Normal Concrete,90,Split Tensile Strength,False,3.08,3.5234,0.4434
TabPFN_Pretrained,V1_RAW,1,TS_NC_90d_013,EXP_TS_NC_90d,Normal Concrete,90,Split Tensile Strength,False,3.39,3.5234,0.1334
TabPFN_Pretrained,V1_RAW,1,TS_NC_90d_014,EXP_TS_NC_90d,Normal Concrete,90,Split Tensile Strength,False,3.039,3.5234,0.4844
TabPFN_Pretrained,V1_RAW,1,TS_NC_90d_015,EXP_TS_NC_90d,Normal Concrete,90,Split Tensile Strength,False,2.937,3.5234,0.5864
TabPFN_Pretrained,V1_RAW,1,TS_NC_90d_016,EXP_TS_NC_90d,Normal Concrete,90,Split Tensile Strength,False,3.185,3.5234,0.3384
TabPFN_Pretrained,V1_RAW,1,TS_NC_90d_017,EXP_TS_NC_90d,Normal Concrete,90,Split Tensile Strength,False,3.122,3.5234,0.4014
TabPFN_Pretrained,V1_RAW,1,TS_NC_90d_018,EXP_TS_NC_90d,Normal Concrete,90,Split Tensile Strength,False,3.182,3.5234,0.3414
TabPFN_Pretrained,V1_RAW,1,TS_NC_90d_019,EXP_TS_NC_90d,Normal Concrete,90,Split Tensile Strength,False,3.146,3.5234,0.3774
TabPFN_Pretrained,V1_RAW,1,TS_NC_90d_020,EXP_TS_NC_90d,Normal Concrete,90,Split Tensile Strength,False,3.137,3.5234,0.3864
TabPFN_Pretrained,V1_RAW,1,TS_NC_90d_021,EXP_TS_NC_90d,Normal Concrete,90,Split Tensile Strength,False,2.782,3.5234,0.7414
TabPFN_Pretrained,V1_RAW,1,TS_NC_90d_022,EXP_TS_NC_90d,Normal Concrete,90,Split Tensile Strength,False,2.991,3.5234,0.5324
TabPFN_Pretrained,V1_RAW,1,TS_NC_90d_023,EXP_TS_NC_90d,Normal Concrete,90,Split Tensile Strength,False,3.011,3.5234,0.5124
TabPFN_Pretrained,V1_RAW,1,TS_NC_90d_024,EXP_TS_NC_90d,Normal Concrete,90,Split Tensile Strength,False,3.048,3.5234,0.4754
TabPFN_Pretrained,V1_RAW,1,TS_NC_90d_025,EXP_TS_NC_90d,Normal Concrete,90,Split Tensile Strength,False,3.033,3.5234,0.4904
TabPFN_Pretrained,V1_RAW,1,TS_NC_90d_026,EXP_TS_NC_90d,Normal Concrete,90,Split Tensile Strength,False,3.162,3.5234,0.3614
TabPFN_Pretrained,V1_RAW,1,TS_NC_90d_027,EXP_TS_NC_90d,Normal Concrete,90,Split Tensile Strength,False,3.19,3.5234,0.3334
TabPFN_Pretrained,V1_RAW,1,TS_NC_90d_028,EXP_TS_NC_90d,Normal Concrete,90,Split Tensile Strength,False,2.93,3.5234,0.5934
TabPFN_Pretrained,V1_RAW,1,TS_NC_90d_029,EXP_TS_NC_90d,Normal Concrete,90,Split Tensile Strength,False,3.203,3.5234,0.3204
TabPFN_Pretrained,V1_RAW,1,TS_NC_90d_030,EXP_TS_NC_90d,Normal Concrete,90,Split Tensile Strength,False,3.188,3.5234,0.3354
TabPFN_Pretrained,V1_RAW,1,TS_NC_90d_031,EXP_TS_NC_90d,Normal Concrete,90,Split Tensile Strength,False,3.17,3.5234,0.3534
TabPFN_Pretrained,V1_RAW,1,TS_NC_90d_032,EXP_TS_NC_90d,Normal Concrete,90,Split Tensile Strength,False,2.887,3.5234,0.6364
TabPFN_Pretrained,V1_RAW,1,TS_NC_90d_033,EXP_TS_NC_90d,Normal Concrete,90,Split Tensile Strength,False,3.166,3.5234,0.3574
TabPFN_Pretrained,V1_RAW,1,TS_NC_90d_034,EXP_TS_NC_90d,Normal Concrete,90,Split Tensile Strength,False,3.112,3.5234,0.4114
TabPFN_Pretrained,V1_RAW,1,TS_NC_90d_035,EXP_TS_NC_90d,Normal Concrete,90,Split Tensile Strength,False,3.244,3.5234,0.2794
TabPFN_Pretrained,V1_RAW,1,TS_NC_90d_036,EXP_TS_NC_90d,Normal Concrete,90,Split Tensile Strength,False,3.368,3.5234,0.1554
TabPFN_Pretrained,V1_RAW,1,TS_NC_90d_037,EXP_TS_NC_90d,Normal Concrete,90,Split Tensile Strength,False,3.338,3.5234,0.1854
TabPFN_Pretrained,V1_RAW,1,TS_NC_90d_038,EXP_TS_NC_90d,Normal Concrete,90,Split Tensile Strength,False,3.117,3.5234,0.4064
TabPFN_Pretrained,V1_RAW,1,TS_NC_90d_039,EXP_TS_NC_90d,Normal Concrete,90,Split Tensile Strength,False,3.1,3.5234,0.4234
TabPFN_Pretrained,V1_RAW,1,TS_NC_90d_040,EXP_TS_NC_90d,Normal Concrete,90,Split Tensile Strength,False,3.195,3.5234,0.3284
TabPFN_Pretrained,V1_RAW,1,TS_NC_90d_041,EXP_TS_NC_90d,Normal Concrete,90,Split Tensile Strength,False,2.933,3.5234,0.5904
TabPFN_Pretrained,V1_RAW,1,TS_NC_90d_042,EXP_TS_NC_90d,Normal Concrete,90,Split Tensile Strength,False,2.882,3.5234,0.6414
TabPFN_Pretrained,V1_RAW,1,TS_NC_90d_043,EXP_TS_NC_90d,Normal Concrete,90,Split Tensile Strength,False,3.029,3.5234,0.4944
TabPFN_Pretrained,V1_RAW,1,TS_NC_90d_044,EXP_TS_NC_90d,Normal Concrete,90,Split Tensile Strength,False,3.283,3.5234,0.2404
TabPFN_Pretrained,V1_RAW,1,TS_NC_90d_045,EXP_TS_NC_90d,Normal Concrete,90,Split Tensile Strength,False,3.05,3.5234,0.4734
TabPFN_Pretrained,V1_RAW,1,TS_NC_90d_046,EXP_TS_NC_90d,Normal Concrete,90,Split Tensile Strength,False,3.325,3.5234,0.1984
TabPFN_Pretrained,V1_RAW,1,TS_NC_90d_047,EXP_TS_NC_90d,Normal Concrete,90,Split Tensile Strength,False,2.682,3.5234,0.8414
TabPFN_Pretrained,V1_RAW,1,TS_NC_90d_048,EXP_TS_NC_90d,Normal Concrete,90,Split Tensile Strength,False,2.862,3.5234,0.6614
TabPFN_Pretrained,V1_RAW,1,TS_NC_90d_049,EXP_TS_NC_90d,Normal Concrete,90,Split Tensile Strength,False,3.081,3.5234,0.4424
TabPFN_Pretrained,V1_RAW,1,TS_NC_90d_050,EXP_TS_NC_90d,Normal Concrete,90,Split Tensile Strength,False,3.233,3.5234,0.2904
TabPFN_Pretrained,V1_RAW,1,TS_NC_90d_051,EXP_TS_NC_90d,Normal Concrete,90,Split Tensile Strength,False,3.09,3.5234,0.4334
TabPFN_Pretrained,V1_RAW,1,TS_NC_90d_052,EXP_TS_NC_90d,Normal Concrete,90,Split Tensile Strength,False,3.086,3.5234,0.4374
TabPFN_Pretrained,V1_RAW,1,TS_NC_90d_053,EXP_TS_NC_90d,Normal Concrete,90,Split Tensile Strength,False,3.082,3.5234,0.4414
TabPFN_Pretrained,V1_RAW,1,TS_NC_90d_054,EXP_TS_NC_90d,Normal Concrete,90,Split Tensile Strength,False,2.836,3.5234,0.6874
TabPFN_Pretrained,V1_RAW,1,TS_NC_90d_055,EXP_TS_NC_90d,Normal Concrete,90,Split Tensile Strength,False,3.274,3.5234,0.2494
TabPFN_Pretrained,V1_RAW,1,TS_NC_90d_056,EXP_TS_NC_90d,Normal Concrete,90,Split Tensile Strength,False,2.998,3.5234,0.5254
TabPFN_Pretrained,V1_RAW,1,TS_NC_90d_057,EXP_TS_NC_90d,Normal Concrete,90,Split Tensile Strength,False,3.263,3.5234,0.2604
TabPFN_Pretrained,V1_RAW,1,TS_NC_90d_058,EXP_TS_NC_90d,Normal Concrete,90,Split Tensile Strength,False,3.089,3.5234,0.4344
TabPFN_Pretrained,V1_RAW,1,TS_NC_90d_059,EXP_TS_NC_90d,Normal Concrete,90,Split Tensile Strength,False,3.26,3.5234,0.2634
TabPFN_Pretrained,V1_RAW,1,TS_NC_90d_060,EXP_TS_NC_90d,Normal Concrete,90,Split Tensile Strength,False,3.151,3.5234,0.3724
TabPFN_Pretrained,V1_RAW,1,TS_NC_90d_061,EXP_TS_NC_90d,Normal Concrete,90,Split Tensile Strength,False,3.084,3.5234,0.4394
TabPFN_Pretrained,V1_RAW,1,TS_NC_90d_062,EXP_TS_NC_90d,Normal Concrete,90,Split Tensile Strength,False,3.134,3.5234,0.3894
TabPFN_Pretrained,V1_RAW,1,TS_NC_90d_063,EXP_TS_NC_90d,Normal Concrete,90,Split Tensile Strength,False,2.879,3.5234,0.6444
TabPFN_Pretrained,V1_RAW,1,TS_NC_90d_064,EXP_TS_NC_90d,Normal Concrete,90,Split Tensile Strength,False,3.101,3.5234,0.4224
TabPFN_Pretrained,V1_RAW,1,TS_NC_90d_065,EXP_TS_NC_90d,Normal Concrete,90,Split Tensile Strength,False,3.357,3.5234,0.1664
TabPFN_Pretrained,V1_RAW,1,TS_NC_90d_066,EXP_TS_NC_90d,Normal Concrete,90,Split Tensile Strength,False,3.296,3.5234,0.2274
TabPFN_Pretrained,V1_RAW,1,TS_NC_90d_067,EXP_TS_NC_90d,Normal Concrete,90,Split Tensile Strength,False,2.952,3.5234,0.5714
TabPFN_Pretrained,V1_RAW,1,TS_NC_90d_068,EXP_TS_NC_90d,Normal Concrete,90,Split Tensile Strength,False,3.176,3.5234,0.3474
TabPFN_Pretrained,V1_RAW,1,TS_NC_90d_069,EXP_TS_NC_90d,Normal Concrete,90,Split Tensile Strength,False,3.137,3.5234,0.3864
TabPFN_Pretrained,V1_RAW,1,TS_NC_90d_070,EXP_TS_NC_90d,Normal Concrete,90,Split Tensile Strength,False,3.223,3.5234,0.3004
TabPFN_Pretrained,V1_RAW,1,TS_NC_90d_071,EXP_TS_NC_90d,Normal Concrete,90,Split Tensile Strength,False,3.114,3.5234,0.4094
TabPFN_Pretrained,V1_RAW,1,TS_NC_90d_072,EXP_TS_NC_90d,Normal Concrete,90,Split Tensile Strength,False,3.065,3.5234,0.4584
TabPFN_Pretrained,V1_RAW,1,TS_NC_90d_073,EXP_TS_NC_90d,Normal Concrete,90,Split Tensile Strength,False,3.3,3.5234,0.2234
TabPFN_Pretrained,V1_RAW,1,TS_NC_90d_074,EXP_TS_NC_90d,Normal Concrete,90,Split Tensile Strength,False,3.132,3.5234,0.3914
TabPFN_Pretrained,V1_RAW,1,TS_NC_90d_075,EXP_TS_NC_90d,Normal Concrete,90,Split Tensile Strength,False,3.288,3.5234,0.2354
TabPFN_Pretrained,V1_RAW,1,TS_NC_90d_076,EXP_TS_NC_90d,Normal Concrete,90,Split Tensile Strength,False,3.246,3.5234,0.2774
TabPFN_Pretrained,V1_RAW,1,TS_NC_90d_077,EXP_TS_NC_90d,Normal Concrete,90,Split Tensile Strength,False,3.051,3.5234,0.4724
TabPFN_Pretrained,V1_RAW,1,TS_NC_90d_078,EXP_TS_NC_90d,Normal Concrete,90,Split Tensile Strength,False,3.075,3.5234,0.4484
TabPFN_Pretrained,V1_RAW,1,TS_NC_90d_079,EXP_TS_NC_90d,Normal Concrete,90,Split Tensile Strength,False,3.389,3.5234,0.1344
TabPFN_Pretrained,V1_RAW,1,TS_NC_90d_080,EXP_TS_NC_90d,Normal Concrete,90,Split Tensile Strength,False,3.129,3.5234,0.3944
TabPFN_Pretrained,V1_RAW,1,TS_NC_90d_081,EXP_TS_NC_90d,Normal Concrete,90,Split Tensile Strength,False,2.986,3.5234,0.5374
TabPFN_Pretrained,V1_RAW,1,TS_NC_90d_082,EXP_TS_NC_90d,Normal Concrete,90,Split Tensile Strength,False,2.92,3.5234,0.6034
TabPFN_Pretrained,V1_RAW,1,TS_NC_90d_083,EXP_TS_NC_90d,Normal Concrete,90,Split Tensile Strength,False,3.246,3.5234,0.2774
TabPFN_Pretrained,V1_RAW,1,TS_NC_90d_084,EXP_TS_NC_90d,Normal Concrete,90,Split Tensile Strength,False,3.124,3.5234,0.3994
TabPFN_Pretrained,V1_RAW,1,TS_NC_90d_085,EXP_TS_NC_90d,Normal Concrete,90,Split Tensile Strength,False,2.981,3.5234,0.5424
TabPFN_Pretrained,V1_RAW,1,TS_NC_90d_086,EXP_TS_NC_90d,Normal Concrete,90,Split Tensile Strength,False,3.201,3.5234,0.3224
TabPFN_Pretrained,V1_RAW,1,TS_NC_90d_087,EXP_TS_NC_90d,Normal Concrete,90,Split Tensile Strength,False,3.124,3.5234,0.3994
TabPFN_Pretrained,V1_RAW,1,TS_NC_90d_088,EXP_TS_NC_90d,Normal Concrete,90,Split Tensile Strength,False,2.851,3.5234,0.6724
TabPFN_Pretrained,V1_RAW,1,TS_NC_90d_089,EXP_TS_NC_90d,Normal Concrete,90,Split Tensile Strength,False,3.188,3.5234,0.3354
TabPFN_Pretrained,V1_RAW,1,TS_NC_90d_090,EXP_TS_NC_90d,Normal Concrete,90,Split Tensile Strength,False,3.3,3.5234,0.2234
TabPFN_Pretrained,V1_RAW,1,TS_NC_90d_091,EXP_TS_NC_90d,Normal Concrete,90,Split Tensile Strength,False,3.484,3.5234,0.0394
TabPFN_Pretrained,V1_RAW,1,TS_NC_90d_092,EXP_TS_NC_90d,Normal Concrete,90,Split Tensile Strength,False,3.105,3.5234,0.4184
TabPFN_Pretrained,V1_RAW,1,TS_NC_90d_093,EXP_TS_NC_90d,Normal Concrete,90,Split Tensile Strength,False,3.135,3.5234,0.3884
TabPFN_Pretrained,V1_RAW,1,TS_NC_90d_094,EXP_TS_NC_90d,Normal Concrete,90,Split Tensile Strength,False,3.341,3.5234,0.1824
TabPFN_Pretrained,V1_RAW,1,TS_NC_90d_095,EXP_TS_NC_90d,Normal Concrete,90,Split Tensile Strength,False,3.125,3.5234,0.3984
TabPFN_Pretrained,V1_RAW,1,TS_NC_90d_096,EXP_TS_NC_90d,Normal Concrete,90,Split Tensile Strength,False,3.141,3.5234,0.3824
TabPFN_Pretrained,V1_RAW,1,TS_NC_90d_097,EXP_TS_NC_90d,Normal Concrete,90,Split Tensile Strength,False,3.005,3.5234,0.5184
TabPFN_Pretrained,V1_RAW,1,TS_NC_90d_098,EXP_TS_NC_90d,Normal Concrete,90,Split Tensile Strength,False,2.891,3.5234,0.6324
TabPFN_Pretrained,V1_RAW,1,TS_NC_90d_099,EXP_TS_NC_90d,Normal Concrete,90,Split Tensile Strength,False,3.237,3.5234,0.2864
TabPFN_Pretrained,V1_RAW,1,TS_NC_90d_100,EXP_TS_NC_90d,Normal Concrete,90,Split Tensile Strength,False,2.909,3.5234,0.6144
TabPFN_Pretrained,V1_RAW,1,TS_BC_56d_001,EXP_TS_BC_56d,Bacterial Concrete,56,Split Tensile Strength,False,3.388,5.1341,1.7461
TabPFN_Pretrained,V1_RAW,1,TS_BC_56d_002,EXP_TS_BC_56d,Bacterial Concrete,56,Split Tensile Strength,False,3.585,5.1341,1.5491
TabPFN_Pretrained,V1_RAW,1,TS_BC_56d_003,EXP_TS_BC_56d,Bacterial Concrete,56,Split Tensile Strength,False,3.608,5.1341,1.5261
TabPFN_Pretrained,V1_RAW,1,TS_BC_56d_004,EXP_TS_BC_56d,Bacterial Concrete,56,Split Tensile Strength,False,3.35,5.1341,1.7841
TabPFN_Pretrained,V1_RAW,1,TS_BC_56d_005,EXP_TS_BC_56d,Bacterial Concrete,56,Split Tensile Strength,False,3.571,5.1341,1.5631
TabPFN_Pretrained,V1_RAW,1,TS_BC_56d_006,EXP_TS_BC_56d,Bacterial Concrete,56,Split Tensile Strength,False,3.22,5.1341,1.9141
TabPFN_Pretrained,V1_RAW,1,TS_BC_56d_007,EXP_TS_BC_56d,Bacterial Concrete,56,Split Tensile Strength,False,3.47,5.1341,1.6641
TabPFN_Pretrained,V1_RAW,1,TS_BC_56d_008,EXP_TS_BC_56d,Bacterial Concrete,56,Split Tensile Strength,False,3.33,5.1341,1.8041
TabPFN_Pretrained,V1_RAW,1,TS_BC_56d_009,EXP_TS_BC_56d,Bacterial Concrete,56,Split Tensile Strength,False,3.379,5.1341,1.7551
TabPFN_Pretrained,V1_RAW,1,TS_BC_56d_010,EXP_TS_BC_56d,Bacterial Concrete,56,Split Tensile Strength,False,3.309,5.1341,1.8251
TabPFN_Pretrained,V1_RAW,1,TS_BC_56d_011,EXP_TS_BC_56d,Bacterial Concrete,56,Split Tensile Strength,False,3.583,5.1341,1.5511
TabPFN_Pretrained,V1_RAW,1,TS_BC_56d_012,EXP_TS_BC_56d,Bacterial Concrete,56,Split Tensile Strength,False,3.583,5.1341,1.5511
TabPFN_Pretrained,V1_RAW,1,TS_BC_56d_013,EXP_TS_BC_56d,Bacterial Concrete,56,Split Tensile Strength,False,3.396,5.1341,1.7381
TabPFN_Pretrained,V1_RAW,1,TS_BC_56d_014,EXP_TS_BC_56d,Bacterial Concrete,56,Split Tensile Strength,False,3.556,5.1341,1.5781
TabPFN_Pretrained,V1_RAW,1,TS_BC_56d_015,EXP_TS_BC_56d,Bacterial Concrete,56,Split Tensile Strength,False,3.539,5.1341,1.5951
TabPFN_Pretrained,V1_RAW,1,TS_BC_56d_016,EXP_TS_BC_56d,Bacterial Concrete,56,Split Tensile Strength,False,3.481,5.1341,1.6531
TabPFN_Pretrained,V1_RAW,1,TS_BC_56d_017,EXP_TS_BC_56d,Bacterial Concrete,56,Split Tensile Strength,False,3.824,5.1341,1.3101
TabPFN_Pretrained,V1_RAW,1,TS_BC_56d_018,EXP_TS_BC_56d,Bacterial Concrete,56,Split Tensile Strength,False,3.374,5.1341,1.7601
TabPFN_Pretrained,V1_RAW,1,TS_BC_56d_019,EXP_TS_BC_56d,Bacterial Concrete,56,Split Tensile Strength,False,3.502,5.1341,1.6321
TabPFN_Pretrained,V1_RAW,1,TS_BC_56d_020,EXP_TS_BC_56d,Bacterial Concrete,56,Split Tensile Strength,False,3.443,5.1341,1.6911
TabPFN_Pretrained,V1_RAW,1,TS_BC_56d_021,EXP_TS_BC_56d,Bacterial Concrete,56,Split Tensile Strength,False,3.444,5.1341,1.6901
TabPFN_Pretrained,V1_RAW,1,TS_BC_56d_022,EXP_TS_BC_56d,Bacterial Concrete,56,Split Tensile Strength,False,3.524,5.1341,1.6101
TabPFN_Pretrained,V1_RAW,1,TS_BC_56d_023,EXP_TS_BC_56d,Bacterial Concrete,56,Split Tensile Strength,False,3.456,5.1341,1.6781
TabPFN_Pretrained,V1_RAW,1,TS_BC_56d_024,EXP_TS_BC_56d,Bacterial Concrete,56,Split Tensile Strength,False,3.371,5.1341,1.7631
TabPFN_Pretrained,V1_RAW,1,TS_BC_56d_025,EXP_TS_BC_56d,Bacterial Concrete,56,Split Tensile Strength,False,3.519,5.1341,1.6151
TabPFN_Pretrained,V1_RAW,1,TS_BC_56d_026,EXP_TS_BC_56d,Bacterial Concrete,56,Split Tensile Strength,False,3.677,5.1341,1.4571
TabPFN_Pretrained,V1_RAW,1,TS_BC_56d_027,EXP_TS_BC_56d,Bacterial Concrete,56,Split Tensile Strength,False,3.641,5.1341,1.4931
TabPFN_Pretrained,V1_RAW,1,TS_BC_56d_028,EXP_TS_BC_56d,Bacterial Concrete,56,Split Tensile Strength,False,3.53,5.1341,1.6041
TabPFN_Pretrained,V1_RAW,1,TS_BC_56d_029,EXP_TS_BC_56d,Bacterial Concrete,56,Split Tensile Strength,False,3.39,5.1341,1.7441
TabPFN_Pretrained,V1_RAW,1,TS_BC_56d_030,EXP_TS_BC_56d,Bacterial Concrete,56,Split Tensile Strength,False,3.528,5.1341,1.6061
TabPFN_Pretrained,V1_RAW,1,TS_BC_56d_031,EXP_TS_BC_56d,Bacterial Concrete,56,Split Tensile Strength,False,3.663,5.1341,1.4711
TabPFN_Pretrained,V1_RAW,1,TS_BC_56d_032,EXP_TS_BC_56d,Bacterial Concrete,56,Split Tensile Strength,False,3.679,5.1341,1.4551
TabPFN_Pretrained,V1_RAW,1,TS_BC_56d_033,EXP_TS_BC_56d,Bacterial Concrete,56,Split Tensile Strength,False,3.554,5.1341,1.5801
TabPFN_Pretrained,V1_RAW,1,TS_BC_56d_034,EXP_TS_BC_56d,Bacterial Concrete,56,Split Tensile Strength,False,3.445,5.1341,1.6891
TabPFN_Pretrained,V1_RAW,1,TS_BC_56d_035,EXP_TS_BC_56d,Bacterial Concrete,56,Split Tensile Strength,False,3.47,5.1341,1.6641
TabPFN_Pretrained,V1_RAW,1,TS_BC_56d_036,EXP_TS_BC_56d,Bacterial Concrete,56,Split Tensile Strength,False,3.616,5.1341,1.5181
TabPFN_Pretrained,V1_RAW,1,TS_BC_56d_037,EXP_TS_BC_56d,Bacterial Concrete,56,Split Tensile Strength,False,3.603,5.1341,1.5311
TabPFN_Pretrained,V1_RAW,1,TS_BC_56d_038,EXP_TS_BC_56d,Bacterial Concrete,56,Split Tensile Strength,False,3.236,5.1341,1.8981
TabPFN_Pretrained,V1_RAW,1,TS_BC_56d_039,EXP_TS_BC_56d,Bacterial Concrete,56,Split Tensile Strength,False,3.599,5.1341,1.5351
TabPFN_Pretrained,V1_RAW,1,TS_BC_56d_040,EXP_TS_BC_56d,Bacterial Concrete,56,Split Tensile Strength,False,3.607,5.1341,1.5271
TabPFN_Pretrained,V1_RAW,1,TS_BC_56d_041,EXP_TS_BC_56d,Bacterial Concrete,56,Split Tensile Strength,False,3.367,5.1341,1.7671
TabPFN_Pretrained,V1_RAW,1,TS_BC_56d_042,EXP_TS_BC_56d,Bacterial Concrete,56,Split Tensile Strength,False,3.385,5.1341,1.7491
TabPFN_Pretrained,V1_RAW,1,TS_BC_56d_043,EXP_TS_BC_56d,Bacterial Concrete,56,Split Tensile Strength,False,3.386,5.1341,1.7481
TabPFN_Pretrained,V1_RAW,1,TS_BC_56d_044,EXP_TS_BC_56d,Bacterial Concrete,56,Split Tensile Strength,False,3.398,5.1341,1.7361
TabPFN_Pretrained,V1_RAW,1,TS_BC_56d_045,EXP_TS_BC_56d,Bacterial Concrete,56,Split Tensile Strength,False,3.287,5.1341,1.8471
TabPFN_Pretrained,V1_RAW,1,TS_BC_56d_046,EXP_TS_BC_56d,Bacterial Concrete,56,Split Tensile Strength,False,3.547,5.1341,1.5871
TabPFN_Pretrained,V1_RAW,1,TS_BC_56d_047,EXP_TS_BC_56d,Bacterial Concrete,56,Split Tensile Strength,False,3.382,5.1341,1.7521
TabPFN_Pretrained,V1_RAW,1,TS_BC_56d_048,EXP_TS_BC_56d,Bacterial Concrete,56,Split Tensile Strength,False,3.489,5.1341,1.6451
TabPFN_Pretrained,V1_RAW,1,TS_BC_56d_049,EXP_TS_BC_56d,Bacterial Concrete,56,Split Tensile Strength,False,3.425,5.1341,1.7091
TabPFN_Pretrained,V1_RAW,1,TS_BC_56d_050,EXP_TS_BC_56d,Bacterial Concrete,56,Split Tensile Strength,False,3.538,5.1341,1.5961
TabPFN_Pretrained,V1_RAW,1,TS_BC_56d_051,EXP_TS_BC_56d,Bacterial Concrete,56,Split Tensile Strength,False,3.348,5.1341,1.7861
TabPFN_Pretrained,V1_RAW,1,TS_BC_56d_052,EXP_TS_BC_56d,Bacterial Concrete,56,Split Tensile Strength,False,3.537,5.1341,1.5971
TabPFN_Pretrained,V1_RAW,1,TS_BC_56d_053,EXP_TS_BC_56d,Bacterial Concrete,56,Split Tensile Strength,False,3.558,5.1341,1.5761
TabPFN_Pretrained,V1_RAW,1,TS_BC_56d_054,EXP_TS_BC_56d,Bacterial Concrete,56,Split Tensile Strength,False,3.624,5.1341,1.5101
TabPFN_Pretrained,V1_RAW,1,TS_BC_56d_055,EXP_TS_BC_56d,Bacterial Concrete,56,Split Tensile Strength,False,3.795,5.1341,1.3391
TabPFN_Pretrained,V1_RAW,1,TS_BC_56d_056,EXP_TS_BC_56d,Bacterial Concrete,56,Split Tensile Strength,False,3.186,5.1341,1.9481
TabPFN_Pretrained,V1_RAW,1,TS_BC_56d_057,EXP_TS_BC_56d,Bacterial Concrete,56,Split Tensile Strength,False,3.548,5.1341,1.5861
TabPFN_Pretrained,V1_RAW,1,TS_BC_56d_058,EXP_TS_BC_56d,Bacterial Concrete,56,Split Tensile Strength,False,3.394,5.1341,1.7401
TabPFN_Pretrained,V1_RAW,1,TS_BC_56d_059,EXP_TS_BC_56d,Bacterial Concrete,56,Split Tensile Strength,False,3.211,5.1341,1.9231
TabPFN_Pretrained,V1_RAW,1,TS_BC_56d_060,EXP_TS_BC_56d,Bacterial Concrete,56,Split Tensile Strength,False,3.626,5.1341,1.5081
TabPFN_Pretrained,V1_RAW,1,TS_BC_56d_061,EXP_TS_BC_56d,Bacterial Concrete,56,Split Tensile Strength,False,3.7,5.1341,1.4341
TabPFN_Pretrained,V1_RAW,1,TS_BC_56d_062,EXP_TS_BC_56d,Bacterial Concrete,56,Split Tensile Strength,False,3.441,5.1341,1.6931
TabPFN_Pretrained,V1_RAW,1,TS_BC_56d_063,EXP_TS_BC_56d,Bacterial Concrete,56,Split Tensile Strength,False,3.532,5.1341,1.6021
TabPFN_Pretrained,V1_RAW,1,TS_BC_56d_064,EXP_TS_BC_56d,Bacterial Concrete,56,Split Tensile Strength,False,3.49,5.1341,1.6441
TabPFN_Pretrained,V1_RAW,1,TS_BC_56d_065,EXP_TS_BC_56d,Bacterial Concrete,56,Split Tensile Strength,False,3.565,5.1341,1.5691
TabPFN_Pretrained,V1_RAW,1,TS_BC_56d_066,EXP_TS_BC_56d,Bacterial Concrete,56,Split Tensile Strength,False,3.632,5.1341,1.5021
TabPFN_Pretrained,V1_RAW,1,TS_BC_56d_067,EXP_TS_BC_56d,Bacterial Concrete,56,Split Tensile Strength,False,3.552,5.1341,1.5821
TabPFN_Pretrained,V1_RAW,1,TS_BC_56d_068,EXP_TS_BC_56d,Bacterial Concrete,56,Split Tensile Strength,False,3.552,5.1341,1.5821
TabPFN_Pretrained,V1_RAW,1,TS_BC_56d_069,EXP_TS_BC_56d,Bacterial Concrete,56,Split Tensile Strength,False,3.689,5.1341,1.4451
TabPFN_Pretrained,V1_RAW,1,TS_BC_56d_070,EXP_TS_BC_56d,Bacterial Concrete,56,Split Tensile Strength,False,3.475,5.1341,1.6591
TabPFN_Pretrained,V1_RAW,1,TS_BC_56d_071,EXP_TS_BC_56d,Bacterial Concrete,56,Split Tensile Strength,False,3.638,5.1341,1.4961
TabPFN_Pretrained,V1_RAW,1,TS_BC_56d_072,EXP_TS_BC_56d,Bacterial Concrete,56,Split Tensile Strength,False,3.377,5.1341,1.7571
TabPFN_Pretrained,V1_RAW,1,TS_BC_56d_073,EXP_TS_BC_56d,Bacterial Concrete,56,Split Tensile Strength,False,3.741,5.1341,1.3931
TabPFN_Pretrained,V1_RAW,1,TS_BC_56d_074,EXP_TS_BC_56d,Bacterial Concrete,56,Split Tensile Strength,False,3.611,5.1341,1.5231
TabPFN_Pretrained,V1_RAW,1,TS_BC_56d_075,EXP_TS_BC_56d,Bacterial Concrete,56,Split Tensile Strength,False,3.439,5.1341,1.6951
TabPFN_Pretrained,V1_RAW,1,TS_BC_56d_076,EXP_TS_BC_56d,Bacterial Concrete,56,Split Tensile Strength,False,3.183,5.1341,1.9511
TabPFN_Pretrained,V1_RAW,1,TS_BC_56d_077,EXP_TS_BC_56d,Bacterial Concrete,56,Split Tensile Strength,False,3.5,5.1341,1.6341
TabPFN_Pretrained,V1_RAW,1,TS_BC_56d_078,EXP_TS_BC_56d,Bacterial Concrete,56,Split Tensile Strength,False,3.323,5.1341,1.8111
TabPFN_Pretrained,V1_RAW,1,TS_BC_56d_079,EXP_TS_BC_56d,Bacterial Concrete,56,Split Tensile Strength,False,3.545,5.1341,1.5891
TabPFN_Pretrained,V1_RAW,1,TS_BC_56d_080,EXP_TS_BC_56d,Bacterial Concrete,56,Split Tensile Strength,False,3.718,5.1341,1.4161
TabPFN_Pretrained,V1_RAW,1,TS_BC_56d_081,EXP_TS_BC_56d,Bacterial Concrete,56,Split Tensile Strength,False,3.524,5.1341,1.6101
TabPFN_Pretrained,V1_RAW,1,TS_BC_56d_082,EXP_TS_BC_56d,Bacterial Concrete,56,Split Tensile Strength,False,3.473,5.1341,1.6611
TabPFN_Pretrained,V1_RAW,1,TS_BC_56d_083,EXP_TS_BC_56d,Bacterial Concrete,56,Split Tensile Strength,False,3.551,5.1341,1.5831
TabPFN_Pretrained,V1_RAW,1,TS_BC_56d_084,EXP_TS_BC_56d,Bacterial Concrete,56,Split Tensile Strength,False,3.543,5.1341,1.5911
TabPFN_Pretrained,V1_RAW,1,TS_BC_56d_085,EXP_TS_BC_56d,Bacterial Concrete,56,Split Tensile Strength,False,3.146,5.1341,1.9881
TabPFN_Pretrained,V1_RAW,1,TS_BC_56d_086,EXP_TS_BC_56d,Bacterial Concrete,56,Split Tensile Strength,False,3.536,5.1341,1.5981
TabPFN_Pretrained,V1_RAW,1,TS_BC_56d_087,EXP_TS_BC_56d,Bacterial Concrete,56,Split Tensile Strength,False,3.593,5.1341,1.5411
TabPFN_Pretrained,V1_RAW,1,TS_BC_56d_088,EXP_TS_BC_56d,Bacterial Concrete,56,Split Tensile Strength,False,3.461,5.1341,1.6731
TabPFN_Pretrained,V1_RAW,1,TS_BC_56d_089,EXP_TS_BC_56d,Bacterial Concrete,56,Split Tensile Strength,False,3.647,5.1341,1.4871
TabPFN_Pretrained,V1_RAW,1,TS_BC_56d_090,EXP_TS_BC_56d,Bacterial Concrete,56,Split Tensile Strength,False,3.481,5.1341,1.6531
TabPFN_Pretrained,V1_RAW,1,TS_BC_56d_091,EXP_TS_BC_56d,Bacterial Concrete,56,Split Tensile Strength,False,3.615,5.1341,1.5191
TabPFN_Pretrained,V1_RAW,1,TS_BC_56d_092,EXP_TS_BC_56d,Bacterial Concrete,56,Split Tensile Strength,False,3.841,5.1341,1.2931
TabPFN_Pretrained,V1_RAW,1,TS_BC_56d_093,EXP_TS_BC_56d,Bacterial Concrete,56,Split Tensile Strength,False,3.486,5.1341,1.6481
TabPFN_Pretrained,V1_RAW,1,TS_BC_56d_094,EXP_TS_BC_56d,Bacterial Concrete,56,Split Tensile Strength,False,3.209,5.1341,1.9251
TabPFN_Pretrained,V1_RAW,1,TS_BC_56d_095,EXP_TS_BC_56d,Bacterial Concrete,56,Split Tensile Strength,False,3.45,5.1341,1.6841
TabPFN_Pretrained,V1_RAW,1,TS_BC_56d_096,EXP_TS_BC_56d,Bacterial Concrete,56,Split Tensile Strength,False,3.241,5.1341,1.8931
TabPFN_Pretrained,V1_RAW,1,TS_BC_56d_097,EXP_TS_BC_56d,Bacterial Concrete,56,Split Tensile Strength,False,3.592,5.1341,1.5421
TabPFN_Pretrained,V1_RAW,1,TS_BC_56d_098,EXP_TS_BC_56d,Bacterial Concrete,56,Split Tensile Strength,False,3.696,5.1341,1.4381
TabPFN_Pretrained,V1_RAW,1,TS_BC_56d_099,EXP_TS_BC_56d,Bacterial Concrete,56,Split Tensile Strength,False,3.604,5.1341,1.5301
TabPFN_Pretrained,V1_RAW,1,TS_BC_56d_100,EXP_TS_BC_56d,Bacterial Concrete,56,Split Tensile Strength,False,3.548,5.1341,1.5861
TabPFN_Pretrained,V1_RAW,2,CS_BC_21d_001,EXP_CS_BC_21d,Bacterial Concrete,21,Compressive Strength,False,30.91,31.0281,0.1181
TabPFN_Pretrained,V1_RAW,2,CS_BC_21d_002,EXP_CS_BC_21d,Bacterial Concrete,21,Compressive Strength,False,28.73,31.0281,2.2981
TabPFN_Pretrained,V1_RAW,2,CS_BC_21d_003,EXP_CS_BC_21d,Bacterial Concrete,21,Compressive Strength,False,29.64,31.0281,1.3881
TabPFN_Pretrained,V1_RAW,2,CS_BC_21d_004,EXP_CS_BC_21d,Bacterial Concrete,21,Compressive Strength,False,28.81,31.0281,2.2181
TabPFN_Pretrained,V1_RAW,2,CS_BC_21d_005,EXP_CS_BC_21d,Bacterial Concrete,21,Compressive Strength,False,28.85,31.0281,2.1781
TabPFN_Pretrained,V1_RAW,2,CS_BC_21d_006,EXP_CS_BC_21d,Bacterial Concrete,21,Compressive Strength,False,29.04,31.0281,1.9881
TabPFN_Pretrained,V1_RAW,2,CS_BC_21d_007,EXP_CS_BC_21d,Bacterial Concrete,21,Compressive Strength,False,29.83,31.0281,1.1981
TabPFN_Pretrained,V1_RAW,2,CS_BC_21d_008,EXP_CS_BC_21d,Bacterial Concrete,21,Compressive Strength,False,28.78,31.0281,2.2481
TabPFN_Pretrained,V1_RAW,2,CS_BC_21d_009,EXP_CS_BC_21d,Bacterial Concrete,21,Compressive Strength,False,31.38,31.0281,-0.3519
TabPFN_Pretrained,V1_RAW,2,CS_BC_21d_010,EXP_CS_BC_21d,Bacterial Concrete,21,Compressive Strength,False,28.16,31.0281,2.8681
TabPFN_Pretrained,V1_RAW,2,CS_BC_21d_011,EXP_CS_BC_21d,Bacterial Concrete,21,Compressive Strength,False,29.22,31.0281,1.8081
TabPFN_Pretrained,V1_RAW,2,CS_BC_21d_012,EXP_CS_BC_21d,Bacterial Concrete,21,Compressive Strength,False,28.84,31.0281,2.1881
TabPFN_Pretrained,V1_RAW,2,CS_BC_21d_013,EXP_CS_BC_21d,Bacterial Concrete,21,Compressive Strength,False,31.67,31.0281,-0.6419
TabPFN_Pretrained,V1_RAW,2,CS_BC_21d_014,EXP_CS_BC_21d,Bacterial Concrete,21,Compressive Strength,False,29.79,31.0281,1.2381
TabPFN_Pretrained,V1_RAW,2,CS_BC_21d_015,EXP_CS_BC_21d,Bacterial Concrete,21,Compressive Strength,False,31.05,31.0281,-0.0219
TabPFN_Pretrained,V1_RAW,2,CS_BC_21d_016,EXP_CS_BC_21d,Bacterial Concrete,21,Compressive Strength,False,27.27,31.0281,3.7581
TabPFN_Pretrained,V1_RAW,2,CS_BC_21d_017,EXP_CS_BC_21d,Bacterial Concrete,21,Compressive Strength,False,29.9,31.0281,1.1281
TabPFN_Pretrained,V1_RAW,2,CS_BC_21d_018,EXP_CS_BC_21d,Bacterial Concrete,21,Compressive Strength,False,30.83,31.0281,0.1981
TabPFN_Pretrained,V1_RAW,2,CS_BC_21d_019,EXP_CS_BC_21d,Bacterial Concrete,21,Compressive Strength,False,29.62,31.0281,1.4081
TabPFN_Pretrained,V1_RAW,2,CS_BC_21d_020,EXP_CS_BC_21d,Bacterial Concrete,21,Compressive Strength,False,31.1,31.0281,-0.0719
TabPFN_Pretrained,V1_RAW,2,CS_BC_21d_021,EXP_CS_BC_21d,Bacterial Concrete,21,Compressive Strength,False,28.72,31.0281,2.3081
TabPFN_Pretrained,V1_RAW,2,CS_BC_21d_022,EXP_CS_BC_21d,Bacterial Concrete,21,Compressive Strength,False,31.61,31.0281,-0.5819
TabPFN_Pretrained,V1_RAW,2,CS_BC_21d_023,EXP_CS_BC_21d,Bacterial Concrete,21,Compressive Strength,False,32.95,31.0281,-1.9219
TabPFN_Pretrained,V1_RAW,2,CS_BC_21d_024,EXP_CS_BC_21d,Bacterial Concrete,21,Compressive Strength,False,28.96,31.0281,2.0681
TabPFN_Pretrained,V1_RAW,2,CS_BC_21d_025,EXP_CS_BC_21d,Bacterial Concrete,21,Compressive Strength,False,28.83,31.0281,2.1981
TabPFN_Pretrained,V1_RAW,2,CS_BC_21d_026,EXP_CS_BC_21d,Bacterial Concrete,21,Compressive Strength,False,31.68,31.0281,-0.6519
TabPFN_Pretrained,V1_RAW,2,CS_BC_21d_027,EXP_CS_BC_21d,Bacterial Concrete,21,Compressive Strength,False,31.87,31.0281,-0.8419
TabPFN_Pretrained,V1_RAW,2,CS_BC_21d_028,EXP_CS_BC_21d,Bacterial Concrete,21,Compressive Strength,False,28.72,31.0281,2.3081
TabPFN_Pretrained,V1_RAW,2,CS_BC_21d_029,EXP_CS_BC_21d,Bacterial Concrete,21,Compressive Strength,False,28.87,31.0281,2.1581
TabPFN_Pretrained,V1_RAW,2,CS_BC_21d_030,EXP_CS_BC_21d,Bacterial Concrete,21,Compressive Strength,False,29.08,31.0281,1.9481
TabPFN_Pretrained,V1_RAW,2,CS_BC_21d_031,EXP_CS_BC_21d,Bacterial Concrete,21,Compressive Strength,False,27.48,31.0281,3.5481
TabPFN_Pretrained,V1_RAW,2,CS_BC_21d_032,EXP_CS_BC_21d,Bacterial Concrete,21,Compressive Strength,False,28.12,31.0281,2.9081
TabPFN_Pretrained,V1_RAW,2,CS_BC_21d_033,EXP_CS_BC_21d,Bacterial Concrete,21,Compressive Strength,False,27.99,31.0281,3.0381
TabPFN_Pretrained,V1_RAW,2,CS_BC_21d_034,EXP_CS_BC_21d,Bacterial Concrete,21,Compressive Strength,False,28.35,31.0281,2.6781
TabPFN_Pretrained,V1_RAW,2,CS_BC_21d_035,EXP_CS_BC_21d,Bacterial Concrete,21,Compressive Strength,False,29.45,31.0281,1.5781
TabPFN_Pretrained,V1_RAW,2,CS_BC_21d_036,EXP_CS_BC_21d,Bacterial Concrete,21,Compressive Strength,False,29.85,31.0281,1.1781
TabPFN_Pretrained,V1_RAW,2,CS_BC_21d_037,EXP_CS_BC_21d,Bacterial Concrete,21,Compressive Strength,False,31.83,31.0281,-0.8019
TabPFN_Pretrained,V1_RAW,2,CS_BC_21d_038,EXP_CS_BC_21d,Bacterial Concrete,21,Compressive Strength,False,28.0,31.0281,3.0281
TabPFN_Pretrained,V1_RAW,2,CS_BC_21d_039,EXP_CS_BC_21d,Bacterial Concrete,21,Compressive Strength,False,30.98,31.0281,0.0481
TabPFN_Pretrained,V1_RAW,2,CS_BC_21d_040,EXP_CS_BC_21d,Bacterial Concrete,21,Compressive Strength,False,29.18,31.0281,1.8481
TabPFN_Pretrained,V1_RAW,2,CS_BC_21d_041,EXP_CS_BC_21d,Bacterial Concrete,21,Compressive Strength,False,29.43,31.0281,1.5981
TabPFN_Pretrained,V1_RAW,2,CS_BC_21d_042,EXP_CS_BC_21d,Bacterial Concrete,21,Compressive Strength,False,30.51,31.0281,0.5181
TabPFN_Pretrained,V1_RAW,2,CS_BC_21d_043,EXP_CS_BC_21d,Bacterial Concrete,21,Compressive Strength,False,27.82,31.0281,3.2081
TabPFN_Pretrained,V1_RAW,2,CS_BC_21d_044,EXP_CS_BC_21d,Bacterial Concrete,21,Compressive Strength,False,30.07,31.0281,0.9581
TabPFN_Pretrained,V1_RAW,2,CS_BC_21d_045,EXP_CS_BC_21d,Bacterial Concrete,21,Compressive Strength,False,29.75,31.0281,1.2781
TabPFN_Pretrained,V1_RAW,2,CS_BC_21d_046,EXP_CS_BC_21d,Bacterial Concrete,21,Compressive Strength,False,30.24,31.0281,0.7881
TabPFN_Pretrained,V1_RAW,2,CS_BC_21d_047,EXP_CS_BC_21d,Bacterial Concrete,21,Compressive Strength,False,29.93,31.0281,1.0981
TabPFN_Pretrained,V1_RAW,2,CS_BC_21d_048,EXP_CS_BC_21d,Bacterial Concrete,21,Compressive Strength,False,33.18,31.0281,-2.1519
TabPFN_Pretrained,V1_RAW,2,CS_BC_21d_049,EXP_CS_BC_21d,Bacterial Concrete,21,Compressive Strength,False,28.54,31.0281,2.4881
TabPFN_Pretrained,V1_RAW,2,CS_BC_21d_050,EXP_CS_BC_21d,Bacterial Concrete,21,Compressive Strength,False,28.7,31.0281,2.3281
TabPFN_Pretrained,V1_RAW,2,CS_BC_21d_051,EXP_CS_BC_21d,Bacterial Concrete,21,Compressive Strength,False,28.57,31.0281,2.4581
TabPFN_Pretrained,V1_RAW,2,CS_BC_21d_052,EXP_CS_BC_21d,Bacterial Concrete,21,Compressive Strength,False,28.67,31.0281,2.3581
TabPFN_Pretrained,V1_RAW,2,CS_BC_21d_053,EXP_CS_BC_21d,Bacterial Concrete,21,Compressive Strength,False,28.54,31.0281,2.4881
TabPFN_Pretrained,V1_RAW,2,CS_BC_21d_054,EXP_CS_BC_21d,Bacterial Concrete,21,Compressive Strength,False,31.28,31.0281,-0.2519
TabPFN_Pretrained,V1_RAW,2,CS_BC_21d_055,EXP_CS_BC_21d,Bacterial Concrete,21,Compressive Strength,False,31.63,31.0281,-0.6019
TabPFN_Pretrained,V1_RAW,2,CS_BC_21d_056,EXP_CS_BC_21d,Bacterial Concrete,21,Compressive Strength,False,28.64,31.0281,2.3881
TabPFN_Pretrained,V1_RAW,2,CS_BC_21d_057,EXP_CS_BC_21d,Bacterial Concrete,21,Compressive Strength,False,28.25,31.0281,2.7781
TabPFN_Pretrained,V1_RAW,2,CS_BC_21d_058,EXP_CS_BC_21d,Bacterial Concrete,21,Compressive Strength,False,30.21,31.0281,0.8181
TabPFN_Pretrained,V1_RAW,2,CS_BC_21d_059,EXP_CS_BC_21d,Bacterial Concrete,21,Compressive Strength,False,28.67,31.0281,2.3581
TabPFN_Pretrained,V1_RAW,2,CS_BC_21d_060,EXP_CS_BC_21d,Bacterial Concrete,21,Compressive Strength,False,30.45,31.0281,0.5781
TabPFN_Pretrained,V1_RAW,2,CS_BC_21d_061,EXP_CS_BC_21d,Bacterial Concrete,21,Compressive Strength,False,29.8,31.0281,1.2281
TabPFN_Pretrained,V1_RAW,2,CS_BC_21d_062,EXP_CS_BC_21d,Bacterial Concrete,21,Compressive Strength,False,27.23,31.0281,3.7981
TabPFN_Pretrained,V1_RAW,2,CS_BC_21d_063,EXP_CS_BC_21d,Bacterial Concrete,21,Compressive Strength,False,31.82,31.0281,-0.7919
TabPFN_Pretrained,V1_RAW,2,CS_BC_21d_064,EXP_CS_BC_21d,Bacterial Concrete,21,Compressive Strength,False,32.19,31.0281,-1.1619
TabPFN_Pretrained,V1_RAW,2,CS_BC_21d_065,EXP_CS_BC_21d,Bacterial Concrete,21,Compressive Strength,False,28.58,31.0281,2.4481
TabPFN_Pretrained,V1_RAW,2,CS_BC_21d_066,EXP_CS_BC_21d,Bacterial Concrete,21,Compressive Strength,False,28.92,31.0281,2.1081
TabPFN_Pretrained,V1_RAW,2,CS_BC_21d_067,EXP_CS_BC_21d,Bacterial Concrete,21,Compressive Strength,False,29.93,31.0281,1.0981
TabPFN_Pretrained,V1_RAW,2,CS_BC_21d_068,EXP_CS_BC_21d,Bacterial Concrete,21,Compressive Strength,False,30.0,31.0281,1.0281
TabPFN_Pretrained,V1_RAW,2,CS_BC_21d_069,EXP_CS_BC_21d,Bacterial Concrete,21,Compressive Strength,False,30.49,31.0281,0.5381
TabPFN_Pretrained,V1_RAW,2,CS_BC_21d_070,EXP_CS_BC_21d,Bacterial Concrete,21,Compressive Strength,False,32.52,31.0281,-1.4919
TabPFN_Pretrained,V1_RAW,2,CS_BC_21d_071,EXP_CS_BC_21d,Bacterial Concrete,21,Compressive Strength,False,29.23,31.0281,1.7981
TabPFN_Pretrained,V1_RAW,2,CS_BC_21d_072,EXP_CS_BC_21d,Bacterial Concrete,21,Compressive Strength,False,28.3,31.0281,2.7281
TabPFN_Pretrained,V1_RAW,2,CS_BC_21d_073,EXP_CS_BC_21d,Bacterial Concrete,21,Compressive Strength,False,27.43,31.0281,3.5981
TabPFN_Pretrained,V1_RAW,2,CS_BC_21d_074,EXP_CS_BC_21d,Bacterial Concrete,21,Compressive Strength,False,28.4,31.0281,2.6281
TabPFN_Pretrained,V1_RAW,2,CS_BC_21d_075,EXP_CS_BC_21d,Bacterial Concrete,21,Compressive Strength,False,29.45,31.0281,1.5781
TabPFN_Pretrained,V1_RAW,2,CS_BC_21d_076,EXP_CS_BC_21d,Bacterial Concrete,21,Compressive Strength,False,32.19,31.0281,-1.1619
TabPFN_Pretrained,V1_RAW,2,CS_BC_21d_077,EXP_CS_BC_21d,Bacterial Concrete,21,Compressive Strength,False,28.72,31.0281,2.3081
TabPFN_Pretrained,V1_RAW,2,CS_BC_21d_078,EXP_CS_BC_21d,Bacterial Concrete,21,Compressive Strength,False,29.84,31.0281,1.1881
TabPFN_Pretrained,V1_RAW,2,CS_BC_21d_079,EXP_CS_BC_21d,Bacterial Concrete,21,Compressive Strength,False,29.48,31.0281,1.5481
TabPFN_Pretrained,V1_RAW,2,CS_BC_21d_080,EXP_CS_BC_21d,Bacterial Concrete,21,Compressive Strength,False,31.28,31.0281,-0.2519
TabPFN_Pretrained,V1_RAW,2,CS_BC_21d_081,EXP_CS_BC_21d,Bacterial Concrete,21,Compressive Strength,False,33.29,31.0281,-2.2619
TabPFN_Pretrained,V1_RAW,2,CS_BC_21d_082,EXP_CS_BC_21d,Bacterial Concrete,21,Compressive Strength,False,28.7,31.0281,2.3281
TabPFN_Pretrained,V1_RAW,2,CS_BC_21d_083,EXP_CS_BC_21d,Bacterial Concrete,21,Compressive Strength,False,28.77,31.0281,2.2581
TabPFN_Pretrained,V1_RAW,2,CS_BC_21d_084,EXP_CS_BC_21d,Bacterial Concrete,21,Compressive Strength,False,31.07,31.0281,-0.0419
TabPFN_Pretrained,V1_RAW,2,CS_BC_21d_085,EXP_CS_BC_21d,Bacterial Concrete,21,Compressive Strength,False,30.52,31.0281,0.5081
TabPFN_Pretrained,V1_RAW,2,CS_BC_21d_086,EXP_CS_BC_21d,Bacterial Concrete,21,Compressive Strength,False,32.27,31.0281,-1.2419
TabPFN_Pretrained,V1_RAW,2,CS_BC_21d_087,EXP_CS_BC_21d,Bacterial Concrete,21,Compressive Strength,False,30.38,31.0281,0.6481
TabPFN_Pretrained,V1_RAW,2,CS_BC_21d_088,EXP_CS_BC_21d,Bacterial Concrete,21,Compressive Strength,False,28.96,31.0281,2.0681
TabPFN_Pretrained,V1_RAW,2,CS_BC_21d_089,EXP_CS_BC_21d,Bacterial Concrete,21,Compressive Strength,False,30.39,31.0281,0.6381
TabPFN_Pretrained,V1_RAW,2,CS_BC_21d_090,EXP_CS_BC_21d,Bacterial Concrete,21,Compressive Strength,False,31.16,31.0281,-0.1319
TabPFN_Pretrained,V1_RAW,2,CS_BC_21d_091,EXP_CS_BC_21d,Bacterial Concrete,21,Compressive Strength,False,30.73,31.0281,0.2981
TabPFN_Pretrained,V1_RAW,2,CS_BC_21d_092,EXP_CS_BC_21d,Bacterial Concrete,21,Compressive Strength,False,30.26,31.0281,0.7681
TabPFN_Pretrained,V1_RAW,2,CS_BC_21d_093,EXP_CS_BC_21d,Bacterial Concrete,21,Compressive Strength,False,31.1,31.0281,-0.0719
TabPFN_Pretrained,V1_RAW,2,CS_BC_21d_094,EXP_CS_BC_21d,Bacterial Concrete,21,Compressive Strength,False,31.25,31.0281,-0.2219
TabPFN_Pretrained,V1_RAW,2,CS_BC_21d_095,EXP_CS_BC_21d,Bacterial Concrete,21,Compressive Strength,False,31.57,31.0281,-0.5419
TabPFN_Pretrained,V1_RAW,2,CS_BC_21d_096,EXP_CS_BC_21d,Bacterial Concrete,21,Compressive Strength,False,30.47,31.0281,0.5581
TabPFN_Pretrained,V1_RAW,2,CS_BC_21d_097,EXP_CS_BC_21d,Bacterial Concrete,21,Compressive Strength,False,29.25,31.0281,1.7781
TabPFN_Pretrained,V1_RAW,2,CS_BC_21d_098,EXP_CS_BC_21d,Bacterial Concrete,21,Compressive Strength,False,29.72,31.0281,1.3081
TabPFN_Pretrained,V1_RAW,2,CS_BC_21d_099,EXP_CS_BC_21d,Bacterial Concrete,21,Compressive Strength,False,31.31,31.0281,-0.2819
TabPFN_Pretrained,V1_RAW,2,CS_BC_21d_100,EXP_CS_BC_21d,Bacterial Concrete,21,Compressive Strength,False,28.27,31.0281,2.7581
TabPFN_Pretrained,V1_RAW,2,CS_NC_28d_001,EXP_CS_NC_28d,Normal Concrete,28,Compressive Strength,False,26.76,26.923,0.163
TabPFN_Pretrained,V1_RAW,2,CS_NC_28d_002,EXP_CS_NC_28d,Normal Concrete,28,Compressive Strength,False,27.16,26.923,-0.237
TabPFN_Pretrained,V1_RAW,2,CS_NC_28d_003,EXP_CS_NC_28d,Normal Concrete,28,Compressive Strength,False,29.12,26.923,-2.197
TabPFN_Pretrained,V1_RAW,2,CS_NC_28d_004,EXP_CS_NC_28d,Normal Concrete,28,Compressive Strength,False,28.92,26.923,-1.997
TabPFN_Pretrained,V1_RAW,2,CS_NC_28d_005,EXP_CS_NC_28d,Normal Concrete,28,Compressive Strength,False,27.97,26.923,-1.047
TabPFN_Pretrained,V1_RAW,2,CS_NC_28d_006,EXP_CS_NC_28d,Normal Concrete,28,Compressive Strength,False,28.18,26.923,-1.257
TabPFN_Pretrained,V1_RAW,2,CS_NC_28d_007,EXP_CS_NC_28d,Normal Concrete,28,Compressive Strength,False,29.92,26.923,-2.997
TabPFN_Pretrained,V1_RAW,2,CS_NC_28d_008,EXP_CS_NC_28d,Normal Concrete,28,Compressive Strength,False,27.11,26.923,-0.187
TabPFN_Pretrained,V1_RAW,2,CS_NC_28d_009,EXP_CS_NC_28d,Normal Concrete,28,Compressive Strength,False,28.82,26.923,-1.897
TabPFN_Pretrained,V1_RAW,2,CS_NC_28d_010,EXP_CS_NC_28d,Normal Concrete,28,Compressive Strength,False,27.7,26.923,-0.777
TabPFN_Pretrained,V1_RAW,2,CS_NC_28d_011,EXP_CS_NC_28d,Normal Concrete,28,Compressive Strength,False,27.67,26.923,-0.747
TabPFN_Pretrained,V1_RAW,2,CS_NC_28d_012,EXP_CS_NC_28d,Normal Concrete,28,Compressive Strength,False,29.65,26.923,-2.727
TabPFN_Pretrained,V1_RAW,2,CS_NC_28d_013,EXP_CS_NC_28d,Normal Concrete,28,Compressive Strength,False,29.24,26.923,-2.317
TabPFN_Pretrained,V1_RAW,2,CS_NC_28d_014,EXP_CS_NC_28d,Normal Concrete,28,Compressive Strength,False,29.22,26.923,-2.297
TabPFN_Pretrained,V1_RAW,2,CS_NC_28d_015,EXP_CS_NC_28d,Normal Concrete,28,Compressive Strength,False,29.96,26.923,-3.037
TabPFN_Pretrained,V1_RAW,2,CS_NC_28d_016,EXP_CS_NC_28d,Normal Concrete,28,Compressive Strength,False,28.03,26.923,-1.107
TabPFN_Pretrained,V1_RAW,2,CS_NC_28d_017,EXP_CS_NC_28d,Normal Concrete,28,Compressive Strength,False,29.02,26.923,-2.097
TabPFN_Pretrained,V1_RAW,2,CS_NC_28d_018,EXP_CS_NC_28d,Normal Concrete,28,Compressive Strength,False,27.53,26.923,-0.607
TabPFN_Pretrained,V1_RAW,2,CS_NC_28d_019,EXP_CS_NC_28d,Normal Concrete,28,Compressive Strength,False,28.49,26.923,-1.567
TabPFN_Pretrained,V1_RAW,2,CS_NC_28d_020,EXP_CS_NC_28d,Normal Concrete,28,Compressive Strength,False,27.8,26.923,-0.877
TabPFN_Pretrained,V1_RAW,2,CS_NC_28d_021,EXP_CS_NC_28d,Normal Concrete,28,Compressive Strength,False,28.15,26.923,-1.227
TabPFN_Pretrained,V1_RAW,2,CS_NC_28d_022,EXP_CS_NC_28d,Normal Concrete,28,Compressive Strength,False,28.89,26.923,-1.967
TabPFN_Pretrained,V1_RAW,2,CS_NC_28d_023,EXP_CS_NC_28d,Normal Concrete,28,Compressive Strength,False,26.77,26.923,0.153
TabPFN_Pretrained,V1_RAW,2,CS_NC_28d_024,EXP_CS_NC_28d,Normal Concrete,28,Compressive Strength,False,31.14,26.923,-4.217
TabPFN_Pretrained,V1_RAW,2,CS_NC_28d_025,EXP_CS_NC_28d,Normal Concrete,28,Compressive Strength,False,26.49,26.923,0.433
TabPFN_Pretrained,V1_RAW,2,CS_NC_28d_026,EXP_CS_NC_28d,Normal Concrete,28,Compressive Strength,False,26.18,26.923,0.743
TabPFN_Pretrained,V1_RAW,2,CS_NC_28d_027,EXP_CS_NC_28d,Normal Concrete,28,Compressive Strength,False,29.74,26.923,-2.817
TabPFN_Pretrained,V1_RAW,2,CS_NC_28d_028,EXP_CS_NC_28d,Normal Concrete,28,Compressive Strength,False,29.19,26.923,-2.267
TabPFN_Pretrained,V1_RAW,2,CS_NC_28d_029,EXP_CS_NC_28d,Normal Concrete,28,Compressive Strength,False,28.94,26.923,-2.017
TabPFN_Pretrained,V1_RAW,2,CS_NC_28d_030,EXP_CS_NC_28d,Normal Concrete,28,Compressive Strength,False,28.94,26.923,-2.017
TabPFN_Pretrained,V1_RAW,2,CS_NC_28d_031,EXP_CS_NC_28d,Normal Concrete,28,Compressive Strength,False,27.98,26.923,-1.057
TabPFN_Pretrained,V1_RAW,2,CS_NC_28d_032,EXP_CS_NC_28d,Normal Concrete,28,Compressive Strength,False,26.65,26.923,0.273
TabPFN_Pretrained,V1_RAW,2,CS_NC_28d_033,EXP_CS_NC_28d,Normal Concrete,28,Compressive Strength,False,28.11,26.923,-1.187
TabPFN_Pretrained,V1_RAW,2,CS_NC_28d_034,EXP_CS_NC_28d,Normal Concrete,28,Compressive Strength,False,26.98,26.923,-0.057
TabPFN_Pretrained,V1_RAW,2,CS_NC_28d_035,EXP_CS_NC_28d,Normal Concrete,28,Compressive Strength,False,29.46,26.923,-2.537
TabPFN_Pretrained,V1_RAW,2,CS_NC_28d_036,EXP_CS_NC_28d,Normal Concrete,28,Compressive Strength,False,27.78,26.923,-0.857
TabPFN_Pretrained,V1_RAW,2,CS_NC_28d_037,EXP_CS_NC_28d,Normal Concrete,28,Compressive Strength,False,26.76,26.923,0.163
TabPFN_Pretrained,V1_RAW,2,CS_NC_28d_038,EXP_CS_NC_28d,Normal Concrete,28,Compressive Strength,False,27.52,26.923,-0.597
TabPFN_Pretrained,V1_RAW,2,CS_NC_28d_039,EXP_CS_NC_28d,Normal Concrete,28,Compressive Strength,False,28.62,26.923,-1.697
TabPFN_Pretrained,V1_RAW,2,CS_NC_28d_040,EXP_CS_NC_28d,Normal Concrete,28,Compressive Strength,False,27.15,26.923,-0.227
TabPFN_Pretrained,V1_RAW,2,CS_NC_28d_041,EXP_CS_NC_28d,Normal Concrete,28,Compressive Strength,False,26.77,26.923,0.153
TabPFN_Pretrained,V1_RAW,2,CS_NC_28d_042,EXP_CS_NC_28d,Normal Concrete,28,Compressive Strength,False,28.37,26.923,-1.447
TabPFN_Pretrained,V1_RAW,2,CS_NC_28d_043,EXP_CS_NC_28d,Normal Concrete,28,Compressive Strength,False,28.37,26.923,-1.447
TabPFN_Pretrained,V1_RAW,2,CS_NC_28d_044,EXP_CS_NC_28d,Normal Concrete,28,Compressive Strength,False,27.24,26.923,-0.317
TabPFN_Pretrained,V1_RAW,2,CS_NC_28d_045,EXP_CS_NC_28d,Normal Concrete,28,Compressive Strength,False,27.29,26.923,-0.367
TabPFN_Pretrained,V1_RAW,2,CS_NC_28d_046,EXP_CS_NC_28d,Normal Concrete,28,Compressive Strength,False,28.35,26.923,-1.427
TabPFN_Pretrained,V1_RAW,2,CS_NC_28d_047,EXP_CS_NC_28d,Normal Concrete,28,Compressive Strength,False,25.83,26.923,1.093
TabPFN_Pretrained,V1_RAW,2,CS_NC_28d_048,EXP_CS_NC_28d,Normal Concrete,28,Compressive Strength,False,25.89,26.923,1.033
TabPFN_Pretrained,V1_RAW,2,CS_NC_28d_049,EXP_CS_NC_28d,Normal Concrete,28,Compressive Strength,False,26.92,26.923,0.003
TabPFN_Pretrained,V1_RAW,2,CS_NC_28d_050,EXP_CS_NC_28d,Normal Concrete,28,Compressive Strength,False,27.68,26.923,-0.757
TabPFN_Pretrained,V1_RAW,2,CS_NC_28d_051,EXP_CS_NC_28d,Normal Concrete,28,Compressive Strength,False,28.47,26.923,-1.547
TabPFN_Pretrained,V1_RAW,2,CS_NC_28d_052,EXP_CS_NC_28d,Normal Concrete,28,Compressive Strength,False,30.21,26.923,-3.287
TabPFN_Pretrained,V1_RAW,2,CS_NC_28d_053,EXP_CS_NC_28d,Normal Concrete,28,Compressive Strength,False,29.29,26.923,-2.367
TabPFN_Pretrained,V1_RAW,2,CS_NC_28d_054,EXP_CS_NC_28d,Normal Concrete,28,Compressive Strength,False,27.76,26.923,-0.837
TabPFN_Pretrained,V1_RAW,2,CS_NC_28d_055,EXP_CS_NC_28d,Normal Concrete,28,Compressive Strength,False,27.97,26.923,-1.047
TabPFN_Pretrained,V1_RAW,2,CS_NC_28d_056,EXP_CS_NC_28d,Normal Concrete,28,Compressive Strength,False,26.5,26.923,0.423
TabPFN_Pretrained,V1_RAW,2,CS_NC_28d_057,EXP_CS_NC_28d,Normal Concrete,28,Compressive Strength,False,27.97,26.923,-1.047
TabPFN_Pretrained,V1_RAW,2,CS_NC_28d_058,EXP_CS_NC_28d,Normal Concrete,28,Compressive Strength,False,27.57,26.923,-0.647
TabPFN_Pretrained,V1_RAW,2,CS_NC_28d_059,EXP_CS_NC_28d,Normal Concrete,28,Compressive Strength,False,28.48,26.923,-1.557
TabPFN_Pretrained,V1_RAW,2,CS_NC_28d_060,EXP_CS_NC_28d,Normal Concrete,28,Compressive Strength,False,26.76,26.923,0.163
TabPFN_Pretrained,V1_RAW,2,CS_NC_28d_061,EXP_CS_NC_28d,Normal Concrete,28,Compressive Strength,False,28.78,26.923,-1.857
TabPFN_Pretrained,V1_RAW,2,CS_NC_28d_062,EXP_CS_NC_28d,Normal Concrete,28,Compressive Strength,False,30.3,26.923,-3.377
TabPFN_Pretrained,V1_RAW,2,CS_NC_28d_063,EXP_CS_NC_28d,Normal Concrete,28,Compressive Strength,False,27.84,26.923,-0.917
TabPFN_Pretrained,V1_RAW,2,CS_NC_28d_064,EXP_CS_NC_28d,Normal Concrete,28,Compressive Strength,False,28.6,26.923,-1.677
TabPFN_Pretrained,V1_RAW,2,CS_NC_28d_065,EXP_CS_NC_28d,Normal Concrete,28,Compressive Strength,False,29.04,26.923,-2.117
TabPFN_Pretrained,V1_RAW,2,CS_NC_28d_066,EXP_CS_NC_28d,Normal Concrete,28,Compressive Strength,False,27.4,26.923,-0.477
TabPFN_Pretrained,V1_RAW,2,CS_NC_28d_067,EXP_CS_NC_28d,Normal Concrete,28,Compressive Strength,False,28.34,26.923,-1.417
TabPFN_Pretrained,V1_RAW,2,CS_NC_28d_068,EXP_CS_NC_28d,Normal Concrete,28,Compressive Strength,False,28.02,26.923,-1.097
TabPFN_Pretrained,V1_RAW,2,CS_NC_28d_069,EXP_CS_NC_28d,Normal Concrete,28,Compressive Strength,False,28.15,26.923,-1.227
TabPFN_Pretrained,V1_RAW,2,CS_NC_28d_070,EXP_CS_NC_28d,Normal Concrete,28,Compressive Strength,False,26.84,26.923,0.083
TabPFN_Pretrained,V1_RAW,2,CS_NC_28d_071,EXP_CS_NC_28d,Normal Concrete,28,Compressive Strength,False,28.04,26.923,-1.117
TabPFN_Pretrained,V1_RAW,2,CS_NC_28d_072,EXP_CS_NC_28d,Normal Concrete,28,Compressive Strength,False,28.75,26.923,-1.827
TabPFN_Pretrained,V1_RAW,2,CS_NC_28d_073,EXP_CS_NC_28d,Normal Concrete,28,Compressive Strength,False,30.18,26.923,-3.257
TabPFN_Pretrained,V1_RAW,2,CS_NC_28d_074,EXP_CS_NC_28d,Normal Concrete,28,Compressive Strength,False,29.44,26.923,-2.517
TabPFN_Pretrained,V1_RAW,2,CS_NC_28d_075,EXP_CS_NC_28d,Normal Concrete,28,Compressive Strength,False,31.23,26.923,-4.307
TabPFN_Pretrained,V1_RAW,2,CS_NC_28d_076,EXP_CS_NC_28d,Normal Concrete,28,Compressive Strength,False,26.85,26.923,0.073
TabPFN_Pretrained,V1_RAW,2,CS_NC_28d_077,EXP_CS_NC_28d,Normal Concrete,28,Compressive Strength,False,29.31,26.923,-2.387
TabPFN_Pretrained,V1_RAW,2,CS_NC_28d_078,EXP_CS_NC_28d,Normal Concrete,28,Compressive Strength,False,28.28,26.923,-1.357
TabPFN_Pretrained,V1_RAW,2,CS_NC_28d_079,EXP_CS_NC_28d,Normal Concrete,28,Compressive Strength,False,31.28,26.923,-4.357
TabPFN_Pretrained,V1_RAW,2,CS_NC_28d_080,EXP_CS_NC_28d,Normal Concrete,28,Compressive Strength,False,26.79,26.923,0.133
TabPFN_Pretrained,V1_RAW,2,CS_NC_28d_081,EXP_CS_NC_28d,Normal Concrete,28,Compressive Strength,False,26.74,26.923,0.183
TabPFN_Pretrained,V1_RAW,2,CS_NC_28d_082,EXP_CS_NC_28d,Normal Concrete,28,Compressive Strength,False,27.1,26.923,-0.177
TabPFN_Pretrained,V1_RAW,2,CS_NC_28d_083,EXP_CS_NC_28d,Normal Concrete,28,Compressive Strength,False,24.81,26.923,2.113
TabPFN_Pretrained,V1_RAW,2,CS_NC_28d_084,EXP_CS_NC_28d,Normal Concrete,28,Compressive Strength,False,27.21,26.923,-0.287
TabPFN_Pretrained,V1_RAW,2,CS_NC_28d_085,EXP_CS_NC_28d,Normal Concrete,28,Compressive Strength,False,26.86,26.923,0.063
TabPFN_Pretrained,V1_RAW,2,CS_NC_28d_086,EXP_CS_NC_28d,Normal Concrete,28,Compressive Strength,False,28.23,26.923,-1.307
TabPFN_Pretrained,V1_RAW,2,CS_NC_28d_087,EXP_CS_NC_28d,Normal Concrete,28,Compressive Strength,False,28.51,26.923,-1.587
TabPFN_Pretrained,V1_RAW,2,CS_NC_28d_088,EXP_CS_NC_28d,Normal Concrete,28,Compressive Strength,False,30.81,26.923,-3.887
TabPFN_Pretrained,V1_RAW,2,CS_NC_28d_089,EXP_CS_NC_28d,Normal Concrete,28,Compressive Strength,False,29.43,26.923,-2.507
TabPFN_Pretrained,V1_RAW,2,CS_NC_28d_090,EXP_CS_NC_28d,Normal Concrete,28,Compressive Strength,False,27.13,26.923,-0.207
TabPFN_Pretrained,V1_RAW,2,CS_NC_28d_091,EXP_CS_NC_28d,Normal Concrete,28,Compressive Strength,False,26.65,26.923,0.273
TabPFN_Pretrained,V1_RAW,2,CS_NC_28d_092,EXP_CS_NC_28d,Normal Concrete,28,Compressive Strength,False,28.74,26.923,-1.817
TabPFN_Pretrained,V1_RAW,2,CS_NC_28d_093,EXP_CS_NC_28d,Normal Concrete,28,Compressive Strength,False,26.02,26.923,0.903
TabPFN_Pretrained,V1_RAW,2,CS_NC_28d_094,EXP_CS_NC_28d,Normal Concrete,28,Compressive Strength,False,30.75,26.923,-3.827
TabPFN_Pretrained,V1_RAW,2,CS_NC_28d_095,EXP_CS_NC_28d,Normal Concrete,28,Compressive Strength,False,29.77,26.923,-2.847
TabPFN_Pretrained,V1_RAW,2,CS_NC_28d_096,EXP_CS_NC_28d,Normal Concrete,28,Compressive Strength,False,27.3,26.923,-0.377
TabPFN_Pretrained,V1_RAW,2,CS_NC_28d_097,EXP_CS_NC_28d,Normal Concrete,28,Compressive Strength,False,25.43,26.923,1.493
TabPFN_Pretrained,V1_RAW,2,CS_NC_28d_098,EXP_CS_NC_28d,Normal Concrete,28,Compressive Strength,False,30.03,26.923,-3.107
TabPFN_Pretrained,V1_RAW,2,CS_NC_28d_099,EXP_CS_NC_28d,Normal Concrete,28,Compressive Strength,False,27.83,26.923,-0.907
TabPFN_Pretrained,V1_RAW,2,CS_NC_28d_100,EXP_CS_NC_28d,Normal Concrete,28,Compressive Strength,False,29.86,26.923,-2.937
TabPFN_Pretrained,V1_RAW,2,FS_NC_28d_001,EXP_FS_NC_28d,Normal Concrete,28,Flexural Strength,False,3.628,4.3526,0.7246
TabPFN_Pretrained,V1_RAW,2,FS_NC_28d_002,EXP_FS_NC_28d,Normal Concrete,28,Flexural Strength,False,4.255,4.3526,0.0976
TabPFN_Pretrained,V1_RAW,2,FS_NC_28d_003,EXP_FS_NC_28d,Normal Concrete,28,Flexural Strength,False,4.019,4.3526,0.3336
TabPFN_Pretrained,V1_RAW,2,FS_NC_28d_004,EXP_FS_NC_28d,Normal Concrete,28,Flexural Strength,False,3.957,4.3526,0.3956
TabPFN_Pretrained,V1_RAW,2,FS_NC_28d_005,EXP_FS_NC_28d,Normal Concrete,28,Flexural Strength,False,3.857,4.3526,0.4956
TabPFN_Pretrained,V1_RAW,2,FS_NC_28d_006,EXP_FS_NC_28d,Normal Concrete,28,Flexural Strength,False,4.403,4.3526,-0.0504
TabPFN_Pretrained,V1_RAW,2,FS_NC_28d_007,EXP_FS_NC_28d,Normal Concrete,28,Flexural Strength,False,4.22,4.3526,0.1326
TabPFN_Pretrained,V1_RAW,2,FS_NC_28d_008,EXP_FS_NC_28d,Normal Concrete,28,Flexural Strength,False,4.629,4.3526,-0.2764
TabPFN_Pretrained,V1_RAW,2,FS_NC_28d_009,EXP_FS_NC_28d,Normal Concrete,28,Flexural Strength,False,4.203,4.3526,0.1496
TabPFN_Pretrained,V1_RAW,2,FS_NC_28d_010,EXP_FS_NC_28d,Normal Concrete,28,Flexural Strength,False,3.558,4.3526,0.7946
TabPFN_Pretrained,V1_RAW,2,FS_NC_28d_011,EXP_FS_NC_28d,Normal Concrete,28,Flexural Strength,False,4.374,4.3526,-0.0214
TabPFN_Pretrained,V1_RAW,2,FS_NC_28d_012,EXP_FS_NC_28d,Normal Concrete,28,Flexural Strength,False,4.326,4.3526,0.0266
TabPFN_Pretrained,V1_RAW,2,FS_NC_28d_013,EXP_FS_NC_28d,Normal Concrete,28,Flexural Strength,False,3.894,4.3526,0.4586
TabPFN_Pretrained,V1_RAW,2,FS_NC_28d_014,EXP_FS_NC_28d,Normal Concrete,28,Flexural Strength,False,3.917,4.3526,0.4356
TabPFN_Pretrained,V1_RAW,2,FS_NC_28d_015,EXP_FS_NC_28d,Normal Concrete,28,Flexural Strength,False,4.202,4.3526,0.1506
TabPFN_Pretrained,V1_RAW,2,FS_NC_28d_016,EXP_FS_NC_28d,Normal Concrete,28,Flexural Strength,False,4.168,4.3526,0.1846
TabPFN_Pretrained,V1_RAW,2,FS_NC_28d_017,EXP_FS_NC_28d,Normal Concrete,28,Flexural Strength,False,4.153,4.3526,0.1996
TabPFN_Pretrained,V1_RAW,2,FS_NC_28d_018,EXP_FS_NC_28d,Normal Concrete,28,Flexural Strength,False,4.293,4.3526,0.0596
TabPFN_Pretrained,V1_RAW,2,FS_NC_28d_019,EXP_FS_NC_28d,Normal Concrete,28,Flexural Strength,False,4.758,4.3526,-0.4054
TabPFN_Pretrained,V1_RAW,2,FS_NC_28d_020,EXP_FS_NC_28d,Normal Concrete,28,Flexural Strength,False,3.797,4.3526,0.5556
TabPFN_Pretrained,V1_RAW,2,FS_NC_28d_021,EXP_FS_NC_28d,Normal Concrete,28,Flexural Strength,False,4.204,4.3526,0.1486
TabPFN_Pretrained,V1_RAW,2,FS_NC_28d_022,EXP_FS_NC_28d,Normal Concrete,28,Flexural Strength,False,3.867,4.3526,0.4856
TabPFN_Pretrained,V1_RAW,2,FS_NC_28d_023,EXP_FS_NC_28d,Normal Concrete,28,Flexural Strength,False,3.899,4.3526,0.4536
TabPFN_Pretrained,V1_RAW,2,FS_NC_28d_024,EXP_FS_NC_28d,Normal Concrete,28,Flexural Strength,False,4.276,4.3526,0.0766
TabPFN_Pretrained,V1_RAW,2,FS_NC_28d_025,EXP_FS_NC_28d,Normal Concrete,28,Flexural Strength,False,4.537,4.3526,-0.1844
TabPFN_Pretrained,V1_RAW,2,FS_NC_28d_026,EXP_FS_NC_28d,Normal Concrete,28,Flexural Strength,False,4.194,4.3526,0.1586
TabPFN_Pretrained,V1_RAW,2,FS_NC_28d_027,EXP_FS_NC_28d,Normal Concrete,28,Flexural Strength,False,4.164,4.3526,0.1886
TabPFN_Pretrained,V1_RAW,2,FS_NC_28d_028,EXP_FS_NC_28d,Normal Concrete,28,Flexural Strength,False,4.115,4.3526,0.2376
TabPFN_Pretrained,V1_RAW,2,FS_NC_28d_029,EXP_FS_NC_28d,Normal Concrete,28,Flexural Strength,False,4.147,4.3526,0.2056
TabPFN_Pretrained,V1_RAW,2,FS_NC_28d_030,EXP_FS_NC_28d,Normal Concrete,28,Flexural Strength,False,4.332,4.3526,0.0206
TabPFN_Pretrained,V1_RAW,2,FS_NC_28d_031,EXP_FS_NC_28d,Normal Concrete,28,Flexural Strength,False,4.595,4.3526,-0.2424
TabPFN_Pretrained,V1_RAW,2,FS_NC_28d_032,EXP_FS_NC_28d,Normal Concrete,28,Flexural Strength,False,4.326,4.3526,0.0266
TabPFN_Pretrained,V1_RAW,2,FS_NC_28d_033,EXP_FS_NC_28d,Normal Concrete,28,Flexural Strength,False,4.284,4.3526,0.0686
TabPFN_Pretrained,V1_RAW,2,FS_NC_28d_034,EXP_FS_NC_28d,Normal Concrete,28,Flexural Strength,False,4.311,4.3526,0.0416
TabPFN_Pretrained,V1_RAW,2,FS_NC_28d_035,EXP_FS_NC_28d,Normal Concrete,28,Flexural Strength,False,4.346,4.3526,0.0066
TabPFN_Pretrained,V1_RAW,2,FS_NC_28d_036,EXP_FS_NC_28d,Normal Concrete,28,Flexural Strength,False,4.381,4.3526,-0.0284
TabPFN_Pretrained,V1_RAW,2,FS_NC_28d_037,EXP_FS_NC_28d,Normal Concrete,28,Flexural Strength,False,4.029,4.3526,0.3236
TabPFN_Pretrained,V1_RAW,2,FS_NC_28d_038,EXP_FS_NC_28d,Normal Concrete,28,Flexural Strength,False,4.153,4.3526,0.1996
TabPFN_Pretrained,V1_RAW,2,FS_NC_28d_039,EXP_FS_NC_28d,Normal Concrete,28,Flexural Strength,False,4.128,4.3526,0.2246
TabPFN_Pretrained,V1_RAW,2,FS_NC_28d_040,EXP_FS_NC_28d,Normal Concrete,28,Flexural Strength,False,4.512,4.3526,-0.1594
TabPFN_Pretrained,V1_RAW,2,FS_NC_28d_041,EXP_FS_NC_28d,Normal Concrete,28,Flexural Strength,False,3.908,4.3526,0.4446
TabPFN_Pretrained,V1_RAW,2,FS_NC_28d_042,EXP_FS_NC_28d,Normal Concrete,28,Flexural Strength,False,4.085,4.3526,0.2676
TabPFN_Pretrained,V1_RAW,2,FS_NC_28d_043,EXP_FS_NC_28d,Normal Concrete,28,Flexural Strength,False,4.103,4.3526,0.2496
TabPFN_Pretrained,V1_RAW,2,FS_NC_28d_044,EXP_FS_NC_28d,Normal Concrete,28,Flexural Strength,False,4.01,4.3526,0.3426
TabPFN_Pretrained,V1_RAW,2,FS_NC_28d_045,EXP_FS_NC_28d,Normal Concrete,28,Flexural Strength,False,4.073,4.3526,0.2796
TabPFN_Pretrained,V1_RAW,2,FS_NC_28d_046,EXP_FS_NC_28d,Normal Concrete,28,Flexural Strength,False,4.286,4.3526,0.0666
TabPFN_Pretrained,V1_RAW,2,FS_NC_28d_047,EXP_FS_NC_28d,Normal Concrete,28,Flexural Strength,False,4.226,4.3526,0.1266
TabPFN_Pretrained,V1_RAW,2,FS_NC_28d_048,EXP_FS_NC_28d,Normal Concrete,28,Flexural Strength,False,4.317,4.3526,0.0356
TabPFN_Pretrained,V1_RAW,2,FS_NC_28d_049,EXP_FS_NC_28d,Normal Concrete,28,Flexural Strength,False,4.463,4.3526,-0.1104
TabPFN_Pretrained,V1_RAW,2,FS_NC_28d_050,EXP_FS_NC_28d,Normal Concrete,28,Flexural Strength,False,3.857,4.3526,0.4956
TabPFN_Pretrained,V1_RAW,2,FS_NC_28d_051,EXP_FS_NC_28d,Normal Concrete,28,Flexural Strength,False,3.923,4.3526,0.4296
TabPFN_Pretrained,V1_RAW,2,FS_NC_28d_052,EXP_FS_NC_28d,Normal Concrete,28,Flexural Strength,False,4.395,4.3526,-0.0424
TabPFN_Pretrained,V1_RAW,2,FS_NC_28d_053,EXP_FS_NC_28d,Normal Concrete,28,Flexural Strength,False,3.918,4.3526,0.4346
TabPFN_Pretrained,V1_RAW,2,FS_NC_28d_054,EXP_FS_NC_28d,Normal Concrete,28,Flexural Strength,False,4.214,4.3526,0.1386
TabPFN_Pretrained,V1_RAW,2,FS_NC_28d_055,EXP_FS_NC_28d,Normal Concrete,28,Flexural Strength,False,4.36,4.3526,-0.0074
TabPFN_Pretrained,V1_RAW,2,FS_NC_28d_056,EXP_FS_NC_28d,Normal Concrete,28,Flexural Strength,False,4.582,4.3526,-0.2294
TabPFN_Pretrained,V1_RAW,2,FS_NC_28d_057,EXP_FS_NC_28d,Normal Concrete,28,Flexural Strength,False,4.422,4.3526,-0.0694
TabPFN_Pretrained,V1_RAW,2,FS_NC_28d_058,EXP_FS_NC_28d,Normal Concrete,28,Flexural Strength,False,4.225,4.3526,0.1276
TabPFN_Pretrained,V1_RAW,2,FS_NC_28d_059,EXP_FS_NC_28d,Normal Concrete,28,Flexural Strength,False,4.052,4.3526,0.3006
TabPFN_Pretrained,V1_RAW,2,FS_NC_28d_060,EXP_FS_NC_28d,Normal Concrete,28,Flexural Strength,False,3.952,4.3526,0.4006
TabPFN_Pretrained,V1_RAW,2,FS_NC_28d_061,EXP_FS_NC_28d,Normal Concrete,28,Flexural Strength,False,4.492,4.3526,-0.1394
TabPFN_Pretrained,V1_RAW,2,FS_NC_28d_062,EXP_FS_NC_28d,Normal Concrete,28,Flexural Strength,False,4.153,4.3526,0.1996
TabPFN_Pretrained,V1_RAW,2,FS_NC_28d_063,EXP_FS_NC_28d,Normal Concrete,28,Flexural Strength,False,4.085,4.3526,0.2676
TabPFN_Pretrained,V1_RAW,2,FS_NC_28d_064,EXP_FS_NC_28d,Normal Concrete,28,Flexural Strength,False,4.124,4.3526,0.2286
TabPFN_Pretrained,V1_RAW,2,FS_NC_28d_065,EXP_FS_NC_28d,Normal Concrete,28,Flexural Strength,False,3.975,4.3526,0.3776
TabPFN_Pretrained,V1_RAW,2,FS_NC_28d_066,EXP_FS_NC_28d,Normal Concrete,28,Flexural Strength,False,4.198,4.3526,0.1546
TabPFN_Pretrained,V1_RAW,2,FS_NC_28d_067,EXP_FS_NC_28d,Normal Concrete,28,Flexural Strength,False,4.915,4.3526,-0.5624
TabPFN_Pretrained,V1_RAW,2,FS_NC_28d_068,EXP_FS_NC_28d,Normal Concrete,28,Flexural Strength,False,4.168,4.3526,0.1846
TabPFN_Pretrained,V1_RAW,2,FS_NC_28d_069,EXP_FS_NC_28d,Normal Concrete,28,Flexural Strength,False,4.025,4.3526,0.3276
TabPFN_Pretrained,V1_RAW,2,FS_NC_28d_070,EXP_FS_NC_28d,Normal Concrete,28,Flexural Strength,False,4.101,4.3526,0.2516
TabPFN_Pretrained,V1_RAW,2,FS_NC_28d_071,EXP_FS_NC_28d,Normal Concrete,28,Flexural Strength,False,4.025,4.3526,0.3276
TabPFN_Pretrained,V1_RAW,2,FS_NC_28d_072,EXP_FS_NC_28d,Normal Concrete,28,Flexural Strength,False,3.619,4.3526,0.7336
TabPFN_Pretrained,V1_RAW,2,FS_NC_28d_073,EXP_FS_NC_28d,Normal Concrete,28,Flexural Strength,False,4.206,4.3526,0.1466
TabPFN_Pretrained,V1_RAW,2,FS_NC_28d_074,EXP_FS_NC_28d,Normal Concrete,28,Flexural Strength,False,4.047,4.3526,0.3056
TabPFN_Pretrained,V1_RAW,2,FS_NC_28d_075,EXP_FS_NC_28d,Normal Concrete,28,Flexural Strength,False,4.112,4.3526,0.2406
TabPFN_Pretrained,V1_RAW,2,FS_NC_28d_076,EXP_FS_NC_28d,Normal Concrete,28,Flexural Strength,False,4.451,4.3526,-0.0984
TabPFN_Pretrained,V1_RAW,2,FS_NC_28d_077,EXP_FS_NC_28d,Normal Concrete,28,Flexural Strength,False,4.096,4.3526,0.2566
TabPFN_Pretrained,V1_RAW,2,FS_NC_28d_078,EXP_FS_NC_28d,Normal Concrete,28,Flexural Strength,False,4.323,4.3526,0.0296
TabPFN_Pretrained,V1_RAW,2,FS_NC_28d_079,EXP_FS_NC_28d,Normal Concrete,28,Flexural Strength,False,4.333,4.3526,0.0196
TabPFN_Pretrained,V1_RAW,2,FS_NC_28d_080,EXP_FS_NC_28d,Normal Concrete,28,Flexural Strength,False,4.111,4.3526,0.2416
TabPFN_Pretrained,V1_RAW,2,FS_NC_28d_081,EXP_FS_NC_28d,Normal Concrete,28,Flexural Strength,False,4.048,4.3526,0.3046
TabPFN_Pretrained,V1_RAW,2,FS_NC_28d_082,EXP_FS_NC_28d,Normal Concrete,28,Flexural Strength,False,3.77,4.3526,0.5826
TabPFN_Pretrained,V1_RAW,2,FS_NC_28d_083,EXP_FS_NC_28d,Normal Concrete,28,Flexural Strength,False,4.832,4.3526,-0.4794
TabPFN_Pretrained,V1_RAW,2,FS_NC_28d_084,EXP_FS_NC_28d,Normal Concrete,28,Flexural Strength,False,4.146,4.3526,0.2066
TabPFN_Pretrained,V1_RAW,2,FS_NC_28d_085,EXP_FS_NC_28d,Normal Concrete,28,Flexural Strength,False,4.613,4.3526,-0.2604
TabPFN_Pretrained,V1_RAW,2,FS_NC_28d_086,EXP_FS_NC_28d,Normal Concrete,28,Flexural Strength,False,4.178,4.3526,0.1746
TabPFN_Pretrained,V1_RAW,2,FS_NC_28d_087,EXP_FS_NC_28d,Normal Concrete,28,Flexural Strength,False,4.107,4.3526,0.2456
TabPFN_Pretrained,V1_RAW,2,FS_NC_28d_088,EXP_FS_NC_28d,Normal Concrete,28,Flexural Strength,False,3.944,4.3526,0.4086
TabPFN_Pretrained,V1_RAW,2,FS_NC_28d_089,EXP_FS_NC_28d,Normal Concrete,28,Flexural Strength,False,4.732,4.3526,-0.3794
TabPFN_Pretrained,V1_RAW,2,FS_NC_28d_090,EXP_FS_NC_28d,Normal Concrete,28,Flexural Strength,False,4.322,4.3526,0.0306
TabPFN_Pretrained,V1_RAW,2,FS_NC_28d_091,EXP_FS_NC_28d,Normal Concrete,28,Flexural Strength,False,3.968,4.3526,0.3846
TabPFN_Pretrained,V1_RAW,2,FS_NC_28d_092,EXP_FS_NC_28d,Normal Concrete,28,Flexural Strength,False,4.025,4.3526,0.3276
TabPFN_Pretrained,V1_RAW,2,FS_NC_28d_093,EXP_FS_NC_28d,Normal Concrete,28,Flexural Strength,False,3.758,4.3526,0.5946
TabPFN_Pretrained,V1_RAW,2,FS_NC_28d_094,EXP_FS_NC_28d,Normal Concrete,28,Flexural Strength,False,4.555,4.3526,-0.2024
TabPFN_Pretrained,V1_RAW,2,FS_NC_28d_095,EXP_FS_NC_28d,Normal Concrete,28,Flexural Strength,False,3.876,4.3526,0.4766
TabPFN_Pretrained,V1_RAW,2,FS_NC_28d_096,EXP_FS_NC_28d,Normal Concrete,28,Flexural Strength,False,4.327,4.3526,0.0256
TabPFN_Pretrained,V1_RAW,2,FS_NC_28d_097,EXP_FS_NC_28d,Normal Concrete,28,Flexural Strength,False,4.748,4.3526,-0.3954
TabPFN_Pretrained,V1_RAW,2,FS_NC_28d_098,EXP_FS_NC_28d,Normal Concrete,28,Flexural Strength,False,4.409,4.3526,-0.0564
TabPFN_Pretrained,V1_RAW,2,FS_NC_28d_099,EXP_FS_NC_28d,Normal Concrete,28,Flexural Strength,False,4.106,4.3526,0.2466
TabPFN_Pretrained,V1_RAW,2,FS_NC_28d_100,EXP_FS_NC_28d,Normal Concrete,28,Flexural Strength,False,4.122,4.3526,0.2306
TabPFN_Pretrained,V1_RAW,2,FS_BC_28d_001,EXP_FS_BC_28d,Bacterial Concrete,28,Flexural Strength,False,5.074,5.1016,0.0276
TabPFN_Pretrained,V1_RAW,2,FS_BC_28d_002,EXP_FS_BC_28d,Bacterial Concrete,28,Flexural Strength,False,5.504,5.1016,-0.4024
TabPFN_Pretrained,V1_RAW,2,FS_BC_28d_003,EXP_FS_BC_28d,Bacterial Concrete,28,Flexural Strength,False,5.279,5.1016,-0.1774
TabPFN_Pretrained,V1_RAW,2,FS_BC_28d_004,EXP_FS_BC_28d,Bacterial Concrete,28,Flexural Strength,False,5.354,5.1016,-0.2524
TabPFN_Pretrained,V1_RAW,2,FS_BC_28d_005,EXP_FS_BC_28d,Bacterial Concrete,28,Flexural Strength,False,5.218,5.1016,-0.1164
TabPFN_Pretrained,V1_RAW,2,FS_BC_28d_006,EXP_FS_BC_28d,Bacterial Concrete,28,Flexural Strength,False,5.424,5.1016,-0.3224
TabPFN_Pretrained,V1_RAW,2,FS_BC_28d_007,EXP_FS_BC_28d,Bacterial Concrete,28,Flexural Strength,False,4.996,5.1016,0.1056
TabPFN_Pretrained,V1_RAW,2,FS_BC_28d_008,EXP_FS_BC_28d,Bacterial Concrete,28,Flexural Strength,False,5.109,5.1016,-0.0074
TabPFN_Pretrained,V1_RAW,2,FS_BC_28d_009,EXP_FS_BC_28d,Bacterial Concrete,28,Flexural Strength,False,5.061,5.1016,0.0406
TabPFN_Pretrained,V1_RAW,2,FS_BC_28d_010,EXP_FS_BC_28d,Bacterial Concrete,28,Flexural Strength,False,4.998,5.1016,0.1036
TabPFN_Pretrained,V1_RAW,2,FS_BC_28d_011,EXP_FS_BC_28d,Bacterial Concrete,28,Flexural Strength,False,4.829,5.1016,0.2726
TabPFN_Pretrained,V1_RAW,2,FS_BC_28d_012,EXP_FS_BC_28d,Bacterial Concrete,28,Flexural Strength,False,4.775,5.1016,0.3266
TabPFN_Pretrained,V1_RAW,2,FS_BC_28d_013,EXP_FS_BC_28d,Bacterial Concrete,28,Flexural Strength,False,4.909,5.1016,0.1926
TabPFN_Pretrained,V1_RAW,2,FS_BC_28d_014,EXP_FS_BC_28d,Bacterial Concrete,28,Flexural Strength,False,4.688,5.1016,0.4136
TabPFN_Pretrained,V1_RAW,2,FS_BC_28d_015,EXP_FS_BC_28d,Bacterial Concrete,28,Flexural Strength,False,5.324,5.1016,-0.2224
TabPFN_Pretrained,V1_RAW,2,FS_BC_28d_016,EXP_FS_BC_28d,Bacterial Concrete,28,Flexural Strength,False,5.363,5.1016,-0.2614
TabPFN_Pretrained,V1_RAW,2,FS_BC_28d_017,EXP_FS_BC_28d,Bacterial Concrete,28,Flexural Strength,False,5.05,5.1016,0.0516
TabPFN_Pretrained,V1_RAW,2,FS_BC_28d_018,EXP_FS_BC_28d,Bacterial Concrete,28,Flexural Strength,False,5.007,5.1016,0.0946
TabPFN_Pretrained,V1_RAW,2,FS_BC_28d_019,EXP_FS_BC_28d,Bacterial Concrete,28,Flexural Strength,False,4.921,5.1016,0.1806
TabPFN_Pretrained,V1_RAW,2,FS_BC_28d_020,EXP_FS_BC_28d,Bacterial Concrete,28,Flexural Strength,False,4.551,5.1016,0.5506
TabPFN_Pretrained,V1_RAW,2,FS_BC_28d_021,EXP_FS_BC_28d,Bacterial Concrete,28,Flexural Strength,False,5.021,5.1016,0.0806
TabPFN_Pretrained,V1_RAW,2,FS_BC_28d_022,EXP_FS_BC_28d,Bacterial Concrete,28,Flexural Strength,False,5.078,5.1016,0.0236
TabPFN_Pretrained,V1_RAW,2,FS_BC_28d_023,EXP_FS_BC_28d,Bacterial Concrete,28,Flexural Strength,False,5.109,5.1016,-0.0074
TabPFN_Pretrained,V1_RAW,2,FS_BC_28d_024,EXP_FS_BC_28d,Bacterial Concrete,28,Flexural Strength,False,4.9,5.1016,0.2016
TabPFN_Pretrained,V1_RAW,2,FS_BC_28d_025,EXP_FS_BC_28d,Bacterial Concrete,28,Flexural Strength,False,4.857,5.1016,0.2446
TabPFN_Pretrained,V1_RAW,2,FS_BC_28d_026,EXP_FS_BC_28d,Bacterial Concrete,28,Flexural Strength,False,5.066,5.1016,0.0356
TabPFN_Pretrained,V1_RAW,2,FS_BC_28d_027,EXP_FS_BC_28d,Bacterial Concrete,28,Flexural Strength,False,4.833,5.1016,0.2686
TabPFN_Pretrained,V1_RAW,2,FS_BC_28d_028,EXP_FS_BC_28d,Bacterial Concrete,28,Flexural Strength,False,5.089,5.1016,0.0126
TabPFN_Pretrained,V1_RAW,2,FS_BC_28d_029,EXP_FS_BC_28d,Bacterial Concrete,28,Flexural Strength,False,5.318,5.1016,-0.2164
TabPFN_Pretrained,V1_RAW,2,FS_BC_28d_030,EXP_FS_BC_28d,Bacterial Concrete,28,Flexural Strength,False,5.039,5.1016,0.0626
TabPFN_Pretrained,V1_RAW,2,FS_BC_28d_031,EXP_FS_BC_28d,Bacterial Concrete,28,Flexural Strength,False,4.73,5.1016,0.3716
TabPFN_Pretrained,V1_RAW,2,FS_BC_28d_032,EXP_FS_BC_28d,Bacterial Concrete,28,Flexural Strength,False,4.846,5.1016,0.2556
TabPFN_Pretrained,V1_RAW,2,FS_BC_28d_033,EXP_FS_BC_28d,Bacterial Concrete,28,Flexural Strength,False,5.034,5.1016,0.0676
TabPFN_Pretrained,V1_RAW,2,FS_BC_28d_034,EXP_FS_BC_28d,Bacterial Concrete,28,Flexural Strength,False,4.622,5.1016,0.4796
TabPFN_Pretrained,V1_RAW,2,FS_BC_28d_035,EXP_FS_BC_28d,Bacterial Concrete,28,Flexural Strength,False,5.383,5.1016,-0.2814
TabPFN_Pretrained,V1_RAW,2,FS_BC_28d_036,EXP_FS_BC_28d,Bacterial Concrete,28,Flexural Strength,False,5.524,5.1016,-0.4224
TabPFN_Pretrained,V1_RAW,2,FS_BC_28d_037,EXP_FS_BC_28d,Bacterial Concrete,28,Flexural Strength,False,4.769,5.1016,0.3326
TabPFN_Pretrained,V1_RAW,2,FS_BC_28d_038,EXP_FS_BC_28d,Bacterial Concrete,28,Flexural Strength,False,5.026,5.1016,0.0756
TabPFN_Pretrained,V1_RAW,2,FS_BC_28d_039,EXP_FS_BC_28d,Bacterial Concrete,28,Flexural Strength,False,5.271,5.1016,-0.1694
TabPFN_Pretrained,V1_RAW,2,FS_BC_28d_040,EXP_FS_BC_28d,Bacterial Concrete,28,Flexural Strength,False,4.711,5.1016,0.3906
TabPFN_Pretrained,V1_RAW,2,FS_BC_28d_041,EXP_FS_BC_28d,Bacterial Concrete,28,Flexural Strength,False,4.832,5.1016,0.2696
TabPFN_Pretrained,V1_RAW,2,FS_BC_28d_042,EXP_FS_BC_28d,Bacterial Concrete,28,Flexural Strength,False,5.374,5.1016,-0.2724
TabPFN_Pretrained,V1_RAW,2,FS_BC_28d_043,EXP_FS_BC_28d,Bacterial Concrete,28,Flexural Strength,False,4.708,5.1016,0.3936
TabPFN_Pretrained,V1_RAW,2,FS_BC_28d_044,EXP_FS_BC_28d,Bacterial Concrete,28,Flexural Strength,False,4.405,5.1016,0.6966
TabPFN_Pretrained,V1_RAW,2,FS_BC_28d_045,EXP_FS_BC_28d,Bacterial Concrete,28,Flexural Strength,False,4.508,5.1016,0.5936
TabPFN_Pretrained,V1_RAW,2,FS_BC_28d_046,EXP_FS_BC_28d,Bacterial Concrete,28,Flexural Strength,False,5.205,5.1016,-0.1034
TabPFN_Pretrained,V1_RAW,2,FS_BC_28d_047,EXP_FS_BC_28d,Bacterial Concrete,28,Flexural Strength,False,5.457,5.1016,-0.3554
TabPFN_Pretrained,V1_RAW,2,FS_BC_28d_048,EXP_FS_BC_28d,Bacterial Concrete,28,Flexural Strength,False,5.056,5.1016,0.0456
TabPFN_Pretrained,V1_RAW,2,FS_BC_28d_049,EXP_FS_BC_28d,Bacterial Concrete,28,Flexural Strength,False,5.201,5.1016,-0.0994
TabPFN_Pretrained,V1_RAW,2,FS_BC_28d_050,EXP_FS_BC_28d,Bacterial Concrete,28,Flexural Strength,False,5.108,5.1016,-0.0064
TabPFN_Pretrained,V1_RAW,2,FS_BC_28d_051,EXP_FS_BC_28d,Bacterial Concrete,28,Flexural Strength,False,4.939,5.1016,0.1626
TabPFN_Pretrained,V1_RAW,2,FS_BC_28d_052,EXP_FS_BC_28d,Bacterial Concrete,28,Flexural Strength,False,4.665,5.1016,0.4366
TabPFN_Pretrained,V1_RAW,2,FS_BC_28d_053,EXP_FS_BC_28d,Bacterial Concrete,28,Flexural Strength,False,5.237,5.1016,-0.1354
TabPFN_Pretrained,V1_RAW,2,FS_BC_28d_054,EXP_FS_BC_28d,Bacterial Concrete,28,Flexural Strength,False,4.762,5.1016,0.3396
TabPFN_Pretrained,V1_RAW,2,FS_BC_28d_055,EXP_FS_BC_28d,Bacterial Concrete,28,Flexural Strength,False,5.002,5.1016,0.0996
TabPFN_Pretrained,V1_RAW,2,FS_BC_28d_056,EXP_FS_BC_28d,Bacterial Concrete,28,Flexural Strength,False,5.383,5.1016,-0.2814
TabPFN_Pretrained,V1_RAW,2,FS_BC_28d_057,EXP_FS_BC_28d,Bacterial Concrete,28,Flexural Strength,False,4.971,5.1016,0.1306
TabPFN_Pretrained,V1_RAW,2,FS_BC_28d_058,EXP_FS_BC_28d,Bacterial Concrete,28,Flexural Strength,False,4.845,5.1016,0.2566
TabPFN_Pretrained,V1_RAW,2,FS_BC_28d_059,EXP_FS_BC_28d,Bacterial Concrete,28,Flexural Strength,False,4.884,5.1016,0.2176
TabPFN_Pretrained,V1_RAW,2,FS_BC_28d_060,EXP_FS_BC_28d,Bacterial Concrete,28,Flexural Strength,False,5.319,5.1016,-0.2174
TabPFN_Pretrained,V1_RAW,2,FS_BC_28d_061,EXP_FS_BC_28d,Bacterial Concrete,28,Flexural Strength,False,5.009,5.1016,0.0926
TabPFN_Pretrained,V1_RAW,2,FS_BC_28d_062,EXP_FS_BC_28d,Bacterial Concrete,28,Flexural Strength,False,5.058,5.1016,0.0436
TabPFN_Pretrained,V1_RAW,2,FS_BC_28d_063,EXP_FS_BC_28d,Bacterial Concrete,28,Flexural Strength,False,4.83,5.1016,0.2716
TabPFN_Pretrained,V1_RAW,2,FS_BC_28d_064,EXP_FS_BC_28d,Bacterial Concrete,28,Flexural Strength,False,4.789,5.1016,0.3126
TabPFN_Pretrained,V1_RAW,2,FS_BC_28d_065,EXP_FS_BC_28d,Bacterial Concrete,28,Flexural Strength,False,5.184,5.1016,-0.0824
TabPFN_Pretrained,V1_RAW,2,FS_BC_28d_066,EXP_FS_BC_28d,Bacterial Concrete,28,Flexural Strength,False,5.126,5.1016,-0.0244
TabPFN_Pretrained,V1_RAW,2,FS_BC_28d_067,EXP_FS_BC_28d,Bacterial Concrete,28,Flexural Strength,False,5.698,5.1016,-0.5964
TabPFN_Pretrained,V1_RAW,2,FS_BC_28d_068,EXP_FS_BC_28d,Bacterial Concrete,28,Flexural Strength,False,4.682,5.1016,0.4196
TabPFN_Pretrained,V1_RAW,2,FS_BC_28d_069,EXP_FS_BC_28d,Bacterial Concrete,28,Flexural Strength,False,5.234,5.1016,-0.1324
TabPFN_Pretrained,V1_RAW,2,FS_BC_28d_070,EXP_FS_BC_28d,Bacterial Concrete,28,Flexural Strength,False,4.614,5.1016,0.4876
TabPFN_Pretrained,V1_RAW,2,FS_BC_28d_071,EXP_FS_BC_28d,Bacterial Concrete,28,Flexural Strength,False,5.236,5.1016,-0.1344
TabPFN_Pretrained,V1_RAW,2,FS_BC_28d_072,EXP_FS_BC_28d,Bacterial Concrete,28,Flexural Strength,False,4.691,5.1016,0.4106
TabPFN_Pretrained,V1_RAW,2,FS_BC_28d_073,EXP_FS_BC_28d,Bacterial Concrete,28,Flexural Strength,False,4.644,5.1016,0.4576
TabPFN_Pretrained,V1_RAW,2,FS_BC_28d_074,EXP_FS_BC_28d,Bacterial Concrete,28,Flexural Strength,False,5.055,5.1016,0.0466
TabPFN_Pretrained,V1_RAW,2,FS_BC_28d_075,EXP_FS_BC_28d,Bacterial Concrete,28,Flexural Strength,False,4.949,5.1016,0.1526
TabPFN_Pretrained,V1_RAW,2,FS_BC_28d_076,EXP_FS_BC_28d,Bacterial Concrete,28,Flexural Strength,False,4.984,5.1016,0.1176
TabPFN_Pretrained,V1_RAW,2,FS_BC_28d_077,EXP_FS_BC_28d,Bacterial Concrete,28,Flexural Strength,False,5.195,5.1016,-0.0934
TabPFN_Pretrained,V1_RAW,2,FS_BC_28d_078,EXP_FS_BC_28d,Bacterial Concrete,28,Flexural Strength,False,5.368,5.1016,-0.2664
TabPFN_Pretrained,V1_RAW,2,FS_BC_28d_079,EXP_FS_BC_28d,Bacterial Concrete,28,Flexural Strength,False,4.948,5.1016,0.1536
TabPFN_Pretrained,V1_RAW,2,FS_BC_28d_080,EXP_FS_BC_28d,Bacterial Concrete,28,Flexural Strength,False,4.99,5.1016,0.1116
TabPFN_Pretrained,V1_RAW,2,FS_BC_28d_081,EXP_FS_BC_28d,Bacterial Concrete,28,Flexural Strength,False,4.933,5.1016,0.1686
TabPFN_Pretrained,V1_RAW,2,FS_BC_28d_082,EXP_FS_BC_28d,Bacterial Concrete,28,Flexural Strength,False,4.435,5.1016,0.6666
TabPFN_Pretrained,V1_RAW,2,FS_BC_28d_083,EXP_FS_BC_28d,Bacterial Concrete,28,Flexural Strength,False,5.133,5.1016,-0.0314
TabPFN_Pretrained,V1_RAW,2,FS_BC_28d_084,EXP_FS_BC_28d,Bacterial Concrete,28,Flexural Strength,False,4.376,5.1016,0.7256
TabPFN_Pretrained,V1_RAW,2,FS_BC_28d_085,EXP_FS_BC_28d,Bacterial Concrete,28,Flexural Strength,False,5.138,5.1016,-0.0364
TabPFN_Pretrained,V1_RAW,2,FS_BC_28d_086,EXP_FS_BC_28d,Bacterial Concrete,28,Flexural Strength,False,5.039,5.1016,0.0626
TabPFN_Pretrained,V1_RAW,2,FS_BC_28d_087,EXP_FS_BC_28d,Bacterial Concrete,28,Flexural Strength,False,4.857,5.1016,0.2446
TabPFN_Pretrained,V1_RAW,2,FS_BC_28d_088,EXP_FS_BC_28d,Bacterial Concrete,28,Flexural Strength,False,5.319,5.1016,-0.2174
TabPFN_Pretrained,V1_RAW,2,FS_BC_28d_089,EXP_FS_BC_28d,Bacterial Concrete,28,Flexural Strength,False,4.735,5.1016,0.3666
TabPFN_Pretrained,V1_RAW,2,FS_BC_28d_090,EXP_FS_BC_28d,Bacterial Concrete,28,Flexural Strength,False,5.549,5.1016,-0.4474
TabPFN_Pretrained,V1_RAW,2,FS_BC_28d_091,EXP_FS_BC_28d,Bacterial Concrete,28,Flexural Strength,False,5.032,5.1016,0.0696
TabPFN_Pretrained,V1_RAW,2,FS_BC_28d_092,EXP_FS_BC_28d,Bacterial Concrete,28,Flexural Strength,False,4.81,5.1016,0.2916
TabPFN_Pretrained,V1_RAW,2,FS_BC_28d_093,EXP_FS_BC_28d,Bacterial Concrete,28,Flexural Strength,False,5.007,5.1016,0.0946
TabPFN_Pretrained,V1_RAW,2,FS_BC_28d_094,EXP_FS_BC_28d,Bacterial Concrete,28,Flexural Strength,False,5.543,5.1016,-0.4414
TabPFN_Pretrained,V1_RAW,2,FS_BC_28d_095,EXP_FS_BC_28d,Bacterial Concrete,28,Flexural Strength,False,4.742,5.1016,0.3596
TabPFN_Pretrained,V1_RAW,2,FS_BC_28d_096,EXP_FS_BC_28d,Bacterial Concrete,28,Flexural Strength,False,4.652,5.1016,0.4496
TabPFN_Pretrained,V1_RAW,2,FS_BC_28d_097,EXP_FS_BC_28d,Bacterial Concrete,28,Flexural Strength,False,5.312,5.1016,-0.2104
TabPFN_Pretrained,V1_RAW,2,FS_BC_28d_098,EXP_FS_BC_28d,Bacterial Concrete,28,Flexural Strength,False,5.143,5.1016,-0.0414
TabPFN_Pretrained,V1_RAW,2,FS_BC_28d_099,EXP_FS_BC_28d,Bacterial Concrete,28,Flexural Strength,False,4.827,5.1016,0.2746
TabPFN_Pretrained,V1_RAW,2,FS_BC_28d_100,EXP_FS_BC_28d,Bacterial Concrete,28,Flexural Strength,False,4.444,5.1016,0.6576
TabPFN_Pretrained,V1_RAW,2,TS_NC_56d_001,EXP_TS_NC_56d,Normal Concrete,56,Split Tensile Strength,False,3.13,3.7297,0.5997
TabPFN_Pretrained,V1_RAW,2,TS_NC_56d_002,EXP_TS_NC_56d,Normal Concrete,56,Split Tensile Strength,False,2.821,3.7297,0.9087
TabPFN_Pretrained,V1_RAW,2,TS_NC_56d_003,EXP_TS_NC_56d,Normal Concrete,56,Split Tensile Strength,False,2.826,3.7297,0.9037
TabPFN_Pretrained,V1_RAW,2,TS_NC_56d_004,EXP_TS_NC_56d,Normal Concrete,56,Split Tensile Strength,False,2.704,3.7297,1.0257
TabPFN_Pretrained,V1_RAW,2,TS_NC_56d_005,EXP_TS_NC_56d,Normal Concrete,56,Split Tensile Strength,False,2.899,3.7297,0.8307
TabPFN_Pretrained,V1_RAW,2,TS_NC_56d_006,EXP_TS_NC_56d,Normal Concrete,56,Split Tensile Strength,False,3.047,3.7297,0.6827
TabPFN_Pretrained,V1_RAW,2,TS_NC_56d_007,EXP_TS_NC_56d,Normal Concrete,56,Split Tensile Strength,False,2.637,3.7297,1.0927
TabPFN_Pretrained,V1_RAW,2,TS_NC_56d_008,EXP_TS_NC_56d,Normal Concrete,56,Split Tensile Strength,False,2.8,3.7297,0.9297
TabPFN_Pretrained,V1_RAW,2,TS_NC_56d_009,EXP_TS_NC_56d,Normal Concrete,56,Split Tensile Strength,False,2.905,3.7297,0.8247
TabPFN_Pretrained,V1_RAW,2,TS_NC_56d_010,EXP_TS_NC_56d,Normal Concrete,56,Split Tensile Strength,False,3.028,3.7297,0.7017
TabPFN_Pretrained,V1_RAW,2,TS_NC_56d_011,EXP_TS_NC_56d,Normal Concrete,56,Split Tensile Strength,False,2.957,3.7297,0.7727
TabPFN_Pretrained,V1_RAW,2,TS_NC_56d_012,EXP_TS_NC_56d,Normal Concrete,56,Split Tensile Strength,False,2.949,3.7297,0.7807
TabPFN_Pretrained,V1_RAW,2,TS_NC_56d_013,EXP_TS_NC_56d,Normal Concrete,56,Split Tensile Strength,False,2.866,3.7297,0.8637
TabPFN_Pretrained,V1_RAW,2,TS_NC_56d_014,EXP_TS_NC_56d,Normal Concrete,56,Split Tensile Strength,False,2.972,3.7297,0.7577
TabPFN_Pretrained,V1_RAW,2,TS_NC_56d_015,EXP_TS_NC_56d,Normal Concrete,56,Split Tensile Strength,False,3.052,3.7297,0.6777
TabPFN_Pretrained,V1_RAW,2,TS_NC_56d_016,EXP_TS_NC_56d,Normal Concrete,56,Split Tensile Strength,False,2.644,3.7297,1.0857
TabPFN_Pretrained,V1_RAW,2,TS_NC_56d_017,EXP_TS_NC_56d,Normal Concrete,56,Split Tensile Strength,False,3.009,3.7297,0.7207
TabPFN_Pretrained,V1_RAW,2,TS_NC_56d_018,EXP_TS_NC_56d,Normal Concrete,56,Split Tensile Strength,False,2.885,3.7297,0.8447
TabPFN_Pretrained,V1_RAW,2,TS_NC_56d_019,EXP_TS_NC_56d,Normal Concrete,56,Split Tensile Strength,False,2.821,3.7297,0.9087
TabPFN_Pretrained,V1_RAW,2,TS_NC_56d_020,EXP_TS_NC_56d,Normal Concrete,56,Split Tensile Strength,False,2.534,3.7297,1.1957
TabPFN_Pretrained,V1_RAW,2,TS_NC_56d_021,EXP_TS_NC_56d,Normal Concrete,56,Split Tensile Strength,False,2.693,3.7297,1.0367
TabPFN_Pretrained,V1_RAW,2,TS_NC_56d_022,EXP_TS_NC_56d,Normal Concrete,56,Split Tensile Strength,False,3.155,3.7297,0.5747
TabPFN_Pretrained,V1_RAW,2,TS_NC_56d_023,EXP_TS_NC_56d,Normal Concrete,56,Split Tensile Strength,False,2.797,3.7297,0.9327
TabPFN_Pretrained,V1_RAW,2,TS_NC_56d_024,EXP_TS_NC_56d,Normal Concrete,56,Split Tensile Strength,False,2.737,3.7297,0.9927
TabPFN_Pretrained,V1_RAW,2,TS_NC_56d_025,EXP_TS_NC_56d,Normal Concrete,56,Split Tensile Strength,False,2.832,3.7297,0.8977
TabPFN_Pretrained,V1_RAW,2,TS_NC_56d_026,EXP_TS_NC_56d,Normal Concrete,56,Split Tensile Strength,False,2.788,3.7297,0.9417
TabPFN_Pretrained,V1_RAW,2,TS_NC_56d_027,EXP_TS_NC_56d,Normal Concrete,56,Split Tensile Strength,False,2.919,3.7297,0.8107
TabPFN_Pretrained,V1_RAW,2,TS_NC_56d_028,EXP_TS_NC_56d,Normal Concrete,56,Split Tensile Strength,False,3.128,3.7297,0.6017
TabPFN_Pretrained,V1_RAW,2,TS_NC_56d_029,EXP_TS_NC_56d,Normal Concrete,56,Split Tensile Strength,False,2.812,3.7297,0.9177
TabPFN_Pretrained,V1_RAW,2,TS_NC_56d_030,EXP_TS_NC_56d,Normal Concrete,56,Split Tensile Strength,False,2.923,3.7297,0.8067
TabPFN_Pretrained,V1_RAW,2,TS_NC_56d_031,EXP_TS_NC_56d,Normal Concrete,56,Split Tensile Strength,False,2.728,3.7297,1.0017
TabPFN_Pretrained,V1_RAW,2,TS_NC_56d_032,EXP_TS_NC_56d,Normal Concrete,56,Split Tensile Strength,False,3.128,3.7297,0.6017
TabPFN_Pretrained,V1_RAW,2,TS_NC_56d_033,EXP_TS_NC_56d,Normal Concrete,56,Split Tensile Strength,False,2.928,3.7297,0.8017
TabPFN_Pretrained,V1_RAW,2,TS_NC_56d_034,EXP_TS_NC_56d,Normal Concrete,56,Split Tensile Strength,False,2.738,3.7297,0.9917
TabPFN_Pretrained,V1_RAW,2,TS_NC_56d_035,EXP_TS_NC_56d,Normal Concrete,56,Split Tensile Strength,False,3.036,3.7297,0.6937
TabPFN_Pretrained,V1_RAW,2,TS_NC_56d_036,EXP_TS_NC_56d,Normal Concrete,56,Split Tensile Strength,False,3.08,3.7297,0.6497
TabPFN_Pretrained,V1_RAW,2,TS_NC_56d_037,EXP_TS_NC_56d,Normal Concrete,56,Split Tensile Strength,False,2.924,3.7297,0.8057
TabPFN_Pretrained,V1_RAW,2,TS_NC_56d_038,EXP_TS_NC_56d,Normal Concrete,56,Split Tensile Strength,False,2.654,3.7297,1.0757
TabPFN_Pretrained,V1_RAW,2,TS_NC_56d_039,EXP_TS_NC_56d,Normal Concrete,56,Split Tensile Strength,False,3.168,3.7297,0.5617
TabPFN_Pretrained,V1_RAW,2,TS_NC_56d_040,EXP_TS_NC_56d,Normal Concrete,56,Split Tensile Strength,False,2.947,3.7297,0.7827
TabPFN_Pretrained,V1_RAW,2,TS_NC_56d_041,EXP_TS_NC_56d,Normal Concrete,56,Split Tensile Strength,False,3.076,3.7297,0.6537
TabPFN_Pretrained,V1_RAW,2,TS_NC_56d_042,EXP_TS_NC_56d,Normal Concrete,56,Split Tensile Strength,False,2.817,3.7297,0.9127
TabPFN_Pretrained,V1_RAW,2,TS_NC_56d_043,EXP_TS_NC_56d,Normal Concrete,56,Split Tensile Strength,False,2.84,3.7297,0.8897
TabPFN_Pretrained,V1_RAW,2,TS_NC_56d_044,EXP_TS_NC_56d,Normal Concrete,56,Split Tensile Strength,False,2.917,3.7297,0.8127
TabPFN_Pretrained,V1_RAW,2,TS_NC_56d_045,EXP_TS_NC_56d,Normal Concrete,56,Split Tensile Strength,False,3.067,3.7297,0.6627
TabPFN_Pretrained,V1_RAW,2,TS_NC_56d_046,EXP_TS_NC_56d,Normal Concrete,56,Split Tensile Strength,False,2.921,3.7297,0.8087
TabPFN_Pretrained,V1_RAW,2,TS_NC_56d_047,EXP_TS_NC_56d,Normal Concrete,56,Split Tensile Strength,False,2.711,3.7297,1.0187
TabPFN_Pretrained,V1_RAW,2,TS_NC_56d_048,EXP_TS_NC_56d,Normal Concrete,56,Split Tensile Strength,False,2.939,3.7297,0.7907
TabPFN_Pretrained,V1_RAW,2,TS_NC_56d_049,EXP_TS_NC_56d,Normal Concrete,56,Split Tensile Strength,False,3.144,3.7297,0.5857
TabPFN_Pretrained,V1_RAW,2,TS_NC_56d_050,EXP_TS_NC_56d,Normal Concrete,56,Split Tensile Strength,False,2.91,3.7297,0.8197
TabPFN_Pretrained,V1_RAW,2,TS_NC_56d_051,EXP_TS_NC_56d,Normal Concrete,56,Split Tensile Strength,False,2.919,3.7297,0.8107
TabPFN_Pretrained,V1_RAW,2,TS_NC_56d_052,EXP_TS_NC_56d,Normal Concrete,56,Split Tensile Strength,False,2.711,3.7297,1.0187
TabPFN_Pretrained,V1_RAW,2,TS_NC_56d_053,EXP_TS_NC_56d,Normal Concrete,56,Split Tensile Strength,False,2.69,3.7297,1.0397
TabPFN_Pretrained,V1_RAW,2,TS_NC_56d_054,EXP_TS_NC_56d,Normal Concrete,56,Split Tensile Strength,False,2.804,3.7297,0.9257
TabPFN_Pretrained,V1_RAW,2,TS_NC_56d_055,EXP_TS_NC_56d,Normal Concrete,56,Split Tensile Strength,False,2.851,3.7297,0.8787
TabPFN_Pretrained,V1_RAW,2,TS_NC_56d_056,EXP_TS_NC_56d,Normal Concrete,56,Split Tensile Strength,False,2.916,3.7297,0.8137
TabPFN_Pretrained,V1_RAW,2,TS_NC_56d_057,EXP_TS_NC_56d,Normal Concrete,56,Split Tensile Strength,False,2.925,3.7297,0.8047
TabPFN_Pretrained,V1_RAW,2,TS_NC_56d_058,EXP_TS_NC_56d,Normal Concrete,56,Split Tensile Strength,False,3.14,3.7297,0.5897
TabPFN_Pretrained,V1_RAW,2,TS_NC_56d_059,EXP_TS_NC_56d,Normal Concrete,56,Split Tensile Strength,False,2.909,3.7297,0.8207
TabPFN_Pretrained,V1_RAW,2,TS_NC_56d_060,EXP_TS_NC_56d,Normal Concrete,56,Split Tensile Strength,False,3.06,3.7297,0.6697
TabPFN_Pretrained,V1_RAW,2,TS_NC_56d_061,EXP_TS_NC_56d,Normal Concrete,56,Split Tensile Strength,False,2.894,3.7297,0.8357
TabPFN_Pretrained,V1_RAW,2,TS_NC_56d_062,EXP_TS_NC_56d,Normal Concrete,56,Split Tensile Strength,False,3.117,3.7297,0.6127
TabPFN_Pretrained,V1_RAW,2,TS_NC_56d_063,EXP_TS_NC_56d,Normal Concrete,56,Split Tensile Strength,False,2.619,3.7297,1.1107
TabPFN_Pretrained,V1_RAW,2,TS_NC_56d_064,EXP_TS_NC_56d,Normal Concrete,56,Split Tensile Strength,False,2.81,3.7297,0.9197
TabPFN_Pretrained,V1_RAW,2,TS_NC_56d_065,EXP_TS_NC_56d,Normal Concrete,56,Split Tensile Strength,False,3.047,3.7297,0.6827
TabPFN_Pretrained,V1_RAW,2,TS_NC_56d_066,EXP_TS_NC_56d,Normal Concrete,56,Split Tensile Strength,False,2.874,3.7297,0.8557
TabPFN_Pretrained,V1_RAW,2,TS_NC_56d_067,EXP_TS_NC_56d,Normal Concrete,56,Split Tensile Strength,False,3.04,3.7297,0.6897
TabPFN_Pretrained,V1_RAW,2,TS_NC_56d_068,EXP_TS_NC_56d,Normal Concrete,56,Split Tensile Strength,False,2.958,3.7297,0.7717
TabPFN_Pretrained,V1_RAW,2,TS_NC_56d_069,EXP_TS_NC_56d,Normal Concrete,56,Split Tensile Strength,False,3.042,3.7297,0.6877
TabPFN_Pretrained,V1_RAW,2,TS_NC_56d_070,EXP_TS_NC_56d,Normal Concrete,56,Split Tensile Strength,False,2.992,3.7297,0.7377
TabPFN_Pretrained,V1_RAW,2,TS_NC_56d_071,EXP_TS_NC_56d,Normal Concrete,56,Split Tensile Strength,False,3.001,3.7297,0.7287
TabPFN_Pretrained,V1_RAW,2,TS_NC_56d_072,EXP_TS_NC_56d,Normal Concrete,56,Split Tensile Strength,False,3.124,3.7297,0.6057
TabPFN_Pretrained,V1_RAW,2,TS_NC_56d_073,EXP_TS_NC_56d,Normal Concrete,56,Split Tensile Strength,False,3.048,3.7297,0.6817
TabPFN_Pretrained,V1_RAW,2,TS_NC_56d_074,EXP_TS_NC_56d,Normal Concrete,56,Split Tensile Strength,False,3.049,3.7297,0.6807
TabPFN_Pretrained,V1_RAW,2,TS_NC_56d_075,EXP_TS_NC_56d,Normal Concrete,56,Split Tensile Strength,False,2.903,3.7297,0.8267
TabPFN_Pretrained,V1_RAW,2,TS_NC_56d_076,EXP_TS_NC_56d,Normal Concrete,56,Split Tensile Strength,False,2.813,3.7297,0.9167
TabPFN_Pretrained,V1_RAW,2,TS_NC_56d_077,EXP_TS_NC_56d,Normal Concrete,56,Split Tensile Strength,False,2.801,3.7297,0.9287
TabPFN_Pretrained,V1_RAW,2,TS_NC_56d_078,EXP_TS_NC_56d,Normal Concrete,56,Split Tensile Strength,False,3.013,3.7297,0.7167
TabPFN_Pretrained,V1_RAW,2,TS_NC_56d_079,EXP_TS_NC_56d,Normal Concrete,56,Split Tensile Strength,False,2.534,3.7297,1.1957
TabPFN_Pretrained,V1_RAW,2,TS_NC_56d_080,EXP_TS_NC_56d,Normal Concrete,56,Split Tensile Strength,False,2.704,3.7297,1.0257
TabPFN_Pretrained,V1_RAW,2,TS_NC_56d_081,EXP_TS_NC_56d,Normal Concrete,56,Split Tensile Strength,False,2.756,3.7297,0.9737
TabPFN_Pretrained,V1_RAW,2,TS_NC_56d_082,EXP_TS_NC_56d,Normal Concrete,56,Split Tensile Strength,False,2.863,3.7297,0.8667
TabPFN_Pretrained,V1_RAW,2,TS_NC_56d_083,EXP_TS_NC_56d,Normal Concrete,56,Split Tensile Strength,False,2.505,3.7297,1.2247
TabPFN_Pretrained,V1_RAW,2,TS_NC_56d_084,EXP_TS_NC_56d,Normal Concrete,56,Split Tensile Strength,False,3.089,3.7297,0.6407
TabPFN_Pretrained,V1_RAW,2,TS_NC_56d_085,EXP_TS_NC_56d,Normal Concrete,56,Split Tensile Strength,False,2.99,3.7297,0.7397
TabPFN_Pretrained,V1_RAW,2,TS_NC_56d_086,EXP_TS_NC_56d,Normal Concrete,56,Split Tensile Strength,False,3.198,3.7297,0.5317
TabPFN_Pretrained,V1_RAW,2,TS_NC_56d_087,EXP_TS_NC_56d,Normal Concrete,56,Split Tensile Strength,False,3.059,3.7297,0.6707
TabPFN_Pretrained,V1_RAW,2,TS_NC_56d_088,EXP_TS_NC_56d,Normal Concrete,56,Split Tensile Strength,False,3.055,3.7297,0.6747
TabPFN_Pretrained,V1_RAW,2,TS_NC_56d_089,EXP_TS_NC_56d,Normal Concrete,56,Split Tensile Strength,False,3.238,3.7297,0.4917
TabPFN_Pretrained,V1_RAW,2,TS_NC_56d_090,EXP_TS_NC_56d,Normal Concrete,56,Split Tensile Strength,False,2.814,3.7297,0.9157
TabPFN_Pretrained,V1_RAW,2,TS_NC_56d_091,EXP_TS_NC_56d,Normal Concrete,56,Split Tensile Strength,False,2.674,3.7297,1.0557
TabPFN_Pretrained,V1_RAW,2,TS_NC_56d_092,EXP_TS_NC_56d,Normal Concrete,56,Split Tensile Strength,False,2.865,3.7297,0.8647
TabPFN_Pretrained,V1_RAW,2,TS_NC_56d_093,EXP_TS_NC_56d,Normal Concrete,56,Split Tensile Strength,False,2.776,3.7297,0.9537
TabPFN_Pretrained,V1_RAW,2,TS_NC_56d_094,EXP_TS_NC_56d,Normal Concrete,56,Split Tensile Strength,False,2.861,3.7297,0.8687
TabPFN_Pretrained,V1_RAW,2,TS_NC_56d_095,EXP_TS_NC_56d,Normal Concrete,56,Split Tensile Strength,False,2.742,3.7297,0.9877
TabPFN_Pretrained,V1_RAW,2,TS_NC_56d_096,EXP_TS_NC_56d,Normal Concrete,56,Split Tensile Strength,False,2.985,3.7297,0.7447
TabPFN_Pretrained,V1_RAW,2,TS_NC_56d_097,EXP_TS_NC_56d,Normal Concrete,56,Split Tensile Strength,False,2.977,3.7297,0.7527
TabPFN_Pretrained,V1_RAW,2,TS_NC_56d_098,EXP_TS_NC_56d,Normal Concrete,56,Split Tensile Strength,False,2.896,3.7297,0.8337
TabPFN_Pretrained,V1_RAW,2,TS_NC_56d_099,EXP_TS_NC_56d,Normal Concrete,56,Split Tensile Strength,False,2.947,3.7297,0.7827
TabPFN_Pretrained,V1_RAW,2,TS_NC_56d_100,EXP_TS_NC_56d,Normal Concrete,56,Split Tensile Strength,False,2.879,3.7297,0.8507
TabPFN_Pretrained,V1_RAW,2,TS_BC_28d_001,EXP_TS_BC_28d,Bacterial Concrete,28,Split Tensile Strength,False,3.283,3.1722,-0.1108
TabPFN_Pretrained,V1_RAW,2,TS_BC_28d_002,EXP_TS_BC_28d,Bacterial Concrete,28,Split Tensile Strength,False,3.263,3.1722,-0.0908
TabPFN_Pretrained,V1_RAW,2,TS_BC_28d_003,EXP_TS_BC_28d,Bacterial Concrete,28,Split Tensile Strength,False,3.472,3.1722,-0.2998
TabPFN_Pretrained,V1_RAW,2,TS_BC_28d_004,EXP_TS_BC_28d,Bacterial Concrete,28,Split Tensile Strength,False,3.162,3.1722,0.0102
TabPFN_Pretrained,V1_RAW,2,TS_BC_28d_005,EXP_TS_BC_28d,Bacterial Concrete,28,Split Tensile Strength,False,3.156,3.1722,0.0162
TabPFN_Pretrained,V1_RAW,2,TS_BC_28d_006,EXP_TS_BC_28d,Bacterial Concrete,28,Split Tensile Strength,False,3.182,3.1722,-0.0098
TabPFN_Pretrained,V1_RAW,2,TS_BC_28d_007,EXP_TS_BC_28d,Bacterial Concrete,28,Split Tensile Strength,False,3.185,3.1722,-0.0128
TabPFN_Pretrained,V1_RAW,2,TS_BC_28d_008,EXP_TS_BC_28d,Bacterial Concrete,28,Split Tensile Strength,False,2.859,3.1722,0.3132
TabPFN_Pretrained,V1_RAW,2,TS_BC_28d_009,EXP_TS_BC_28d,Bacterial Concrete,28,Split Tensile Strength,False,3.104,3.1722,0.0682
TabPFN_Pretrained,V1_RAW,2,TS_BC_28d_010,EXP_TS_BC_28d,Bacterial Concrete,28,Split Tensile Strength,False,3.245,3.1722,-0.0728
TabPFN_Pretrained,V1_RAW,2,TS_BC_28d_011,EXP_TS_BC_28d,Bacterial Concrete,28,Split Tensile Strength,False,3.199,3.1722,-0.0268
TabPFN_Pretrained,V1_RAW,2,TS_BC_28d_012,EXP_TS_BC_28d,Bacterial Concrete,28,Split Tensile Strength,False,3.08,3.1722,0.0922
TabPFN_Pretrained,V1_RAW,2,TS_BC_28d_013,EXP_TS_BC_28d,Bacterial Concrete,28,Split Tensile Strength,False,3.1,3.1722,0.0722
TabPFN_Pretrained,V1_RAW,2,TS_BC_28d_014,EXP_TS_BC_28d,Bacterial Concrete,28,Split Tensile Strength,False,3.147,3.1722,0.0252
TabPFN_Pretrained,V1_RAW,2,TS_BC_28d_015,EXP_TS_BC_28d,Bacterial Concrete,28,Split Tensile Strength,False,3.08,3.1722,0.0922
TabPFN_Pretrained,V1_RAW,2,TS_BC_28d_016,EXP_TS_BC_28d,Bacterial Concrete,28,Split Tensile Strength,False,3.123,3.1722,0.0492
TabPFN_Pretrained,V1_RAW,2,TS_BC_28d_017,EXP_TS_BC_28d,Bacterial Concrete,28,Split Tensile Strength,False,3.119,3.1722,0.0532
TabPFN_Pretrained,V1_RAW,2,TS_BC_28d_018,EXP_TS_BC_28d,Bacterial Concrete,28,Split Tensile Strength,False,3.334,3.1722,-0.1618
TabPFN_Pretrained,V1_RAW,2,TS_BC_28d_019,EXP_TS_BC_28d,Bacterial Concrete,28,Split Tensile Strength,False,3.352,3.1722,-0.1798
TabPFN_Pretrained,V1_RAW,2,TS_BC_28d_020,EXP_TS_BC_28d,Bacterial Concrete,28,Split Tensile Strength,False,3.34,3.1722,-0.1678
TabPFN_Pretrained,V1_RAW,2,TS_BC_28d_021,EXP_TS_BC_28d,Bacterial Concrete,28,Split Tensile Strength,False,3.264,3.1722,-0.0918
TabPFN_Pretrained,V1_RAW,2,TS_BC_28d_022,EXP_TS_BC_28d,Bacterial Concrete,28,Split Tensile Strength,False,3.094,3.1722,0.0782
TabPFN_Pretrained,V1_RAW,2,TS_BC_28d_023,EXP_TS_BC_28d,Bacterial Concrete,28,Split Tensile Strength,False,3.344,3.1722,-0.1718
TabPFN_Pretrained,V1_RAW,2,TS_BC_28d_024,EXP_TS_BC_28d,Bacterial Concrete,28,Split Tensile Strength,False,3.153,3.1722,0.0192
TabPFN_Pretrained,V1_RAW,2,TS_BC_28d_025,EXP_TS_BC_28d,Bacterial Concrete,28,Split Tensile Strength,False,3.203,3.1722,-0.0308
TabPFN_Pretrained,V1_RAW,2,TS_BC_28d_026,EXP_TS_BC_28d,Bacterial Concrete,28,Split Tensile Strength,False,3.401,3.1722,-0.2288
TabPFN_Pretrained,V1_RAW,2,TS_BC_28d_027,EXP_TS_BC_28d,Bacterial Concrete,28,Split Tensile Strength,False,3.213,3.1722,-0.0408
TabPFN_Pretrained,V1_RAW,2,TS_BC_28d_028,EXP_TS_BC_28d,Bacterial Concrete,28,Split Tensile Strength,False,3.237,3.1722,-0.0648
TabPFN_Pretrained,V1_RAW,2,TS_BC_28d_029,EXP_TS_BC_28d,Bacterial Concrete,28,Split Tensile Strength,False,2.988,3.1722,0.1842
TabPFN_Pretrained,V1_RAW,2,TS_BC_28d_030,EXP_TS_BC_28d,Bacterial Concrete,28,Split Tensile Strength,False,3.273,3.1722,-0.1008
TabPFN_Pretrained,V1_RAW,2,TS_BC_28d_031,EXP_TS_BC_28d,Bacterial Concrete,28,Split Tensile Strength,False,3.053,3.1722,0.1192
TabPFN_Pretrained,V1_RAW,2,TS_BC_28d_032,EXP_TS_BC_28d,Bacterial Concrete,28,Split Tensile Strength,False,3.352,3.1722,-0.1798
TabPFN_Pretrained,V1_RAW,2,TS_BC_28d_033,EXP_TS_BC_28d,Bacterial Concrete,28,Split Tensile Strength,False,3.172,3.1722,0.0002
TabPFN_Pretrained,V1_RAW,2,TS_BC_28d_034,EXP_TS_BC_28d,Bacterial Concrete,28,Split Tensile Strength,False,2.865,3.1722,0.3072
TabPFN_Pretrained,V1_RAW,2,TS_BC_28d_035,EXP_TS_BC_28d,Bacterial Concrete,28,Split Tensile Strength,False,3.146,3.1722,0.0262
TabPFN_Pretrained,V1_RAW,2,TS_BC_28d_036,EXP_TS_BC_28d,Bacterial Concrete,28,Split Tensile Strength,False,3.166,3.1722,0.0062
TabPFN_Pretrained,V1_RAW,2,TS_BC_28d_037,EXP_TS_BC_28d,Bacterial Concrete,28,Split Tensile Strength,False,3.273,3.1722,-0.1008
TabPFN_Pretrained,V1_RAW,2,TS_BC_28d_038,EXP_TS_BC_28d,Bacterial Concrete,28,Split Tensile Strength,False,3.301,3.1722,-0.1288
TabPFN_Pretrained,V1_RAW,2,TS_BC_28d_039,EXP_TS_BC_28d,Bacterial Concrete,28,Split Tensile Strength,False,3.151,3.1722,0.0212
TabPFN_Pretrained,V1_RAW,2,TS_BC_28d_040,EXP_TS_BC_28d,Bacterial Concrete,28,Split Tensile Strength,False,3.352,3.1722,-0.1798
TabPFN_Pretrained,V1_RAW,2,TS_BC_28d_041,EXP_TS_BC_28d,Bacterial Concrete,28,Split Tensile Strength,False,2.725,3.1722,0.4472
TabPFN_Pretrained,V1_RAW,2,TS_BC_28d_042,EXP_TS_BC_28d,Bacterial Concrete,28,Split Tensile Strength,False,3.093,3.1722,0.0792
TabPFN_Pretrained,V1_RAW,2,TS_BC_28d_043,EXP_TS_BC_28d,Bacterial Concrete,28,Split Tensile Strength,False,3.033,3.1722,0.1392
TabPFN_Pretrained,V1_RAW,2,TS_BC_28d_044,EXP_TS_BC_28d,Bacterial Concrete,28,Split Tensile Strength,False,3.012,3.1722,0.1602
TabPFN_Pretrained,V1_RAW,2,TS_BC_28d_045,EXP_TS_BC_28d,Bacterial Concrete,28,Split Tensile Strength,False,3.344,3.1722,-0.1718
TabPFN_Pretrained,V1_RAW,2,TS_BC_28d_046,EXP_TS_BC_28d,Bacterial Concrete,28,Split Tensile Strength,False,3.324,3.1722,-0.1518
TabPFN_Pretrained,V1_RAW,2,TS_BC_28d_047,EXP_TS_BC_28d,Bacterial Concrete,28,Split Tensile Strength,False,3.084,3.1722,0.0882
TabPFN_Pretrained,V1_RAW,2,TS_BC_28d_048,EXP_TS_BC_28d,Bacterial Concrete,28,Split Tensile Strength,False,3.377,3.1722,-0.2048
TabPFN_Pretrained,V1_RAW,2,TS_BC_28d_049,EXP_TS_BC_28d,Bacterial Concrete,28,Split Tensile Strength,False,3.215,3.1722,-0.0428
TabPFN_Pretrained,V1_RAW,2,TS_BC_28d_050,EXP_TS_BC_28d,Bacterial Concrete,28,Split Tensile Strength,False,3.137,3.1722,0.0352
TabPFN_Pretrained,V1_RAW,2,TS_BC_28d_051,EXP_TS_BC_28d,Bacterial Concrete,28,Split Tensile Strength,False,3.096,3.1722,0.0762
TabPFN_Pretrained,V1_RAW,2,TS_BC_28d_052,EXP_TS_BC_28d,Bacterial Concrete,28,Split Tensile Strength,False,3.083,3.1722,0.0892
TabPFN_Pretrained,V1_RAW,2,TS_BC_28d_053,EXP_TS_BC_28d,Bacterial Concrete,28,Split Tensile Strength,False,3.271,3.1722,-0.0988
TabPFN_Pretrained,V1_RAW,2,TS_BC_28d_054,EXP_TS_BC_28d,Bacterial Concrete,28,Split Tensile Strength,False,3.298,3.1722,-0.1258
TabPFN_Pretrained,V1_RAW,2,TS_BC_28d_055,EXP_TS_BC_28d,Bacterial Concrete,28,Split Tensile Strength,False,3.236,3.1722,-0.0638
TabPFN_Pretrained,V1_RAW,2,TS_BC_28d_056,EXP_TS_BC_28d,Bacterial Concrete,28,Split Tensile Strength,False,2.892,3.1722,0.2802
TabPFN_Pretrained,V1_RAW,2,TS_BC_28d_057,EXP_TS_BC_28d,Bacterial Concrete,28,Split Tensile Strength,False,3.244,3.1722,-0.0718
TabPFN_Pretrained,V1_RAW,2,TS_BC_28d_058,EXP_TS_BC_28d,Bacterial Concrete,28,Split Tensile Strength,False,3.285,3.1722,-0.1128
TabPFN_Pretrained,V1_RAW,2,TS_BC_28d_059,EXP_TS_BC_28d,Bacterial Concrete,28,Split Tensile Strength,False,3.1,3.1722,0.0722
TabPFN_Pretrained,V1_RAW,2,TS_BC_28d_060,EXP_TS_BC_28d,Bacterial Concrete,28,Split Tensile Strength,False,3.206,3.1722,-0.0338
TabPFN_Pretrained,V1_RAW,2,TS_BC_28d_061,EXP_TS_BC_28d,Bacterial Concrete,28,Split Tensile Strength,False,2.92,3.1722,0.2522
TabPFN_Pretrained,V1_RAW,2,TS_BC_28d_062,EXP_TS_BC_28d,Bacterial Concrete,28,Split Tensile Strength,False,3.016,3.1722,0.1562
TabPFN_Pretrained,V1_RAW,2,TS_BC_28d_063,EXP_TS_BC_28d,Bacterial Concrete,28,Split Tensile Strength,False,3.151,3.1722,0.0212
TabPFN_Pretrained,V1_RAW,2,TS_BC_28d_064,EXP_TS_BC_28d,Bacterial Concrete,28,Split Tensile Strength,False,3.154,3.1722,0.0182
TabPFN_Pretrained,V1_RAW,2,TS_BC_28d_065,EXP_TS_BC_28d,Bacterial Concrete,28,Split Tensile Strength,False,3.253,3.1722,-0.0808
TabPFN_Pretrained,V1_RAW,2,TS_BC_28d_066,EXP_TS_BC_28d,Bacterial Concrete,28,Split Tensile Strength,False,3.022,3.1722,0.1502
TabPFN_Pretrained,V1_RAW,2,TS_BC_28d_067,EXP_TS_BC_28d,Bacterial Concrete,28,Split Tensile Strength,False,3.149,3.1722,0.0232
TabPFN_Pretrained,V1_RAW,2,TS_BC_28d_068,EXP_TS_BC_28d,Bacterial Concrete,28,Split Tensile Strength,False,3.127,3.1722,0.0452
TabPFN_Pretrained,V1_RAW,2,TS_BC_28d_069,EXP_TS_BC_28d,Bacterial Concrete,28,Split Tensile Strength,False,3.279,3.1722,-0.1068
TabPFN_Pretrained,V1_RAW,2,TS_BC_28d_070,EXP_TS_BC_28d,Bacterial Concrete,28,Split Tensile Strength,False,3.413,3.1722,-0.2408
TabPFN_Pretrained,V1_RAW,2,TS_BC_28d_071,EXP_TS_BC_28d,Bacterial Concrete,28,Split Tensile Strength,False,3.458,3.1722,-0.2858
TabPFN_Pretrained,V1_RAW,2,TS_BC_28d_072,EXP_TS_BC_28d,Bacterial Concrete,28,Split Tensile Strength,False,2.965,3.1722,0.2072
TabPFN_Pretrained,V1_RAW,2,TS_BC_28d_073,EXP_TS_BC_28d,Bacterial Concrete,28,Split Tensile Strength,False,3.193,3.1722,-0.0208
TabPFN_Pretrained,V1_RAW,2,TS_BC_28d_074,EXP_TS_BC_28d,Bacterial Concrete,28,Split Tensile Strength,False,3.033,3.1722,0.1392
TabPFN_Pretrained,V1_RAW,2,TS_BC_28d_075,EXP_TS_BC_28d,Bacterial Concrete,28,Split Tensile Strength,False,3.19,3.1722,-0.0178
TabPFN_Pretrained,V1_RAW,2,TS_BC_28d_076,EXP_TS_BC_28d,Bacterial Concrete,28,Split Tensile Strength,False,3.263,3.1722,-0.0908
TabPFN_Pretrained,V1_RAW,2,TS_BC_28d_077,EXP_TS_BC_28d,Bacterial Concrete,28,Split Tensile Strength,False,3.212,3.1722,-0.0398
TabPFN_Pretrained,V1_RAW,2,TS_BC_28d_078,EXP_TS_BC_28d,Bacterial Concrete,28,Split Tensile Strength,False,3.193,3.1722,-0.0208
TabPFN_Pretrained,V1_RAW,2,TS_BC_28d_079,EXP_TS_BC_28d,Bacterial Concrete,28,Split Tensile Strength,False,3.422,3.1722,-0.2498
TabPFN_Pretrained,V1_RAW,2,TS_BC_28d_080,EXP_TS_BC_28d,Bacterial Concrete,28,Split Tensile Strength,False,3.308,3.1722,-0.1358
TabPFN_Pretrained,V1_RAW,2,TS_BC_28d_081,EXP_TS_BC_28d,Bacterial Concrete,28,Split Tensile Strength,False,3.159,3.1722,0.0132
TabPFN_Pretrained,V1_RAW,2,TS_BC_28d_082,EXP_TS_BC_28d,Bacterial Concrete,28,Split Tensile Strength,False,3.204,3.1722,-0.0318
TabPFN_Pretrained,V1_RAW,2,TS_BC_28d_083,EXP_TS_BC_28d,Bacterial Concrete,28,Split Tensile Strength,False,3.331,3.1722,-0.1588
TabPFN_Pretrained,V1_RAW,2,TS_BC_28d_084,EXP_TS_BC_28d,Bacterial Concrete,28,Split Tensile Strength,False,3.291,3.1722,-0.1188
TabPFN_Pretrained,V1_RAW,2,TS_BC_28d_085,EXP_TS_BC_28d,Bacterial Concrete,28,Split Tensile Strength,False,3.136,3.1722,0.0362
TabPFN_Pretrained,V1_RAW,2,TS_BC_28d_086,EXP_TS_BC_28d,Bacterial Concrete,28,Split Tensile Strength,False,2.934,3.1722,0.2382
TabPFN_Pretrained,V1_RAW,2,TS_BC_28d_087,EXP_TS_BC_28d,Bacterial Concrete,28,Split Tensile Strength,False,3.022,3.1722,0.1502
TabPFN_Pretrained,V1_RAW,2,TS_BC_28d_088,EXP_TS_BC_28d,Bacterial Concrete,28,Split Tensile Strength,False,3.222,3.1722,-0.0498
TabPFN_Pretrained,V1_RAW,2,TS_BC_28d_089,EXP_TS_BC_28d,Bacterial Concrete,28,Split Tensile Strength,False,2.932,3.1722,0.2402
TabPFN_Pretrained,V1_RAW,2,TS_BC_28d_090,EXP_TS_BC_28d,Bacterial Concrete,28,Split Tensile Strength,False,3.177,3.1722,-0.0048
TabPFN_Pretrained,V1_RAW,2,TS_BC_28d_091,EXP_TS_BC_28d,Bacterial Concrete,28,Split Tensile Strength,False,3.132,3.1722,0.0402
TabPFN_Pretrained,V1_RAW,2,TS_BC_28d_092,EXP_TS_BC_28d,Bacterial Concrete,28,Split Tensile Strength,False,3.35,3.1722,-0.1778
TabPFN_Pretrained,V1_RAW,2,TS_BC_28d_093,EXP_TS_BC_28d,Bacterial Concrete,28,Split Tensile Strength,False,3.002,3.1722,0.1702
TabPFN_Pretrained,V1_RAW,2,TS_BC_28d_094,EXP_TS_BC_28d,Bacterial Concrete,28,Split Tensile Strength,False,2.91,3.1722,0.2622
TabPFN_Pretrained,V1_RAW,2,TS_BC_28d_095,EXP_TS_BC_28d,Bacterial Concrete,28,Split Tensile Strength,False,3.137,3.1722,0.0352
TabPFN_Pretrained,V1_RAW,2,TS_BC_28d_096,EXP_TS_BC_28d,Bacterial Concrete,28,Split Tensile Strength,False,3.295,3.1722,-0.1228
TabPFN_Pretrained,V1_RAW,2,TS_BC_28d_097,EXP_TS_BC_28d,Bacterial Concrete,28,Split Tensile Strength,False,3.36,3.1722,-0.1878
TabPFN_Pretrained,V1_RAW,2,TS_BC_28d_098,EXP_TS_BC_28d,Bacterial Concrete,28,Split Tensile Strength,False,3.064,3.1722,0.1082
TabPFN_Pretrained,V1_RAW,2,TS_BC_28d_099,EXP_TS_BC_28d,Bacterial Concrete,28,Split Tensile Strength,False,3.271,3.1722,-0.0988
TabPFN_Pretrained,V1_RAW,2,TS_BC_28d_100,EXP_TS_BC_28d,Bacterial Concrete,28,Split Tensile Strength,False,3.033,3.1722,0.1392
TabPFN_Pretrained,V1_RAW,3,CS_BC_14d_001,EXP_CS_BC_14d,Bacterial Concrete,14,Compressive Strength,False,25.72,28.5652,2.8452
TabPFN_Pretrained,V1_RAW,3,CS_BC_14d_002,EXP_CS_BC_14d,Bacterial Concrete,14,Compressive Strength,False,28.07,28.5652,0.4952
TabPFN_Pretrained,V1_RAW,3,CS_BC_14d_003,EXP_CS_BC_14d,Bacterial Concrete,14,Compressive Strength,False,25.44,28.5652,3.1252
TabPFN_Pretrained,V1_RAW,3,CS_BC_14d_004,EXP_CS_BC_14d,Bacterial Concrete,14,Compressive Strength,False,24.39,28.5652,4.1752
TabPFN_Pretrained,V1_RAW,3,CS_BC_14d_005,EXP_CS_BC_14d,Bacterial Concrete,14,Compressive Strength,False,24.17,28.5652,4.3952
TabPFN_Pretrained,V1_RAW,3,CS_BC_14d_006,EXP_CS_BC_14d,Bacterial Concrete,14,Compressive Strength,False,27.41,28.5652,1.1552
TabPFN_Pretrained,V1_RAW,3,CS_BC_14d_007,EXP_CS_BC_14d,Bacterial Concrete,14,Compressive Strength,False,24.58,28.5652,3.9852
TabPFN_Pretrained,V1_RAW,3,CS_BC_14d_008,EXP_CS_BC_14d,Bacterial Concrete,14,Compressive Strength,False,29.13,28.5652,-0.5648
TabPFN_Pretrained,V1_RAW,3,CS_BC_14d_009,EXP_CS_BC_14d,Bacterial Concrete,14,Compressive Strength,False,23.38,28.5652,5.1852
TabPFN_Pretrained,V1_RAW,3,CS_BC_14d_010,EXP_CS_BC_14d,Bacterial Concrete,14,Compressive Strength,False,29.04,28.5652,-0.4748
TabPFN_Pretrained,V1_RAW,3,CS_BC_14d_011,EXP_CS_BC_14d,Bacterial Concrete,14,Compressive Strength,False,26.82,28.5652,1.7452
TabPFN_Pretrained,V1_RAW,3,CS_BC_14d_012,EXP_CS_BC_14d,Bacterial Concrete,14,Compressive Strength,False,26.35,28.5652,2.2152
TabPFN_Pretrained,V1_RAW,3,CS_BC_14d_013,EXP_CS_BC_14d,Bacterial Concrete,14,Compressive Strength,False,25.68,28.5652,2.8852
TabPFN_Pretrained,V1_RAW,3,CS_BC_14d_014,EXP_CS_BC_14d,Bacterial Concrete,14,Compressive Strength,False,27.1,28.5652,1.4652
TabPFN_Pretrained,V1_RAW,3,CS_BC_14d_015,EXP_CS_BC_14d,Bacterial Concrete,14,Compressive Strength,False,26.44,28.5652,2.1252
TabPFN_Pretrained,V1_RAW,3,CS_BC_14d_016,EXP_CS_BC_14d,Bacterial Concrete,14,Compressive Strength,False,28.15,28.5652,0.4152
TabPFN_Pretrained,V1_RAW,3,CS_BC_14d_017,EXP_CS_BC_14d,Bacterial Concrete,14,Compressive Strength,False,26.67,28.5652,1.8952
TabPFN_Pretrained,V1_RAW,3,CS_BC_14d_018,EXP_CS_BC_14d,Bacterial Concrete,14,Compressive Strength,False,26.73,28.5652,1.8352
TabPFN_Pretrained,V1_RAW,3,CS_BC_14d_019,EXP_CS_BC_14d,Bacterial Concrete,14,Compressive Strength,False,25.95,28.5652,2.6152
TabPFN_Pretrained,V1_RAW,3,CS_BC_14d_020,EXP_CS_BC_14d,Bacterial Concrete,14,Compressive Strength,False,26.41,28.5652,2.1552
TabPFN_Pretrained,V1_RAW,3,CS_BC_14d_021,EXP_CS_BC_14d,Bacterial Concrete,14,Compressive Strength,False,26.96,28.5652,1.6052
TabPFN_Pretrained,V1_RAW,3,CS_BC_14d_022,EXP_CS_BC_14d,Bacterial Concrete,14,Compressive Strength,False,23.93,28.5652,4.6352
TabPFN_Pretrained,V1_RAW,3,CS_BC_14d_023,EXP_CS_BC_14d,Bacterial Concrete,14,Compressive Strength,False,24.48,28.5652,4.0852
TabPFN_Pretrained,V1_RAW,3,CS_BC_14d_024,EXP_CS_BC_14d,Bacterial Concrete,14,Compressive Strength,False,27.61,28.5652,0.9552
TabPFN_Pretrained,V1_RAW,3,CS_BC_14d_025,EXP_CS_BC_14d,Bacterial Concrete,14,Compressive Strength,False,26.76,28.5652,1.8052
TabPFN_Pretrained,V1_RAW,3,CS_BC_14d_026,EXP_CS_BC_14d,Bacterial Concrete,14,Compressive Strength,False,26.22,28.5652,2.3452
TabPFN_Pretrained,V1_RAW,3,CS_BC_14d_027,EXP_CS_BC_14d,Bacterial Concrete,14,Compressive Strength,False,26.53,28.5652,2.0352
TabPFN_Pretrained,V1_RAW,3,CS_BC_14d_028,EXP_CS_BC_14d,Bacterial Concrete,14,Compressive Strength,False,27.02,28.5652,1.5452
TabPFN_Pretrained,V1_RAW,3,CS_BC_14d_029,EXP_CS_BC_14d,Bacterial Concrete,14,Compressive Strength,False,25.69,28.5652,2.8752
TabPFN_Pretrained,V1_RAW,3,CS_BC_14d_030,EXP_CS_BC_14d,Bacterial Concrete,14,Compressive Strength,False,25.33,28.5652,3.2352
TabPFN_Pretrained,V1_RAW,3,CS_BC_14d_031,EXP_CS_BC_14d,Bacterial Concrete,14,Compressive Strength,False,26.79,28.5652,1.7752
TabPFN_Pretrained,V1_RAW,3,CS_BC_14d_032,EXP_CS_BC_14d,Bacterial Concrete,14,Compressive Strength,False,25.03,28.5652,3.5352
TabPFN_Pretrained,V1_RAW,3,CS_BC_14d_033,EXP_CS_BC_14d,Bacterial Concrete,14,Compressive Strength,False,27.11,28.5652,1.4552
TabPFN_Pretrained,V1_RAW,3,CS_BC_14d_034,EXP_CS_BC_14d,Bacterial Concrete,14,Compressive Strength,False,23.95,28.5652,4.6152
TabPFN_Pretrained,V1_RAW,3,CS_BC_14d_035,EXP_CS_BC_14d,Bacterial Concrete,14,Compressive Strength,False,28.04,28.5652,0.5252
TabPFN_Pretrained,V1_RAW,3,CS_BC_14d_036,EXP_CS_BC_14d,Bacterial Concrete,14,Compressive Strength,False,27.21,28.5652,1.3552
TabPFN_Pretrained,V1_RAW,3,CS_BC_14d_037,EXP_CS_BC_14d,Bacterial Concrete,14,Compressive Strength,False,26.88,28.5652,1.6852
TabPFN_Pretrained,V1_RAW,3,CS_BC_14d_038,EXP_CS_BC_14d,Bacterial Concrete,14,Compressive Strength,False,27.97,28.5652,0.5952
TabPFN_Pretrained,V1_RAW,3,CS_BC_14d_039,EXP_CS_BC_14d,Bacterial Concrete,14,Compressive Strength,False,29.0,28.5652,-0.4348
TabPFN_Pretrained,V1_RAW,3,CS_BC_14d_040,EXP_CS_BC_14d,Bacterial Concrete,14,Compressive Strength,False,28.02,28.5652,0.5452
TabPFN_Pretrained,V1_RAW,3,CS_BC_14d_041,EXP_CS_BC_14d,Bacterial Concrete,14,Compressive Strength,False,23.74,28.5652,4.8252
TabPFN_Pretrained,V1_RAW,3,CS_BC_14d_042,EXP_CS_BC_14d,Bacterial Concrete,14,Compressive Strength,False,24.58,28.5652,3.9852
TabPFN_Pretrained,V1_RAW,3,CS_BC_14d_043,EXP_CS_BC_14d,Bacterial Concrete,14,Compressive Strength,False,25.56,28.5652,3.0052
TabPFN_Pretrained,V1_RAW,3,CS_BC_14d_044,EXP_CS_BC_14d,Bacterial Concrete,14,Compressive Strength,False,26.54,28.5652,2.0252
TabPFN_Pretrained,V1_RAW,3,CS_BC_14d_045,EXP_CS_BC_14d,Bacterial Concrete,14,Compressive Strength,False,27.28,28.5652,1.2852
TabPFN_Pretrained,V1_RAW,3,CS_BC_14d_046,EXP_CS_BC_14d,Bacterial Concrete,14,Compressive Strength,False,25.41,28.5652,3.1552
TabPFN_Pretrained,V1_RAW,3,CS_BC_14d_047,EXP_CS_BC_14d,Bacterial Concrete,14,Compressive Strength,False,26.78,28.5652,1.7852
TabPFN_Pretrained,V1_RAW,3,CS_BC_14d_048,EXP_CS_BC_14d,Bacterial Concrete,14,Compressive Strength,False,25.37,28.5652,3.1952
TabPFN_Pretrained,V1_RAW,3,CS_BC_14d_049,EXP_CS_BC_14d,Bacterial Concrete,14,Compressive Strength,False,25.58,28.5652,2.9852
TabPFN_Pretrained,V1_RAW,3,CS_BC_14d_050,EXP_CS_BC_14d,Bacterial Concrete,14,Compressive Strength,False,24.39,28.5652,4.1752
TabPFN_Pretrained,V1_RAW,3,CS_BC_14d_051,EXP_CS_BC_14d,Bacterial Concrete,14,Compressive Strength,False,25.12,28.5652,3.4452
TabPFN_Pretrained,V1_RAW,3,CS_BC_14d_052,EXP_CS_BC_14d,Bacterial Concrete,14,Compressive Strength,False,24.47,28.5652,4.0952
TabPFN_Pretrained,V1_RAW,3,CS_BC_14d_053,EXP_CS_BC_14d,Bacterial Concrete,14,Compressive Strength,False,25.04,28.5652,3.5252
TabPFN_Pretrained,V1_RAW,3,CS_BC_14d_054,EXP_CS_BC_14d,Bacterial Concrete,14,Compressive Strength,False,28.08,28.5652,0.4852
TabPFN_Pretrained,V1_RAW,3,CS_BC_14d_055,EXP_CS_BC_14d,Bacterial Concrete,14,Compressive Strength,False,25.08,28.5652,3.4852
TabPFN_Pretrained,V1_RAW,3,CS_BC_14d_056,EXP_CS_BC_14d,Bacterial Concrete,14,Compressive Strength,False,30.45,28.5652,-1.8848
TabPFN_Pretrained,V1_RAW,3,CS_BC_14d_057,EXP_CS_BC_14d,Bacterial Concrete,14,Compressive Strength,False,27.24,28.5652,1.3252
TabPFN_Pretrained,V1_RAW,3,CS_BC_14d_058,EXP_CS_BC_14d,Bacterial Concrete,14,Compressive Strength,False,26.78,28.5652,1.7852
TabPFN_Pretrained,V1_RAW,3,CS_BC_14d_059,EXP_CS_BC_14d,Bacterial Concrete,14,Compressive Strength,False,25.21,28.5652,3.3552
TabPFN_Pretrained,V1_RAW,3,CS_BC_14d_060,EXP_CS_BC_14d,Bacterial Concrete,14,Compressive Strength,False,27.55,28.5652,1.0152
TabPFN_Pretrained,V1_RAW,3,CS_BC_14d_061,EXP_CS_BC_14d,Bacterial Concrete,14,Compressive Strength,False,25.64,28.5652,2.9252
TabPFN_Pretrained,V1_RAW,3,CS_BC_14d_062,EXP_CS_BC_14d,Bacterial Concrete,14,Compressive Strength,False,26.68,28.5652,1.8852
TabPFN_Pretrained,V1_RAW,3,CS_BC_14d_063,EXP_CS_BC_14d,Bacterial Concrete,14,Compressive Strength,False,30.34,28.5652,-1.7748
TabPFN_Pretrained,V1_RAW,3,CS_BC_14d_064,EXP_CS_BC_14d,Bacterial Concrete,14,Compressive Strength,False,26.36,28.5652,2.2052
TabPFN_Pretrained,V1_RAW,3,CS_BC_14d_065,EXP_CS_BC_14d,Bacterial Concrete,14,Compressive Strength,False,28.22,28.5652,0.3452
TabPFN_Pretrained,V1_RAW,3,CS_BC_14d_066,EXP_CS_BC_14d,Bacterial Concrete,14,Compressive Strength,False,25.45,28.5652,3.1152
TabPFN_Pretrained,V1_RAW,3,CS_BC_14d_067,EXP_CS_BC_14d,Bacterial Concrete,14,Compressive Strength,False,26.45,28.5652,2.1152
TabPFN_Pretrained,V1_RAW,3,CS_BC_14d_068,EXP_CS_BC_14d,Bacterial Concrete,14,Compressive Strength,False,29.16,28.5652,-0.5948
TabPFN_Pretrained,V1_RAW,3,CS_BC_14d_069,EXP_CS_BC_14d,Bacterial Concrete,14,Compressive Strength,False,25.56,28.5652,3.0052
TabPFN_Pretrained,V1_RAW,3,CS_BC_14d_070,EXP_CS_BC_14d,Bacterial Concrete,14,Compressive Strength,False,29.22,28.5652,-0.6548
TabPFN_Pretrained,V1_RAW,3,CS_BC_14d_071,EXP_CS_BC_14d,Bacterial Concrete,14,Compressive Strength,False,27.56,28.5652,1.0052
TabPFN_Pretrained,V1_RAW,3,CS_BC_14d_072,EXP_CS_BC_14d,Bacterial Concrete,14,Compressive Strength,False,25.66,28.5652,2.9052
TabPFN_Pretrained,V1_RAW,3,CS_BC_14d_073,EXP_CS_BC_14d,Bacterial Concrete,14,Compressive Strength,False,27.45,28.5652,1.1152
TabPFN_Pretrained,V1_RAW,3,CS_BC_14d_074,EXP_CS_BC_14d,Bacterial Concrete,14,Compressive Strength,False,27.96,28.5652,0.6052
TabPFN_Pretrained,V1_RAW,3,CS_BC_14d_075,EXP_CS_BC_14d,Bacterial Concrete,14,Compressive Strength,False,27.43,28.5652,1.1352
TabPFN_Pretrained,V1_RAW,3,CS_BC_14d_076,EXP_CS_BC_14d,Bacterial Concrete,14,Compressive Strength,False,24.14,28.5652,4.4252
TabPFN_Pretrained,V1_RAW,3,CS_BC_14d_077,EXP_CS_BC_14d,Bacterial Concrete,14,Compressive Strength,False,25.41,28.5652,3.1552
TabPFN_Pretrained,V1_RAW,3,CS_BC_14d_078,EXP_CS_BC_14d,Bacterial Concrete,14,Compressive Strength,False,26.13,28.5652,2.4352
TabPFN_Pretrained,V1_RAW,3,CS_BC_14d_079,EXP_CS_BC_14d,Bacterial Concrete,14,Compressive Strength,False,26.39,28.5652,2.1752
TabPFN_Pretrained,V1_RAW,3,CS_BC_14d_080,EXP_CS_BC_14d,Bacterial Concrete,14,Compressive Strength,False,27.43,28.5652,1.1352
TabPFN_Pretrained,V1_RAW,3,CS_BC_14d_081,EXP_CS_BC_14d,Bacterial Concrete,14,Compressive Strength,False,26.77,28.5652,1.7952
TabPFN_Pretrained,V1_RAW,3,CS_BC_14d_082,EXP_CS_BC_14d,Bacterial Concrete,14,Compressive Strength,False,24.5,28.5652,4.0652
TabPFN_Pretrained,V1_RAW,3,CS_BC_14d_083,EXP_CS_BC_14d,Bacterial Concrete,14,Compressive Strength,False,27.07,28.5652,1.4952
TabPFN_Pretrained,V1_RAW,3,CS_BC_14d_084,EXP_CS_BC_14d,Bacterial Concrete,14,Compressive Strength,False,27.42,28.5652,1.1452
TabPFN_Pretrained,V1_RAW,3,CS_BC_14d_085,EXP_CS_BC_14d,Bacterial Concrete,14,Compressive Strength,False,27.34,28.5652,1.2252
TabPFN_Pretrained,V1_RAW,3,CS_BC_14d_086,EXP_CS_BC_14d,Bacterial Concrete,14,Compressive Strength,False,28.12,28.5652,0.4452
TabPFN_Pretrained,V1_RAW,3,CS_BC_14d_087,EXP_CS_BC_14d,Bacterial Concrete,14,Compressive Strength,False,27.75,28.5652,0.8152
TabPFN_Pretrained,V1_RAW,3,CS_BC_14d_088,EXP_CS_BC_14d,Bacterial Concrete,14,Compressive Strength,False,27.19,28.5652,1.3752
TabPFN_Pretrained,V1_RAW,3,CS_BC_14d_089,EXP_CS_BC_14d,Bacterial Concrete,14,Compressive Strength,False,26.39,28.5652,2.1752
TabPFN_Pretrained,V1_RAW,3,CS_BC_14d_090,EXP_CS_BC_14d,Bacterial Concrete,14,Compressive Strength,False,24.01,28.5652,4.5552
TabPFN_Pretrained,V1_RAW,3,CS_BC_14d_091,EXP_CS_BC_14d,Bacterial Concrete,14,Compressive Strength,False,27.14,28.5652,1.4252
TabPFN_Pretrained,V1_RAW,3,CS_BC_14d_092,EXP_CS_BC_14d,Bacterial Concrete,14,Compressive Strength,False,26.81,28.5652,1.7552
TabPFN_Pretrained,V1_RAW,3,CS_BC_14d_093,EXP_CS_BC_14d,Bacterial Concrete,14,Compressive Strength,False,26.91,28.5652,1.6552
TabPFN_Pretrained,V1_RAW,3,CS_BC_14d_094,EXP_CS_BC_14d,Bacterial Concrete,14,Compressive Strength,False,24.58,28.5652,3.9852
TabPFN_Pretrained,V1_RAW,3,CS_BC_14d_095,EXP_CS_BC_14d,Bacterial Concrete,14,Compressive Strength,False,24.88,28.5652,3.6852
TabPFN_Pretrained,V1_RAW,3,CS_BC_14d_096,EXP_CS_BC_14d,Bacterial Concrete,14,Compressive Strength,False,28.08,28.5652,0.4852
TabPFN_Pretrained,V1_RAW,3,CS_BC_14d_097,EXP_CS_BC_14d,Bacterial Concrete,14,Compressive Strength,False,26.44,28.5652,2.1252
TabPFN_Pretrained,V1_RAW,3,CS_BC_14d_098,EXP_CS_BC_14d,Bacterial Concrete,14,Compressive Strength,False,27.52,28.5652,1.0452
TabPFN_Pretrained,V1_RAW,3,CS_BC_14d_099,EXP_CS_BC_14d,Bacterial Concrete,14,Compressive Strength,False,26.54,28.5652,2.0252
TabPFN_Pretrained,V1_RAW,3,CS_BC_14d_100,EXP_CS_BC_14d,Bacterial Concrete,14,Compressive Strength,False,26.54,28.5652,2.0252
TabPFN_Pretrained,V1_RAW,3,CS_NC_21d_001,EXP_CS_NC_21d,Normal Concrete,21,Compressive Strength,False,26.04,26.4499,0.4099
TabPFN_Pretrained,V1_RAW,3,CS_NC_21d_002,EXP_CS_NC_21d,Normal Concrete,21,Compressive Strength,False,26.34,26.4499,0.1099
TabPFN_Pretrained,V1_RAW,3,CS_NC_21d_003,EXP_CS_NC_21d,Normal Concrete,21,Compressive Strength,False,27.12,26.4499,-0.6701
TabPFN_Pretrained,V1_RAW,3,CS_NC_21d_004,EXP_CS_NC_21d,Normal Concrete,21,Compressive Strength,False,27.08,26.4499,-0.6301
TabPFN_Pretrained,V1_RAW,3,CS_NC_21d_005,EXP_CS_NC_21d,Normal Concrete,21,Compressive Strength,False,23.43,26.4499,3.0199
TabPFN_Pretrained,V1_RAW,3,CS_NC_21d_006,EXP_CS_NC_21d,Normal Concrete,21,Compressive Strength,False,24.09,26.4499,2.3599
TabPFN_Pretrained,V1_RAW,3,CS_NC_21d_007,EXP_CS_NC_21d,Normal Concrete,21,Compressive Strength,False,26.27,26.4499,0.1799
TabPFN_Pretrained,V1_RAW,3,CS_NC_21d_008,EXP_CS_NC_21d,Normal Concrete,21,Compressive Strength,False,26.27,26.4499,0.1799
TabPFN_Pretrained,V1_RAW,3,CS_NC_21d_009,EXP_CS_NC_21d,Normal Concrete,21,Compressive Strength,False,26.27,26.4499,0.1799
TabPFN_Pretrained,V1_RAW,3,CS_NC_21d_010,EXP_CS_NC_21d,Normal Concrete,21,Compressive Strength,False,31.28,26.4499,-4.8301
TabPFN_Pretrained,V1_RAW,3,CS_NC_21d_011,EXP_CS_NC_21d,Normal Concrete,21,Compressive Strength,False,26.36,26.4499,0.0899
TabPFN_Pretrained,V1_RAW,3,CS_NC_21d_012,EXP_CS_NC_21d,Normal Concrete,21,Compressive Strength,False,27.2,26.4499,-0.7501
TabPFN_Pretrained,V1_RAW,3,CS_NC_21d_013,EXP_CS_NC_21d,Normal Concrete,21,Compressive Strength,False,26.93,26.4499,-0.4801
TabPFN_Pretrained,V1_RAW,3,CS_NC_21d_014,EXP_CS_NC_21d,Normal Concrete,21,Compressive Strength,False,26.48,26.4499,-0.0301
TabPFN_Pretrained,V1_RAW,3,CS_NC_21d_015,EXP_CS_NC_21d,Normal Concrete,21,Compressive Strength,False,25.03,26.4499,1.4199
TabPFN_Pretrained,V1_RAW,3,CS_NC_21d_016,EXP_CS_NC_21d,Normal Concrete,21,Compressive Strength,False,26.64,26.4499,-0.1901
TabPFN_Pretrained,V1_RAW,3,CS_NC_21d_017,EXP_CS_NC_21d,Normal Concrete,21,Compressive Strength,False,24.34,26.4499,2.1099
TabPFN_Pretrained,V1_RAW,3,CS_NC_21d_018,EXP_CS_NC_21d,Normal Concrete,21,Compressive Strength,False,25.14,26.4499,1.3099
TabPFN_Pretrained,V1_RAW,3,CS_NC_21d_019,EXP_CS_NC_21d,Normal Concrete,21,Compressive Strength,False,24.77,26.4499,1.6799
TabPFN_Pretrained,V1_RAW,3,CS_NC_21d_020,EXP_CS_NC_21d,Normal Concrete,21,Compressive Strength,False,25.62,26.4499,0.8299
TabPFN_Pretrained,V1_RAW,3,CS_NC_21d_021,EXP_CS_NC_21d,Normal Concrete,21,Compressive Strength,False,28.97,26.4499,-2.5201
TabPFN_Pretrained,V1_RAW,3,CS_NC_21d_022,EXP_CS_NC_21d,Normal Concrete,21,Compressive Strength,False,22.7,26.4499,3.7499
TabPFN_Pretrained,V1_RAW,3,CS_NC_21d_023,EXP_CS_NC_21d,Normal Concrete,21,Compressive Strength,False,26.53,26.4499,-0.0801
TabPFN_Pretrained,V1_RAW,3,CS_NC_21d_024,EXP_CS_NC_21d,Normal Concrete,21,Compressive Strength,False,23.08,26.4499,3.3699
TabPFN_Pretrained,V1_RAW,3,CS_NC_21d_025,EXP_CS_NC_21d,Normal Concrete,21,Compressive Strength,False,24.79,26.4499,1.6599
TabPFN_Pretrained,V1_RAW,3,CS_NC_21d_026,EXP_CS_NC_21d,Normal Concrete,21,Compressive Strength,False,27.13,26.4499,-0.6801
TabPFN_Pretrained,V1_RAW,3,CS_NC_21d_027,EXP_CS_NC_21d,Normal Concrete,21,Compressive Strength,False,25.6,26.4499,0.8499
TabPFN_Pretrained,V1_RAW,3,CS_NC_21d_028,EXP_CS_NC_21d,Normal Concrete,21,Compressive Strength,False,23.88,26.4499,2.5699
TabPFN_Pretrained,V1_RAW,3,CS_NC_21d_029,EXP_CS_NC_21d,Normal Concrete,21,Compressive Strength,False,24.43,26.4499,2.0199
TabPFN_Pretrained,V1_RAW,3,CS_NC_21d_030,EXP_CS_NC_21d,Normal Concrete,21,Compressive Strength,False,26.52,26.4499,-0.0701
TabPFN_Pretrained,V1_RAW,3,CS_NC_21d_031,EXP_CS_NC_21d,Normal Concrete,21,Compressive Strength,False,24.4,26.4499,2.0499
TabPFN_Pretrained,V1_RAW,3,CS_NC_21d_032,EXP_CS_NC_21d,Normal Concrete,21,Compressive Strength,False,25.82,26.4499,0.6299
TabPFN_Pretrained,V1_RAW,3,CS_NC_21d_033,EXP_CS_NC_21d,Normal Concrete,21,Compressive Strength,False,25.57,26.4499,0.8799
TabPFN_Pretrained,V1_RAW,3,CS_NC_21d_034,EXP_CS_NC_21d,Normal Concrete,21,Compressive Strength,False,24.52,26.4499,1.9299
TabPFN_Pretrained,V1_RAW,3,CS_NC_21d_035,EXP_CS_NC_21d,Normal Concrete,21,Compressive Strength,False,28.72,26.4499,-2.2701
TabPFN_Pretrained,V1_RAW,3,CS_NC_21d_036,EXP_CS_NC_21d,Normal Concrete,21,Compressive Strength,False,26.45,26.4499,-0.0001
TabPFN_Pretrained,V1_RAW,3,CS_NC_21d_037,EXP_CS_NC_21d,Normal Concrete,21,Compressive Strength,False,22.46,26.4499,3.9899
TabPFN_Pretrained,V1_RAW,3,CS_NC_21d_038,EXP_CS_NC_21d,Normal Concrete,21,Compressive Strength,False,25.78,26.4499,0.6699
TabPFN_Pretrained,V1_RAW,3,CS_NC_21d_039,EXP_CS_NC_21d,Normal Concrete,21,Compressive Strength,False,24.51,26.4499,1.9399
TabPFN_Pretrained,V1_RAW,3,CS_NC_21d_040,EXP_CS_NC_21d,Normal Concrete,21,Compressive Strength,False,26.78,26.4499,-0.3301
TabPFN_Pretrained,V1_RAW,3,CS_NC_21d_041,EXP_CS_NC_21d,Normal Concrete,21,Compressive Strength,False,24.31,26.4499,2.1399
TabPFN_Pretrained,V1_RAW,3,CS_NC_21d_042,EXP_CS_NC_21d,Normal Concrete,21,Compressive Strength,False,25.33,26.4499,1.1199
TabPFN_Pretrained,V1_RAW,3,CS_NC_21d_043,EXP_CS_NC_21d,Normal Concrete,21,Compressive Strength,False,26.26,26.4499,0.1899
TabPFN_Pretrained,V1_RAW,3,CS_NC_21d_044,EXP_CS_NC_21d,Normal Concrete,21,Compressive Strength,False,26.8,26.4499,-0.3501
TabPFN_Pretrained,V1_RAW,3,CS_NC_21d_045,EXP_CS_NC_21d,Normal Concrete,21,Compressive Strength,False,23.7,26.4499,2.7499
TabPFN_Pretrained,V1_RAW,3,CS_NC_21d_046,EXP_CS_NC_21d,Normal Concrete,21,Compressive Strength,False,25.0,26.4499,1.4499
TabPFN_Pretrained,V1_RAW,3,CS_NC_21d_047,EXP_CS_NC_21d,Normal Concrete,21,Compressive Strength,False,24.79,26.4499,1.6599
TabPFN_Pretrained,V1_RAW,3,CS_NC_21d_048,EXP_CS_NC_21d,Normal Concrete,21,Compressive Strength,False,24.52,26.4499,1.9299
TabPFN_Pretrained,V1_RAW,3,CS_NC_21d_049,EXP_CS_NC_21d,Normal Concrete,21,Compressive Strength,False,28.15,26.4499,-1.7001
TabPFN_Pretrained,V1_RAW,3,CS_NC_21d_050,EXP_CS_NC_21d,Normal Concrete,21,Compressive Strength,False,26.11,26.4499,0.3399
TabPFN_Pretrained,V1_RAW,3,CS_NC_21d_051,EXP_CS_NC_21d,Normal Concrete,21,Compressive Strength,False,23.61,26.4499,2.8399
TabPFN_Pretrained,V1_RAW,3,CS_NC_21d_052,EXP_CS_NC_21d,Normal Concrete,21,Compressive Strength,False,26.88,26.4499,-0.4301
TabPFN_Pretrained,V1_RAW,3,CS_NC_21d_053,EXP_CS_NC_21d,Normal Concrete,21,Compressive Strength,False,28.68,26.4499,-2.2301
TabPFN_Pretrained,V1_RAW,3,CS_NC_21d_054,EXP_CS_NC_21d,Normal Concrete,21,Compressive Strength,False,27.05,26.4499,-0.6001
TabPFN_Pretrained,V1_RAW,3,CS_NC_21d_055,EXP_CS_NC_21d,Normal Concrete,21,Compressive Strength,False,23.22,26.4499,3.2299
TabPFN_Pretrained,V1_RAW,3,CS_NC_21d_056,EXP_CS_NC_21d,Normal Concrete,21,Compressive Strength,False,24.77,26.4499,1.6799
TabPFN_Pretrained,V1_RAW,3,CS_NC_21d_057,EXP_CS_NC_21d,Normal Concrete,21,Compressive Strength,False,27.4,26.4499,-0.9501
TabPFN_Pretrained,V1_RAW,3,CS_NC_21d_058,EXP_CS_NC_21d,Normal Concrete,21,Compressive Strength,False,24.44,26.4499,2.0099
TabPFN_Pretrained,V1_RAW,3,CS_NC_21d_059,EXP_CS_NC_21d,Normal Concrete,21,Compressive Strength,False,26.17,26.4499,0.2799
TabPFN_Pretrained,V1_RAW,3,CS_NC_21d_060,EXP_CS_NC_21d,Normal Concrete,21,Compressive Strength,False,26.66,26.4499,-0.2101
TabPFN_Pretrained,V1_RAW,3,CS_NC_21d_061,EXP_CS_NC_21d,Normal Concrete,21,Compressive Strength,False,24.11,26.4499,2.3399
TabPFN_Pretrained,V1_RAW,3,CS_NC_21d_062,EXP_CS_NC_21d,Normal Concrete,21,Compressive Strength,False,25.41,26.4499,1.0399
TabPFN_Pretrained,V1_RAW,3,CS_NC_21d_063,EXP_CS_NC_21d,Normal Concrete,21,Compressive Strength,False,20.64,26.4499,5.8099
TabPFN_Pretrained,V1_RAW,3,CS_NC_21d_064,EXP_CS_NC_21d,Normal Concrete,21,Compressive Strength,False,23.96,26.4499,2.4899
TabPFN_Pretrained,V1_RAW,3,CS_NC_21d_065,EXP_CS_NC_21d,Normal Concrete,21,Compressive Strength,False,25.12,26.4499,1.3299
TabPFN_Pretrained,V1_RAW,3,CS_NC_21d_066,EXP_CS_NC_21d,Normal Concrete,21,Compressive Strength,False,23.63,26.4499,2.8199
TabPFN_Pretrained,V1_RAW,3,CS_NC_21d_067,EXP_CS_NC_21d,Normal Concrete,21,Compressive Strength,False,27.95,26.4499,-1.5001
TabPFN_Pretrained,V1_RAW,3,CS_NC_21d_068,EXP_CS_NC_21d,Normal Concrete,21,Compressive Strength,False,23.35,26.4499,3.0999
TabPFN_Pretrained,V1_RAW,3,CS_NC_21d_069,EXP_CS_NC_21d,Normal Concrete,21,Compressive Strength,False,24.84,26.4499,1.6099
TabPFN_Pretrained,V1_RAW,3,CS_NC_21d_070,EXP_CS_NC_21d,Normal Concrete,21,Compressive Strength,False,25.7,26.4499,0.7499
TabPFN_Pretrained,V1_RAW,3,CS_NC_21d_071,EXP_CS_NC_21d,Normal Concrete,21,Compressive Strength,False,27.66,26.4499,-1.2101
TabPFN_Pretrained,V1_RAW,3,CS_NC_21d_072,EXP_CS_NC_21d,Normal Concrete,21,Compressive Strength,False,23.35,26.4499,3.0999
TabPFN_Pretrained,V1_RAW,3,CS_NC_21d_073,EXP_CS_NC_21d,Normal Concrete,21,Compressive Strength,False,27.24,26.4499,-0.7901
TabPFN_Pretrained,V1_RAW,3,CS_NC_21d_074,EXP_CS_NC_21d,Normal Concrete,21,Compressive Strength,False,25.52,26.4499,0.9299
TabPFN_Pretrained,V1_RAW,3,CS_NC_21d_075,EXP_CS_NC_21d,Normal Concrete,21,Compressive Strength,False,24.03,26.4499,2.4199
TabPFN_Pretrained,V1_RAW,3,CS_NC_21d_076,EXP_CS_NC_21d,Normal Concrete,21,Compressive Strength,False,26.19,26.4499,0.2599
TabPFN_Pretrained,V1_RAW,3,CS_NC_21d_077,EXP_CS_NC_21d,Normal Concrete,21,Compressive Strength,False,25.8,26.4499,0.6499
TabPFN_Pretrained,V1_RAW,3,CS_NC_21d_078,EXP_CS_NC_21d,Normal Concrete,21,Compressive Strength,False,24.6,26.4499,1.8499
TabPFN_Pretrained,V1_RAW,3,CS_NC_21d_079,EXP_CS_NC_21d,Normal Concrete,21,Compressive Strength,False,25.6,26.4499,0.8499
TabPFN_Pretrained,V1_RAW,3,CS_NC_21d_080,EXP_CS_NC_21d,Normal Concrete,21,Compressive Strength,False,24.92,26.4499,1.5299
TabPFN_Pretrained,V1_RAW,3,CS_NC_21d_081,EXP_CS_NC_21d,Normal Concrete,21,Compressive Strength,False,25.67,26.4499,0.7799
TabPFN_Pretrained,V1_RAW,3,CS_NC_21d_082,EXP_CS_NC_21d,Normal Concrete,21,Compressive Strength,False,26.49,26.4499,-0.0401
TabPFN_Pretrained,V1_RAW,3,CS_NC_21d_083,EXP_CS_NC_21d,Normal Concrete,21,Compressive Strength,False,27.88,26.4499,-1.4301
TabPFN_Pretrained,V1_RAW,3,CS_NC_21d_084,EXP_CS_NC_21d,Normal Concrete,21,Compressive Strength,False,23.64,26.4499,2.8099
TabPFN_Pretrained,V1_RAW,3,CS_NC_21d_085,EXP_CS_NC_21d,Normal Concrete,21,Compressive Strength,False,28.7,26.4499,-2.2501
TabPFN_Pretrained,V1_RAW,3,CS_NC_21d_086,EXP_CS_NC_21d,Normal Concrete,21,Compressive Strength,False,22.57,26.4499,3.8799
TabPFN_Pretrained,V1_RAW,3,CS_NC_21d_087,EXP_CS_NC_21d,Normal Concrete,21,Compressive Strength,False,25.27,26.4499,1.1799
TabPFN_Pretrained,V1_RAW,3,CS_NC_21d_088,EXP_CS_NC_21d,Normal Concrete,21,Compressive Strength,False,26.38,26.4499,0.0699
TabPFN_Pretrained,V1_RAW,3,CS_NC_21d_089,EXP_CS_NC_21d,Normal Concrete,21,Compressive Strength,False,25.92,26.4499,0.5299
TabPFN_Pretrained,V1_RAW,3,CS_NC_21d_090,EXP_CS_NC_21d,Normal Concrete,21,Compressive Strength,False,24.57,26.4499,1.8799
TabPFN_Pretrained,V1_RAW,3,CS_NC_21d_091,EXP_CS_NC_21d,Normal Concrete,21,Compressive Strength,False,25.19,26.4499,1.2599
TabPFN_Pretrained,V1_RAW,3,CS_NC_21d_092,EXP_CS_NC_21d,Normal Concrete,21,Compressive Strength,False,24.76,26.4499,1.6899
TabPFN_Pretrained,V1_RAW,3,CS_NC_21d_093,EXP_CS_NC_21d,Normal Concrete,21,Compressive Strength,False,24.62,26.4499,1.8299
TabPFN_Pretrained,V1_RAW,3,CS_NC_21d_094,EXP_CS_NC_21d,Normal Concrete,21,Compressive Strength,False,26.77,26.4499,-0.3201
TabPFN_Pretrained,V1_RAW,3,CS_NC_21d_095,EXP_CS_NC_21d,Normal Concrete,21,Compressive Strength,False,26.04,26.4499,0.4099
TabPFN_Pretrained,V1_RAW,3,CS_NC_21d_096,EXP_CS_NC_21d,Normal Concrete,21,Compressive Strength,False,24.46,26.4499,1.9899
TabPFN_Pretrained,V1_RAW,3,CS_NC_21d_097,EXP_CS_NC_21d,Normal Concrete,21,Compressive Strength,False,26.85,26.4499,-0.4001
TabPFN_Pretrained,V1_RAW,3,CS_NC_21d_098,EXP_CS_NC_21d,Normal Concrete,21,Compressive Strength,False,25.96,26.4499,0.4899
TabPFN_Pretrained,V1_RAW,3,CS_NC_21d_099,EXP_CS_NC_21d,Normal Concrete,21,Compressive Strength,False,26.72,26.4499,-0.2701
TabPFN_Pretrained,V1_RAW,3,CS_NC_21d_100,EXP_CS_NC_21d,Normal Concrete,21,Compressive Strength,False,26.44,26.4499,0.0099
TabPFN_Pretrained,V1_RAW,3,FS_NC_21d_001,EXP_FS_NC_21d,Normal Concrete,21,Flexural Strength,False,3.928,3.9619,0.0339
TabPFN_Pretrained,V1_RAW,3,FS_NC_21d_002,EXP_FS_NC_21d,Normal Concrete,21,Flexural Strength,False,4.12,3.9619,-0.1581
TabPFN_Pretrained,V1_RAW,3,FS_NC_21d_003,EXP_FS_NC_21d,Normal Concrete,21,Flexural Strength,False,4.197,3.9619,-0.2351
TabPFN_Pretrained,V1_RAW,3,FS_NC_21d_004,EXP_FS_NC_21d,Normal Concrete,21,Flexural Strength,False,3.786,3.9619,0.1759
TabPFN_Pretrained,V1_RAW,3,FS_NC_21d_005,EXP_FS_NC_21d,Normal Concrete,21,Flexural Strength,False,3.44,3.9619,0.5219
TabPFN_Pretrained,V1_RAW,3,FS_NC_21d_006,EXP_FS_NC_21d,Normal Concrete,21,Flexural Strength,False,3.695,3.9619,0.2669
TabPFN_Pretrained,V1_RAW,3,FS_NC_21d_007,EXP_FS_NC_21d,Normal Concrete,21,Flexural Strength,False,3.722,3.9619,0.2399
TabPFN_Pretrained,V1_RAW,3,FS_NC_21d_008,EXP_FS_NC_21d,Normal Concrete,21,Flexural Strength,False,3.993,3.9619,-0.0311
TabPFN_Pretrained,V1_RAW,3,FS_NC_21d_009,EXP_FS_NC_21d,Normal Concrete,21,Flexural Strength,False,3.622,3.9619,0.3399
TabPFN_Pretrained,V1_RAW,3,FS_NC_21d_010,EXP_FS_NC_21d,Normal Concrete,21,Flexural Strength,False,3.814,3.9619,0.1479
TabPFN_Pretrained,V1_RAW,3,FS_NC_21d_011,EXP_FS_NC_21d,Normal Concrete,21,Flexural Strength,False,3.874,3.9619,0.0879
TabPFN_Pretrained,V1_RAW,3,FS_NC_21d_012,EXP_FS_NC_21d,Normal Concrete,21,Flexural Strength,False,3.889,3.9619,0.0729
TabPFN_Pretrained,V1_RAW,3,FS_NC_21d_013,EXP_FS_NC_21d,Normal Concrete,21,Flexural Strength,False,3.846,3.9619,0.1159
TabPFN_Pretrained,V1_RAW,3,FS_NC_21d_014,EXP_FS_NC_21d,Normal Concrete,21,Flexural Strength,False,4.004,3.9619,-0.0421
TabPFN_Pretrained,V1_RAW,3,FS_NC_21d_015,EXP_FS_NC_21d,Normal Concrete,21,Flexural Strength,False,3.63,3.9619,0.3319
TabPFN_Pretrained,V1_RAW,3,FS_NC_21d_016,EXP_FS_NC_21d,Normal Concrete,21,Flexural Strength,False,4.174,3.9619,-0.2121
TabPFN_Pretrained,V1_RAW,3,FS_NC_21d_017,EXP_FS_NC_21d,Normal Concrete,21,Flexural Strength,False,4.216,3.9619,-0.2541
TabPFN_Pretrained,V1_RAW,3,FS_NC_21d_018,EXP_FS_NC_21d,Normal Concrete,21,Flexural Strength,False,4.058,3.9619,-0.0961
TabPFN_Pretrained,V1_RAW,3,FS_NC_21d_019,EXP_FS_NC_21d,Normal Concrete,21,Flexural Strength,False,3.493,3.9619,0.4689
TabPFN_Pretrained,V1_RAW,3,FS_NC_21d_020,EXP_FS_NC_21d,Normal Concrete,21,Flexural Strength,False,3.79,3.9619,0.1719
TabPFN_Pretrained,V1_RAW,3,FS_NC_21d_021,EXP_FS_NC_21d,Normal Concrete,21,Flexural Strength,False,4.05,3.9619,-0.0881
TabPFN_Pretrained,V1_RAW,3,FS_NC_21d_022,EXP_FS_NC_21d,Normal Concrete,21,Flexural Strength,False,3.658,3.9619,0.3039
TabPFN_Pretrained,V1_RAW,3,FS_NC_21d_023,EXP_FS_NC_21d,Normal Concrete,21,Flexural Strength,False,4.062,3.9619,-0.1001
TabPFN_Pretrained,V1_RAW,3,FS_NC_21d_024,EXP_FS_NC_21d,Normal Concrete,21,Flexural Strength,False,4.26,3.9619,-0.2981
TabPFN_Pretrained,V1_RAW,3,FS_NC_21d_025,EXP_FS_NC_21d,Normal Concrete,21,Flexural Strength,False,3.703,3.9619,0.2589
TabPFN_Pretrained,V1_RAW,3,FS_NC_21d_026,EXP_FS_NC_21d,Normal Concrete,21,Flexural Strength,False,4.084,3.9619,-0.1221
TabPFN_Pretrained,V1_RAW,3,FS_NC_21d_027,EXP_FS_NC_21d,Normal Concrete,21,Flexural Strength,False,3.836,3.9619,0.1259
TabPFN_Pretrained,V1_RAW,3,FS_NC_21d_028,EXP_FS_NC_21d,Normal Concrete,21,Flexural Strength,False,3.61,3.9619,0.3519
TabPFN_Pretrained,V1_RAW,3,FS_NC_21d_029,EXP_FS_NC_21d,Normal Concrete,21,Flexural Strength,False,3.633,3.9619,0.3289
TabPFN_Pretrained,V1_RAW,3,FS_NC_21d_030,EXP_FS_NC_21d,Normal Concrete,21,Flexural Strength,False,3.741,3.9619,0.2209
TabPFN_Pretrained,V1_RAW,3,FS_NC_21d_031,EXP_FS_NC_21d,Normal Concrete,21,Flexural Strength,False,3.972,3.9619,-0.0101
TabPFN_Pretrained,V1_RAW,3,FS_NC_21d_032,EXP_FS_NC_21d,Normal Concrete,21,Flexural Strength,False,3.337,3.9619,0.6249
TabPFN_Pretrained,V1_RAW,3,FS_NC_21d_033,EXP_FS_NC_21d,Normal Concrete,21,Flexural Strength,False,3.885,3.9619,0.0769
TabPFN_Pretrained,V1_RAW,3,FS_NC_21d_034,EXP_FS_NC_21d,Normal Concrete,21,Flexural Strength,False,4.22,3.9619,-0.2581
TabPFN_Pretrained,V1_RAW,3,FS_NC_21d_035,EXP_FS_NC_21d,Normal Concrete,21,Flexural Strength,False,3.955,3.9619,0.0069
TabPFN_Pretrained,V1_RAW,3,FS_NC_21d_036,EXP_FS_NC_21d,Normal Concrete,21,Flexural Strength,False,4.463,3.9619,-0.5011
TabPFN_Pretrained,V1_RAW,3,FS_NC_21d_037,EXP_FS_NC_21d,Normal Concrete,21,Flexural Strength,False,3.629,3.9619,0.3329
TabPFN_Pretrained,V1_RAW,3,FS_NC_21d_038,EXP_FS_NC_21d,Normal Concrete,21,Flexural Strength,False,3.988,3.9619,-0.0261
TabPFN_Pretrained,V1_RAW,3,FS_NC_21d_039,EXP_FS_NC_21d,Normal Concrete,21,Flexural Strength,False,4.39,3.9619,-0.4281
TabPFN_Pretrained,V1_RAW,3,FS_NC_21d_040,EXP_FS_NC_21d,Normal Concrete,21,Flexural Strength,False,4.078,3.9619,-0.1161
TabPFN_Pretrained,V1_RAW,3,FS_NC_21d_041,EXP_FS_NC_21d,Normal Concrete,21,Flexural Strength,False,4.043,3.9619,-0.0811
TabPFN_Pretrained,V1_RAW,3,FS_NC_21d_042,EXP_FS_NC_21d,Normal Concrete,21,Flexural Strength,False,3.765,3.9619,0.1969
TabPFN_Pretrained,V1_RAW,3,FS_NC_21d_043,EXP_FS_NC_21d,Normal Concrete,21,Flexural Strength,False,3.817,3.9619,0.1449
TabPFN_Pretrained,V1_RAW,3,FS_NC_21d_044,EXP_FS_NC_21d,Normal Concrete,21,Flexural Strength,False,3.805,3.9619,0.1569
TabPFN_Pretrained,V1_RAW,3,FS_NC_21d_045,EXP_FS_NC_21d,Normal Concrete,21,Flexural Strength,False,4.098,3.9619,-0.1361
TabPFN_Pretrained,V1_RAW,3,FS_NC_21d_046,EXP_FS_NC_21d,Normal Concrete,21,Flexural Strength,False,4.127,3.9619,-0.1651
TabPFN_Pretrained,V1_RAW,3,FS_NC_21d_047,EXP_FS_NC_21d,Normal Concrete,21,Flexural Strength,False,3.747,3.9619,0.2149
TabPFN_Pretrained,V1_RAW,3,FS_NC_21d_048,EXP_FS_NC_21d,Normal Concrete,21,Flexural Strength,False,3.895,3.9619,0.0669
TabPFN_Pretrained,V1_RAW,3,FS_NC_21d_049,EXP_FS_NC_21d,Normal Concrete,21,Flexural Strength,False,4.089,3.9619,-0.1271
TabPFN_Pretrained,V1_RAW,3,FS_NC_21d_050,EXP_FS_NC_21d,Normal Concrete,21,Flexural Strength,False,3.969,3.9619,-0.0071
TabPFN_Pretrained,V1_RAW,3,FS_NC_21d_051,EXP_FS_NC_21d,Normal Concrete,21,Flexural Strength,False,4.134,3.9619,-0.1721
TabPFN_Pretrained,V1_RAW,3,FS_NC_21d_052,EXP_FS_NC_21d,Normal Concrete,21,Flexural Strength,False,3.626,3.9619,0.3359
TabPFN_Pretrained,V1_RAW,3,FS_NC_21d_053,EXP_FS_NC_21d,Normal Concrete,21,Flexural Strength,False,3.723,3.9619,0.2389
TabPFN_Pretrained,V1_RAW,3,FS_NC_21d_054,EXP_FS_NC_21d,Normal Concrete,21,Flexural Strength,False,3.692,3.9619,0.2699
TabPFN_Pretrained,V1_RAW,3,FS_NC_21d_055,EXP_FS_NC_21d,Normal Concrete,21,Flexural Strength,False,3.707,3.9619,0.2549
TabPFN_Pretrained,V1_RAW,3,FS_NC_21d_056,EXP_FS_NC_21d,Normal Concrete,21,Flexural Strength,False,3.315,3.9619,0.6469
TabPFN_Pretrained,V1_RAW,3,FS_NC_21d_057,EXP_FS_NC_21d,Normal Concrete,21,Flexural Strength,False,4.089,3.9619,-0.1271
TabPFN_Pretrained,V1_RAW,3,FS_NC_21d_058,EXP_FS_NC_21d,Normal Concrete,21,Flexural Strength,False,3.477,3.9619,0.4849
TabPFN_Pretrained,V1_RAW,3,FS_NC_21d_059,EXP_FS_NC_21d,Normal Concrete,21,Flexural Strength,False,4.045,3.9619,-0.0831
TabPFN_Pretrained,V1_RAW,3,FS_NC_21d_060,EXP_FS_NC_21d,Normal Concrete,21,Flexural Strength,False,4.064,3.9619,-0.1021
TabPFN_Pretrained,V1_RAW,3,FS_NC_21d_061,EXP_FS_NC_21d,Normal Concrete,21,Flexural Strength,False,3.804,3.9619,0.1579
TabPFN_Pretrained,V1_RAW,3,FS_NC_21d_062,EXP_FS_NC_21d,Normal Concrete,21,Flexural Strength,False,3.554,3.9619,0.4079
TabPFN_Pretrained,V1_RAW,3,FS_NC_21d_063,EXP_FS_NC_21d,Normal Concrete,21,Flexural Strength,False,3.753,3.9619,0.2089
TabPFN_Pretrained,V1_RAW,3,FS_NC_21d_064,EXP_FS_NC_21d,Normal Concrete,21,Flexural Strength,False,3.538,3.9619,0.4239
TabPFN_Pretrained,V1_RAW,3,FS_NC_21d_065,EXP_FS_NC_21d,Normal Concrete,21,Flexural Strength,False,4.038,3.9619,-0.0761
TabPFN_Pretrained,V1_RAW,3,FS_NC_21d_066,EXP_FS_NC_21d,Normal Concrete,21,Flexural Strength,False,3.838,3.9619,0.1239
TabPFN_Pretrained,V1_RAW,3,FS_NC_21d_067,EXP_FS_NC_21d,Normal Concrete,21,Flexural Strength,False,4.029,3.9619,-0.0671
TabPFN_Pretrained,V1_RAW,3,FS_NC_21d_068,EXP_FS_NC_21d,Normal Concrete,21,Flexural Strength,False,3.924,3.9619,0.0379
TabPFN_Pretrained,V1_RAW,3,FS_NC_21d_069,EXP_FS_NC_21d,Normal Concrete,21,Flexural Strength,False,3.868,3.9619,0.0939
TabPFN_Pretrained,V1_RAW,3,FS_NC_21d_070,EXP_FS_NC_21d,Normal Concrete,21,Flexural Strength,False,3.944,3.9619,0.0179
TabPFN_Pretrained,V1_RAW,3,FS_NC_21d_071,EXP_FS_NC_21d,Normal Concrete,21,Flexural Strength,False,4.273,3.9619,-0.3111
TabPFN_Pretrained,V1_RAW,3,FS_NC_21d_072,EXP_FS_NC_21d,Normal Concrete,21,Flexural Strength,False,3.54,3.9619,0.4219
TabPFN_Pretrained,V1_RAW,3,FS_NC_21d_073,EXP_FS_NC_21d,Normal Concrete,21,Flexural Strength,False,4.43,3.9619,-0.4681
TabPFN_Pretrained,V1_RAW,3,FS_NC_21d_074,EXP_FS_NC_21d,Normal Concrete,21,Flexural Strength,False,3.977,3.9619,-0.0151
TabPFN_Pretrained,V1_RAW,3,FS_NC_21d_075,EXP_FS_NC_21d,Normal Concrete,21,Flexural Strength,False,4.034,3.9619,-0.0721
TabPFN_Pretrained,V1_RAW,3,FS_NC_21d_076,EXP_FS_NC_21d,Normal Concrete,21,Flexural Strength,False,4.199,3.9619,-0.2371
TabPFN_Pretrained,V1_RAW,3,FS_NC_21d_077,EXP_FS_NC_21d,Normal Concrete,21,Flexural Strength,False,3.827,3.9619,0.1349
TabPFN_Pretrained,V1_RAW,3,FS_NC_21d_078,EXP_FS_NC_21d,Normal Concrete,21,Flexural Strength,False,3.858,3.9619,0.1039
TabPFN_Pretrained,V1_RAW,3,FS_NC_21d_079,EXP_FS_NC_21d,Normal Concrete,21,Flexural Strength,False,4.256,3.9619,-0.2941
TabPFN_Pretrained,V1_RAW,3,FS_NC_21d_080,EXP_FS_NC_21d,Normal Concrete,21,Flexural Strength,False,3.956,3.9619,0.0059
TabPFN_Pretrained,V1_RAW,3,FS_NC_21d_081,EXP_FS_NC_21d,Normal Concrete,21,Flexural Strength,False,3.615,3.9619,0.3469
TabPFN_Pretrained,V1_RAW,3,FS_NC_21d_082,EXP_FS_NC_21d,Normal Concrete,21,Flexural Strength,False,4.028,3.9619,-0.0661
TabPFN_Pretrained,V1_RAW,3,FS_NC_21d_083,EXP_FS_NC_21d,Normal Concrete,21,Flexural Strength,False,3.959,3.9619,0.0029
TabPFN_Pretrained,V1_RAW,3,FS_NC_21d_084,EXP_FS_NC_21d,Normal Concrete,21,Flexural Strength,False,4.117,3.9619,-0.1551
TabPFN_Pretrained,V1_RAW,3,FS_NC_21d_085,EXP_FS_NC_21d,Normal Concrete,21,Flexural Strength,False,4.474,3.9619,-0.5121
TabPFN_Pretrained,V1_RAW,3,FS_NC_21d_086,EXP_FS_NC_21d,Normal Concrete,21,Flexural Strength,False,3.859,3.9619,0.1029
TabPFN_Pretrained,V1_RAW,3,FS_NC_21d_087,EXP_FS_NC_21d,Normal Concrete,21,Flexural Strength,False,3.968,3.9619,-0.0061
TabPFN_Pretrained,V1_RAW,3,FS_NC_21d_088,EXP_FS_NC_21d,Normal Concrete,21,Flexural Strength,False,3.495,3.9619,0.4669
TabPFN_Pretrained,V1_RAW,3,FS_NC_21d_089,EXP_FS_NC_21d,Normal Concrete,21,Flexural Strength,False,3.723,3.9619,0.2389
TabPFN_Pretrained,V1_RAW,3,FS_NC_21d_090,EXP_FS_NC_21d,Normal Concrete,21,Flexural Strength,False,4.13,3.9619,-0.1681
TabPFN_Pretrained,V1_RAW,3,FS_NC_21d_091,EXP_FS_NC_21d,Normal Concrete,21,Flexural Strength,False,4.072,3.9619,-0.1101
TabPFN_Pretrained,V1_RAW,3,FS_NC_21d_092,EXP_FS_NC_21d,Normal Concrete,21,Flexural Strength,False,4.228,3.9619,-0.2661
TabPFN_Pretrained,V1_RAW,3,FS_NC_21d_093,EXP_FS_NC_21d,Normal Concrete,21,Flexural Strength,False,3.967,3.9619,-0.0051
TabPFN_Pretrained,V1_RAW,3,FS_NC_21d_094,EXP_FS_NC_21d,Normal Concrete,21,Flexural Strength,False,3.779,3.9619,0.1829
TabPFN_Pretrained,V1_RAW,3,FS_NC_21d_095,EXP_FS_NC_21d,Normal Concrete,21,Flexural Strength,False,4.112,3.9619,-0.1501
TabPFN_Pretrained,V1_RAW,3,FS_NC_21d_096,EXP_FS_NC_21d,Normal Concrete,21,Flexural Strength,False,3.996,3.9619,-0.0341
TabPFN_Pretrained,V1_RAW,3,FS_NC_21d_097,EXP_FS_NC_21d,Normal Concrete,21,Flexural Strength,False,3.923,3.9619,0.0389
TabPFN_Pretrained,V1_RAW,3,FS_NC_21d_098,EXP_FS_NC_21d,Normal Concrete,21,Flexural Strength,False,3.738,3.9619,0.2239
TabPFN_Pretrained,V1_RAW,3,FS_NC_21d_099,EXP_FS_NC_21d,Normal Concrete,21,Flexural Strength,False,3.904,3.9619,0.0579
TabPFN_Pretrained,V1_RAW,3,FS_NC_21d_100,EXP_FS_NC_21d,Normal Concrete,21,Flexural Strength,False,3.654,3.9619,0.3079
TabPFN_Pretrained,V1_RAW,3,FS_BC_21d_001,EXP_FS_BC_21d,Bacterial Concrete,21,Flexural Strength,False,4.908,4.7472,-0.1608
TabPFN_Pretrained,V1_RAW,3,FS_BC_21d_002,EXP_FS_BC_21d,Bacterial Concrete,21,Flexural Strength,False,4.729,4.7472,0.0182
TabPFN_Pretrained,V1_RAW,3,FS_BC_21d_003,EXP_FS_BC_21d,Bacterial Concrete,21,Flexural Strength,False,4.421,4.7472,0.3262
TabPFN_Pretrained,V1_RAW,3,FS_BC_21d_004,EXP_FS_BC_21d,Bacterial Concrete,21,Flexural Strength,False,4.522,4.7472,0.2252
TabPFN_Pretrained,V1_RAW,3,FS_BC_21d_005,EXP_FS_BC_21d,Bacterial Concrete,21,Flexural Strength,False,4.628,4.7472,0.1192
TabPFN_Pretrained,V1_RAW,3,FS_BC_21d_006,EXP_FS_BC_21d,Bacterial Concrete,21,Flexural Strength,False,4.402,4.7472,0.3452
TabPFN_Pretrained,V1_RAW,3,FS_BC_21d_007,EXP_FS_BC_21d,Bacterial Concrete,21,Flexural Strength,False,3.898,4.7472,0.8492
TabPFN_Pretrained,V1_RAW,3,FS_BC_21d_008,EXP_FS_BC_21d,Bacterial Concrete,21,Flexural Strength,False,4.042,4.7472,0.7052
TabPFN_Pretrained,V1_RAW,3,FS_BC_21d_009,EXP_FS_BC_21d,Bacterial Concrete,21,Flexural Strength,False,4.78,4.7472,-0.0328
TabPFN_Pretrained,V1_RAW,3,FS_BC_21d_010,EXP_FS_BC_21d,Bacterial Concrete,21,Flexural Strength,False,4.724,4.7472,0.0232
TabPFN_Pretrained,V1_RAW,3,FS_BC_21d_011,EXP_FS_BC_21d,Bacterial Concrete,21,Flexural Strength,False,4.85,4.7472,-0.1028
TabPFN_Pretrained,V1_RAW,3,FS_BC_21d_012,EXP_FS_BC_21d,Bacterial Concrete,21,Flexural Strength,False,4.508,4.7472,0.2392
TabPFN_Pretrained,V1_RAW,3,FS_BC_21d_013,EXP_FS_BC_21d,Bacterial Concrete,21,Flexural Strength,False,4.511,4.7472,0.2362
TabPFN_Pretrained,V1_RAW,3,FS_BC_21d_014,EXP_FS_BC_21d,Bacterial Concrete,21,Flexural Strength,False,5.204,4.7472,-0.4568
TabPFN_Pretrained,V1_RAW,3,FS_BC_21d_015,EXP_FS_BC_21d,Bacterial Concrete,21,Flexural Strength,False,4.638,4.7472,0.1092
TabPFN_Pretrained,V1_RAW,3,FS_BC_21d_016,EXP_FS_BC_21d,Bacterial Concrete,21,Flexural Strength,False,4.51,4.7472,0.2372
TabPFN_Pretrained,V1_RAW,3,FS_BC_21d_017,EXP_FS_BC_21d,Bacterial Concrete,21,Flexural Strength,False,4.962,4.7472,-0.2148
TabPFN_Pretrained,V1_RAW,3,FS_BC_21d_018,EXP_FS_BC_21d,Bacterial Concrete,21,Flexural Strength,False,4.936,4.7472,-0.1888
TabPFN_Pretrained,V1_RAW,3,FS_BC_21d_019,EXP_FS_BC_21d,Bacterial Concrete,21,Flexural Strength,False,4.552,4.7472,0.1952
TabPFN_Pretrained,V1_RAW,3,FS_BC_21d_020,EXP_FS_BC_21d,Bacterial Concrete,21,Flexural Strength,False,4.651,4.7472,0.0962
TabPFN_Pretrained,V1_RAW,3,FS_BC_21d_021,EXP_FS_BC_21d,Bacterial Concrete,21,Flexural Strength,False,4.673,4.7472,0.0742
TabPFN_Pretrained,V1_RAW,3,FS_BC_21d_022,EXP_FS_BC_21d,Bacterial Concrete,21,Flexural Strength,False,4.972,4.7472,-0.2248
TabPFN_Pretrained,V1_RAW,3,FS_BC_21d_023,EXP_FS_BC_21d,Bacterial Concrete,21,Flexural Strength,False,4.615,4.7472,0.1322
TabPFN_Pretrained,V1_RAW,3,FS_BC_21d_024,EXP_FS_BC_21d,Bacterial Concrete,21,Flexural Strength,False,4.885,4.7472,-0.1378
TabPFN_Pretrained,V1_RAW,3,FS_BC_21d_025,EXP_FS_BC_21d,Bacterial Concrete,21,Flexural Strength,False,4.707,4.7472,0.0402
TabPFN_Pretrained,V1_RAW,3,FS_BC_21d_026,EXP_FS_BC_21d,Bacterial Concrete,21,Flexural Strength,False,4.653,4.7472,0.0942
TabPFN_Pretrained,V1_RAW,3,FS_BC_21d_027,EXP_FS_BC_21d,Bacterial Concrete,21,Flexural Strength,False,4.699,4.7472,0.0482
TabPFN_Pretrained,V1_RAW,3,FS_BC_21d_028,EXP_FS_BC_21d,Bacterial Concrete,21,Flexural Strength,False,4.491,4.7472,0.2562
TabPFN_Pretrained,V1_RAW,3,FS_BC_21d_029,EXP_FS_BC_21d,Bacterial Concrete,21,Flexural Strength,False,5.097,4.7472,-0.3498
TabPFN_Pretrained,V1_RAW,3,FS_BC_21d_030,EXP_FS_BC_21d,Bacterial Concrete,21,Flexural Strength,False,4.149,4.7472,0.5982
TabPFN_Pretrained,V1_RAW,3,FS_BC_21d_031,EXP_FS_BC_21d,Bacterial Concrete,21,Flexural Strength,False,4.447,4.7472,0.3002
TabPFN_Pretrained,V1_RAW,3,FS_BC_21d_032,EXP_FS_BC_21d,Bacterial Concrete,21,Flexural Strength,False,4.965,4.7472,-0.2178
TabPFN_Pretrained,V1_RAW,3,FS_BC_21d_033,EXP_FS_BC_21d,Bacterial Concrete,21,Flexural Strength,False,5.099,4.7472,-0.3518
TabPFN_Pretrained,V1_RAW,3,FS_BC_21d_034,EXP_FS_BC_21d,Bacterial Concrete,21,Flexural Strength,False,4.83,4.7472,-0.0828
TabPFN_Pretrained,V1_RAW,3,FS_BC_21d_035,EXP_FS_BC_21d,Bacterial Concrete,21,Flexural Strength,False,4.673,4.7472,0.0742
TabPFN_Pretrained,V1_RAW,3,FS_BC_21d_036,EXP_FS_BC_21d,Bacterial Concrete,21,Flexural Strength,False,4.672,4.7472,0.0752
TabPFN_Pretrained,V1_RAW,3,FS_BC_21d_037,EXP_FS_BC_21d,Bacterial Concrete,21,Flexural Strength,False,4.834,4.7472,-0.0868
TabPFN_Pretrained,V1_RAW,3,FS_BC_21d_038,EXP_FS_BC_21d,Bacterial Concrete,21,Flexural Strength,False,4.897,4.7472,-0.1498
TabPFN_Pretrained,V1_RAW,3,FS_BC_21d_039,EXP_FS_BC_21d,Bacterial Concrete,21,Flexural Strength,False,5.193,4.7472,-0.4458
TabPFN_Pretrained,V1_RAW,3,FS_BC_21d_040,EXP_FS_BC_21d,Bacterial Concrete,21,Flexural Strength,False,4.75,4.7472,-0.0028
TabPFN_Pretrained,V1_RAW,3,FS_BC_21d_041,EXP_FS_BC_21d,Bacterial Concrete,21,Flexural Strength,False,4.925,4.7472,-0.1778
TabPFN_Pretrained,V1_RAW,3,FS_BC_21d_042,EXP_FS_BC_21d,Bacterial Concrete,21,Flexural Strength,False,4.39,4.7472,0.3572
TabPFN_Pretrained,V1_RAW,3,FS_BC_21d_043,EXP_FS_BC_21d,Bacterial Concrete,21,Flexural Strength,False,4.999,4.7472,-0.2518
TabPFN_Pretrained,V1_RAW,3,FS_BC_21d_044,EXP_FS_BC_21d,Bacterial Concrete,21,Flexural Strength,False,4.686,4.7472,0.0612
TabPFN_Pretrained,V1_RAW,3,FS_BC_21d_045,EXP_FS_BC_21d,Bacterial Concrete,21,Flexural Strength,False,4.744,4.7472,0.0032
TabPFN_Pretrained,V1_RAW,3,FS_BC_21d_046,EXP_FS_BC_21d,Bacterial Concrete,21,Flexural Strength,False,4.301,4.7472,0.4462
TabPFN_Pretrained,V1_RAW,3,FS_BC_21d_047,EXP_FS_BC_21d,Bacterial Concrete,21,Flexural Strength,False,4.688,4.7472,0.0592
TabPFN_Pretrained,V1_RAW,3,FS_BC_21d_048,EXP_FS_BC_21d,Bacterial Concrete,21,Flexural Strength,False,4.635,4.7472,0.1122
TabPFN_Pretrained,V1_RAW,3,FS_BC_21d_049,EXP_FS_BC_21d,Bacterial Concrete,21,Flexural Strength,False,4.744,4.7472,0.0032
TabPFN_Pretrained,V1_RAW,3,FS_BC_21d_050,EXP_FS_BC_21d,Bacterial Concrete,21,Flexural Strength,False,4.393,4.7472,0.3542
TabPFN_Pretrained,V1_RAW,3,FS_BC_21d_051,EXP_FS_BC_21d,Bacterial Concrete,21,Flexural Strength,False,4.438,4.7472,0.3092
TabPFN_Pretrained,V1_RAW,3,FS_BC_21d_052,EXP_FS_BC_21d,Bacterial Concrete,21,Flexural Strength,False,4.262,4.7472,0.4852
TabPFN_Pretrained,V1_RAW,3,FS_BC_21d_053,EXP_FS_BC_21d,Bacterial Concrete,21,Flexural Strength,False,4.617,4.7472,0.1302
TabPFN_Pretrained,V1_RAW,3,FS_BC_21d_054,EXP_FS_BC_21d,Bacterial Concrete,21,Flexural Strength,False,4.696,4.7472,0.0512
TabPFN_Pretrained,V1_RAW,3,FS_BC_21d_055,EXP_FS_BC_21d,Bacterial Concrete,21,Flexural Strength,False,4.441,4.7472,0.3062
TabPFN_Pretrained,V1_RAW,3,FS_BC_21d_056,EXP_FS_BC_21d,Bacterial Concrete,21,Flexural Strength,False,4.634,4.7472,0.1132
TabPFN_Pretrained,V1_RAW,3,FS_BC_21d_057,EXP_FS_BC_21d,Bacterial Concrete,21,Flexural Strength,False,4.399,4.7472,0.3482
TabPFN_Pretrained,V1_RAW,3,FS_BC_21d_058,EXP_FS_BC_21d,Bacterial Concrete,21,Flexural Strength,False,4.438,4.7472,0.3092
TabPFN_Pretrained,V1_RAW,3,FS_BC_21d_059,EXP_FS_BC_21d,Bacterial Concrete,21,Flexural Strength,False,4.595,4.7472,0.1522
TabPFN_Pretrained,V1_RAW,3,FS_BC_21d_060,EXP_FS_BC_21d,Bacterial Concrete,21,Flexural Strength,False,4.436,4.7472,0.3112
TabPFN_Pretrained,V1_RAW,3,FS_BC_21d_061,EXP_FS_BC_21d,Bacterial Concrete,21,Flexural Strength,False,4.539,4.7472,0.2082
TabPFN_Pretrained,V1_RAW,3,FS_BC_21d_062,EXP_FS_BC_21d,Bacterial Concrete,21,Flexural Strength,False,4.706,4.7472,0.0412
TabPFN_Pretrained,V1_RAW,3,FS_BC_21d_063,EXP_FS_BC_21d,Bacterial Concrete,21,Flexural Strength,False,5.027,4.7472,-0.2798
TabPFN_Pretrained,V1_RAW,3,FS_BC_21d_064,EXP_FS_BC_21d,Bacterial Concrete,21,Flexural Strength,False,4.694,4.7472,0.0532
TabPFN_Pretrained,V1_RAW,3,FS_BC_21d_065,EXP_FS_BC_21d,Bacterial Concrete,21,Flexural Strength,False,4.133,4.7472,0.6142
TabPFN_Pretrained,V1_RAW,3,FS_BC_21d_066,EXP_FS_BC_21d,Bacterial Concrete,21,Flexural Strength,False,4.602,4.7472,0.1452
TabPFN_Pretrained,V1_RAW,3,FS_BC_21d_067,EXP_FS_BC_21d,Bacterial Concrete,21,Flexural Strength,False,4.464,4.7472,0.2832
TabPFN_Pretrained,V1_RAW,3,FS_BC_21d_068,EXP_FS_BC_21d,Bacterial Concrete,21,Flexural Strength,False,4.703,4.7472,0.0442
TabPFN_Pretrained,V1_RAW,3,FS_BC_21d_069,EXP_FS_BC_21d,Bacterial Concrete,21,Flexural Strength,False,4.396,4.7472,0.3512
TabPFN_Pretrained,V1_RAW,3,FS_BC_21d_070,EXP_FS_BC_21d,Bacterial Concrete,21,Flexural Strength,False,4.21,4.7472,0.5372
TabPFN_Pretrained,V1_RAW,3,FS_BC_21d_071,EXP_FS_BC_21d,Bacterial Concrete,21,Flexural Strength,False,4.721,4.7472,0.0262
TabPFN_Pretrained,V1_RAW,3,FS_BC_21d_072,EXP_FS_BC_21d,Bacterial Concrete,21,Flexural Strength,False,4.648,4.7472,0.0992
TabPFN_Pretrained,V1_RAW,3,FS_BC_21d_073,EXP_FS_BC_21d,Bacterial Concrete,21,Flexural Strength,False,4.732,4.7472,0.0152
TabPFN_Pretrained,V1_RAW,3,FS_BC_21d_074,EXP_FS_BC_21d,Bacterial Concrete,21,Flexural Strength,False,5.152,4.7472,-0.4048
TabPFN_Pretrained,V1_RAW,3,FS_BC_21d_075,EXP_FS_BC_21d,Bacterial Concrete,21,Flexural Strength,False,4.349,4.7472,0.3982
TabPFN_Pretrained,V1_RAW,3,FS_BC_21d_076,EXP_FS_BC_21d,Bacterial Concrete,21,Flexural Strength,False,4.559,4.7472,0.1882
TabPFN_Pretrained,V1_RAW,3,FS_BC_21d_077,EXP_FS_BC_21d,Bacterial Concrete,21,Flexural Strength,False,4.868,4.7472,-0.1208
TabPFN_Pretrained,V1_RAW,3,FS_BC_21d_078,EXP_FS_BC_21d,Bacterial Concrete,21,Flexural Strength,False,4.426,4.7472,0.3212
TabPFN_Pretrained,V1_RAW,3,FS_BC_21d_079,EXP_FS_BC_21d,Bacterial Concrete,21,Flexural Strength,False,4.586,4.7472,0.1612
TabPFN_Pretrained,V1_RAW,3,FS_BC_21d_080,EXP_FS_BC_21d,Bacterial Concrete,21,Flexural Strength,False,4.981,4.7472,-0.2338
TabPFN_Pretrained,V1_RAW,3,FS_BC_21d_081,EXP_FS_BC_21d,Bacterial Concrete,21,Flexural Strength,False,4.391,4.7472,0.3562
TabPFN_Pretrained,V1_RAW,3,FS_BC_21d_082,EXP_FS_BC_21d,Bacterial Concrete,21,Flexural Strength,False,4.353,4.7472,0.3942
TabPFN_Pretrained,V1_RAW,3,FS_BC_21d_083,EXP_FS_BC_21d,Bacterial Concrete,21,Flexural Strength,False,4.907,4.7472,-0.1598
TabPFN_Pretrained,V1_RAW,3,FS_BC_21d_084,EXP_FS_BC_21d,Bacterial Concrete,21,Flexural Strength,False,4.719,4.7472,0.0282
TabPFN_Pretrained,V1_RAW,3,FS_BC_21d_085,EXP_FS_BC_21d,Bacterial Concrete,21,Flexural Strength,False,4.547,4.7472,0.2002
TabPFN_Pretrained,V1_RAW,3,FS_BC_21d_086,EXP_FS_BC_21d,Bacterial Concrete,21,Flexural Strength,False,4.371,4.7472,0.3762
TabPFN_Pretrained,V1_RAW,3,FS_BC_21d_087,EXP_FS_BC_21d,Bacterial Concrete,21,Flexural Strength,False,4.83,4.7472,-0.0828
TabPFN_Pretrained,V1_RAW,3,FS_BC_21d_088,EXP_FS_BC_21d,Bacterial Concrete,21,Flexural Strength,False,4.166,4.7472,0.5812
TabPFN_Pretrained,V1_RAW,3,FS_BC_21d_089,EXP_FS_BC_21d,Bacterial Concrete,21,Flexural Strength,False,4.504,4.7472,0.2432
TabPFN_Pretrained,V1_RAW,3,FS_BC_21d_090,EXP_FS_BC_21d,Bacterial Concrete,21,Flexural Strength,False,4.448,4.7472,0.2992
TabPFN_Pretrained,V1_RAW,3,FS_BC_21d_091,EXP_FS_BC_21d,Bacterial Concrete,21,Flexural Strength,False,4.756,4.7472,-0.0088
TabPFN_Pretrained,V1_RAW,3,FS_BC_21d_092,EXP_FS_BC_21d,Bacterial Concrete,21,Flexural Strength,False,5.16,4.7472,-0.4128
TabPFN_Pretrained,V1_RAW,3,FS_BC_21d_093,EXP_FS_BC_21d,Bacterial Concrete,21,Flexural Strength,False,4.876,4.7472,-0.1288
TabPFN_Pretrained,V1_RAW,3,FS_BC_21d_094,EXP_FS_BC_21d,Bacterial Concrete,21,Flexural Strength,False,4.231,4.7472,0.5162
TabPFN_Pretrained,V1_RAW,3,FS_BC_21d_095,EXP_FS_BC_21d,Bacterial Concrete,21,Flexural Strength,False,4.882,4.7472,-0.1348
TabPFN_Pretrained,V1_RAW,3,FS_BC_21d_096,EXP_FS_BC_21d,Bacterial Concrete,21,Flexural Strength,False,4.559,4.7472,0.1882
TabPFN_Pretrained,V1_RAW,3,FS_BC_21d_097,EXP_FS_BC_21d,Bacterial Concrete,21,Flexural Strength,False,4.644,4.7472,0.1032
TabPFN_Pretrained,V1_RAW,3,FS_BC_21d_098,EXP_FS_BC_21d,Bacterial Concrete,21,Flexural Strength,False,4.554,4.7472,0.1932
TabPFN_Pretrained,V1_RAW,3,FS_BC_21d_099,EXP_FS_BC_21d,Bacterial Concrete,21,Flexural Strength,False,4.315,4.7472,0.4322
TabPFN_Pretrained,V1_RAW,3,FS_BC_21d_100,EXP_FS_BC_21d,Bacterial Concrete,21,Flexural Strength,False,4.209,4.7472,0.5382
TabPFN_Pretrained,V1_RAW,3,TS_NC_28d_001,EXP_TS_NC_28d,Normal Concrete,28,Split Tensile Strength,False,2.815,2.6866,-0.1284
TabPFN_Pretrained,V1_RAW,3,TS_NC_28d_002,EXP_TS_NC_28d,Normal Concrete,28,Split Tensile Strength,False,2.576,2.6866,0.1106
TabPFN_Pretrained,V1_RAW,3,TS_NC_28d_003,EXP_TS_NC_28d,Normal Concrete,28,Split Tensile Strength,False,2.601,2.6866,0.0856
TabPFN_Pretrained,V1_RAW,3,TS_NC_28d_004,EXP_TS_NC_28d,Normal Concrete,28,Split Tensile Strength,False,2.792,2.6866,-0.1054
TabPFN_Pretrained,V1_RAW,3,TS_NC_28d_005,EXP_TS_NC_28d,Normal Concrete,28,Split Tensile Strength,False,2.678,2.6866,0.0086
TabPFN_Pretrained,V1_RAW,3,TS_NC_28d_006,EXP_TS_NC_28d,Normal Concrete,28,Split Tensile Strength,False,2.897,2.6866,-0.2104
TabPFN_Pretrained,V1_RAW,3,TS_NC_28d_007,EXP_TS_NC_28d,Normal Concrete,28,Split Tensile Strength,False,2.594,2.6866,0.0926
TabPFN_Pretrained,V1_RAW,3,TS_NC_28d_008,EXP_TS_NC_28d,Normal Concrete,28,Split Tensile Strength,False,2.813,2.6866,-0.1264
TabPFN_Pretrained,V1_RAW,3,TS_NC_28d_009,EXP_TS_NC_28d,Normal Concrete,28,Split Tensile Strength,False,2.751,2.6866,-0.0644
TabPFN_Pretrained,V1_RAW,3,TS_NC_28d_010,EXP_TS_NC_28d,Normal Concrete,28,Split Tensile Strength,False,2.681,2.6866,0.0056
TabPFN_Pretrained,V1_RAW,3,TS_NC_28d_011,EXP_TS_NC_28d,Normal Concrete,28,Split Tensile Strength,False,2.876,2.6866,-0.1894
TabPFN_Pretrained,V1_RAW,3,TS_NC_28d_012,EXP_TS_NC_28d,Normal Concrete,28,Split Tensile Strength,False,2.802,2.6866,-0.1154
TabPFN_Pretrained,V1_RAW,3,TS_NC_28d_013,EXP_TS_NC_28d,Normal Concrete,28,Split Tensile Strength,False,2.549,2.6866,0.1376
TabPFN_Pretrained,V1_RAW,3,TS_NC_28d_014,EXP_TS_NC_28d,Normal Concrete,28,Split Tensile Strength,False,2.796,2.6866,-0.1094
TabPFN_Pretrained,V1_RAW,3,TS_NC_28d_015,EXP_TS_NC_28d,Normal Concrete,28,Split Tensile Strength,False,2.906,2.6866,-0.2194
TabPFN_Pretrained,V1_RAW,3,TS_NC_28d_016,EXP_TS_NC_28d,Normal Concrete,28,Split Tensile Strength,False,2.68,2.6866,0.0066
TabPFN_Pretrained,V1_RAW,3,TS_NC_28d_017,EXP_TS_NC_28d,Normal Concrete,28,Split Tensile Strength,False,2.663,2.6866,0.0236
TabPFN_Pretrained,V1_RAW,3,TS_NC_28d_018,EXP_TS_NC_28d,Normal Concrete,28,Split Tensile Strength,False,2.6,2.6866,0.0866
TabPFN_Pretrained,V1_RAW,3,TS_NC_28d_019,EXP_TS_NC_28d,Normal Concrete,28,Split Tensile Strength,False,2.698,2.6866,-0.0114
TabPFN_Pretrained,V1_RAW,3,TS_NC_28d_020,EXP_TS_NC_28d,Normal Concrete,28,Split Tensile Strength,False,2.803,2.6866,-0.1164
TabPFN_Pretrained,V1_RAW,3,TS_NC_28d_021,EXP_TS_NC_28d,Normal Concrete,28,Split Tensile Strength,False,2.577,2.6866,0.1096
TabPFN_Pretrained,V1_RAW,3,TS_NC_28d_022,EXP_TS_NC_28d,Normal Concrete,28,Split Tensile Strength,False,2.498,2.6866,0.1886
TabPFN_Pretrained,V1_RAW,3,TS_NC_28d_023,EXP_TS_NC_28d,Normal Concrete,28,Split Tensile Strength,False,2.644,2.6866,0.0426
TabPFN_Pretrained,V1_RAW,3,TS_NC_28d_024,EXP_TS_NC_28d,Normal Concrete,28,Split Tensile Strength,False,2.493,2.6866,0.1936
TabPFN_Pretrained,V1_RAW,3,TS_NC_28d_025,EXP_TS_NC_28d,Normal Concrete,28,Split Tensile Strength,False,2.778,2.6866,-0.0914
TabPFN_Pretrained,V1_RAW,3,TS_NC_28d_026,EXP_TS_NC_28d,Normal Concrete,28,Split Tensile Strength,False,2.636,2.6866,0.0506
TabPFN_Pretrained,V1_RAW,3,TS_NC_28d_027,EXP_TS_NC_28d,Normal Concrete,28,Split Tensile Strength,False,2.437,2.6866,0.2496
TabPFN_Pretrained,V1_RAW,3,TS_NC_28d_028,EXP_TS_NC_28d,Normal Concrete,28,Split Tensile Strength,False,2.648,2.6866,0.0386
TabPFN_Pretrained,V1_RAW,3,TS_NC_28d_029,EXP_TS_NC_28d,Normal Concrete,28,Split Tensile Strength,False,2.671,2.6866,0.0156
TabPFN_Pretrained,V1_RAW,3,TS_NC_28d_030,EXP_TS_NC_28d,Normal Concrete,28,Split Tensile Strength,False,2.767,2.6866,-0.0804
TabPFN_Pretrained,V1_RAW,3,TS_NC_28d_031,EXP_TS_NC_28d,Normal Concrete,28,Split Tensile Strength,False,2.678,2.6866,0.0086
TabPFN_Pretrained,V1_RAW,3,TS_NC_28d_032,EXP_TS_NC_28d,Normal Concrete,28,Split Tensile Strength,False,2.98,2.6866,-0.2934
TabPFN_Pretrained,V1_RAW,3,TS_NC_28d_033,EXP_TS_NC_28d,Normal Concrete,28,Split Tensile Strength,False,2.622,2.6866,0.0646
TabPFN_Pretrained,V1_RAW,3,TS_NC_28d_034,EXP_TS_NC_28d,Normal Concrete,28,Split Tensile Strength,False,2.691,2.6866,-0.0044
TabPFN_Pretrained,V1_RAW,3,TS_NC_28d_035,EXP_TS_NC_28d,Normal Concrete,28,Split Tensile Strength,False,2.685,2.6866,0.0016
TabPFN_Pretrained,V1_RAW,3,TS_NC_28d_036,EXP_TS_NC_28d,Normal Concrete,28,Split Tensile Strength,False,2.658,2.6866,0.0286
TabPFN_Pretrained,V1_RAW,3,TS_NC_28d_037,EXP_TS_NC_28d,Normal Concrete,28,Split Tensile Strength,False,2.721,2.6866,-0.0344
TabPFN_Pretrained,V1_RAW,3,TS_NC_28d_038,EXP_TS_NC_28d,Normal Concrete,28,Split Tensile Strength,False,2.781,2.6866,-0.0944
TabPFN_Pretrained,V1_RAW,3,TS_NC_28d_039,EXP_TS_NC_28d,Normal Concrete,28,Split Tensile Strength,False,2.901,2.6866,-0.2144
TabPFN_Pretrained,V1_RAW,3,TS_NC_28d_040,EXP_TS_NC_28d,Normal Concrete,28,Split Tensile Strength,False,2.465,2.6866,0.2216
TabPFN_Pretrained,V1_RAW,3,TS_NC_28d_041,EXP_TS_NC_28d,Normal Concrete,28,Split Tensile Strength,False,2.623,2.6866,0.0636
TabPFN_Pretrained,V1_RAW,3,TS_NC_28d_042,EXP_TS_NC_28d,Normal Concrete,28,Split Tensile Strength,False,2.633,2.6866,0.0536
TabPFN_Pretrained,V1_RAW,3,TS_NC_28d_043,EXP_TS_NC_28d,Normal Concrete,28,Split Tensile Strength,False,2.841,2.6866,-0.1544
TabPFN_Pretrained,V1_RAW,3,TS_NC_28d_044,EXP_TS_NC_28d,Normal Concrete,28,Split Tensile Strength,False,2.647,2.6866,0.0396
TabPFN_Pretrained,V1_RAW,3,TS_NC_28d_045,EXP_TS_NC_28d,Normal Concrete,28,Split Tensile Strength,False,2.416,2.6866,0.2706
TabPFN_Pretrained,V1_RAW,3,TS_NC_28d_046,EXP_TS_NC_28d,Normal Concrete,28,Split Tensile Strength,False,2.713,2.6866,-0.0264
TabPFN_Pretrained,V1_RAW,3,TS_NC_28d_047,EXP_TS_NC_28d,Normal Concrete,28,Split Tensile Strength,False,2.695,2.6866,-0.0084
TabPFN_Pretrained,V1_RAW,3,TS_NC_28d_048,EXP_TS_NC_28d,Normal Concrete,28,Split Tensile Strength,False,2.727,2.6866,-0.0404
TabPFN_Pretrained,V1_RAW,3,TS_NC_28d_049,EXP_TS_NC_28d,Normal Concrete,28,Split Tensile Strength,False,2.544,2.6866,0.1426
TabPFN_Pretrained,V1_RAW,3,TS_NC_28d_050,EXP_TS_NC_28d,Normal Concrete,28,Split Tensile Strength,False,2.958,2.6866,-0.2714
TabPFN_Pretrained,V1_RAW,3,TS_NC_28d_051,EXP_TS_NC_28d,Normal Concrete,28,Split Tensile Strength,False,2.651,2.6866,0.0356
TabPFN_Pretrained,V1_RAW,3,TS_NC_28d_052,EXP_TS_NC_28d,Normal Concrete,28,Split Tensile Strength,False,2.672,2.6866,0.0146
TabPFN_Pretrained,V1_RAW,3,TS_NC_28d_053,EXP_TS_NC_28d,Normal Concrete,28,Split Tensile Strength,False,2.565,2.6866,0.1216
TabPFN_Pretrained,V1_RAW,3,TS_NC_28d_054,EXP_TS_NC_28d,Normal Concrete,28,Split Tensile Strength,False,2.56,2.6866,0.1266
TabPFN_Pretrained,V1_RAW,3,TS_NC_28d_055,EXP_TS_NC_28d,Normal Concrete,28,Split Tensile Strength,False,2.517,2.6866,0.1696
TabPFN_Pretrained,V1_RAW,3,TS_NC_28d_056,EXP_TS_NC_28d,Normal Concrete,28,Split Tensile Strength,False,2.641,2.6866,0.0456
TabPFN_Pretrained,V1_RAW,3,TS_NC_28d_057,EXP_TS_NC_28d,Normal Concrete,28,Split Tensile Strength,False,2.556,2.6866,0.1306
TabPFN_Pretrained,V1_RAW,3,TS_NC_28d_058,EXP_TS_NC_28d,Normal Concrete,28,Split Tensile Strength,False,3.008,2.6866,-0.3214
TabPFN_Pretrained,V1_RAW,3,TS_NC_28d_059,EXP_TS_NC_28d,Normal Concrete,28,Split Tensile Strength,False,2.417,2.6866,0.2696
TabPFN_Pretrained,V1_RAW,3,TS_NC_28d_060,EXP_TS_NC_28d,Normal Concrete,28,Split Tensile Strength,False,2.531,2.6866,0.1556
TabPFN_Pretrained,V1_RAW,3,TS_NC_28d_061,EXP_TS_NC_28d,Normal Concrete,28,Split Tensile Strength,False,2.64,2.6866,0.0466
TabPFN_Pretrained,V1_RAW,3,TS_NC_28d_062,EXP_TS_NC_28d,Normal Concrete,28,Split Tensile Strength,False,2.801,2.6866,-0.1144
TabPFN_Pretrained,V1_RAW,3,TS_NC_28d_063,EXP_TS_NC_28d,Normal Concrete,28,Split Tensile Strength,False,2.638,2.6866,0.0486
TabPFN_Pretrained,V1_RAW,3,TS_NC_28d_064,EXP_TS_NC_28d,Normal Concrete,28,Split Tensile Strength,False,2.801,2.6866,-0.1144
TabPFN_Pretrained,V1_RAW,3,TS_NC_28d_065,EXP_TS_NC_28d,Normal Concrete,28,Split Tensile Strength,False,2.552,2.6866,0.1346
TabPFN_Pretrained,V1_RAW,3,TS_NC_28d_066,EXP_TS_NC_28d,Normal Concrete,28,Split Tensile Strength,False,2.709,2.6866,-0.0224
TabPFN_Pretrained,V1_RAW,3,TS_NC_28d_067,EXP_TS_NC_28d,Normal Concrete,28,Split Tensile Strength,False,2.962,2.6866,-0.2754
TabPFN_Pretrained,V1_RAW,3,TS_NC_28d_068,EXP_TS_NC_28d,Normal Concrete,28,Split Tensile Strength,False,2.555,2.6866,0.1316
TabPFN_Pretrained,V1_RAW,3,TS_NC_28d_069,EXP_TS_NC_28d,Normal Concrete,28,Split Tensile Strength,False,2.763,2.6866,-0.0764
TabPFN_Pretrained,V1_RAW,3,TS_NC_28d_070,EXP_TS_NC_28d,Normal Concrete,28,Split Tensile Strength,False,2.731,2.6866,-0.0444
TabPFN_Pretrained,V1_RAW,3,TS_NC_28d_071,EXP_TS_NC_28d,Normal Concrete,28,Split Tensile Strength,False,2.362,2.6866,0.3246
TabPFN_Pretrained,V1_RAW,3,TS_NC_28d_072,EXP_TS_NC_28d,Normal Concrete,28,Split Tensile Strength,False,2.612,2.6866,0.0746
TabPFN_Pretrained,V1_RAW,3,TS_NC_28d_073,EXP_TS_NC_28d,Normal Concrete,28,Split Tensile Strength,False,2.87,2.6866,-0.1834
TabPFN_Pretrained,V1_RAW,3,TS_NC_28d_074,EXP_TS_NC_28d,Normal Concrete,28,Split Tensile Strength,False,2.72,2.6866,-0.0334
TabPFN_Pretrained,V1_RAW,3,TS_NC_28d_075,EXP_TS_NC_28d,Normal Concrete,28,Split Tensile Strength,False,2.518,2.6866,0.1686
TabPFN_Pretrained,V1_RAW,3,TS_NC_28d_076,EXP_TS_NC_28d,Normal Concrete,28,Split Tensile Strength,False,2.804,2.6866,-0.1174
TabPFN_Pretrained,V1_RAW,3,TS_NC_28d_077,EXP_TS_NC_28d,Normal Concrete,28,Split Tensile Strength,False,2.628,2.6866,0.0586
TabPFN_Pretrained,V1_RAW,3,TS_NC_28d_078,EXP_TS_NC_28d,Normal Concrete,28,Split Tensile Strength,False,2.754,2.6866,-0.0674
TabPFN_Pretrained,V1_RAW,3,TS_NC_28d_079,EXP_TS_NC_28d,Normal Concrete,28,Split Tensile Strength,False,2.757,2.6866,-0.0704
TabPFN_Pretrained,V1_RAW,3,TS_NC_28d_080,EXP_TS_NC_28d,Normal Concrete,28,Split Tensile Strength,False,2.532,2.6866,0.1546
TabPFN_Pretrained,V1_RAW,3,TS_NC_28d_081,EXP_TS_NC_28d,Normal Concrete,28,Split Tensile Strength,False,2.818,2.6866,-0.1314
TabPFN_Pretrained,V1_RAW,3,TS_NC_28d_082,EXP_TS_NC_28d,Normal Concrete,28,Split Tensile Strength,False,2.549,2.6866,0.1376
TabPFN_Pretrained,V1_RAW,3,TS_NC_28d_083,EXP_TS_NC_28d,Normal Concrete,28,Split Tensile Strength,False,2.504,2.6866,0.1826
TabPFN_Pretrained,V1_RAW,3,TS_NC_28d_084,EXP_TS_NC_28d,Normal Concrete,28,Split Tensile Strength,False,2.568,2.6866,0.1186
TabPFN_Pretrained,V1_RAW,3,TS_NC_28d_085,EXP_TS_NC_28d,Normal Concrete,28,Split Tensile Strength,False,2.648,2.6866,0.0386
TabPFN_Pretrained,V1_RAW,3,TS_NC_28d_086,EXP_TS_NC_28d,Normal Concrete,28,Split Tensile Strength,False,2.716,2.6866,-0.0294
TabPFN_Pretrained,V1_RAW,3,TS_NC_28d_087,EXP_TS_NC_28d,Normal Concrete,28,Split Tensile Strength,False,2.584,2.6866,0.1026
TabPFN_Pretrained,V1_RAW,3,TS_NC_28d_088,EXP_TS_NC_28d,Normal Concrete,28,Split Tensile Strength,False,2.812,2.6866,-0.1254
TabPFN_Pretrained,V1_RAW,3,TS_NC_28d_089,EXP_TS_NC_28d,Normal Concrete,28,Split Tensile Strength,False,2.738,2.6866,-0.0514
TabPFN_Pretrained,V1_RAW,3,TS_NC_28d_090,EXP_TS_NC_28d,Normal Concrete,28,Split Tensile Strength,False,2.596,2.6866,0.0906
TabPFN_Pretrained,V1_RAW,3,TS_NC_28d_091,EXP_TS_NC_28d,Normal Concrete,28,Split Tensile Strength,False,2.833,2.6866,-0.1464
TabPFN_Pretrained,V1_RAW,3,TS_NC_28d_092,EXP_TS_NC_28d,Normal Concrete,28,Split Tensile Strength,False,2.874,2.6866,-0.1874
TabPFN_Pretrained,V1_RAW,3,TS_NC_28d_093,EXP_TS_NC_28d,Normal Concrete,28,Split Tensile Strength,False,2.685,2.6866,0.0016
TabPFN_Pretrained,V1_RAW,3,TS_NC_28d_094,EXP_TS_NC_28d,Normal Concrete,28,Split Tensile Strength,False,2.668,2.6866,0.0186
TabPFN_Pretrained,V1_RAW,3,TS_NC_28d_095,EXP_TS_NC_28d,Normal Concrete,28,Split Tensile Strength,False,2.434,2.6866,0.2526
TabPFN_Pretrained,V1_RAW,3,TS_NC_28d_096,EXP_TS_NC_28d,Normal Concrete,28,Split Tensile Strength,False,2.639,2.6866,0.0476
TabPFN_Pretrained,V1_RAW,3,TS_NC_28d_097,EXP_TS_NC_28d,Normal Concrete,28,Split Tensile Strength,False,2.656,2.6866,0.0306
TabPFN_Pretrained,V1_RAW,3,TS_NC_28d_098,EXP_TS_NC_28d,Normal Concrete,28,Split Tensile Strength,False,2.737,2.6866,-0.0504
TabPFN_Pretrained,V1_RAW,3,TS_NC_28d_099,EXP_TS_NC_28d,Normal Concrete,28,Split Tensile Strength,False,2.675,2.6866,0.0116
TabPFN_Pretrained,V1_RAW,3,TS_NC_28d_100,EXP_TS_NC_28d,Normal Concrete,28,Split Tensile Strength,False,2.737,2.6866,-0.0504
TabPFN_Pretrained,V1_RAW,3,TS_BC_21d_001,EXP_TS_BC_21d,Bacterial Concrete,21,Split Tensile Strength,False,2.882,2.9284,0.0464
TabPFN_Pretrained,V1_RAW,3,TS_BC_21d_002,EXP_TS_BC_21d,Bacterial Concrete,21,Split Tensile Strength,False,2.599,2.9284,0.3294
TabPFN_Pretrained,V1_RAW,3,TS_BC_21d_003,EXP_TS_BC_21d,Bacterial Concrete,21,Split Tensile Strength,False,2.762,2.9284,0.1664
TabPFN_Pretrained,V1_RAW,3,TS_BC_21d_004,EXP_TS_BC_21d,Bacterial Concrete,21,Split Tensile Strength,False,2.925,2.9284,0.0034
TabPFN_Pretrained,V1_RAW,3,TS_BC_21d_005,EXP_TS_BC_21d,Bacterial Concrete,21,Split Tensile Strength,False,2.702,2.9284,0.2264
TabPFN_Pretrained,V1_RAW,3,TS_BC_21d_006,EXP_TS_BC_21d,Bacterial Concrete,21,Split Tensile Strength,False,3.09,2.9284,-0.1616
TabPFN_Pretrained,V1_RAW,3,TS_BC_21d_007,EXP_TS_BC_21d,Bacterial Concrete,21,Split Tensile Strength,False,2.974,2.9284,-0.0456
TabPFN_Pretrained,V1_RAW,3,TS_BC_21d_008,EXP_TS_BC_21d,Bacterial Concrete,21,Split Tensile Strength,False,2.823,2.9284,0.1054
TabPFN_Pretrained,V1_RAW,3,TS_BC_21d_009,EXP_TS_BC_21d,Bacterial Concrete,21,Split Tensile Strength,False,2.867,2.9284,0.0614
TabPFN_Pretrained,V1_RAW,3,TS_BC_21d_010,EXP_TS_BC_21d,Bacterial Concrete,21,Split Tensile Strength,False,3.179,2.9284,-0.2506
TabPFN_Pretrained,V1_RAW,3,TS_BC_21d_011,EXP_TS_BC_21d,Bacterial Concrete,21,Split Tensile Strength,False,3.04,2.9284,-0.1116
TabPFN_Pretrained,V1_RAW,3,TS_BC_21d_012,EXP_TS_BC_21d,Bacterial Concrete,21,Split Tensile Strength,False,2.957,2.9284,-0.0286
TabPFN_Pretrained,V1_RAW,3,TS_BC_21d_013,EXP_TS_BC_21d,Bacterial Concrete,21,Split Tensile Strength,False,2.688,2.9284,0.2404
TabPFN_Pretrained,V1_RAW,3,TS_BC_21d_014,EXP_TS_BC_21d,Bacterial Concrete,21,Split Tensile Strength,False,3.144,2.9284,-0.2156
TabPFN_Pretrained,V1_RAW,3,TS_BC_21d_015,EXP_TS_BC_21d,Bacterial Concrete,21,Split Tensile Strength,False,3.058,2.9284,-0.1296
TabPFN_Pretrained,V1_RAW,3,TS_BC_21d_016,EXP_TS_BC_21d,Bacterial Concrete,21,Split Tensile Strength,False,2.878,2.9284,0.0504
TabPFN_Pretrained,V1_RAW,3,TS_BC_21d_017,EXP_TS_BC_21d,Bacterial Concrete,21,Split Tensile Strength,False,2.818,2.9284,0.1104
TabPFN_Pretrained,V1_RAW,3,TS_BC_21d_018,EXP_TS_BC_21d,Bacterial Concrete,21,Split Tensile Strength,False,2.872,2.9284,0.0564
TabPFN_Pretrained,V1_RAW,3,TS_BC_21d_019,EXP_TS_BC_21d,Bacterial Concrete,21,Split Tensile Strength,False,2.72,2.9284,0.2084
TabPFN_Pretrained,V1_RAW,3,TS_BC_21d_020,EXP_TS_BC_21d,Bacterial Concrete,21,Split Tensile Strength,False,2.829,2.9284,0.0994
TabPFN_Pretrained,V1_RAW,3,TS_BC_21d_021,EXP_TS_BC_21d,Bacterial Concrete,21,Split Tensile Strength,False,3.014,2.9284,-0.0856
TabPFN_Pretrained,V1_RAW,3,TS_BC_21d_022,EXP_TS_BC_21d,Bacterial Concrete,21,Split Tensile Strength,False,2.629,2.9284,0.2994
TabPFN_Pretrained,V1_RAW,3,TS_BC_21d_023,EXP_TS_BC_21d,Bacterial Concrete,21,Split Tensile Strength,False,2.853,2.9284,0.0754
TabPFN_Pretrained,V1_RAW,3,TS_BC_21d_024,EXP_TS_BC_21d,Bacterial Concrete,21,Split Tensile Strength,False,2.917,2.9284,0.0114
TabPFN_Pretrained,V1_RAW,3,TS_BC_21d_025,EXP_TS_BC_21d,Bacterial Concrete,21,Split Tensile Strength,False,2.916,2.9284,0.0124
TabPFN_Pretrained,V1_RAW,3,TS_BC_21d_026,EXP_TS_BC_21d,Bacterial Concrete,21,Split Tensile Strength,False,2.723,2.9284,0.2054
TabPFN_Pretrained,V1_RAW,3,TS_BC_21d_027,EXP_TS_BC_21d,Bacterial Concrete,21,Split Tensile Strength,False,2.723,2.9284,0.2054
TabPFN_Pretrained,V1_RAW,3,TS_BC_21d_028,EXP_TS_BC_21d,Bacterial Concrete,21,Split Tensile Strength,False,3.063,2.9284,-0.1346
TabPFN_Pretrained,V1_RAW,3,TS_BC_21d_029,EXP_TS_BC_21d,Bacterial Concrete,21,Split Tensile Strength,False,2.716,2.9284,0.2124
TabPFN_Pretrained,V1_RAW,3,TS_BC_21d_030,EXP_TS_BC_21d,Bacterial Concrete,21,Split Tensile Strength,False,3.051,2.9284,-0.1226
TabPFN_Pretrained,V1_RAW,3,TS_BC_21d_031,EXP_TS_BC_21d,Bacterial Concrete,21,Split Tensile Strength,False,2.828,2.9284,0.1004
TabPFN_Pretrained,V1_RAW,3,TS_BC_21d_032,EXP_TS_BC_21d,Bacterial Concrete,21,Split Tensile Strength,False,3.062,2.9284,-0.1336
TabPFN_Pretrained,V1_RAW,3,TS_BC_21d_033,EXP_TS_BC_21d,Bacterial Concrete,21,Split Tensile Strength,False,2.837,2.9284,0.0914
TabPFN_Pretrained,V1_RAW,3,TS_BC_21d_034,EXP_TS_BC_21d,Bacterial Concrete,21,Split Tensile Strength,False,2.725,2.9284,0.2034
TabPFN_Pretrained,V1_RAW,3,TS_BC_21d_035,EXP_TS_BC_21d,Bacterial Concrete,21,Split Tensile Strength,False,3.028,2.9284,-0.0996
TabPFN_Pretrained,V1_RAW,3,TS_BC_21d_036,EXP_TS_BC_21d,Bacterial Concrete,21,Split Tensile Strength,False,2.897,2.9284,0.0314
TabPFN_Pretrained,V1_RAW,3,TS_BC_21d_037,EXP_TS_BC_21d,Bacterial Concrete,21,Split Tensile Strength,False,3.117,2.9284,-0.1886
TabPFN_Pretrained,V1_RAW,3,TS_BC_21d_038,EXP_TS_BC_21d,Bacterial Concrete,21,Split Tensile Strength,False,3.034,2.9284,-0.1056
TabPFN_Pretrained,V1_RAW,3,TS_BC_21d_039,EXP_TS_BC_21d,Bacterial Concrete,21,Split Tensile Strength,False,2.866,2.9284,0.0624
TabPFN_Pretrained,V1_RAW,3,TS_BC_21d_040,EXP_TS_BC_21d,Bacterial Concrete,21,Split Tensile Strength,False,2.833,2.9284,0.0954
TabPFN_Pretrained,V1_RAW,3,TS_BC_21d_041,EXP_TS_BC_21d,Bacterial Concrete,21,Split Tensile Strength,False,2.904,2.9284,0.0244
TabPFN_Pretrained,V1_RAW,3,TS_BC_21d_042,EXP_TS_BC_21d,Bacterial Concrete,21,Split Tensile Strength,False,2.929,2.9284,-0.0006
TabPFN_Pretrained,V1_RAW,3,TS_BC_21d_043,EXP_TS_BC_21d,Bacterial Concrete,21,Split Tensile Strength,False,2.768,2.9284,0.1604
TabPFN_Pretrained,V1_RAW,3,TS_BC_21d_044,EXP_TS_BC_21d,Bacterial Concrete,21,Split Tensile Strength,False,3.026,2.9284,-0.0976
TabPFN_Pretrained,V1_RAW,3,TS_BC_21d_045,EXP_TS_BC_21d,Bacterial Concrete,21,Split Tensile Strength,False,2.84,2.9284,0.0884
TabPFN_Pretrained,V1_RAW,3,TS_BC_21d_046,EXP_TS_BC_21d,Bacterial Concrete,21,Split Tensile Strength,False,2.837,2.9284,0.0914
TabPFN_Pretrained,V1_RAW,3,TS_BC_21d_047,EXP_TS_BC_21d,Bacterial Concrete,21,Split Tensile Strength,False,2.819,2.9284,0.1094
TabPFN_Pretrained,V1_RAW,3,TS_BC_21d_048,EXP_TS_BC_21d,Bacterial Concrete,21,Split Tensile Strength,False,2.935,2.9284,-0.0066
TabPFN_Pretrained,V1_RAW,3,TS_BC_21d_049,EXP_TS_BC_21d,Bacterial Concrete,21,Split Tensile Strength,False,2.796,2.9284,0.1324
TabPFN_Pretrained,V1_RAW,3,TS_BC_21d_050,EXP_TS_BC_21d,Bacterial Concrete,21,Split Tensile Strength,False,2.92,2.9284,0.0084
TabPFN_Pretrained,V1_RAW,3,TS_BC_21d_051,EXP_TS_BC_21d,Bacterial Concrete,21,Split Tensile Strength,False,3.315,2.9284,-0.3866
TabPFN_Pretrained,V1_RAW,3,TS_BC_21d_052,EXP_TS_BC_21d,Bacterial Concrete,21,Split Tensile Strength,False,2.892,2.9284,0.0364
TabPFN_Pretrained,V1_RAW,3,TS_BC_21d_053,EXP_TS_BC_21d,Bacterial Concrete,21,Split Tensile Strength,False,2.835,2.9284,0.0934
TabPFN_Pretrained,V1_RAW,3,TS_BC_21d_054,EXP_TS_BC_21d,Bacterial Concrete,21,Split Tensile Strength,False,2.65,2.9284,0.2784
TabPFN_Pretrained,V1_RAW,3,TS_BC_21d_055,EXP_TS_BC_21d,Bacterial Concrete,21,Split Tensile Strength,False,2.908,2.9284,0.0204
TabPFN_Pretrained,V1_RAW,3,TS_BC_21d_056,EXP_TS_BC_21d,Bacterial Concrete,21,Split Tensile Strength,False,2.734,2.9284,0.1944
TabPFN_Pretrained,V1_RAW,3,TS_BC_21d_057,EXP_TS_BC_21d,Bacterial Concrete,21,Split Tensile Strength,False,2.844,2.9284,0.0844
TabPFN_Pretrained,V1_RAW,3,TS_BC_21d_058,EXP_TS_BC_21d,Bacterial Concrete,21,Split Tensile Strength,False,2.923,2.9284,0.0054
TabPFN_Pretrained,V1_RAW,3,TS_BC_21d_059,EXP_TS_BC_21d,Bacterial Concrete,21,Split Tensile Strength,False,2.64,2.9284,0.2884
TabPFN_Pretrained,V1_RAW,3,TS_BC_21d_060,EXP_TS_BC_21d,Bacterial Concrete,21,Split Tensile Strength,False,2.924,2.9284,0.0044
TabPFN_Pretrained,V1_RAW,3,TS_BC_21d_061,EXP_TS_BC_21d,Bacterial Concrete,21,Split Tensile Strength,False,2.946,2.9284,-0.0176
TabPFN_Pretrained,V1_RAW,3,TS_BC_21d_062,EXP_TS_BC_21d,Bacterial Concrete,21,Split Tensile Strength,False,2.705,2.9284,0.2234
TabPFN_Pretrained,V1_RAW,3,TS_BC_21d_063,EXP_TS_BC_21d,Bacterial Concrete,21,Split Tensile Strength,False,2.841,2.9284,0.0874
TabPFN_Pretrained,V1_RAW,3,TS_BC_21d_064,EXP_TS_BC_21d,Bacterial Concrete,21,Split Tensile Strength,False,2.625,2.9284,0.3034
TabPFN_Pretrained,V1_RAW,3,TS_BC_21d_065,EXP_TS_BC_21d,Bacterial Concrete,21,Split Tensile Strength,False,3.136,2.9284,-0.2076
TabPFN_Pretrained,V1_RAW,3,TS_BC_21d_066,EXP_TS_BC_21d,Bacterial Concrete,21,Split Tensile Strength,False,2.95,2.9284,-0.0216
TabPFN_Pretrained,V1_RAW,3,TS_BC_21d_067,EXP_TS_BC_21d,Bacterial Concrete,21,Split Tensile Strength,False,2.873,2.9284,0.0554
TabPFN_Pretrained,V1_RAW,3,TS_BC_21d_068,EXP_TS_BC_21d,Bacterial Concrete,21,Split Tensile Strength,False,2.875,2.9284,0.0534
TabPFN_Pretrained,V1_RAW,3,TS_BC_21d_069,EXP_TS_BC_21d,Bacterial Concrete,21,Split Tensile Strength,False,3.07,2.9284,-0.1416
TabPFN_Pretrained,V1_RAW,3,TS_BC_21d_070,EXP_TS_BC_21d,Bacterial Concrete,21,Split Tensile Strength,False,2.886,2.9284,0.0424
TabPFN_Pretrained,V1_RAW,3,TS_BC_21d_071,EXP_TS_BC_21d,Bacterial Concrete,21,Split Tensile Strength,False,2.95,2.9284,-0.0216
TabPFN_Pretrained,V1_RAW,3,TS_BC_21d_072,EXP_TS_BC_21d,Bacterial Concrete,21,Split Tensile Strength,False,3.128,2.9284,-0.1996
TabPFN_Pretrained,V1_RAW,3,TS_BC_21d_073,EXP_TS_BC_21d,Bacterial Concrete,21,Split Tensile Strength,False,2.848,2.9284,0.0804
TabPFN_Pretrained,V1_RAW,3,TS_BC_21d_074,EXP_TS_BC_21d,Bacterial Concrete,21,Split Tensile Strength,False,2.736,2.9284,0.1924
TabPFN_Pretrained,V1_RAW,3,TS_BC_21d_075,EXP_TS_BC_21d,Bacterial Concrete,21,Split Tensile Strength,False,2.776,2.9284,0.1524
TabPFN_Pretrained,V1_RAW,3,TS_BC_21d_076,EXP_TS_BC_21d,Bacterial Concrete,21,Split Tensile Strength,False,3.114,2.9284,-0.1856
TabPFN_Pretrained,V1_RAW,3,TS_BC_21d_077,EXP_TS_BC_21d,Bacterial Concrete,21,Split Tensile Strength,False,2.914,2.9284,0.0144
TabPFN_Pretrained,V1_RAW,3,TS_BC_21d_078,EXP_TS_BC_21d,Bacterial Concrete,21,Split Tensile Strength,False,2.825,2.9284,0.1034
TabPFN_Pretrained,V1_RAW,3,TS_BC_21d_079,EXP_TS_BC_21d,Bacterial Concrete,21,Split Tensile Strength,False,3.046,2.9284,-0.1176
TabPFN_Pretrained,V1_RAW,3,TS_BC_21d_080,EXP_TS_BC_21d,Bacterial Concrete,21,Split Tensile Strength,False,3.05,2.9284,-0.1216
TabPFN_Pretrained,V1_RAW,3,TS_BC_21d_081,EXP_TS_BC_21d,Bacterial Concrete,21,Split Tensile Strength,False,2.829,2.9284,0.0994
TabPFN_Pretrained,V1_RAW,3,TS_BC_21d_082,EXP_TS_BC_21d,Bacterial Concrete,21,Split Tensile Strength,False,2.754,2.9284,0.1744
TabPFN_Pretrained,V1_RAW,3,TS_BC_21d_083,EXP_TS_BC_21d,Bacterial Concrete,21,Split Tensile Strength,False,2.664,2.9284,0.2644
TabPFN_Pretrained,V1_RAW,3,TS_BC_21d_084,EXP_TS_BC_21d,Bacterial Concrete,21,Split Tensile Strength,False,2.631,2.9284,0.2974
TabPFN_Pretrained,V1_RAW,3,TS_BC_21d_085,EXP_TS_BC_21d,Bacterial Concrete,21,Split Tensile Strength,False,2.86,2.9284,0.0684
TabPFN_Pretrained,V1_RAW,3,TS_BC_21d_086,EXP_TS_BC_21d,Bacterial Concrete,21,Split Tensile Strength,False,2.766,2.9284,0.1624
TabPFN_Pretrained,V1_RAW,3,TS_BC_21d_087,EXP_TS_BC_21d,Bacterial Concrete,21,Split Tensile Strength,False,3.179,2.9284,-0.2506
TabPFN_Pretrained,V1_RAW,3,TS_BC_21d_088,EXP_TS_BC_21d,Bacterial Concrete,21,Split Tensile Strength,False,2.909,2.9284,0.0194
TabPFN_Pretrained,V1_RAW,3,TS_BC_21d_089,EXP_TS_BC_21d,Bacterial Concrete,21,Split Tensile Strength,False,2.609,2.9284,0.3194
TabPFN_Pretrained,V1_RAW,3,TS_BC_21d_090,EXP_TS_BC_21d,Bacterial Concrete,21,Split Tensile Strength,False,3.113,2.9284,-0.1846
TabPFN_Pretrained,V1_RAW,3,TS_BC_21d_091,EXP_TS_BC_21d,Bacterial Concrete,21,Split Tensile Strength,False,2.924,2.9284,0.0044
TabPFN_Pretrained,V1_RAW,3,TS_BC_21d_092,EXP_TS_BC_21d,Bacterial Concrete,21,Split Tensile Strength,False,3.006,2.9284,-0.0776
TabPFN_Pretrained,V1_RAW,3,TS_BC_21d_093,EXP_TS_BC_21d,Bacterial Concrete,21,Split Tensile Strength,False,3.002,2.9284,-0.0736
TabPFN_Pretrained,V1_RAW,3,TS_BC_21d_094,EXP_TS_BC_21d,Bacterial Concrete,21,Split Tensile Strength,False,2.944,2.9284,-0.0156
TabPFN_Pretrained,V1_RAW,3,TS_BC_21d_095,EXP_TS_BC_21d,Bacterial Concrete,21,Split Tensile Strength,False,2.979,2.9284,-0.0506
TabPFN_Pretrained,V1_RAW,3,TS_BC_21d_096,EXP_TS_BC_21d,Bacterial Concrete,21,Split Tensile Strength,False,2.936,2.9284,-0.0076
TabPFN_Pretrained,V1_RAW,3,TS_BC_21d_097,EXP_TS_BC_21d,Bacterial Concrete,21,Split Tensile Strength,False,2.734,2.9284,0.1944
TabPFN_Pretrained,V1_RAW,3,TS_BC_21d_098,EXP_TS_BC_21d,Bacterial Concrete,21,Split Tensile Strength,False,2.955,2.9284,-0.0266
TabPFN_Pretrained,V1_RAW,3,TS_BC_21d_099,EXP_TS_BC_21d,Bacterial Concrete,21,Split Tensile Strength,False,3.054,2.9284,-0.1256
TabPFN_Pretrained,V1_RAW,3,TS_BC_21d_100,EXP_TS_BC_21d,Bacterial Concrete,21,Split Tensile Strength,False,2.868,2.9284,0.0604
TabPFN_Pretrained,V1_RAW,4,CS_NC_14d_001,EXP_CS_NC_14d,Normal Concrete,14,Compressive Strength,False,21.38,24.1957,2.8157
TabPFN_Pretrained,V1_RAW,4,CS_NC_14d_002,EXP_CS_NC_14d,Normal Concrete,14,Compressive Strength,False,22.87,24.1957,1.3257
TabPFN_Pretrained,V1_RAW,4,CS_NC_14d_003,EXP_CS_NC_14d,Normal Concrete,14,Compressive Strength,False,22.99,24.1957,1.2057
TabPFN_Pretrained,V1_RAW,4,CS_NC_14d_004,EXP_CS_NC_14d,Normal Concrete,14,Compressive Strength,False,22.3,24.1957,1.8957
TabPFN_Pretrained,V1_RAW,4,CS_NC_14d_005,EXP_CS_NC_14d,Normal Concrete,14,Compressive Strength,False,23.26,24.1957,0.9357
TabPFN_Pretrained,V1_RAW,4,CS_NC_14d_006,EXP_CS_NC_14d,Normal Concrete,14,Compressive Strength,False,24.11,24.1957,0.0857
TabPFN_Pretrained,V1_RAW,4,CS_NC_14d_007,EXP_CS_NC_14d,Normal Concrete,14,Compressive Strength,False,26.33,24.1957,-2.1343
TabPFN_Pretrained,V1_RAW,4,CS_NC_14d_008,EXP_CS_NC_14d,Normal Concrete,14,Compressive Strength,False,23.76,24.1957,0.4357
TabPFN_Pretrained,V1_RAW,4,CS_NC_14d_009,EXP_CS_NC_14d,Normal Concrete,14,Compressive Strength,False,23.89,24.1957,0.3057
TabPFN_Pretrained,V1_RAW,4,CS_NC_14d_010,EXP_CS_NC_14d,Normal Concrete,14,Compressive Strength,False,23.39,24.1957,0.8057
TabPFN_Pretrained,V1_RAW,4,CS_NC_14d_011,EXP_CS_NC_14d,Normal Concrete,14,Compressive Strength,False,20.62,24.1957,3.5757
TabPFN_Pretrained,V1_RAW,4,CS_NC_14d_012,EXP_CS_NC_14d,Normal Concrete,14,Compressive Strength,False,23.46,24.1957,0.7357
TabPFN_Pretrained,V1_RAW,4,CS_NC_14d_013,EXP_CS_NC_14d,Normal Concrete,14,Compressive Strength,False,23.59,24.1957,0.6057
TabPFN_Pretrained,V1_RAW,4,CS_NC_14d_014,EXP_CS_NC_14d,Normal Concrete,14,Compressive Strength,False,27.19,24.1957,-2.9943
TabPFN_Pretrained,V1_RAW,4,CS_NC_14d_015,EXP_CS_NC_14d,Normal Concrete,14,Compressive Strength,False,23.21,24.1957,0.9857
TabPFN_Pretrained,V1_RAW,4,CS_NC_14d_016,EXP_CS_NC_14d,Normal Concrete,14,Compressive Strength,False,23.95,24.1957,0.2457
TabPFN_Pretrained,V1_RAW,4,CS_NC_14d_017,EXP_CS_NC_14d,Normal Concrete,14,Compressive Strength,False,23.45,24.1957,0.7457
TabPFN_Pretrained,V1_RAW,4,CS_NC_14d_018,EXP_CS_NC_14d,Normal Concrete,14,Compressive Strength,False,21.75,24.1957,2.4457
TabPFN_Pretrained,V1_RAW,4,CS_NC_14d_019,EXP_CS_NC_14d,Normal Concrete,14,Compressive Strength,False,25.21,24.1957,-1.0143
TabPFN_Pretrained,V1_RAW,4,CS_NC_14d_020,EXP_CS_NC_14d,Normal Concrete,14,Compressive Strength,False,24.63,24.1957,-0.4343
TabPFN_Pretrained,V1_RAW,4,CS_NC_14d_021,EXP_CS_NC_14d,Normal Concrete,14,Compressive Strength,False,24.69,24.1957,-0.4943
TabPFN_Pretrained,V1_RAW,4,CS_NC_14d_022,EXP_CS_NC_14d,Normal Concrete,14,Compressive Strength,False,22.14,24.1957,2.0557
TabPFN_Pretrained,V1_RAW,4,CS_NC_14d_023,EXP_CS_NC_14d,Normal Concrete,14,Compressive Strength,False,25.6,24.1957,-1.4043
TabPFN_Pretrained,V1_RAW,4,CS_NC_14d_024,EXP_CS_NC_14d,Normal Concrete,14,Compressive Strength,False,21.4,24.1957,2.7957
TabPFN_Pretrained,V1_RAW,4,CS_NC_14d_025,EXP_CS_NC_14d,Normal Concrete,14,Compressive Strength,False,24.38,24.1957,-0.1843
TabPFN_Pretrained,V1_RAW,4,CS_NC_14d_026,EXP_CS_NC_14d,Normal Concrete,14,Compressive Strength,False,26.79,24.1957,-2.5943
TabPFN_Pretrained,V1_RAW,4,CS_NC_14d_027,EXP_CS_NC_14d,Normal Concrete,14,Compressive Strength,False,22.01,24.1957,2.1857
TabPFN_Pretrained,V1_RAW,4,CS_NC_14d_028,EXP_CS_NC_14d,Normal Concrete,14,Compressive Strength,False,22.65,24.1957,1.5457
TabPFN_Pretrained,V1_RAW,4,CS_NC_14d_029,EXP_CS_NC_14d,Normal Concrete,14,Compressive Strength,False,23.65,24.1957,0.5457
TabPFN_Pretrained,V1_RAW,4,CS_NC_14d_030,EXP_CS_NC_14d,Normal Concrete,14,Compressive Strength,False,22.74,24.1957,1.4557
TabPFN_Pretrained,V1_RAW,4,CS_NC_14d_031,EXP_CS_NC_14d,Normal Concrete,14,Compressive Strength,False,21.17,24.1957,3.0257
TabPFN_Pretrained,V1_RAW,4,CS_NC_14d_032,EXP_CS_NC_14d,Normal Concrete,14,Compressive Strength,False,23.6,24.1957,0.5957
TabPFN_Pretrained,V1_RAW,4,CS_NC_14d_033,EXP_CS_NC_14d,Normal Concrete,14,Compressive Strength,False,21.91,24.1957,2.2857
TabPFN_Pretrained,V1_RAW,4,CS_NC_14d_034,EXP_CS_NC_14d,Normal Concrete,14,Compressive Strength,False,24.21,24.1957,-0.0143
TabPFN_Pretrained,V1_RAW,4,CS_NC_14d_035,EXP_CS_NC_14d,Normal Concrete,14,Compressive Strength,False,22.12,24.1957,2.0757
TabPFN_Pretrained,V1_RAW,4,CS_NC_14d_036,EXP_CS_NC_14d,Normal Concrete,14,Compressive Strength,False,25.82,24.1957,-1.6243
TabPFN_Pretrained,V1_RAW,4,CS_NC_14d_037,EXP_CS_NC_14d,Normal Concrete,14,Compressive Strength,False,22.33,24.1957,1.8657
TabPFN_Pretrained,V1_RAW,4,CS_NC_14d_038,EXP_CS_NC_14d,Normal Concrete,14,Compressive Strength,False,23.02,24.1957,1.1757
TabPFN_Pretrained,V1_RAW,4,CS_NC_14d_039,EXP_CS_NC_14d,Normal Concrete,14,Compressive Strength,False,24.72,24.1957,-0.5243
TabPFN_Pretrained,V1_RAW,4,CS_NC_14d_040,EXP_CS_NC_14d,Normal Concrete,14,Compressive Strength,False,21.65,24.1957,2.5457
TabPFN_Pretrained,V1_RAW,4,CS_NC_14d_041,EXP_CS_NC_14d,Normal Concrete,14,Compressive Strength,False,23.84,24.1957,0.3557
TabPFN_Pretrained,V1_RAW,4,CS_NC_14d_042,EXP_CS_NC_14d,Normal Concrete,14,Compressive Strength,False,25.46,24.1957,-1.2643
TabPFN_Pretrained,V1_RAW,4,CS_NC_14d_043,EXP_CS_NC_14d,Normal Concrete,14,Compressive Strength,False,21.09,24.1957,3.1057
TabPFN_Pretrained,V1_RAW,4,CS_NC_14d_044,EXP_CS_NC_14d,Normal Concrete,14,Compressive Strength,False,23.78,24.1957,0.4157
TabPFN_Pretrained,V1_RAW,4,CS_NC_14d_045,EXP_CS_NC_14d,Normal Concrete,14,Compressive Strength,False,23.89,24.1957,0.3057
TabPFN_Pretrained,V1_RAW,4,CS_NC_14d_046,EXP_CS_NC_14d,Normal Concrete,14,Compressive Strength,False,24.67,24.1957,-0.4743
TabPFN_Pretrained,V1_RAW,4,CS_NC_14d_047,EXP_CS_NC_14d,Normal Concrete,14,Compressive Strength,False,21.64,24.1957,2.5557
TabPFN_Pretrained,V1_RAW,4,CS_NC_14d_048,EXP_CS_NC_14d,Normal Concrete,14,Compressive Strength,False,21.52,24.1957,2.6757
TabPFN_Pretrained,V1_RAW,4,CS_NC_14d_049,EXP_CS_NC_14d,Normal Concrete,14,Compressive Strength,False,24.28,24.1957,-0.0843
TabPFN_Pretrained,V1_RAW,4,CS_NC_14d_050,EXP_CS_NC_14d,Normal Concrete,14,Compressive Strength,False,23.95,24.1957,0.2457
TabPFN_Pretrained,V1_RAW,4,CS_NC_14d_051,EXP_CS_NC_14d,Normal Concrete,14,Compressive Strength,False,23.88,24.1957,0.3157
TabPFN_Pretrained,V1_RAW,4,CS_NC_14d_052,EXP_CS_NC_14d,Normal Concrete,14,Compressive Strength,False,24.02,24.1957,0.1757
TabPFN_Pretrained,V1_RAW,4,CS_NC_14d_053,EXP_CS_NC_14d,Normal Concrete,14,Compressive Strength,False,22.48,24.1957,1.7157
TabPFN_Pretrained,V1_RAW,4,CS_NC_14d_054,EXP_CS_NC_14d,Normal Concrete,14,Compressive Strength,False,23.85,24.1957,0.3457
TabPFN_Pretrained,V1_RAW,4,CS_NC_14d_055,EXP_CS_NC_14d,Normal Concrete,14,Compressive Strength,False,23.94,24.1957,0.2557
TabPFN_Pretrained,V1_RAW,4,CS_NC_14d_056,EXP_CS_NC_14d,Normal Concrete,14,Compressive Strength,False,22.43,24.1957,1.7657
TabPFN_Pretrained,V1_RAW,4,CS_NC_14d_057,EXP_CS_NC_14d,Normal Concrete,14,Compressive Strength,False,26.3,24.1957,-2.1043
TabPFN_Pretrained,V1_RAW,4,CS_NC_14d_058,EXP_CS_NC_14d,Normal Concrete,14,Compressive Strength,False,24.21,24.1957,-0.0143
TabPFN_Pretrained,V1_RAW,4,CS_NC_14d_059,EXP_CS_NC_14d,Normal Concrete,14,Compressive Strength,False,21.71,24.1957,2.4857
TabPFN_Pretrained,V1_RAW,4,CS_NC_14d_060,EXP_CS_NC_14d,Normal Concrete,14,Compressive Strength,False,24.48,24.1957,-0.2843
TabPFN_Pretrained,V1_RAW,4,CS_NC_14d_061,EXP_CS_NC_14d,Normal Concrete,14,Compressive Strength,False,22.04,24.1957,2.1557
TabPFN_Pretrained,V1_RAW,4,CS_NC_14d_062,EXP_CS_NC_14d,Normal Concrete,14,Compressive Strength,False,24.68,24.1957,-0.4843
TabPFN_Pretrained,V1_RAW,4,CS_NC_14d_063,EXP_CS_NC_14d,Normal Concrete,14,Compressive Strength,False,25.24,24.1957,-1.0443
TabPFN_Pretrained,V1_RAW,4,CS_NC_14d_064,EXP_CS_NC_14d,Normal Concrete,14,Compressive Strength,False,22.27,24.1957,1.9257
TabPFN_Pretrained,V1_RAW,4,CS_NC_14d_065,EXP_CS_NC_14d,Normal Concrete,14,Compressive Strength,False,24.95,24.1957,-0.7543
TabPFN_Pretrained,V1_RAW,4,CS_NC_14d_066,EXP_CS_NC_14d,Normal Concrete,14,Compressive Strength,False,24.12,24.1957,0.0757
TabPFN_Pretrained,V1_RAW,4,CS_NC_14d_067,EXP_CS_NC_14d,Normal Concrete,14,Compressive Strength,False,24.73,24.1957,-0.5343
TabPFN_Pretrained,V1_RAW,4,CS_NC_14d_068,EXP_CS_NC_14d,Normal Concrete,14,Compressive Strength,False,26.35,24.1957,-2.1543
TabPFN_Pretrained,V1_RAW,4,CS_NC_14d_069,EXP_CS_NC_14d,Normal Concrete,14,Compressive Strength,False,23.13,24.1957,1.0657
TabPFN_Pretrained,V1_RAW,4,CS_NC_14d_070,EXP_CS_NC_14d,Normal Concrete,14,Compressive Strength,False,22.37,24.1957,1.8257
TabPFN_Pretrained,V1_RAW,4,CS_NC_14d_071,EXP_CS_NC_14d,Normal Concrete,14,Compressive Strength,False,22.17,24.1957,2.0257
TabPFN_Pretrained,V1_RAW,4,CS_NC_14d_072,EXP_CS_NC_14d,Normal Concrete,14,Compressive Strength,False,22.28,24.1957,1.9157
TabPFN_Pretrained,V1_RAW,4,CS_NC_14d_073,EXP_CS_NC_14d,Normal Concrete,14,Compressive Strength,False,23.38,24.1957,0.8157
TabPFN_Pretrained,V1_RAW,4,CS_NC_14d_074,EXP_CS_NC_14d,Normal Concrete,14,Compressive Strength,False,24.01,24.1957,0.1857
TabPFN_Pretrained,V1_RAW,4,CS_NC_14d_075,EXP_CS_NC_14d,Normal Concrete,14,Compressive Strength,False,23.92,24.1957,0.2757
TabPFN_Pretrained,V1_RAW,4,CS_NC_14d_076,EXP_CS_NC_14d,Normal Concrete,14,Compressive Strength,False,24.74,24.1957,-0.5443
TabPFN_Pretrained,V1_RAW,4,CS_NC_14d_077,EXP_CS_NC_14d,Normal Concrete,14,Compressive Strength,False,23.52,24.1957,0.6757
TabPFN_Pretrained,V1_RAW,4,CS_NC_14d_078,EXP_CS_NC_14d,Normal Concrete,14,Compressive Strength,False,25.68,24.1957,-1.4843
TabPFN_Pretrained,V1_RAW,4,CS_NC_14d_079,EXP_CS_NC_14d,Normal Concrete,14,Compressive Strength,False,23.1,24.1957,1.0957
TabPFN_Pretrained,V1_RAW,4,CS_NC_14d_080,EXP_CS_NC_14d,Normal Concrete,14,Compressive Strength,False,27.58,24.1957,-3.3843
TabPFN_Pretrained,V1_RAW,4,CS_NC_14d_081,EXP_CS_NC_14d,Normal Concrete,14,Compressive Strength,False,24.44,24.1957,-0.2443
TabPFN_Pretrained,V1_RAW,4,CS_NC_14d_082,EXP_CS_NC_14d,Normal Concrete,14,Compressive Strength,False,22.21,24.1957,1.9857
TabPFN_Pretrained,V1_RAW,4,CS_NC_14d_083,EXP_CS_NC_14d,Normal Concrete,14,Compressive Strength,False,21.89,24.1957,2.3057
TabPFN_Pretrained,V1_RAW,4,CS_NC_14d_084,EXP_CS_NC_14d,Normal Concrete,14,Compressive Strength,False,24.22,24.1957,-0.0243
TabPFN_Pretrained,V1_RAW,4,CS_NC_14d_085,EXP_CS_NC_14d,Normal Concrete,14,Compressive Strength,False,23.16,24.1957,1.0357
TabPFN_Pretrained,V1_RAW,4,CS_NC_14d_086,EXP_CS_NC_14d,Normal Concrete,14,Compressive Strength,False,24.57,24.1957,-0.3743
TabPFN_Pretrained,V1_RAW,4,CS_NC_14d_087,EXP_CS_NC_14d,Normal Concrete,14,Compressive Strength,False,24.21,24.1957,-0.0143
TabPFN_Pretrained,V1_RAW,4,CS_NC_14d_088,EXP_CS_NC_14d,Normal Concrete,14,Compressive Strength,False,23.39,24.1957,0.8057
TabPFN_Pretrained,V1_RAW,4,CS_NC_14d_089,EXP_CS_NC_14d,Normal Concrete,14,Compressive Strength,False,22.23,24.1957,1.9657
TabPFN_Pretrained,V1_RAW,4,CS_NC_14d_090,EXP_CS_NC_14d,Normal Concrete,14,Compressive Strength,False,21.23,24.1957,2.9657
TabPFN_Pretrained,V1_RAW,4,CS_NC_14d_091,EXP_CS_NC_14d,Normal Concrete,14,Compressive Strength,False,22.83,24.1957,1.3657
TabPFN_Pretrained,V1_RAW,4,CS_NC_14d_092,EXP_CS_NC_14d,Normal Concrete,14,Compressive Strength,False,24.78,24.1957,-0.5843
TabPFN_Pretrained,V1_RAW,4,CS_NC_14d_093,EXP_CS_NC_14d,Normal Concrete,14,Compressive Strength,False,23.82,24.1957,0.3757
TabPFN_Pretrained,V1_RAW,4,CS_NC_14d_094,EXP_CS_NC_14d,Normal Concrete,14,Compressive Strength,False,21.63,24.1957,2.5657
TabPFN_Pretrained,V1_RAW,4,CS_NC_14d_095,EXP_CS_NC_14d,Normal Concrete,14,Compressive Strength,False,23.76,24.1957,0.4357
TabPFN_Pretrained,V1_RAW,4,CS_NC_14d_096,EXP_CS_NC_14d,Normal Concrete,14,Compressive Strength,False,24.08,24.1957,0.1157
TabPFN_Pretrained,V1_RAW,4,CS_NC_14d_097,EXP_CS_NC_14d,Normal Concrete,14,Compressive Strength,False,22.17,24.1957,2.0257
TabPFN_Pretrained,V1_RAW,4,CS_NC_14d_098,EXP_CS_NC_14d,Normal Concrete,14,Compressive Strength,False,23.73,24.1957,0.4657
TabPFN_Pretrained,V1_RAW,4,CS_NC_14d_099,EXP_CS_NC_14d,Normal Concrete,14,Compressive Strength,False,23.59,24.1957,0.6057
TabPFN_Pretrained,V1_RAW,4,CS_NC_14d_100,EXP_CS_NC_14d,Normal Concrete,14,Compressive Strength,False,21.79,24.1957,2.4057
TabPFN_Pretrained,V1_RAW,4,FS_NC_14d_001,EXP_FS_NC_14d,Normal Concrete,14,Flexural Strength,False,3.713,3.5209,-0.1921
TabPFN_Pretrained,V1_RAW,4,FS_NC_14d_002,EXP_FS_NC_14d,Normal Concrete,14,Flexural Strength,False,3.83,3.5209,-0.3091
TabPFN_Pretrained,V1_RAW,4,FS_NC_14d_003,EXP_FS_NC_14d,Normal Concrete,14,Flexural Strength,False,3.31,3.5209,0.2109
TabPFN_Pretrained,V1_RAW,4,FS_NC_14d_004,EXP_FS_NC_14d,Normal Concrete,14,Flexural Strength,False,3.764,3.5209,-0.2431
TabPFN_Pretrained,V1_RAW,4,FS_NC_14d_005,EXP_FS_NC_14d,Normal Concrete,14,Flexural Strength,False,3.873,3.5209,-0.3521
TabPFN_Pretrained,V1_RAW,4,FS_NC_14d_006,EXP_FS_NC_14d,Normal Concrete,14,Flexural Strength,False,3.161,3.5209,0.3599
TabPFN_Pretrained,V1_RAW,4,FS_NC_14d_007,EXP_FS_NC_14d,Normal Concrete,14,Flexural Strength,False,3.969,3.5209,-0.4481
TabPFN_Pretrained,V1_RAW,4,FS_NC_14d_008,EXP_FS_NC_14d,Normal Concrete,14,Flexural Strength,False,3.598,3.5209,-0.0771
TabPFN_Pretrained,V1_RAW,4,FS_NC_14d_009,EXP_FS_NC_14d,Normal Concrete,14,Flexural Strength,False,3.14,3.5209,0.3809
TabPFN_Pretrained,V1_RAW,4,FS_NC_14d_010,EXP_FS_NC_14d,Normal Concrete,14,Flexural Strength,False,3.536,3.5209,-0.0151
TabPFN_Pretrained,V1_RAW,4,FS_NC_14d_011,EXP_FS_NC_14d,Normal Concrete,14,Flexural Strength,False,3.996,3.5209,-0.4751
TabPFN_Pretrained,V1_RAW,4,FS_NC_14d_012,EXP_FS_NC_14d,Normal Concrete,14,Flexural Strength,False,3.56,3.5209,-0.0391
TabPFN_Pretrained,V1_RAW,4,FS_NC_14d_013,EXP_FS_NC_14d,Normal Concrete,14,Flexural Strength,False,3.425,3.5209,0.0959
TabPFN_Pretrained,V1_RAW,4,FS_NC_14d_014,EXP_FS_NC_14d,Normal Concrete,14,Flexural Strength,False,3.774,3.5209,-0.2531
TabPFN_Pretrained,V1_RAW,4,FS_NC_14d_015,EXP_FS_NC_14d,Normal Concrete,14,Flexural Strength,False,3.511,3.5209,0.0099
TabPFN_Pretrained,V1_RAW,4,FS_NC_14d_016,EXP_FS_NC_14d,Normal Concrete,14,Flexural Strength,False,3.11,3.5209,0.4109
TabPFN_Pretrained,V1_RAW,4,FS_NC_14d_017,EXP_FS_NC_14d,Normal Concrete,14,Flexural Strength,False,3.87,3.5209,-0.3491
TabPFN_Pretrained,V1_RAW,4,FS_NC_14d_018,EXP_FS_NC_14d,Normal Concrete,14,Flexural Strength,False,3.657,3.5209,-0.1361
TabPFN_Pretrained,V1_RAW,4,FS_NC_14d_019,EXP_FS_NC_14d,Normal Concrete,14,Flexural Strength,False,3.955,3.5209,-0.4341
TabPFN_Pretrained,V1_RAW,4,FS_NC_14d_020,EXP_FS_NC_14d,Normal Concrete,14,Flexural Strength,False,3.521,3.5209,-0.0001
TabPFN_Pretrained,V1_RAW,4,FS_NC_14d_021,EXP_FS_NC_14d,Normal Concrete,14,Flexural Strength,False,3.32,3.5209,0.2009
TabPFN_Pretrained,V1_RAW,4,FS_NC_14d_022,EXP_FS_NC_14d,Normal Concrete,14,Flexural Strength,False,3.25,3.5209,0.2709
TabPFN_Pretrained,V1_RAW,4,FS_NC_14d_023,EXP_FS_NC_14d,Normal Concrete,14,Flexural Strength,False,3.233,3.5209,0.2879
TabPFN_Pretrained,V1_RAW,4,FS_NC_14d_024,EXP_FS_NC_14d,Normal Concrete,14,Flexural Strength,False,3.821,3.5209,-0.3001
TabPFN_Pretrained,V1_RAW,4,FS_NC_14d_025,EXP_FS_NC_14d,Normal Concrete,14,Flexural Strength,False,3.387,3.5209,0.1339
TabPFN_Pretrained,V1_RAW,4,FS_NC_14d_026,EXP_FS_NC_14d,Normal Concrete,14,Flexural Strength,False,3.881,3.5209,-0.3601
TabPFN_Pretrained,V1_RAW,4,FS_NC_14d_027,EXP_FS_NC_14d,Normal Concrete,14,Flexural Strength,False,3.624,3.5209,-0.1031
TabPFN_Pretrained,V1_RAW,4,FS_NC_14d_028,EXP_FS_NC_14d,Normal Concrete,14,Flexural Strength,False,3.534,3.5209,-0.0131
TabPFN_Pretrained,V1_RAW,4,FS_NC_14d_029,EXP_FS_NC_14d,Normal Concrete,14,Flexural Strength,False,3.717,3.5209,-0.1961
TabPFN_Pretrained,V1_RAW,4,FS_NC_14d_030,EXP_FS_NC_14d,Normal Concrete,14,Flexural Strength,False,3.561,3.5209,-0.0401
TabPFN_Pretrained,V1_RAW,4,FS_NC_14d_031,EXP_FS_NC_14d,Normal Concrete,14,Flexural Strength,False,3.73,3.5209,-0.2091
TabPFN_Pretrained,V1_RAW,4,FS_NC_14d_032,EXP_FS_NC_14d,Normal Concrete,14,Flexural Strength,False,3.46,3.5209,0.0609
TabPFN_Pretrained,V1_RAW,4,FS_NC_14d_033,EXP_FS_NC_14d,Normal Concrete,14,Flexural Strength,False,3.642,3.5209,-0.1211
TabPFN_Pretrained,V1_RAW,4,FS_NC_14d_034,EXP_FS_NC_14d,Normal Concrete,14,Flexural Strength,False,3.637,3.5209,-0.1161
TabPFN_Pretrained,V1_RAW,4,FS_NC_14d_035,EXP_FS_NC_14d,Normal Concrete,14,Flexural Strength,False,3.368,3.5209,0.1529
TabPFN_Pretrained,V1_RAW,4,FS_NC_14d_036,EXP_FS_NC_14d,Normal Concrete,14,Flexural Strength,False,3.784,3.5209,-0.2631
TabPFN_Pretrained,V1_RAW,4,FS_NC_14d_037,EXP_FS_NC_14d,Normal Concrete,14,Flexural Strength,False,3.946,3.5209,-0.4251
TabPFN_Pretrained,V1_RAW,4,FS_NC_14d_038,EXP_FS_NC_14d,Normal Concrete,14,Flexural Strength,False,3.692,3.5209,-0.1711
TabPFN_Pretrained,V1_RAW,4,FS_NC_14d_039,EXP_FS_NC_14d,Normal Concrete,14,Flexural Strength,False,3.886,3.5209,-0.3651
TabPFN_Pretrained,V1_RAW,4,FS_NC_14d_040,EXP_FS_NC_14d,Normal Concrete,14,Flexural Strength,False,3.182,3.5209,0.3389
TabPFN_Pretrained,V1_RAW,4,FS_NC_14d_041,EXP_FS_NC_14d,Normal Concrete,14,Flexural Strength,False,3.711,3.5209,-0.1901
TabPFN_Pretrained,V1_RAW,4,FS_NC_14d_042,EXP_FS_NC_14d,Normal Concrete,14,Flexural Strength,False,3.694,3.5209,-0.1731
TabPFN_Pretrained,V1_RAW,4,FS_NC_14d_043,EXP_FS_NC_14d,Normal Concrete,14,Flexural Strength,False,3.745,3.5209,-0.2241
TabPFN_Pretrained,V1_RAW,4,FS_NC_14d_044,EXP_FS_NC_14d,Normal Concrete,14,Flexural Strength,False,3.567,3.5209,-0.0461
TabPFN_Pretrained,V1_RAW,4,FS_NC_14d_045,EXP_FS_NC_14d,Normal Concrete,14,Flexural Strength,False,4.09,3.5209,-0.5691
TabPFN_Pretrained,V1_RAW,4,FS_NC_14d_046,EXP_FS_NC_14d,Normal Concrete,14,Flexural Strength,False,3.859,3.5209,-0.3381
TabPFN_Pretrained,V1_RAW,4,FS_NC_14d_047,EXP_FS_NC_14d,Normal Concrete,14,Flexural Strength,False,3.175,3.5209,0.3459
TabPFN_Pretrained,V1_RAW,4,FS_NC_14d_048,EXP_FS_NC_14d,Normal Concrete,14,Flexural Strength,False,3.458,3.5209,0.0629
TabPFN_Pretrained,V1_RAW,4,FS_NC_14d_049,EXP_FS_NC_14d,Normal Concrete,14,Flexural Strength,False,3.973,3.5209,-0.4521
TabPFN_Pretrained,V1_RAW,4,FS_NC_14d_050,EXP_FS_NC_14d,Normal Concrete,14,Flexural Strength,False,3.394,3.5209,0.1269
TabPFN_Pretrained,V1_RAW,4,FS_NC_14d_051,EXP_FS_NC_14d,Normal Concrete,14,Flexural Strength,False,3.794,3.5209,-0.2731
TabPFN_Pretrained,V1_RAW,4,FS_NC_14d_052,EXP_FS_NC_14d,Normal Concrete,14,Flexural Strength,False,3.724,3.5209,-0.2031
TabPFN_Pretrained,V1_RAW,4,FS_NC_14d_053,EXP_FS_NC_14d,Normal Concrete,14,Flexural Strength,False,3.633,3.5209,-0.1121
TabPFN_Pretrained,V1_RAW,4,FS_NC_14d_054,EXP_FS_NC_14d,Normal Concrete,14,Flexural Strength,False,3.85,3.5209,-0.3291
TabPFN_Pretrained,V1_RAW,4,FS_NC_14d_055,EXP_FS_NC_14d,Normal Concrete,14,Flexural Strength,False,3.647,3.5209,-0.1261
TabPFN_Pretrained,V1_RAW,4,FS_NC_14d_056,EXP_FS_NC_14d,Normal Concrete,14,Flexural Strength,False,3.667,3.5209,-0.1461
TabPFN_Pretrained,V1_RAW,4,FS_NC_14d_057,EXP_FS_NC_14d,Normal Concrete,14,Flexural Strength,False,3.33,3.5209,0.1909
TabPFN_Pretrained,V1_RAW,4,FS_NC_14d_058,EXP_FS_NC_14d,Normal Concrete,14,Flexural Strength,False,3.927,3.5209,-0.4061
TabPFN_Pretrained,V1_RAW,4,FS_NC_14d_059,EXP_FS_NC_14d,Normal Concrete,14,Flexural Strength,False,3.577,3.5209,-0.0561
TabPFN_Pretrained,V1_RAW,4,FS_NC_14d_060,EXP_FS_NC_14d,Normal Concrete,14,Flexural Strength,False,3.459,3.5209,0.0619
TabPFN_Pretrained,V1_RAW,4,FS_NC_14d_061,EXP_FS_NC_14d,Normal Concrete,14,Flexural Strength,False,3.973,3.5209,-0.4521
TabPFN_Pretrained,V1_RAW,4,FS_NC_14d_062,EXP_FS_NC_14d,Normal Concrete,14,Flexural Strength,False,3.985,3.5209,-0.4641
TabPFN_Pretrained,V1_RAW,4,FS_NC_14d_063,EXP_FS_NC_14d,Normal Concrete,14,Flexural Strength,False,4.3,3.5209,-0.7791
TabPFN_Pretrained,V1_RAW,4,FS_NC_14d_064,EXP_FS_NC_14d,Normal Concrete,14,Flexural Strength,False,3.953,3.5209,-0.4321
TabPFN_Pretrained,V1_RAW,4,FS_NC_14d_065,EXP_FS_NC_14d,Normal Concrete,14,Flexural Strength,False,3.654,3.5209,-0.1331
TabPFN_Pretrained,V1_RAW,4,FS_NC_14d_066,EXP_FS_NC_14d,Normal Concrete,14,Flexural Strength,False,3.631,3.5209,-0.1101
TabPFN_Pretrained,V1_RAW,4,FS_NC_14d_067,EXP_FS_NC_14d,Normal Concrete,14,Flexural Strength,False,3.621,3.5209,-0.1001
TabPFN_Pretrained,V1_RAW,4,FS_NC_14d_068,EXP_FS_NC_14d,Normal Concrete,14,Flexural Strength,False,3.393,3.5209,0.1279
TabPFN_Pretrained,V1_RAW,4,FS_NC_14d_069,EXP_FS_NC_14d,Normal Concrete,14,Flexural Strength,False,3.6,3.5209,-0.0791
TabPFN_Pretrained,V1_RAW,4,FS_NC_14d_070,EXP_FS_NC_14d,Normal Concrete,14,Flexural Strength,False,3.712,3.5209,-0.1911
TabPFN_Pretrained,V1_RAW,4,FS_NC_14d_071,EXP_FS_NC_14d,Normal Concrete,14,Flexural Strength,False,3.794,3.5209,-0.2731
TabPFN_Pretrained,V1_RAW,4,FS_NC_14d_072,EXP_FS_NC_14d,Normal Concrete,14,Flexural Strength,False,3.61,3.5209,-0.0891
TabPFN_Pretrained,V1_RAW,4,FS_NC_14d_073,EXP_FS_NC_14d,Normal Concrete,14,Flexural Strength,False,3.627,3.5209,-0.1061
TabPFN_Pretrained,V1_RAW,4,FS_NC_14d_074,EXP_FS_NC_14d,Normal Concrete,14,Flexural Strength,False,3.908,3.5209,-0.3871
TabPFN_Pretrained,V1_RAW,4,FS_NC_14d_075,EXP_FS_NC_14d,Normal Concrete,14,Flexural Strength,False,3.583,3.5209,-0.0621
TabPFN_Pretrained,V1_RAW,4,FS_NC_14d_076,EXP_FS_NC_14d,Normal Concrete,14,Flexural Strength,False,3.391,3.5209,0.1299
TabPFN_Pretrained,V1_RAW,4,FS_NC_14d_077,EXP_FS_NC_14d,Normal Concrete,14,Flexural Strength,False,3.71,3.5209,-0.1891
TabPFN_Pretrained,V1_RAW,4,FS_NC_14d_078,EXP_FS_NC_14d,Normal Concrete,14,Flexural Strength,False,3.477,3.5209,0.0439
TabPFN_Pretrained,V1_RAW,4,FS_NC_14d_079,EXP_FS_NC_14d,Normal Concrete,14,Flexural Strength,False,3.277,3.5209,0.2439
TabPFN_Pretrained,V1_RAW,4,FS_NC_14d_080,EXP_FS_NC_14d,Normal Concrete,14,Flexural Strength,False,3.526,3.5209,-0.0051
TabPFN_Pretrained,V1_RAW,4,FS_NC_14d_081,EXP_FS_NC_14d,Normal Concrete,14,Flexural Strength,False,3.204,3.5209,0.3169
TabPFN_Pretrained,V1_RAW,4,FS_NC_14d_082,EXP_FS_NC_14d,Normal Concrete,14,Flexural Strength,False,3.468,3.5209,0.0529
TabPFN_Pretrained,V1_RAW,4,FS_NC_14d_083,EXP_FS_NC_14d,Normal Concrete,14,Flexural Strength,False,3.557,3.5209,-0.0361
TabPFN_Pretrained,V1_RAW,4,FS_NC_14d_084,EXP_FS_NC_14d,Normal Concrete,14,Flexural Strength,False,3.467,3.5209,0.0539
TabPFN_Pretrained,V1_RAW,4,FS_NC_14d_085,EXP_FS_NC_14d,Normal Concrete,14,Flexural Strength,False,3.584,3.5209,-0.0631
TabPFN_Pretrained,V1_RAW,4,FS_NC_14d_086,EXP_FS_NC_14d,Normal Concrete,14,Flexural Strength,False,3.296,3.5209,0.2249
TabPFN_Pretrained,V1_RAW,4,FS_NC_14d_087,EXP_FS_NC_14d,Normal Concrete,14,Flexural Strength,False,3.522,3.5209,-0.0011
TabPFN_Pretrained,V1_RAW,4,FS_NC_14d_088,EXP_FS_NC_14d,Normal Concrete,14,Flexural Strength,False,3.593,3.5209,-0.0721
TabPFN_Pretrained,V1_RAW,4,FS_NC_14d_089,EXP_FS_NC_14d,Normal Concrete,14,Flexural Strength,False,3.699,3.5209,-0.1781
TabPFN_Pretrained,V1_RAW,4,FS_NC_14d_090,EXP_FS_NC_14d,Normal Concrete,14,Flexural Strength,False,3.78,3.5209,-0.2591
TabPFN_Pretrained,V1_RAW,4,FS_NC_14d_091,EXP_FS_NC_14d,Normal Concrete,14,Flexural Strength,False,3.445,3.5209,0.0759
TabPFN_Pretrained,V1_RAW,4,FS_NC_14d_092,EXP_FS_NC_14d,Normal Concrete,14,Flexural Strength,False,3.345,3.5209,0.1759
TabPFN_Pretrained,V1_RAW,4,FS_NC_14d_093,EXP_FS_NC_14d,Normal Concrete,14,Flexural Strength,False,3.349,3.5209,0.1719
TabPFN_Pretrained,V1_RAW,4,FS_NC_14d_094,EXP_FS_NC_14d,Normal Concrete,14,Flexural Strength,False,3.609,3.5209,-0.0881
TabPFN_Pretrained,V1_RAW,4,FS_NC_14d_095,EXP_FS_NC_14d,Normal Concrete,14,Flexural Strength,False,3.69,3.5209,-0.1691
TabPFN_Pretrained,V1_RAW,4,FS_NC_14d_096,EXP_FS_NC_14d,Normal Concrete,14,Flexural Strength,False,3.701,3.5209,-0.1801
TabPFN_Pretrained,V1_RAW,4,FS_NC_14d_097,EXP_FS_NC_14d,Normal Concrete,14,Flexural Strength,False,3.843,3.5209,-0.3221
TabPFN_Pretrained,V1_RAW,4,FS_NC_14d_098,EXP_FS_NC_14d,Normal Concrete,14,Flexural Strength,False,3.377,3.5209,0.1439
TabPFN_Pretrained,V1_RAW,4,FS_NC_14d_099,EXP_FS_NC_14d,Normal Concrete,14,Flexural Strength,False,3.917,3.5209,-0.3961
TabPFN_Pretrained,V1_RAW,4,FS_NC_14d_100,EXP_FS_NC_14d,Normal Concrete,14,Flexural Strength,False,3.23,3.5209,0.2909
TabPFN_Pretrained,V1_RAW,4,FS_BC_14d_001,EXP_FS_BC_14d,Bacterial Concrete,14,Flexural Strength,False,4.167,4.3153,0.1483
TabPFN_Pretrained,V1_RAW,4,FS_BC_14d_002,EXP_FS_BC_14d,Bacterial Concrete,14,Flexural Strength,False,4.416,4.3153,-0.1007
TabPFN_Pretrained,V1_RAW,4,FS_BC_14d_003,EXP_FS_BC_14d,Bacterial Concrete,14,Flexural Strength,False,3.94,4.3153,0.3753
TabPFN_Pretrained,V1_RAW,4,FS_BC_14d_004,EXP_FS_BC_14d,Bacterial Concrete,14,Flexural Strength,False,4.451,4.3153,-0.1357
TabPFN_Pretrained,V1_RAW,4,FS_BC_14d_005,EXP_FS_BC_14d,Bacterial Concrete,14,Flexural Strength,False,4.409,4.3153,-0.0937
TabPFN_Pretrained,V1_RAW,4,FS_BC_14d_006,EXP_FS_BC_14d,Bacterial Concrete,14,Flexural Strength,False,3.555,4.3153,0.7603
TabPFN_Pretrained,V1_RAW,4,FS_BC_14d_007,EXP_FS_BC_14d,Bacterial Concrete,14,Flexural Strength,False,3.971,4.3153,0.3443
TabPFN_Pretrained,V1_RAW,4,FS_BC_14d_008,EXP_FS_BC_14d,Bacterial Concrete,14,Flexural Strength,False,3.986,4.3153,0.3293
TabPFN_Pretrained,V1_RAW,4,FS_BC_14d_009,EXP_FS_BC_14d,Bacterial Concrete,14,Flexural Strength,False,4.09,4.3153,0.2253
TabPFN_Pretrained,V1_RAW,4,FS_BC_14d_010,EXP_FS_BC_14d,Bacterial Concrete,14,Flexural Strength,False,4.227,4.3153,0.0883
TabPFN_Pretrained,V1_RAW,4,FS_BC_14d_011,EXP_FS_BC_14d,Bacterial Concrete,14,Flexural Strength,False,4.056,4.3153,0.2593
TabPFN_Pretrained,V1_RAW,4,FS_BC_14d_012,EXP_FS_BC_14d,Bacterial Concrete,14,Flexural Strength,False,4.437,4.3153,-0.1217
TabPFN_Pretrained,V1_RAW,4,FS_BC_14d_013,EXP_FS_BC_14d,Bacterial Concrete,14,Flexural Strength,False,4.014,4.3153,0.3013
TabPFN_Pretrained,V1_RAW,4,FS_BC_14d_014,EXP_FS_BC_14d,Bacterial Concrete,14,Flexural Strength,False,4.126,4.3153,0.1893
TabPFN_Pretrained,V1_RAW,4,FS_BC_14d_015,EXP_FS_BC_14d,Bacterial Concrete,14,Flexural Strength,False,4.229,4.3153,0.0863
TabPFN_Pretrained,V1_RAW,4,FS_BC_14d_016,EXP_FS_BC_14d,Bacterial Concrete,14,Flexural Strength,False,3.913,4.3153,0.4023
TabPFN_Pretrained,V1_RAW,4,FS_BC_14d_017,EXP_FS_BC_14d,Bacterial Concrete,14,Flexural Strength,False,4.23,4.3153,0.0853
TabPFN_Pretrained,V1_RAW,4,FS_BC_14d_018,EXP_FS_BC_14d,Bacterial Concrete,14,Flexural Strength,False,4.179,4.3153,0.1363
TabPFN_Pretrained,V1_RAW,4,FS_BC_14d_019,EXP_FS_BC_14d,Bacterial Concrete,14,Flexural Strength,False,4.165,4.3153,0.1503
TabPFN_Pretrained,V1_RAW,4,FS_BC_14d_020,EXP_FS_BC_14d,Bacterial Concrete,14,Flexural Strength,False,3.884,4.3153,0.4313
TabPFN_Pretrained,V1_RAW,4,FS_BC_14d_021,EXP_FS_BC_14d,Bacterial Concrete,14,Flexural Strength,False,3.725,4.3153,0.5903
TabPFN_Pretrained,V1_RAW,4,FS_BC_14d_022,EXP_FS_BC_14d,Bacterial Concrete,14,Flexural Strength,False,4.151,4.3153,0.1643
TabPFN_Pretrained,V1_RAW,4,FS_BC_14d_023,EXP_FS_BC_14d,Bacterial Concrete,14,Flexural Strength,False,4.732,4.3153,-0.4167
TabPFN_Pretrained,V1_RAW,4,FS_BC_14d_024,EXP_FS_BC_14d,Bacterial Concrete,14,Flexural Strength,False,4.195,4.3153,0.1203
TabPFN_Pretrained,V1_RAW,4,FS_BC_14d_025,EXP_FS_BC_14d,Bacterial Concrete,14,Flexural Strength,False,4.528,4.3153,-0.2127
TabPFN_Pretrained,V1_RAW,4,FS_BC_14d_026,EXP_FS_BC_14d,Bacterial Concrete,14,Flexural Strength,False,4.312,4.3153,0.0033
TabPFN_Pretrained,V1_RAW,4,FS_BC_14d_027,EXP_FS_BC_14d,Bacterial Concrete,14,Flexural Strength,False,4.075,4.3153,0.2403
TabPFN_Pretrained,V1_RAW,4,FS_BC_14d_028,EXP_FS_BC_14d,Bacterial Concrete,14,Flexural Strength,False,4.135,4.3153,0.1803
TabPFN_Pretrained,V1_RAW,4,FS_BC_14d_029,EXP_FS_BC_14d,Bacterial Concrete,14,Flexural Strength,False,3.724,4.3153,0.5913
TabPFN_Pretrained,V1_RAW,4,FS_BC_14d_030,EXP_FS_BC_14d,Bacterial Concrete,14,Flexural Strength,False,4.411,4.3153,-0.0957
TabPFN_Pretrained,V1_RAW,4,FS_BC_14d_031,EXP_FS_BC_14d,Bacterial Concrete,14,Flexural Strength,False,4.578,4.3153,-0.2627
TabPFN_Pretrained,V1_RAW,4,FS_BC_14d_032,EXP_FS_BC_14d,Bacterial Concrete,14,Flexural Strength,False,4.612,4.3153,-0.2967
TabPFN_Pretrained,V1_RAW,4,FS_BC_14d_033,EXP_FS_BC_14d,Bacterial Concrete,14,Flexural Strength,False,4.323,4.3153,-0.0077
TabPFN_Pretrained,V1_RAW,4,FS_BC_14d_034,EXP_FS_BC_14d,Bacterial Concrete,14,Flexural Strength,False,4.242,4.3153,0.0733
TabPFN_Pretrained,V1_RAW,4,FS_BC_14d_035,EXP_FS_BC_14d,Bacterial Concrete,14,Flexural Strength,False,4.529,4.3153,-0.2137
TabPFN_Pretrained,V1_RAW,4,FS_BC_14d_036,EXP_FS_BC_14d,Bacterial Concrete,14,Flexural Strength,False,4.427,4.3153,-0.1117
TabPFN_Pretrained,V1_RAW,4,FS_BC_14d_037,EXP_FS_BC_14d,Bacterial Concrete,14,Flexural Strength,False,4.536,4.3153,-0.2207
TabPFN_Pretrained,V1_RAW,4,FS_BC_14d_038,EXP_FS_BC_14d,Bacterial Concrete,14,Flexural Strength,False,4.213,4.3153,0.1023
TabPFN_Pretrained,V1_RAW,4,FS_BC_14d_039,EXP_FS_BC_14d,Bacterial Concrete,14,Flexural Strength,False,4.436,4.3153,-0.1207
TabPFN_Pretrained,V1_RAW,4,FS_BC_14d_040,EXP_FS_BC_14d,Bacterial Concrete,14,Flexural Strength,False,4.147,4.3153,0.1683
TabPFN_Pretrained,V1_RAW,4,FS_BC_14d_041,EXP_FS_BC_14d,Bacterial Concrete,14,Flexural Strength,False,4.525,4.3153,-0.2097
TabPFN_Pretrained,V1_RAW,4,FS_BC_14d_042,EXP_FS_BC_14d,Bacterial Concrete,14,Flexural Strength,False,3.858,4.3153,0.4573
TabPFN_Pretrained,V1_RAW,4,FS_BC_14d_043,EXP_FS_BC_14d,Bacterial Concrete,14,Flexural Strength,False,4.427,4.3153,-0.1117
TabPFN_Pretrained,V1_RAW,4,FS_BC_14d_044,EXP_FS_BC_14d,Bacterial Concrete,14,Flexural Strength,False,3.954,4.3153,0.3613
TabPFN_Pretrained,V1_RAW,4,FS_BC_14d_045,EXP_FS_BC_14d,Bacterial Concrete,14,Flexural Strength,False,4.389,4.3153,-0.0737
TabPFN_Pretrained,V1_RAW,4,FS_BC_14d_046,EXP_FS_BC_14d,Bacterial Concrete,14,Flexural Strength,False,4.265,4.3153,0.0503
TabPFN_Pretrained,V1_RAW,4,FS_BC_14d_047,EXP_FS_BC_14d,Bacterial Concrete,14,Flexural Strength,False,4.058,4.3153,0.2573
TabPFN_Pretrained,V1_RAW,4,FS_BC_14d_048,EXP_FS_BC_14d,Bacterial Concrete,14,Flexural Strength,False,4.241,4.3153,0.0743
TabPFN_Pretrained,V1_RAW,4,FS_BC_14d_049,EXP_FS_BC_14d,Bacterial Concrete,14,Flexural Strength,False,4.204,4.3153,0.1113
TabPFN_Pretrained,V1_RAW,4,FS_BC_14d_050,EXP_FS_BC_14d,Bacterial Concrete,14,Flexural Strength,False,4.044,4.3153,0.2713
TabPFN_Pretrained,V1_RAW,4,FS_BC_14d_051,EXP_FS_BC_14d,Bacterial Concrete,14,Flexural Strength,False,3.895,4.3153,0.4203
TabPFN_Pretrained,V1_RAW,4,FS_BC_14d_052,EXP_FS_BC_14d,Bacterial Concrete,14,Flexural Strength,False,3.901,4.3153,0.4143
TabPFN_Pretrained,V1_RAW,4,FS_BC_14d_053,EXP_FS_BC_14d,Bacterial Concrete,14,Flexural Strength,False,4.236,4.3153,0.0793
TabPFN_Pretrained,V1_RAW,4,FS_BC_14d_054,EXP_FS_BC_14d,Bacterial Concrete,14,Flexural Strength,False,4.089,4.3153,0.2263
TabPFN_Pretrained,V1_RAW,4,FS_BC_14d_055,EXP_FS_BC_14d,Bacterial Concrete,14,Flexural Strength,False,4.266,4.3153,0.0493
TabPFN_Pretrained,V1_RAW,4,FS_BC_14d_056,EXP_FS_BC_14d,Bacterial Concrete,14,Flexural Strength,False,4.061,4.3153,0.2543
TabPFN_Pretrained,V1_RAW,4,FS_BC_14d_057,EXP_FS_BC_14d,Bacterial Concrete,14,Flexural Strength,False,4.443,4.3153,-0.1277
TabPFN_Pretrained,V1_RAW,4,FS_BC_14d_058,EXP_FS_BC_14d,Bacterial Concrete,14,Flexural Strength,False,4.336,4.3153,-0.0207
TabPFN_Pretrained,V1_RAW,4,FS_BC_14d_059,EXP_FS_BC_14d,Bacterial Concrete,14,Flexural Strength,False,4.287,4.3153,0.0283
TabPFN_Pretrained,V1_RAW,4,FS_BC_14d_060,EXP_FS_BC_14d,Bacterial Concrete,14,Flexural Strength,False,3.917,4.3153,0.3983
TabPFN_Pretrained,V1_RAW,4,FS_BC_14d_061,EXP_FS_BC_14d,Bacterial Concrete,14,Flexural Strength,False,3.931,4.3153,0.3843
TabPFN_Pretrained,V1_RAW,4,FS_BC_14d_062,EXP_FS_BC_14d,Bacterial Concrete,14,Flexural Strength,False,4.308,4.3153,0.0073
TabPFN_Pretrained,V1_RAW,4,FS_BC_14d_063,EXP_FS_BC_14d,Bacterial Concrete,14,Flexural Strength,False,4.062,4.3153,0.2533
TabPFN_Pretrained,V1_RAW,4,FS_BC_14d_064,EXP_FS_BC_14d,Bacterial Concrete,14,Flexural Strength,False,4.564,4.3153,-0.2487
TabPFN_Pretrained,V1_RAW,4,FS_BC_14d_065,EXP_FS_BC_14d,Bacterial Concrete,14,Flexural Strength,False,3.749,4.3153,0.5663
TabPFN_Pretrained,V1_RAW,4,FS_BC_14d_066,EXP_FS_BC_14d,Bacterial Concrete,14,Flexural Strength,False,4.09,4.3153,0.2253
TabPFN_Pretrained,V1_RAW,4,FS_BC_14d_067,EXP_FS_BC_14d,Bacterial Concrete,14,Flexural Strength,False,4.581,4.3153,-0.2657
TabPFN_Pretrained,V1_RAW,4,FS_BC_14d_068,EXP_FS_BC_14d,Bacterial Concrete,14,Flexural Strength,False,4.172,4.3153,0.1433
TabPFN_Pretrained,V1_RAW,4,FS_BC_14d_069,EXP_FS_BC_14d,Bacterial Concrete,14,Flexural Strength,False,4.419,4.3153,-0.1037
TabPFN_Pretrained,V1_RAW,4,FS_BC_14d_070,EXP_FS_BC_14d,Bacterial Concrete,14,Flexural Strength,False,3.82,4.3153,0.4953
TabPFN_Pretrained,V1_RAW,4,FS_BC_14d_071,EXP_FS_BC_14d,Bacterial Concrete,14,Flexural Strength,False,4.566,4.3153,-0.2507
TabPFN_Pretrained,V1_RAW,4,FS_BC_14d_072,EXP_FS_BC_14d,Bacterial Concrete,14,Flexural Strength,False,4.46,4.3153,-0.1447
TabPFN_Pretrained,V1_RAW,4,FS_BC_14d_073,EXP_FS_BC_14d,Bacterial Concrete,14,Flexural Strength,False,4.23,4.3153,0.0853
TabPFN_Pretrained,V1_RAW,4,FS_BC_14d_074,EXP_FS_BC_14d,Bacterial Concrete,14,Flexural Strength,False,4.346,4.3153,-0.0307
TabPFN_Pretrained,V1_RAW,4,FS_BC_14d_075,EXP_FS_BC_14d,Bacterial Concrete,14,Flexural Strength,False,4.099,4.3153,0.2163
TabPFN_Pretrained,V1_RAW,4,FS_BC_14d_076,EXP_FS_BC_14d,Bacterial Concrete,14,Flexural Strength,False,4.379,4.3153,-0.0637
TabPFN_Pretrained,V1_RAW,4,FS_BC_14d_077,EXP_FS_BC_14d,Bacterial Concrete,14,Flexural Strength,False,4.412,4.3153,-0.0967
TabPFN_Pretrained,V1_RAW,4,FS_BC_14d_078,EXP_FS_BC_14d,Bacterial Concrete,14,Flexural Strength,False,4.373,4.3153,-0.0577
TabPFN_Pretrained,V1_RAW,4,FS_BC_14d_079,EXP_FS_BC_14d,Bacterial Concrete,14,Flexural Strength,False,4.207,4.3153,0.1083
TabPFN_Pretrained,V1_RAW,4,FS_BC_14d_080,EXP_FS_BC_14d,Bacterial Concrete,14,Flexural Strength,False,4.162,4.3153,0.1533
TabPFN_Pretrained,V1_RAW,4,FS_BC_14d_081,EXP_FS_BC_14d,Bacterial Concrete,14,Flexural Strength,False,3.906,4.3153,0.4093
TabPFN_Pretrained,V1_RAW,4,FS_BC_14d_082,EXP_FS_BC_14d,Bacterial Concrete,14,Flexural Strength,False,4.141,4.3153,0.1743
TabPFN_Pretrained,V1_RAW,4,FS_BC_14d_083,EXP_FS_BC_14d,Bacterial Concrete,14,Flexural Strength,False,3.904,4.3153,0.4113
TabPFN_Pretrained,V1_RAW,4,FS_BC_14d_084,EXP_FS_BC_14d,Bacterial Concrete,14,Flexural Strength,False,4.138,4.3153,0.1773
TabPFN_Pretrained,V1_RAW,4,FS_BC_14d_085,EXP_FS_BC_14d,Bacterial Concrete,14,Flexural Strength,False,4.127,4.3153,0.1883
TabPFN_Pretrained,V1_RAW,4,FS_BC_14d_086,EXP_FS_BC_14d,Bacterial Concrete,14,Flexural Strength,False,4.279,4.3153,0.0363
TabPFN_Pretrained,V1_RAW,4,FS_BC_14d_087,EXP_FS_BC_14d,Bacterial Concrete,14,Flexural Strength,False,4.224,4.3153,0.0913
TabPFN_Pretrained,V1_RAW,4,FS_BC_14d_088,EXP_FS_BC_14d,Bacterial Concrete,14,Flexural Strength,False,4.0,4.3153,0.3153
TabPFN_Pretrained,V1_RAW,4,FS_BC_14d_089,EXP_FS_BC_14d,Bacterial Concrete,14,Flexural Strength,False,4.066,4.3153,0.2493
TabPFN_Pretrained,V1_RAW,4,FS_BC_14d_090,EXP_FS_BC_14d,Bacterial Concrete,14,Flexural Strength,False,4.44,4.3153,-0.1247
TabPFN_Pretrained,V1_RAW,4,FS_BC_14d_091,EXP_FS_BC_14d,Bacterial Concrete,14,Flexural Strength,False,4.111,4.3153,0.2043
TabPFN_Pretrained,V1_RAW,4,FS_BC_14d_092,EXP_FS_BC_14d,Bacterial Concrete,14,Flexural Strength,False,4.011,4.3153,0.3043
TabPFN_Pretrained,V1_RAW,4,FS_BC_14d_093,EXP_FS_BC_14d,Bacterial Concrete,14,Flexural Strength,False,3.782,4.3153,0.5333
TabPFN_Pretrained,V1_RAW,4,FS_BC_14d_094,EXP_FS_BC_14d,Bacterial Concrete,14,Flexural Strength,False,4.658,4.3153,-0.3427
TabPFN_Pretrained,V1_RAW,4,FS_BC_14d_095,EXP_FS_BC_14d,Bacterial Concrete,14,Flexural Strength,False,4.693,4.3153,-0.3777
TabPFN_Pretrained,V1_RAW,4,FS_BC_14d_096,EXP_FS_BC_14d,Bacterial Concrete,14,Flexural Strength,False,3.719,4.3153,0.5963
TabPFN_Pretrained,V1_RAW,4,FS_BC_14d_097,EXP_FS_BC_14d,Bacterial Concrete,14,Flexural Strength,False,3.864,4.3153,0.4513
TabPFN_Pretrained,V1_RAW,4,FS_BC_14d_098,EXP_FS_BC_14d,Bacterial Concrete,14,Flexural Strength,False,4.19,4.3153,0.1253
TabPFN_Pretrained,V1_RAW,4,FS_BC_14d_099,EXP_FS_BC_14d,Bacterial Concrete,14,Flexural Strength,False,4.489,4.3153,-0.1737
TabPFN_Pretrained,V1_RAW,4,FS_BC_14d_100,EXP_FS_BC_14d,Bacterial Concrete,14,Flexural Strength,False,4.106,4.3153,0.2093
TabPFN_Pretrained,V1_RAW,4,TS_NC_14d_001,EXP_TS_NC_14d,Normal Concrete,14,Split Tensile Strength,False,2.296,2.1931,-0.1029
TabPFN_Pretrained,V1_RAW,4,TS_NC_14d_002,EXP_TS_NC_14d,Normal Concrete,14,Split Tensile Strength,False,1.903,2.1931,0.2901
TabPFN_Pretrained,V1_RAW,4,TS_NC_14d_003,EXP_TS_NC_14d,Normal Concrete,14,Split Tensile Strength,False,2.307,2.1931,-0.1139
TabPFN_Pretrained,V1_RAW,4,TS_NC_14d_004,EXP_TS_NC_14d,Normal Concrete,14,Split Tensile Strength,False,2.59,2.1931,-0.3969
TabPFN_Pretrained,V1_RAW,4,TS_NC_14d_005,EXP_TS_NC_14d,Normal Concrete,14,Split Tensile Strength,False,2.196,2.1931,-0.0029
TabPFN_Pretrained,V1_RAW,4,TS_NC_14d_006,EXP_TS_NC_14d,Normal Concrete,14,Split Tensile Strength,False,2.205,2.1931,-0.0119
TabPFN_Pretrained,V1_RAW,4,TS_NC_14d_007,EXP_TS_NC_14d,Normal Concrete,14,Split Tensile Strength,False,2.227,2.1931,-0.0339
TabPFN_Pretrained,V1_RAW,4,TS_NC_14d_008,EXP_TS_NC_14d,Normal Concrete,14,Split Tensile Strength,False,1.921,2.1931,0.2721
TabPFN_Pretrained,V1_RAW,4,TS_NC_14d_009,EXP_TS_NC_14d,Normal Concrete,14,Split Tensile Strength,False,2.264,2.1931,-0.0709
TabPFN_Pretrained,V1_RAW,4,TS_NC_14d_010,EXP_TS_NC_14d,Normal Concrete,14,Split Tensile Strength,False,1.959,2.1931,0.2341
TabPFN_Pretrained,V1_RAW,4,TS_NC_14d_011,EXP_TS_NC_14d,Normal Concrete,14,Split Tensile Strength,False,2.136,2.1931,0.0571
TabPFN_Pretrained,V1_RAW,4,TS_NC_14d_012,EXP_TS_NC_14d,Normal Concrete,14,Split Tensile Strength,False,2.386,2.1931,-0.1929
TabPFN_Pretrained,V1_RAW,4,TS_NC_14d_013,EXP_TS_NC_14d,Normal Concrete,14,Split Tensile Strength,False,2.09,2.1931,0.1031
TabPFN_Pretrained,V1_RAW,4,TS_NC_14d_014,EXP_TS_NC_14d,Normal Concrete,14,Split Tensile Strength,False,2.275,2.1931,-0.0819
TabPFN_Pretrained,V1_RAW,4,TS_NC_14d_015,EXP_TS_NC_14d,Normal Concrete,14,Split Tensile Strength,False,2.352,2.1931,-0.1589
TabPFN_Pretrained,V1_RAW,4,TS_NC_14d_016,EXP_TS_NC_14d,Normal Concrete,14,Split Tensile Strength,False,2.242,2.1931,-0.0489
TabPFN_Pretrained,V1_RAW,4,TS_NC_14d_017,EXP_TS_NC_14d,Normal Concrete,14,Split Tensile Strength,False,1.994,2.1931,0.1991
TabPFN_Pretrained,V1_RAW,4,TS_NC_14d_018,EXP_TS_NC_14d,Normal Concrete,14,Split Tensile Strength,False,2.15,2.1931,0.0431
TabPFN_Pretrained,V1_RAW,4,TS_NC_14d_019,EXP_TS_NC_14d,Normal Concrete,14,Split Tensile Strength,False,2.494,2.1931,-0.3009
TabPFN_Pretrained,V1_RAW,4,TS_NC_14d_020,EXP_TS_NC_14d,Normal Concrete,14,Split Tensile Strength,False,1.896,2.1931,0.2971
TabPFN_Pretrained,V1_RAW,4,TS_NC_14d_021,EXP_TS_NC_14d,Normal Concrete,14,Split Tensile Strength,False,2.159,2.1931,0.0341
TabPFN_Pretrained,V1_RAW,4,TS_NC_14d_022,EXP_TS_NC_14d,Normal Concrete,14,Split Tensile Strength,False,2.117,2.1931,0.0761
TabPFN_Pretrained,V1_RAW,4,TS_NC_14d_023,EXP_TS_NC_14d,Normal Concrete,14,Split Tensile Strength,False,2.218,2.1931,-0.0249
TabPFN_Pretrained,V1_RAW,4,TS_NC_14d_024,EXP_TS_NC_14d,Normal Concrete,14,Split Tensile Strength,False,2.312,2.1931,-0.1189
TabPFN_Pretrained,V1_RAW,4,TS_NC_14d_025,EXP_TS_NC_14d,Normal Concrete,14,Split Tensile Strength,False,2.441,2.1931,-0.2479
TabPFN_Pretrained,V1_RAW,4,TS_NC_14d_026,EXP_TS_NC_14d,Normal Concrete,14,Split Tensile Strength,False,2.159,2.1931,0.0341
TabPFN_Pretrained,V1_RAW,4,TS_NC_14d_027,EXP_TS_NC_14d,Normal Concrete,14,Split Tensile Strength,False,2.322,2.1931,-0.1289
TabPFN_Pretrained,V1_RAW,4,TS_NC_14d_028,EXP_TS_NC_14d,Normal Concrete,14,Split Tensile Strength,False,2.275,2.1931,-0.0819
TabPFN_Pretrained,V1_RAW,4,TS_NC_14d_029,EXP_TS_NC_14d,Normal Concrete,14,Split Tensile Strength,False,2.271,2.1931,-0.0779
TabPFN_Pretrained,V1_RAW,4,TS_NC_14d_030,EXP_TS_NC_14d,Normal Concrete,14,Split Tensile Strength,False,2.115,2.1931,0.0781
TabPFN_Pretrained,V1_RAW,4,TS_NC_14d_031,EXP_TS_NC_14d,Normal Concrete,14,Split Tensile Strength,False,2.05,2.1931,0.1431
TabPFN_Pretrained,V1_RAW,4,TS_NC_14d_032,EXP_TS_NC_14d,Normal Concrete,14,Split Tensile Strength,False,2.035,2.1931,0.1581
TabPFN_Pretrained,V1_RAW,4,TS_NC_14d_033,EXP_TS_NC_14d,Normal Concrete,14,Split Tensile Strength,False,2.087,2.1931,0.1061
TabPFN_Pretrained,V1_RAW,4,TS_NC_14d_034,EXP_TS_NC_14d,Normal Concrete,14,Split Tensile Strength,False,2.248,2.1931,-0.0549
TabPFN_Pretrained,V1_RAW,4,TS_NC_14d_035,EXP_TS_NC_14d,Normal Concrete,14,Split Tensile Strength,False,2.314,2.1931,-0.1209
TabPFN_Pretrained,V1_RAW,4,TS_NC_14d_036,EXP_TS_NC_14d,Normal Concrete,14,Split Tensile Strength,False,2.249,2.1931,-0.0559
TabPFN_Pretrained,V1_RAW,4,TS_NC_14d_037,EXP_TS_NC_14d,Normal Concrete,14,Split Tensile Strength,False,2.118,2.1931,0.0751
TabPFN_Pretrained,V1_RAW,4,TS_NC_14d_038,EXP_TS_NC_14d,Normal Concrete,14,Split Tensile Strength,False,2.471,2.1931,-0.2779
TabPFN_Pretrained,V1_RAW,4,TS_NC_14d_039,EXP_TS_NC_14d,Normal Concrete,14,Split Tensile Strength,False,2.428,2.1931,-0.2349
TabPFN_Pretrained,V1_RAW,4,TS_NC_14d_040,EXP_TS_NC_14d,Normal Concrete,14,Split Tensile Strength,False,2.147,2.1931,0.0461
TabPFN_Pretrained,V1_RAW,4,TS_NC_14d_041,EXP_TS_NC_14d,Normal Concrete,14,Split Tensile Strength,False,2.076,2.1931,0.1171
TabPFN_Pretrained,V1_RAW,4,TS_NC_14d_042,EXP_TS_NC_14d,Normal Concrete,14,Split Tensile Strength,False,2.22,2.1931,-0.0269
TabPFN_Pretrained,V1_RAW,4,TS_NC_14d_043,EXP_TS_NC_14d,Normal Concrete,14,Split Tensile Strength,False,2.39,2.1931,-0.1969
TabPFN_Pretrained,V1_RAW,4,TS_NC_14d_044,EXP_TS_NC_14d,Normal Concrete,14,Split Tensile Strength,False,2.25,2.1931,-0.0569
TabPFN_Pretrained,V1_RAW,4,TS_NC_14d_045,EXP_TS_NC_14d,Normal Concrete,14,Split Tensile Strength,False,2.283,2.1931,-0.0899
TabPFN_Pretrained,V1_RAW,4,TS_NC_14d_046,EXP_TS_NC_14d,Normal Concrete,14,Split Tensile Strength,False,2.168,2.1931,0.0251
TabPFN_Pretrained,V1_RAW,4,TS_NC_14d_047,EXP_TS_NC_14d,Normal Concrete,14,Split Tensile Strength,False,2.268,2.1931,-0.0749
TabPFN_Pretrained,V1_RAW,4,TS_NC_14d_048,EXP_TS_NC_14d,Normal Concrete,14,Split Tensile Strength,False,2.432,2.1931,-0.2389
TabPFN_Pretrained,V1_RAW,4,TS_NC_14d_049,EXP_TS_NC_14d,Normal Concrete,14,Split Tensile Strength,False,2.164,2.1931,0.0291
TabPFN_Pretrained,V1_RAW,4,TS_NC_14d_050,EXP_TS_NC_14d,Normal Concrete,14,Split Tensile Strength,False,2.221,2.1931,-0.0279
TabPFN_Pretrained,V1_RAW,4,TS_NC_14d_051,EXP_TS_NC_14d,Normal Concrete,14,Split Tensile Strength,False,2.238,2.1931,-0.0449
TabPFN_Pretrained,V1_RAW,4,TS_NC_14d_052,EXP_TS_NC_14d,Normal Concrete,14,Split Tensile Strength,False,2.243,2.1931,-0.0499
TabPFN_Pretrained,V1_RAW,4,TS_NC_14d_053,EXP_TS_NC_14d,Normal Concrete,14,Split Tensile Strength,False,1.988,2.1931,0.2051
TabPFN_Pretrained,V1_RAW,4,TS_NC_14d_054,EXP_TS_NC_14d,Normal Concrete,14,Split Tensile Strength,False,1.918,2.1931,0.2751
TabPFN_Pretrained,V1_RAW,4,TS_NC_14d_055,EXP_TS_NC_14d,Normal Concrete,14,Split Tensile Strength,False,2.047,2.1931,0.1461
TabPFN_Pretrained,V1_RAW,4,TS_NC_14d_056,EXP_TS_NC_14d,Normal Concrete,14,Split Tensile Strength,False,2.225,2.1931,-0.0319
TabPFN_Pretrained,V1_RAW,4,TS_NC_14d_057,EXP_TS_NC_14d,Normal Concrete,14,Split Tensile Strength,False,2.283,2.1931,-0.0899
TabPFN_Pretrained,V1_RAW,4,TS_NC_14d_058,EXP_TS_NC_14d,Normal Concrete,14,Split Tensile Strength,False,2.12,2.1931,0.0731
TabPFN_Pretrained,V1_RAW,4,TS_NC_14d_059,EXP_TS_NC_14d,Normal Concrete,14,Split Tensile Strength,False,2.407,2.1931,-0.2139
TabPFN_Pretrained,V1_RAW,4,TS_NC_14d_060,EXP_TS_NC_14d,Normal Concrete,14,Split Tensile Strength,False,2.179,2.1931,0.0141
TabPFN_Pretrained,V1_RAW,4,TS_NC_14d_061,EXP_TS_NC_14d,Normal Concrete,14,Split Tensile Strength,False,2.203,2.1931,-0.0099
TabPFN_Pretrained,V1_RAW,4,TS_NC_14d_062,EXP_TS_NC_14d,Normal Concrete,14,Split Tensile Strength,False,2.171,2.1931,0.0221
TabPFN_Pretrained,V1_RAW,4,TS_NC_14d_063,EXP_TS_NC_14d,Normal Concrete,14,Split Tensile Strength,False,2.22,2.1931,-0.0269
TabPFN_Pretrained,V1_RAW,4,TS_NC_14d_064,EXP_TS_NC_14d,Normal Concrete,14,Split Tensile Strength,False,2.306,2.1931,-0.1129
TabPFN_Pretrained,V1_RAW,4,TS_NC_14d_065,EXP_TS_NC_14d,Normal Concrete,14,Split Tensile Strength,False,2.3,2.1931,-0.1069
TabPFN_Pretrained,V1_RAW,4,TS_NC_14d_066,EXP_TS_NC_14d,Normal Concrete,14,Split Tensile Strength,False,2.065,2.1931,0.1281
TabPFN_Pretrained,V1_RAW,4,TS_NC_14d_067,EXP_TS_NC_14d,Normal Concrete,14,Split Tensile Strength,False,2.429,2.1931,-0.2359
TabPFN_Pretrained,V1_RAW,4,TS_NC_14d_068,EXP_TS_NC_14d,Normal Concrete,14,Split Tensile Strength,False,2.036,2.1931,0.1571
TabPFN_Pretrained,V1_RAW,4,TS_NC_14d_069,EXP_TS_NC_14d,Normal Concrete,14,Split Tensile Strength,False,2.212,2.1931,-0.0189
TabPFN_Pretrained,V1_RAW,4,TS_NC_14d_070,EXP_TS_NC_14d,Normal Concrete,14,Split Tensile Strength,False,2.159,2.1931,0.0341
TabPFN_Pretrained,V1_RAW,4,TS_NC_14d_071,EXP_TS_NC_14d,Normal Concrete,14,Split Tensile Strength,False,2.043,2.1931,0.1501
TabPFN_Pretrained,V1_RAW,4,TS_NC_14d_072,EXP_TS_NC_14d,Normal Concrete,14,Split Tensile Strength,False,2.189,2.1931,0.0041
TabPFN_Pretrained,V1_RAW,4,TS_NC_14d_073,EXP_TS_NC_14d,Normal Concrete,14,Split Tensile Strength,False,2.089,2.1931,0.1041
TabPFN_Pretrained,V1_RAW,4,TS_NC_14d_074,EXP_TS_NC_14d,Normal Concrete,14,Split Tensile Strength,False,2.211,2.1931,-0.0179
TabPFN_Pretrained,V1_RAW,4,TS_NC_14d_075,EXP_TS_NC_14d,Normal Concrete,14,Split Tensile Strength,False,2.26,2.1931,-0.0669
TabPFN_Pretrained,V1_RAW,4,TS_NC_14d_076,EXP_TS_NC_14d,Normal Concrete,14,Split Tensile Strength,False,2.421,2.1931,-0.2279
TabPFN_Pretrained,V1_RAW,4,TS_NC_14d_077,EXP_TS_NC_14d,Normal Concrete,14,Split Tensile Strength,False,2.246,2.1931,-0.0529
TabPFN_Pretrained,V1_RAW,4,TS_NC_14d_078,EXP_TS_NC_14d,Normal Concrete,14,Split Tensile Strength,False,2.108,2.1931,0.0851
TabPFN_Pretrained,V1_RAW,4,TS_NC_14d_079,EXP_TS_NC_14d,Normal Concrete,14,Split Tensile Strength,False,2.141,2.1931,0.0521
TabPFN_Pretrained,V1_RAW,4,TS_NC_14d_080,EXP_TS_NC_14d,Normal Concrete,14,Split Tensile Strength,False,2.221,2.1931,-0.0279
TabPFN_Pretrained,V1_RAW,4,TS_NC_14d_081,EXP_TS_NC_14d,Normal Concrete,14,Split Tensile Strength,False,2.214,2.1931,-0.0209
TabPFN_Pretrained,V1_RAW,4,TS_NC_14d_082,EXP_TS_NC_14d,Normal Concrete,14,Split Tensile Strength,False,2.419,2.1931,-0.2259
TabPFN_Pretrained,V1_RAW,4,TS_NC_14d_083,EXP_TS_NC_14d,Normal Concrete,14,Split Tensile Strength,False,2.409,2.1931,-0.2159
TabPFN_Pretrained,V1_RAW,4,TS_NC_14d_084,EXP_TS_NC_14d,Normal Concrete,14,Split Tensile Strength,False,2.146,2.1931,0.0471
TabPFN_Pretrained,V1_RAW,4,TS_NC_14d_085,EXP_TS_NC_14d,Normal Concrete,14,Split Tensile Strength,False,2.118,2.1931,0.0751
TabPFN_Pretrained,V1_RAW,4,TS_NC_14d_086,EXP_TS_NC_14d,Normal Concrete,14,Split Tensile Strength,False,1.816,2.1931,0.3771
TabPFN_Pretrained,V1_RAW,4,TS_NC_14d_087,EXP_TS_NC_14d,Normal Concrete,14,Split Tensile Strength,False,2.118,2.1931,0.0751
TabPFN_Pretrained,V1_RAW,4,TS_NC_14d_088,EXP_TS_NC_14d,Normal Concrete,14,Split Tensile Strength,False,2.053,2.1931,0.1401
TabPFN_Pretrained,V1_RAW,4,TS_NC_14d_089,EXP_TS_NC_14d,Normal Concrete,14,Split Tensile Strength,False,2.147,2.1931,0.0461
TabPFN_Pretrained,V1_RAW,4,TS_NC_14d_090,EXP_TS_NC_14d,Normal Concrete,14,Split Tensile Strength,False,2.259,2.1931,-0.0659
TabPFN_Pretrained,V1_RAW,4,TS_NC_14d_091,EXP_TS_NC_14d,Normal Concrete,14,Split Tensile Strength,False,2.227,2.1931,-0.0339
TabPFN_Pretrained,V1_RAW,4,TS_NC_14d_092,EXP_TS_NC_14d,Normal Concrete,14,Split Tensile Strength,False,2.196,2.1931,-0.0029
TabPFN_Pretrained,V1_RAW,4,TS_NC_14d_093,EXP_TS_NC_14d,Normal Concrete,14,Split Tensile Strength,False,2.23,2.1931,-0.0369
TabPFN_Pretrained,V1_RAW,4,TS_NC_14d_094,EXP_TS_NC_14d,Normal Concrete,14,Split Tensile Strength,False,2.181,2.1931,0.0121
TabPFN_Pretrained,V1_RAW,4,TS_NC_14d_095,EXP_TS_NC_14d,Normal Concrete,14,Split Tensile Strength,False,2.23,2.1931,-0.0369
TabPFN_Pretrained,V1_RAW,4,TS_NC_14d_096,EXP_TS_NC_14d,Normal Concrete,14,Split Tensile Strength,False,1.715,2.1931,0.4781
TabPFN_Pretrained,V1_RAW,4,TS_NC_14d_097,EXP_TS_NC_14d,Normal Concrete,14,Split Tensile Strength,False,2.16,2.1931,0.0331
TabPFN_Pretrained,V1_RAW,4,TS_NC_14d_098,EXP_TS_NC_14d,Normal Concrete,14,Split Tensile Strength,False,2.183,2.1931,0.0101
TabPFN_Pretrained,V1_RAW,4,TS_NC_14d_099,EXP_TS_NC_14d,Normal Concrete,14,Split Tensile Strength,False,2.149,2.1931,0.0441
TabPFN_Pretrained,V1_RAW,4,TS_NC_14d_100,EXP_TS_NC_14d,Normal Concrete,14,Split Tensile Strength,False,2.167,2.1931,0.0261
TabPFN_Pretrained,V1_RAW,4,TS_BC_14d_001,EXP_TS_BC_14d,Bacterial Concrete,14,Split Tensile Strength,False,2.606,2.5313,-0.0747
TabPFN_Pretrained,V1_RAW,4,TS_BC_14d_002,EXP_TS_BC_14d,Bacterial Concrete,14,Split Tensile Strength,False,2.458,2.5313,0.0733
TabPFN_Pretrained,V1_RAW,4,TS_BC_14d_003,EXP_TS_BC_14d,Bacterial Concrete,14,Split Tensile Strength,False,2.842,2.5313,-0.3107
TabPFN_Pretrained,V1_RAW,4,TS_BC_14d_004,EXP_TS_BC_14d,Bacterial Concrete,14,Split Tensile Strength,False,2.657,2.5313,-0.1257
TabPFN_Pretrained,V1_RAW,4,TS_BC_14d_005,EXP_TS_BC_14d,Bacterial Concrete,14,Split Tensile Strength,False,2.562,2.5313,-0.0307
TabPFN_Pretrained,V1_RAW,4,TS_BC_14d_006,EXP_TS_BC_14d,Bacterial Concrete,14,Split Tensile Strength,False,2.716,2.5313,-0.1847
TabPFN_Pretrained,V1_RAW,4,TS_BC_14d_007,EXP_TS_BC_14d,Bacterial Concrete,14,Split Tensile Strength,False,2.843,2.5313,-0.3117
TabPFN_Pretrained,V1_RAW,4,TS_BC_14d_008,EXP_TS_BC_14d,Bacterial Concrete,14,Split Tensile Strength,False,2.525,2.5313,0.0063
TabPFN_Pretrained,V1_RAW,4,TS_BC_14d_009,EXP_TS_BC_14d,Bacterial Concrete,14,Split Tensile Strength,False,2.704,2.5313,-0.1727
TabPFN_Pretrained,V1_RAW,4,TS_BC_14d_010,EXP_TS_BC_14d,Bacterial Concrete,14,Split Tensile Strength,False,2.891,2.5313,-0.3597
TabPFN_Pretrained,V1_RAW,4,TS_BC_14d_011,EXP_TS_BC_14d,Bacterial Concrete,14,Split Tensile Strength,False,2.433,2.5313,0.0983
TabPFN_Pretrained,V1_RAW,4,TS_BC_14d_012,EXP_TS_BC_14d,Bacterial Concrete,14,Split Tensile Strength,False,2.518,2.5313,0.0133
TabPFN_Pretrained,V1_RAW,4,TS_BC_14d_013,EXP_TS_BC_14d,Bacterial Concrete,14,Split Tensile Strength,False,2.51,2.5313,0.0213
TabPFN_Pretrained,V1_RAW,4,TS_BC_14d_014,EXP_TS_BC_14d,Bacterial Concrete,14,Split Tensile Strength,False,2.576,2.5313,-0.0447
TabPFN_Pretrained,V1_RAW,4,TS_BC_14d_015,EXP_TS_BC_14d,Bacterial Concrete,14,Split Tensile Strength,False,2.569,2.5313,-0.0377
TabPFN_Pretrained,V1_RAW,4,TS_BC_14d_016,EXP_TS_BC_14d,Bacterial Concrete,14,Split Tensile Strength,False,2.645,2.5313,-0.1137
TabPFN_Pretrained,V1_RAW,4,TS_BC_14d_017,EXP_TS_BC_14d,Bacterial Concrete,14,Split Tensile Strength,False,2.477,2.5313,0.0543
TabPFN_Pretrained,V1_RAW,4,TS_BC_14d_018,EXP_TS_BC_14d,Bacterial Concrete,14,Split Tensile Strength,False,2.507,2.5313,0.0243
TabPFN_Pretrained,V1_RAW,4,TS_BC_14d_019,EXP_TS_BC_14d,Bacterial Concrete,14,Split Tensile Strength,False,2.645,2.5313,-0.1137
TabPFN_Pretrained,V1_RAW,4,TS_BC_14d_020,EXP_TS_BC_14d,Bacterial Concrete,14,Split Tensile Strength,False,2.623,2.5313,-0.0917
TabPFN_Pretrained,V1_RAW,4,TS_BC_14d_021,EXP_TS_BC_14d,Bacterial Concrete,14,Split Tensile Strength,False,2.731,2.5313,-0.1997
TabPFN_Pretrained,V1_RAW,4,TS_BC_14d_022,EXP_TS_BC_14d,Bacterial Concrete,14,Split Tensile Strength,False,2.661,2.5313,-0.1297
TabPFN_Pretrained,V1_RAW,4,TS_BC_14d_023,EXP_TS_BC_14d,Bacterial Concrete,14,Split Tensile Strength,False,2.716,2.5313,-0.1847
TabPFN_Pretrained,V1_RAW,4,TS_BC_14d_024,EXP_TS_BC_14d,Bacterial Concrete,14,Split Tensile Strength,False,2.429,2.5313,0.1023
TabPFN_Pretrained,V1_RAW,4,TS_BC_14d_025,EXP_TS_BC_14d,Bacterial Concrete,14,Split Tensile Strength,False,2.542,2.5313,-0.0107
TabPFN_Pretrained,V1_RAW,4,TS_BC_14d_026,EXP_TS_BC_14d,Bacterial Concrete,14,Split Tensile Strength,False,2.877,2.5313,-0.3457
TabPFN_Pretrained,V1_RAW,4,TS_BC_14d_027,EXP_TS_BC_14d,Bacterial Concrete,14,Split Tensile Strength,False,2.659,2.5313,-0.1277
TabPFN_Pretrained,V1_RAW,4,TS_BC_14d_028,EXP_TS_BC_14d,Bacterial Concrete,14,Split Tensile Strength,False,2.712,2.5313,-0.1807
TabPFN_Pretrained,V1_RAW,4,TS_BC_14d_029,EXP_TS_BC_14d,Bacterial Concrete,14,Split Tensile Strength,False,2.641,2.5313,-0.1097
TabPFN_Pretrained,V1_RAW,4,TS_BC_14d_030,EXP_TS_BC_14d,Bacterial Concrete,14,Split Tensile Strength,False,2.664,2.5313,-0.1327
TabPFN_Pretrained,V1_RAW,4,TS_BC_14d_031,EXP_TS_BC_14d,Bacterial Concrete,14,Split Tensile Strength,False,2.565,2.5313,-0.0337
TabPFN_Pretrained,V1_RAW,4,TS_BC_14d_032,EXP_TS_BC_14d,Bacterial Concrete,14,Split Tensile Strength,False,3.136,2.5313,-0.6047
TabPFN_Pretrained,V1_RAW,4,TS_BC_14d_033,EXP_TS_BC_14d,Bacterial Concrete,14,Split Tensile Strength,False,2.541,2.5313,-0.0097
TabPFN_Pretrained,V1_RAW,4,TS_BC_14d_034,EXP_TS_BC_14d,Bacterial Concrete,14,Split Tensile Strength,False,2.594,2.5313,-0.0627
TabPFN_Pretrained,V1_RAW,4,TS_BC_14d_035,EXP_TS_BC_14d,Bacterial Concrete,14,Split Tensile Strength,False,2.236,2.5313,0.2953
TabPFN_Pretrained,V1_RAW,4,TS_BC_14d_036,EXP_TS_BC_14d,Bacterial Concrete,14,Split Tensile Strength,False,2.766,2.5313,-0.2347
TabPFN_Pretrained,V1_RAW,4,TS_BC_14d_037,EXP_TS_BC_14d,Bacterial Concrete,14,Split Tensile Strength,False,2.517,2.5313,0.0143
TabPFN_Pretrained,V1_RAW,4,TS_BC_14d_038,EXP_TS_BC_14d,Bacterial Concrete,14,Split Tensile Strength,False,2.591,2.5313,-0.0597
TabPFN_Pretrained,V1_RAW,4,TS_BC_14d_039,EXP_TS_BC_14d,Bacterial Concrete,14,Split Tensile Strength,False,2.521,2.5313,0.0103
TabPFN_Pretrained,V1_RAW,4,TS_BC_14d_040,EXP_TS_BC_14d,Bacterial Concrete,14,Split Tensile Strength,False,2.579,2.5313,-0.0477
TabPFN_Pretrained,V1_RAW,4,TS_BC_14d_041,EXP_TS_BC_14d,Bacterial Concrete,14,Split Tensile Strength,False,2.557,2.5313,-0.0257
TabPFN_Pretrained,V1_RAW,4,TS_BC_14d_042,EXP_TS_BC_14d,Bacterial Concrete,14,Split Tensile Strength,False,2.594,2.5313,-0.0627
TabPFN_Pretrained,V1_RAW,4,TS_BC_14d_043,EXP_TS_BC_14d,Bacterial Concrete,14,Split Tensile Strength,False,2.592,2.5313,-0.0607
TabPFN_Pretrained,V1_RAW,4,TS_BC_14d_044,EXP_TS_BC_14d,Bacterial Concrete,14,Split Tensile Strength,False,2.577,2.5313,-0.0457
TabPFN_Pretrained,V1_RAW,4,TS_BC_14d_045,EXP_TS_BC_14d,Bacterial Concrete,14,Split Tensile Strength,False,2.575,2.5313,-0.0437
TabPFN_Pretrained,V1_RAW,4,TS_BC_14d_046,EXP_TS_BC_14d,Bacterial Concrete,14,Split Tensile Strength,False,2.796,2.5313,-0.2647
TabPFN_Pretrained,V1_RAW,4,TS_BC_14d_047,EXP_TS_BC_14d,Bacterial Concrete,14,Split Tensile Strength,False,2.732,2.5313,-0.2007
TabPFN_Pretrained,V1_RAW,4,TS_BC_14d_048,EXP_TS_BC_14d,Bacterial Concrete,14,Split Tensile Strength,False,2.733,2.5313,-0.2017
TabPFN_Pretrained,V1_RAW,4,TS_BC_14d_049,EXP_TS_BC_14d,Bacterial Concrete,14,Split Tensile Strength,False,2.49,2.5313,0.0413
TabPFN_Pretrained,V1_RAW,4,TS_BC_14d_050,EXP_TS_BC_14d,Bacterial Concrete,14,Split Tensile Strength,False,2.789,2.5313,-0.2577
TabPFN_Pretrained,V1_RAW,4,TS_BC_14d_051,EXP_TS_BC_14d,Bacterial Concrete,14,Split Tensile Strength,False,2.77,2.5313,-0.2387
TabPFN_Pretrained,V1_RAW,4,TS_BC_14d_052,EXP_TS_BC_14d,Bacterial Concrete,14,Split Tensile Strength,False,2.517,2.5313,0.0143
TabPFN_Pretrained,V1_RAW,4,TS_BC_14d_053,EXP_TS_BC_14d,Bacterial Concrete,14,Split Tensile Strength,False,2.829,2.5313,-0.2977
TabPFN_Pretrained,V1_RAW,4,TS_BC_14d_054,EXP_TS_BC_14d,Bacterial Concrete,14,Split Tensile Strength,False,2.498,2.5313,0.0333
TabPFN_Pretrained,V1_RAW,4,TS_BC_14d_055,EXP_TS_BC_14d,Bacterial Concrete,14,Split Tensile Strength,False,2.324,2.5313,0.2073
TabPFN_Pretrained,V1_RAW,4,TS_BC_14d_056,EXP_TS_BC_14d,Bacterial Concrete,14,Split Tensile Strength,False,2.765,2.5313,-0.2337
TabPFN_Pretrained,V1_RAW,4,TS_BC_14d_057,EXP_TS_BC_14d,Bacterial Concrete,14,Split Tensile Strength,False,2.582,2.5313,-0.0507
TabPFN_Pretrained,V1_RAW,4,TS_BC_14d_058,EXP_TS_BC_14d,Bacterial Concrete,14,Split Tensile Strength,False,2.747,2.5313,-0.2157
TabPFN_Pretrained,V1_RAW,4,TS_BC_14d_059,EXP_TS_BC_14d,Bacterial Concrete,14,Split Tensile Strength,False,2.487,2.5313,0.0443
TabPFN_Pretrained,V1_RAW,4,TS_BC_14d_060,EXP_TS_BC_14d,Bacterial Concrete,14,Split Tensile Strength,False,2.411,2.5313,0.1203
TabPFN_Pretrained,V1_RAW,4,TS_BC_14d_061,EXP_TS_BC_14d,Bacterial Concrete,14,Split Tensile Strength,False,2.785,2.5313,-0.2537
TabPFN_Pretrained,V1_RAW,4,TS_BC_14d_062,EXP_TS_BC_14d,Bacterial Concrete,14,Split Tensile Strength,False,2.389,2.5313,0.1423
TabPFN_Pretrained,V1_RAW,4,TS_BC_14d_063,EXP_TS_BC_14d,Bacterial Concrete,14,Split Tensile Strength,False,2.366,2.5313,0.1653
TabPFN_Pretrained,V1_RAW,4,TS_BC_14d_064,EXP_TS_BC_14d,Bacterial Concrete,14,Split Tensile Strength,False,2.311,2.5313,0.2203
TabPFN_Pretrained,V1_RAW,4,TS_BC_14d_065,EXP_TS_BC_14d,Bacterial Concrete,14,Split Tensile Strength,False,2.181,2.5313,0.3503
TabPFN_Pretrained,V1_RAW,4,TS_BC_14d_066,EXP_TS_BC_14d,Bacterial Concrete,14,Split Tensile Strength,False,2.444,2.5313,0.0873
TabPFN_Pretrained,V1_RAW,4,TS_BC_14d_067,EXP_TS_BC_14d,Bacterial Concrete,14,Split Tensile Strength,False,2.275,2.5313,0.2563
TabPFN_Pretrained,V1_RAW,4,TS_BC_14d_068,EXP_TS_BC_14d,Bacterial Concrete,14,Split Tensile Strength,False,2.595,2.5313,-0.0637
TabPFN_Pretrained,V1_RAW,4,TS_BC_14d_069,EXP_TS_BC_14d,Bacterial Concrete,14,Split Tensile Strength,False,2.265,2.5313,0.2663
TabPFN_Pretrained,V1_RAW,4,TS_BC_14d_070,EXP_TS_BC_14d,Bacterial Concrete,14,Split Tensile Strength,False,2.436,2.5313,0.0953
TabPFN_Pretrained,V1_RAW,4,TS_BC_14d_071,EXP_TS_BC_14d,Bacterial Concrete,14,Split Tensile Strength,False,2.95,2.5313,-0.4187
TabPFN_Pretrained,V1_RAW,4,TS_BC_14d_072,EXP_TS_BC_14d,Bacterial Concrete,14,Split Tensile Strength,False,2.652,2.5313,-0.1207
TabPFN_Pretrained,V1_RAW,4,TS_BC_14d_073,EXP_TS_BC_14d,Bacterial Concrete,14,Split Tensile Strength,False,2.608,2.5313,-0.0767
TabPFN_Pretrained,V1_RAW,4,TS_BC_14d_074,EXP_TS_BC_14d,Bacterial Concrete,14,Split Tensile Strength,False,2.357,2.5313,0.1743
TabPFN_Pretrained,V1_RAW,4,TS_BC_14d_075,EXP_TS_BC_14d,Bacterial Concrete,14,Split Tensile Strength,False,2.563,2.5313,-0.0317
TabPFN_Pretrained,V1_RAW,4,TS_BC_14d_076,EXP_TS_BC_14d,Bacterial Concrete,14,Split Tensile Strength,False,2.607,2.5313,-0.0757
TabPFN_Pretrained,V1_RAW,4,TS_BC_14d_077,EXP_TS_BC_14d,Bacterial Concrete,14,Split Tensile Strength,False,2.359,2.5313,0.1723
TabPFN_Pretrained,V1_RAW,4,TS_BC_14d_078,EXP_TS_BC_14d,Bacterial Concrete,14,Split Tensile Strength,False,2.619,2.5313,-0.0877
TabPFN_Pretrained,V1_RAW,4,TS_BC_14d_079,EXP_TS_BC_14d,Bacterial Concrete,14,Split Tensile Strength,False,2.779,2.5313,-0.2477
TabPFN_Pretrained,V1_RAW,4,TS_BC_14d_080,EXP_TS_BC_14d,Bacterial Concrete,14,Split Tensile Strength,False,2.548,2.5313,-0.0167
TabPFN_Pretrained,V1_RAW,4,TS_BC_14d_081,EXP_TS_BC_14d,Bacterial Concrete,14,Split Tensile Strength,False,2.57,2.5313,-0.0387
TabPFN_Pretrained,V1_RAW,4,TS_BC_14d_082,EXP_TS_BC_14d,Bacterial Concrete,14,Split Tensile Strength,False,2.294,2.5313,0.2373
TabPFN_Pretrained,V1_RAW,4,TS_BC_14d_083,EXP_TS_BC_14d,Bacterial Concrete,14,Split Tensile Strength,False,2.39,2.5313,0.1413
TabPFN_Pretrained,V1_RAW,4,TS_BC_14d_084,EXP_TS_BC_14d,Bacterial Concrete,14,Split Tensile Strength,False,2.759,2.5313,-0.2277
TabPFN_Pretrained,V1_RAW,4,TS_BC_14d_085,EXP_TS_BC_14d,Bacterial Concrete,14,Split Tensile Strength,False,2.501,2.5313,0.0303
TabPFN_Pretrained,V1_RAW,4,TS_BC_14d_086,EXP_TS_BC_14d,Bacterial Concrete,14,Split Tensile Strength,False,2.461,2.5313,0.0703
TabPFN_Pretrained,V1_RAW,4,TS_BC_14d_087,EXP_TS_BC_14d,Bacterial Concrete,14,Split Tensile Strength,False,2.496,2.5313,0.0353
TabPFN_Pretrained,V1_RAW,4,TS_BC_14d_088,EXP_TS_BC_14d,Bacterial Concrete,14,Split Tensile Strength,False,2.591,2.5313,-0.0597
TabPFN_Pretrained,V1_RAW,4,TS_BC_14d_089,EXP_TS_BC_14d,Bacterial Concrete,14,Split Tensile Strength,False,2.426,2.5313,0.1053
TabPFN_Pretrained,V1_RAW,4,TS_BC_14d_090,EXP_TS_BC_14d,Bacterial Concrete,14,Split Tensile Strength,False,2.619,2.5313,-0.0877
TabPFN_Pretrained,V1_RAW,4,TS_BC_14d_091,EXP_TS_BC_14d,Bacterial Concrete,14,Split Tensile Strength,False,2.396,2.5313,0.1353
TabPFN_Pretrained,V1_RAW,4,TS_BC_14d_092,EXP_TS_BC_14d,Bacterial Concrete,14,Split Tensile Strength,False,2.716,2.5313,-0.1847
TabPFN_Pretrained,V1_RAW,4,TS_BC_14d_093,EXP_TS_BC_14d,Bacterial Concrete,14,Split Tensile Strength,False,2.441,2.5313,0.0903
TabPFN_Pretrained,V1_RAW,4,TS_BC_14d_094,EXP_TS_BC_14d,Bacterial Concrete,14,Split Tensile Strength,False,2.798,2.5313,-0.2667
TabPFN_Pretrained,V1_RAW,4,TS_BC_14d_095,EXP_TS_BC_14d,Bacterial Concrete,14,Split Tensile Strength,False,2.598,2.5313,-0.0667
TabPFN_Pretrained,V1_RAW,4,TS_BC_14d_096,EXP_TS_BC_14d,Bacterial Concrete,14,Split Tensile Strength,False,2.473,2.5313,0.0583
TabPFN_Pretrained,V1_RAW,4,TS_BC_14d_097,EXP_TS_BC_14d,Bacterial Concrete,14,Split Tensile Strength,False,2.737,2.5313,-0.2057
TabPFN_Pretrained,V1_RAW,4,TS_BC_14d_098,EXP_TS_BC_14d,Bacterial Concrete,14,Split Tensile Strength,False,2.394,2.5313,0.1373
TabPFN_Pretrained,V1_RAW,4,TS_BC_14d_099,EXP_TS_BC_14d,Bacterial Concrete,14,Split Tensile Strength,False,2.518,2.5313,0.0133
TabPFN_Pretrained,V1_RAW,4,TS_BC_14d_100,EXP_TS_BC_14d,Bacterial Concrete,14,Split Tensile Strength,False,2.6,2.5313,-0.0687
TabPFN_Pretrained,V1_RAW,5,CS_NC_90d_001,EXP_CS_NC_90d,Normal Concrete,90,Compressive Strength,False,34.39,32.0486,-2.3414
TabPFN_Pretrained,V1_RAW,5,CS_BC_90d_001,EXP_CS_BC_90d,Bacterial Concrete,90,Compressive Strength,False,42.0,37.9661,-4.0339
TabPFN_Pretrained,V1_RAW,5,CS_NC_90d_002,EXP_CS_NC_90d,Normal Concrete,90,Compressive Strength,False,35.86,32.0486,-3.8114
TabPFN_Pretrained,V1_RAW,5,CS_BC_90d_002,EXP_CS_BC_90d,Bacterial Concrete,90,Compressive Strength,False,36.16,37.9661,1.8061
TabPFN_Pretrained,V1_RAW,5,CS_NC_90d_003,EXP_CS_NC_90d,Normal Concrete,90,Compressive Strength,False,30.9,32.0486,1.1486
TabPFN_Pretrained,V1_RAW,5,CS_BC_90d_003,EXP_CS_BC_90d,Bacterial Concrete,90,Compressive Strength,False,43.63,37.9661,-5.6639
TabPFN_Pretrained,V1_RAW,5,CS_NC_90d_004,EXP_CS_NC_90d,Normal Concrete,90,Compressive Strength,False,33.84,32.0486,-1.7914
TabPFN_Pretrained,V1_RAW,5,CS_BC_90d_004,EXP_CS_BC_90d,Bacterial Concrete,90,Compressive Strength,False,40.29,37.9661,-2.3239
TabPFN_Pretrained,V1_RAW,5,CS_NC_90d_005,EXP_CS_NC_90d,Normal Concrete,90,Compressive Strength,False,32.02,32.0486,0.0286
TabPFN_Pretrained,V1_RAW,5,CS_BC_90d_005,EXP_CS_BC_90d,Bacterial Concrete,90,Compressive Strength,False,42.16,37.9661,-4.1939
TabPFN_Pretrained,V1_RAW,5,CS_NC_90d_006,EXP_CS_NC_90d,Normal Concrete,90,Compressive Strength,False,32.27,32.0486,-0.2214
TabPFN_Pretrained,V1_RAW,5,CS_BC_90d_006,EXP_CS_BC_90d,Bacterial Concrete,90,Compressive Strength,False,38.94,37.9661,-0.9739
TabPFN_Pretrained,V1_RAW,5,CS_NC_90d_007,EXP_CS_NC_90d,Normal Concrete,90,Compressive Strength,False,32.11,32.0486,-0.0614
TabPFN_Pretrained,V1_RAW,5,CS_BC_90d_007,EXP_CS_BC_90d,Bacterial Concrete,90,Compressive Strength,False,41.42,37.9661,-3.4539
TabPFN_Pretrained,V1_RAW,5,CS_NC_90d_008,EXP_CS_NC_90d,Normal Concrete,90,Compressive Strength,False,31.7,32.0486,0.3486
TabPFN_Pretrained,V1_RAW,5,CS_BC_90d_008,EXP_CS_BC_90d,Bacterial Concrete,90,Compressive Strength,False,38.92,37.9661,-0.9539
TabPFN_Pretrained,V1_RAW,5,CS_NC_90d_009,EXP_CS_NC_90d,Normal Concrete,90,Compressive Strength,False,33.07,32.0486,-1.0214
TabPFN_Pretrained,V1_RAW,5,CS_BC_90d_009,EXP_CS_BC_90d,Bacterial Concrete,90,Compressive Strength,False,39.56,37.9661,-1.5939
TabPFN_Pretrained,V1_RAW,5,CS_NC_90d_010,EXP_CS_NC_90d,Normal Concrete,90,Compressive Strength,False,31.75,32.0486,0.2986
TabPFN_Pretrained,V1_RAW,5,CS_BC_90d_010,EXP_CS_BC_90d,Bacterial Concrete,90,Compressive Strength,False,43.37,37.9661,-5.4039
TabPFN_Pretrained,V1_RAW,5,CS_NC_90d_011,EXP_CS_NC_90d,Normal Concrete,90,Compressive Strength,False,33.41,32.0486,-1.3614
TabPFN_Pretrained,V1_RAW,5,CS_BC_90d_011,EXP_CS_BC_90d,Bacterial Concrete,90,Compressive Strength,False,40.21,37.9661,-2.2439
TabPFN_Pretrained,V1_RAW,5,CS_NC_90d_012,EXP_CS_NC_90d,Normal Concrete,90,Compressive Strength,False,32.92,32.0486,-0.8714
TabPFN_Pretrained,V1_RAW,5,CS_BC_90d_012,EXP_CS_BC_90d,Bacterial Concrete,90,Compressive Strength,False,40.83,37.9661,-2.8639
TabPFN_Pretrained,V1_RAW,5,CS_NC_90d_013,EXP_CS_NC_90d,Normal Concrete,90,Compressive Strength,False,32.64,32.0486,-0.5914
TabPFN_Pretrained,V1_RAW,5,CS_BC_90d_013,EXP_CS_BC_90d,Bacterial Concrete,90,Compressive Strength,False,41.81,37.9661,-3.8439
TabPFN_Pretrained,V1_RAW,5,CS_NC_90d_014,EXP_CS_NC_90d,Normal Concrete,90,Compressive Strength,False,31.64,32.0486,0.4086
TabPFN_Pretrained,V1_RAW,5,CS_BC_90d_014,EXP_CS_BC_90d,Bacterial Concrete,90,Compressive Strength,False,41.24,37.9661,-3.2739
TabPFN_Pretrained,V1_RAW,5,CS_NC_90d_015,EXP_CS_NC_90d,Normal Concrete,90,Compressive Strength,False,32.13,32.0486,-0.0814
TabPFN_Pretrained,V1_RAW,5,CS_BC_90d_015,EXP_CS_BC_90d,Bacterial Concrete,90,Compressive Strength,False,40.73,37.9661,-2.7639
TabPFN_Pretrained,V1_RAW,5,CS_NC_90d_016,EXP_CS_NC_90d,Normal Concrete,90,Compressive Strength,False,34.13,32.0486,-2.0814
TabPFN_Pretrained,V1_RAW,5,CS_BC_90d_016,EXP_CS_BC_90d,Bacterial Concrete,90,Compressive Strength,False,41.05,37.9661,-3.0839
TabPFN_Pretrained,V1_RAW,5,CS_NC_90d_017,EXP_CS_NC_90d,Normal Concrete,90,Compressive Strength,False,33.75,32.0486,-1.7014
TabPFN_Pretrained,V1_RAW,5,CS_BC_90d_017,EXP_CS_BC_90d,Bacterial Concrete,90,Compressive Strength,False,44.11,37.9661,-6.1439
TabPFN_Pretrained,V1_RAW,5,CS_NC_90d_018,EXP_CS_NC_90d,Normal Concrete,90,Compressive Strength,False,31.53,32.0486,0.5186
TabPFN_Pretrained,V1_RAW,5,CS_BC_90d_018,EXP_CS_BC_90d,Bacterial Concrete,90,Compressive Strength,False,40.41,37.9661,-2.4439
TabPFN_Pretrained,V1_RAW,5,CS_NC_90d_019,EXP_CS_NC_90d,Normal Concrete,90,Compressive Strength,False,33.15,32.0486,-1.1014
TabPFN_Pretrained,V1_RAW,5,CS_BC_90d_019,EXP_CS_BC_90d,Bacterial Concrete,90,Compressive Strength,False,40.8,37.9661,-2.8339
TabPFN_Pretrained,V1_RAW,5,CS_NC_90d_020,EXP_CS_NC_90d,Normal Concrete,90,Compressive Strength,False,34.13,32.0486,-2.0814
TabPFN_Pretrained,V1_RAW,5,CS_BC_90d_020,EXP_CS_BC_90d,Bacterial Concrete,90,Compressive Strength,False,42.08,37.9661,-4.1139
TabPFN_Pretrained,V1_RAW,5,CS_NC_90d_021,EXP_CS_NC_90d,Normal Concrete,90,Compressive Strength,False,30.5,32.0486,1.5486
TabPFN_Pretrained,V1_RAW,5,CS_BC_90d_021,EXP_CS_BC_90d,Bacterial Concrete,90,Compressive Strength,False,42.16,37.9661,-4.1939
TabPFN_Pretrained,V1_RAW,5,CS_NC_90d_022,EXP_CS_NC_90d,Normal Concrete,90,Compressive Strength,False,33.82,32.0486,-1.7714
TabPFN_Pretrained,V1_RAW,5,CS_BC_90d_022,EXP_CS_BC_90d,Bacterial Concrete,90,Compressive Strength,False,42.28,37.9661,-4.3139
TabPFN_Pretrained,V1_RAW,5,CS_NC_90d_023,EXP_CS_NC_90d,Normal Concrete,90,Compressive Strength,False,32.01,32.0486,0.0386
TabPFN_Pretrained,V1_RAW,5,CS_BC_90d_023,EXP_CS_BC_90d,Bacterial Concrete,90,Compressive Strength,False,41.46,37.9661,-3.4939
TabPFN_Pretrained,V1_RAW,5,CS_NC_90d_024,EXP_CS_NC_90d,Normal Concrete,90,Compressive Strength,False,33.86,32.0486,-1.8114
TabPFN_Pretrained,V1_RAW,5,CS_BC_90d_024,EXP_CS_BC_90d,Bacterial Concrete,90,Compressive Strength,False,38.79,37.9661,-0.8239
TabPFN_Pretrained,V1_RAW,5,CS_NC_90d_025,EXP_CS_NC_90d,Normal Concrete,90,Compressive Strength,False,31.86,32.0486,0.1886
TabPFN_Pretrained,V1_RAW,5,CS_BC_90d_025,EXP_CS_BC_90d,Bacterial Concrete,90,Compressive Strength,False,42.95,37.9661,-4.9839
TabPFN_Pretrained,V1_RAW,5,CS_NC_90d_026,EXP_CS_NC_90d,Normal Concrete,90,Compressive Strength,False,30.29,32.0486,1.7586
TabPFN_Pretrained,V1_RAW,5,CS_BC_90d_026,EXP_CS_BC_90d,Bacterial Concrete,90,Compressive Strength,False,38.78,37.9661,-0.8139
TabPFN_Pretrained,V1_RAW,5,CS_NC_90d_027,EXP_CS_NC_90d,Normal Concrete,90,Compressive Strength,False,30.56,32.0486,1.4886
TabPFN_Pretrained,V1_RAW,5,CS_BC_90d_027,EXP_CS_BC_90d,Bacterial Concrete,90,Compressive Strength,False,40.95,37.9661,-2.9839
TabPFN_Pretrained,V1_RAW,5,CS_NC_90d_028,EXP_CS_NC_90d,Normal Concrete,90,Compressive Strength,False,33.07,32.0486,-1.0214
TabPFN_Pretrained,V1_RAW,5,CS_BC_90d_028,EXP_CS_BC_90d,Bacterial Concrete,90,Compressive Strength,False,39.37,37.9661,-1.4039
TabPFN_Pretrained,V1_RAW,5,CS_NC_90d_029,EXP_CS_NC_90d,Normal Concrete,90,Compressive Strength,False,33.39,32.0486,-1.3414
TabPFN_Pretrained,V1_RAW,5,CS_BC_90d_029,EXP_CS_BC_90d,Bacterial Concrete,90,Compressive Strength,False,40.4,37.9661,-2.4339
TabPFN_Pretrained,V1_RAW,5,CS_NC_90d_030,EXP_CS_NC_90d,Normal Concrete,90,Compressive Strength,False,31.64,32.0486,0.4086
TabPFN_Pretrained,V1_RAW,5,CS_BC_90d_030,EXP_CS_BC_90d,Bacterial Concrete,90,Compressive Strength,False,40.99,37.9661,-3.0239
TabPFN_Pretrained,V1_RAW,5,CS_NC_90d_031,EXP_CS_NC_90d,Normal Concrete,90,Compressive Strength,False,33.96,32.0486,-1.9114
TabPFN_Pretrained,V1_RAW,5,CS_BC_90d_031,EXP_CS_BC_90d,Bacterial Concrete,90,Compressive Strength,False,40.98,37.9661,-3.0139
TabPFN_Pretrained,V1_RAW,5,CS_NC_90d_032,EXP_CS_NC_90d,Normal Concrete,90,Compressive Strength,False,30.51,32.0486,1.5386
TabPFN_Pretrained,V1_RAW,5,CS_BC_90d_032,EXP_CS_BC_90d,Bacterial Concrete,90,Compressive Strength,False,41.13,37.9661,-3.1639
TabPFN_Pretrained,V1_RAW,5,CS_NC_90d_033,EXP_CS_NC_90d,Normal Concrete,90,Compressive Strength,False,32.9,32.0486,-0.8514
TabPFN_Pretrained,V1_RAW,5,CS_BC_90d_033,EXP_CS_BC_90d,Bacterial Concrete,90,Compressive Strength,False,42.92,37.9661,-4.9539
TabPFN_Pretrained,V1_RAW,5,CS_NC_90d_034,EXP_CS_NC_90d,Normal Concrete,90,Compressive Strength,False,31.18,32.0486,0.8686
TabPFN_Pretrained,V1_RAW,5,CS_BC_90d_034,EXP_CS_BC_90d,Bacterial Concrete,90,Compressive Strength,False,41.18,37.9661,-3.2139
TabPFN_Pretrained,V1_RAW,5,CS_NC_90d_035,EXP_CS_NC_90d,Normal Concrete,90,Compressive Strength,False,32.02,32.0486,0.0286
TabPFN_Pretrained,V1_RAW,5,CS_BC_90d_035,EXP_CS_BC_90d,Bacterial Concrete,90,Compressive Strength,False,40.13,37.9661,-2.1639
TabPFN_Pretrained,V1_RAW,5,CS_NC_90d_036,EXP_CS_NC_90d,Normal Concrete,90,Compressive Strength,False,33.07,32.0486,-1.0214
TabPFN_Pretrained,V1_RAW,5,CS_BC_90d_036,EXP_CS_BC_90d,Bacterial Concrete,90,Compressive Strength,False,41.95,37.9661,-3.9839
TabPFN_Pretrained,V1_RAW,5,CS_NC_90d_037,EXP_CS_NC_90d,Normal Concrete,90,Compressive Strength,False,31.71,32.0486,0.3386
TabPFN_Pretrained,V1_RAW,5,CS_BC_90d_037,EXP_CS_BC_90d,Bacterial Concrete,90,Compressive Strength,False,42.28,37.9661,-4.3139
TabPFN_Pretrained,V1_RAW,5,CS_NC_90d_038,EXP_CS_NC_90d,Normal Concrete,90,Compressive Strength,False,32.42,32.0486,-0.3714
TabPFN_Pretrained,V1_RAW,5,CS_BC_90d_038,EXP_CS_BC_90d,Bacterial Concrete,90,Compressive Strength,False,38.66,37.9661,-0.6939
TabPFN_Pretrained,V1_RAW,5,CS_NC_90d_039,EXP_CS_NC_90d,Normal Concrete,90,Compressive Strength,False,34.51,32.0486,-2.4614
TabPFN_Pretrained,V1_RAW,5,CS_BC_90d_039,EXP_CS_BC_90d,Bacterial Concrete,90,Compressive Strength,False,41.4,37.9661,-3.4339
TabPFN_Pretrained,V1_RAW,5,CS_NC_90d_040,EXP_CS_NC_90d,Normal Concrete,90,Compressive Strength,False,32.13,32.0486,-0.0814
TabPFN_Pretrained,V1_RAW,5,CS_BC_90d_040,EXP_CS_BC_90d,Bacterial Concrete,90,Compressive Strength,False,41.55,37.9661,-3.5839
TabPFN_Pretrained,V1_RAW,5,CS_NC_90d_041,EXP_CS_NC_90d,Normal Concrete,90,Compressive Strength,False,34.25,32.0486,-2.2014
TabPFN_Pretrained,V1_RAW,5,CS_BC_90d_041,EXP_CS_BC_90d,Bacterial Concrete,90,Compressive Strength,False,40.05,37.9661,-2.0839
TabPFN_Pretrained,V1_RAW,5,CS_NC_90d_042,EXP_CS_NC_90d,Normal Concrete,90,Compressive Strength,False,31.31,32.0486,0.7386
TabPFN_Pretrained,V1_RAW,5,CS_BC_90d_042,EXP_CS_BC_90d,Bacterial Concrete,90,Compressive Strength,False,42.56,37.9661,-4.5939
TabPFN_Pretrained,V1_RAW,5,CS_NC_90d_043,EXP_CS_NC_90d,Normal Concrete,90,Compressive Strength,False,33.79,32.0486,-1.7414
TabPFN_Pretrained,V1_RAW,5,CS_BC_90d_043,EXP_CS_BC_90d,Bacterial Concrete,90,Compressive Strength,False,40.27,37.9661,-2.3039
TabPFN_Pretrained,V1_RAW,5,CS_NC_90d_044,EXP_CS_NC_90d,Normal Concrete,90,Compressive Strength,False,35.16,32.0486,-3.1114
TabPFN_Pretrained,V1_RAW,5,CS_BC_90d_044,EXP_CS_BC_90d,Bacterial Concrete,90,Compressive Strength,False,40.69,37.9661,-2.7239
TabPFN_Pretrained,V1_RAW,5,CS_NC_90d_045,EXP_CS_NC_90d,Normal Concrete,90,Compressive Strength,False,29.29,32.0486,2.7586
TabPFN_Pretrained,V1_RAW,5,CS_BC_90d_045,EXP_CS_BC_90d,Bacterial Concrete,90,Compressive Strength,False,40.24,37.9661,-2.2739
TabPFN_Pretrained,V1_RAW,5,CS_NC_90d_046,EXP_CS_NC_90d,Normal Concrete,90,Compressive Strength,False,31.8,32.0486,0.2486
TabPFN_Pretrained,V1_RAW,5,CS_BC_90d_046,EXP_CS_BC_90d,Bacterial Concrete,90,Compressive Strength,False,40.52,37.9661,-2.5539
TabPFN_Pretrained,V1_RAW,5,CS_NC_90d_047,EXP_CS_NC_90d,Normal Concrete,90,Compressive Strength,False,33.87,32.0486,-1.8214
TabPFN_Pretrained,V1_RAW,5,CS_BC_90d_047,EXP_CS_BC_90d,Bacterial Concrete,90,Compressive Strength,False,38.86,37.9661,-0.8939
TabPFN_Pretrained,V1_RAW,5,CS_NC_90d_048,EXP_CS_NC_90d,Normal Concrete,90,Compressive Strength,False,32.7,32.0486,-0.6514
TabPFN_Pretrained,V1_RAW,5,CS_BC_90d_048,EXP_CS_BC_90d,Bacterial Concrete,90,Compressive Strength,False,38.34,37.9661,-0.3739
TabPFN_Pretrained,V1_RAW,5,CS_NC_90d_049,EXP_CS_NC_90d,Normal Concrete,90,Compressive Strength,False,33.56,32.0486,-1.5114
TabPFN_Pretrained,V1_RAW,5,CS_BC_90d_049,EXP_CS_BC_90d,Bacterial Concrete,90,Compressive Strength,False,42.89,37.9661,-4.9239
TabPFN_Pretrained,V1_RAW,5,CS_NC_90d_050,EXP_CS_NC_90d,Normal Concrete,90,Compressive Strength,False,32.09,32.0486,-0.0414
TabPFN_Pretrained,V1_RAW,5,CS_BC_90d_050,EXP_CS_BC_90d,Bacterial Concrete,90,Compressive Strength,False,39.23,37.9661,-1.2639
TabPFN_Pretrained,V1_RAW,5,CS_NC_90d_051,EXP_CS_NC_90d,Normal Concrete,90,Compressive Strength,False,33.13,32.0486,-1.0814
TabPFN_Pretrained,V1_RAW,5,CS_BC_90d_051,EXP_CS_BC_90d,Bacterial Concrete,90,Compressive Strength,False,39.01,37.9661,-1.0439
TabPFN_Pretrained,V1_RAW,5,CS_NC_90d_052,EXP_CS_NC_90d,Normal Concrete,90,Compressive Strength,False,32.77,32.0486,-0.7214
TabPFN_Pretrained,V1_RAW,5,CS_BC_90d_052,EXP_CS_BC_90d,Bacterial Concrete,90,Compressive Strength,False,37.27,37.9661,0.6961
TabPFN_Pretrained,V1_RAW,5,CS_NC_90d_053,EXP_CS_NC_90d,Normal Concrete,90,Compressive Strength,False,34.75,32.0486,-2.7014
TabPFN_Pretrained,V1_RAW,5,CS_BC_90d_053,EXP_CS_BC_90d,Bacterial Concrete,90,Compressive Strength,False,39.54,37.9661,-1.5739
TabPFN_Pretrained,V1_RAW,5,CS_NC_90d_054,EXP_CS_NC_90d,Normal Concrete,90,Compressive Strength,False,33.38,32.0486,-1.3314
TabPFN_Pretrained,V1_RAW,5,CS_BC_90d_054,EXP_CS_BC_90d,Bacterial Concrete,90,Compressive Strength,False,38.52,37.9661,-0.5539
TabPFN_Pretrained,V1_RAW,5,CS_NC_90d_055,EXP_CS_NC_90d,Normal Concrete,90,Compressive Strength,False,33.51,32.0486,-1.4614
TabPFN_Pretrained,V1_RAW,5,CS_BC_90d_055,EXP_CS_BC_90d,Bacterial Concrete,90,Compressive Strength,False,42.96,37.9661,-4.9939
TabPFN_Pretrained,V1_RAW,5,CS_NC_90d_056,EXP_CS_NC_90d,Normal Concrete,90,Compressive Strength,False,32.38,32.0486,-0.3314
TabPFN_Pretrained,V1_RAW,5,CS_BC_90d_056,EXP_CS_BC_90d,Bacterial Concrete,90,Compressive Strength,False,42.01,37.9661,-4.0439
TabPFN_Pretrained,V1_RAW,5,CS_NC_90d_057,EXP_CS_NC_90d,Normal Concrete,90,Compressive Strength,False,32.27,32.0486,-0.2214
TabPFN_Pretrained,V1_RAW,5,CS_BC_90d_057,EXP_CS_BC_90d,Bacterial Concrete,90,Compressive Strength,False,39.47,37.9661,-1.5039
TabPFN_Pretrained,V1_RAW,5,CS_NC_90d_058,EXP_CS_NC_90d,Normal Concrete,90,Compressive Strength,False,32.35,32.0486,-0.3014
TabPFN_Pretrained,V1_RAW,5,CS_BC_90d_058,EXP_CS_BC_90d,Bacterial Concrete,90,Compressive Strength,False,43.88,37.9661,-5.9139
TabPFN_Pretrained,V1_RAW,5,CS_NC_90d_059,EXP_CS_NC_90d,Normal Concrete,90,Compressive Strength,False,33.59,32.0486,-1.5414
TabPFN_Pretrained,V1_RAW,5,CS_BC_90d_059,EXP_CS_BC_90d,Bacterial Concrete,90,Compressive Strength,False,41.97,37.9661,-4.0039
TabPFN_Pretrained,V1_RAW,5,CS_NC_90d_060,EXP_CS_NC_90d,Normal Concrete,90,Compressive Strength,False,32.37,32.0486,-0.3214
TabPFN_Pretrained,V1_RAW,5,CS_BC_90d_060,EXP_CS_BC_90d,Bacterial Concrete,90,Compressive Strength,False,40.01,37.9661,-2.0439
TabPFN_Pretrained,V1_RAW,5,CS_NC_90d_061,EXP_CS_NC_90d,Normal Concrete,90,Compressive Strength,False,33.43,32.0486,-1.3814
TabPFN_Pretrained,V1_RAW,5,CS_BC_90d_061,EXP_CS_BC_90d,Bacterial Concrete,90,Compressive Strength,False,36.75,37.9661,1.2161
TabPFN_Pretrained,V1_RAW,5,CS_NC_90d_062,EXP_CS_NC_90d,Normal Concrete,90,Compressive Strength,False,36.11,32.0486,-4.0614
TabPFN_Pretrained,V1_RAW,5,CS_BC_90d_062,EXP_CS_BC_90d,Bacterial Concrete,90,Compressive Strength,False,43.94,37.9661,-5.9739
TabPFN_Pretrained,V1_RAW,5,CS_NC_90d_063,EXP_CS_NC_90d,Normal Concrete,90,Compressive Strength,False,34.31,32.0486,-2.2614
TabPFN_Pretrained,V1_RAW,5,CS_BC_90d_063,EXP_CS_BC_90d,Bacterial Concrete,90,Compressive Strength,False,38.42,37.9661,-0.4539
TabPFN_Pretrained,V1_RAW,5,CS_NC_90d_064,EXP_CS_NC_90d,Normal Concrete,90,Compressive Strength,False,32.51,32.0486,-0.4614
TabPFN_Pretrained,V1_RAW,5,CS_BC_90d_064,EXP_CS_BC_90d,Bacterial Concrete,90,Compressive Strength,False,38.03,37.9661,-0.0639
TabPFN_Pretrained,V1_RAW,5,CS_NC_90d_065,EXP_CS_NC_90d,Normal Concrete,90,Compressive Strength,False,34.8,32.0486,-2.7514
TabPFN_Pretrained,V1_RAW,5,CS_BC_90d_065,EXP_CS_BC_90d,Bacterial Concrete,90,Compressive Strength,False,42.03,37.9661,-4.0639
TabPFN_Pretrained,V1_RAW,5,CS_NC_90d_066,EXP_CS_NC_90d,Normal Concrete,90,Compressive Strength,False,32.39,32.0486,-0.3414
TabPFN_Pretrained,V1_RAW,5,CS_BC_90d_066,EXP_CS_BC_90d,Bacterial Concrete,90,Compressive Strength,False,44.16,37.9661,-6.1939
TabPFN_Pretrained,V1_RAW,5,CS_NC_90d_067,EXP_CS_NC_90d,Normal Concrete,90,Compressive Strength,False,29.94,32.0486,2.1086
TabPFN_Pretrained,V1_RAW,5,CS_BC_90d_067,EXP_CS_BC_90d,Bacterial Concrete,90,Compressive Strength,False,42.58,37.9661,-4.6139
TabPFN_Pretrained,V1_RAW,5,CS_NC_90d_068,EXP_CS_NC_90d,Normal Concrete,90,Compressive Strength,False,31.49,32.0486,0.5586
TabPFN_Pretrained,V1_RAW,5,CS_BC_90d_068,EXP_CS_BC_90d,Bacterial Concrete,90,Compressive Strength,False,41.35,37.9661,-3.3839
TabPFN_Pretrained,V1_RAW,5,CS_NC_90d_069,EXP_CS_NC_90d,Normal Concrete,90,Compressive Strength,False,30.19,32.0486,1.8586
TabPFN_Pretrained,V1_RAW,5,CS_BC_90d_069,EXP_CS_BC_90d,Bacterial Concrete,90,Compressive Strength,False,41.39,37.9661,-3.4239
TabPFN_Pretrained,V1_RAW,5,CS_NC_90d_070,EXP_CS_NC_90d,Normal Concrete,90,Compressive Strength,False,32.47,32.0486,-0.4214
TabPFN_Pretrained,V1_RAW,5,CS_BC_90d_070,EXP_CS_BC_90d,Bacterial Concrete,90,Compressive Strength,False,41.78,37.9661,-3.8139
TabPFN_Pretrained,V1_RAW,5,CS_NC_90d_071,EXP_CS_NC_90d,Normal Concrete,90,Compressive Strength,False,33.03,32.0486,-0.9814
TabPFN_Pretrained,V1_RAW,5,CS_BC_90d_071,EXP_CS_BC_90d,Bacterial Concrete,90,Compressive Strength,False,41.64,37.9661,-3.6739
TabPFN_Pretrained,V1_RAW,5,CS_NC_90d_072,EXP_CS_NC_90d,Normal Concrete,90,Compressive Strength,False,35.51,32.0486,-3.4614
TabPFN_Pretrained,V1_RAW,5,CS_BC_90d_072,EXP_CS_BC_90d,Bacterial Concrete,90,Compressive Strength,False,40.92,37.9661,-2.9539
TabPFN_Pretrained,V1_RAW,5,CS_NC_90d_073,EXP_CS_NC_90d,Normal Concrete,90,Compressive Strength,False,33.49,32.0486,-1.4414
TabPFN_Pretrained,V1_RAW,5,CS_BC_90d_073,EXP_CS_BC_90d,Bacterial Concrete,90,Compressive Strength,False,40.66,37.9661,-2.6939
TabPFN_Pretrained,V1_RAW,5,CS_NC_90d_074,EXP_CS_NC_90d,Normal Concrete,90,Compressive Strength,False,32.67,32.0486,-0.6214
TabPFN_Pretrained,V1_RAW,5,CS_BC_90d_074,EXP_CS_BC_90d,Bacterial Concrete,90,Compressive Strength,False,40.41,37.9661,-2.4439
TabPFN_Pretrained,V1_RAW,5,CS_NC_90d_075,EXP_CS_NC_90d,Normal Concrete,90,Compressive Strength,False,34.24,32.0486,-2.1914
TabPFN_Pretrained,V1_RAW,5,CS_BC_90d_075,EXP_CS_BC_90d,Bacterial Concrete,90,Compressive Strength,False,39.37,37.9661,-1.4039
TabPFN_Pretrained,V1_RAW,5,CS_NC_90d_076,EXP_CS_NC_90d,Normal Concrete,90,Compressive Strength,False,29.68,32.0486,2.3686
TabPFN_Pretrained,V1_RAW,5,CS_BC_90d_076,EXP_CS_BC_90d,Bacterial Concrete,90,Compressive Strength,False,40.08,37.9661,-2.1139
TabPFN_Pretrained,V1_RAW,5,CS_NC_90d_077,EXP_CS_NC_90d,Normal Concrete,90,Compressive Strength,False,33.35,32.0486,-1.3014
TabPFN_Pretrained,V1_RAW,5,CS_BC_90d_077,EXP_CS_BC_90d,Bacterial Concrete,90,Compressive Strength,False,37.96,37.9661,0.0061
TabPFN_Pretrained,V1_RAW,5,CS_NC_90d_078,EXP_CS_NC_90d,Normal Concrete,90,Compressive Strength,False,34.16,32.0486,-2.1114
TabPFN_Pretrained,V1_RAW,5,CS_BC_90d_078,EXP_CS_BC_90d,Bacterial Concrete,90,Compressive Strength,False,40.35,37.9661,-2.3839
TabPFN_Pretrained,V1_RAW,5,CS_NC_90d_079,EXP_CS_NC_90d,Normal Concrete,90,Compressive Strength,False,30.78,32.0486,1.2686
TabPFN_Pretrained,V1_RAW,5,CS_BC_90d_079,EXP_CS_BC_90d,Bacterial Concrete,90,Compressive Strength,False,39.02,37.9661,-1.0539
TabPFN_Pretrained,V1_RAW,5,CS_NC_90d_080,EXP_CS_NC_90d,Normal Concrete,90,Compressive Strength,False,34.72,32.0486,-2.6714
TabPFN_Pretrained,V1_RAW,5,CS_BC_90d_080,EXP_CS_BC_90d,Bacterial Concrete,90,Compressive Strength,False,38.84,37.9661,-0.8739
TabPFN_Pretrained,V1_RAW,5,CS_NC_90d_081,EXP_CS_NC_90d,Normal Concrete,90,Compressive Strength,False,33.51,32.0486,-1.4614
TabPFN_Pretrained,V1_RAW,5,CS_BC_90d_081,EXP_CS_BC_90d,Bacterial Concrete,90,Compressive Strength,False,40.77,37.9661,-2.8039
TabPFN_Pretrained,V1_RAW,5,CS_NC_90d_082,EXP_CS_NC_90d,Normal Concrete,90,Compressive Strength,False,32.38,32.0486,-0.3314
TabPFN_Pretrained,V1_RAW,5,CS_BC_90d_082,EXP_CS_BC_90d,Bacterial Concrete,90,Compressive Strength,False,42.59,37.9661,-4.6239
TabPFN_Pretrained,V1_RAW,5,CS_NC_90d_083,EXP_CS_NC_90d,Normal Concrete,90,Compressive Strength,False,33.95,32.0486,-1.9014
TabPFN_Pretrained,V1_RAW,5,CS_BC_90d_083,EXP_CS_BC_90d,Bacterial Concrete,90,Compressive Strength,False,41.88,37.9661,-3.9139
TabPFN_Pretrained,V1_RAW,5,CS_NC_90d_084,EXP_CS_NC_90d,Normal Concrete,90,Compressive Strength,False,36.41,32.0486,-4.3614
TabPFN_Pretrained,V1_RAW,5,CS_BC_90d_084,EXP_CS_BC_90d,Bacterial Concrete,90,Compressive Strength,False,38.14,37.9661,-0.1739
TabPFN_Pretrained,V1_RAW,5,CS_NC_90d_085,EXP_CS_NC_90d,Normal Concrete,90,Compressive Strength,False,33.27,32.0486,-1.2214
TabPFN_Pretrained,V1_RAW,5,CS_BC_90d_085,EXP_CS_BC_90d,Bacterial Concrete,90,Compressive Strength,False,39.02,37.9661,-1.0539
TabPFN_Pretrained,V1_RAW,5,CS_NC_90d_086,EXP_CS_NC_90d,Normal Concrete,90,Compressive Strength,False,33.37,32.0486,-1.3214
TabPFN_Pretrained,V1_RAW,5,CS_BC_90d_086,EXP_CS_BC_90d,Bacterial Concrete,90,Compressive Strength,False,41.91,37.9661,-3.9439
TabPFN_Pretrained,V1_RAW,5,CS_NC_90d_087,EXP_CS_NC_90d,Normal Concrete,90,Compressive Strength,False,32.31,32.0486,-0.2614
TabPFN_Pretrained,V1_RAW,5,CS_BC_90d_087,EXP_CS_BC_90d,Bacterial Concrete,90,Compressive Strength,False,39.03,37.9661,-1.0639
TabPFN_Pretrained,V1_RAW,5,CS_NC_90d_088,EXP_CS_NC_90d,Normal Concrete,90,Compressive Strength,False,31.73,32.0486,0.3186
TabPFN_Pretrained,V1_RAW,5,CS_BC_90d_088,EXP_CS_BC_90d,Bacterial Concrete,90,Compressive Strength,False,40.16,37.9661,-2.1939
TabPFN_Pretrained,V1_RAW,5,CS_NC_90d_089,EXP_CS_NC_90d,Normal Concrete,90,Compressive Strength,False,34.25,32.0486,-2.2014
TabPFN_Pretrained,V1_RAW,5,CS_BC_90d_089,EXP_CS_BC_90d,Bacterial Concrete,90,Compressive Strength,False,41.33,37.9661,-3.3639
TabPFN_Pretrained,V1_RAW,5,CS_NC_90d_090,EXP_CS_NC_90d,Normal Concrete,90,Compressive Strength,False,31.72,32.0486,0.3286
TabPFN_Pretrained,V1_RAW,5,CS_BC_90d_090,EXP_CS_BC_90d,Bacterial Concrete,90,Compressive Strength,False,39.05,37.9661,-1.0839
TabPFN_Pretrained,V1_RAW,5,CS_NC_90d_091,EXP_CS_NC_90d,Normal Concrete,90,Compressive Strength,False,33.11,32.0486,-1.0614
TabPFN_Pretrained,V1_RAW,5,CS_BC_90d_091,EXP_CS_BC_90d,Bacterial Concrete,90,Compressive Strength,False,40.66,37.9661,-2.6939
TabPFN_Pretrained,V1_RAW,5,CS_NC_90d_092,EXP_CS_NC_90d,Normal Concrete,90,Compressive Strength,False,32.28,32.0486,-0.2314
TabPFN_Pretrained,V1_RAW,5,CS_BC_90d_092,EXP_CS_BC_90d,Bacterial Concrete,90,Compressive Strength,False,38.5,37.9661,-0.5339
TabPFN_Pretrained,V1_RAW,5,CS_NC_90d_093,EXP_CS_NC_90d,Normal Concrete,90,Compressive Strength,False,33.72,32.0486,-1.6714
TabPFN_Pretrained,V1_RAW,5,CS_BC_90d_093,EXP_CS_BC_90d,Bacterial Concrete,90,Compressive Strength,False,39.6,37.9661,-1.6339
TabPFN_Pretrained,V1_RAW,5,CS_NC_90d_094,EXP_CS_NC_90d,Normal Concrete,90,Compressive Strength,False,33.5,32.0486,-1.4514
TabPFN_Pretrained,V1_RAW,5,CS_BC_90d_094,EXP_CS_BC_90d,Bacterial Concrete,90,Compressive Strength,False,40.98,37.9661,-3.0139
TabPFN_Pretrained,V1_RAW,5,CS_NC_90d_095,EXP_CS_NC_90d,Normal Concrete,90,Compressive Strength,False,34.56,32.0486,-2.5114
TabPFN_Pretrained,V1_RAW,5,CS_BC_90d_095,EXP_CS_BC_90d,Bacterial Concrete,90,Compressive Strength,False,38.11,37.9661,-0.1439
TabPFN_Pretrained,V1_RAW,5,CS_NC_90d_096,EXP_CS_NC_90d,Normal Concrete,90,Compressive Strength,False,32.23,32.0486,-0.1814
TabPFN_Pretrained,V1_RAW,5,CS_BC_90d_096,EXP_CS_BC_90d,Bacterial Concrete,90,Compressive Strength,False,41.16,37.9661,-3.1939
TabPFN_Pretrained,V1_RAW,5,CS_NC_90d_097,EXP_CS_NC_90d,Normal Concrete,90,Compressive Strength,False,32.6,32.0486,-0.5514
TabPFN_Pretrained,V1_RAW,5,CS_BC_90d_097,EXP_CS_BC_90d,Bacterial Concrete,90,Compressive Strength,False,40.47,37.9661,-2.5039
TabPFN_Pretrained,V1_RAW,5,CS_NC_90d_098,EXP_CS_NC_90d,Normal Concrete,90,Compressive Strength,False,31.53,32.0486,0.5186
TabPFN_Pretrained,V1_RAW,5,CS_BC_90d_098,EXP_CS_BC_90d,Bacterial Concrete,90,Compressive Strength,False,41.33,37.9661,-3.3639
TabPFN_Pretrained,V1_RAW,5,CS_NC_90d_099,EXP_CS_NC_90d,Normal Concrete,90,Compressive Strength,False,32.33,32.0486,-0.2814
TabPFN_Pretrained,V1_RAW,5,CS_BC_90d_099,EXP_CS_BC_90d,Bacterial Concrete,90,Compressive Strength,False,40.84,37.9661,-2.8739
TabPFN_Pretrained,V1_RAW,5,CS_NC_90d_100,EXP_CS_NC_90d,Normal Concrete,90,Compressive Strength,False,33.57,32.0486,-1.5214
TabPFN_Pretrained,V1_RAW,5,CS_BC_90d_100,EXP_CS_BC_90d,Bacterial Concrete,90,Compressive Strength,False,42.55,37.9661,-4.5839
TabPFN_Pretrained,V1_RAW,5,FS_NC_07d_001,EXP_FS_NC_07d,Normal Concrete,7,Flexural Strength,False,3.043,3.624,0.581
TabPFN_Pretrained,V1_RAW,5,FS_NC_07d_002,EXP_FS_NC_07d,Normal Concrete,7,Flexural Strength,False,3.409,3.624,0.215
TabPFN_Pretrained,V1_RAW,5,FS_NC_07d_003,EXP_FS_NC_07d,Normal Concrete,7,Flexural Strength,False,3.009,3.624,0.615
TabPFN_Pretrained,V1_RAW,5,FS_NC_07d_004,EXP_FS_NC_07d,Normal Concrete,7,Flexural Strength,False,2.779,3.624,0.845
TabPFN_Pretrained,V1_RAW,5,FS_NC_07d_005,EXP_FS_NC_07d,Normal Concrete,7,Flexural Strength,False,2.714,3.624,0.91
TabPFN_Pretrained,V1_RAW,5,FS_NC_07d_006,EXP_FS_NC_07d,Normal Concrete,7,Flexural Strength,False,2.845,3.624,0.779
TabPFN_Pretrained,V1_RAW,5,FS_NC_07d_007,EXP_FS_NC_07d,Normal Concrete,7,Flexural Strength,False,2.663,3.624,0.961
TabPFN_Pretrained,V1_RAW,5,FS_NC_07d_008,EXP_FS_NC_07d,Normal Concrete,7,Flexural Strength,False,2.795,3.624,0.829
TabPFN_Pretrained,V1_RAW,5,FS_NC_07d_009,EXP_FS_NC_07d,Normal Concrete,7,Flexural Strength,False,2.966,3.624,0.658
TabPFN_Pretrained,V1_RAW,5,FS_NC_07d_010,EXP_FS_NC_07d,Normal Concrete,7,Flexural Strength,False,3.4,3.624,0.224
TabPFN_Pretrained,V1_RAW,5,FS_NC_07d_011,EXP_FS_NC_07d,Normal Concrete,7,Flexural Strength,False,2.929,3.624,0.695
TabPFN_Pretrained,V1_RAW,5,FS_NC_07d_012,EXP_FS_NC_07d,Normal Concrete,7,Flexural Strength,False,2.873,3.624,0.751
TabPFN_Pretrained,V1_RAW,5,FS_NC_07d_013,EXP_FS_NC_07d,Normal Concrete,7,Flexural Strength,False,3.017,3.624,0.607
TabPFN_Pretrained,V1_RAW,5,FS_NC_07d_014,EXP_FS_NC_07d,Normal Concrete,7,Flexural Strength,False,3.363,3.624,0.261
TabPFN_Pretrained,V1_RAW,5,FS_NC_07d_015,EXP_FS_NC_07d,Normal Concrete,7,Flexural Strength,False,2.59,3.624,1.034
TabPFN_Pretrained,V1_RAW,5,FS_NC_07d_016,EXP_FS_NC_07d,Normal Concrete,7,Flexural Strength,False,2.922,3.624,0.702
TabPFN_Pretrained,V1_RAW,5,FS_NC_07d_017,EXP_FS_NC_07d,Normal Concrete,7,Flexural Strength,False,2.782,3.624,0.842
TabPFN_Pretrained,V1_RAW,5,FS_NC_07d_018,EXP_FS_NC_07d,Normal Concrete,7,Flexural Strength,False,2.886,3.624,0.738
TabPFN_Pretrained,V1_RAW,5,FS_NC_07d_019,EXP_FS_NC_07d,Normal Concrete,7,Flexural Strength,False,2.969,3.624,0.655
TabPFN_Pretrained,V1_RAW,5,FS_NC_07d_020,EXP_FS_NC_07d,Normal Concrete,7,Flexural Strength,False,2.887,3.624,0.737
TabPFN_Pretrained,V1_RAW,5,FS_NC_07d_021,EXP_FS_NC_07d,Normal Concrete,7,Flexural Strength,False,2.727,3.624,0.897
TabPFN_Pretrained,V1_RAW,5,FS_NC_07d_022,EXP_FS_NC_07d,Normal Concrete,7,Flexural Strength,False,2.659,3.624,0.965
TabPFN_Pretrained,V1_RAW,5,FS_NC_07d_023,EXP_FS_NC_07d,Normal Concrete,7,Flexural Strength,False,2.959,3.624,0.665
TabPFN_Pretrained,V1_RAW,5,FS_NC_07d_024,EXP_FS_NC_07d,Normal Concrete,7,Flexural Strength,False,3.161,3.624,0.463
TabPFN_Pretrained,V1_RAW,5,FS_NC_07d_025,EXP_FS_NC_07d,Normal Concrete,7,Flexural Strength,False,3.204,3.624,0.42
TabPFN_Pretrained,V1_RAW,5,FS_NC_07d_026,EXP_FS_NC_07d,Normal Concrete,7,Flexural Strength,False,2.995,3.624,0.629
TabPFN_Pretrained,V1_RAW,5,FS_NC_07d_027,EXP_FS_NC_07d,Normal Concrete,7,Flexural Strength,False,3.108,3.624,0.516
TabPFN_Pretrained,V1_RAW,5,FS_NC_07d_028,EXP_FS_NC_07d,Normal Concrete,7,Flexural Strength,False,3.094,3.624,0.53
TabPFN_Pretrained,V1_RAW,5,FS_NC_07d_029,EXP_FS_NC_07d,Normal Concrete,7,Flexural Strength,False,2.778,3.624,0.846
TabPFN_Pretrained,V1_RAW,5,FS_NC_07d_030,EXP_FS_NC_07d,Normal Concrete,7,Flexural Strength,False,3.103,3.624,0.521
TabPFN_Pretrained,V1_RAW,5,FS_NC_07d_031,EXP_FS_NC_07d,Normal Concrete,7,Flexural Strength,False,2.742,3.624,0.882
TabPFN_Pretrained,V1_RAW,5,FS_NC_07d_032,EXP_FS_NC_07d,Normal Concrete,7,Flexural Strength,False,2.915,3.624,0.709
TabPFN_Pretrained,V1_RAW,5,FS_NC_07d_033,EXP_FS_NC_07d,Normal Concrete,7,Flexural Strength,False,2.489,3.624,1.135
TabPFN_Pretrained,V1_RAW,5,FS_NC_07d_034,EXP_FS_NC_07d,Normal Concrete,7,Flexural Strength,False,2.816,3.624,0.808
TabPFN_Pretrained,V1_RAW,5,FS_NC_07d_035,EXP_FS_NC_07d,Normal Concrete,7,Flexural Strength,False,3.34,3.624,0.284
TabPFN_Pretrained,V1_RAW,5,FS_NC_07d_036,EXP_FS_NC_07d,Normal Concrete,7,Flexural Strength,False,2.925,3.624,0.699
TabPFN_Pretrained,V1_RAW,5,FS_NC_07d_037,EXP_FS_NC_07d,Normal Concrete,7,Flexural Strength,False,2.892,3.624,0.732
TabPFN_Pretrained,V1_RAW,5,FS_NC_07d_038,EXP_FS_NC_07d,Normal Concrete,7,Flexural Strength,False,2.965,3.624,0.659
TabPFN_Pretrained,V1_RAW,5,FS_NC_07d_039,EXP_FS_NC_07d,Normal Concrete,7,Flexural Strength,False,3.091,3.624,0.533
TabPFN_Pretrained,V1_RAW,5,FS_NC_07d_040,EXP_FS_NC_07d,Normal Concrete,7,Flexural Strength,False,3.258,3.624,0.366
TabPFN_Pretrained,V1_RAW,5,FS_NC_07d_041,EXP_FS_NC_07d,Normal Concrete,7,Flexural Strength,False,3.194,3.624,0.43
TabPFN_Pretrained,V1_RAW,5,FS_NC_07d_042,EXP_FS_NC_07d,Normal Concrete,7,Flexural Strength,False,2.968,3.624,0.656
TabPFN_Pretrained,V1_RAW,5,FS_NC_07d_043,EXP_FS_NC_07d,Normal Concrete,7,Flexural Strength,False,3.024,3.624,0.6
TabPFN_Pretrained,V1_RAW,5,FS_NC_07d_044,EXP_FS_NC_07d,Normal Concrete,7,Flexural Strength,False,2.608,3.624,1.016
TabPFN_Pretrained,V1_RAW,5,FS_NC_07d_045,EXP_FS_NC_07d,Normal Concrete,7,Flexural Strength,False,2.909,3.624,0.715
TabPFN_Pretrained,V1_RAW,5,FS_NC_07d_046,EXP_FS_NC_07d,Normal Concrete,7,Flexural Strength,False,3.053,3.624,0.571
TabPFN_Pretrained,V1_RAW,5,FS_NC_07d_047,EXP_FS_NC_07d,Normal Concrete,7,Flexural Strength,False,3.066,3.624,0.558
TabPFN_Pretrained,V1_RAW,5,FS_NC_07d_048,EXP_FS_NC_07d,Normal Concrete,7,Flexural Strength,False,2.651,3.624,0.973
TabPFN_Pretrained,V1_RAW,5,FS_NC_07d_049,EXP_FS_NC_07d,Normal Concrete,7,Flexural Strength,False,3.05,3.624,0.574
TabPFN_Pretrained,V1_RAW,5,FS_NC_07d_050,EXP_FS_NC_07d,Normal Concrete,7,Flexural Strength,False,2.942,3.624,0.682
TabPFN_Pretrained,V1_RAW,5,FS_NC_07d_051,EXP_FS_NC_07d,Normal Concrete,7,Flexural Strength,False,3.034,3.624,0.59
TabPFN_Pretrained,V1_RAW,5,FS_NC_07d_052,EXP_FS_NC_07d,Normal Concrete,7,Flexural Strength,False,3.462,3.624,0.162
TabPFN_Pretrained,V1_RAW,5,FS_NC_07d_053,EXP_FS_NC_07d,Normal Concrete,7,Flexural Strength,False,3.266,3.624,0.358
TabPFN_Pretrained,V1_RAW,5,FS_NC_07d_054,EXP_FS_NC_07d,Normal Concrete,7,Flexural Strength,False,2.616,3.624,1.008
TabPFN_Pretrained,V1_RAW,5,FS_NC_07d_055,EXP_FS_NC_07d,Normal Concrete,7,Flexural Strength,False,3.019,3.624,0.605
TabPFN_Pretrained,V1_RAW,5,FS_NC_07d_056,EXP_FS_NC_07d,Normal Concrete,7,Flexural Strength,False,3.323,3.624,0.301
TabPFN_Pretrained,V1_RAW,5,FS_NC_07d_057,EXP_FS_NC_07d,Normal Concrete,7,Flexural Strength,False,3.242,3.624,0.382
TabPFN_Pretrained,V1_RAW,5,FS_NC_07d_058,EXP_FS_NC_07d,Normal Concrete,7,Flexural Strength,False,3.105,3.624,0.519
TabPFN_Pretrained,V1_RAW,5,FS_NC_07d_059,EXP_FS_NC_07d,Normal Concrete,7,Flexural Strength,False,3.449,3.624,0.175
TabPFN_Pretrained,V1_RAW,5,FS_NC_07d_060,EXP_FS_NC_07d,Normal Concrete,7,Flexural Strength,False,2.955,3.624,0.669
TabPFN_Pretrained,V1_RAW,5,FS_NC_07d_061,EXP_FS_NC_07d,Normal Concrete,7,Flexural Strength,False,3.246,3.624,0.378
TabPFN_Pretrained,V1_RAW,5,FS_NC_07d_062,EXP_FS_NC_07d,Normal Concrete,7,Flexural Strength,False,3.184,3.624,0.44
TabPFN_Pretrained,V1_RAW,5,FS_NC_07d_063,EXP_FS_NC_07d,Normal Concrete,7,Flexural Strength,False,2.782,3.624,0.842
TabPFN_Pretrained,V1_RAW,5,FS_NC_07d_064,EXP_FS_NC_07d,Normal Concrete,7,Flexural Strength,False,3.081,3.624,0.543
TabPFN_Pretrained,V1_RAW,5,FS_NC_07d_065,EXP_FS_NC_07d,Normal Concrete,7,Flexural Strength,False,2.428,3.624,1.196
TabPFN_Pretrained,V1_RAW,5,FS_NC_07d_066,EXP_FS_NC_07d,Normal Concrete,7,Flexural Strength,False,3.324,3.624,0.3
TabPFN_Pretrained,V1_RAW,5,FS_NC_07d_067,EXP_FS_NC_07d,Normal Concrete,7,Flexural Strength,False,3.104,3.624,0.52
TabPFN_Pretrained,V1_RAW,5,FS_NC_07d_068,EXP_FS_NC_07d,Normal Concrete,7,Flexural Strength,False,3.13,3.624,0.494
TabPFN_Pretrained,V1_RAW,5,FS_NC_07d_069,EXP_FS_NC_07d,Normal Concrete,7,Flexural Strength,False,3.127,3.624,0.497
TabPFN_Pretrained,V1_RAW,5,FS_NC_07d_070,EXP_FS_NC_07d,Normal Concrete,7,Flexural Strength,False,2.91,3.624,0.714
TabPFN_Pretrained,V1_RAW,5,FS_NC_07d_071,EXP_FS_NC_07d,Normal Concrete,7,Flexural Strength,False,2.67,3.624,0.954
TabPFN_Pretrained,V1_RAW,5,FS_NC_07d_072,EXP_FS_NC_07d,Normal Concrete,7,Flexural Strength,False,2.941,3.624,0.683
TabPFN_Pretrained,V1_RAW,5,FS_NC_07d_073,EXP_FS_NC_07d,Normal Concrete,7,Flexural Strength,False,3.172,3.624,0.452
TabPFN_Pretrained,V1_RAW,5,FS_NC_07d_074,EXP_FS_NC_07d,Normal Concrete,7,Flexural Strength,False,3.025,3.624,0.599
TabPFN_Pretrained,V1_RAW,5,FS_NC_07d_075,EXP_FS_NC_07d,Normal Concrete,7,Flexural Strength,False,3.226,3.624,0.398
TabPFN_Pretrained,V1_RAW,5,FS_NC_07d_076,EXP_FS_NC_07d,Normal Concrete,7,Flexural Strength,False,2.703,3.624,0.921
TabPFN_Pretrained,V1_RAW,5,FS_NC_07d_077,EXP_FS_NC_07d,Normal Concrete,7,Flexural Strength,False,3.068,3.624,0.556
TabPFN_Pretrained,V1_RAW,5,FS_NC_07d_078,EXP_FS_NC_07d,Normal Concrete,7,Flexural Strength,False,2.969,3.624,0.655
TabPFN_Pretrained,V1_RAW,5,FS_NC_07d_079,EXP_FS_NC_07d,Normal Concrete,7,Flexural Strength,False,3.266,3.624,0.358
TabPFN_Pretrained,V1_RAW,5,FS_NC_07d_080,EXP_FS_NC_07d,Normal Concrete,7,Flexural Strength,False,3.223,3.624,0.401
TabPFN_Pretrained,V1_RAW,5,FS_NC_07d_081,EXP_FS_NC_07d,Normal Concrete,7,Flexural Strength,False,2.928,3.624,0.696
TabPFN_Pretrained,V1_RAW,5,FS_NC_07d_082,EXP_FS_NC_07d,Normal Concrete,7,Flexural Strength,False,2.995,3.624,0.629
TabPFN_Pretrained,V1_RAW,5,FS_NC_07d_083,EXP_FS_NC_07d,Normal Concrete,7,Flexural Strength,False,3.23,3.624,0.394
TabPFN_Pretrained,V1_RAW,5,FS_NC_07d_084,EXP_FS_NC_07d,Normal Concrete,7,Flexural Strength,False,2.823,3.624,0.801
TabPFN_Pretrained,V1_RAW,5,FS_NC_07d_085,EXP_FS_NC_07d,Normal Concrete,7,Flexural Strength,False,2.788,3.624,0.836
TabPFN_Pretrained,V1_RAW,5,FS_NC_07d_086,EXP_FS_NC_07d,Normal Concrete,7,Flexural Strength,False,2.731,3.624,0.893
TabPFN_Pretrained,V1_RAW,5,FS_NC_07d_087,EXP_FS_NC_07d,Normal Concrete,7,Flexural Strength,False,3.012,3.624,0.612
TabPFN_Pretrained,V1_RAW,5,FS_NC_07d_088,EXP_FS_NC_07d,Normal Concrete,7,Flexural Strength,False,2.885,3.624,0.739
TabPFN_Pretrained,V1_RAW,5,FS_NC_07d_089,EXP_FS_NC_07d,Normal Concrete,7,Flexural Strength,False,2.799,3.624,0.825
TabPFN_Pretrained,V1_RAW,5,FS_NC_07d_090,EXP_FS_NC_07d,Normal Concrete,7,Flexural Strength,False,2.856,3.624,0.768
TabPFN_Pretrained,V1_RAW,5,FS_NC_07d_091,EXP_FS_NC_07d,Normal Concrete,7,Flexural Strength,False,3.197,3.624,0.427
TabPFN_Pretrained,V1_RAW,5,FS_NC_07d_092,EXP_FS_NC_07d,Normal Concrete,7,Flexural Strength,False,2.688,3.624,0.936
TabPFN_Pretrained,V1_RAW,5,FS_NC_07d_093,EXP_FS_NC_07d,Normal Concrete,7,Flexural Strength,False,3.181,3.624,0.443
TabPFN_Pretrained,V1_RAW,5,FS_NC_07d_094,EXP_FS_NC_07d,Normal Concrete,7,Flexural Strength,False,2.998,3.624,0.626
TabPFN_Pretrained,V1_RAW,5,FS_NC_07d_095,EXP_FS_NC_07d,Normal Concrete,7,Flexural Strength,False,3.743,3.624,-0.119
TabPFN_Pretrained,V1_RAW,5,FS_NC_07d_096,EXP_FS_NC_07d,Normal Concrete,7,Flexural Strength,False,2.969,3.624,0.655
TabPFN_Pretrained,V1_RAW,5,FS_NC_07d_097,EXP_FS_NC_07d,Normal Concrete,7,Flexural Strength,False,3.316,3.624,0.308
TabPFN_Pretrained,V1_RAW,5,FS_NC_07d_098,EXP_FS_NC_07d,Normal Concrete,7,Flexural Strength,False,3.002,3.624,0.622
TabPFN_Pretrained,V1_RAW,5,FS_NC_07d_099,EXP_FS_NC_07d,Normal Concrete,7,Flexural Strength,False,2.551,3.624,1.073
TabPFN_Pretrained,V1_RAW,5,FS_NC_07d_100,EXP_FS_NC_07d,Normal Concrete,7,Flexural Strength,False,2.866,3.624,0.758
TabPFN_Pretrained,V1_RAW,5,TS_NC_07d_001,EXP_TS_NC_07d,Normal Concrete,7,Split Tensile Strength,False,1.637,2.2367,0.5997
TabPFN_Pretrained,V1_RAW,5,TS_NC_07d_002,EXP_TS_NC_07d,Normal Concrete,7,Split Tensile Strength,False,1.95,2.2367,0.2867
TabPFN_Pretrained,V1_RAW,5,TS_NC_07d_003,EXP_TS_NC_07d,Normal Concrete,7,Split Tensile Strength,False,1.842,2.2367,0.3947
TabPFN_Pretrained,V1_RAW,5,TS_NC_07d_004,EXP_TS_NC_07d,Normal Concrete,7,Split Tensile Strength,False,1.574,2.2367,0.6627
TabPFN_Pretrained,V1_RAW,5,TS_NC_07d_005,EXP_TS_NC_07d,Normal Concrete,7,Split Tensile Strength,False,1.713,2.2367,0.5237
TabPFN_Pretrained,V1_RAW,5,TS_NC_07d_006,EXP_TS_NC_07d,Normal Concrete,7,Split Tensile Strength,False,2.048,2.2367,0.1887
TabPFN_Pretrained,V1_RAW,5,TS_NC_07d_007,EXP_TS_NC_07d,Normal Concrete,7,Split Tensile Strength,False,1.436,2.2367,0.8007
TabPFN_Pretrained,V1_RAW,5,TS_NC_07d_008,EXP_TS_NC_07d,Normal Concrete,7,Split Tensile Strength,False,1.736,2.2367,0.5007
TabPFN_Pretrained,V1_RAW,5,TS_NC_07d_009,EXP_TS_NC_07d,Normal Concrete,7,Split Tensile Strength,False,1.99,2.2367,0.2467
TabPFN_Pretrained,V1_RAW,5,TS_NC_07d_010,EXP_TS_NC_07d,Normal Concrete,7,Split Tensile Strength,False,1.67,2.2367,0.5667
TabPFN_Pretrained,V1_RAW,5,TS_NC_07d_011,EXP_TS_NC_07d,Normal Concrete,7,Split Tensile Strength,False,1.698,2.2367,0.5387
TabPFN_Pretrained,V1_RAW,5,TS_NC_07d_012,EXP_TS_NC_07d,Normal Concrete,7,Split Tensile Strength,False,1.786,2.2367,0.4507
TabPFN_Pretrained,V1_RAW,5,TS_NC_07d_013,EXP_TS_NC_07d,Normal Concrete,7,Split Tensile Strength,False,2.024,2.2367,0.2127
TabPFN_Pretrained,V1_RAW,5,TS_NC_07d_014,EXP_TS_NC_07d,Normal Concrete,7,Split Tensile Strength,False,1.704,2.2367,0.5327
TabPFN_Pretrained,V1_RAW,5,TS_NC_07d_015,EXP_TS_NC_07d,Normal Concrete,7,Split Tensile Strength,False,1.733,2.2367,0.5037
TabPFN_Pretrained,V1_RAW,5,TS_NC_07d_016,EXP_TS_NC_07d,Normal Concrete,7,Split Tensile Strength,False,1.735,2.2367,0.5017
TabPFN_Pretrained,V1_RAW,5,TS_NC_07d_017,EXP_TS_NC_07d,Normal Concrete,7,Split Tensile Strength,False,2.131,2.2367,0.1057
TabPFN_Pretrained,V1_RAW,5,TS_NC_07d_018,EXP_TS_NC_07d,Normal Concrete,7,Split Tensile Strength,False,2.128,2.2367,0.1087
TabPFN_Pretrained,V1_RAW,5,TS_NC_07d_019,EXP_TS_NC_07d,Normal Concrete,7,Split Tensile Strength,False,1.951,2.2367,0.2857
TabPFN_Pretrained,V1_RAW,5,TS_NC_07d_020,EXP_TS_NC_07d,Normal Concrete,7,Split Tensile Strength,False,1.858,2.2367,0.3787
TabPFN_Pretrained,V1_RAW,5,TS_NC_07d_021,EXP_TS_NC_07d,Normal Concrete,7,Split Tensile Strength,False,1.911,2.2367,0.3257
TabPFN_Pretrained,V1_RAW,5,TS_NC_07d_022,EXP_TS_NC_07d,Normal Concrete,7,Split Tensile Strength,False,2.024,2.2367,0.2127
TabPFN_Pretrained,V1_RAW,5,TS_NC_07d_023,EXP_TS_NC_07d,Normal Concrete,7,Split Tensile Strength,False,1.66,2.2367,0.5767
TabPFN_Pretrained,V1_RAW,5,TS_NC_07d_024,EXP_TS_NC_07d,Normal Concrete,7,Split Tensile Strength,False,1.976,2.2367,0.2607
TabPFN_Pretrained,V1_RAW,5,TS_NC_07d_025,EXP_TS_NC_07d,Normal Concrete,7,Split Tensile Strength,False,1.612,2.2367,0.6247
TabPFN_Pretrained,V1_RAW,5,TS_NC_07d_026,EXP_TS_NC_07d,Normal Concrete,7,Split Tensile Strength,False,1.704,2.2367,0.5327
TabPFN_Pretrained,V1_RAW,5,TS_NC_07d_027,EXP_TS_NC_07d,Normal Concrete,7,Split Tensile Strength,False,1.936,2.2367,0.3007
TabPFN_Pretrained,V1_RAW,5,TS_NC_07d_028,EXP_TS_NC_07d,Normal Concrete,7,Split Tensile Strength,False,1.586,2.2367,0.6507
TabPFN_Pretrained,V1_RAW,5,TS_NC_07d_029,EXP_TS_NC_07d,Normal Concrete,7,Split Tensile Strength,False,1.779,2.2367,0.4577
TabPFN_Pretrained,V1_RAW,5,TS_NC_07d_030,EXP_TS_NC_07d,Normal Concrete,7,Split Tensile Strength,False,1.671,2.2367,0.5657
TabPFN_Pretrained,V1_RAW,5,TS_NC_07d_031,EXP_TS_NC_07d,Normal Concrete,7,Split Tensile Strength,False,1.762,2.2367,0.4747
TabPFN_Pretrained,V1_RAW,5,TS_NC_07d_032,EXP_TS_NC_07d,Normal Concrete,7,Split Tensile Strength,False,1.38,2.2367,0.8567
TabPFN_Pretrained,V1_RAW,5,TS_NC_07d_033,EXP_TS_NC_07d,Normal Concrete,7,Split Tensile Strength,False,1.534,2.2367,0.7027
TabPFN_Pretrained,V1_RAW,5,TS_NC_07d_034,EXP_TS_NC_07d,Normal Concrete,7,Split Tensile Strength,False,1.695,2.2367,0.5417
TabPFN_Pretrained,V1_RAW,5,TS_NC_07d_035,EXP_TS_NC_07d,Normal Concrete,7,Split Tensile Strength,False,1.939,2.2367,0.2977
TabPFN_Pretrained,V1_RAW,5,TS_NC_07d_036,EXP_TS_NC_07d,Normal Concrete,7,Split Tensile Strength,False,1.774,2.2367,0.4627
TabPFN_Pretrained,V1_RAW,5,TS_NC_07d_037,EXP_TS_NC_07d,Normal Concrete,7,Split Tensile Strength,False,1.8,2.2367,0.4367
TabPFN_Pretrained,V1_RAW,5,TS_NC_07d_038,EXP_TS_NC_07d,Normal Concrete,7,Split Tensile Strength,False,1.903,2.2367,0.3337
TabPFN_Pretrained,V1_RAW,5,TS_NC_07d_039,EXP_TS_NC_07d,Normal Concrete,7,Split Tensile Strength,False,1.668,2.2367,0.5687
TabPFN_Pretrained,V1_RAW,5,TS_NC_07d_040,EXP_TS_NC_07d,Normal Concrete,7,Split Tensile Strength,False,1.843,2.2367,0.3937
TabPFN_Pretrained,V1_RAW,5,TS_NC_07d_041,EXP_TS_NC_07d,Normal Concrete,7,Split Tensile Strength,False,1.679,2.2367,0.5577
TabPFN_Pretrained,V1_RAW,5,TS_NC_07d_042,EXP_TS_NC_07d,Normal Concrete,7,Split Tensile Strength,False,1.541,2.2367,0.6957
TabPFN_Pretrained,V1_RAW,5,TS_NC_07d_043,EXP_TS_NC_07d,Normal Concrete,7,Split Tensile Strength,False,1.741,2.2367,0.4957
TabPFN_Pretrained,V1_RAW,5,TS_NC_07d_044,EXP_TS_NC_07d,Normal Concrete,7,Split Tensile Strength,False,1.886,2.2367,0.3507
TabPFN_Pretrained,V1_RAW,5,TS_NC_07d_045,EXP_TS_NC_07d,Normal Concrete,7,Split Tensile Strength,False,1.851,2.2367,0.3857
TabPFN_Pretrained,V1_RAW,5,TS_NC_07d_046,EXP_TS_NC_07d,Normal Concrete,7,Split Tensile Strength,False,1.798,2.2367,0.4387
TabPFN_Pretrained,V1_RAW,5,TS_NC_07d_047,EXP_TS_NC_07d,Normal Concrete,7,Split Tensile Strength,False,2.159,2.2367,0.0777
TabPFN_Pretrained,V1_RAW,5,TS_NC_07d_048,EXP_TS_NC_07d,Normal Concrete,7,Split Tensile Strength,False,1.862,2.2367,0.3747
TabPFN_Pretrained,V1_RAW,5,TS_NC_07d_049,EXP_TS_NC_07d,Normal Concrete,7,Split Tensile Strength,False,1.947,2.2367,0.2897
TabPFN_Pretrained,V1_RAW,5,TS_NC_07d_050,EXP_TS_NC_07d,Normal Concrete,7,Split Tensile Strength,False,2.136,2.2367,0.1007
TabPFN_Pretrained,V1_RAW,5,TS_NC_07d_051,EXP_TS_NC_07d,Normal Concrete,7,Split Tensile Strength,False,1.606,2.2367,0.6307
TabPFN_Pretrained,V1_RAW,5,TS_NC_07d_052,EXP_TS_NC_07d,Normal Concrete,7,Split Tensile Strength,False,1.644,2.2367,0.5927
TabPFN_Pretrained,V1_RAW,5,TS_NC_07d_053,EXP_TS_NC_07d,Normal Concrete,7,Split Tensile Strength,False,2.062,2.2367,0.1747
TabPFN_Pretrained,V1_RAW,5,TS_NC_07d_054,EXP_TS_NC_07d,Normal Concrete,7,Split Tensile Strength,False,1.68,2.2367,0.5567
TabPFN_Pretrained,V1_RAW,5,TS_NC_07d_055,EXP_TS_NC_07d,Normal Concrete,7,Split Tensile Strength,False,1.804,2.2367,0.4327
TabPFN_Pretrained,V1_RAW,5,TS_NC_07d_056,EXP_TS_NC_07d,Normal Concrete,7,Split Tensile Strength,False,1.96,2.2367,0.2767
TabPFN_Pretrained,V1_RAW,5,TS_NC_07d_057,EXP_TS_NC_07d,Normal Concrete,7,Split Tensile Strength,False,1.934,2.2367,0.3027
TabPFN_Pretrained,V1_RAW,5,TS_NC_07d_058,EXP_TS_NC_07d,Normal Concrete,7,Split Tensile Strength,False,2.063,2.2367,0.1737
TabPFN_Pretrained,V1_RAW,5,TS_NC_07d_059,EXP_TS_NC_07d,Normal Concrete,7,Split Tensile Strength,False,2.024,2.2367,0.2127
TabPFN_Pretrained,V1_RAW,5,TS_NC_07d_060,EXP_TS_NC_07d,Normal Concrete,7,Split Tensile Strength,False,1.96,2.2367,0.2767
TabPFN_Pretrained,V1_RAW,5,TS_NC_07d_061,EXP_TS_NC_07d,Normal Concrete,7,Split Tensile Strength,False,1.684,2.2367,0.5527
TabPFN_Pretrained,V1_RAW,5,TS_NC_07d_062,EXP_TS_NC_07d,Normal Concrete,7,Split Tensile Strength,False,1.919,2.2367,0.3177
TabPFN_Pretrained,V1_RAW,5,TS_NC_07d_063,EXP_TS_NC_07d,Normal Concrete,7,Split Tensile Strength,False,1.847,2.2367,0.3897
TabPFN_Pretrained,V1_RAW,5,TS_NC_07d_064,EXP_TS_NC_07d,Normal Concrete,7,Split Tensile Strength,False,1.601,2.2367,0.6357
TabPFN_Pretrained,V1_RAW,5,TS_NC_07d_065,EXP_TS_NC_07d,Normal Concrete,7,Split Tensile Strength,False,2.013,2.2367,0.2237
TabPFN_Pretrained,V1_RAW,5,TS_NC_07d_066,EXP_TS_NC_07d,Normal Concrete,7,Split Tensile Strength,False,1.921,2.2367,0.3157
TabPFN_Pretrained,V1_RAW,5,TS_NC_07d_067,EXP_TS_NC_07d,Normal Concrete,7,Split Tensile Strength,False,1.807,2.2367,0.4297
TabPFN_Pretrained,V1_RAW,5,TS_NC_07d_068,EXP_TS_NC_07d,Normal Concrete,7,Split Tensile Strength,False,1.765,2.2367,0.4717
TabPFN_Pretrained,V1_RAW,5,TS_NC_07d_069,EXP_TS_NC_07d,Normal Concrete,7,Split Tensile Strength,False,1.62,2.2367,0.6167
TabPFN_Pretrained,V1_RAW,5,TS_NC_07d_070,EXP_TS_NC_07d,Normal Concrete,7,Split Tensile Strength,False,1.83,2.2367,0.4067
TabPFN_Pretrained,V1_RAW,5,TS_NC_07d_071,EXP_TS_NC_07d,Normal Concrete,7,Split Tensile Strength,False,1.87,2.2367,0.3667
TabPFN_Pretrained,V1_RAW,5,TS_NC_07d_072,EXP_TS_NC_07d,Normal Concrete,7,Split Tensile Strength,False,1.675,2.2367,0.5617
TabPFN_Pretrained,V1_RAW,5,TS_NC_07d_073,EXP_TS_NC_07d,Normal Concrete,7,Split Tensile Strength,False,1.974,2.2367,0.2627
TabPFN_Pretrained,V1_RAW,5,TS_NC_07d_074,EXP_TS_NC_07d,Normal Concrete,7,Split Tensile Strength,False,1.635,2.2367,0.6017
TabPFN_Pretrained,V1_RAW,5,TS_NC_07d_075,EXP_TS_NC_07d,Normal Concrete,7,Split Tensile Strength,False,1.482,2.2367,0.7547
TabPFN_Pretrained,V1_RAW,5,TS_NC_07d_076,EXP_TS_NC_07d,Normal Concrete,7,Split Tensile Strength,False,1.956,2.2367,0.2807
TabPFN_Pretrained,V1_RAW,5,TS_NC_07d_077,EXP_TS_NC_07d,Normal Concrete,7,Split Tensile Strength,False,1.739,2.2367,0.4977
TabPFN_Pretrained,V1_RAW,5,TS_NC_07d_078,EXP_TS_NC_07d,Normal Concrete,7,Split Tensile Strength,False,1.781,2.2367,0.4557
TabPFN_Pretrained,V1_RAW,5,TS_NC_07d_079,EXP_TS_NC_07d,Normal Concrete,7,Split Tensile Strength,False,1.674,2.2367,0.5627
TabPFN_Pretrained,V1_RAW,5,TS_NC_07d_080,EXP_TS_NC_07d,Normal Concrete,7,Split Tensile Strength,False,1.559,2.2367,0.6777
TabPFN_Pretrained,V1_RAW,5,TS_NC_07d_081,EXP_TS_NC_07d,Normal Concrete,7,Split Tensile Strength,False,1.988,2.2367,0.2487
TabPFN_Pretrained,V1_RAW,5,TS_NC_07d_082,EXP_TS_NC_07d,Normal Concrete,7,Split Tensile Strength,False,1.697,2.2367,0.5397
TabPFN_Pretrained,V1_RAW,5,TS_NC_07d_083,EXP_TS_NC_07d,Normal Concrete,7,Split Tensile Strength,False,2.049,2.2367,0.1877
TabPFN_Pretrained,V1_RAW,5,TS_NC_07d_084,EXP_TS_NC_07d,Normal Concrete,7,Split Tensile Strength,False,1.921,2.2367,0.3157
TabPFN_Pretrained,V1_RAW,5,TS_NC_07d_085,EXP_TS_NC_07d,Normal Concrete,7,Split Tensile Strength,False,1.753,2.2367,0.4837
TabPFN_Pretrained,V1_RAW,5,TS_NC_07d_086,EXP_TS_NC_07d,Normal Concrete,7,Split Tensile Strength,False,1.637,2.2367,0.5997
TabPFN_Pretrained,V1_RAW,5,TS_NC_07d_087,EXP_TS_NC_07d,Normal Concrete,7,Split Tensile Strength,False,1.69,2.2367,0.5467
TabPFN_Pretrained,V1_RAW,5,TS_NC_07d_088,EXP_TS_NC_07d,Normal Concrete,7,Split Tensile Strength,False,1.618,2.2367,0.6187
TabPFN_Pretrained,V1_RAW,5,TS_NC_07d_089,EXP_TS_NC_07d,Normal Concrete,7,Split Tensile Strength,False,2.113,2.2367,0.1237
TabPFN_Pretrained,V1_RAW,5,TS_NC_07d_090,EXP_TS_NC_07d,Normal Concrete,7,Split Tensile Strength,False,1.825,2.2367,0.4117
TabPFN_Pretrained,V1_RAW,5,TS_NC_07d_091,EXP_TS_NC_07d,Normal Concrete,7,Split Tensile Strength,False,1.973,2.2367,0.2637
TabPFN_Pretrained,V1_RAW,5,TS_NC_07d_092,EXP_TS_NC_07d,Normal Concrete,7,Split Tensile Strength,False,1.61,2.2367,0.6267
TabPFN_Pretrained,V1_RAW,5,TS_NC_07d_093,EXP_TS_NC_07d,Normal Concrete,7,Split Tensile Strength,False,1.827,2.2367,0.4097
TabPFN_Pretrained,V1_RAW,5,TS_NC_07d_094,EXP_TS_NC_07d,Normal Concrete,7,Split Tensile Strength,False,1.977,2.2367,0.2597
TabPFN_Pretrained,V1_RAW,5,TS_NC_07d_095,EXP_TS_NC_07d,Normal Concrete,7,Split Tensile Strength,False,1.75,2.2367,0.4867
TabPFN_Pretrained,V1_RAW,5,TS_NC_07d_096,EXP_TS_NC_07d,Normal Concrete,7,Split Tensile Strength,False,1.955,2.2367,0.2817
TabPFN_Pretrained,V1_RAW,5,TS_NC_07d_097,EXP_TS_NC_07d,Normal Concrete,7,Split Tensile Strength,False,1.637,2.2367,0.5997
TabPFN_Pretrained,V1_RAW,5,TS_NC_07d_098,EXP_TS_NC_07d,Normal Concrete,7,Split Tensile Strength,False,1.595,2.2367,0.6417
TabPFN_Pretrained,V1_RAW,5,TS_NC_07d_099,EXP_TS_NC_07d,Normal Concrete,7,Split Tensile Strength,False,1.857,2.2367,0.3797
TabPFN_Pretrained,V1_RAW,5,TS_NC_07d_100,EXP_TS_NC_07d,Normal Concrete,7,Split Tensile Strength,False,1.743,2.2367,0.4937
TabPFN_Pretrained,V1_RAW,5,TS_BC_07d_001,EXP_TS_BC_07d,Bacterial Concrete,7,Split Tensile Strength,False,2.271,2.573,0.302
TabPFN_Pretrained,V1_RAW,5,TS_BC_07d_002,EXP_TS_BC_07d,Bacterial Concrete,7,Split Tensile Strength,False,1.982,2.573,0.591
TabPFN_Pretrained,V1_RAW,5,TS_BC_07d_003,EXP_TS_BC_07d,Bacterial Concrete,7,Split Tensile Strength,False,2.14,2.573,0.433
TabPFN_Pretrained,V1_RAW,5,TS_BC_07d_004,EXP_TS_BC_07d,Bacterial Concrete,7,Split Tensile Strength,False,2.044,2.573,0.529
TabPFN_Pretrained,V1_RAW,5,TS_BC_07d_005,EXP_TS_BC_07d,Bacterial Concrete,7,Split Tensile Strength,False,2.276,2.573,0.297
TabPFN_Pretrained,V1_RAW,5,TS_BC_07d_006,EXP_TS_BC_07d,Bacterial Concrete,7,Split Tensile Strength,False,2.145,2.573,0.428
TabPFN_Pretrained,V1_RAW,5,TS_BC_07d_007,EXP_TS_BC_07d,Bacterial Concrete,7,Split Tensile Strength,False,2.394,2.573,0.179
TabPFN_Pretrained,V1_RAW,5,TS_BC_07d_008,EXP_TS_BC_07d,Bacterial Concrete,7,Split Tensile Strength,False,1.937,2.573,0.636
TabPFN_Pretrained,V1_RAW,5,TS_BC_07d_009,EXP_TS_BC_07d,Bacterial Concrete,7,Split Tensile Strength,False,2.162,2.573,0.411
TabPFN_Pretrained,V1_RAW,5,TS_BC_07d_010,EXP_TS_BC_07d,Bacterial Concrete,7,Split Tensile Strength,False,2.107,2.573,0.466
TabPFN_Pretrained,V1_RAW,5,TS_BC_07d_011,EXP_TS_BC_07d,Bacterial Concrete,7,Split Tensile Strength,False,2.142,2.573,0.431
TabPFN_Pretrained,V1_RAW,5,TS_BC_07d_012,EXP_TS_BC_07d,Bacterial Concrete,7,Split Tensile Strength,False,2.339,2.573,0.234
TabPFN_Pretrained,V1_RAW,5,TS_BC_07d_013,EXP_TS_BC_07d,Bacterial Concrete,7,Split Tensile Strength,False,2.188,2.573,0.385
TabPFN_Pretrained,V1_RAW,5,TS_BC_07d_014,EXP_TS_BC_07d,Bacterial Concrete,7,Split Tensile Strength,False,1.928,2.573,0.645
TabPFN_Pretrained,V1_RAW,5,TS_BC_07d_015,EXP_TS_BC_07d,Bacterial Concrete,7,Split Tensile Strength,False,2.18,2.573,0.393
TabPFN_Pretrained,V1_RAW,5,TS_BC_07d_016,EXP_TS_BC_07d,Bacterial Concrete,7,Split Tensile Strength,False,2.038,2.573,0.535
TabPFN_Pretrained,V1_RAW,5,TS_BC_07d_017,EXP_TS_BC_07d,Bacterial Concrete,7,Split Tensile Strength,False,2.029,2.573,0.544
TabPFN_Pretrained,V1_RAW,5,TS_BC_07d_018,EXP_TS_BC_07d,Bacterial Concrete,7,Split Tensile Strength,False,2.257,2.573,0.316
TabPFN_Pretrained,V1_RAW,5,TS_BC_07d_019,EXP_TS_BC_07d,Bacterial Concrete,7,Split Tensile Strength,False,2.01,2.573,0.563
TabPFN_Pretrained,V1_RAW,5,TS_BC_07d_020,EXP_TS_BC_07d,Bacterial Concrete,7,Split Tensile Strength,False,2.043,2.573,0.53
TabPFN_Pretrained,V1_RAW,5,TS_BC_07d_021,EXP_TS_BC_07d,Bacterial Concrete,7,Split Tensile Strength,False,2.105,2.573,0.468
TabPFN_Pretrained,V1_RAW,5,TS_BC_07d_022,EXP_TS_BC_07d,Bacterial Concrete,7,Split Tensile Strength,False,2.242,2.573,0.331
TabPFN_Pretrained,V1_RAW,5,TS_BC_07d_023,EXP_TS_BC_07d,Bacterial Concrete,7,Split Tensile Strength,False,2.187,2.573,0.386
TabPFN_Pretrained,V1_RAW,5,TS_BC_07d_024,EXP_TS_BC_07d,Bacterial Concrete,7,Split Tensile Strength,False,2.065,2.573,0.508
TabPFN_Pretrained,V1_RAW,5,TS_BC_07d_025,EXP_TS_BC_07d,Bacterial Concrete,7,Split Tensile Strength,False,2.059,2.573,0.514
TabPFN_Pretrained,V1_RAW,5,TS_BC_07d_026,EXP_TS_BC_07d,Bacterial Concrete,7,Split Tensile Strength,False,1.926,2.573,0.647
TabPFN_Pretrained,V1_RAW,5,TS_BC_07d_027,EXP_TS_BC_07d,Bacterial Concrete,7,Split Tensile Strength,False,1.986,2.573,0.587
TabPFN_Pretrained,V1_RAW,5,TS_BC_07d_028,EXP_TS_BC_07d,Bacterial Concrete,7,Split Tensile Strength,False,2.002,2.573,0.571
TabPFN_Pretrained,V1_RAW,5,TS_BC_07d_029,EXP_TS_BC_07d,Bacterial Concrete,7,Split Tensile Strength,False,2.078,2.573,0.495
TabPFN_Pretrained,V1_RAW,5,TS_BC_07d_030,EXP_TS_BC_07d,Bacterial Concrete,7,Split Tensile Strength,False,2.398,2.573,0.175
TabPFN_Pretrained,V1_RAW,5,TS_BC_07d_031,EXP_TS_BC_07d,Bacterial Concrete,7,Split Tensile Strength,False,1.999,2.573,0.574
TabPFN_Pretrained,V1_RAW,5,TS_BC_07d_032,EXP_TS_BC_07d,Bacterial Concrete,7,Split Tensile Strength,False,2.056,2.573,0.517
TabPFN_Pretrained,V1_RAW,5,TS_BC_07d_033,EXP_TS_BC_07d,Bacterial Concrete,7,Split Tensile Strength,False,1.792,2.573,0.781
TabPFN_Pretrained,V1_RAW,5,TS_BC_07d_034,EXP_TS_BC_07d,Bacterial Concrete,7,Split Tensile Strength,False,2.19,2.573,0.383
TabPFN_Pretrained,V1_RAW,5,TS_BC_07d_035,EXP_TS_BC_07d,Bacterial Concrete,7,Split Tensile Strength,False,1.863,2.573,0.71
TabPFN_Pretrained,V1_RAW,5,TS_BC_07d_036,EXP_TS_BC_07d,Bacterial Concrete,7,Split Tensile Strength,False,1.964,2.573,0.609
TabPFN_Pretrained,V1_RAW,5,TS_BC_07d_037,EXP_TS_BC_07d,Bacterial Concrete,7,Split Tensile Strength,False,2.256,2.573,0.317
TabPFN_Pretrained,V1_RAW,5,TS_BC_07d_038,EXP_TS_BC_07d,Bacterial Concrete,7,Split Tensile Strength,False,1.784,2.573,0.789
TabPFN_Pretrained,V1_RAW,5,TS_BC_07d_039,EXP_TS_BC_07d,Bacterial Concrete,7,Split Tensile Strength,False,2.114,2.573,0.459
TabPFN_Pretrained,V1_RAW,5,TS_BC_07d_040,EXP_TS_BC_07d,Bacterial Concrete,7,Split Tensile Strength,False,2.22,2.573,0.353
TabPFN_Pretrained,V1_RAW,5,TS_BC_07d_041,EXP_TS_BC_07d,Bacterial Concrete,7,Split Tensile Strength,False,2.329,2.573,0.244
TabPFN_Pretrained,V1_RAW,5,TS_BC_07d_042,EXP_TS_BC_07d,Bacterial Concrete,7,Split Tensile Strength,False,1.962,2.573,0.611
TabPFN_Pretrained,V1_RAW,5,TS_BC_07d_043,EXP_TS_BC_07d,Bacterial Concrete,7,Split Tensile Strength,False,2.006,2.573,0.567
TabPFN_Pretrained,V1_RAW,5,TS_BC_07d_044,EXP_TS_BC_07d,Bacterial Concrete,7,Split Tensile Strength,False,2.371,2.573,0.202
TabPFN_Pretrained,V1_RAW,5,TS_BC_07d_045,EXP_TS_BC_07d,Bacterial Concrete,7,Split Tensile Strength,False,2.096,2.573,0.477
TabPFN_Pretrained,V1_RAW,5,TS_BC_07d_046,EXP_TS_BC_07d,Bacterial Concrete,7,Split Tensile Strength,False,1.99,2.573,0.583
TabPFN_Pretrained,V1_RAW,5,TS_BC_07d_047,EXP_TS_BC_07d,Bacterial Concrete,7,Split Tensile Strength,False,1.992,2.573,0.581
TabPFN_Pretrained,V1_RAW,5,TS_BC_07d_048,EXP_TS_BC_07d,Bacterial Concrete,7,Split Tensile Strength,False,1.954,2.573,0.619
TabPFN_Pretrained,V1_RAW,5,TS_BC_07d_049,EXP_TS_BC_07d,Bacterial Concrete,7,Split Tensile Strength,False,2.034,2.573,0.539
TabPFN_Pretrained,V1_RAW,5,TS_BC_07d_050,EXP_TS_BC_07d,Bacterial Concrete,7,Split Tensile Strength,False,2.263,2.573,0.31
TabPFN_Pretrained,V1_RAW,5,TS_BC_07d_051,EXP_TS_BC_07d,Bacterial Concrete,7,Split Tensile Strength,False,2.233,2.573,0.34
TabPFN_Pretrained,V1_RAW,5,TS_BC_07d_052,EXP_TS_BC_07d,Bacterial Concrete,7,Split Tensile Strength,False,1.924,2.573,0.649
TabPFN_Pretrained,V1_RAW,5,TS_BC_07d_053,EXP_TS_BC_07d,Bacterial Concrete,7,Split Tensile Strength,False,2.132,2.573,0.441
TabPFN_Pretrained,V1_RAW,5,TS_BC_07d_054,EXP_TS_BC_07d,Bacterial Concrete,7,Split Tensile Strength,False,2.04,2.573,0.533
TabPFN_Pretrained,V1_RAW,5,TS_BC_07d_055,EXP_TS_BC_07d,Bacterial Concrete,7,Split Tensile Strength,False,2.217,2.573,0.356
TabPFN_Pretrained,V1_RAW,5,TS_BC_07d_056,EXP_TS_BC_07d,Bacterial Concrete,7,Split Tensile Strength,False,2.077,2.573,0.496
TabPFN_Pretrained,V1_RAW,5,TS_BC_07d_057,EXP_TS_BC_07d,Bacterial Concrete,7,Split Tensile Strength,False,2.156,2.573,0.417
TabPFN_Pretrained,V1_RAW,5,TS_BC_07d_058,EXP_TS_BC_07d,Bacterial Concrete,7,Split Tensile Strength,False,2.076,2.573,0.497
TabPFN_Pretrained,V1_RAW,5,TS_BC_07d_059,EXP_TS_BC_07d,Bacterial Concrete,7,Split Tensile Strength,False,1.772,2.573,0.801
TabPFN_Pretrained,V1_RAW,5,TS_BC_07d_060,EXP_TS_BC_07d,Bacterial Concrete,7,Split Tensile Strength,False,2.107,2.573,0.466
TabPFN_Pretrained,V1_RAW,5,TS_BC_07d_061,EXP_TS_BC_07d,Bacterial Concrete,7,Split Tensile Strength,False,1.909,2.573,0.664
TabPFN_Pretrained,V1_RAW,5,TS_BC_07d_062,EXP_TS_BC_07d,Bacterial Concrete,7,Split Tensile Strength,False,2.212,2.573,0.361
TabPFN_Pretrained,V1_RAW,5,TS_BC_07d_063,EXP_TS_BC_07d,Bacterial Concrete,7,Split Tensile Strength,False,1.998,2.573,0.575
TabPFN_Pretrained,V1_RAW,5,TS_BC_07d_064,EXP_TS_BC_07d,Bacterial Concrete,7,Split Tensile Strength,False,2.009,2.573,0.564
TabPFN_Pretrained,V1_RAW,5,TS_BC_07d_065,EXP_TS_BC_07d,Bacterial Concrete,7,Split Tensile Strength,False,2.099,2.573,0.474
TabPFN_Pretrained,V1_RAW,5,TS_BC_07d_066,EXP_TS_BC_07d,Bacterial Concrete,7,Split Tensile Strength,False,2.187,2.573,0.386
TabPFN_Pretrained,V1_RAW,5,TS_BC_07d_067,EXP_TS_BC_07d,Bacterial Concrete,7,Split Tensile Strength,False,2.075,2.573,0.498
TabPFN_Pretrained,V1_RAW,5,TS_BC_07d_068,EXP_TS_BC_07d,Bacterial Concrete,7,Split Tensile Strength,False,2.346,2.573,0.227
TabPFN_Pretrained,V1_RAW,5,TS_BC_07d_069,EXP_TS_BC_07d,Bacterial Concrete,7,Split Tensile Strength,False,2.347,2.573,0.226
TabPFN_Pretrained,V1_RAW,5,TS_BC_07d_070,EXP_TS_BC_07d,Bacterial Concrete,7,Split Tensile Strength,False,2.357,2.573,0.216
TabPFN_Pretrained,V1_RAW,5,TS_BC_07d_071,EXP_TS_BC_07d,Bacterial Concrete,7,Split Tensile Strength,False,2.065,2.573,0.508
TabPFN_Pretrained,V1_RAW,5,TS_BC_07d_072,EXP_TS_BC_07d,Bacterial Concrete,7,Split Tensile Strength,False,1.878,2.573,0.695
TabPFN_Pretrained,V1_RAW,5,TS_BC_07d_073,EXP_TS_BC_07d,Bacterial Concrete,7,Split Tensile Strength,False,2.283,2.573,0.29
TabPFN_Pretrained,V1_RAW,5,TS_BC_07d_074,EXP_TS_BC_07d,Bacterial Concrete,7,Split Tensile Strength,False,2.038,2.573,0.535
TabPFN_Pretrained,V1_RAW,5,TS_BC_07d_075,EXP_TS_BC_07d,Bacterial Concrete,7,Split Tensile Strength,False,2.106,2.573,0.467
TabPFN_Pretrained,V1_RAW,5,TS_BC_07d_076,EXP_TS_BC_07d,Bacterial Concrete,7,Split Tensile Strength,False,2.194,2.573,0.379
TabPFN_Pretrained,V1_RAW,5,TS_BC_07d_077,EXP_TS_BC_07d,Bacterial Concrete,7,Split Tensile Strength,False,1.859,2.573,0.714
TabPFN_Pretrained,V1_RAW,5,TS_BC_07d_078,EXP_TS_BC_07d,Bacterial Concrete,7,Split Tensile Strength,False,2.344,2.573,0.229
TabPFN_Pretrained,V1_RAW,5,TS_BC_07d_079,EXP_TS_BC_07d,Bacterial Concrete,7,Split Tensile Strength,False,2.231,2.573,0.342
TabPFN_Pretrained,V1_RAW,5,TS_BC_07d_080,EXP_TS_BC_07d,Bacterial Concrete,7,Split Tensile Strength,False,2.153,2.573,0.42
TabPFN_Pretrained,V1_RAW,5,TS_BC_07d_081,EXP_TS_BC_07d,Bacterial Concrete,7,Split Tensile Strength,False,2.234,2.573,0.339
TabPFN_Pretrained,V1_RAW,5,TS_BC_07d_082,EXP_TS_BC_07d,Bacterial Concrete,7,Split Tensile Strength,False,2.184,2.573,0.389
TabPFN_Pretrained,V1_RAW,5,TS_BC_07d_083,EXP_TS_BC_07d,Bacterial Concrete,7,Split Tensile Strength,False,2.118,2.573,0.455
TabPFN_Pretrained,V1_RAW,5,TS_BC_07d_084,EXP_TS_BC_07d,Bacterial Concrete,7,Split Tensile Strength,False,2.054,2.573,0.519
TabPFN_Pretrained,V1_RAW,5,TS_BC_07d_085,EXP_TS_BC_07d,Bacterial Concrete,7,Split Tensile Strength,False,1.989,2.573,0.584
TabPFN_Pretrained,V1_RAW,5,TS_BC_07d_086,EXP_TS_BC_07d,Bacterial Concrete,7,Split Tensile Strength,False,2.143,2.573,0.43
TabPFN_Pretrained,V1_RAW,5,TS_BC_07d_087,EXP_TS_BC_07d,Bacterial Concrete,7,Split Tensile Strength,False,2.154,2.573,0.419
TabPFN_Pretrained,V1_RAW,5,TS_BC_07d_088,EXP_TS_BC_07d,Bacterial Concrete,7,Split Tensile Strength,False,2.262,2.573,0.311
TabPFN_Pretrained,V1_RAW,5,TS_BC_07d_089,EXP_TS_BC_07d,Bacterial Concrete,7,Split Tensile Strength,False,2.13,2.573,0.443
TabPFN_Pretrained,V1_RAW,5,TS_BC_07d_090,EXP_TS_BC_07d,Bacterial Concrete,7,Split Tensile Strength,False,1.972,2.573,0.601
TabPFN_Pretrained,V1_RAW,5,TS_BC_07d_091,EXP_TS_BC_07d,Bacterial Concrete,7,Split Tensile Strength,False,1.864,2.573,0.709
TabPFN_Pretrained,V1_RAW,5,TS_BC_07d_092,EXP_TS_BC_07d,Bacterial Concrete,7,Split Tensile Strength,False,2.081,2.573,0.492
TabPFN_Pretrained,V1_RAW,5,TS_BC_07d_093,EXP_TS_BC_07d,Bacterial Concrete,7,Split Tensile Strength,False,2.096,2.573,0.477
TabPFN_Pretrained,V1_RAW,5,TS_BC_07d_094,EXP_TS_BC_07d,Bacterial Concrete,7,Split Tensile Strength,False,2.085,2.573,0.488
TabPFN_Pretrained,V1_RAW,5,TS_BC_07d_095,EXP_TS_BC_07d,Bacterial Concrete,7,Split Tensile Strength,False,1.87,2.573,0.703
TabPFN_Pretrained,V1_RAW,5,TS_BC_07d_096,EXP_TS_BC_07d,Bacterial Concrete,7,Split Tensile Strength,False,2.261,2.573,0.312
TabPFN_Pretrained,V1_RAW,5,TS_BC_07d_097,EXP_TS_BC_07d,Bacterial Concrete,7,Split Tensile Strength,False,2.261,2.573,0.312
TabPFN_Pretrained,V1_RAW,5,TS_BC_07d_098,EXP_TS_BC_07d,Bacterial Concrete,7,Split Tensile Strength,False,1.977,2.573,0.596
TabPFN_Pretrained,V1_RAW,5,TS_BC_07d_099,EXP_TS_BC_07d,Bacterial Concrete,7,Split Tensile Strength,False,2.221,2.573,0.352
TabPFN_Pretrained,V1_RAW,5,TS_BC_07d_100,EXP_TS_BC_07d,Bacterial Concrete,7,Split Tensile Strength,False,2.243,2.573,0.33
TabPFN_Pretrained,V2_ENGINEERED,1,CS_NC_56d_001,EXP_CS_NC_56d,Normal Concrete,56,Compressive Strength,False,28.61,31.3443,2.7343
TabPFN_Pretrained,V2_ENGINEERED,1,CS_BC_56d_001,EXP_CS_BC_56d,Bacterial Concrete,56,Compressive Strength,False,39.1,38.6638,-0.4362
TabPFN_Pretrained,V2_ENGINEERED,1,CS_NC_56d_002,EXP_CS_NC_56d,Normal Concrete,56,Compressive Strength,False,30.1,31.3443,1.2443
TabPFN_Pretrained,V2_ENGINEERED,1,CS_BC_56d_002,EXP_CS_BC_56d,Bacterial Concrete,56,Compressive Strength,False,38.39,38.6638,0.2738
TabPFN_Pretrained,V2_ENGINEERED,1,CS_NC_56d_003,EXP_CS_NC_56d,Normal Concrete,56,Compressive Strength,False,31.01,31.3443,0.3343
TabPFN_Pretrained,V2_ENGINEERED,1,CS_BC_56d_003,EXP_CS_BC_56d,Bacterial Concrete,56,Compressive Strength,False,37.09,38.6638,1.5738
TabPFN_Pretrained,V2_ENGINEERED,1,CS_NC_56d_004,EXP_CS_NC_56d,Normal Concrete,56,Compressive Strength,False,31.07,31.3443,0.2743
TabPFN_Pretrained,V2_ENGINEERED,1,CS_BC_56d_004,EXP_CS_BC_56d,Bacterial Concrete,56,Compressive Strength,False,36.03,38.6638,2.6338
TabPFN_Pretrained,V2_ENGINEERED,1,CS_NC_56d_005,EXP_CS_NC_56d,Normal Concrete,56,Compressive Strength,False,30.32,31.3443,1.0243
TabPFN_Pretrained,V2_ENGINEERED,1,CS_BC_56d_005,EXP_CS_BC_56d,Bacterial Concrete,56,Compressive Strength,False,38.05,38.6638,0.6138
TabPFN_Pretrained,V2_ENGINEERED,1,CS_NC_56d_006,EXP_CS_NC_56d,Normal Concrete,56,Compressive Strength,False,31.93,31.3443,-0.5857
TabPFN_Pretrained,V2_ENGINEERED,1,CS_BC_56d_006,EXP_CS_BC_56d,Bacterial Concrete,56,Compressive Strength,False,37.59,38.6638,1.0738
TabPFN_Pretrained,V2_ENGINEERED,1,CS_NC_56d_007,EXP_CS_NC_56d,Normal Concrete,56,Compressive Strength,False,29.4,31.3443,1.9443
TabPFN_Pretrained,V2_ENGINEERED,1,CS_BC_56d_007,EXP_CS_BC_56d,Bacterial Concrete,56,Compressive Strength,False,38.34,38.6638,0.3238
TabPFN_Pretrained,V2_ENGINEERED,1,CS_NC_56d_008,EXP_CS_NC_56d,Normal Concrete,56,Compressive Strength,False,30.79,31.3443,0.5543
TabPFN_Pretrained,V2_ENGINEERED,1,CS_BC_56d_008,EXP_CS_BC_56d,Bacterial Concrete,56,Compressive Strength,False,37.95,38.6638,0.7138
TabPFN_Pretrained,V2_ENGINEERED,1,CS_NC_56d_009,EXP_CS_NC_56d,Normal Concrete,56,Compressive Strength,False,31.18,31.3443,0.1643
TabPFN_Pretrained,V2_ENGINEERED,1,CS_BC_56d_009,EXP_CS_BC_56d,Bacterial Concrete,56,Compressive Strength,False,38.57,38.6638,0.0938
TabPFN_Pretrained,V2_ENGINEERED,1,CS_NC_56d_010,EXP_CS_NC_56d,Normal Concrete,56,Compressive Strength,False,31.77,31.3443,-0.4257
TabPFN_Pretrained,V2_ENGINEERED,1,CS_BC_56d_010,EXP_CS_BC_56d,Bacterial Concrete,56,Compressive Strength,False,36.2,38.6638,2.4638
TabPFN_Pretrained,V2_ENGINEERED,1,CS_NC_56d_011,EXP_CS_NC_56d,Normal Concrete,56,Compressive Strength,False,32.07,31.3443,-0.7257
TabPFN_Pretrained,V2_ENGINEERED,1,CS_BC_56d_011,EXP_CS_BC_56d,Bacterial Concrete,56,Compressive Strength,False,38.98,38.6638,-0.3162
TabPFN_Pretrained,V2_ENGINEERED,1,CS_NC_56d_012,EXP_CS_NC_56d,Normal Concrete,56,Compressive Strength,False,29.31,31.3443,2.0343
TabPFN_Pretrained,V2_ENGINEERED,1,CS_BC_56d_012,EXP_CS_BC_56d,Bacterial Concrete,56,Compressive Strength,False,37.3,38.6638,1.3638
TabPFN_Pretrained,V2_ENGINEERED,1,CS_NC_56d_013,EXP_CS_NC_56d,Normal Concrete,56,Compressive Strength,False,28.7,31.3443,2.6443
TabPFN_Pretrained,V2_ENGINEERED,1,CS_BC_56d_013,EXP_CS_BC_56d,Bacterial Concrete,56,Compressive Strength,False,40.11,38.6638,-1.4462
TabPFN_Pretrained,V2_ENGINEERED,1,CS_NC_56d_014,EXP_CS_NC_56d,Normal Concrete,56,Compressive Strength,False,32.92,31.3443,-1.5757
TabPFN_Pretrained,V2_ENGINEERED,1,CS_BC_56d_014,EXP_CS_BC_56d,Bacterial Concrete,56,Compressive Strength,False,35.97,38.6638,2.6938
TabPFN_Pretrained,V2_ENGINEERED,1,CS_NC_56d_015,EXP_CS_NC_56d,Normal Concrete,56,Compressive Strength,False,31.5,31.3443,-0.1557
TabPFN_Pretrained,V2_ENGINEERED,1,CS_BC_56d_015,EXP_CS_BC_56d,Bacterial Concrete,56,Compressive Strength,False,39.6,38.6638,-0.9362
TabPFN_Pretrained,V2_ENGINEERED,1,CS_NC_56d_016,EXP_CS_NC_56d,Normal Concrete,56,Compressive Strength,False,29.88,31.3443,1.4643
TabPFN_Pretrained,V2_ENGINEERED,1,CS_BC_56d_016,EXP_CS_BC_56d,Bacterial Concrete,56,Compressive Strength,False,37.3,38.6638,1.3638
TabPFN_Pretrained,V2_ENGINEERED,1,CS_NC_56d_017,EXP_CS_NC_56d,Normal Concrete,56,Compressive Strength,False,33.33,31.3443,-1.9857
TabPFN_Pretrained,V2_ENGINEERED,1,CS_BC_56d_017,EXP_CS_BC_56d,Bacterial Concrete,56,Compressive Strength,False,36.02,38.6638,2.6438
TabPFN_Pretrained,V2_ENGINEERED,1,CS_NC_56d_018,EXP_CS_NC_56d,Normal Concrete,56,Compressive Strength,False,31.17,31.3443,0.1743
TabPFN_Pretrained,V2_ENGINEERED,1,CS_BC_56d_018,EXP_CS_BC_56d,Bacterial Concrete,56,Compressive Strength,False,36.27,38.6638,2.3938
TabPFN_Pretrained,V2_ENGINEERED,1,CS_NC_56d_019,EXP_CS_NC_56d,Normal Concrete,56,Compressive Strength,False,32.77,31.3443,-1.4257
TabPFN_Pretrained,V2_ENGINEERED,1,CS_BC_56d_019,EXP_CS_BC_56d,Bacterial Concrete,56,Compressive Strength,False,36.52,38.6638,2.1438
TabPFN_Pretrained,V2_ENGINEERED,1,CS_NC_56d_020,EXP_CS_NC_56d,Normal Concrete,56,Compressive Strength,False,31.1,31.3443,0.2443
TabPFN_Pretrained,V2_ENGINEERED,1,CS_BC_56d_020,EXP_CS_BC_56d,Bacterial Concrete,56,Compressive Strength,False,37.64,38.6638,1.0238
TabPFN_Pretrained,V2_ENGINEERED,1,CS_NC_56d_021,EXP_CS_NC_56d,Normal Concrete,56,Compressive Strength,False,34.09,31.3443,-2.7457
TabPFN_Pretrained,V2_ENGINEERED,1,CS_BC_56d_021,EXP_CS_BC_56d,Bacterial Concrete,56,Compressive Strength,False,37.78,38.6638,0.8838
TabPFN_Pretrained,V2_ENGINEERED,1,CS_NC_56d_022,EXP_CS_NC_56d,Normal Concrete,56,Compressive Strength,False,33.63,31.3443,-2.2857
TabPFN_Pretrained,V2_ENGINEERED,1,CS_BC_56d_022,EXP_CS_BC_56d,Bacterial Concrete,56,Compressive Strength,False,36.14,38.6638,2.5238
TabPFN_Pretrained,V2_ENGINEERED,1,CS_NC_56d_023,EXP_CS_NC_56d,Normal Concrete,56,Compressive Strength,False,30.63,31.3443,0.7143
TabPFN_Pretrained,V2_ENGINEERED,1,CS_BC_56d_023,EXP_CS_BC_56d,Bacterial Concrete,56,Compressive Strength,False,36.96,38.6638,1.7038
TabPFN_Pretrained,V2_ENGINEERED,1,CS_NC_56d_024,EXP_CS_NC_56d,Normal Concrete,56,Compressive Strength,False,32.46,31.3443,-1.1157
TabPFN_Pretrained,V2_ENGINEERED,1,CS_BC_56d_024,EXP_CS_BC_56d,Bacterial Concrete,56,Compressive Strength,False,40.21,38.6638,-1.5462
TabPFN_Pretrained,V2_ENGINEERED,1,CS_NC_56d_025,EXP_CS_NC_56d,Normal Concrete,56,Compressive Strength,False,31.97,31.3443,-0.6257
TabPFN_Pretrained,V2_ENGINEERED,1,CS_BC_56d_025,EXP_CS_BC_56d,Bacterial Concrete,56,Compressive Strength,False,39.59,38.6638,-0.9262
TabPFN_Pretrained,V2_ENGINEERED,1,CS_NC_56d_026,EXP_CS_NC_56d,Normal Concrete,56,Compressive Strength,False,33.05,31.3443,-1.7057
TabPFN_Pretrained,V2_ENGINEERED,1,CS_BC_56d_026,EXP_CS_BC_56d,Bacterial Concrete,56,Compressive Strength,False,37.65,38.6638,1.0138
TabPFN_Pretrained,V2_ENGINEERED,1,CS_NC_56d_027,EXP_CS_NC_56d,Normal Concrete,56,Compressive Strength,False,29.55,31.3443,1.7943
TabPFN_Pretrained,V2_ENGINEERED,1,CS_BC_56d_027,EXP_CS_BC_56d,Bacterial Concrete,56,Compressive Strength,False,37.06,38.6638,1.6038
TabPFN_Pretrained,V2_ENGINEERED,1,CS_NC_56d_028,EXP_CS_NC_56d,Normal Concrete,56,Compressive Strength,False,32.03,31.3443,-0.6857
TabPFN_Pretrained,V2_ENGINEERED,1,CS_BC_56d_028,EXP_CS_BC_56d,Bacterial Concrete,56,Compressive Strength,False,37.18,38.6638,1.4838
TabPFN_Pretrained,V2_ENGINEERED,1,CS_NC_56d_029,EXP_CS_NC_56d,Normal Concrete,56,Compressive Strength,False,32.59,31.3443,-1.2457
TabPFN_Pretrained,V2_ENGINEERED,1,CS_BC_56d_029,EXP_CS_BC_56d,Bacterial Concrete,56,Compressive Strength,False,37.92,38.6638,0.7438
TabPFN_Pretrained,V2_ENGINEERED,1,CS_NC_56d_030,EXP_CS_NC_56d,Normal Concrete,56,Compressive Strength,False,28.36,31.3443,2.9843
TabPFN_Pretrained,V2_ENGINEERED,1,CS_BC_56d_030,EXP_CS_BC_56d,Bacterial Concrete,56,Compressive Strength,False,35.47,38.6638,3.1938
TabPFN_Pretrained,V2_ENGINEERED,1,CS_NC_56d_031,EXP_CS_NC_56d,Normal Concrete,56,Compressive Strength,False,29.23,31.3443,2.1143
TabPFN_Pretrained,V2_ENGINEERED,1,CS_BC_56d_031,EXP_CS_BC_56d,Bacterial Concrete,56,Compressive Strength,False,36.61,38.6638,2.0538
TabPFN_Pretrained,V2_ENGINEERED,1,CS_NC_56d_032,EXP_CS_NC_56d,Normal Concrete,56,Compressive Strength,False,27.94,31.3443,3.4043
TabPFN_Pretrained,V2_ENGINEERED,1,CS_BC_56d_032,EXP_CS_BC_56d,Bacterial Concrete,56,Compressive Strength,False,34.5,38.6638,4.1638
TabPFN_Pretrained,V2_ENGINEERED,1,CS_NC_56d_033,EXP_CS_NC_56d,Normal Concrete,56,Compressive Strength,False,30.6,31.3443,0.7443
TabPFN_Pretrained,V2_ENGINEERED,1,CS_BC_56d_033,EXP_CS_BC_56d,Bacterial Concrete,56,Compressive Strength,False,37.6,38.6638,1.0638
TabPFN_Pretrained,V2_ENGINEERED,1,CS_NC_56d_034,EXP_CS_NC_56d,Normal Concrete,56,Compressive Strength,False,32.08,31.3443,-0.7357
TabPFN_Pretrained,V2_ENGINEERED,1,CS_BC_56d_034,EXP_CS_BC_56d,Bacterial Concrete,56,Compressive Strength,False,37.97,38.6638,0.6938
TabPFN_Pretrained,V2_ENGINEERED,1,CS_NC_56d_035,EXP_CS_NC_56d,Normal Concrete,56,Compressive Strength,False,33.25,31.3443,-1.9057
TabPFN_Pretrained,V2_ENGINEERED,1,CS_BC_56d_035,EXP_CS_BC_56d,Bacterial Concrete,56,Compressive Strength,False,36.28,38.6638,2.3838
TabPFN_Pretrained,V2_ENGINEERED,1,CS_NC_56d_036,EXP_CS_NC_56d,Normal Concrete,56,Compressive Strength,False,31.11,31.3443,0.2343
TabPFN_Pretrained,V2_ENGINEERED,1,CS_BC_56d_036,EXP_CS_BC_56d,Bacterial Concrete,56,Compressive Strength,False,39.36,38.6638,-0.6962
TabPFN_Pretrained,V2_ENGINEERED,1,CS_NC_56d_037,EXP_CS_NC_56d,Normal Concrete,56,Compressive Strength,False,33.44,31.3443,-2.0957
TabPFN_Pretrained,V2_ENGINEERED,1,CS_BC_56d_037,EXP_CS_BC_56d,Bacterial Concrete,56,Compressive Strength,False,35.16,38.6638,3.5038
TabPFN_Pretrained,V2_ENGINEERED,1,CS_NC_56d_038,EXP_CS_NC_56d,Normal Concrete,56,Compressive Strength,False,28.93,31.3443,2.4143
TabPFN_Pretrained,V2_ENGINEERED,1,CS_BC_56d_038,EXP_CS_BC_56d,Bacterial Concrete,56,Compressive Strength,False,34.8,38.6638,3.8638
TabPFN_Pretrained,V2_ENGINEERED,1,CS_NC_56d_039,EXP_CS_NC_56d,Normal Concrete,56,Compressive Strength,False,28.44,31.3443,2.9043
TabPFN_Pretrained,V2_ENGINEERED,1,CS_BC_56d_039,EXP_CS_BC_56d,Bacterial Concrete,56,Compressive Strength,False,37.34,38.6638,1.3238
TabPFN_Pretrained,V2_ENGINEERED,1,CS_NC_56d_040,EXP_CS_NC_56d,Normal Concrete,56,Compressive Strength,False,30.92,31.3443,0.4243
TabPFN_Pretrained,V2_ENGINEERED,1,CS_BC_56d_040,EXP_CS_BC_56d,Bacterial Concrete,56,Compressive Strength,False,38.57,38.6638,0.0938
TabPFN_Pretrained,V2_ENGINEERED,1,CS_NC_56d_041,EXP_CS_NC_56d,Normal Concrete,56,Compressive Strength,False,31.58,31.3443,-0.2357
TabPFN_Pretrained,V2_ENGINEERED,1,CS_BC_56d_041,EXP_CS_BC_56d,Bacterial Concrete,56,Compressive Strength,False,39.53,38.6638,-0.8662
TabPFN_Pretrained,V2_ENGINEERED,1,CS_NC_56d_042,EXP_CS_NC_56d,Normal Concrete,56,Compressive Strength,False,30.95,31.3443,0.3943
TabPFN_Pretrained,V2_ENGINEERED,1,CS_BC_56d_042,EXP_CS_BC_56d,Bacterial Concrete,56,Compressive Strength,False,36.31,38.6638,2.3538
TabPFN_Pretrained,V2_ENGINEERED,1,CS_NC_56d_043,EXP_CS_NC_56d,Normal Concrete,56,Compressive Strength,False,27.9,31.3443,3.4443
TabPFN_Pretrained,V2_ENGINEERED,1,CS_BC_56d_043,EXP_CS_BC_56d,Bacterial Concrete,56,Compressive Strength,False,38.62,38.6638,0.0438
TabPFN_Pretrained,V2_ENGINEERED,1,CS_NC_56d_044,EXP_CS_NC_56d,Normal Concrete,56,Compressive Strength,False,30.87,31.3443,0.4743
TabPFN_Pretrained,V2_ENGINEERED,1,CS_BC_56d_044,EXP_CS_BC_56d,Bacterial Concrete,56,Compressive Strength,False,36.94,38.6638,1.7238
TabPFN_Pretrained,V2_ENGINEERED,1,CS_NC_56d_045,EXP_CS_NC_56d,Normal Concrete,56,Compressive Strength,False,29.04,31.3443,2.3043
TabPFN_Pretrained,V2_ENGINEERED,1,CS_BC_56d_045,EXP_CS_BC_56d,Bacterial Concrete,56,Compressive Strength,False,36.74,38.6638,1.9238
TabPFN_Pretrained,V2_ENGINEERED,1,CS_NC_56d_046,EXP_CS_NC_56d,Normal Concrete,56,Compressive Strength,False,32.0,31.3443,-0.6557
TabPFN_Pretrained,V2_ENGINEERED,1,CS_BC_56d_046,EXP_CS_BC_56d,Bacterial Concrete,56,Compressive Strength,False,38.33,38.6638,0.3338
TabPFN_Pretrained,V2_ENGINEERED,1,CS_NC_56d_047,EXP_CS_NC_56d,Normal Concrete,56,Compressive Strength,False,31.55,31.3443,-0.2057
TabPFN_Pretrained,V2_ENGINEERED,1,CS_BC_56d_047,EXP_CS_BC_56d,Bacterial Concrete,56,Compressive Strength,False,37.98,38.6638,0.6838
TabPFN_Pretrained,V2_ENGINEERED,1,CS_NC_56d_048,EXP_CS_NC_56d,Normal Concrete,56,Compressive Strength,False,29.59,31.3443,1.7543
TabPFN_Pretrained,V2_ENGINEERED,1,CS_BC_56d_048,EXP_CS_BC_56d,Bacterial Concrete,56,Compressive Strength,False,34.64,38.6638,4.0238
TabPFN_Pretrained,V2_ENGINEERED,1,CS_NC_56d_049,EXP_CS_NC_56d,Normal Concrete,56,Compressive Strength,False,30.23,31.3443,1.1143
TabPFN_Pretrained,V2_ENGINEERED,1,CS_BC_56d_049,EXP_CS_BC_56d,Bacterial Concrete,56,Compressive Strength,False,39.21,38.6638,-0.5462
TabPFN_Pretrained,V2_ENGINEERED,1,CS_NC_56d_050,EXP_CS_NC_56d,Normal Concrete,56,Compressive Strength,False,29.41,31.3443,1.9343
TabPFN_Pretrained,V2_ENGINEERED,1,CS_BC_56d_050,EXP_CS_BC_56d,Bacterial Concrete,56,Compressive Strength,False,39.07,38.6638,-0.4062
TabPFN_Pretrained,V2_ENGINEERED,1,CS_NC_56d_051,EXP_CS_NC_56d,Normal Concrete,56,Compressive Strength,False,30.91,31.3443,0.4343
TabPFN_Pretrained,V2_ENGINEERED,1,CS_BC_56d_051,EXP_CS_BC_56d,Bacterial Concrete,56,Compressive Strength,False,36.06,38.6638,2.6038
TabPFN_Pretrained,V2_ENGINEERED,1,CS_NC_56d_052,EXP_CS_NC_56d,Normal Concrete,56,Compressive Strength,False,32.43,31.3443,-1.0857
TabPFN_Pretrained,V2_ENGINEERED,1,CS_BC_56d_052,EXP_CS_BC_56d,Bacterial Concrete,56,Compressive Strength,False,37.59,38.6638,1.0738
TabPFN_Pretrained,V2_ENGINEERED,1,CS_NC_56d_053,EXP_CS_NC_56d,Normal Concrete,56,Compressive Strength,False,29.52,31.3443,1.8243
TabPFN_Pretrained,V2_ENGINEERED,1,CS_BC_56d_053,EXP_CS_BC_56d,Bacterial Concrete,56,Compressive Strength,False,37.74,38.6638,0.9238
TabPFN_Pretrained,V2_ENGINEERED,1,CS_NC_56d_054,EXP_CS_NC_56d,Normal Concrete,56,Compressive Strength,False,31.76,31.3443,-0.4157
TabPFN_Pretrained,V2_ENGINEERED,1,CS_BC_56d_054,EXP_CS_BC_56d,Bacterial Concrete,56,Compressive Strength,False,37.39,38.6638,1.2738
TabPFN_Pretrained,V2_ENGINEERED,1,CS_NC_56d_055,EXP_CS_NC_56d,Normal Concrete,56,Compressive Strength,False,30.2,31.3443,1.1443
TabPFN_Pretrained,V2_ENGINEERED,1,CS_BC_56d_055,EXP_CS_BC_56d,Bacterial Concrete,56,Compressive Strength,False,36.17,38.6638,2.4938
TabPFN_Pretrained,V2_ENGINEERED,1,CS_NC_56d_056,EXP_CS_NC_56d,Normal Concrete,56,Compressive Strength,False,29.81,31.3443,1.5343
TabPFN_Pretrained,V2_ENGINEERED,1,CS_BC_56d_056,EXP_CS_BC_56d,Bacterial Concrete,56,Compressive Strength,False,35.99,38.6638,2.6738
TabPFN_Pretrained,V2_ENGINEERED,1,CS_NC_56d_057,EXP_CS_NC_56d,Normal Concrete,56,Compressive Strength,False,30.84,31.3443,0.5043
TabPFN_Pretrained,V2_ENGINEERED,1,CS_BC_56d_057,EXP_CS_BC_56d,Bacterial Concrete,56,Compressive Strength,False,36.96,38.6638,1.7038
TabPFN_Pretrained,V2_ENGINEERED,1,CS_NC_56d_058,EXP_CS_NC_56d,Normal Concrete,56,Compressive Strength,False,29.45,31.3443,1.8943
TabPFN_Pretrained,V2_ENGINEERED,1,CS_BC_56d_058,EXP_CS_BC_56d,Bacterial Concrete,56,Compressive Strength,False,38.76,38.6638,-0.0962
TabPFN_Pretrained,V2_ENGINEERED,1,CS_NC_56d_059,EXP_CS_NC_56d,Normal Concrete,56,Compressive Strength,False,30.17,31.3443,1.1743
TabPFN_Pretrained,V2_ENGINEERED,1,CS_BC_56d_059,EXP_CS_BC_56d,Bacterial Concrete,56,Compressive Strength,False,37.82,38.6638,0.8438
TabPFN_Pretrained,V2_ENGINEERED,1,CS_NC_56d_060,EXP_CS_NC_56d,Normal Concrete,56,Compressive Strength,False,29.2,31.3443,2.1443
TabPFN_Pretrained,V2_ENGINEERED,1,CS_BC_56d_060,EXP_CS_BC_56d,Bacterial Concrete,56,Compressive Strength,False,36.44,38.6638,2.2238
TabPFN_Pretrained,V2_ENGINEERED,1,CS_NC_56d_061,EXP_CS_NC_56d,Normal Concrete,56,Compressive Strength,False,33.95,31.3443,-2.6057
TabPFN_Pretrained,V2_ENGINEERED,1,CS_BC_56d_061,EXP_CS_BC_56d,Bacterial Concrete,56,Compressive Strength,False,38.16,38.6638,0.5038
TabPFN_Pretrained,V2_ENGINEERED,1,CS_NC_56d_062,EXP_CS_NC_56d,Normal Concrete,56,Compressive Strength,False,31.05,31.3443,0.2943
TabPFN_Pretrained,V2_ENGINEERED,1,CS_BC_56d_062,EXP_CS_BC_56d,Bacterial Concrete,56,Compressive Strength,False,32.73,38.6638,5.9338
TabPFN_Pretrained,V2_ENGINEERED,1,CS_NC_56d_063,EXP_CS_NC_56d,Normal Concrete,56,Compressive Strength,False,29.95,31.3443,1.3943
TabPFN_Pretrained,V2_ENGINEERED,1,CS_BC_56d_063,EXP_CS_BC_56d,Bacterial Concrete,56,Compressive Strength,False,38.72,38.6638,-0.0562
TabPFN_Pretrained,V2_ENGINEERED,1,CS_NC_56d_064,EXP_CS_NC_56d,Normal Concrete,56,Compressive Strength,False,31.32,31.3443,0.0243
TabPFN_Pretrained,V2_ENGINEERED,1,CS_BC_56d_064,EXP_CS_BC_56d,Bacterial Concrete,56,Compressive Strength,False,34.39,38.6638,4.2738
TabPFN_Pretrained,V2_ENGINEERED,1,CS_NC_56d_065,EXP_CS_NC_56d,Normal Concrete,56,Compressive Strength,False,30.83,31.3443,0.5143
TabPFN_Pretrained,V2_ENGINEERED,1,CS_BC_56d_065,EXP_CS_BC_56d,Bacterial Concrete,56,Compressive Strength,False,36.46,38.6638,2.2038
TabPFN_Pretrained,V2_ENGINEERED,1,CS_NC_56d_066,EXP_CS_NC_56d,Normal Concrete,56,Compressive Strength,False,30.67,31.3443,0.6743
TabPFN_Pretrained,V2_ENGINEERED,1,CS_BC_56d_066,EXP_CS_BC_56d,Bacterial Concrete,56,Compressive Strength,False,35.32,38.6638,3.3438
TabPFN_Pretrained,V2_ENGINEERED,1,CS_NC_56d_067,EXP_CS_NC_56d,Normal Concrete,56,Compressive Strength,False,31.92,31.3443,-0.5757
TabPFN_Pretrained,V2_ENGINEERED,1,CS_BC_56d_067,EXP_CS_BC_56d,Bacterial Concrete,56,Compressive Strength,False,35.06,38.6638,3.6038
TabPFN_Pretrained,V2_ENGINEERED,1,CS_NC_56d_068,EXP_CS_NC_56d,Normal Concrete,56,Compressive Strength,False,32.14,31.3443,-0.7957
TabPFN_Pretrained,V2_ENGINEERED,1,CS_BC_56d_068,EXP_CS_BC_56d,Bacterial Concrete,56,Compressive Strength,False,38.74,38.6638,-0.0762
TabPFN_Pretrained,V2_ENGINEERED,1,CS_NC_56d_069,EXP_CS_NC_56d,Normal Concrete,56,Compressive Strength,False,30.2,31.3443,1.1443
TabPFN_Pretrained,V2_ENGINEERED,1,CS_BC_56d_069,EXP_CS_BC_56d,Bacterial Concrete,56,Compressive Strength,False,36.3,38.6638,2.3638
TabPFN_Pretrained,V2_ENGINEERED,1,CS_NC_56d_070,EXP_CS_NC_56d,Normal Concrete,56,Compressive Strength,False,30.14,31.3443,1.2043
TabPFN_Pretrained,V2_ENGINEERED,1,CS_BC_56d_070,EXP_CS_BC_56d,Bacterial Concrete,56,Compressive Strength,False,37.52,38.6638,1.1438
TabPFN_Pretrained,V2_ENGINEERED,1,CS_NC_56d_071,EXP_CS_NC_56d,Normal Concrete,56,Compressive Strength,False,30.59,31.3443,0.7543
TabPFN_Pretrained,V2_ENGINEERED,1,CS_BC_56d_071,EXP_CS_BC_56d,Bacterial Concrete,56,Compressive Strength,False,36.93,38.6638,1.7338
TabPFN_Pretrained,V2_ENGINEERED,1,CS_NC_56d_072,EXP_CS_NC_56d,Normal Concrete,56,Compressive Strength,False,27.55,31.3443,3.7943
TabPFN_Pretrained,V2_ENGINEERED,1,CS_BC_56d_072,EXP_CS_BC_56d,Bacterial Concrete,56,Compressive Strength,False,37.72,38.6638,0.9438
TabPFN_Pretrained,V2_ENGINEERED,1,CS_NC_56d_073,EXP_CS_NC_56d,Normal Concrete,56,Compressive Strength,False,28.73,31.3443,2.6143
TabPFN_Pretrained,V2_ENGINEERED,1,CS_BC_56d_073,EXP_CS_BC_56d,Bacterial Concrete,56,Compressive Strength,False,37.12,38.6638,1.5438
TabPFN_Pretrained,V2_ENGINEERED,1,CS_NC_56d_074,EXP_CS_NC_56d,Normal Concrete,56,Compressive Strength,False,33.05,31.3443,-1.7057
TabPFN_Pretrained,V2_ENGINEERED,1,CS_BC_56d_074,EXP_CS_BC_56d,Bacterial Concrete,56,Compressive Strength,False,35.08,38.6638,3.5838
TabPFN_Pretrained,V2_ENGINEERED,1,CS_NC_56d_075,EXP_CS_NC_56d,Normal Concrete,56,Compressive Strength,False,33.47,31.3443,-2.1257
TabPFN_Pretrained,V2_ENGINEERED,1,CS_BC_56d_075,EXP_CS_BC_56d,Bacterial Concrete,56,Compressive Strength,False,38.49,38.6638,0.1738
TabPFN_Pretrained,V2_ENGINEERED,1,CS_NC_56d_076,EXP_CS_NC_56d,Normal Concrete,56,Compressive Strength,False,30.63,31.3443,0.7143
TabPFN_Pretrained,V2_ENGINEERED,1,CS_BC_56d_076,EXP_CS_BC_56d,Bacterial Concrete,56,Compressive Strength,False,36.26,38.6638,2.4038
TabPFN_Pretrained,V2_ENGINEERED,1,CS_NC_56d_077,EXP_CS_NC_56d,Normal Concrete,56,Compressive Strength,False,31.86,31.3443,-0.5157
TabPFN_Pretrained,V2_ENGINEERED,1,CS_BC_56d_077,EXP_CS_BC_56d,Bacterial Concrete,56,Compressive Strength,False,34.67,38.6638,3.9938
TabPFN_Pretrained,V2_ENGINEERED,1,CS_NC_56d_078,EXP_CS_NC_56d,Normal Concrete,56,Compressive Strength,False,31.47,31.3443,-0.1257
TabPFN_Pretrained,V2_ENGINEERED,1,CS_BC_56d_078,EXP_CS_BC_56d,Bacterial Concrete,56,Compressive Strength,False,36.36,38.6638,2.3038
TabPFN_Pretrained,V2_ENGINEERED,1,CS_NC_56d_079,EXP_CS_NC_56d,Normal Concrete,56,Compressive Strength,False,35.62,31.3443,-4.2757
TabPFN_Pretrained,V2_ENGINEERED,1,CS_BC_56d_079,EXP_CS_BC_56d,Bacterial Concrete,56,Compressive Strength,False,39.25,38.6638,-0.5862
TabPFN_Pretrained,V2_ENGINEERED,1,CS_NC_56d_080,EXP_CS_NC_56d,Normal Concrete,56,Compressive Strength,False,32.68,31.3443,-1.3357
TabPFN_Pretrained,V2_ENGINEERED,1,CS_BC_56d_080,EXP_CS_BC_56d,Bacterial Concrete,56,Compressive Strength,False,38.28,38.6638,0.3838
TabPFN_Pretrained,V2_ENGINEERED,1,CS_NC_56d_081,EXP_CS_NC_56d,Normal Concrete,56,Compressive Strength,False,30.81,31.3443,0.5343
TabPFN_Pretrained,V2_ENGINEERED,1,CS_BC_56d_081,EXP_CS_BC_56d,Bacterial Concrete,56,Compressive Strength,False,36.48,38.6638,2.1838
TabPFN_Pretrained,V2_ENGINEERED,1,CS_NC_56d_082,EXP_CS_NC_56d,Normal Concrete,56,Compressive Strength,False,29.57,31.3443,1.7743
TabPFN_Pretrained,V2_ENGINEERED,1,CS_BC_56d_082,EXP_CS_BC_56d,Bacterial Concrete,56,Compressive Strength,False,36.48,38.6638,2.1838
TabPFN_Pretrained,V2_ENGINEERED,1,CS_NC_56d_083,EXP_CS_NC_56d,Normal Concrete,56,Compressive Strength,False,28.59,31.3443,2.7543
TabPFN_Pretrained,V2_ENGINEERED,1,CS_BC_56d_083,EXP_CS_BC_56d,Bacterial Concrete,56,Compressive Strength,False,36.52,38.6638,2.1438
TabPFN_Pretrained,V2_ENGINEERED,1,CS_NC_56d_084,EXP_CS_NC_56d,Normal Concrete,56,Compressive Strength,False,31.31,31.3443,0.0343
TabPFN_Pretrained,V2_ENGINEERED,1,CS_BC_56d_084,EXP_CS_BC_56d,Bacterial Concrete,56,Compressive Strength,False,40.12,38.6638,-1.4562
TabPFN_Pretrained,V2_ENGINEERED,1,CS_NC_56d_085,EXP_CS_NC_56d,Normal Concrete,56,Compressive Strength,False,29.87,31.3443,1.4743
TabPFN_Pretrained,V2_ENGINEERED,1,CS_BC_56d_085,EXP_CS_BC_56d,Bacterial Concrete,56,Compressive Strength,False,37.57,38.6638,1.0938
TabPFN_Pretrained,V2_ENGINEERED,1,CS_NC_56d_086,EXP_CS_NC_56d,Normal Concrete,56,Compressive Strength,False,28.87,31.3443,2.4743
TabPFN_Pretrained,V2_ENGINEERED,1,CS_BC_56d_086,EXP_CS_BC_56d,Bacterial Concrete,56,Compressive Strength,False,37.65,38.6638,1.0138
TabPFN_Pretrained,V2_ENGINEERED,1,CS_NC_56d_087,EXP_CS_NC_56d,Normal Concrete,56,Compressive Strength,False,30.03,31.3443,1.3143
TabPFN_Pretrained,V2_ENGINEERED,1,CS_BC_56d_087,EXP_CS_BC_56d,Bacterial Concrete,56,Compressive Strength,False,38.55,38.6638,0.1138
TabPFN_Pretrained,V2_ENGINEERED,1,CS_NC_56d_088,EXP_CS_NC_56d,Normal Concrete,56,Compressive Strength,False,29.38,31.3443,1.9643
TabPFN_Pretrained,V2_ENGINEERED,1,CS_BC_56d_088,EXP_CS_BC_56d,Bacterial Concrete,56,Compressive Strength,False,37.36,38.6638,1.3038
TabPFN_Pretrained,V2_ENGINEERED,1,CS_NC_56d_089,EXP_CS_NC_56d,Normal Concrete,56,Compressive Strength,False,33.53,31.3443,-2.1857
TabPFN_Pretrained,V2_ENGINEERED,1,CS_BC_56d_089,EXP_CS_BC_56d,Bacterial Concrete,56,Compressive Strength,False,36.61,38.6638,2.0538
TabPFN_Pretrained,V2_ENGINEERED,1,CS_NC_56d_090,EXP_CS_NC_56d,Normal Concrete,56,Compressive Strength,False,32.32,31.3443,-0.9757
TabPFN_Pretrained,V2_ENGINEERED,1,CS_BC_56d_090,EXP_CS_BC_56d,Bacterial Concrete,56,Compressive Strength,False,36.71,38.6638,1.9538
TabPFN_Pretrained,V2_ENGINEERED,1,CS_NC_56d_091,EXP_CS_NC_56d,Normal Concrete,56,Compressive Strength,False,30.99,31.3443,0.3543
TabPFN_Pretrained,V2_ENGINEERED,1,CS_BC_56d_091,EXP_CS_BC_56d,Bacterial Concrete,56,Compressive Strength,False,36.89,38.6638,1.7738
TabPFN_Pretrained,V2_ENGINEERED,1,CS_NC_56d_092,EXP_CS_NC_56d,Normal Concrete,56,Compressive Strength,False,33.22,31.3443,-1.8757
TabPFN_Pretrained,V2_ENGINEERED,1,CS_BC_56d_092,EXP_CS_BC_56d,Bacterial Concrete,56,Compressive Strength,False,36.94,38.6638,1.7238
TabPFN_Pretrained,V2_ENGINEERED,1,CS_NC_56d_093,EXP_CS_NC_56d,Normal Concrete,56,Compressive Strength,False,31.12,31.3443,0.2243
TabPFN_Pretrained,V2_ENGINEERED,1,CS_BC_56d_093,EXP_CS_BC_56d,Bacterial Concrete,56,Compressive Strength,False,38.09,38.6638,0.5738
TabPFN_Pretrained,V2_ENGINEERED,1,CS_NC_56d_094,EXP_CS_NC_56d,Normal Concrete,56,Compressive Strength,False,29.71,31.3443,1.6343
TabPFN_Pretrained,V2_ENGINEERED,1,CS_BC_56d_094,EXP_CS_BC_56d,Bacterial Concrete,56,Compressive Strength,False,37.08,38.6638,1.5838
TabPFN_Pretrained,V2_ENGINEERED,1,CS_NC_56d_095,EXP_CS_NC_56d,Normal Concrete,56,Compressive Strength,False,33.28,31.3443,-1.9357
TabPFN_Pretrained,V2_ENGINEERED,1,CS_BC_56d_095,EXP_CS_BC_56d,Bacterial Concrete,56,Compressive Strength,False,38.1,38.6638,0.5638
TabPFN_Pretrained,V2_ENGINEERED,1,CS_NC_56d_096,EXP_CS_NC_56d,Normal Concrete,56,Compressive Strength,False,31.81,31.3443,-0.4657
TabPFN_Pretrained,V2_ENGINEERED,1,CS_BC_56d_096,EXP_CS_BC_56d,Bacterial Concrete,56,Compressive Strength,False,36.88,38.6638,1.7838
TabPFN_Pretrained,V2_ENGINEERED,1,CS_NC_56d_097,EXP_CS_NC_56d,Normal Concrete,56,Compressive Strength,False,29.44,31.3443,1.9043
TabPFN_Pretrained,V2_ENGINEERED,1,CS_BC_56d_097,EXP_CS_BC_56d,Bacterial Concrete,56,Compressive Strength,False,37.12,38.6638,1.5438
TabPFN_Pretrained,V2_ENGINEERED,1,CS_NC_56d_098,EXP_CS_NC_56d,Normal Concrete,56,Compressive Strength,False,30.71,31.3443,0.6343
TabPFN_Pretrained,V2_ENGINEERED,1,CS_BC_56d_098,EXP_CS_BC_56d,Bacterial Concrete,56,Compressive Strength,False,34.0,38.6638,4.6638
TabPFN_Pretrained,V2_ENGINEERED,1,CS_NC_56d_099,EXP_CS_NC_56d,Normal Concrete,56,Compressive Strength,False,29.69,31.3443,1.6543
TabPFN_Pretrained,V2_ENGINEERED,1,CS_BC_56d_099,EXP_CS_BC_56d,Bacterial Concrete,56,Compressive Strength,False,38.37,38.6638,0.2938
TabPFN_Pretrained,V2_ENGINEERED,1,CS_NC_56d_100,EXP_CS_NC_56d,Normal Concrete,56,Compressive Strength,False,28.93,31.3443,2.4143
TabPFN_Pretrained,V2_ENGINEERED,1,CS_BC_56d_100,EXP_CS_BC_56d,Bacterial Concrete,56,Compressive Strength,False,37.52,38.6638,1.1438
TabPFN_Pretrained,V2_ENGINEERED,1,FS_NC_90d_001,EXP_FS_NC_90d,Normal Concrete,90,Flexural Strength,False,4.758,13.7504,8.9924
TabPFN_Pretrained,V2_ENGINEERED,1,FS_NC_90d_002,EXP_FS_NC_90d,Normal Concrete,90,Flexural Strength,False,4.269,13.7504,9.4814
TabPFN_Pretrained,V2_ENGINEERED,1,FS_NC_90d_003,EXP_FS_NC_90d,Normal Concrete,90,Flexural Strength,False,4.786,13.7504,8.9644
TabPFN_Pretrained,V2_ENGINEERED,1,FS_NC_90d_004,EXP_FS_NC_90d,Normal Concrete,90,Flexural Strength,False,4.567,13.7504,9.1834
TabPFN_Pretrained,V2_ENGINEERED,1,FS_NC_90d_005,EXP_FS_NC_90d,Normal Concrete,90,Flexural Strength,False,5.096,13.7504,8.6544
TabPFN_Pretrained,V2_ENGINEERED,1,FS_NC_90d_006,EXP_FS_NC_90d,Normal Concrete,90,Flexural Strength,False,5.032,13.7504,8.7184
TabPFN_Pretrained,V2_ENGINEERED,1,FS_NC_90d_007,EXP_FS_NC_90d,Normal Concrete,90,Flexural Strength,False,4.989,13.7504,8.7614
TabPFN_Pretrained,V2_ENGINEERED,1,FS_NC_90d_008,EXP_FS_NC_90d,Normal Concrete,90,Flexural Strength,False,5.142,13.7504,8.6084
TabPFN_Pretrained,V2_ENGINEERED,1,FS_NC_90d_009,EXP_FS_NC_90d,Normal Concrete,90,Flexural Strength,False,4.517,13.7504,9.2334
TabPFN_Pretrained,V2_ENGINEERED,1,FS_NC_90d_010,EXP_FS_NC_90d,Normal Concrete,90,Flexural Strength,False,4.966,13.7504,8.7844
TabPFN_Pretrained,V2_ENGINEERED,1,FS_NC_90d_011,EXP_FS_NC_90d,Normal Concrete,90,Flexural Strength,False,5.394,13.7504,8.3564
TabPFN_Pretrained,V2_ENGINEERED,1,FS_NC_90d_012,EXP_FS_NC_90d,Normal Concrete,90,Flexural Strength,False,4.942,13.7504,8.8084
TabPFN_Pretrained,V2_ENGINEERED,1,FS_NC_90d_013,EXP_FS_NC_90d,Normal Concrete,90,Flexural Strength,False,4.933,13.7504,8.8174
TabPFN_Pretrained,V2_ENGINEERED,1,FS_NC_90d_014,EXP_FS_NC_90d,Normal Concrete,90,Flexural Strength,False,4.992,13.7504,8.7584
TabPFN_Pretrained,V2_ENGINEERED,1,FS_NC_90d_015,EXP_FS_NC_90d,Normal Concrete,90,Flexural Strength,False,5.313,13.7504,8.4374
TabPFN_Pretrained,V2_ENGINEERED,1,FS_NC_90d_016,EXP_FS_NC_90d,Normal Concrete,90,Flexural Strength,False,4.916,13.7504,8.8344
TabPFN_Pretrained,V2_ENGINEERED,1,FS_NC_90d_017,EXP_FS_NC_90d,Normal Concrete,90,Flexural Strength,False,5.534,13.7504,8.2164
TabPFN_Pretrained,V2_ENGINEERED,1,FS_NC_90d_018,EXP_FS_NC_90d,Normal Concrete,90,Flexural Strength,False,5.363,13.7504,8.3874
TabPFN_Pretrained,V2_ENGINEERED,1,FS_NC_90d_019,EXP_FS_NC_90d,Normal Concrete,90,Flexural Strength,False,4.949,13.7504,8.8014
TabPFN_Pretrained,V2_ENGINEERED,1,FS_NC_90d_020,EXP_FS_NC_90d,Normal Concrete,90,Flexural Strength,False,4.964,13.7504,8.7864
TabPFN_Pretrained,V2_ENGINEERED,1,FS_NC_90d_021,EXP_FS_NC_90d,Normal Concrete,90,Flexural Strength,False,5.364,13.7504,8.3864
TabPFN_Pretrained,V2_ENGINEERED,1,FS_NC_90d_022,EXP_FS_NC_90d,Normal Concrete,90,Flexural Strength,False,5.264,13.7504,8.4864
TabPFN_Pretrained,V2_ENGINEERED,1,FS_NC_90d_023,EXP_FS_NC_90d,Normal Concrete,90,Flexural Strength,False,4.783,13.7504,8.9674
TabPFN_Pretrained,V2_ENGINEERED,1,FS_NC_90d_024,EXP_FS_NC_90d,Normal Concrete,90,Flexural Strength,False,5.119,13.7504,8.6314
TabPFN_Pretrained,V2_ENGINEERED,1,FS_NC_90d_025,EXP_FS_NC_90d,Normal Concrete,90,Flexural Strength,False,4.811,13.7504,8.9394
TabPFN_Pretrained,V2_ENGINEERED,1,FS_NC_90d_026,EXP_FS_NC_90d,Normal Concrete,90,Flexural Strength,False,4.737,13.7504,9.0134
TabPFN_Pretrained,V2_ENGINEERED,1,FS_NC_90d_027,EXP_FS_NC_90d,Normal Concrete,90,Flexural Strength,False,5.312,13.7504,8.4384
TabPFN_Pretrained,V2_ENGINEERED,1,FS_NC_90d_028,EXP_FS_NC_90d,Normal Concrete,90,Flexural Strength,False,4.804,13.7504,8.9464
TabPFN_Pretrained,V2_ENGINEERED,1,FS_NC_90d_029,EXP_FS_NC_90d,Normal Concrete,90,Flexural Strength,False,4.926,13.7504,8.8244
TabPFN_Pretrained,V2_ENGINEERED,1,FS_NC_90d_030,EXP_FS_NC_90d,Normal Concrete,90,Flexural Strength,False,4.954,13.7504,8.7964
TabPFN_Pretrained,V2_ENGINEERED,1,FS_NC_90d_031,EXP_FS_NC_90d,Normal Concrete,90,Flexural Strength,False,4.937,13.7504,8.8134
TabPFN_Pretrained,V2_ENGINEERED,1,FS_NC_90d_032,EXP_FS_NC_90d,Normal Concrete,90,Flexural Strength,False,5.03,13.7504,8.7204
TabPFN_Pretrained,V2_ENGINEERED,1,FS_NC_90d_033,EXP_FS_NC_90d,Normal Concrete,90,Flexural Strength,False,4.873,13.7504,8.8774
TabPFN_Pretrained,V2_ENGINEERED,1,FS_NC_90d_034,EXP_FS_NC_90d,Normal Concrete,90,Flexural Strength,False,4.585,13.7504,9.1654
TabPFN_Pretrained,V2_ENGINEERED,1,FS_NC_90d_035,EXP_FS_NC_90d,Normal Concrete,90,Flexural Strength,False,4.874,13.7504,8.8764
TabPFN_Pretrained,V2_ENGINEERED,1,FS_NC_90d_036,EXP_FS_NC_90d,Normal Concrete,90,Flexural Strength,False,5.06,13.7504,8.6904
TabPFN_Pretrained,V2_ENGINEERED,1,FS_NC_90d_037,EXP_FS_NC_90d,Normal Concrete,90,Flexural Strength,False,4.51,13.7504,9.2404
TabPFN_Pretrained,V2_ENGINEERED,1,FS_NC_90d_038,EXP_FS_NC_90d,Normal Concrete,90,Flexural Strength,False,4.496,13.7504,9.2544
TabPFN_Pretrained,V2_ENGINEERED,1,FS_NC_90d_039,EXP_FS_NC_90d,Normal Concrete,90,Flexural Strength,False,4.721,13.7504,9.0294
TabPFN_Pretrained,V2_ENGINEERED,1,FS_NC_90d_040,EXP_FS_NC_90d,Normal Concrete,90,Flexural Strength,False,4.595,13.7504,9.1554
TabPFN_Pretrained,V2_ENGINEERED,1,FS_NC_90d_041,EXP_FS_NC_90d,Normal Concrete,90,Flexural Strength,False,4.652,13.7504,9.0984
TabPFN_Pretrained,V2_ENGINEERED,1,FS_NC_90d_042,EXP_FS_NC_90d,Normal Concrete,90,Flexural Strength,False,5.134,13.7504,8.6164
TabPFN_Pretrained,V2_ENGINEERED,1,FS_NC_90d_043,EXP_FS_NC_90d,Normal Concrete,90,Flexural Strength,False,5.263,13.7504,8.4874
TabPFN_Pretrained,V2_ENGINEERED,1,FS_NC_90d_044,EXP_FS_NC_90d,Normal Concrete,90,Flexural Strength,False,4.996,13.7504,8.7544
TabPFN_Pretrained,V2_ENGINEERED,1,FS_NC_90d_045,EXP_FS_NC_90d,Normal Concrete,90,Flexural Strength,False,4.907,13.7504,8.8434
TabPFN_Pretrained,V2_ENGINEERED,1,FS_NC_90d_046,EXP_FS_NC_90d,Normal Concrete,90,Flexural Strength,False,5.037,13.7504,8.7134
TabPFN_Pretrained,V2_ENGINEERED,1,FS_NC_90d_047,EXP_FS_NC_90d,Normal Concrete,90,Flexural Strength,False,5.045,13.7504,8.7054
TabPFN_Pretrained,V2_ENGINEERED,1,FS_NC_90d_048,EXP_FS_NC_90d,Normal Concrete,90,Flexural Strength,False,4.744,13.7504,9.0064
TabPFN_Pretrained,V2_ENGINEERED,1,FS_NC_90d_049,EXP_FS_NC_90d,Normal Concrete,90,Flexural Strength,False,5.359,13.7504,8.3914
TabPFN_Pretrained,V2_ENGINEERED,1,FS_NC_90d_050,EXP_FS_NC_90d,Normal Concrete,90,Flexural Strength,False,4.491,13.7504,9.2594
TabPFN_Pretrained,V2_ENGINEERED,1,FS_NC_90d_051,EXP_FS_NC_90d,Normal Concrete,90,Flexural Strength,False,4.54,13.7504,9.2104
TabPFN_Pretrained,V2_ENGINEERED,1,FS_NC_90d_052,EXP_FS_NC_90d,Normal Concrete,90,Flexural Strength,False,4.828,13.7504,8.9224
TabPFN_Pretrained,V2_ENGINEERED,1,FS_NC_90d_053,EXP_FS_NC_90d,Normal Concrete,90,Flexural Strength,False,4.679,13.7504,9.0714
TabPFN_Pretrained,V2_ENGINEERED,1,FS_NC_90d_054,EXP_FS_NC_90d,Normal Concrete,90,Flexural Strength,False,4.875,13.7504,8.8754
TabPFN_Pretrained,V2_ENGINEERED,1,FS_NC_90d_055,EXP_FS_NC_90d,Normal Concrete,90,Flexural Strength,False,4.892,13.7504,8.8584
TabPFN_Pretrained,V2_ENGINEERED,1,FS_NC_90d_056,EXP_FS_NC_90d,Normal Concrete,90,Flexural Strength,False,4.94,13.7504,8.8104
TabPFN_Pretrained,V2_ENGINEERED,1,FS_NC_90d_057,EXP_FS_NC_90d,Normal Concrete,90,Flexural Strength,False,4.962,13.7504,8.7884
TabPFN_Pretrained,V2_ENGINEERED,1,FS_NC_90d_058,EXP_FS_NC_90d,Normal Concrete,90,Flexural Strength,False,5.116,13.7504,8.6344
TabPFN_Pretrained,V2_ENGINEERED,1,FS_NC_90d_059,EXP_FS_NC_90d,Normal Concrete,90,Flexural Strength,False,4.521,13.7504,9.2294
TabPFN_Pretrained,V2_ENGINEERED,1,FS_NC_90d_060,EXP_FS_NC_90d,Normal Concrete,90,Flexural Strength,False,4.59,13.7504,9.1604
TabPFN_Pretrained,V2_ENGINEERED,1,FS_NC_90d_061,EXP_FS_NC_90d,Normal Concrete,90,Flexural Strength,False,5.215,13.7504,8.5354
TabPFN_Pretrained,V2_ENGINEERED,1,FS_NC_90d_062,EXP_FS_NC_90d,Normal Concrete,90,Flexural Strength,False,4.53,13.7504,9.2204
TabPFN_Pretrained,V2_ENGINEERED,1,FS_NC_90d_063,EXP_FS_NC_90d,Normal Concrete,90,Flexural Strength,False,4.78,13.7504,8.9704
TabPFN_Pretrained,V2_ENGINEERED,1,FS_NC_90d_064,EXP_FS_NC_90d,Normal Concrete,90,Flexural Strength,False,4.856,13.7504,8.8944
TabPFN_Pretrained,V2_ENGINEERED,1,FS_NC_90d_065,EXP_FS_NC_90d,Normal Concrete,90,Flexural Strength,False,4.794,13.7504,8.9564
TabPFN_Pretrained,V2_ENGINEERED,1,FS_NC_90d_066,EXP_FS_NC_90d,Normal Concrete,90,Flexural Strength,False,4.875,13.7504,8.8754
TabPFN_Pretrained,V2_ENGINEERED,1,FS_NC_90d_067,EXP_FS_NC_90d,Normal Concrete,90,Flexural Strength,False,5.037,13.7504,8.7134
TabPFN_Pretrained,V2_ENGINEERED,1,FS_NC_90d_068,EXP_FS_NC_90d,Normal Concrete,90,Flexural Strength,False,4.539,13.7504,9.2114
TabPFN_Pretrained,V2_ENGINEERED,1,FS_NC_90d_069,EXP_FS_NC_90d,Normal Concrete,90,Flexural Strength,False,4.774,13.7504,8.9764
TabPFN_Pretrained,V2_ENGINEERED,1,FS_NC_90d_070,EXP_FS_NC_90d,Normal Concrete,90,Flexural Strength,False,4.78,13.7504,8.9704
TabPFN_Pretrained,V2_ENGINEERED,1,FS_NC_90d_071,EXP_FS_NC_90d,Normal Concrete,90,Flexural Strength,False,5.25,13.7504,8.5004
TabPFN_Pretrained,V2_ENGINEERED,1,FS_NC_90d_072,EXP_FS_NC_90d,Normal Concrete,90,Flexural Strength,False,5.19,13.7504,8.5604
TabPFN_Pretrained,V2_ENGINEERED,1,FS_NC_90d_073,EXP_FS_NC_90d,Normal Concrete,90,Flexural Strength,False,5.215,13.7504,8.5354
TabPFN_Pretrained,V2_ENGINEERED,1,FS_NC_90d_074,EXP_FS_NC_90d,Normal Concrete,90,Flexural Strength,False,5.006,13.7504,8.7444
TabPFN_Pretrained,V2_ENGINEERED,1,FS_NC_90d_075,EXP_FS_NC_90d,Normal Concrete,90,Flexural Strength,False,5.224,13.7504,8.5264
TabPFN_Pretrained,V2_ENGINEERED,1,FS_NC_90d_076,EXP_FS_NC_90d,Normal Concrete,90,Flexural Strength,False,4.92,13.7504,8.8304
TabPFN_Pretrained,V2_ENGINEERED,1,FS_NC_90d_077,EXP_FS_NC_90d,Normal Concrete,90,Flexural Strength,False,5.207,13.7504,8.5434
TabPFN_Pretrained,V2_ENGINEERED,1,FS_NC_90d_078,EXP_FS_NC_90d,Normal Concrete,90,Flexural Strength,False,4.804,13.7504,8.9464
TabPFN_Pretrained,V2_ENGINEERED,1,FS_NC_90d_079,EXP_FS_NC_90d,Normal Concrete,90,Flexural Strength,False,4.354,13.7504,9.3964
TabPFN_Pretrained,V2_ENGINEERED,1,FS_NC_90d_080,EXP_FS_NC_90d,Normal Concrete,90,Flexural Strength,False,5.105,13.7504,8.6454
TabPFN_Pretrained,V2_ENGINEERED,1,FS_NC_90d_081,EXP_FS_NC_90d,Normal Concrete,90,Flexural Strength,False,5.158,13.7504,8.5924
TabPFN_Pretrained,V2_ENGINEERED,1,FS_NC_90d_082,EXP_FS_NC_90d,Normal Concrete,90,Flexural Strength,False,4.489,13.7504,9.2614
TabPFN_Pretrained,V2_ENGINEERED,1,FS_NC_90d_083,EXP_FS_NC_90d,Normal Concrete,90,Flexural Strength,False,4.618,13.7504,9.1324
TabPFN_Pretrained,V2_ENGINEERED,1,FS_NC_90d_084,EXP_FS_NC_90d,Normal Concrete,90,Flexural Strength,False,5.26,13.7504,8.4904
TabPFN_Pretrained,V2_ENGINEERED,1,FS_NC_90d_085,EXP_FS_NC_90d,Normal Concrete,90,Flexural Strength,False,5.217,13.7504,8.5334
TabPFN_Pretrained,V2_ENGINEERED,1,FS_NC_90d_086,EXP_FS_NC_90d,Normal Concrete,90,Flexural Strength,False,4.65,13.7504,9.1004
TabPFN_Pretrained,V2_ENGINEERED,1,FS_NC_90d_087,EXP_FS_NC_90d,Normal Concrete,90,Flexural Strength,False,5.179,13.7504,8.5714
TabPFN_Pretrained,V2_ENGINEERED,1,FS_NC_90d_088,EXP_FS_NC_90d,Normal Concrete,90,Flexural Strength,False,4.671,13.7504,9.0794
TabPFN_Pretrained,V2_ENGINEERED,1,FS_NC_90d_089,EXP_FS_NC_90d,Normal Concrete,90,Flexural Strength,False,5.221,13.7504,8.5294
TabPFN_Pretrained,V2_ENGINEERED,1,FS_NC_90d_090,EXP_FS_NC_90d,Normal Concrete,90,Flexural Strength,False,4.794,13.7504,8.9564
TabPFN_Pretrained,V2_ENGINEERED,1,FS_NC_90d_091,EXP_FS_NC_90d,Normal Concrete,90,Flexural Strength,False,5.503,13.7504,8.2474
TabPFN_Pretrained,V2_ENGINEERED,1,FS_NC_90d_092,EXP_FS_NC_90d,Normal Concrete,90,Flexural Strength,False,5.123,13.7504,8.6274
TabPFN_Pretrained,V2_ENGINEERED,1,FS_NC_90d_093,EXP_FS_NC_90d,Normal Concrete,90,Flexural Strength,False,4.678,13.7504,9.0724
TabPFN_Pretrained,V2_ENGINEERED,1,FS_NC_90d_094,EXP_FS_NC_90d,Normal Concrete,90,Flexural Strength,False,4.606,13.7504,9.1444
TabPFN_Pretrained,V2_ENGINEERED,1,FS_NC_90d_095,EXP_FS_NC_90d,Normal Concrete,90,Flexural Strength,False,4.895,13.7504,8.8554
TabPFN_Pretrained,V2_ENGINEERED,1,FS_NC_90d_096,EXP_FS_NC_90d,Normal Concrete,90,Flexural Strength,False,5.091,13.7504,8.6594
TabPFN_Pretrained,V2_ENGINEERED,1,FS_NC_90d_097,EXP_FS_NC_90d,Normal Concrete,90,Flexural Strength,False,4.684,13.7504,9.0664
TabPFN_Pretrained,V2_ENGINEERED,1,FS_NC_90d_098,EXP_FS_NC_90d,Normal Concrete,90,Flexural Strength,False,5.061,13.7504,8.6894
TabPFN_Pretrained,V2_ENGINEERED,1,FS_NC_90d_099,EXP_FS_NC_90d,Normal Concrete,90,Flexural Strength,False,4.898,13.7504,8.8524
TabPFN_Pretrained,V2_ENGINEERED,1,FS_NC_90d_100,EXP_FS_NC_90d,Normal Concrete,90,Flexural Strength,False,4.345,13.7504,9.4054
TabPFN_Pretrained,V2_ENGINEERED,1,FS_BC_56d_001,EXP_FS_BC_56d,Bacterial Concrete,56,Flexural Strength,True,5.263,10.7068,5.4438
TabPFN_Pretrained,V2_ENGINEERED,1,FS_BC_56d_002,EXP_FS_BC_56d,Bacterial Concrete,56,Flexural Strength,True,5.395,10.7068,5.3118
TabPFN_Pretrained,V2_ENGINEERED,1,FS_BC_56d_003,EXP_FS_BC_56d,Bacterial Concrete,56,Flexural Strength,True,5.752,10.7068,4.9548
TabPFN_Pretrained,V2_ENGINEERED,1,FS_BC_56d_004,EXP_FS_BC_56d,Bacterial Concrete,56,Flexural Strength,True,5.725,10.7068,4.9818
TabPFN_Pretrained,V2_ENGINEERED,1,FS_BC_56d_005,EXP_FS_BC_56d,Bacterial Concrete,56,Flexural Strength,True,5.966,10.7068,4.7408
TabPFN_Pretrained,V2_ENGINEERED,1,FS_BC_56d_006,EXP_FS_BC_56d,Bacterial Concrete,56,Flexural Strength,True,5.526,10.7068,5.1808
TabPFN_Pretrained,V2_ENGINEERED,1,FS_BC_56d_007,EXP_FS_BC_56d,Bacterial Concrete,56,Flexural Strength,True,5.399,10.7068,5.3078
TabPFN_Pretrained,V2_ENGINEERED,1,FS_BC_56d_008,EXP_FS_BC_56d,Bacterial Concrete,56,Flexural Strength,True,5.401,10.7068,5.3058
TabPFN_Pretrained,V2_ENGINEERED,1,FS_BC_56d_009,EXP_FS_BC_56d,Bacterial Concrete,56,Flexural Strength,True,5.788,10.7068,4.9188
TabPFN_Pretrained,V2_ENGINEERED,1,FS_BC_56d_010,EXP_FS_BC_56d,Bacterial Concrete,56,Flexural Strength,True,5.727,10.7068,4.9798
TabPFN_Pretrained,V2_ENGINEERED,1,FS_BC_56d_011,EXP_FS_BC_56d,Bacterial Concrete,56,Flexural Strength,True,5.543,10.7068,5.1638
TabPFN_Pretrained,V2_ENGINEERED,1,FS_BC_56d_012,EXP_FS_BC_56d,Bacterial Concrete,56,Flexural Strength,True,5.484,10.7068,5.2228
TabPFN_Pretrained,V2_ENGINEERED,1,FS_BC_56d_013,EXP_FS_BC_56d,Bacterial Concrete,56,Flexural Strength,True,5.61,10.7068,5.0968
TabPFN_Pretrained,V2_ENGINEERED,1,FS_BC_56d_014,EXP_FS_BC_56d,Bacterial Concrete,56,Flexural Strength,True,5.308,10.7068,5.3988
TabPFN_Pretrained,V2_ENGINEERED,1,FS_BC_56d_015,EXP_FS_BC_56d,Bacterial Concrete,56,Flexural Strength,True,5.453,10.7068,5.2538
TabPFN_Pretrained,V2_ENGINEERED,1,FS_BC_56d_016,EXP_FS_BC_56d,Bacterial Concrete,56,Flexural Strength,True,5.64,10.7068,5.0668
TabPFN_Pretrained,V2_ENGINEERED,1,FS_BC_56d_017,EXP_FS_BC_56d,Bacterial Concrete,56,Flexural Strength,True,5.432,10.7068,5.2748
TabPFN_Pretrained,V2_ENGINEERED,1,FS_BC_56d_018,EXP_FS_BC_56d,Bacterial Concrete,56,Flexural Strength,True,5.719,10.7068,4.9878
TabPFN_Pretrained,V2_ENGINEERED,1,FS_BC_56d_019,EXP_FS_BC_56d,Bacterial Concrete,56,Flexural Strength,True,6.058,10.7068,4.6488
TabPFN_Pretrained,V2_ENGINEERED,1,FS_BC_56d_020,EXP_FS_BC_56d,Bacterial Concrete,56,Flexural Strength,True,5.47,10.7068,5.2368
TabPFN_Pretrained,V2_ENGINEERED,1,FS_BC_56d_021,EXP_FS_BC_56d,Bacterial Concrete,56,Flexural Strength,True,5.695,10.7068,5.0118
TabPFN_Pretrained,V2_ENGINEERED,1,FS_BC_56d_022,EXP_FS_BC_56d,Bacterial Concrete,56,Flexural Strength,True,5.202,10.7068,5.5048
TabPFN_Pretrained,V2_ENGINEERED,1,FS_BC_56d_023,EXP_FS_BC_56d,Bacterial Concrete,56,Flexural Strength,True,5.131,10.7068,5.5758
TabPFN_Pretrained,V2_ENGINEERED,1,FS_BC_56d_024,EXP_FS_BC_56d,Bacterial Concrete,56,Flexural Strength,True,5.479,10.7068,5.2278
TabPFN_Pretrained,V2_ENGINEERED,1,FS_BC_56d_025,EXP_FS_BC_56d,Bacterial Concrete,56,Flexural Strength,True,5.74,10.7068,4.9668
TabPFN_Pretrained,V2_ENGINEERED,1,FS_BC_56d_026,EXP_FS_BC_56d,Bacterial Concrete,56,Flexural Strength,True,5.343,10.7068,5.3638
TabPFN_Pretrained,V2_ENGINEERED,1,FS_BC_56d_027,EXP_FS_BC_56d,Bacterial Concrete,56,Flexural Strength,True,5.248,10.7068,5.4588
TabPFN_Pretrained,V2_ENGINEERED,1,FS_BC_56d_028,EXP_FS_BC_56d,Bacterial Concrete,56,Flexural Strength,True,5.318,10.7068,5.3888
TabPFN_Pretrained,V2_ENGINEERED,1,FS_BC_56d_029,EXP_FS_BC_56d,Bacterial Concrete,56,Flexural Strength,True,5.701,10.7068,5.0058
TabPFN_Pretrained,V2_ENGINEERED,1,FS_BC_56d_030,EXP_FS_BC_56d,Bacterial Concrete,56,Flexural Strength,True,5.609,10.7068,5.0978
TabPFN_Pretrained,V2_ENGINEERED,1,FS_BC_56d_031,EXP_FS_BC_56d,Bacterial Concrete,56,Flexural Strength,True,5.879,10.7068,4.8278
TabPFN_Pretrained,V2_ENGINEERED,1,FS_BC_56d_032,EXP_FS_BC_56d,Bacterial Concrete,56,Flexural Strength,True,5.633,10.7068,5.0738
TabPFN_Pretrained,V2_ENGINEERED,1,FS_BC_56d_033,EXP_FS_BC_56d,Bacterial Concrete,56,Flexural Strength,True,5.12,10.7068,5.5868
TabPFN_Pretrained,V2_ENGINEERED,1,FS_BC_56d_034,EXP_FS_BC_56d,Bacterial Concrete,56,Flexural Strength,True,5.09,10.7068,5.6168
TabPFN_Pretrained,V2_ENGINEERED,1,FS_BC_56d_035,EXP_FS_BC_56d,Bacterial Concrete,56,Flexural Strength,True,5.504,10.7068,5.2028
TabPFN_Pretrained,V2_ENGINEERED,1,FS_BC_56d_036,EXP_FS_BC_56d,Bacterial Concrete,56,Flexural Strength,True,5.709,10.7068,4.9978
TabPFN_Pretrained,V2_ENGINEERED,1,FS_BC_56d_037,EXP_FS_BC_56d,Bacterial Concrete,56,Flexural Strength,True,5.659,10.7068,5.0478
TabPFN_Pretrained,V2_ENGINEERED,1,FS_BC_56d_038,EXP_FS_BC_56d,Bacterial Concrete,56,Flexural Strength,True,5.577,10.7068,5.1298
TabPFN_Pretrained,V2_ENGINEERED,1,FS_BC_56d_039,EXP_FS_BC_56d,Bacterial Concrete,56,Flexural Strength,True,5.93,10.7068,4.7768
TabPFN_Pretrained,V2_ENGINEERED,1,FS_BC_56d_040,EXP_FS_BC_56d,Bacterial Concrete,56,Flexural Strength,True,5.727,10.7068,4.9798
TabPFN_Pretrained,V2_ENGINEERED,1,FS_BC_56d_041,EXP_FS_BC_56d,Bacterial Concrete,56,Flexural Strength,True,5.554,10.7068,5.1528
TabPFN_Pretrained,V2_ENGINEERED,1,FS_BC_56d_042,EXP_FS_BC_56d,Bacterial Concrete,56,Flexural Strength,True,5.647,10.7068,5.0598
TabPFN_Pretrained,V2_ENGINEERED,1,FS_BC_56d_043,EXP_FS_BC_56d,Bacterial Concrete,56,Flexural Strength,True,5.685,10.7068,5.0218
TabPFN_Pretrained,V2_ENGINEERED,1,FS_BC_56d_044,EXP_FS_BC_56d,Bacterial Concrete,56,Flexural Strength,True,5.421,10.7068,5.2858
TabPFN_Pretrained,V2_ENGINEERED,1,FS_BC_56d_045,EXP_FS_BC_56d,Bacterial Concrete,56,Flexural Strength,True,5.379,10.7068,5.3278
TabPFN_Pretrained,V2_ENGINEERED,1,FS_BC_56d_046,EXP_FS_BC_56d,Bacterial Concrete,56,Flexural Strength,True,5.163,10.7068,5.5438
TabPFN_Pretrained,V2_ENGINEERED,1,FS_BC_56d_047,EXP_FS_BC_56d,Bacterial Concrete,56,Flexural Strength,True,5.645,10.7068,5.0618
TabPFN_Pretrained,V2_ENGINEERED,1,FS_BC_56d_048,EXP_FS_BC_56d,Bacterial Concrete,56,Flexural Strength,True,5.448,10.7068,5.2588
TabPFN_Pretrained,V2_ENGINEERED,1,FS_BC_56d_049,EXP_FS_BC_56d,Bacterial Concrete,56,Flexural Strength,True,5.191,10.7068,5.5158
TabPFN_Pretrained,V2_ENGINEERED,1,FS_BC_56d_050,EXP_FS_BC_56d,Bacterial Concrete,56,Flexural Strength,True,5.816,10.7068,4.8908
TabPFN_Pretrained,V2_ENGINEERED,1,FS_BC_56d_051,EXP_FS_BC_56d,Bacterial Concrete,56,Flexural Strength,True,5.222,10.7068,5.4848
TabPFN_Pretrained,V2_ENGINEERED,1,FS_BC_56d_052,EXP_FS_BC_56d,Bacterial Concrete,56,Flexural Strength,True,5.407,10.7068,5.2998
TabPFN_Pretrained,V2_ENGINEERED,1,FS_BC_56d_053,EXP_FS_BC_56d,Bacterial Concrete,56,Flexural Strength,True,5.241,10.7068,5.4658
TabPFN_Pretrained,V2_ENGINEERED,1,FS_BC_56d_054,EXP_FS_BC_56d,Bacterial Concrete,56,Flexural Strength,True,5.835,10.7068,4.8718
TabPFN_Pretrained,V2_ENGINEERED,1,FS_BC_56d_055,EXP_FS_BC_56d,Bacterial Concrete,56,Flexural Strength,True,5.547,10.7068,5.1598
TabPFN_Pretrained,V2_ENGINEERED,1,FS_BC_56d_056,EXP_FS_BC_56d,Bacterial Concrete,56,Flexural Strength,True,5.973,10.7068,4.7338
TabPFN_Pretrained,V2_ENGINEERED,1,FS_BC_56d_057,EXP_FS_BC_56d,Bacterial Concrete,56,Flexural Strength,True,5.593,10.7068,5.1138
TabPFN_Pretrained,V2_ENGINEERED,1,FS_BC_56d_058,EXP_FS_BC_56d,Bacterial Concrete,56,Flexural Strength,True,5.354,10.7068,5.3528
TabPFN_Pretrained,V2_ENGINEERED,1,FS_BC_56d_059,EXP_FS_BC_56d,Bacterial Concrete,56,Flexural Strength,True,5.405,10.7068,5.3018
TabPFN_Pretrained,V2_ENGINEERED,1,FS_BC_56d_060,EXP_FS_BC_56d,Bacterial Concrete,56,Flexural Strength,True,5.593,10.7068,5.1138
TabPFN_Pretrained,V2_ENGINEERED,1,FS_BC_56d_061,EXP_FS_BC_56d,Bacterial Concrete,56,Flexural Strength,True,5.524,10.7068,5.1828
TabPFN_Pretrained,V2_ENGINEERED,1,FS_BC_56d_062,EXP_FS_BC_56d,Bacterial Concrete,56,Flexural Strength,True,5.812,10.7068,4.8948
TabPFN_Pretrained,V2_ENGINEERED,1,FS_BC_56d_063,EXP_FS_BC_56d,Bacterial Concrete,56,Flexural Strength,True,5.364,10.7068,5.3428
TabPFN_Pretrained,V2_ENGINEERED,1,FS_BC_56d_064,EXP_FS_BC_56d,Bacterial Concrete,56,Flexural Strength,True,5.224,10.7068,5.4828
TabPFN_Pretrained,V2_ENGINEERED,1,FS_BC_56d_065,EXP_FS_BC_56d,Bacterial Concrete,56,Flexural Strength,True,6.172,10.7068,4.5348
TabPFN_Pretrained,V2_ENGINEERED,1,FS_BC_56d_066,EXP_FS_BC_56d,Bacterial Concrete,56,Flexural Strength,True,5.242,10.7068,5.4648
TabPFN_Pretrained,V2_ENGINEERED,1,FS_BC_56d_067,EXP_FS_BC_56d,Bacterial Concrete,56,Flexural Strength,True,5.392,10.7068,5.3148
TabPFN_Pretrained,V2_ENGINEERED,1,FS_BC_56d_068,EXP_FS_BC_56d,Bacterial Concrete,56,Flexural Strength,True,5.709,10.7068,4.9978
TabPFN_Pretrained,V2_ENGINEERED,1,FS_BC_56d_069,EXP_FS_BC_56d,Bacterial Concrete,56,Flexural Strength,True,5.378,10.7068,5.3288
TabPFN_Pretrained,V2_ENGINEERED,1,FS_BC_56d_070,EXP_FS_BC_56d,Bacterial Concrete,56,Flexural Strength,True,5.473,10.7068,5.2338
TabPFN_Pretrained,V2_ENGINEERED,1,FS_BC_56d_071,EXP_FS_BC_56d,Bacterial Concrete,56,Flexural Strength,True,5.777,10.7068,4.9298
TabPFN_Pretrained,V2_ENGINEERED,1,FS_BC_56d_072,EXP_FS_BC_56d,Bacterial Concrete,56,Flexural Strength,True,4.918,10.7068,5.7888
TabPFN_Pretrained,V2_ENGINEERED,1,FS_BC_56d_073,EXP_FS_BC_56d,Bacterial Concrete,56,Flexural Strength,True,5.166,10.7068,5.5408
TabPFN_Pretrained,V2_ENGINEERED,1,FS_BC_56d_074,EXP_FS_BC_56d,Bacterial Concrete,56,Flexural Strength,True,5.389,10.7068,5.3178
TabPFN_Pretrained,V2_ENGINEERED,1,FS_BC_56d_075,EXP_FS_BC_56d,Bacterial Concrete,56,Flexural Strength,True,5.17,10.7068,5.5368
TabPFN_Pretrained,V2_ENGINEERED,1,FS_BC_56d_076,EXP_FS_BC_56d,Bacterial Concrete,56,Flexural Strength,True,5.503,10.7068,5.2038
TabPFN_Pretrained,V2_ENGINEERED,1,FS_BC_56d_077,EXP_FS_BC_56d,Bacterial Concrete,56,Flexural Strength,True,5.689,10.7068,5.0178
TabPFN_Pretrained,V2_ENGINEERED,1,FS_BC_56d_078,EXP_FS_BC_56d,Bacterial Concrete,56,Flexural Strength,True,5.987,10.7068,4.7198
TabPFN_Pretrained,V2_ENGINEERED,1,FS_BC_56d_079,EXP_FS_BC_56d,Bacterial Concrete,56,Flexural Strength,True,5.415,10.7068,5.2918
TabPFN_Pretrained,V2_ENGINEERED,1,FS_BC_56d_080,EXP_FS_BC_56d,Bacterial Concrete,56,Flexural Strength,True,5.855,10.7068,4.8518
TabPFN_Pretrained,V2_ENGINEERED,1,FS_BC_56d_081,EXP_FS_BC_56d,Bacterial Concrete,56,Flexural Strength,True,6.089,10.7068,4.6178
TabPFN_Pretrained,V2_ENGINEERED,1,FS_BC_56d_082,EXP_FS_BC_56d,Bacterial Concrete,56,Flexural Strength,True,5.619,10.7068,5.0878
TabPFN_Pretrained,V2_ENGINEERED,1,FS_BC_56d_083,EXP_FS_BC_56d,Bacterial Concrete,56,Flexural Strength,True,5.219,10.7068,5.4878
TabPFN_Pretrained,V2_ENGINEERED,1,FS_BC_56d_084,EXP_FS_BC_56d,Bacterial Concrete,56,Flexural Strength,True,5.129,10.7068,5.5778
TabPFN_Pretrained,V2_ENGINEERED,1,FS_BC_56d_085,EXP_FS_BC_56d,Bacterial Concrete,56,Flexural Strength,True,5.349,10.7068,5.3578
TabPFN_Pretrained,V2_ENGINEERED,1,FS_BC_56d_086,EXP_FS_BC_56d,Bacterial Concrete,56,Flexural Strength,True,5.739,10.7068,4.9678
TabPFN_Pretrained,V2_ENGINEERED,1,FS_BC_56d_087,EXP_FS_BC_56d,Bacterial Concrete,56,Flexural Strength,True,5.882,10.7068,4.8248
TabPFN_Pretrained,V2_ENGINEERED,1,FS_BC_56d_088,EXP_FS_BC_56d,Bacterial Concrete,56,Flexural Strength,True,5.548,10.7068,5.1588
TabPFN_Pretrained,V2_ENGINEERED,1,FS_BC_56d_089,EXP_FS_BC_56d,Bacterial Concrete,56,Flexural Strength,True,5.713,10.7068,4.9938
TabPFN_Pretrained,V2_ENGINEERED,1,FS_BC_56d_090,EXP_FS_BC_56d,Bacterial Concrete,56,Flexural Strength,True,5.721,10.7068,4.9858
TabPFN_Pretrained,V2_ENGINEERED,1,FS_BC_56d_091,EXP_FS_BC_56d,Bacterial Concrete,56,Flexural Strength,True,5.662,10.7068,5.0448
TabPFN_Pretrained,V2_ENGINEERED,1,FS_BC_56d_092,EXP_FS_BC_56d,Bacterial Concrete,56,Flexural Strength,True,5.434,10.7068,5.2728
TabPFN_Pretrained,V2_ENGINEERED,1,FS_BC_56d_093,EXP_FS_BC_56d,Bacterial Concrete,56,Flexural Strength,True,5.413,10.7068,5.2938
TabPFN_Pretrained,V2_ENGINEERED,1,FS_BC_56d_094,EXP_FS_BC_56d,Bacterial Concrete,56,Flexural Strength,True,5.328,10.7068,5.3788
TabPFN_Pretrained,V2_ENGINEERED,1,FS_BC_56d_095,EXP_FS_BC_56d,Bacterial Concrete,56,Flexural Strength,True,5.522,10.7068,5.1848
TabPFN_Pretrained,V2_ENGINEERED,1,FS_BC_56d_096,EXP_FS_BC_56d,Bacterial Concrete,56,Flexural Strength,True,5.637,10.7068,5.0698
TabPFN_Pretrained,V2_ENGINEERED,1,FS_BC_56d_097,EXP_FS_BC_56d,Bacterial Concrete,56,Flexural Strength,True,5.398,10.7068,5.3088
TabPFN_Pretrained,V2_ENGINEERED,1,FS_BC_56d_098,EXP_FS_BC_56d,Bacterial Concrete,56,Flexural Strength,True,5.622,10.7068,5.0848
TabPFN_Pretrained,V2_ENGINEERED,1,FS_BC_56d_099,EXP_FS_BC_56d,Bacterial Concrete,56,Flexural Strength,True,5.363,10.7068,5.3438
TabPFN_Pretrained,V2_ENGINEERED,1,FS_BC_56d_100,EXP_FS_BC_56d,Bacterial Concrete,56,Flexural Strength,True,5.413,10.7068,5.2938
TabPFN_Pretrained,V2_ENGINEERED,1,TS_NC_90d_001,EXP_TS_NC_90d,Normal Concrete,90,Split Tensile Strength,False,3.213,3.3749,0.1619
TabPFN_Pretrained,V2_ENGINEERED,1,TS_NC_90d_002,EXP_TS_NC_90d,Normal Concrete,90,Split Tensile Strength,False,3.11,3.3749,0.2649
TabPFN_Pretrained,V2_ENGINEERED,1,TS_NC_90d_003,EXP_TS_NC_90d,Normal Concrete,90,Split Tensile Strength,False,3.06,3.3749,0.3149
TabPFN_Pretrained,V2_ENGINEERED,1,TS_NC_90d_004,EXP_TS_NC_90d,Normal Concrete,90,Split Tensile Strength,False,3.239,3.3749,0.1359
TabPFN_Pretrained,V2_ENGINEERED,1,TS_NC_90d_005,EXP_TS_NC_90d,Normal Concrete,90,Split Tensile Strength,False,3.289,3.3749,0.0859
TabPFN_Pretrained,V2_ENGINEERED,1,TS_NC_90d_006,EXP_TS_NC_90d,Normal Concrete,90,Split Tensile Strength,False,3.301,3.3749,0.0739
TabPFN_Pretrained,V2_ENGINEERED,1,TS_NC_90d_007,EXP_TS_NC_90d,Normal Concrete,90,Split Tensile Strength,False,2.951,3.3749,0.4239
TabPFN_Pretrained,V2_ENGINEERED,1,TS_NC_90d_008,EXP_TS_NC_90d,Normal Concrete,90,Split Tensile Strength,False,3.02,3.3749,0.3549
TabPFN_Pretrained,V2_ENGINEERED,1,TS_NC_90d_009,EXP_TS_NC_90d,Normal Concrete,90,Split Tensile Strength,False,2.845,3.3749,0.5299
TabPFN_Pretrained,V2_ENGINEERED,1,TS_NC_90d_010,EXP_TS_NC_90d,Normal Concrete,90,Split Tensile Strength,False,3.064,3.3749,0.3109
TabPFN_Pretrained,V2_ENGINEERED,1,TS_NC_90d_011,EXP_TS_NC_90d,Normal Concrete,90,Split Tensile Strength,False,3.162,3.3749,0.2129
TabPFN_Pretrained,V2_ENGINEERED,1,TS_NC_90d_012,EXP_TS_NC_90d,Normal Concrete,90,Split Tensile Strength,False,3.08,3.3749,0.2949
TabPFN_Pretrained,V2_ENGINEERED,1,TS_NC_90d_013,EXP_TS_NC_90d,Normal Concrete,90,Split Tensile Strength,False,3.39,3.3749,-0.0151
TabPFN_Pretrained,V2_ENGINEERED,1,TS_NC_90d_014,EXP_TS_NC_90d,Normal Concrete,90,Split Tensile Strength,False,3.039,3.3749,0.3359
TabPFN_Pretrained,V2_ENGINEERED,1,TS_NC_90d_015,EXP_TS_NC_90d,Normal Concrete,90,Split Tensile Strength,False,2.937,3.3749,0.4379
TabPFN_Pretrained,V2_ENGINEERED,1,TS_NC_90d_016,EXP_TS_NC_90d,Normal Concrete,90,Split Tensile Strength,False,3.185,3.3749,0.1899
TabPFN_Pretrained,V2_ENGINEERED,1,TS_NC_90d_017,EXP_TS_NC_90d,Normal Concrete,90,Split Tensile Strength,False,3.122,3.3749,0.2529
TabPFN_Pretrained,V2_ENGINEERED,1,TS_NC_90d_018,EXP_TS_NC_90d,Normal Concrete,90,Split Tensile Strength,False,3.182,3.3749,0.1929
TabPFN_Pretrained,V2_ENGINEERED,1,TS_NC_90d_019,EXP_TS_NC_90d,Normal Concrete,90,Split Tensile Strength,False,3.146,3.3749,0.2289
TabPFN_Pretrained,V2_ENGINEERED,1,TS_NC_90d_020,EXP_TS_NC_90d,Normal Concrete,90,Split Tensile Strength,False,3.137,3.3749,0.2379
TabPFN_Pretrained,V2_ENGINEERED,1,TS_NC_90d_021,EXP_TS_NC_90d,Normal Concrete,90,Split Tensile Strength,False,2.782,3.3749,0.5929
TabPFN_Pretrained,V2_ENGINEERED,1,TS_NC_90d_022,EXP_TS_NC_90d,Normal Concrete,90,Split Tensile Strength,False,2.991,3.3749,0.3839
TabPFN_Pretrained,V2_ENGINEERED,1,TS_NC_90d_023,EXP_TS_NC_90d,Normal Concrete,90,Split Tensile Strength,False,3.011,3.3749,0.3639
TabPFN_Pretrained,V2_ENGINEERED,1,TS_NC_90d_024,EXP_TS_NC_90d,Normal Concrete,90,Split Tensile Strength,False,3.048,3.3749,0.3269
TabPFN_Pretrained,V2_ENGINEERED,1,TS_NC_90d_025,EXP_TS_NC_90d,Normal Concrete,90,Split Tensile Strength,False,3.033,3.3749,0.3419
TabPFN_Pretrained,V2_ENGINEERED,1,TS_NC_90d_026,EXP_TS_NC_90d,Normal Concrete,90,Split Tensile Strength,False,3.162,3.3749,0.2129
TabPFN_Pretrained,V2_ENGINEERED,1,TS_NC_90d_027,EXP_TS_NC_90d,Normal Concrete,90,Split Tensile Strength,False,3.19,3.3749,0.1849
TabPFN_Pretrained,V2_ENGINEERED,1,TS_NC_90d_028,EXP_TS_NC_90d,Normal Concrete,90,Split Tensile Strength,False,2.93,3.3749,0.4449
TabPFN_Pretrained,V2_ENGINEERED,1,TS_NC_90d_029,EXP_TS_NC_90d,Normal Concrete,90,Split Tensile Strength,False,3.203,3.3749,0.1719
TabPFN_Pretrained,V2_ENGINEERED,1,TS_NC_90d_030,EXP_TS_NC_90d,Normal Concrete,90,Split Tensile Strength,False,3.188,3.3749,0.1869
TabPFN_Pretrained,V2_ENGINEERED,1,TS_NC_90d_031,EXP_TS_NC_90d,Normal Concrete,90,Split Tensile Strength,False,3.17,3.3749,0.2049
TabPFN_Pretrained,V2_ENGINEERED,1,TS_NC_90d_032,EXP_TS_NC_90d,Normal Concrete,90,Split Tensile Strength,False,2.887,3.3749,0.4879
TabPFN_Pretrained,V2_ENGINEERED,1,TS_NC_90d_033,EXP_TS_NC_90d,Normal Concrete,90,Split Tensile Strength,False,3.166,3.3749,0.2089
TabPFN_Pretrained,V2_ENGINEERED,1,TS_NC_90d_034,EXP_TS_NC_90d,Normal Concrete,90,Split Tensile Strength,False,3.112,3.3749,0.2629
TabPFN_Pretrained,V2_ENGINEERED,1,TS_NC_90d_035,EXP_TS_NC_90d,Normal Concrete,90,Split Tensile Strength,False,3.244,3.3749,0.1309
TabPFN_Pretrained,V2_ENGINEERED,1,TS_NC_90d_036,EXP_TS_NC_90d,Normal Concrete,90,Split Tensile Strength,False,3.368,3.3749,0.0069
TabPFN_Pretrained,V2_ENGINEERED,1,TS_NC_90d_037,EXP_TS_NC_90d,Normal Concrete,90,Split Tensile Strength,False,3.338,3.3749,0.0369
TabPFN_Pretrained,V2_ENGINEERED,1,TS_NC_90d_038,EXP_TS_NC_90d,Normal Concrete,90,Split Tensile Strength,False,3.117,3.3749,0.2579
TabPFN_Pretrained,V2_ENGINEERED,1,TS_NC_90d_039,EXP_TS_NC_90d,Normal Concrete,90,Split Tensile Strength,False,3.1,3.3749,0.2749
TabPFN_Pretrained,V2_ENGINEERED,1,TS_NC_90d_040,EXP_TS_NC_90d,Normal Concrete,90,Split Tensile Strength,False,3.195,3.3749,0.1799
TabPFN_Pretrained,V2_ENGINEERED,1,TS_NC_90d_041,EXP_TS_NC_90d,Normal Concrete,90,Split Tensile Strength,False,2.933,3.3749,0.4419
TabPFN_Pretrained,V2_ENGINEERED,1,TS_NC_90d_042,EXP_TS_NC_90d,Normal Concrete,90,Split Tensile Strength,False,2.882,3.3749,0.4929
TabPFN_Pretrained,V2_ENGINEERED,1,TS_NC_90d_043,EXP_TS_NC_90d,Normal Concrete,90,Split Tensile Strength,False,3.029,3.3749,0.3459
TabPFN_Pretrained,V2_ENGINEERED,1,TS_NC_90d_044,EXP_TS_NC_90d,Normal Concrete,90,Split Tensile Strength,False,3.283,3.3749,0.0919
TabPFN_Pretrained,V2_ENGINEERED,1,TS_NC_90d_045,EXP_TS_NC_90d,Normal Concrete,90,Split Tensile Strength,False,3.05,3.3749,0.3249
TabPFN_Pretrained,V2_ENGINEERED,1,TS_NC_90d_046,EXP_TS_NC_90d,Normal Concrete,90,Split Tensile Strength,False,3.325,3.3749,0.0499
TabPFN_Pretrained,V2_ENGINEERED,1,TS_NC_90d_047,EXP_TS_NC_90d,Normal Concrete,90,Split Tensile Strength,False,2.682,3.3749,0.6929
TabPFN_Pretrained,V2_ENGINEERED,1,TS_NC_90d_048,EXP_TS_NC_90d,Normal Concrete,90,Split Tensile Strength,False,2.862,3.3749,0.5129
TabPFN_Pretrained,V2_ENGINEERED,1,TS_NC_90d_049,EXP_TS_NC_90d,Normal Concrete,90,Split Tensile Strength,False,3.081,3.3749,0.2939
TabPFN_Pretrained,V2_ENGINEERED,1,TS_NC_90d_050,EXP_TS_NC_90d,Normal Concrete,90,Split Tensile Strength,False,3.233,3.3749,0.1419
TabPFN_Pretrained,V2_ENGINEERED,1,TS_NC_90d_051,EXP_TS_NC_90d,Normal Concrete,90,Split Tensile Strength,False,3.09,3.3749,0.2849
TabPFN_Pretrained,V2_ENGINEERED,1,TS_NC_90d_052,EXP_TS_NC_90d,Normal Concrete,90,Split Tensile Strength,False,3.086,3.3749,0.2889
TabPFN_Pretrained,V2_ENGINEERED,1,TS_NC_90d_053,EXP_TS_NC_90d,Normal Concrete,90,Split Tensile Strength,False,3.082,3.3749,0.2929
TabPFN_Pretrained,V2_ENGINEERED,1,TS_NC_90d_054,EXP_TS_NC_90d,Normal Concrete,90,Split Tensile Strength,False,2.836,3.3749,0.5389
TabPFN_Pretrained,V2_ENGINEERED,1,TS_NC_90d_055,EXP_TS_NC_90d,Normal Concrete,90,Split Tensile Strength,False,3.274,3.3749,0.1009
TabPFN_Pretrained,V2_ENGINEERED,1,TS_NC_90d_056,EXP_TS_NC_90d,Normal Concrete,90,Split Tensile Strength,False,2.998,3.3749,0.3769
TabPFN_Pretrained,V2_ENGINEERED,1,TS_NC_90d_057,EXP_TS_NC_90d,Normal Concrete,90,Split Tensile Strength,False,3.263,3.3749,0.1119
TabPFN_Pretrained,V2_ENGINEERED,1,TS_NC_90d_058,EXP_TS_NC_90d,Normal Concrete,90,Split Tensile Strength,False,3.089,3.3749,0.2859
TabPFN_Pretrained,V2_ENGINEERED,1,TS_NC_90d_059,EXP_TS_NC_90d,Normal Concrete,90,Split Tensile Strength,False,3.26,3.3749,0.1149
TabPFN_Pretrained,V2_ENGINEERED,1,TS_NC_90d_060,EXP_TS_NC_90d,Normal Concrete,90,Split Tensile Strength,False,3.151,3.3749,0.2239
TabPFN_Pretrained,V2_ENGINEERED,1,TS_NC_90d_061,EXP_TS_NC_90d,Normal Concrete,90,Split Tensile Strength,False,3.084,3.3749,0.2909
TabPFN_Pretrained,V2_ENGINEERED,1,TS_NC_90d_062,EXP_TS_NC_90d,Normal Concrete,90,Split Tensile Strength,False,3.134,3.3749,0.2409
TabPFN_Pretrained,V2_ENGINEERED,1,TS_NC_90d_063,EXP_TS_NC_90d,Normal Concrete,90,Split Tensile Strength,False,2.879,3.3749,0.4959
TabPFN_Pretrained,V2_ENGINEERED,1,TS_NC_90d_064,EXP_TS_NC_90d,Normal Concrete,90,Split Tensile Strength,False,3.101,3.3749,0.2739
TabPFN_Pretrained,V2_ENGINEERED,1,TS_NC_90d_065,EXP_TS_NC_90d,Normal Concrete,90,Split Tensile Strength,False,3.357,3.3749,0.0179
TabPFN_Pretrained,V2_ENGINEERED,1,TS_NC_90d_066,EXP_TS_NC_90d,Normal Concrete,90,Split Tensile Strength,False,3.296,3.3749,0.0789
TabPFN_Pretrained,V2_ENGINEERED,1,TS_NC_90d_067,EXP_TS_NC_90d,Normal Concrete,90,Split Tensile Strength,False,2.952,3.3749,0.4229
TabPFN_Pretrained,V2_ENGINEERED,1,TS_NC_90d_068,EXP_TS_NC_90d,Normal Concrete,90,Split Tensile Strength,False,3.176,3.3749,0.1989
TabPFN_Pretrained,V2_ENGINEERED,1,TS_NC_90d_069,EXP_TS_NC_90d,Normal Concrete,90,Split Tensile Strength,False,3.137,3.3749,0.2379
TabPFN_Pretrained,V2_ENGINEERED,1,TS_NC_90d_070,EXP_TS_NC_90d,Normal Concrete,90,Split Tensile Strength,False,3.223,3.3749,0.1519
TabPFN_Pretrained,V2_ENGINEERED,1,TS_NC_90d_071,EXP_TS_NC_90d,Normal Concrete,90,Split Tensile Strength,False,3.114,3.3749,0.2609
TabPFN_Pretrained,V2_ENGINEERED,1,TS_NC_90d_072,EXP_TS_NC_90d,Normal Concrete,90,Split Tensile Strength,False,3.065,3.3749,0.3099
TabPFN_Pretrained,V2_ENGINEERED,1,TS_NC_90d_073,EXP_TS_NC_90d,Normal Concrete,90,Split Tensile Strength,False,3.3,3.3749,0.0749
TabPFN_Pretrained,V2_ENGINEERED,1,TS_NC_90d_074,EXP_TS_NC_90d,Normal Concrete,90,Split Tensile Strength,False,3.132,3.3749,0.2429
TabPFN_Pretrained,V2_ENGINEERED,1,TS_NC_90d_075,EXP_TS_NC_90d,Normal Concrete,90,Split Tensile Strength,False,3.288,3.3749,0.0869
TabPFN_Pretrained,V2_ENGINEERED,1,TS_NC_90d_076,EXP_TS_NC_90d,Normal Concrete,90,Split Tensile Strength,False,3.246,3.3749,0.1289
TabPFN_Pretrained,V2_ENGINEERED,1,TS_NC_90d_077,EXP_TS_NC_90d,Normal Concrete,90,Split Tensile Strength,False,3.051,3.3749,0.3239
TabPFN_Pretrained,V2_ENGINEERED,1,TS_NC_90d_078,EXP_TS_NC_90d,Normal Concrete,90,Split Tensile Strength,False,3.075,3.3749,0.2999
TabPFN_Pretrained,V2_ENGINEERED,1,TS_NC_90d_079,EXP_TS_NC_90d,Normal Concrete,90,Split Tensile Strength,False,3.389,3.3749,-0.0141
TabPFN_Pretrained,V2_ENGINEERED,1,TS_NC_90d_080,EXP_TS_NC_90d,Normal Concrete,90,Split Tensile Strength,False,3.129,3.3749,0.2459
TabPFN_Pretrained,V2_ENGINEERED,1,TS_NC_90d_081,EXP_TS_NC_90d,Normal Concrete,90,Split Tensile Strength,False,2.986,3.3749,0.3889
TabPFN_Pretrained,V2_ENGINEERED,1,TS_NC_90d_082,EXP_TS_NC_90d,Normal Concrete,90,Split Tensile Strength,False,2.92,3.3749,0.4549
TabPFN_Pretrained,V2_ENGINEERED,1,TS_NC_90d_083,EXP_TS_NC_90d,Normal Concrete,90,Split Tensile Strength,False,3.246,3.3749,0.1289
TabPFN_Pretrained,V2_ENGINEERED,1,TS_NC_90d_084,EXP_TS_NC_90d,Normal Concrete,90,Split Tensile Strength,False,3.124,3.3749,0.2509
TabPFN_Pretrained,V2_ENGINEERED,1,TS_NC_90d_085,EXP_TS_NC_90d,Normal Concrete,90,Split Tensile Strength,False,2.981,3.3749,0.3939
TabPFN_Pretrained,V2_ENGINEERED,1,TS_NC_90d_086,EXP_TS_NC_90d,Normal Concrete,90,Split Tensile Strength,False,3.201,3.3749,0.1739
TabPFN_Pretrained,V2_ENGINEERED,1,TS_NC_90d_087,EXP_TS_NC_90d,Normal Concrete,90,Split Tensile Strength,False,3.124,3.3749,0.2509
TabPFN_Pretrained,V2_ENGINEERED,1,TS_NC_90d_088,EXP_TS_NC_90d,Normal Concrete,90,Split Tensile Strength,False,2.851,3.3749,0.5239
TabPFN_Pretrained,V2_ENGINEERED,1,TS_NC_90d_089,EXP_TS_NC_90d,Normal Concrete,90,Split Tensile Strength,False,3.188,3.3749,0.1869
TabPFN_Pretrained,V2_ENGINEERED,1,TS_NC_90d_090,EXP_TS_NC_90d,Normal Concrete,90,Split Tensile Strength,False,3.3,3.3749,0.0749
TabPFN_Pretrained,V2_ENGINEERED,1,TS_NC_90d_091,EXP_TS_NC_90d,Normal Concrete,90,Split Tensile Strength,False,3.484,3.3749,-0.1091
TabPFN_Pretrained,V2_ENGINEERED,1,TS_NC_90d_092,EXP_TS_NC_90d,Normal Concrete,90,Split Tensile Strength,False,3.105,3.3749,0.2699
TabPFN_Pretrained,V2_ENGINEERED,1,TS_NC_90d_093,EXP_TS_NC_90d,Normal Concrete,90,Split Tensile Strength,False,3.135,3.3749,0.2399
TabPFN_Pretrained,V2_ENGINEERED,1,TS_NC_90d_094,EXP_TS_NC_90d,Normal Concrete,90,Split Tensile Strength,False,3.341,3.3749,0.0339
TabPFN_Pretrained,V2_ENGINEERED,1,TS_NC_90d_095,EXP_TS_NC_90d,Normal Concrete,90,Split Tensile Strength,False,3.125,3.3749,0.2499
TabPFN_Pretrained,V2_ENGINEERED,1,TS_NC_90d_096,EXP_TS_NC_90d,Normal Concrete,90,Split Tensile Strength,False,3.141,3.3749,0.2339
TabPFN_Pretrained,V2_ENGINEERED,1,TS_NC_90d_097,EXP_TS_NC_90d,Normal Concrete,90,Split Tensile Strength,False,3.005,3.3749,0.3699
TabPFN_Pretrained,V2_ENGINEERED,1,TS_NC_90d_098,EXP_TS_NC_90d,Normal Concrete,90,Split Tensile Strength,False,2.891,3.3749,0.4839
TabPFN_Pretrained,V2_ENGINEERED,1,TS_NC_90d_099,EXP_TS_NC_90d,Normal Concrete,90,Split Tensile Strength,False,3.237,3.3749,0.1379
TabPFN_Pretrained,V2_ENGINEERED,1,TS_NC_90d_100,EXP_TS_NC_90d,Normal Concrete,90,Split Tensile Strength,False,2.909,3.3749,0.4659
TabPFN_Pretrained,V2_ENGINEERED,1,TS_BC_56d_001,EXP_TS_BC_56d,Bacterial Concrete,56,Split Tensile Strength,False,3.388,5.515,2.127
TabPFN_Pretrained,V2_ENGINEERED,1,TS_BC_56d_002,EXP_TS_BC_56d,Bacterial Concrete,56,Split Tensile Strength,False,3.585,5.515,1.93
TabPFN_Pretrained,V2_ENGINEERED,1,TS_BC_56d_003,EXP_TS_BC_56d,Bacterial Concrete,56,Split Tensile Strength,False,3.608,5.515,1.907
TabPFN_Pretrained,V2_ENGINEERED,1,TS_BC_56d_004,EXP_TS_BC_56d,Bacterial Concrete,56,Split Tensile Strength,False,3.35,5.515,2.165
TabPFN_Pretrained,V2_ENGINEERED,1,TS_BC_56d_005,EXP_TS_BC_56d,Bacterial Concrete,56,Split Tensile Strength,False,3.571,5.515,1.944
TabPFN_Pretrained,V2_ENGINEERED,1,TS_BC_56d_006,EXP_TS_BC_56d,Bacterial Concrete,56,Split Tensile Strength,False,3.22,5.515,2.295
TabPFN_Pretrained,V2_ENGINEERED,1,TS_BC_56d_007,EXP_TS_BC_56d,Bacterial Concrete,56,Split Tensile Strength,False,3.47,5.515,2.045
TabPFN_Pretrained,V2_ENGINEERED,1,TS_BC_56d_008,EXP_TS_BC_56d,Bacterial Concrete,56,Split Tensile Strength,False,3.33,5.515,2.185
TabPFN_Pretrained,V2_ENGINEERED,1,TS_BC_56d_009,EXP_TS_BC_56d,Bacterial Concrete,56,Split Tensile Strength,False,3.379,5.515,2.136
TabPFN_Pretrained,V2_ENGINEERED,1,TS_BC_56d_010,EXP_TS_BC_56d,Bacterial Concrete,56,Split Tensile Strength,False,3.309,5.515,2.206
TabPFN_Pretrained,V2_ENGINEERED,1,TS_BC_56d_011,EXP_TS_BC_56d,Bacterial Concrete,56,Split Tensile Strength,False,3.583,5.515,1.932
TabPFN_Pretrained,V2_ENGINEERED,1,TS_BC_56d_012,EXP_TS_BC_56d,Bacterial Concrete,56,Split Tensile Strength,False,3.583,5.515,1.932
TabPFN_Pretrained,V2_ENGINEERED,1,TS_BC_56d_013,EXP_TS_BC_56d,Bacterial Concrete,56,Split Tensile Strength,False,3.396,5.515,2.119
TabPFN_Pretrained,V2_ENGINEERED,1,TS_BC_56d_014,EXP_TS_BC_56d,Bacterial Concrete,56,Split Tensile Strength,False,3.556,5.515,1.959
TabPFN_Pretrained,V2_ENGINEERED,1,TS_BC_56d_015,EXP_TS_BC_56d,Bacterial Concrete,56,Split Tensile Strength,False,3.539,5.515,1.976
TabPFN_Pretrained,V2_ENGINEERED,1,TS_BC_56d_016,EXP_TS_BC_56d,Bacterial Concrete,56,Split Tensile Strength,False,3.481,5.515,2.034
TabPFN_Pretrained,V2_ENGINEERED,1,TS_BC_56d_017,EXP_TS_BC_56d,Bacterial Concrete,56,Split Tensile Strength,False,3.824,5.515,1.691
TabPFN_Pretrained,V2_ENGINEERED,1,TS_BC_56d_018,EXP_TS_BC_56d,Bacterial Concrete,56,Split Tensile Strength,False,3.374,5.515,2.141
TabPFN_Pretrained,V2_ENGINEERED,1,TS_BC_56d_019,EXP_TS_BC_56d,Bacterial Concrete,56,Split Tensile Strength,False,3.502,5.515,2.013
TabPFN_Pretrained,V2_ENGINEERED,1,TS_BC_56d_020,EXP_TS_BC_56d,Bacterial Concrete,56,Split Tensile Strength,False,3.443,5.515,2.072
TabPFN_Pretrained,V2_ENGINEERED,1,TS_BC_56d_021,EXP_TS_BC_56d,Bacterial Concrete,56,Split Tensile Strength,False,3.444,5.515,2.071
TabPFN_Pretrained,V2_ENGINEERED,1,TS_BC_56d_022,EXP_TS_BC_56d,Bacterial Concrete,56,Split Tensile Strength,False,3.524,5.515,1.991
TabPFN_Pretrained,V2_ENGINEERED,1,TS_BC_56d_023,EXP_TS_BC_56d,Bacterial Concrete,56,Split Tensile Strength,False,3.456,5.515,2.059
TabPFN_Pretrained,V2_ENGINEERED,1,TS_BC_56d_024,EXP_TS_BC_56d,Bacterial Concrete,56,Split Tensile Strength,False,3.371,5.515,2.144
TabPFN_Pretrained,V2_ENGINEERED,1,TS_BC_56d_025,EXP_TS_BC_56d,Bacterial Concrete,56,Split Tensile Strength,False,3.519,5.515,1.996
TabPFN_Pretrained,V2_ENGINEERED,1,TS_BC_56d_026,EXP_TS_BC_56d,Bacterial Concrete,56,Split Tensile Strength,False,3.677,5.515,1.838
TabPFN_Pretrained,V2_ENGINEERED,1,TS_BC_56d_027,EXP_TS_BC_56d,Bacterial Concrete,56,Split Tensile Strength,False,3.641,5.515,1.874
TabPFN_Pretrained,V2_ENGINEERED,1,TS_BC_56d_028,EXP_TS_BC_56d,Bacterial Concrete,56,Split Tensile Strength,False,3.53,5.515,1.985
TabPFN_Pretrained,V2_ENGINEERED,1,TS_BC_56d_029,EXP_TS_BC_56d,Bacterial Concrete,56,Split Tensile Strength,False,3.39,5.515,2.125
TabPFN_Pretrained,V2_ENGINEERED,1,TS_BC_56d_030,EXP_TS_BC_56d,Bacterial Concrete,56,Split Tensile Strength,False,3.528,5.515,1.987
TabPFN_Pretrained,V2_ENGINEERED,1,TS_BC_56d_031,EXP_TS_BC_56d,Bacterial Concrete,56,Split Tensile Strength,False,3.663,5.515,1.852
TabPFN_Pretrained,V2_ENGINEERED,1,TS_BC_56d_032,EXP_TS_BC_56d,Bacterial Concrete,56,Split Tensile Strength,False,3.679,5.515,1.836
TabPFN_Pretrained,V2_ENGINEERED,1,TS_BC_56d_033,EXP_TS_BC_56d,Bacterial Concrete,56,Split Tensile Strength,False,3.554,5.515,1.961
TabPFN_Pretrained,V2_ENGINEERED,1,TS_BC_56d_034,EXP_TS_BC_56d,Bacterial Concrete,56,Split Tensile Strength,False,3.445,5.515,2.07
TabPFN_Pretrained,V2_ENGINEERED,1,TS_BC_56d_035,EXP_TS_BC_56d,Bacterial Concrete,56,Split Tensile Strength,False,3.47,5.515,2.045
TabPFN_Pretrained,V2_ENGINEERED,1,TS_BC_56d_036,EXP_TS_BC_56d,Bacterial Concrete,56,Split Tensile Strength,False,3.616,5.515,1.899
TabPFN_Pretrained,V2_ENGINEERED,1,TS_BC_56d_037,EXP_TS_BC_56d,Bacterial Concrete,56,Split Tensile Strength,False,3.603,5.515,1.912
TabPFN_Pretrained,V2_ENGINEERED,1,TS_BC_56d_038,EXP_TS_BC_56d,Bacterial Concrete,56,Split Tensile Strength,False,3.236,5.515,2.279
TabPFN_Pretrained,V2_ENGINEERED,1,TS_BC_56d_039,EXP_TS_BC_56d,Bacterial Concrete,56,Split Tensile Strength,False,3.599,5.515,1.916
TabPFN_Pretrained,V2_ENGINEERED,1,TS_BC_56d_040,EXP_TS_BC_56d,Bacterial Concrete,56,Split Tensile Strength,False,3.607,5.515,1.908
TabPFN_Pretrained,V2_ENGINEERED,1,TS_BC_56d_041,EXP_TS_BC_56d,Bacterial Concrete,56,Split Tensile Strength,False,3.367,5.515,2.148
TabPFN_Pretrained,V2_ENGINEERED,1,TS_BC_56d_042,EXP_TS_BC_56d,Bacterial Concrete,56,Split Tensile Strength,False,3.385,5.515,2.13
TabPFN_Pretrained,V2_ENGINEERED,1,TS_BC_56d_043,EXP_TS_BC_56d,Bacterial Concrete,56,Split Tensile Strength,False,3.386,5.515,2.129
TabPFN_Pretrained,V2_ENGINEERED,1,TS_BC_56d_044,EXP_TS_BC_56d,Bacterial Concrete,56,Split Tensile Strength,False,3.398,5.515,2.117
TabPFN_Pretrained,V2_ENGINEERED,1,TS_BC_56d_045,EXP_TS_BC_56d,Bacterial Concrete,56,Split Tensile Strength,False,3.287,5.515,2.228
TabPFN_Pretrained,V2_ENGINEERED,1,TS_BC_56d_046,EXP_TS_BC_56d,Bacterial Concrete,56,Split Tensile Strength,False,3.547,5.515,1.968
TabPFN_Pretrained,V2_ENGINEERED,1,TS_BC_56d_047,EXP_TS_BC_56d,Bacterial Concrete,56,Split Tensile Strength,False,3.382,5.515,2.133
TabPFN_Pretrained,V2_ENGINEERED,1,TS_BC_56d_048,EXP_TS_BC_56d,Bacterial Concrete,56,Split Tensile Strength,False,3.489,5.515,2.026
TabPFN_Pretrained,V2_ENGINEERED,1,TS_BC_56d_049,EXP_TS_BC_56d,Bacterial Concrete,56,Split Tensile Strength,False,3.425,5.515,2.09
TabPFN_Pretrained,V2_ENGINEERED,1,TS_BC_56d_050,EXP_TS_BC_56d,Bacterial Concrete,56,Split Tensile Strength,False,3.538,5.515,1.977
TabPFN_Pretrained,V2_ENGINEERED,1,TS_BC_56d_051,EXP_TS_BC_56d,Bacterial Concrete,56,Split Tensile Strength,False,3.348,5.515,2.167
TabPFN_Pretrained,V2_ENGINEERED,1,TS_BC_56d_052,EXP_TS_BC_56d,Bacterial Concrete,56,Split Tensile Strength,False,3.537,5.515,1.978
TabPFN_Pretrained,V2_ENGINEERED,1,TS_BC_56d_053,EXP_TS_BC_56d,Bacterial Concrete,56,Split Tensile Strength,False,3.558,5.515,1.957
TabPFN_Pretrained,V2_ENGINEERED,1,TS_BC_56d_054,EXP_TS_BC_56d,Bacterial Concrete,56,Split Tensile Strength,False,3.624,5.515,1.891
TabPFN_Pretrained,V2_ENGINEERED,1,TS_BC_56d_055,EXP_TS_BC_56d,Bacterial Concrete,56,Split Tensile Strength,False,3.795,5.515,1.72
TabPFN_Pretrained,V2_ENGINEERED,1,TS_BC_56d_056,EXP_TS_BC_56d,Bacterial Concrete,56,Split Tensile Strength,False,3.186,5.515,2.329
TabPFN_Pretrained,V2_ENGINEERED,1,TS_BC_56d_057,EXP_TS_BC_56d,Bacterial Concrete,56,Split Tensile Strength,False,3.548,5.515,1.967
TabPFN_Pretrained,V2_ENGINEERED,1,TS_BC_56d_058,EXP_TS_BC_56d,Bacterial Concrete,56,Split Tensile Strength,False,3.394,5.515,2.121
TabPFN_Pretrained,V2_ENGINEERED,1,TS_BC_56d_059,EXP_TS_BC_56d,Bacterial Concrete,56,Split Tensile Strength,False,3.211,5.515,2.304
TabPFN_Pretrained,V2_ENGINEERED,1,TS_BC_56d_060,EXP_TS_BC_56d,Bacterial Concrete,56,Split Tensile Strength,False,3.626,5.515,1.889
TabPFN_Pretrained,V2_ENGINEERED,1,TS_BC_56d_061,EXP_TS_BC_56d,Bacterial Concrete,56,Split Tensile Strength,False,3.7,5.515,1.815
TabPFN_Pretrained,V2_ENGINEERED,1,TS_BC_56d_062,EXP_TS_BC_56d,Bacterial Concrete,56,Split Tensile Strength,False,3.441,5.515,2.074
TabPFN_Pretrained,V2_ENGINEERED,1,TS_BC_56d_063,EXP_TS_BC_56d,Bacterial Concrete,56,Split Tensile Strength,False,3.532,5.515,1.983
TabPFN_Pretrained,V2_ENGINEERED,1,TS_BC_56d_064,EXP_TS_BC_56d,Bacterial Concrete,56,Split Tensile Strength,False,3.49,5.515,2.025
TabPFN_Pretrained,V2_ENGINEERED,1,TS_BC_56d_065,EXP_TS_BC_56d,Bacterial Concrete,56,Split Tensile Strength,False,3.565,5.515,1.95
TabPFN_Pretrained,V2_ENGINEERED,1,TS_BC_56d_066,EXP_TS_BC_56d,Bacterial Concrete,56,Split Tensile Strength,False,3.632,5.515,1.883
TabPFN_Pretrained,V2_ENGINEERED,1,TS_BC_56d_067,EXP_TS_BC_56d,Bacterial Concrete,56,Split Tensile Strength,False,3.552,5.515,1.963
TabPFN_Pretrained,V2_ENGINEERED,1,TS_BC_56d_068,EXP_TS_BC_56d,Bacterial Concrete,56,Split Tensile Strength,False,3.552,5.515,1.963
TabPFN_Pretrained,V2_ENGINEERED,1,TS_BC_56d_069,EXP_TS_BC_56d,Bacterial Concrete,56,Split Tensile Strength,False,3.689,5.515,1.826
TabPFN_Pretrained,V2_ENGINEERED,1,TS_BC_56d_070,EXP_TS_BC_56d,Bacterial Concrete,56,Split Tensile Strength,False,3.475,5.515,2.04
TabPFN_Pretrained,V2_ENGINEERED,1,TS_BC_56d_071,EXP_TS_BC_56d,Bacterial Concrete,56,Split Tensile Strength,False,3.638,5.515,1.877
TabPFN_Pretrained,V2_ENGINEERED,1,TS_BC_56d_072,EXP_TS_BC_56d,Bacterial Concrete,56,Split Tensile Strength,False,3.377,5.515,2.138
TabPFN_Pretrained,V2_ENGINEERED,1,TS_BC_56d_073,EXP_TS_BC_56d,Bacterial Concrete,56,Split Tensile Strength,False,3.741,5.515,1.774
TabPFN_Pretrained,V2_ENGINEERED,1,TS_BC_56d_074,EXP_TS_BC_56d,Bacterial Concrete,56,Split Tensile Strength,False,3.611,5.515,1.904
TabPFN_Pretrained,V2_ENGINEERED,1,TS_BC_56d_075,EXP_TS_BC_56d,Bacterial Concrete,56,Split Tensile Strength,False,3.439,5.515,2.076
TabPFN_Pretrained,V2_ENGINEERED,1,TS_BC_56d_076,EXP_TS_BC_56d,Bacterial Concrete,56,Split Tensile Strength,False,3.183,5.515,2.332
TabPFN_Pretrained,V2_ENGINEERED,1,TS_BC_56d_077,EXP_TS_BC_56d,Bacterial Concrete,56,Split Tensile Strength,False,3.5,5.515,2.015
TabPFN_Pretrained,V2_ENGINEERED,1,TS_BC_56d_078,EXP_TS_BC_56d,Bacterial Concrete,56,Split Tensile Strength,False,3.323,5.515,2.192
TabPFN_Pretrained,V2_ENGINEERED,1,TS_BC_56d_079,EXP_TS_BC_56d,Bacterial Concrete,56,Split Tensile Strength,False,3.545,5.515,1.97
TabPFN_Pretrained,V2_ENGINEERED,1,TS_BC_56d_080,EXP_TS_BC_56d,Bacterial Concrete,56,Split Tensile Strength,False,3.718,5.515,1.797
TabPFN_Pretrained,V2_ENGINEERED,1,TS_BC_56d_081,EXP_TS_BC_56d,Bacterial Concrete,56,Split Tensile Strength,False,3.524,5.515,1.991
TabPFN_Pretrained,V2_ENGINEERED,1,TS_BC_56d_082,EXP_TS_BC_56d,Bacterial Concrete,56,Split Tensile Strength,False,3.473,5.515,2.042
TabPFN_Pretrained,V2_ENGINEERED,1,TS_BC_56d_083,EXP_TS_BC_56d,Bacterial Concrete,56,Split Tensile Strength,False,3.551,5.515,1.964
TabPFN_Pretrained,V2_ENGINEERED,1,TS_BC_56d_084,EXP_TS_BC_56d,Bacterial Concrete,56,Split Tensile Strength,False,3.543,5.515,1.972
TabPFN_Pretrained,V2_ENGINEERED,1,TS_BC_56d_085,EXP_TS_BC_56d,Bacterial Concrete,56,Split Tensile Strength,False,3.146,5.515,2.369
TabPFN_Pretrained,V2_ENGINEERED,1,TS_BC_56d_086,EXP_TS_BC_56d,Bacterial Concrete,56,Split Tensile Strength,False,3.536,5.515,1.979
TabPFN_Pretrained,V2_ENGINEERED,1,TS_BC_56d_087,EXP_TS_BC_56d,Bacterial Concrete,56,Split Tensile Strength,False,3.593,5.515,1.922
TabPFN_Pretrained,V2_ENGINEERED,1,TS_BC_56d_088,EXP_TS_BC_56d,Bacterial Concrete,56,Split Tensile Strength,False,3.461,5.515,2.054
TabPFN_Pretrained,V2_ENGINEERED,1,TS_BC_56d_089,EXP_TS_BC_56d,Bacterial Concrete,56,Split Tensile Strength,False,3.647,5.515,1.868
TabPFN_Pretrained,V2_ENGINEERED,1,TS_BC_56d_090,EXP_TS_BC_56d,Bacterial Concrete,56,Split Tensile Strength,False,3.481,5.515,2.034
TabPFN_Pretrained,V2_ENGINEERED,1,TS_BC_56d_091,EXP_TS_BC_56d,Bacterial Concrete,56,Split Tensile Strength,False,3.615,5.515,1.9
TabPFN_Pretrained,V2_ENGINEERED,1,TS_BC_56d_092,EXP_TS_BC_56d,Bacterial Concrete,56,Split Tensile Strength,False,3.841,5.515,1.674
TabPFN_Pretrained,V2_ENGINEERED,1,TS_BC_56d_093,EXP_TS_BC_56d,Bacterial Concrete,56,Split Tensile Strength,False,3.486,5.515,2.029
TabPFN_Pretrained,V2_ENGINEERED,1,TS_BC_56d_094,EXP_TS_BC_56d,Bacterial Concrete,56,Split Tensile Strength,False,3.209,5.515,2.306
TabPFN_Pretrained,V2_ENGINEERED,1,TS_BC_56d_095,EXP_TS_BC_56d,Bacterial Concrete,56,Split Tensile Strength,False,3.45,5.515,2.065
TabPFN_Pretrained,V2_ENGINEERED,1,TS_BC_56d_096,EXP_TS_BC_56d,Bacterial Concrete,56,Split Tensile Strength,False,3.241,5.515,2.274
TabPFN_Pretrained,V2_ENGINEERED,1,TS_BC_56d_097,EXP_TS_BC_56d,Bacterial Concrete,56,Split Tensile Strength,False,3.592,5.515,1.923
TabPFN_Pretrained,V2_ENGINEERED,1,TS_BC_56d_098,EXP_TS_BC_56d,Bacterial Concrete,56,Split Tensile Strength,False,3.696,5.515,1.819
TabPFN_Pretrained,V2_ENGINEERED,1,TS_BC_56d_099,EXP_TS_BC_56d,Bacterial Concrete,56,Split Tensile Strength,False,3.604,5.515,1.911
TabPFN_Pretrained,V2_ENGINEERED,1,TS_BC_56d_100,EXP_TS_BC_56d,Bacterial Concrete,56,Split Tensile Strength,False,3.548,5.515,1.967
TabPFN_Pretrained,V2_ENGINEERED,2,CS_BC_21d_001,EXP_CS_BC_21d,Bacterial Concrete,21,Compressive Strength,False,30.91,30.9504,0.0404
TabPFN_Pretrained,V2_ENGINEERED,2,CS_BC_21d_002,EXP_CS_BC_21d,Bacterial Concrete,21,Compressive Strength,False,28.73,30.9504,2.2204
TabPFN_Pretrained,V2_ENGINEERED,2,CS_BC_21d_003,EXP_CS_BC_21d,Bacterial Concrete,21,Compressive Strength,False,29.64,30.9504,1.3104
TabPFN_Pretrained,V2_ENGINEERED,2,CS_BC_21d_004,EXP_CS_BC_21d,Bacterial Concrete,21,Compressive Strength,False,28.81,30.9504,2.1404
TabPFN_Pretrained,V2_ENGINEERED,2,CS_BC_21d_005,EXP_CS_BC_21d,Bacterial Concrete,21,Compressive Strength,False,28.85,30.9504,2.1004
TabPFN_Pretrained,V2_ENGINEERED,2,CS_BC_21d_006,EXP_CS_BC_21d,Bacterial Concrete,21,Compressive Strength,False,29.04,30.9504,1.9104
TabPFN_Pretrained,V2_ENGINEERED,2,CS_BC_21d_007,EXP_CS_BC_21d,Bacterial Concrete,21,Compressive Strength,False,29.83,30.9504,1.1204
TabPFN_Pretrained,V2_ENGINEERED,2,CS_BC_21d_008,EXP_CS_BC_21d,Bacterial Concrete,21,Compressive Strength,False,28.78,30.9504,2.1704
TabPFN_Pretrained,V2_ENGINEERED,2,CS_BC_21d_009,EXP_CS_BC_21d,Bacterial Concrete,21,Compressive Strength,False,31.38,30.9504,-0.4296
TabPFN_Pretrained,V2_ENGINEERED,2,CS_BC_21d_010,EXP_CS_BC_21d,Bacterial Concrete,21,Compressive Strength,False,28.16,30.9504,2.7904
TabPFN_Pretrained,V2_ENGINEERED,2,CS_BC_21d_011,EXP_CS_BC_21d,Bacterial Concrete,21,Compressive Strength,False,29.22,30.9504,1.7304
TabPFN_Pretrained,V2_ENGINEERED,2,CS_BC_21d_012,EXP_CS_BC_21d,Bacterial Concrete,21,Compressive Strength,False,28.84,30.9504,2.1104
TabPFN_Pretrained,V2_ENGINEERED,2,CS_BC_21d_013,EXP_CS_BC_21d,Bacterial Concrete,21,Compressive Strength,False,31.67,30.9504,-0.7196
TabPFN_Pretrained,V2_ENGINEERED,2,CS_BC_21d_014,EXP_CS_BC_21d,Bacterial Concrete,21,Compressive Strength,False,29.79,30.9504,1.1604
TabPFN_Pretrained,V2_ENGINEERED,2,CS_BC_21d_015,EXP_CS_BC_21d,Bacterial Concrete,21,Compressive Strength,False,31.05,30.9504,-0.0996
TabPFN_Pretrained,V2_ENGINEERED,2,CS_BC_21d_016,EXP_CS_BC_21d,Bacterial Concrete,21,Compressive Strength,False,27.27,30.9504,3.6804
TabPFN_Pretrained,V2_ENGINEERED,2,CS_BC_21d_017,EXP_CS_BC_21d,Bacterial Concrete,21,Compressive Strength,False,29.9,30.9504,1.0504
TabPFN_Pretrained,V2_ENGINEERED,2,CS_BC_21d_018,EXP_CS_BC_21d,Bacterial Concrete,21,Compressive Strength,False,30.83,30.9504,0.1204
TabPFN_Pretrained,V2_ENGINEERED,2,CS_BC_21d_019,EXP_CS_BC_21d,Bacterial Concrete,21,Compressive Strength,False,29.62,30.9504,1.3304
TabPFN_Pretrained,V2_ENGINEERED,2,CS_BC_21d_020,EXP_CS_BC_21d,Bacterial Concrete,21,Compressive Strength,False,31.1,30.9504,-0.1496
TabPFN_Pretrained,V2_ENGINEERED,2,CS_BC_21d_021,EXP_CS_BC_21d,Bacterial Concrete,21,Compressive Strength,False,28.72,30.9504,2.2304
TabPFN_Pretrained,V2_ENGINEERED,2,CS_BC_21d_022,EXP_CS_BC_21d,Bacterial Concrete,21,Compressive Strength,False,31.61,30.9504,-0.6596
TabPFN_Pretrained,V2_ENGINEERED,2,CS_BC_21d_023,EXP_CS_BC_21d,Bacterial Concrete,21,Compressive Strength,False,32.95,30.9504,-1.9996
TabPFN_Pretrained,V2_ENGINEERED,2,CS_BC_21d_024,EXP_CS_BC_21d,Bacterial Concrete,21,Compressive Strength,False,28.96,30.9504,1.9904
TabPFN_Pretrained,V2_ENGINEERED,2,CS_BC_21d_025,EXP_CS_BC_21d,Bacterial Concrete,21,Compressive Strength,False,28.83,30.9504,2.1204
TabPFN_Pretrained,V2_ENGINEERED,2,CS_BC_21d_026,EXP_CS_BC_21d,Bacterial Concrete,21,Compressive Strength,False,31.68,30.9504,-0.7296
TabPFN_Pretrained,V2_ENGINEERED,2,CS_BC_21d_027,EXP_CS_BC_21d,Bacterial Concrete,21,Compressive Strength,False,31.87,30.9504,-0.9196
TabPFN_Pretrained,V2_ENGINEERED,2,CS_BC_21d_028,EXP_CS_BC_21d,Bacterial Concrete,21,Compressive Strength,False,28.72,30.9504,2.2304
TabPFN_Pretrained,V2_ENGINEERED,2,CS_BC_21d_029,EXP_CS_BC_21d,Bacterial Concrete,21,Compressive Strength,False,28.87,30.9504,2.0804
TabPFN_Pretrained,V2_ENGINEERED,2,CS_BC_21d_030,EXP_CS_BC_21d,Bacterial Concrete,21,Compressive Strength,False,29.08,30.9504,1.8704
TabPFN_Pretrained,V2_ENGINEERED,2,CS_BC_21d_031,EXP_CS_BC_21d,Bacterial Concrete,21,Compressive Strength,False,27.48,30.9504,3.4704
TabPFN_Pretrained,V2_ENGINEERED,2,CS_BC_21d_032,EXP_CS_BC_21d,Bacterial Concrete,21,Compressive Strength,False,28.12,30.9504,2.8304
TabPFN_Pretrained,V2_ENGINEERED,2,CS_BC_21d_033,EXP_CS_BC_21d,Bacterial Concrete,21,Compressive Strength,False,27.99,30.9504,2.9604
TabPFN_Pretrained,V2_ENGINEERED,2,CS_BC_21d_034,EXP_CS_BC_21d,Bacterial Concrete,21,Compressive Strength,False,28.35,30.9504,2.6004
TabPFN_Pretrained,V2_ENGINEERED,2,CS_BC_21d_035,EXP_CS_BC_21d,Bacterial Concrete,21,Compressive Strength,False,29.45,30.9504,1.5004
TabPFN_Pretrained,V2_ENGINEERED,2,CS_BC_21d_036,EXP_CS_BC_21d,Bacterial Concrete,21,Compressive Strength,False,29.85,30.9504,1.1004
TabPFN_Pretrained,V2_ENGINEERED,2,CS_BC_21d_037,EXP_CS_BC_21d,Bacterial Concrete,21,Compressive Strength,False,31.83,30.9504,-0.8796
TabPFN_Pretrained,V2_ENGINEERED,2,CS_BC_21d_038,EXP_CS_BC_21d,Bacterial Concrete,21,Compressive Strength,False,28.0,30.9504,2.9504
TabPFN_Pretrained,V2_ENGINEERED,2,CS_BC_21d_039,EXP_CS_BC_21d,Bacterial Concrete,21,Compressive Strength,False,30.98,30.9504,-0.0296
TabPFN_Pretrained,V2_ENGINEERED,2,CS_BC_21d_040,EXP_CS_BC_21d,Bacterial Concrete,21,Compressive Strength,False,29.18,30.9504,1.7704
TabPFN_Pretrained,V2_ENGINEERED,2,CS_BC_21d_041,EXP_CS_BC_21d,Bacterial Concrete,21,Compressive Strength,False,29.43,30.9504,1.5204
TabPFN_Pretrained,V2_ENGINEERED,2,CS_BC_21d_042,EXP_CS_BC_21d,Bacterial Concrete,21,Compressive Strength,False,30.51,30.9504,0.4404
TabPFN_Pretrained,V2_ENGINEERED,2,CS_BC_21d_043,EXP_CS_BC_21d,Bacterial Concrete,21,Compressive Strength,False,27.82,30.9504,3.1304
TabPFN_Pretrained,V2_ENGINEERED,2,CS_BC_21d_044,EXP_CS_BC_21d,Bacterial Concrete,21,Compressive Strength,False,30.07,30.9504,0.8804
TabPFN_Pretrained,V2_ENGINEERED,2,CS_BC_21d_045,EXP_CS_BC_21d,Bacterial Concrete,21,Compressive Strength,False,29.75,30.9504,1.2004
TabPFN_Pretrained,V2_ENGINEERED,2,CS_BC_21d_046,EXP_CS_BC_21d,Bacterial Concrete,21,Compressive Strength,False,30.24,30.9504,0.7104
TabPFN_Pretrained,V2_ENGINEERED,2,CS_BC_21d_047,EXP_CS_BC_21d,Bacterial Concrete,21,Compressive Strength,False,29.93,30.9504,1.0204
TabPFN_Pretrained,V2_ENGINEERED,2,CS_BC_21d_048,EXP_CS_BC_21d,Bacterial Concrete,21,Compressive Strength,False,33.18,30.9504,-2.2296
TabPFN_Pretrained,V2_ENGINEERED,2,CS_BC_21d_049,EXP_CS_BC_21d,Bacterial Concrete,21,Compressive Strength,False,28.54,30.9504,2.4104
TabPFN_Pretrained,V2_ENGINEERED,2,CS_BC_21d_050,EXP_CS_BC_21d,Bacterial Concrete,21,Compressive Strength,False,28.7,30.9504,2.2504
TabPFN_Pretrained,V2_ENGINEERED,2,CS_BC_21d_051,EXP_CS_BC_21d,Bacterial Concrete,21,Compressive Strength,False,28.57,30.9504,2.3804
TabPFN_Pretrained,V2_ENGINEERED,2,CS_BC_21d_052,EXP_CS_BC_21d,Bacterial Concrete,21,Compressive Strength,False,28.67,30.9504,2.2804
TabPFN_Pretrained,V2_ENGINEERED,2,CS_BC_21d_053,EXP_CS_BC_21d,Bacterial Concrete,21,Compressive Strength,False,28.54,30.9504,2.4104
TabPFN_Pretrained,V2_ENGINEERED,2,CS_BC_21d_054,EXP_CS_BC_21d,Bacterial Concrete,21,Compressive Strength,False,31.28,30.9504,-0.3296
TabPFN_Pretrained,V2_ENGINEERED,2,CS_BC_21d_055,EXP_CS_BC_21d,Bacterial Concrete,21,Compressive Strength,False,31.63,30.9504,-0.6796
TabPFN_Pretrained,V2_ENGINEERED,2,CS_BC_21d_056,EXP_CS_BC_21d,Bacterial Concrete,21,Compressive Strength,False,28.64,30.9504,2.3104
TabPFN_Pretrained,V2_ENGINEERED,2,CS_BC_21d_057,EXP_CS_BC_21d,Bacterial Concrete,21,Compressive Strength,False,28.25,30.9504,2.7004
TabPFN_Pretrained,V2_ENGINEERED,2,CS_BC_21d_058,EXP_CS_BC_21d,Bacterial Concrete,21,Compressive Strength,False,30.21,30.9504,0.7404
TabPFN_Pretrained,V2_ENGINEERED,2,CS_BC_21d_059,EXP_CS_BC_21d,Bacterial Concrete,21,Compressive Strength,False,28.67,30.9504,2.2804
TabPFN_Pretrained,V2_ENGINEERED,2,CS_BC_21d_060,EXP_CS_BC_21d,Bacterial Concrete,21,Compressive Strength,False,30.45,30.9504,0.5004
TabPFN_Pretrained,V2_ENGINEERED,2,CS_BC_21d_061,EXP_CS_BC_21d,Bacterial Concrete,21,Compressive Strength,False,29.8,30.9504,1.1504
TabPFN_Pretrained,V2_ENGINEERED,2,CS_BC_21d_062,EXP_CS_BC_21d,Bacterial Concrete,21,Compressive Strength,False,27.23,30.9504,3.7204
TabPFN_Pretrained,V2_ENGINEERED,2,CS_BC_21d_063,EXP_CS_BC_21d,Bacterial Concrete,21,Compressive Strength,False,31.82,30.9504,-0.8696
TabPFN_Pretrained,V2_ENGINEERED,2,CS_BC_21d_064,EXP_CS_BC_21d,Bacterial Concrete,21,Compressive Strength,False,32.19,30.9504,-1.2396
TabPFN_Pretrained,V2_ENGINEERED,2,CS_BC_21d_065,EXP_CS_BC_21d,Bacterial Concrete,21,Compressive Strength,False,28.58,30.9504,2.3704
TabPFN_Pretrained,V2_ENGINEERED,2,CS_BC_21d_066,EXP_CS_BC_21d,Bacterial Concrete,21,Compressive Strength,False,28.92,30.9504,2.0304
TabPFN_Pretrained,V2_ENGINEERED,2,CS_BC_21d_067,EXP_CS_BC_21d,Bacterial Concrete,21,Compressive Strength,False,29.93,30.9504,1.0204
TabPFN_Pretrained,V2_ENGINEERED,2,CS_BC_21d_068,EXP_CS_BC_21d,Bacterial Concrete,21,Compressive Strength,False,30.0,30.9504,0.9504
TabPFN_Pretrained,V2_ENGINEERED,2,CS_BC_21d_069,EXP_CS_BC_21d,Bacterial Concrete,21,Compressive Strength,False,30.49,30.9504,0.4604
TabPFN_Pretrained,V2_ENGINEERED,2,CS_BC_21d_070,EXP_CS_BC_21d,Bacterial Concrete,21,Compressive Strength,False,32.52,30.9504,-1.5696
TabPFN_Pretrained,V2_ENGINEERED,2,CS_BC_21d_071,EXP_CS_BC_21d,Bacterial Concrete,21,Compressive Strength,False,29.23,30.9504,1.7204
TabPFN_Pretrained,V2_ENGINEERED,2,CS_BC_21d_072,EXP_CS_BC_21d,Bacterial Concrete,21,Compressive Strength,False,28.3,30.9504,2.6504
TabPFN_Pretrained,V2_ENGINEERED,2,CS_BC_21d_073,EXP_CS_BC_21d,Bacterial Concrete,21,Compressive Strength,False,27.43,30.9504,3.5204
TabPFN_Pretrained,V2_ENGINEERED,2,CS_BC_21d_074,EXP_CS_BC_21d,Bacterial Concrete,21,Compressive Strength,False,28.4,30.9504,2.5504
TabPFN_Pretrained,V2_ENGINEERED,2,CS_BC_21d_075,EXP_CS_BC_21d,Bacterial Concrete,21,Compressive Strength,False,29.45,30.9504,1.5004
TabPFN_Pretrained,V2_ENGINEERED,2,CS_BC_21d_076,EXP_CS_BC_21d,Bacterial Concrete,21,Compressive Strength,False,32.19,30.9504,-1.2396
TabPFN_Pretrained,V2_ENGINEERED,2,CS_BC_21d_077,EXP_CS_BC_21d,Bacterial Concrete,21,Compressive Strength,False,28.72,30.9504,2.2304
TabPFN_Pretrained,V2_ENGINEERED,2,CS_BC_21d_078,EXP_CS_BC_21d,Bacterial Concrete,21,Compressive Strength,False,29.84,30.9504,1.1104
TabPFN_Pretrained,V2_ENGINEERED,2,CS_BC_21d_079,EXP_CS_BC_21d,Bacterial Concrete,21,Compressive Strength,False,29.48,30.9504,1.4704
TabPFN_Pretrained,V2_ENGINEERED,2,CS_BC_21d_080,EXP_CS_BC_21d,Bacterial Concrete,21,Compressive Strength,False,31.28,30.9504,-0.3296
TabPFN_Pretrained,V2_ENGINEERED,2,CS_BC_21d_081,EXP_CS_BC_21d,Bacterial Concrete,21,Compressive Strength,False,33.29,30.9504,-2.3396
TabPFN_Pretrained,V2_ENGINEERED,2,CS_BC_21d_082,EXP_CS_BC_21d,Bacterial Concrete,21,Compressive Strength,False,28.7,30.9504,2.2504
TabPFN_Pretrained,V2_ENGINEERED,2,CS_BC_21d_083,EXP_CS_BC_21d,Bacterial Concrete,21,Compressive Strength,False,28.77,30.9504,2.1804
TabPFN_Pretrained,V2_ENGINEERED,2,CS_BC_21d_084,EXP_CS_BC_21d,Bacterial Concrete,21,Compressive Strength,False,31.07,30.9504,-0.1196
TabPFN_Pretrained,V2_ENGINEERED,2,CS_BC_21d_085,EXP_CS_BC_21d,Bacterial Concrete,21,Compressive Strength,False,30.52,30.9504,0.4304
TabPFN_Pretrained,V2_ENGINEERED,2,CS_BC_21d_086,EXP_CS_BC_21d,Bacterial Concrete,21,Compressive Strength,False,32.27,30.9504,-1.3196
TabPFN_Pretrained,V2_ENGINEERED,2,CS_BC_21d_087,EXP_CS_BC_21d,Bacterial Concrete,21,Compressive Strength,False,30.38,30.9504,0.5704
TabPFN_Pretrained,V2_ENGINEERED,2,CS_BC_21d_088,EXP_CS_BC_21d,Bacterial Concrete,21,Compressive Strength,False,28.96,30.9504,1.9904
TabPFN_Pretrained,V2_ENGINEERED,2,CS_BC_21d_089,EXP_CS_BC_21d,Bacterial Concrete,21,Compressive Strength,False,30.39,30.9504,0.5604
TabPFN_Pretrained,V2_ENGINEERED,2,CS_BC_21d_090,EXP_CS_BC_21d,Bacterial Concrete,21,Compressive Strength,False,31.16,30.9504,-0.2096
TabPFN_Pretrained,V2_ENGINEERED,2,CS_BC_21d_091,EXP_CS_BC_21d,Bacterial Concrete,21,Compressive Strength,False,30.73,30.9504,0.2204
TabPFN_Pretrained,V2_ENGINEERED,2,CS_BC_21d_092,EXP_CS_BC_21d,Bacterial Concrete,21,Compressive Strength,False,30.26,30.9504,0.6904
TabPFN_Pretrained,V2_ENGINEERED,2,CS_BC_21d_093,EXP_CS_BC_21d,Bacterial Concrete,21,Compressive Strength,False,31.1,30.9504,-0.1496
TabPFN_Pretrained,V2_ENGINEERED,2,CS_BC_21d_094,EXP_CS_BC_21d,Bacterial Concrete,21,Compressive Strength,False,31.25,30.9504,-0.2996
TabPFN_Pretrained,V2_ENGINEERED,2,CS_BC_21d_095,EXP_CS_BC_21d,Bacterial Concrete,21,Compressive Strength,False,31.57,30.9504,-0.6196
TabPFN_Pretrained,V2_ENGINEERED,2,CS_BC_21d_096,EXP_CS_BC_21d,Bacterial Concrete,21,Compressive Strength,False,30.47,30.9504,0.4804
TabPFN_Pretrained,V2_ENGINEERED,2,CS_BC_21d_097,EXP_CS_BC_21d,Bacterial Concrete,21,Compressive Strength,False,29.25,30.9504,1.7004
TabPFN_Pretrained,V2_ENGINEERED,2,CS_BC_21d_098,EXP_CS_BC_21d,Bacterial Concrete,21,Compressive Strength,False,29.72,30.9504,1.2304
TabPFN_Pretrained,V2_ENGINEERED,2,CS_BC_21d_099,EXP_CS_BC_21d,Bacterial Concrete,21,Compressive Strength,False,31.31,30.9504,-0.3596
TabPFN_Pretrained,V2_ENGINEERED,2,CS_BC_21d_100,EXP_CS_BC_21d,Bacterial Concrete,21,Compressive Strength,False,28.27,30.9504,2.6804
TabPFN_Pretrained,V2_ENGINEERED,2,CS_NC_28d_001,EXP_CS_NC_28d,Normal Concrete,28,Compressive Strength,False,26.76,26.887,0.127
TabPFN_Pretrained,V2_ENGINEERED,2,CS_NC_28d_002,EXP_CS_NC_28d,Normal Concrete,28,Compressive Strength,False,27.16,26.887,-0.273
TabPFN_Pretrained,V2_ENGINEERED,2,CS_NC_28d_003,EXP_CS_NC_28d,Normal Concrete,28,Compressive Strength,False,29.12,26.887,-2.233
TabPFN_Pretrained,V2_ENGINEERED,2,CS_NC_28d_004,EXP_CS_NC_28d,Normal Concrete,28,Compressive Strength,False,28.92,26.887,-2.033
TabPFN_Pretrained,V2_ENGINEERED,2,CS_NC_28d_005,EXP_CS_NC_28d,Normal Concrete,28,Compressive Strength,False,27.97,26.887,-1.083
TabPFN_Pretrained,V2_ENGINEERED,2,CS_NC_28d_006,EXP_CS_NC_28d,Normal Concrete,28,Compressive Strength,False,28.18,26.887,-1.293
TabPFN_Pretrained,V2_ENGINEERED,2,CS_NC_28d_007,EXP_CS_NC_28d,Normal Concrete,28,Compressive Strength,False,29.92,26.887,-3.033
TabPFN_Pretrained,V2_ENGINEERED,2,CS_NC_28d_008,EXP_CS_NC_28d,Normal Concrete,28,Compressive Strength,False,27.11,26.887,-0.223
TabPFN_Pretrained,V2_ENGINEERED,2,CS_NC_28d_009,EXP_CS_NC_28d,Normal Concrete,28,Compressive Strength,False,28.82,26.887,-1.933
TabPFN_Pretrained,V2_ENGINEERED,2,CS_NC_28d_010,EXP_CS_NC_28d,Normal Concrete,28,Compressive Strength,False,27.7,26.887,-0.813
TabPFN_Pretrained,V2_ENGINEERED,2,CS_NC_28d_011,EXP_CS_NC_28d,Normal Concrete,28,Compressive Strength,False,27.67,26.887,-0.783
TabPFN_Pretrained,V2_ENGINEERED,2,CS_NC_28d_012,EXP_CS_NC_28d,Normal Concrete,28,Compressive Strength,False,29.65,26.887,-2.763
TabPFN_Pretrained,V2_ENGINEERED,2,CS_NC_28d_013,EXP_CS_NC_28d,Normal Concrete,28,Compressive Strength,False,29.24,26.887,-2.353
TabPFN_Pretrained,V2_ENGINEERED,2,CS_NC_28d_014,EXP_CS_NC_28d,Normal Concrete,28,Compressive Strength,False,29.22,26.887,-2.333
TabPFN_Pretrained,V2_ENGINEERED,2,CS_NC_28d_015,EXP_CS_NC_28d,Normal Concrete,28,Compressive Strength,False,29.96,26.887,-3.073
TabPFN_Pretrained,V2_ENGINEERED,2,CS_NC_28d_016,EXP_CS_NC_28d,Normal Concrete,28,Compressive Strength,False,28.03,26.887,-1.143
TabPFN_Pretrained,V2_ENGINEERED,2,CS_NC_28d_017,EXP_CS_NC_28d,Normal Concrete,28,Compressive Strength,False,29.02,26.887,-2.133
TabPFN_Pretrained,V2_ENGINEERED,2,CS_NC_28d_018,EXP_CS_NC_28d,Normal Concrete,28,Compressive Strength,False,27.53,26.887,-0.643
TabPFN_Pretrained,V2_ENGINEERED,2,CS_NC_28d_019,EXP_CS_NC_28d,Normal Concrete,28,Compressive Strength,False,28.49,26.887,-1.603
TabPFN_Pretrained,V2_ENGINEERED,2,CS_NC_28d_020,EXP_CS_NC_28d,Normal Concrete,28,Compressive Strength,False,27.8,26.887,-0.913
TabPFN_Pretrained,V2_ENGINEERED,2,CS_NC_28d_021,EXP_CS_NC_28d,Normal Concrete,28,Compressive Strength,False,28.15,26.887,-1.263
TabPFN_Pretrained,V2_ENGINEERED,2,CS_NC_28d_022,EXP_CS_NC_28d,Normal Concrete,28,Compressive Strength,False,28.89,26.887,-2.003
TabPFN_Pretrained,V2_ENGINEERED,2,CS_NC_28d_023,EXP_CS_NC_28d,Normal Concrete,28,Compressive Strength,False,26.77,26.887,0.117
TabPFN_Pretrained,V2_ENGINEERED,2,CS_NC_28d_024,EXP_CS_NC_28d,Normal Concrete,28,Compressive Strength,False,31.14,26.887,-4.253
TabPFN_Pretrained,V2_ENGINEERED,2,CS_NC_28d_025,EXP_CS_NC_28d,Normal Concrete,28,Compressive Strength,False,26.49,26.887,0.397
TabPFN_Pretrained,V2_ENGINEERED,2,CS_NC_28d_026,EXP_CS_NC_28d,Normal Concrete,28,Compressive Strength,False,26.18,26.887,0.707
TabPFN_Pretrained,V2_ENGINEERED,2,CS_NC_28d_027,EXP_CS_NC_28d,Normal Concrete,28,Compressive Strength,False,29.74,26.887,-2.853
TabPFN_Pretrained,V2_ENGINEERED,2,CS_NC_28d_028,EXP_CS_NC_28d,Normal Concrete,28,Compressive Strength,False,29.19,26.887,-2.303
TabPFN_Pretrained,V2_ENGINEERED,2,CS_NC_28d_029,EXP_CS_NC_28d,Normal Concrete,28,Compressive Strength,False,28.94,26.887,-2.053
TabPFN_Pretrained,V2_ENGINEERED,2,CS_NC_28d_030,EXP_CS_NC_28d,Normal Concrete,28,Compressive Strength,False,28.94,26.887,-2.053
TabPFN_Pretrained,V2_ENGINEERED,2,CS_NC_28d_031,EXP_CS_NC_28d,Normal Concrete,28,Compressive Strength,False,27.98,26.887,-1.093
TabPFN_Pretrained,V2_ENGINEERED,2,CS_NC_28d_032,EXP_CS_NC_28d,Normal Concrete,28,Compressive Strength,False,26.65,26.887,0.237
TabPFN_Pretrained,V2_ENGINEERED,2,CS_NC_28d_033,EXP_CS_NC_28d,Normal Concrete,28,Compressive Strength,False,28.11,26.887,-1.223
TabPFN_Pretrained,V2_ENGINEERED,2,CS_NC_28d_034,EXP_CS_NC_28d,Normal Concrete,28,Compressive Strength,False,26.98,26.887,-0.093
TabPFN_Pretrained,V2_ENGINEERED,2,CS_NC_28d_035,EXP_CS_NC_28d,Normal Concrete,28,Compressive Strength,False,29.46,26.887,-2.573
TabPFN_Pretrained,V2_ENGINEERED,2,CS_NC_28d_036,EXP_CS_NC_28d,Normal Concrete,28,Compressive Strength,False,27.78,26.887,-0.893
TabPFN_Pretrained,V2_ENGINEERED,2,CS_NC_28d_037,EXP_CS_NC_28d,Normal Concrete,28,Compressive Strength,False,26.76,26.887,0.127
TabPFN_Pretrained,V2_ENGINEERED,2,CS_NC_28d_038,EXP_CS_NC_28d,Normal Concrete,28,Compressive Strength,False,27.52,26.887,-0.633
TabPFN_Pretrained,V2_ENGINEERED,2,CS_NC_28d_039,EXP_CS_NC_28d,Normal Concrete,28,Compressive Strength,False,28.62,26.887,-1.733
TabPFN_Pretrained,V2_ENGINEERED,2,CS_NC_28d_040,EXP_CS_NC_28d,Normal Concrete,28,Compressive Strength,False,27.15,26.887,-0.263
TabPFN_Pretrained,V2_ENGINEERED,2,CS_NC_28d_041,EXP_CS_NC_28d,Normal Concrete,28,Compressive Strength,False,26.77,26.887,0.117
TabPFN_Pretrained,V2_ENGINEERED,2,CS_NC_28d_042,EXP_CS_NC_28d,Normal Concrete,28,Compressive Strength,False,28.37,26.887,-1.483
TabPFN_Pretrained,V2_ENGINEERED,2,CS_NC_28d_043,EXP_CS_NC_28d,Normal Concrete,28,Compressive Strength,False,28.37,26.887,-1.483
TabPFN_Pretrained,V2_ENGINEERED,2,CS_NC_28d_044,EXP_CS_NC_28d,Normal Concrete,28,Compressive Strength,False,27.24,26.887,-0.353
TabPFN_Pretrained,V2_ENGINEERED,2,CS_NC_28d_045,EXP_CS_NC_28d,Normal Concrete,28,Compressive Strength,False,27.29,26.887,-0.403
TabPFN_Pretrained,V2_ENGINEERED,2,CS_NC_28d_046,EXP_CS_NC_28d,Normal Concrete,28,Compressive Strength,False,28.35,26.887,-1.463
TabPFN_Pretrained,V2_ENGINEERED,2,CS_NC_28d_047,EXP_CS_NC_28d,Normal Concrete,28,Compressive Strength,False,25.83,26.887,1.057
TabPFN_Pretrained,V2_ENGINEERED,2,CS_NC_28d_048,EXP_CS_NC_28d,Normal Concrete,28,Compressive Strength,False,25.89,26.887,0.997
TabPFN_Pretrained,V2_ENGINEERED,2,CS_NC_28d_049,EXP_CS_NC_28d,Normal Concrete,28,Compressive Strength,False,26.92,26.887,-0.033
TabPFN_Pretrained,V2_ENGINEERED,2,CS_NC_28d_050,EXP_CS_NC_28d,Normal Concrete,28,Compressive Strength,False,27.68,26.887,-0.793
TabPFN_Pretrained,V2_ENGINEERED,2,CS_NC_28d_051,EXP_CS_NC_28d,Normal Concrete,28,Compressive Strength,False,28.47,26.887,-1.583
TabPFN_Pretrained,V2_ENGINEERED,2,CS_NC_28d_052,EXP_CS_NC_28d,Normal Concrete,28,Compressive Strength,False,30.21,26.887,-3.323
TabPFN_Pretrained,V2_ENGINEERED,2,CS_NC_28d_053,EXP_CS_NC_28d,Normal Concrete,28,Compressive Strength,False,29.29,26.887,-2.403
TabPFN_Pretrained,V2_ENGINEERED,2,CS_NC_28d_054,EXP_CS_NC_28d,Normal Concrete,28,Compressive Strength,False,27.76,26.887,-0.873
TabPFN_Pretrained,V2_ENGINEERED,2,CS_NC_28d_055,EXP_CS_NC_28d,Normal Concrete,28,Compressive Strength,False,27.97,26.887,-1.083
TabPFN_Pretrained,V2_ENGINEERED,2,CS_NC_28d_056,EXP_CS_NC_28d,Normal Concrete,28,Compressive Strength,False,26.5,26.887,0.387
TabPFN_Pretrained,V2_ENGINEERED,2,CS_NC_28d_057,EXP_CS_NC_28d,Normal Concrete,28,Compressive Strength,False,27.97,26.887,-1.083
TabPFN_Pretrained,V2_ENGINEERED,2,CS_NC_28d_058,EXP_CS_NC_28d,Normal Concrete,28,Compressive Strength,False,27.57,26.887,-0.683
TabPFN_Pretrained,V2_ENGINEERED,2,CS_NC_28d_059,EXP_CS_NC_28d,Normal Concrete,28,Compressive Strength,False,28.48,26.887,-1.593
TabPFN_Pretrained,V2_ENGINEERED,2,CS_NC_28d_060,EXP_CS_NC_28d,Normal Concrete,28,Compressive Strength,False,26.76,26.887,0.127
TabPFN_Pretrained,V2_ENGINEERED,2,CS_NC_28d_061,EXP_CS_NC_28d,Normal Concrete,28,Compressive Strength,False,28.78,26.887,-1.893
TabPFN_Pretrained,V2_ENGINEERED,2,CS_NC_28d_062,EXP_CS_NC_28d,Normal Concrete,28,Compressive Strength,False,30.3,26.887,-3.413
TabPFN_Pretrained,V2_ENGINEERED,2,CS_NC_28d_063,EXP_CS_NC_28d,Normal Concrete,28,Compressive Strength,False,27.84,26.887,-0.953
TabPFN_Pretrained,V2_ENGINEERED,2,CS_NC_28d_064,EXP_CS_NC_28d,Normal Concrete,28,Compressive Strength,False,28.6,26.887,-1.713
TabPFN_Pretrained,V2_ENGINEERED,2,CS_NC_28d_065,EXP_CS_NC_28d,Normal Concrete,28,Compressive Strength,False,29.04,26.887,-2.153
TabPFN_Pretrained,V2_ENGINEERED,2,CS_NC_28d_066,EXP_CS_NC_28d,Normal Concrete,28,Compressive Strength,False,27.4,26.887,-0.513
TabPFN_Pretrained,V2_ENGINEERED,2,CS_NC_28d_067,EXP_CS_NC_28d,Normal Concrete,28,Compressive Strength,False,28.34,26.887,-1.453
TabPFN_Pretrained,V2_ENGINEERED,2,CS_NC_28d_068,EXP_CS_NC_28d,Normal Concrete,28,Compressive Strength,False,28.02,26.887,-1.133
TabPFN_Pretrained,V2_ENGINEERED,2,CS_NC_28d_069,EXP_CS_NC_28d,Normal Concrete,28,Compressive Strength,False,28.15,26.887,-1.263
TabPFN_Pretrained,V2_ENGINEERED,2,CS_NC_28d_070,EXP_CS_NC_28d,Normal Concrete,28,Compressive Strength,False,26.84,26.887,0.047
TabPFN_Pretrained,V2_ENGINEERED,2,CS_NC_28d_071,EXP_CS_NC_28d,Normal Concrete,28,Compressive Strength,False,28.04,26.887,-1.153
TabPFN_Pretrained,V2_ENGINEERED,2,CS_NC_28d_072,EXP_CS_NC_28d,Normal Concrete,28,Compressive Strength,False,28.75,26.887,-1.863
TabPFN_Pretrained,V2_ENGINEERED,2,CS_NC_28d_073,EXP_CS_NC_28d,Normal Concrete,28,Compressive Strength,False,30.18,26.887,-3.293
TabPFN_Pretrained,V2_ENGINEERED,2,CS_NC_28d_074,EXP_CS_NC_28d,Normal Concrete,28,Compressive Strength,False,29.44,26.887,-2.553
TabPFN_Pretrained,V2_ENGINEERED,2,CS_NC_28d_075,EXP_CS_NC_28d,Normal Concrete,28,Compressive Strength,False,31.23,26.887,-4.343
TabPFN_Pretrained,V2_ENGINEERED,2,CS_NC_28d_076,EXP_CS_NC_28d,Normal Concrete,28,Compressive Strength,False,26.85,26.887,0.037
TabPFN_Pretrained,V2_ENGINEERED,2,CS_NC_28d_077,EXP_CS_NC_28d,Normal Concrete,28,Compressive Strength,False,29.31,26.887,-2.423
TabPFN_Pretrained,V2_ENGINEERED,2,CS_NC_28d_078,EXP_CS_NC_28d,Normal Concrete,28,Compressive Strength,False,28.28,26.887,-1.393
TabPFN_Pretrained,V2_ENGINEERED,2,CS_NC_28d_079,EXP_CS_NC_28d,Normal Concrete,28,Compressive Strength,False,31.28,26.887,-4.393
TabPFN_Pretrained,V2_ENGINEERED,2,CS_NC_28d_080,EXP_CS_NC_28d,Normal Concrete,28,Compressive Strength,False,26.79,26.887,0.097
TabPFN_Pretrained,V2_ENGINEERED,2,CS_NC_28d_081,EXP_CS_NC_28d,Normal Concrete,28,Compressive Strength,False,26.74,26.887,0.147
TabPFN_Pretrained,V2_ENGINEERED,2,CS_NC_28d_082,EXP_CS_NC_28d,Normal Concrete,28,Compressive Strength,False,27.1,26.887,-0.213
TabPFN_Pretrained,V2_ENGINEERED,2,CS_NC_28d_083,EXP_CS_NC_28d,Normal Concrete,28,Compressive Strength,False,24.81,26.887,2.077
TabPFN_Pretrained,V2_ENGINEERED,2,CS_NC_28d_084,EXP_CS_NC_28d,Normal Concrete,28,Compressive Strength,False,27.21,26.887,-0.323
TabPFN_Pretrained,V2_ENGINEERED,2,CS_NC_28d_085,EXP_CS_NC_28d,Normal Concrete,28,Compressive Strength,False,26.86,26.887,0.027
TabPFN_Pretrained,V2_ENGINEERED,2,CS_NC_28d_086,EXP_CS_NC_28d,Normal Concrete,28,Compressive Strength,False,28.23,26.887,-1.343
TabPFN_Pretrained,V2_ENGINEERED,2,CS_NC_28d_087,EXP_CS_NC_28d,Normal Concrete,28,Compressive Strength,False,28.51,26.887,-1.623
TabPFN_Pretrained,V2_ENGINEERED,2,CS_NC_28d_088,EXP_CS_NC_28d,Normal Concrete,28,Compressive Strength,False,30.81,26.887,-3.923
TabPFN_Pretrained,V2_ENGINEERED,2,CS_NC_28d_089,EXP_CS_NC_28d,Normal Concrete,28,Compressive Strength,False,29.43,26.887,-2.543
TabPFN_Pretrained,V2_ENGINEERED,2,CS_NC_28d_090,EXP_CS_NC_28d,Normal Concrete,28,Compressive Strength,False,27.13,26.887,-0.243
TabPFN_Pretrained,V2_ENGINEERED,2,CS_NC_28d_091,EXP_CS_NC_28d,Normal Concrete,28,Compressive Strength,False,26.65,26.887,0.237
TabPFN_Pretrained,V2_ENGINEERED,2,CS_NC_28d_092,EXP_CS_NC_28d,Normal Concrete,28,Compressive Strength,False,28.74,26.887,-1.853
TabPFN_Pretrained,V2_ENGINEERED,2,CS_NC_28d_093,EXP_CS_NC_28d,Normal Concrete,28,Compressive Strength,False,26.02,26.887,0.867
TabPFN_Pretrained,V2_ENGINEERED,2,CS_NC_28d_094,EXP_CS_NC_28d,Normal Concrete,28,Compressive Strength,False,30.75,26.887,-3.863
TabPFN_Pretrained,V2_ENGINEERED,2,CS_NC_28d_095,EXP_CS_NC_28d,Normal Concrete,28,Compressive Strength,False,29.77,26.887,-2.883
TabPFN_Pretrained,V2_ENGINEERED,2,CS_NC_28d_096,EXP_CS_NC_28d,Normal Concrete,28,Compressive Strength,False,27.3,26.887,-0.413
TabPFN_Pretrained,V2_ENGINEERED,2,CS_NC_28d_097,EXP_CS_NC_28d,Normal Concrete,28,Compressive Strength,False,25.43,26.887,1.457
TabPFN_Pretrained,V2_ENGINEERED,2,CS_NC_28d_098,EXP_CS_NC_28d,Normal Concrete,28,Compressive Strength,False,30.03,26.887,-3.143
TabPFN_Pretrained,V2_ENGINEERED,2,CS_NC_28d_099,EXP_CS_NC_28d,Normal Concrete,28,Compressive Strength,False,27.83,26.887,-0.943
TabPFN_Pretrained,V2_ENGINEERED,2,CS_NC_28d_100,EXP_CS_NC_28d,Normal Concrete,28,Compressive Strength,False,29.86,26.887,-2.973
TabPFN_Pretrained,V2_ENGINEERED,2,FS_NC_28d_001,EXP_FS_NC_28d,Normal Concrete,28,Flexural Strength,False,3.628,4.2747,0.6467
TabPFN_Pretrained,V2_ENGINEERED,2,FS_NC_28d_002,EXP_FS_NC_28d,Normal Concrete,28,Flexural Strength,False,4.255,4.2747,0.0197
TabPFN_Pretrained,V2_ENGINEERED,2,FS_NC_28d_003,EXP_FS_NC_28d,Normal Concrete,28,Flexural Strength,False,4.019,4.2747,0.2557
TabPFN_Pretrained,V2_ENGINEERED,2,FS_NC_28d_004,EXP_FS_NC_28d,Normal Concrete,28,Flexural Strength,False,3.957,4.2747,0.3177
TabPFN_Pretrained,V2_ENGINEERED,2,FS_NC_28d_005,EXP_FS_NC_28d,Normal Concrete,28,Flexural Strength,False,3.857,4.2747,0.4177
TabPFN_Pretrained,V2_ENGINEERED,2,FS_NC_28d_006,EXP_FS_NC_28d,Normal Concrete,28,Flexural Strength,False,4.403,4.2747,-0.1283
TabPFN_Pretrained,V2_ENGINEERED,2,FS_NC_28d_007,EXP_FS_NC_28d,Normal Concrete,28,Flexural Strength,False,4.22,4.2747,0.0547
TabPFN_Pretrained,V2_ENGINEERED,2,FS_NC_28d_008,EXP_FS_NC_28d,Normal Concrete,28,Flexural Strength,False,4.629,4.2747,-0.3543
TabPFN_Pretrained,V2_ENGINEERED,2,FS_NC_28d_009,EXP_FS_NC_28d,Normal Concrete,28,Flexural Strength,False,4.203,4.2747,0.0717
TabPFN_Pretrained,V2_ENGINEERED,2,FS_NC_28d_010,EXP_FS_NC_28d,Normal Concrete,28,Flexural Strength,False,3.558,4.2747,0.7167
TabPFN_Pretrained,V2_ENGINEERED,2,FS_NC_28d_011,EXP_FS_NC_28d,Normal Concrete,28,Flexural Strength,False,4.374,4.2747,-0.0993
TabPFN_Pretrained,V2_ENGINEERED,2,FS_NC_28d_012,EXP_FS_NC_28d,Normal Concrete,28,Flexural Strength,False,4.326,4.2747,-0.0513
TabPFN_Pretrained,V2_ENGINEERED,2,FS_NC_28d_013,EXP_FS_NC_28d,Normal Concrete,28,Flexural Strength,False,3.894,4.2747,0.3807
TabPFN_Pretrained,V2_ENGINEERED,2,FS_NC_28d_014,EXP_FS_NC_28d,Normal Concrete,28,Flexural Strength,False,3.917,4.2747,0.3577
TabPFN_Pretrained,V2_ENGINEERED,2,FS_NC_28d_015,EXP_FS_NC_28d,Normal Concrete,28,Flexural Strength,False,4.202,4.2747,0.0727
TabPFN_Pretrained,V2_ENGINEERED,2,FS_NC_28d_016,EXP_FS_NC_28d,Normal Concrete,28,Flexural Strength,False,4.168,4.2747,0.1067
TabPFN_Pretrained,V2_ENGINEERED,2,FS_NC_28d_017,EXP_FS_NC_28d,Normal Concrete,28,Flexural Strength,False,4.153,4.2747,0.1217
TabPFN_Pretrained,V2_ENGINEERED,2,FS_NC_28d_018,EXP_FS_NC_28d,Normal Concrete,28,Flexural Strength,False,4.293,4.2747,-0.0183
TabPFN_Pretrained,V2_ENGINEERED,2,FS_NC_28d_019,EXP_FS_NC_28d,Normal Concrete,28,Flexural Strength,False,4.758,4.2747,-0.4833
TabPFN_Pretrained,V2_ENGINEERED,2,FS_NC_28d_020,EXP_FS_NC_28d,Normal Concrete,28,Flexural Strength,False,3.797,4.2747,0.4777
TabPFN_Pretrained,V2_ENGINEERED,2,FS_NC_28d_021,EXP_FS_NC_28d,Normal Concrete,28,Flexural Strength,False,4.204,4.2747,0.0707
TabPFN_Pretrained,V2_ENGINEERED,2,FS_NC_28d_022,EXP_FS_NC_28d,Normal Concrete,28,Flexural Strength,False,3.867,4.2747,0.4077
TabPFN_Pretrained,V2_ENGINEERED,2,FS_NC_28d_023,EXP_FS_NC_28d,Normal Concrete,28,Flexural Strength,False,3.899,4.2747,0.3757
TabPFN_Pretrained,V2_ENGINEERED,2,FS_NC_28d_024,EXP_FS_NC_28d,Normal Concrete,28,Flexural Strength,False,4.276,4.2747,-0.0013
TabPFN_Pretrained,V2_ENGINEERED,2,FS_NC_28d_025,EXP_FS_NC_28d,Normal Concrete,28,Flexural Strength,False,4.537,4.2747,-0.2623
TabPFN_Pretrained,V2_ENGINEERED,2,FS_NC_28d_026,EXP_FS_NC_28d,Normal Concrete,28,Flexural Strength,False,4.194,4.2747,0.0807
TabPFN_Pretrained,V2_ENGINEERED,2,FS_NC_28d_027,EXP_FS_NC_28d,Normal Concrete,28,Flexural Strength,False,4.164,4.2747,0.1107
TabPFN_Pretrained,V2_ENGINEERED,2,FS_NC_28d_028,EXP_FS_NC_28d,Normal Concrete,28,Flexural Strength,False,4.115,4.2747,0.1597
TabPFN_Pretrained,V2_ENGINEERED,2,FS_NC_28d_029,EXP_FS_NC_28d,Normal Concrete,28,Flexural Strength,False,4.147,4.2747,0.1277
TabPFN_Pretrained,V2_ENGINEERED,2,FS_NC_28d_030,EXP_FS_NC_28d,Normal Concrete,28,Flexural Strength,False,4.332,4.2747,-0.0573
TabPFN_Pretrained,V2_ENGINEERED,2,FS_NC_28d_031,EXP_FS_NC_28d,Normal Concrete,28,Flexural Strength,False,4.595,4.2747,-0.3203
TabPFN_Pretrained,V2_ENGINEERED,2,FS_NC_28d_032,EXP_FS_NC_28d,Normal Concrete,28,Flexural Strength,False,4.326,4.2747,-0.0513
TabPFN_Pretrained,V2_ENGINEERED,2,FS_NC_28d_033,EXP_FS_NC_28d,Normal Concrete,28,Flexural Strength,False,4.284,4.2747,-0.0093
TabPFN_Pretrained,V2_ENGINEERED,2,FS_NC_28d_034,EXP_FS_NC_28d,Normal Concrete,28,Flexural Strength,False,4.311,4.2747,-0.0363
TabPFN_Pretrained,V2_ENGINEERED,2,FS_NC_28d_035,EXP_FS_NC_28d,Normal Concrete,28,Flexural Strength,False,4.346,4.2747,-0.0713
TabPFN_Pretrained,V2_ENGINEERED,2,FS_NC_28d_036,EXP_FS_NC_28d,Normal Concrete,28,Flexural Strength,False,4.381,4.2747,-0.1063
TabPFN_Pretrained,V2_ENGINEERED,2,FS_NC_28d_037,EXP_FS_NC_28d,Normal Concrete,28,Flexural Strength,False,4.029,4.2747,0.2457
TabPFN_Pretrained,V2_ENGINEERED,2,FS_NC_28d_038,EXP_FS_NC_28d,Normal Concrete,28,Flexural Strength,False,4.153,4.2747,0.1217
TabPFN_Pretrained,V2_ENGINEERED,2,FS_NC_28d_039,EXP_FS_NC_28d,Normal Concrete,28,Flexural Strength,False,4.128,4.2747,0.1467
TabPFN_Pretrained,V2_ENGINEERED,2,FS_NC_28d_040,EXP_FS_NC_28d,Normal Concrete,28,Flexural Strength,False,4.512,4.2747,-0.2373
TabPFN_Pretrained,V2_ENGINEERED,2,FS_NC_28d_041,EXP_FS_NC_28d,Normal Concrete,28,Flexural Strength,False,3.908,4.2747,0.3667
TabPFN_Pretrained,V2_ENGINEERED,2,FS_NC_28d_042,EXP_FS_NC_28d,Normal Concrete,28,Flexural Strength,False,4.085,4.2747,0.1897
TabPFN_Pretrained,V2_ENGINEERED,2,FS_NC_28d_043,EXP_FS_NC_28d,Normal Concrete,28,Flexural Strength,False,4.103,4.2747,0.1717
TabPFN_Pretrained,V2_ENGINEERED,2,FS_NC_28d_044,EXP_FS_NC_28d,Normal Concrete,28,Flexural Strength,False,4.01,4.2747,0.2647
TabPFN_Pretrained,V2_ENGINEERED,2,FS_NC_28d_045,EXP_FS_NC_28d,Normal Concrete,28,Flexural Strength,False,4.073,4.2747,0.2017
TabPFN_Pretrained,V2_ENGINEERED,2,FS_NC_28d_046,EXP_FS_NC_28d,Normal Concrete,28,Flexural Strength,False,4.286,4.2747,-0.0113
TabPFN_Pretrained,V2_ENGINEERED,2,FS_NC_28d_047,EXP_FS_NC_28d,Normal Concrete,28,Flexural Strength,False,4.226,4.2747,0.0487
TabPFN_Pretrained,V2_ENGINEERED,2,FS_NC_28d_048,EXP_FS_NC_28d,Normal Concrete,28,Flexural Strength,False,4.317,4.2747,-0.0423
TabPFN_Pretrained,V2_ENGINEERED,2,FS_NC_28d_049,EXP_FS_NC_28d,Normal Concrete,28,Flexural Strength,False,4.463,4.2747,-0.1883
TabPFN_Pretrained,V2_ENGINEERED,2,FS_NC_28d_050,EXP_FS_NC_28d,Normal Concrete,28,Flexural Strength,False,3.857,4.2747,0.4177
TabPFN_Pretrained,V2_ENGINEERED,2,FS_NC_28d_051,EXP_FS_NC_28d,Normal Concrete,28,Flexural Strength,False,3.923,4.2747,0.3517
TabPFN_Pretrained,V2_ENGINEERED,2,FS_NC_28d_052,EXP_FS_NC_28d,Normal Concrete,28,Flexural Strength,False,4.395,4.2747,-0.1203
TabPFN_Pretrained,V2_ENGINEERED,2,FS_NC_28d_053,EXP_FS_NC_28d,Normal Concrete,28,Flexural Strength,False,3.918,4.2747,0.3567
TabPFN_Pretrained,V2_ENGINEERED,2,FS_NC_28d_054,EXP_FS_NC_28d,Normal Concrete,28,Flexural Strength,False,4.214,4.2747,0.0607
TabPFN_Pretrained,V2_ENGINEERED,2,FS_NC_28d_055,EXP_FS_NC_28d,Normal Concrete,28,Flexural Strength,False,4.36,4.2747,-0.0853
TabPFN_Pretrained,V2_ENGINEERED,2,FS_NC_28d_056,EXP_FS_NC_28d,Normal Concrete,28,Flexural Strength,False,4.582,4.2747,-0.3073
TabPFN_Pretrained,V2_ENGINEERED,2,FS_NC_28d_057,EXP_FS_NC_28d,Normal Concrete,28,Flexural Strength,False,4.422,4.2747,-0.1473
TabPFN_Pretrained,V2_ENGINEERED,2,FS_NC_28d_058,EXP_FS_NC_28d,Normal Concrete,28,Flexural Strength,False,4.225,4.2747,0.0497
TabPFN_Pretrained,V2_ENGINEERED,2,FS_NC_28d_059,EXP_FS_NC_28d,Normal Concrete,28,Flexural Strength,False,4.052,4.2747,0.2227
TabPFN_Pretrained,V2_ENGINEERED,2,FS_NC_28d_060,EXP_FS_NC_28d,Normal Concrete,28,Flexural Strength,False,3.952,4.2747,0.3227
TabPFN_Pretrained,V2_ENGINEERED,2,FS_NC_28d_061,EXP_FS_NC_28d,Normal Concrete,28,Flexural Strength,False,4.492,4.2747,-0.2173
TabPFN_Pretrained,V2_ENGINEERED,2,FS_NC_28d_062,EXP_FS_NC_28d,Normal Concrete,28,Flexural Strength,False,4.153,4.2747,0.1217
TabPFN_Pretrained,V2_ENGINEERED,2,FS_NC_28d_063,EXP_FS_NC_28d,Normal Concrete,28,Flexural Strength,False,4.085,4.2747,0.1897
TabPFN_Pretrained,V2_ENGINEERED,2,FS_NC_28d_064,EXP_FS_NC_28d,Normal Concrete,28,Flexural Strength,False,4.124,4.2747,0.1507
TabPFN_Pretrained,V2_ENGINEERED,2,FS_NC_28d_065,EXP_FS_NC_28d,Normal Concrete,28,Flexural Strength,False,3.975,4.2747,0.2997
TabPFN_Pretrained,V2_ENGINEERED,2,FS_NC_28d_066,EXP_FS_NC_28d,Normal Concrete,28,Flexural Strength,False,4.198,4.2747,0.0767
TabPFN_Pretrained,V2_ENGINEERED,2,FS_NC_28d_067,EXP_FS_NC_28d,Normal Concrete,28,Flexural Strength,False,4.915,4.2747,-0.6403
TabPFN_Pretrained,V2_ENGINEERED,2,FS_NC_28d_068,EXP_FS_NC_28d,Normal Concrete,28,Flexural Strength,False,4.168,4.2747,0.1067
TabPFN_Pretrained,V2_ENGINEERED,2,FS_NC_28d_069,EXP_FS_NC_28d,Normal Concrete,28,Flexural Strength,False,4.025,4.2747,0.2497
TabPFN_Pretrained,V2_ENGINEERED,2,FS_NC_28d_070,EXP_FS_NC_28d,Normal Concrete,28,Flexural Strength,False,4.101,4.2747,0.1737
TabPFN_Pretrained,V2_ENGINEERED,2,FS_NC_28d_071,EXP_FS_NC_28d,Normal Concrete,28,Flexural Strength,False,4.025,4.2747,0.2497
TabPFN_Pretrained,V2_ENGINEERED,2,FS_NC_28d_072,EXP_FS_NC_28d,Normal Concrete,28,Flexural Strength,False,3.619,4.2747,0.6557
TabPFN_Pretrained,V2_ENGINEERED,2,FS_NC_28d_073,EXP_FS_NC_28d,Normal Concrete,28,Flexural Strength,False,4.206,4.2747,0.0687
TabPFN_Pretrained,V2_ENGINEERED,2,FS_NC_28d_074,EXP_FS_NC_28d,Normal Concrete,28,Flexural Strength,False,4.047,4.2747,0.2277
TabPFN_Pretrained,V2_ENGINEERED,2,FS_NC_28d_075,EXP_FS_NC_28d,Normal Concrete,28,Flexural Strength,False,4.112,4.2747,0.1627
TabPFN_Pretrained,V2_ENGINEERED,2,FS_NC_28d_076,EXP_FS_NC_28d,Normal Concrete,28,Flexural Strength,False,4.451,4.2747,-0.1763
TabPFN_Pretrained,V2_ENGINEERED,2,FS_NC_28d_077,EXP_FS_NC_28d,Normal Concrete,28,Flexural Strength,False,4.096,4.2747,0.1787
TabPFN_Pretrained,V2_ENGINEERED,2,FS_NC_28d_078,EXP_FS_NC_28d,Normal Concrete,28,Flexural Strength,False,4.323,4.2747,-0.0483
TabPFN_Pretrained,V2_ENGINEERED,2,FS_NC_28d_079,EXP_FS_NC_28d,Normal Concrete,28,Flexural Strength,False,4.333,4.2747,-0.0583
TabPFN_Pretrained,V2_ENGINEERED,2,FS_NC_28d_080,EXP_FS_NC_28d,Normal Concrete,28,Flexural Strength,False,4.111,4.2747,0.1637
TabPFN_Pretrained,V2_ENGINEERED,2,FS_NC_28d_081,EXP_FS_NC_28d,Normal Concrete,28,Flexural Strength,False,4.048,4.2747,0.2267
TabPFN_Pretrained,V2_ENGINEERED,2,FS_NC_28d_082,EXP_FS_NC_28d,Normal Concrete,28,Flexural Strength,False,3.77,4.2747,0.5047
TabPFN_Pretrained,V2_ENGINEERED,2,FS_NC_28d_083,EXP_FS_NC_28d,Normal Concrete,28,Flexural Strength,False,4.832,4.2747,-0.5573
TabPFN_Pretrained,V2_ENGINEERED,2,FS_NC_28d_084,EXP_FS_NC_28d,Normal Concrete,28,Flexural Strength,False,4.146,4.2747,0.1287
TabPFN_Pretrained,V2_ENGINEERED,2,FS_NC_28d_085,EXP_FS_NC_28d,Normal Concrete,28,Flexural Strength,False,4.613,4.2747,-0.3383
TabPFN_Pretrained,V2_ENGINEERED,2,FS_NC_28d_086,EXP_FS_NC_28d,Normal Concrete,28,Flexural Strength,False,4.178,4.2747,0.0967
TabPFN_Pretrained,V2_ENGINEERED,2,FS_NC_28d_087,EXP_FS_NC_28d,Normal Concrete,28,Flexural Strength,False,4.107,4.2747,0.1677
TabPFN_Pretrained,V2_ENGINEERED,2,FS_NC_28d_088,EXP_FS_NC_28d,Normal Concrete,28,Flexural Strength,False,3.944,4.2747,0.3307
TabPFN_Pretrained,V2_ENGINEERED,2,FS_NC_28d_089,EXP_FS_NC_28d,Normal Concrete,28,Flexural Strength,False,4.732,4.2747,-0.4573
TabPFN_Pretrained,V2_ENGINEERED,2,FS_NC_28d_090,EXP_FS_NC_28d,Normal Concrete,28,Flexural Strength,False,4.322,4.2747,-0.0473
TabPFN_Pretrained,V2_ENGINEERED,2,FS_NC_28d_091,EXP_FS_NC_28d,Normal Concrete,28,Flexural Strength,False,3.968,4.2747,0.3067
TabPFN_Pretrained,V2_ENGINEERED,2,FS_NC_28d_092,EXP_FS_NC_28d,Normal Concrete,28,Flexural Strength,False,4.025,4.2747,0.2497
TabPFN_Pretrained,V2_ENGINEERED,2,FS_NC_28d_093,EXP_FS_NC_28d,Normal Concrete,28,Flexural Strength,False,3.758,4.2747,0.5167
TabPFN_Pretrained,V2_ENGINEERED,2,FS_NC_28d_094,EXP_FS_NC_28d,Normal Concrete,28,Flexural Strength,False,4.555,4.2747,-0.2803
TabPFN_Pretrained,V2_ENGINEERED,2,FS_NC_28d_095,EXP_FS_NC_28d,Normal Concrete,28,Flexural Strength,False,3.876,4.2747,0.3987
TabPFN_Pretrained,V2_ENGINEERED,2,FS_NC_28d_096,EXP_FS_NC_28d,Normal Concrete,28,Flexural Strength,False,4.327,4.2747,-0.0523
TabPFN_Pretrained,V2_ENGINEERED,2,FS_NC_28d_097,EXP_FS_NC_28d,Normal Concrete,28,Flexural Strength,False,4.748,4.2747,-0.4733
TabPFN_Pretrained,V2_ENGINEERED,2,FS_NC_28d_098,EXP_FS_NC_28d,Normal Concrete,28,Flexural Strength,False,4.409,4.2747,-0.1343
TabPFN_Pretrained,V2_ENGINEERED,2,FS_NC_28d_099,EXP_FS_NC_28d,Normal Concrete,28,Flexural Strength,False,4.106,4.2747,0.1687
TabPFN_Pretrained,V2_ENGINEERED,2,FS_NC_28d_100,EXP_FS_NC_28d,Normal Concrete,28,Flexural Strength,False,4.122,4.2747,0.1527
TabPFN_Pretrained,V2_ENGINEERED,2,FS_BC_28d_001,EXP_FS_BC_28d,Bacterial Concrete,28,Flexural Strength,False,5.074,5.1234,0.0494
TabPFN_Pretrained,V2_ENGINEERED,2,FS_BC_28d_002,EXP_FS_BC_28d,Bacterial Concrete,28,Flexural Strength,False,5.504,5.1234,-0.3806
TabPFN_Pretrained,V2_ENGINEERED,2,FS_BC_28d_003,EXP_FS_BC_28d,Bacterial Concrete,28,Flexural Strength,False,5.279,5.1234,-0.1556
TabPFN_Pretrained,V2_ENGINEERED,2,FS_BC_28d_004,EXP_FS_BC_28d,Bacterial Concrete,28,Flexural Strength,False,5.354,5.1234,-0.2306
TabPFN_Pretrained,V2_ENGINEERED,2,FS_BC_28d_005,EXP_FS_BC_28d,Bacterial Concrete,28,Flexural Strength,False,5.218,5.1234,-0.0946
TabPFN_Pretrained,V2_ENGINEERED,2,FS_BC_28d_006,EXP_FS_BC_28d,Bacterial Concrete,28,Flexural Strength,False,5.424,5.1234,-0.3006
TabPFN_Pretrained,V2_ENGINEERED,2,FS_BC_28d_007,EXP_FS_BC_28d,Bacterial Concrete,28,Flexural Strength,False,4.996,5.1234,0.1274
TabPFN_Pretrained,V2_ENGINEERED,2,FS_BC_28d_008,EXP_FS_BC_28d,Bacterial Concrete,28,Flexural Strength,False,5.109,5.1234,0.0144
TabPFN_Pretrained,V2_ENGINEERED,2,FS_BC_28d_009,EXP_FS_BC_28d,Bacterial Concrete,28,Flexural Strength,False,5.061,5.1234,0.0624
TabPFN_Pretrained,V2_ENGINEERED,2,FS_BC_28d_010,EXP_FS_BC_28d,Bacterial Concrete,28,Flexural Strength,False,4.998,5.1234,0.1254
TabPFN_Pretrained,V2_ENGINEERED,2,FS_BC_28d_011,EXP_FS_BC_28d,Bacterial Concrete,28,Flexural Strength,False,4.829,5.1234,0.2944
TabPFN_Pretrained,V2_ENGINEERED,2,FS_BC_28d_012,EXP_FS_BC_28d,Bacterial Concrete,28,Flexural Strength,False,4.775,5.1234,0.3484
TabPFN_Pretrained,V2_ENGINEERED,2,FS_BC_28d_013,EXP_FS_BC_28d,Bacterial Concrete,28,Flexural Strength,False,4.909,5.1234,0.2144
TabPFN_Pretrained,V2_ENGINEERED,2,FS_BC_28d_014,EXP_FS_BC_28d,Bacterial Concrete,28,Flexural Strength,False,4.688,5.1234,0.4354
TabPFN_Pretrained,V2_ENGINEERED,2,FS_BC_28d_015,EXP_FS_BC_28d,Bacterial Concrete,28,Flexural Strength,False,5.324,5.1234,-0.2006
TabPFN_Pretrained,V2_ENGINEERED,2,FS_BC_28d_016,EXP_FS_BC_28d,Bacterial Concrete,28,Flexural Strength,False,5.363,5.1234,-0.2396
TabPFN_Pretrained,V2_ENGINEERED,2,FS_BC_28d_017,EXP_FS_BC_28d,Bacterial Concrete,28,Flexural Strength,False,5.05,5.1234,0.0734
TabPFN_Pretrained,V2_ENGINEERED,2,FS_BC_28d_018,EXP_FS_BC_28d,Bacterial Concrete,28,Flexural Strength,False,5.007,5.1234,0.1164
TabPFN_Pretrained,V2_ENGINEERED,2,FS_BC_28d_019,EXP_FS_BC_28d,Bacterial Concrete,28,Flexural Strength,False,4.921,5.1234,0.2024
TabPFN_Pretrained,V2_ENGINEERED,2,FS_BC_28d_020,EXP_FS_BC_28d,Bacterial Concrete,28,Flexural Strength,False,4.551,5.1234,0.5724
TabPFN_Pretrained,V2_ENGINEERED,2,FS_BC_28d_021,EXP_FS_BC_28d,Bacterial Concrete,28,Flexural Strength,False,5.021,5.1234,0.1024
TabPFN_Pretrained,V2_ENGINEERED,2,FS_BC_28d_022,EXP_FS_BC_28d,Bacterial Concrete,28,Flexural Strength,False,5.078,5.1234,0.0454
TabPFN_Pretrained,V2_ENGINEERED,2,FS_BC_28d_023,EXP_FS_BC_28d,Bacterial Concrete,28,Flexural Strength,False,5.109,5.1234,0.0144
TabPFN_Pretrained,V2_ENGINEERED,2,FS_BC_28d_024,EXP_FS_BC_28d,Bacterial Concrete,28,Flexural Strength,False,4.9,5.1234,0.2234
TabPFN_Pretrained,V2_ENGINEERED,2,FS_BC_28d_025,EXP_FS_BC_28d,Bacterial Concrete,28,Flexural Strength,False,4.857,5.1234,0.2664
TabPFN_Pretrained,V2_ENGINEERED,2,FS_BC_28d_026,EXP_FS_BC_28d,Bacterial Concrete,28,Flexural Strength,False,5.066,5.1234,0.0574
TabPFN_Pretrained,V2_ENGINEERED,2,FS_BC_28d_027,EXP_FS_BC_28d,Bacterial Concrete,28,Flexural Strength,False,4.833,5.1234,0.2904
TabPFN_Pretrained,V2_ENGINEERED,2,FS_BC_28d_028,EXP_FS_BC_28d,Bacterial Concrete,28,Flexural Strength,False,5.089,5.1234,0.0344
TabPFN_Pretrained,V2_ENGINEERED,2,FS_BC_28d_029,EXP_FS_BC_28d,Bacterial Concrete,28,Flexural Strength,False,5.318,5.1234,-0.1946
TabPFN_Pretrained,V2_ENGINEERED,2,FS_BC_28d_030,EXP_FS_BC_28d,Bacterial Concrete,28,Flexural Strength,False,5.039,5.1234,0.0844
TabPFN_Pretrained,V2_ENGINEERED,2,FS_BC_28d_031,EXP_FS_BC_28d,Bacterial Concrete,28,Flexural Strength,False,4.73,5.1234,0.3934
TabPFN_Pretrained,V2_ENGINEERED,2,FS_BC_28d_032,EXP_FS_BC_28d,Bacterial Concrete,28,Flexural Strength,False,4.846,5.1234,0.2774
TabPFN_Pretrained,V2_ENGINEERED,2,FS_BC_28d_033,EXP_FS_BC_28d,Bacterial Concrete,28,Flexural Strength,False,5.034,5.1234,0.0894
TabPFN_Pretrained,V2_ENGINEERED,2,FS_BC_28d_034,EXP_FS_BC_28d,Bacterial Concrete,28,Flexural Strength,False,4.622,5.1234,0.5014
TabPFN_Pretrained,V2_ENGINEERED,2,FS_BC_28d_035,EXP_FS_BC_28d,Bacterial Concrete,28,Flexural Strength,False,5.383,5.1234,-0.2596
TabPFN_Pretrained,V2_ENGINEERED,2,FS_BC_28d_036,EXP_FS_BC_28d,Bacterial Concrete,28,Flexural Strength,False,5.524,5.1234,-0.4006
TabPFN_Pretrained,V2_ENGINEERED,2,FS_BC_28d_037,EXP_FS_BC_28d,Bacterial Concrete,28,Flexural Strength,False,4.769,5.1234,0.3544
TabPFN_Pretrained,V2_ENGINEERED,2,FS_BC_28d_038,EXP_FS_BC_28d,Bacterial Concrete,28,Flexural Strength,False,5.026,5.1234,0.0974
TabPFN_Pretrained,V2_ENGINEERED,2,FS_BC_28d_039,EXP_FS_BC_28d,Bacterial Concrete,28,Flexural Strength,False,5.271,5.1234,-0.1476
TabPFN_Pretrained,V2_ENGINEERED,2,FS_BC_28d_040,EXP_FS_BC_28d,Bacterial Concrete,28,Flexural Strength,False,4.711,5.1234,0.4124
TabPFN_Pretrained,V2_ENGINEERED,2,FS_BC_28d_041,EXP_FS_BC_28d,Bacterial Concrete,28,Flexural Strength,False,4.832,5.1234,0.2914
TabPFN_Pretrained,V2_ENGINEERED,2,FS_BC_28d_042,EXP_FS_BC_28d,Bacterial Concrete,28,Flexural Strength,False,5.374,5.1234,-0.2506
TabPFN_Pretrained,V2_ENGINEERED,2,FS_BC_28d_043,EXP_FS_BC_28d,Bacterial Concrete,28,Flexural Strength,False,4.708,5.1234,0.4154
TabPFN_Pretrained,V2_ENGINEERED,2,FS_BC_28d_044,EXP_FS_BC_28d,Bacterial Concrete,28,Flexural Strength,False,4.405,5.1234,0.7184
TabPFN_Pretrained,V2_ENGINEERED,2,FS_BC_28d_045,EXP_FS_BC_28d,Bacterial Concrete,28,Flexural Strength,False,4.508,5.1234,0.6154
TabPFN_Pretrained,V2_ENGINEERED,2,FS_BC_28d_046,EXP_FS_BC_28d,Bacterial Concrete,28,Flexural Strength,False,5.205,5.1234,-0.0816
TabPFN_Pretrained,V2_ENGINEERED,2,FS_BC_28d_047,EXP_FS_BC_28d,Bacterial Concrete,28,Flexural Strength,False,5.457,5.1234,-0.3336
TabPFN_Pretrained,V2_ENGINEERED,2,FS_BC_28d_048,EXP_FS_BC_28d,Bacterial Concrete,28,Flexural Strength,False,5.056,5.1234,0.0674
TabPFN_Pretrained,V2_ENGINEERED,2,FS_BC_28d_049,EXP_FS_BC_28d,Bacterial Concrete,28,Flexural Strength,False,5.201,5.1234,-0.0776
TabPFN_Pretrained,V2_ENGINEERED,2,FS_BC_28d_050,EXP_FS_BC_28d,Bacterial Concrete,28,Flexural Strength,False,5.108,5.1234,0.0154
TabPFN_Pretrained,V2_ENGINEERED,2,FS_BC_28d_051,EXP_FS_BC_28d,Bacterial Concrete,28,Flexural Strength,False,4.939,5.1234,0.1844
TabPFN_Pretrained,V2_ENGINEERED,2,FS_BC_28d_052,EXP_FS_BC_28d,Bacterial Concrete,28,Flexural Strength,False,4.665,5.1234,0.4584
TabPFN_Pretrained,V2_ENGINEERED,2,FS_BC_28d_053,EXP_FS_BC_28d,Bacterial Concrete,28,Flexural Strength,False,5.237,5.1234,-0.1136
TabPFN_Pretrained,V2_ENGINEERED,2,FS_BC_28d_054,EXP_FS_BC_28d,Bacterial Concrete,28,Flexural Strength,False,4.762,5.1234,0.3614
TabPFN_Pretrained,V2_ENGINEERED,2,FS_BC_28d_055,EXP_FS_BC_28d,Bacterial Concrete,28,Flexural Strength,False,5.002,5.1234,0.1214
TabPFN_Pretrained,V2_ENGINEERED,2,FS_BC_28d_056,EXP_FS_BC_28d,Bacterial Concrete,28,Flexural Strength,False,5.383,5.1234,-0.2596
TabPFN_Pretrained,V2_ENGINEERED,2,FS_BC_28d_057,EXP_FS_BC_28d,Bacterial Concrete,28,Flexural Strength,False,4.971,5.1234,0.1524
TabPFN_Pretrained,V2_ENGINEERED,2,FS_BC_28d_058,EXP_FS_BC_28d,Bacterial Concrete,28,Flexural Strength,False,4.845,5.1234,0.2784
TabPFN_Pretrained,V2_ENGINEERED,2,FS_BC_28d_059,EXP_FS_BC_28d,Bacterial Concrete,28,Flexural Strength,False,4.884,5.1234,0.2394
TabPFN_Pretrained,V2_ENGINEERED,2,FS_BC_28d_060,EXP_FS_BC_28d,Bacterial Concrete,28,Flexural Strength,False,5.319,5.1234,-0.1956
TabPFN_Pretrained,V2_ENGINEERED,2,FS_BC_28d_061,EXP_FS_BC_28d,Bacterial Concrete,28,Flexural Strength,False,5.009,5.1234,0.1144
TabPFN_Pretrained,V2_ENGINEERED,2,FS_BC_28d_062,EXP_FS_BC_28d,Bacterial Concrete,28,Flexural Strength,False,5.058,5.1234,0.0654
TabPFN_Pretrained,V2_ENGINEERED,2,FS_BC_28d_063,EXP_FS_BC_28d,Bacterial Concrete,28,Flexural Strength,False,4.83,5.1234,0.2934
TabPFN_Pretrained,V2_ENGINEERED,2,FS_BC_28d_064,EXP_FS_BC_28d,Bacterial Concrete,28,Flexural Strength,False,4.789,5.1234,0.3344
TabPFN_Pretrained,V2_ENGINEERED,2,FS_BC_28d_065,EXP_FS_BC_28d,Bacterial Concrete,28,Flexural Strength,False,5.184,5.1234,-0.0606
TabPFN_Pretrained,V2_ENGINEERED,2,FS_BC_28d_066,EXP_FS_BC_28d,Bacterial Concrete,28,Flexural Strength,False,5.126,5.1234,-0.0026
TabPFN_Pretrained,V2_ENGINEERED,2,FS_BC_28d_067,EXP_FS_BC_28d,Bacterial Concrete,28,Flexural Strength,False,5.698,5.1234,-0.5746
TabPFN_Pretrained,V2_ENGINEERED,2,FS_BC_28d_068,EXP_FS_BC_28d,Bacterial Concrete,28,Flexural Strength,False,4.682,5.1234,0.4414
TabPFN_Pretrained,V2_ENGINEERED,2,FS_BC_28d_069,EXP_FS_BC_28d,Bacterial Concrete,28,Flexural Strength,False,5.234,5.1234,-0.1106
TabPFN_Pretrained,V2_ENGINEERED,2,FS_BC_28d_070,EXP_FS_BC_28d,Bacterial Concrete,28,Flexural Strength,False,4.614,5.1234,0.5094
TabPFN_Pretrained,V2_ENGINEERED,2,FS_BC_28d_071,EXP_FS_BC_28d,Bacterial Concrete,28,Flexural Strength,False,5.236,5.1234,-0.1126
TabPFN_Pretrained,V2_ENGINEERED,2,FS_BC_28d_072,EXP_FS_BC_28d,Bacterial Concrete,28,Flexural Strength,False,4.691,5.1234,0.4324
TabPFN_Pretrained,V2_ENGINEERED,2,FS_BC_28d_073,EXP_FS_BC_28d,Bacterial Concrete,28,Flexural Strength,False,4.644,5.1234,0.4794
TabPFN_Pretrained,V2_ENGINEERED,2,FS_BC_28d_074,EXP_FS_BC_28d,Bacterial Concrete,28,Flexural Strength,False,5.055,5.1234,0.0684
TabPFN_Pretrained,V2_ENGINEERED,2,FS_BC_28d_075,EXP_FS_BC_28d,Bacterial Concrete,28,Flexural Strength,False,4.949,5.1234,0.1744
TabPFN_Pretrained,V2_ENGINEERED,2,FS_BC_28d_076,EXP_FS_BC_28d,Bacterial Concrete,28,Flexural Strength,False,4.984,5.1234,0.1394
TabPFN_Pretrained,V2_ENGINEERED,2,FS_BC_28d_077,EXP_FS_BC_28d,Bacterial Concrete,28,Flexural Strength,False,5.195,5.1234,-0.0716
TabPFN_Pretrained,V2_ENGINEERED,2,FS_BC_28d_078,EXP_FS_BC_28d,Bacterial Concrete,28,Flexural Strength,False,5.368,5.1234,-0.2446
TabPFN_Pretrained,V2_ENGINEERED,2,FS_BC_28d_079,EXP_FS_BC_28d,Bacterial Concrete,28,Flexural Strength,False,4.948,5.1234,0.1754
TabPFN_Pretrained,V2_ENGINEERED,2,FS_BC_28d_080,EXP_FS_BC_28d,Bacterial Concrete,28,Flexural Strength,False,4.99,5.1234,0.1334
TabPFN_Pretrained,V2_ENGINEERED,2,FS_BC_28d_081,EXP_FS_BC_28d,Bacterial Concrete,28,Flexural Strength,False,4.933,5.1234,0.1904
TabPFN_Pretrained,V2_ENGINEERED,2,FS_BC_28d_082,EXP_FS_BC_28d,Bacterial Concrete,28,Flexural Strength,False,4.435,5.1234,0.6884
TabPFN_Pretrained,V2_ENGINEERED,2,FS_BC_28d_083,EXP_FS_BC_28d,Bacterial Concrete,28,Flexural Strength,False,5.133,5.1234,-0.0096
TabPFN_Pretrained,V2_ENGINEERED,2,FS_BC_28d_084,EXP_FS_BC_28d,Bacterial Concrete,28,Flexural Strength,False,4.376,5.1234,0.7474
TabPFN_Pretrained,V2_ENGINEERED,2,FS_BC_28d_085,EXP_FS_BC_28d,Bacterial Concrete,28,Flexural Strength,False,5.138,5.1234,-0.0146
TabPFN_Pretrained,V2_ENGINEERED,2,FS_BC_28d_086,EXP_FS_BC_28d,Bacterial Concrete,28,Flexural Strength,False,5.039,5.1234,0.0844
TabPFN_Pretrained,V2_ENGINEERED,2,FS_BC_28d_087,EXP_FS_BC_28d,Bacterial Concrete,28,Flexural Strength,False,4.857,5.1234,0.2664
TabPFN_Pretrained,V2_ENGINEERED,2,FS_BC_28d_088,EXP_FS_BC_28d,Bacterial Concrete,28,Flexural Strength,False,5.319,5.1234,-0.1956
TabPFN_Pretrained,V2_ENGINEERED,2,FS_BC_28d_089,EXP_FS_BC_28d,Bacterial Concrete,28,Flexural Strength,False,4.735,5.1234,0.3884
TabPFN_Pretrained,V2_ENGINEERED,2,FS_BC_28d_090,EXP_FS_BC_28d,Bacterial Concrete,28,Flexural Strength,False,5.549,5.1234,-0.4256
TabPFN_Pretrained,V2_ENGINEERED,2,FS_BC_28d_091,EXP_FS_BC_28d,Bacterial Concrete,28,Flexural Strength,False,5.032,5.1234,0.0914
TabPFN_Pretrained,V2_ENGINEERED,2,FS_BC_28d_092,EXP_FS_BC_28d,Bacterial Concrete,28,Flexural Strength,False,4.81,5.1234,0.3134
TabPFN_Pretrained,V2_ENGINEERED,2,FS_BC_28d_093,EXP_FS_BC_28d,Bacterial Concrete,28,Flexural Strength,False,5.007,5.1234,0.1164
TabPFN_Pretrained,V2_ENGINEERED,2,FS_BC_28d_094,EXP_FS_BC_28d,Bacterial Concrete,28,Flexural Strength,False,5.543,5.1234,-0.4196
TabPFN_Pretrained,V2_ENGINEERED,2,FS_BC_28d_095,EXP_FS_BC_28d,Bacterial Concrete,28,Flexural Strength,False,4.742,5.1234,0.3814
TabPFN_Pretrained,V2_ENGINEERED,2,FS_BC_28d_096,EXP_FS_BC_28d,Bacterial Concrete,28,Flexural Strength,False,4.652,5.1234,0.4714
TabPFN_Pretrained,V2_ENGINEERED,2,FS_BC_28d_097,EXP_FS_BC_28d,Bacterial Concrete,28,Flexural Strength,False,5.312,5.1234,-0.1886
TabPFN_Pretrained,V2_ENGINEERED,2,FS_BC_28d_098,EXP_FS_BC_28d,Bacterial Concrete,28,Flexural Strength,False,5.143,5.1234,-0.0196
TabPFN_Pretrained,V2_ENGINEERED,2,FS_BC_28d_099,EXP_FS_BC_28d,Bacterial Concrete,28,Flexural Strength,False,4.827,5.1234,0.2964
TabPFN_Pretrained,V2_ENGINEERED,2,FS_BC_28d_100,EXP_FS_BC_28d,Bacterial Concrete,28,Flexural Strength,False,4.444,5.1234,0.6794
TabPFN_Pretrained,V2_ENGINEERED,2,TS_NC_56d_001,EXP_TS_NC_56d,Normal Concrete,56,Split Tensile Strength,False,3.13,3.5389,0.4089
TabPFN_Pretrained,V2_ENGINEERED,2,TS_NC_56d_002,EXP_TS_NC_56d,Normal Concrete,56,Split Tensile Strength,False,2.821,3.5389,0.7179
TabPFN_Pretrained,V2_ENGINEERED,2,TS_NC_56d_003,EXP_TS_NC_56d,Normal Concrete,56,Split Tensile Strength,False,2.826,3.5389,0.7129
TabPFN_Pretrained,V2_ENGINEERED,2,TS_NC_56d_004,EXP_TS_NC_56d,Normal Concrete,56,Split Tensile Strength,False,2.704,3.5389,0.8349
TabPFN_Pretrained,V2_ENGINEERED,2,TS_NC_56d_005,EXP_TS_NC_56d,Normal Concrete,56,Split Tensile Strength,False,2.899,3.5389,0.6399
TabPFN_Pretrained,V2_ENGINEERED,2,TS_NC_56d_006,EXP_TS_NC_56d,Normal Concrete,56,Split Tensile Strength,False,3.047,3.5389,0.4919
TabPFN_Pretrained,V2_ENGINEERED,2,TS_NC_56d_007,EXP_TS_NC_56d,Normal Concrete,56,Split Tensile Strength,False,2.637,3.5389,0.9019
TabPFN_Pretrained,V2_ENGINEERED,2,TS_NC_56d_008,EXP_TS_NC_56d,Normal Concrete,56,Split Tensile Strength,False,2.8,3.5389,0.7389
TabPFN_Pretrained,V2_ENGINEERED,2,TS_NC_56d_009,EXP_TS_NC_56d,Normal Concrete,56,Split Tensile Strength,False,2.905,3.5389,0.6339
TabPFN_Pretrained,V2_ENGINEERED,2,TS_NC_56d_010,EXP_TS_NC_56d,Normal Concrete,56,Split Tensile Strength,False,3.028,3.5389,0.5109
TabPFN_Pretrained,V2_ENGINEERED,2,TS_NC_56d_011,EXP_TS_NC_56d,Normal Concrete,56,Split Tensile Strength,False,2.957,3.5389,0.5819
TabPFN_Pretrained,V2_ENGINEERED,2,TS_NC_56d_012,EXP_TS_NC_56d,Normal Concrete,56,Split Tensile Strength,False,2.949,3.5389,0.5899
TabPFN_Pretrained,V2_ENGINEERED,2,TS_NC_56d_013,EXP_TS_NC_56d,Normal Concrete,56,Split Tensile Strength,False,2.866,3.5389,0.6729
TabPFN_Pretrained,V2_ENGINEERED,2,TS_NC_56d_014,EXP_TS_NC_56d,Normal Concrete,56,Split Tensile Strength,False,2.972,3.5389,0.5669
TabPFN_Pretrained,V2_ENGINEERED,2,TS_NC_56d_015,EXP_TS_NC_56d,Normal Concrete,56,Split Tensile Strength,False,3.052,3.5389,0.4869
TabPFN_Pretrained,V2_ENGINEERED,2,TS_NC_56d_016,EXP_TS_NC_56d,Normal Concrete,56,Split Tensile Strength,False,2.644,3.5389,0.8949
TabPFN_Pretrained,V2_ENGINEERED,2,TS_NC_56d_017,EXP_TS_NC_56d,Normal Concrete,56,Split Tensile Strength,False,3.009,3.5389,0.5299
TabPFN_Pretrained,V2_ENGINEERED,2,TS_NC_56d_018,EXP_TS_NC_56d,Normal Concrete,56,Split Tensile Strength,False,2.885,3.5389,0.6539
TabPFN_Pretrained,V2_ENGINEERED,2,TS_NC_56d_019,EXP_TS_NC_56d,Normal Concrete,56,Split Tensile Strength,False,2.821,3.5389,0.7179
TabPFN_Pretrained,V2_ENGINEERED,2,TS_NC_56d_020,EXP_TS_NC_56d,Normal Concrete,56,Split Tensile Strength,False,2.534,3.5389,1.0049
TabPFN_Pretrained,V2_ENGINEERED,2,TS_NC_56d_021,EXP_TS_NC_56d,Normal Concrete,56,Split Tensile Strength,False,2.693,3.5389,0.8459
TabPFN_Pretrained,V2_ENGINEERED,2,TS_NC_56d_022,EXP_TS_NC_56d,Normal Concrete,56,Split Tensile Strength,False,3.155,3.5389,0.3839
TabPFN_Pretrained,V2_ENGINEERED,2,TS_NC_56d_023,EXP_TS_NC_56d,Normal Concrete,56,Split Tensile Strength,False,2.797,3.5389,0.7419
TabPFN_Pretrained,V2_ENGINEERED,2,TS_NC_56d_024,EXP_TS_NC_56d,Normal Concrete,56,Split Tensile Strength,False,2.737,3.5389,0.8019
TabPFN_Pretrained,V2_ENGINEERED,2,TS_NC_56d_025,EXP_TS_NC_56d,Normal Concrete,56,Split Tensile Strength,False,2.832,3.5389,0.7069
TabPFN_Pretrained,V2_ENGINEERED,2,TS_NC_56d_026,EXP_TS_NC_56d,Normal Concrete,56,Split Tensile Strength,False,2.788,3.5389,0.7509
TabPFN_Pretrained,V2_ENGINEERED,2,TS_NC_56d_027,EXP_TS_NC_56d,Normal Concrete,56,Split Tensile Strength,False,2.919,3.5389,0.6199
TabPFN_Pretrained,V2_ENGINEERED,2,TS_NC_56d_028,EXP_TS_NC_56d,Normal Concrete,56,Split Tensile Strength,False,3.128,3.5389,0.4109
TabPFN_Pretrained,V2_ENGINEERED,2,TS_NC_56d_029,EXP_TS_NC_56d,Normal Concrete,56,Split Tensile Strength,False,2.812,3.5389,0.7269
TabPFN_Pretrained,V2_ENGINEERED,2,TS_NC_56d_030,EXP_TS_NC_56d,Normal Concrete,56,Split Tensile Strength,False,2.923,3.5389,0.6159
TabPFN_Pretrained,V2_ENGINEERED,2,TS_NC_56d_031,EXP_TS_NC_56d,Normal Concrete,56,Split Tensile Strength,False,2.728,3.5389,0.8109
TabPFN_Pretrained,V2_ENGINEERED,2,TS_NC_56d_032,EXP_TS_NC_56d,Normal Concrete,56,Split Tensile Strength,False,3.128,3.5389,0.4109
TabPFN_Pretrained,V2_ENGINEERED,2,TS_NC_56d_033,EXP_TS_NC_56d,Normal Concrete,56,Split Tensile Strength,False,2.928,3.5389,0.6109
TabPFN_Pretrained,V2_ENGINEERED,2,TS_NC_56d_034,EXP_TS_NC_56d,Normal Concrete,56,Split Tensile Strength,False,2.738,3.5389,0.8009
TabPFN_Pretrained,V2_ENGINEERED,2,TS_NC_56d_035,EXP_TS_NC_56d,Normal Concrete,56,Split Tensile Strength,False,3.036,3.5389,0.5029
TabPFN_Pretrained,V2_ENGINEERED,2,TS_NC_56d_036,EXP_TS_NC_56d,Normal Concrete,56,Split Tensile Strength,False,3.08,3.5389,0.4589
TabPFN_Pretrained,V2_ENGINEERED,2,TS_NC_56d_037,EXP_TS_NC_56d,Normal Concrete,56,Split Tensile Strength,False,2.924,3.5389,0.6149
TabPFN_Pretrained,V2_ENGINEERED,2,TS_NC_56d_038,EXP_TS_NC_56d,Normal Concrete,56,Split Tensile Strength,False,2.654,3.5389,0.8849
TabPFN_Pretrained,V2_ENGINEERED,2,TS_NC_56d_039,EXP_TS_NC_56d,Normal Concrete,56,Split Tensile Strength,False,3.168,3.5389,0.3709
TabPFN_Pretrained,V2_ENGINEERED,2,TS_NC_56d_040,EXP_TS_NC_56d,Normal Concrete,56,Split Tensile Strength,False,2.947,3.5389,0.5919
TabPFN_Pretrained,V2_ENGINEERED,2,TS_NC_56d_041,EXP_TS_NC_56d,Normal Concrete,56,Split Tensile Strength,False,3.076,3.5389,0.4629
TabPFN_Pretrained,V2_ENGINEERED,2,TS_NC_56d_042,EXP_TS_NC_56d,Normal Concrete,56,Split Tensile Strength,False,2.817,3.5389,0.7219
TabPFN_Pretrained,V2_ENGINEERED,2,TS_NC_56d_043,EXP_TS_NC_56d,Normal Concrete,56,Split Tensile Strength,False,2.84,3.5389,0.6989
TabPFN_Pretrained,V2_ENGINEERED,2,TS_NC_56d_044,EXP_TS_NC_56d,Normal Concrete,56,Split Tensile Strength,False,2.917,3.5389,0.6219
TabPFN_Pretrained,V2_ENGINEERED,2,TS_NC_56d_045,EXP_TS_NC_56d,Normal Concrete,56,Split Tensile Strength,False,3.067,3.5389,0.4719
TabPFN_Pretrained,V2_ENGINEERED,2,TS_NC_56d_046,EXP_TS_NC_56d,Normal Concrete,56,Split Tensile Strength,False,2.921,3.5389,0.6179
TabPFN_Pretrained,V2_ENGINEERED,2,TS_NC_56d_047,EXP_TS_NC_56d,Normal Concrete,56,Split Tensile Strength,False,2.711,3.5389,0.8279
TabPFN_Pretrained,V2_ENGINEERED,2,TS_NC_56d_048,EXP_TS_NC_56d,Normal Concrete,56,Split Tensile Strength,False,2.939,3.5389,0.5999
TabPFN_Pretrained,V2_ENGINEERED,2,TS_NC_56d_049,EXP_TS_NC_56d,Normal Concrete,56,Split Tensile Strength,False,3.144,3.5389,0.3949
TabPFN_Pretrained,V2_ENGINEERED,2,TS_NC_56d_050,EXP_TS_NC_56d,Normal Concrete,56,Split Tensile Strength,False,2.91,3.5389,0.6289
TabPFN_Pretrained,V2_ENGINEERED,2,TS_NC_56d_051,EXP_TS_NC_56d,Normal Concrete,56,Split Tensile Strength,False,2.919,3.5389,0.6199
TabPFN_Pretrained,V2_ENGINEERED,2,TS_NC_56d_052,EXP_TS_NC_56d,Normal Concrete,56,Split Tensile Strength,False,2.711,3.5389,0.8279
TabPFN_Pretrained,V2_ENGINEERED,2,TS_NC_56d_053,EXP_TS_NC_56d,Normal Concrete,56,Split Tensile Strength,False,2.69,3.5389,0.8489
TabPFN_Pretrained,V2_ENGINEERED,2,TS_NC_56d_054,EXP_TS_NC_56d,Normal Concrete,56,Split Tensile Strength,False,2.804,3.5389,0.7349
TabPFN_Pretrained,V2_ENGINEERED,2,TS_NC_56d_055,EXP_TS_NC_56d,Normal Concrete,56,Split Tensile Strength,False,2.851,3.5389,0.6879
TabPFN_Pretrained,V2_ENGINEERED,2,TS_NC_56d_056,EXP_TS_NC_56d,Normal Concrete,56,Split Tensile Strength,False,2.916,3.5389,0.6229
TabPFN_Pretrained,V2_ENGINEERED,2,TS_NC_56d_057,EXP_TS_NC_56d,Normal Concrete,56,Split Tensile Strength,False,2.925,3.5389,0.6139
TabPFN_Pretrained,V2_ENGINEERED,2,TS_NC_56d_058,EXP_TS_NC_56d,Normal Concrete,56,Split Tensile Strength,False,3.14,3.5389,0.3989
TabPFN_Pretrained,V2_ENGINEERED,2,TS_NC_56d_059,EXP_TS_NC_56d,Normal Concrete,56,Split Tensile Strength,False,2.909,3.5389,0.6299
TabPFN_Pretrained,V2_ENGINEERED,2,TS_NC_56d_060,EXP_TS_NC_56d,Normal Concrete,56,Split Tensile Strength,False,3.06,3.5389,0.4789
TabPFN_Pretrained,V2_ENGINEERED,2,TS_NC_56d_061,EXP_TS_NC_56d,Normal Concrete,56,Split Tensile Strength,False,2.894,3.5389,0.6449
TabPFN_Pretrained,V2_ENGINEERED,2,TS_NC_56d_062,EXP_TS_NC_56d,Normal Concrete,56,Split Tensile Strength,False,3.117,3.5389,0.4219
TabPFN_Pretrained,V2_ENGINEERED,2,TS_NC_56d_063,EXP_TS_NC_56d,Normal Concrete,56,Split Tensile Strength,False,2.619,3.5389,0.9199
TabPFN_Pretrained,V2_ENGINEERED,2,TS_NC_56d_064,EXP_TS_NC_56d,Normal Concrete,56,Split Tensile Strength,False,2.81,3.5389,0.7289
TabPFN_Pretrained,V2_ENGINEERED,2,TS_NC_56d_065,EXP_TS_NC_56d,Normal Concrete,56,Split Tensile Strength,False,3.047,3.5389,0.4919
TabPFN_Pretrained,V2_ENGINEERED,2,TS_NC_56d_066,EXP_TS_NC_56d,Normal Concrete,56,Split Tensile Strength,False,2.874,3.5389,0.6649
TabPFN_Pretrained,V2_ENGINEERED,2,TS_NC_56d_067,EXP_TS_NC_56d,Normal Concrete,56,Split Tensile Strength,False,3.04,3.5389,0.4989
TabPFN_Pretrained,V2_ENGINEERED,2,TS_NC_56d_068,EXP_TS_NC_56d,Normal Concrete,56,Split Tensile Strength,False,2.958,3.5389,0.5809
TabPFN_Pretrained,V2_ENGINEERED,2,TS_NC_56d_069,EXP_TS_NC_56d,Normal Concrete,56,Split Tensile Strength,False,3.042,3.5389,0.4969
TabPFN_Pretrained,V2_ENGINEERED,2,TS_NC_56d_070,EXP_TS_NC_56d,Normal Concrete,56,Split Tensile Strength,False,2.992,3.5389,0.5469
TabPFN_Pretrained,V2_ENGINEERED,2,TS_NC_56d_071,EXP_TS_NC_56d,Normal Concrete,56,Split Tensile Strength,False,3.001,3.5389,0.5379
TabPFN_Pretrained,V2_ENGINEERED,2,TS_NC_56d_072,EXP_TS_NC_56d,Normal Concrete,56,Split Tensile Strength,False,3.124,3.5389,0.4149
TabPFN_Pretrained,V2_ENGINEERED,2,TS_NC_56d_073,EXP_TS_NC_56d,Normal Concrete,56,Split Tensile Strength,False,3.048,3.5389,0.4909
TabPFN_Pretrained,V2_ENGINEERED,2,TS_NC_56d_074,EXP_TS_NC_56d,Normal Concrete,56,Split Tensile Strength,False,3.049,3.5389,0.4899
TabPFN_Pretrained,V2_ENGINEERED,2,TS_NC_56d_075,EXP_TS_NC_56d,Normal Concrete,56,Split Tensile Strength,False,2.903,3.5389,0.6359
TabPFN_Pretrained,V2_ENGINEERED,2,TS_NC_56d_076,EXP_TS_NC_56d,Normal Concrete,56,Split Tensile Strength,False,2.813,3.5389,0.7259
TabPFN_Pretrained,V2_ENGINEERED,2,TS_NC_56d_077,EXP_TS_NC_56d,Normal Concrete,56,Split Tensile Strength,False,2.801,3.5389,0.7379
TabPFN_Pretrained,V2_ENGINEERED,2,TS_NC_56d_078,EXP_TS_NC_56d,Normal Concrete,56,Split Tensile Strength,False,3.013,3.5389,0.5259
TabPFN_Pretrained,V2_ENGINEERED,2,TS_NC_56d_079,EXP_TS_NC_56d,Normal Concrete,56,Split Tensile Strength,False,2.534,3.5389,1.0049
TabPFN_Pretrained,V2_ENGINEERED,2,TS_NC_56d_080,EXP_TS_NC_56d,Normal Concrete,56,Split Tensile Strength,False,2.704,3.5389,0.8349
TabPFN_Pretrained,V2_ENGINEERED,2,TS_NC_56d_081,EXP_TS_NC_56d,Normal Concrete,56,Split Tensile Strength,False,2.756,3.5389,0.7829
TabPFN_Pretrained,V2_ENGINEERED,2,TS_NC_56d_082,EXP_TS_NC_56d,Normal Concrete,56,Split Tensile Strength,False,2.863,3.5389,0.6759
TabPFN_Pretrained,V2_ENGINEERED,2,TS_NC_56d_083,EXP_TS_NC_56d,Normal Concrete,56,Split Tensile Strength,False,2.505,3.5389,1.0339
TabPFN_Pretrained,V2_ENGINEERED,2,TS_NC_56d_084,EXP_TS_NC_56d,Normal Concrete,56,Split Tensile Strength,False,3.089,3.5389,0.4499
TabPFN_Pretrained,V2_ENGINEERED,2,TS_NC_56d_085,EXP_TS_NC_56d,Normal Concrete,56,Split Tensile Strength,False,2.99,3.5389,0.5489
TabPFN_Pretrained,V2_ENGINEERED,2,TS_NC_56d_086,EXP_TS_NC_56d,Normal Concrete,56,Split Tensile Strength,False,3.198,3.5389,0.3409
TabPFN_Pretrained,V2_ENGINEERED,2,TS_NC_56d_087,EXP_TS_NC_56d,Normal Concrete,56,Split Tensile Strength,False,3.059,3.5389,0.4799
TabPFN_Pretrained,V2_ENGINEERED,2,TS_NC_56d_088,EXP_TS_NC_56d,Normal Concrete,56,Split Tensile Strength,False,3.055,3.5389,0.4839
TabPFN_Pretrained,V2_ENGINEERED,2,TS_NC_56d_089,EXP_TS_NC_56d,Normal Concrete,56,Split Tensile Strength,False,3.238,3.5389,0.3009
TabPFN_Pretrained,V2_ENGINEERED,2,TS_NC_56d_090,EXP_TS_NC_56d,Normal Concrete,56,Split Tensile Strength,False,2.814,3.5389,0.7249
TabPFN_Pretrained,V2_ENGINEERED,2,TS_NC_56d_091,EXP_TS_NC_56d,Normal Concrete,56,Split Tensile Strength,False,2.674,3.5389,0.8649
TabPFN_Pretrained,V2_ENGINEERED,2,TS_NC_56d_092,EXP_TS_NC_56d,Normal Concrete,56,Split Tensile Strength,False,2.865,3.5389,0.6739
TabPFN_Pretrained,V2_ENGINEERED,2,TS_NC_56d_093,EXP_TS_NC_56d,Normal Concrete,56,Split Tensile Strength,False,2.776,3.5389,0.7629
TabPFN_Pretrained,V2_ENGINEERED,2,TS_NC_56d_094,EXP_TS_NC_56d,Normal Concrete,56,Split Tensile Strength,False,2.861,3.5389,0.6779
TabPFN_Pretrained,V2_ENGINEERED,2,TS_NC_56d_095,EXP_TS_NC_56d,Normal Concrete,56,Split Tensile Strength,False,2.742,3.5389,0.7969
TabPFN_Pretrained,V2_ENGINEERED,2,TS_NC_56d_096,EXP_TS_NC_56d,Normal Concrete,56,Split Tensile Strength,False,2.985,3.5389,0.5539
TabPFN_Pretrained,V2_ENGINEERED,2,TS_NC_56d_097,EXP_TS_NC_56d,Normal Concrete,56,Split Tensile Strength,False,2.977,3.5389,0.5619
TabPFN_Pretrained,V2_ENGINEERED,2,TS_NC_56d_098,EXP_TS_NC_56d,Normal Concrete,56,Split Tensile Strength,False,2.896,3.5389,0.6429
TabPFN_Pretrained,V2_ENGINEERED,2,TS_NC_56d_099,EXP_TS_NC_56d,Normal Concrete,56,Split Tensile Strength,False,2.947,3.5389,0.5919
TabPFN_Pretrained,V2_ENGINEERED,2,TS_NC_56d_100,EXP_TS_NC_56d,Normal Concrete,56,Split Tensile Strength,False,2.879,3.5389,0.6599
TabPFN_Pretrained,V2_ENGINEERED,2,TS_BC_28d_001,EXP_TS_BC_28d,Bacterial Concrete,28,Split Tensile Strength,False,3.283,3.1788,-0.1042
TabPFN_Pretrained,V2_ENGINEERED,2,TS_BC_28d_002,EXP_TS_BC_28d,Bacterial Concrete,28,Split Tensile Strength,False,3.263,3.1788,-0.0842
TabPFN_Pretrained,V2_ENGINEERED,2,TS_BC_28d_003,EXP_TS_BC_28d,Bacterial Concrete,28,Split Tensile Strength,False,3.472,3.1788,-0.2932
TabPFN_Pretrained,V2_ENGINEERED,2,TS_BC_28d_004,EXP_TS_BC_28d,Bacterial Concrete,28,Split Tensile Strength,False,3.162,3.1788,0.0168
TabPFN_Pretrained,V2_ENGINEERED,2,TS_BC_28d_005,EXP_TS_BC_28d,Bacterial Concrete,28,Split Tensile Strength,False,3.156,3.1788,0.0228
TabPFN_Pretrained,V2_ENGINEERED,2,TS_BC_28d_006,EXP_TS_BC_28d,Bacterial Concrete,28,Split Tensile Strength,False,3.182,3.1788,-0.0032
TabPFN_Pretrained,V2_ENGINEERED,2,TS_BC_28d_007,EXP_TS_BC_28d,Bacterial Concrete,28,Split Tensile Strength,False,3.185,3.1788,-0.0062
TabPFN_Pretrained,V2_ENGINEERED,2,TS_BC_28d_008,EXP_TS_BC_28d,Bacterial Concrete,28,Split Tensile Strength,False,2.859,3.1788,0.3198
TabPFN_Pretrained,V2_ENGINEERED,2,TS_BC_28d_009,EXP_TS_BC_28d,Bacterial Concrete,28,Split Tensile Strength,False,3.104,3.1788,0.0748
TabPFN_Pretrained,V2_ENGINEERED,2,TS_BC_28d_010,EXP_TS_BC_28d,Bacterial Concrete,28,Split Tensile Strength,False,3.245,3.1788,-0.0662
TabPFN_Pretrained,V2_ENGINEERED,2,TS_BC_28d_011,EXP_TS_BC_28d,Bacterial Concrete,28,Split Tensile Strength,False,3.199,3.1788,-0.0202
TabPFN_Pretrained,V2_ENGINEERED,2,TS_BC_28d_012,EXP_TS_BC_28d,Bacterial Concrete,28,Split Tensile Strength,False,3.08,3.1788,0.0988
TabPFN_Pretrained,V2_ENGINEERED,2,TS_BC_28d_013,EXP_TS_BC_28d,Bacterial Concrete,28,Split Tensile Strength,False,3.1,3.1788,0.0788
TabPFN_Pretrained,V2_ENGINEERED,2,TS_BC_28d_014,EXP_TS_BC_28d,Bacterial Concrete,28,Split Tensile Strength,False,3.147,3.1788,0.0318
TabPFN_Pretrained,V2_ENGINEERED,2,TS_BC_28d_015,EXP_TS_BC_28d,Bacterial Concrete,28,Split Tensile Strength,False,3.08,3.1788,0.0988
TabPFN_Pretrained,V2_ENGINEERED,2,TS_BC_28d_016,EXP_TS_BC_28d,Bacterial Concrete,28,Split Tensile Strength,False,3.123,3.1788,0.0558
TabPFN_Pretrained,V2_ENGINEERED,2,TS_BC_28d_017,EXP_TS_BC_28d,Bacterial Concrete,28,Split Tensile Strength,False,3.119,3.1788,0.0598
TabPFN_Pretrained,V2_ENGINEERED,2,TS_BC_28d_018,EXP_TS_BC_28d,Bacterial Concrete,28,Split Tensile Strength,False,3.334,3.1788,-0.1552
TabPFN_Pretrained,V2_ENGINEERED,2,TS_BC_28d_019,EXP_TS_BC_28d,Bacterial Concrete,28,Split Tensile Strength,False,3.352,3.1788,-0.1732
TabPFN_Pretrained,V2_ENGINEERED,2,TS_BC_28d_020,EXP_TS_BC_28d,Bacterial Concrete,28,Split Tensile Strength,False,3.34,3.1788,-0.1612
TabPFN_Pretrained,V2_ENGINEERED,2,TS_BC_28d_021,EXP_TS_BC_28d,Bacterial Concrete,28,Split Tensile Strength,False,3.264,3.1788,-0.0852
TabPFN_Pretrained,V2_ENGINEERED,2,TS_BC_28d_022,EXP_TS_BC_28d,Bacterial Concrete,28,Split Tensile Strength,False,3.094,3.1788,0.0848
TabPFN_Pretrained,V2_ENGINEERED,2,TS_BC_28d_023,EXP_TS_BC_28d,Bacterial Concrete,28,Split Tensile Strength,False,3.344,3.1788,-0.1652
TabPFN_Pretrained,V2_ENGINEERED,2,TS_BC_28d_024,EXP_TS_BC_28d,Bacterial Concrete,28,Split Tensile Strength,False,3.153,3.1788,0.0258
TabPFN_Pretrained,V2_ENGINEERED,2,TS_BC_28d_025,EXP_TS_BC_28d,Bacterial Concrete,28,Split Tensile Strength,False,3.203,3.1788,-0.0242
TabPFN_Pretrained,V2_ENGINEERED,2,TS_BC_28d_026,EXP_TS_BC_28d,Bacterial Concrete,28,Split Tensile Strength,False,3.401,3.1788,-0.2222
TabPFN_Pretrained,V2_ENGINEERED,2,TS_BC_28d_027,EXP_TS_BC_28d,Bacterial Concrete,28,Split Tensile Strength,False,3.213,3.1788,-0.0342
TabPFN_Pretrained,V2_ENGINEERED,2,TS_BC_28d_028,EXP_TS_BC_28d,Bacterial Concrete,28,Split Tensile Strength,False,3.237,3.1788,-0.0582
TabPFN_Pretrained,V2_ENGINEERED,2,TS_BC_28d_029,EXP_TS_BC_28d,Bacterial Concrete,28,Split Tensile Strength,False,2.988,3.1788,0.1908
TabPFN_Pretrained,V2_ENGINEERED,2,TS_BC_28d_030,EXP_TS_BC_28d,Bacterial Concrete,28,Split Tensile Strength,False,3.273,3.1788,-0.0942
TabPFN_Pretrained,V2_ENGINEERED,2,TS_BC_28d_031,EXP_TS_BC_28d,Bacterial Concrete,28,Split Tensile Strength,False,3.053,3.1788,0.1258
TabPFN_Pretrained,V2_ENGINEERED,2,TS_BC_28d_032,EXP_TS_BC_28d,Bacterial Concrete,28,Split Tensile Strength,False,3.352,3.1788,-0.1732
TabPFN_Pretrained,V2_ENGINEERED,2,TS_BC_28d_033,EXP_TS_BC_28d,Bacterial Concrete,28,Split Tensile Strength,False,3.172,3.1788,0.0068
TabPFN_Pretrained,V2_ENGINEERED,2,TS_BC_28d_034,EXP_TS_BC_28d,Bacterial Concrete,28,Split Tensile Strength,False,2.865,3.1788,0.3138
TabPFN_Pretrained,V2_ENGINEERED,2,TS_BC_28d_035,EXP_TS_BC_28d,Bacterial Concrete,28,Split Tensile Strength,False,3.146,3.1788,0.0328
TabPFN_Pretrained,V2_ENGINEERED,2,TS_BC_28d_036,EXP_TS_BC_28d,Bacterial Concrete,28,Split Tensile Strength,False,3.166,3.1788,0.0128
TabPFN_Pretrained,V2_ENGINEERED,2,TS_BC_28d_037,EXP_TS_BC_28d,Bacterial Concrete,28,Split Tensile Strength,False,3.273,3.1788,-0.0942
TabPFN_Pretrained,V2_ENGINEERED,2,TS_BC_28d_038,EXP_TS_BC_28d,Bacterial Concrete,28,Split Tensile Strength,False,3.301,3.1788,-0.1222
TabPFN_Pretrained,V2_ENGINEERED,2,TS_BC_28d_039,EXP_TS_BC_28d,Bacterial Concrete,28,Split Tensile Strength,False,3.151,3.1788,0.0278
TabPFN_Pretrained,V2_ENGINEERED,2,TS_BC_28d_040,EXP_TS_BC_28d,Bacterial Concrete,28,Split Tensile Strength,False,3.352,3.1788,-0.1732
TabPFN_Pretrained,V2_ENGINEERED,2,TS_BC_28d_041,EXP_TS_BC_28d,Bacterial Concrete,28,Split Tensile Strength,False,2.725,3.1788,0.4538
TabPFN_Pretrained,V2_ENGINEERED,2,TS_BC_28d_042,EXP_TS_BC_28d,Bacterial Concrete,28,Split Tensile Strength,False,3.093,3.1788,0.0858
TabPFN_Pretrained,V2_ENGINEERED,2,TS_BC_28d_043,EXP_TS_BC_28d,Bacterial Concrete,28,Split Tensile Strength,False,3.033,3.1788,0.1458
TabPFN_Pretrained,V2_ENGINEERED,2,TS_BC_28d_044,EXP_TS_BC_28d,Bacterial Concrete,28,Split Tensile Strength,False,3.012,3.1788,0.1668
TabPFN_Pretrained,V2_ENGINEERED,2,TS_BC_28d_045,EXP_TS_BC_28d,Bacterial Concrete,28,Split Tensile Strength,False,3.344,3.1788,-0.1652
TabPFN_Pretrained,V2_ENGINEERED,2,TS_BC_28d_046,EXP_TS_BC_28d,Bacterial Concrete,28,Split Tensile Strength,False,3.324,3.1788,-0.1452
TabPFN_Pretrained,V2_ENGINEERED,2,TS_BC_28d_047,EXP_TS_BC_28d,Bacterial Concrete,28,Split Tensile Strength,False,3.084,3.1788,0.0948
TabPFN_Pretrained,V2_ENGINEERED,2,TS_BC_28d_048,EXP_TS_BC_28d,Bacterial Concrete,28,Split Tensile Strength,False,3.377,3.1788,-0.1982
TabPFN_Pretrained,V2_ENGINEERED,2,TS_BC_28d_049,EXP_TS_BC_28d,Bacterial Concrete,28,Split Tensile Strength,False,3.215,3.1788,-0.0362
TabPFN_Pretrained,V2_ENGINEERED,2,TS_BC_28d_050,EXP_TS_BC_28d,Bacterial Concrete,28,Split Tensile Strength,False,3.137,3.1788,0.0418
TabPFN_Pretrained,V2_ENGINEERED,2,TS_BC_28d_051,EXP_TS_BC_28d,Bacterial Concrete,28,Split Tensile Strength,False,3.096,3.1788,0.0828
TabPFN_Pretrained,V2_ENGINEERED,2,TS_BC_28d_052,EXP_TS_BC_28d,Bacterial Concrete,28,Split Tensile Strength,False,3.083,3.1788,0.0958
TabPFN_Pretrained,V2_ENGINEERED,2,TS_BC_28d_053,EXP_TS_BC_28d,Bacterial Concrete,28,Split Tensile Strength,False,3.271,3.1788,-0.0922
TabPFN_Pretrained,V2_ENGINEERED,2,TS_BC_28d_054,EXP_TS_BC_28d,Bacterial Concrete,28,Split Tensile Strength,False,3.298,3.1788,-0.1192
TabPFN_Pretrained,V2_ENGINEERED,2,TS_BC_28d_055,EXP_TS_BC_28d,Bacterial Concrete,28,Split Tensile Strength,False,3.236,3.1788,-0.0572
TabPFN_Pretrained,V2_ENGINEERED,2,TS_BC_28d_056,EXP_TS_BC_28d,Bacterial Concrete,28,Split Tensile Strength,False,2.892,3.1788,0.2868
TabPFN_Pretrained,V2_ENGINEERED,2,TS_BC_28d_057,EXP_TS_BC_28d,Bacterial Concrete,28,Split Tensile Strength,False,3.244,3.1788,-0.0652
TabPFN_Pretrained,V2_ENGINEERED,2,TS_BC_28d_058,EXP_TS_BC_28d,Bacterial Concrete,28,Split Tensile Strength,False,3.285,3.1788,-0.1062
TabPFN_Pretrained,V2_ENGINEERED,2,TS_BC_28d_059,EXP_TS_BC_28d,Bacterial Concrete,28,Split Tensile Strength,False,3.1,3.1788,0.0788
TabPFN_Pretrained,V2_ENGINEERED,2,TS_BC_28d_060,EXP_TS_BC_28d,Bacterial Concrete,28,Split Tensile Strength,False,3.206,3.1788,-0.0272
TabPFN_Pretrained,V2_ENGINEERED,2,TS_BC_28d_061,EXP_TS_BC_28d,Bacterial Concrete,28,Split Tensile Strength,False,2.92,3.1788,0.2588
TabPFN_Pretrained,V2_ENGINEERED,2,TS_BC_28d_062,EXP_TS_BC_28d,Bacterial Concrete,28,Split Tensile Strength,False,3.016,3.1788,0.1628
TabPFN_Pretrained,V2_ENGINEERED,2,TS_BC_28d_063,EXP_TS_BC_28d,Bacterial Concrete,28,Split Tensile Strength,False,3.151,3.1788,0.0278
TabPFN_Pretrained,V2_ENGINEERED,2,TS_BC_28d_064,EXP_TS_BC_28d,Bacterial Concrete,28,Split Tensile Strength,False,3.154,3.1788,0.0248
TabPFN_Pretrained,V2_ENGINEERED,2,TS_BC_28d_065,EXP_TS_BC_28d,Bacterial Concrete,28,Split Tensile Strength,False,3.253,3.1788,-0.0742
TabPFN_Pretrained,V2_ENGINEERED,2,TS_BC_28d_066,EXP_TS_BC_28d,Bacterial Concrete,28,Split Tensile Strength,False,3.022,3.1788,0.1568
TabPFN_Pretrained,V2_ENGINEERED,2,TS_BC_28d_067,EXP_TS_BC_28d,Bacterial Concrete,28,Split Tensile Strength,False,3.149,3.1788,0.0298
TabPFN_Pretrained,V2_ENGINEERED,2,TS_BC_28d_068,EXP_TS_BC_28d,Bacterial Concrete,28,Split Tensile Strength,False,3.127,3.1788,0.0518
TabPFN_Pretrained,V2_ENGINEERED,2,TS_BC_28d_069,EXP_TS_BC_28d,Bacterial Concrete,28,Split Tensile Strength,False,3.279,3.1788,-0.1002
TabPFN_Pretrained,V2_ENGINEERED,2,TS_BC_28d_070,EXP_TS_BC_28d,Bacterial Concrete,28,Split Tensile Strength,False,3.413,3.1788,-0.2342
TabPFN_Pretrained,V2_ENGINEERED,2,TS_BC_28d_071,EXP_TS_BC_28d,Bacterial Concrete,28,Split Tensile Strength,False,3.458,3.1788,-0.2792
TabPFN_Pretrained,V2_ENGINEERED,2,TS_BC_28d_072,EXP_TS_BC_28d,Bacterial Concrete,28,Split Tensile Strength,False,2.965,3.1788,0.2138
TabPFN_Pretrained,V2_ENGINEERED,2,TS_BC_28d_073,EXP_TS_BC_28d,Bacterial Concrete,28,Split Tensile Strength,False,3.193,3.1788,-0.0142
TabPFN_Pretrained,V2_ENGINEERED,2,TS_BC_28d_074,EXP_TS_BC_28d,Bacterial Concrete,28,Split Tensile Strength,False,3.033,3.1788,0.1458
TabPFN_Pretrained,V2_ENGINEERED,2,TS_BC_28d_075,EXP_TS_BC_28d,Bacterial Concrete,28,Split Tensile Strength,False,3.19,3.1788,-0.0112
TabPFN_Pretrained,V2_ENGINEERED,2,TS_BC_28d_076,EXP_TS_BC_28d,Bacterial Concrete,28,Split Tensile Strength,False,3.263,3.1788,-0.0842
TabPFN_Pretrained,V2_ENGINEERED,2,TS_BC_28d_077,EXP_TS_BC_28d,Bacterial Concrete,28,Split Tensile Strength,False,3.212,3.1788,-0.0332
TabPFN_Pretrained,V2_ENGINEERED,2,TS_BC_28d_078,EXP_TS_BC_28d,Bacterial Concrete,28,Split Tensile Strength,False,3.193,3.1788,-0.0142
TabPFN_Pretrained,V2_ENGINEERED,2,TS_BC_28d_079,EXP_TS_BC_28d,Bacterial Concrete,28,Split Tensile Strength,False,3.422,3.1788,-0.2432
TabPFN_Pretrained,V2_ENGINEERED,2,TS_BC_28d_080,EXP_TS_BC_28d,Bacterial Concrete,28,Split Tensile Strength,False,3.308,3.1788,-0.1292
TabPFN_Pretrained,V2_ENGINEERED,2,TS_BC_28d_081,EXP_TS_BC_28d,Bacterial Concrete,28,Split Tensile Strength,False,3.159,3.1788,0.0198
TabPFN_Pretrained,V2_ENGINEERED,2,TS_BC_28d_082,EXP_TS_BC_28d,Bacterial Concrete,28,Split Tensile Strength,False,3.204,3.1788,-0.0252
TabPFN_Pretrained,V2_ENGINEERED,2,TS_BC_28d_083,EXP_TS_BC_28d,Bacterial Concrete,28,Split Tensile Strength,False,3.331,3.1788,-0.1522
TabPFN_Pretrained,V2_ENGINEERED,2,TS_BC_28d_084,EXP_TS_BC_28d,Bacterial Concrete,28,Split Tensile Strength,False,3.291,3.1788,-0.1122
TabPFN_Pretrained,V2_ENGINEERED,2,TS_BC_28d_085,EXP_TS_BC_28d,Bacterial Concrete,28,Split Tensile Strength,False,3.136,3.1788,0.0428
TabPFN_Pretrained,V2_ENGINEERED,2,TS_BC_28d_086,EXP_TS_BC_28d,Bacterial Concrete,28,Split Tensile Strength,False,2.934,3.1788,0.2448
TabPFN_Pretrained,V2_ENGINEERED,2,TS_BC_28d_087,EXP_TS_BC_28d,Bacterial Concrete,28,Split Tensile Strength,False,3.022,3.1788,0.1568
TabPFN_Pretrained,V2_ENGINEERED,2,TS_BC_28d_088,EXP_TS_BC_28d,Bacterial Concrete,28,Split Tensile Strength,False,3.222,3.1788,-0.0432
TabPFN_Pretrained,V2_ENGINEERED,2,TS_BC_28d_089,EXP_TS_BC_28d,Bacterial Concrete,28,Split Tensile Strength,False,2.932,3.1788,0.2468
TabPFN_Pretrained,V2_ENGINEERED,2,TS_BC_28d_090,EXP_TS_BC_28d,Bacterial Concrete,28,Split Tensile Strength,False,3.177,3.1788,0.0018
TabPFN_Pretrained,V2_ENGINEERED,2,TS_BC_28d_091,EXP_TS_BC_28d,Bacterial Concrete,28,Split Tensile Strength,False,3.132,3.1788,0.0468
TabPFN_Pretrained,V2_ENGINEERED,2,TS_BC_28d_092,EXP_TS_BC_28d,Bacterial Concrete,28,Split Tensile Strength,False,3.35,3.1788,-0.1712
TabPFN_Pretrained,V2_ENGINEERED,2,TS_BC_28d_093,EXP_TS_BC_28d,Bacterial Concrete,28,Split Tensile Strength,False,3.002,3.1788,0.1768
TabPFN_Pretrained,V2_ENGINEERED,2,TS_BC_28d_094,EXP_TS_BC_28d,Bacterial Concrete,28,Split Tensile Strength,False,2.91,3.1788,0.2688
TabPFN_Pretrained,V2_ENGINEERED,2,TS_BC_28d_095,EXP_TS_BC_28d,Bacterial Concrete,28,Split Tensile Strength,False,3.137,3.1788,0.0418
TabPFN_Pretrained,V2_ENGINEERED,2,TS_BC_28d_096,EXP_TS_BC_28d,Bacterial Concrete,28,Split Tensile Strength,False,3.295,3.1788,-0.1162
TabPFN_Pretrained,V2_ENGINEERED,2,TS_BC_28d_097,EXP_TS_BC_28d,Bacterial Concrete,28,Split Tensile Strength,False,3.36,3.1788,-0.1812
TabPFN_Pretrained,V2_ENGINEERED,2,TS_BC_28d_098,EXP_TS_BC_28d,Bacterial Concrete,28,Split Tensile Strength,False,3.064,3.1788,0.1148
TabPFN_Pretrained,V2_ENGINEERED,2,TS_BC_28d_099,EXP_TS_BC_28d,Bacterial Concrete,28,Split Tensile Strength,False,3.271,3.1788,-0.0922
TabPFN_Pretrained,V2_ENGINEERED,2,TS_BC_28d_100,EXP_TS_BC_28d,Bacterial Concrete,28,Split Tensile Strength,False,3.033,3.1788,0.1458
TabPFN_Pretrained,V2_ENGINEERED,3,CS_BC_14d_001,EXP_CS_BC_14d,Bacterial Concrete,14,Compressive Strength,False,25.72,27.9311,2.2111
TabPFN_Pretrained,V2_ENGINEERED,3,CS_BC_14d_002,EXP_CS_BC_14d,Bacterial Concrete,14,Compressive Strength,False,28.07,27.9311,-0.1389
TabPFN_Pretrained,V2_ENGINEERED,3,CS_BC_14d_003,EXP_CS_BC_14d,Bacterial Concrete,14,Compressive Strength,False,25.44,27.9311,2.4911
TabPFN_Pretrained,V2_ENGINEERED,3,CS_BC_14d_004,EXP_CS_BC_14d,Bacterial Concrete,14,Compressive Strength,False,24.39,27.9311,3.5411
TabPFN_Pretrained,V2_ENGINEERED,3,CS_BC_14d_005,EXP_CS_BC_14d,Bacterial Concrete,14,Compressive Strength,False,24.17,27.9311,3.7611
TabPFN_Pretrained,V2_ENGINEERED,3,CS_BC_14d_006,EXP_CS_BC_14d,Bacterial Concrete,14,Compressive Strength,False,27.41,27.9311,0.5211
TabPFN_Pretrained,V2_ENGINEERED,3,CS_BC_14d_007,EXP_CS_BC_14d,Bacterial Concrete,14,Compressive Strength,False,24.58,27.9311,3.3511
TabPFN_Pretrained,V2_ENGINEERED,3,CS_BC_14d_008,EXP_CS_BC_14d,Bacterial Concrete,14,Compressive Strength,False,29.13,27.9311,-1.1989
TabPFN_Pretrained,V2_ENGINEERED,3,CS_BC_14d_009,EXP_CS_BC_14d,Bacterial Concrete,14,Compressive Strength,False,23.38,27.9311,4.5511
TabPFN_Pretrained,V2_ENGINEERED,3,CS_BC_14d_010,EXP_CS_BC_14d,Bacterial Concrete,14,Compressive Strength,False,29.04,27.9311,-1.1089
TabPFN_Pretrained,V2_ENGINEERED,3,CS_BC_14d_011,EXP_CS_BC_14d,Bacterial Concrete,14,Compressive Strength,False,26.82,27.9311,1.1111
TabPFN_Pretrained,V2_ENGINEERED,3,CS_BC_14d_012,EXP_CS_BC_14d,Bacterial Concrete,14,Compressive Strength,False,26.35,27.9311,1.5811
TabPFN_Pretrained,V2_ENGINEERED,3,CS_BC_14d_013,EXP_CS_BC_14d,Bacterial Concrete,14,Compressive Strength,False,25.68,27.9311,2.2511
TabPFN_Pretrained,V2_ENGINEERED,3,CS_BC_14d_014,EXP_CS_BC_14d,Bacterial Concrete,14,Compressive Strength,False,27.1,27.9311,0.8311
TabPFN_Pretrained,V2_ENGINEERED,3,CS_BC_14d_015,EXP_CS_BC_14d,Bacterial Concrete,14,Compressive Strength,False,26.44,27.9311,1.4911
TabPFN_Pretrained,V2_ENGINEERED,3,CS_BC_14d_016,EXP_CS_BC_14d,Bacterial Concrete,14,Compressive Strength,False,28.15,27.9311,-0.2189
TabPFN_Pretrained,V2_ENGINEERED,3,CS_BC_14d_017,EXP_CS_BC_14d,Bacterial Concrete,14,Compressive Strength,False,26.67,27.9311,1.2611
TabPFN_Pretrained,V2_ENGINEERED,3,CS_BC_14d_018,EXP_CS_BC_14d,Bacterial Concrete,14,Compressive Strength,False,26.73,27.9311,1.2011
TabPFN_Pretrained,V2_ENGINEERED,3,CS_BC_14d_019,EXP_CS_BC_14d,Bacterial Concrete,14,Compressive Strength,False,25.95,27.9311,1.9811
TabPFN_Pretrained,V2_ENGINEERED,3,CS_BC_14d_020,EXP_CS_BC_14d,Bacterial Concrete,14,Compressive Strength,False,26.41,27.9311,1.5211
TabPFN_Pretrained,V2_ENGINEERED,3,CS_BC_14d_021,EXP_CS_BC_14d,Bacterial Concrete,14,Compressive Strength,False,26.96,27.9311,0.9711
TabPFN_Pretrained,V2_ENGINEERED,3,CS_BC_14d_022,EXP_CS_BC_14d,Bacterial Concrete,14,Compressive Strength,False,23.93,27.9311,4.0011
TabPFN_Pretrained,V2_ENGINEERED,3,CS_BC_14d_023,EXP_CS_BC_14d,Bacterial Concrete,14,Compressive Strength,False,24.48,27.9311,3.4511
TabPFN_Pretrained,V2_ENGINEERED,3,CS_BC_14d_024,EXP_CS_BC_14d,Bacterial Concrete,14,Compressive Strength,False,27.61,27.9311,0.3211
TabPFN_Pretrained,V2_ENGINEERED,3,CS_BC_14d_025,EXP_CS_BC_14d,Bacterial Concrete,14,Compressive Strength,False,26.76,27.9311,1.1711
TabPFN_Pretrained,V2_ENGINEERED,3,CS_BC_14d_026,EXP_CS_BC_14d,Bacterial Concrete,14,Compressive Strength,False,26.22,27.9311,1.7111
TabPFN_Pretrained,V2_ENGINEERED,3,CS_BC_14d_027,EXP_CS_BC_14d,Bacterial Concrete,14,Compressive Strength,False,26.53,27.9311,1.4011
TabPFN_Pretrained,V2_ENGINEERED,3,CS_BC_14d_028,EXP_CS_BC_14d,Bacterial Concrete,14,Compressive Strength,False,27.02,27.9311,0.9111
TabPFN_Pretrained,V2_ENGINEERED,3,CS_BC_14d_029,EXP_CS_BC_14d,Bacterial Concrete,14,Compressive Strength,False,25.69,27.9311,2.2411
TabPFN_Pretrained,V2_ENGINEERED,3,CS_BC_14d_030,EXP_CS_BC_14d,Bacterial Concrete,14,Compressive Strength,False,25.33,27.9311,2.6011
TabPFN_Pretrained,V2_ENGINEERED,3,CS_BC_14d_031,EXP_CS_BC_14d,Bacterial Concrete,14,Compressive Strength,False,26.79,27.9311,1.1411
TabPFN_Pretrained,V2_ENGINEERED,3,CS_BC_14d_032,EXP_CS_BC_14d,Bacterial Concrete,14,Compressive Strength,False,25.03,27.9311,2.9011
TabPFN_Pretrained,V2_ENGINEERED,3,CS_BC_14d_033,EXP_CS_BC_14d,Bacterial Concrete,14,Compressive Strength,False,27.11,27.9311,0.8211
TabPFN_Pretrained,V2_ENGINEERED,3,CS_BC_14d_034,EXP_CS_BC_14d,Bacterial Concrete,14,Compressive Strength,False,23.95,27.9311,3.9811
TabPFN_Pretrained,V2_ENGINEERED,3,CS_BC_14d_035,EXP_CS_BC_14d,Bacterial Concrete,14,Compressive Strength,False,28.04,27.9311,-0.1089
TabPFN_Pretrained,V2_ENGINEERED,3,CS_BC_14d_036,EXP_CS_BC_14d,Bacterial Concrete,14,Compressive Strength,False,27.21,27.9311,0.7211
TabPFN_Pretrained,V2_ENGINEERED,3,CS_BC_14d_037,EXP_CS_BC_14d,Bacterial Concrete,14,Compressive Strength,False,26.88,27.9311,1.0511
TabPFN_Pretrained,V2_ENGINEERED,3,CS_BC_14d_038,EXP_CS_BC_14d,Bacterial Concrete,14,Compressive Strength,False,27.97,27.9311,-0.0389
TabPFN_Pretrained,V2_ENGINEERED,3,CS_BC_14d_039,EXP_CS_BC_14d,Bacterial Concrete,14,Compressive Strength,False,29.0,27.9311,-1.0689
TabPFN_Pretrained,V2_ENGINEERED,3,CS_BC_14d_040,EXP_CS_BC_14d,Bacterial Concrete,14,Compressive Strength,False,28.02,27.9311,-0.0889
TabPFN_Pretrained,V2_ENGINEERED,3,CS_BC_14d_041,EXP_CS_BC_14d,Bacterial Concrete,14,Compressive Strength,False,23.74,27.9311,4.1911
TabPFN_Pretrained,V2_ENGINEERED,3,CS_BC_14d_042,EXP_CS_BC_14d,Bacterial Concrete,14,Compressive Strength,False,24.58,27.9311,3.3511
TabPFN_Pretrained,V2_ENGINEERED,3,CS_BC_14d_043,EXP_CS_BC_14d,Bacterial Concrete,14,Compressive Strength,False,25.56,27.9311,2.3711
TabPFN_Pretrained,V2_ENGINEERED,3,CS_BC_14d_044,EXP_CS_BC_14d,Bacterial Concrete,14,Compressive Strength,False,26.54,27.9311,1.3911
TabPFN_Pretrained,V2_ENGINEERED,3,CS_BC_14d_045,EXP_CS_BC_14d,Bacterial Concrete,14,Compressive Strength,False,27.28,27.9311,0.6511
TabPFN_Pretrained,V2_ENGINEERED,3,CS_BC_14d_046,EXP_CS_BC_14d,Bacterial Concrete,14,Compressive Strength,False,25.41,27.9311,2.5211
TabPFN_Pretrained,V2_ENGINEERED,3,CS_BC_14d_047,EXP_CS_BC_14d,Bacterial Concrete,14,Compressive Strength,False,26.78,27.9311,1.1511
TabPFN_Pretrained,V2_ENGINEERED,3,CS_BC_14d_048,EXP_CS_BC_14d,Bacterial Concrete,14,Compressive Strength,False,25.37,27.9311,2.5611
TabPFN_Pretrained,V2_ENGINEERED,3,CS_BC_14d_049,EXP_CS_BC_14d,Bacterial Concrete,14,Compressive Strength,False,25.58,27.9311,2.3511
TabPFN_Pretrained,V2_ENGINEERED,3,CS_BC_14d_050,EXP_CS_BC_14d,Bacterial Concrete,14,Compressive Strength,False,24.39,27.9311,3.5411
TabPFN_Pretrained,V2_ENGINEERED,3,CS_BC_14d_051,EXP_CS_BC_14d,Bacterial Concrete,14,Compressive Strength,False,25.12,27.9311,2.8111
TabPFN_Pretrained,V2_ENGINEERED,3,CS_BC_14d_052,EXP_CS_BC_14d,Bacterial Concrete,14,Compressive Strength,False,24.47,27.9311,3.4611
TabPFN_Pretrained,V2_ENGINEERED,3,CS_BC_14d_053,EXP_CS_BC_14d,Bacterial Concrete,14,Compressive Strength,False,25.04,27.9311,2.8911
TabPFN_Pretrained,V2_ENGINEERED,3,CS_BC_14d_054,EXP_CS_BC_14d,Bacterial Concrete,14,Compressive Strength,False,28.08,27.9311,-0.1489
TabPFN_Pretrained,V2_ENGINEERED,3,CS_BC_14d_055,EXP_CS_BC_14d,Bacterial Concrete,14,Compressive Strength,False,25.08,27.9311,2.8511
TabPFN_Pretrained,V2_ENGINEERED,3,CS_BC_14d_056,EXP_CS_BC_14d,Bacterial Concrete,14,Compressive Strength,False,30.45,27.9311,-2.5189
TabPFN_Pretrained,V2_ENGINEERED,3,CS_BC_14d_057,EXP_CS_BC_14d,Bacterial Concrete,14,Compressive Strength,False,27.24,27.9311,0.6911
TabPFN_Pretrained,V2_ENGINEERED,3,CS_BC_14d_058,EXP_CS_BC_14d,Bacterial Concrete,14,Compressive Strength,False,26.78,27.9311,1.1511
TabPFN_Pretrained,V2_ENGINEERED,3,CS_BC_14d_059,EXP_CS_BC_14d,Bacterial Concrete,14,Compressive Strength,False,25.21,27.9311,2.7211
TabPFN_Pretrained,V2_ENGINEERED,3,CS_BC_14d_060,EXP_CS_BC_14d,Bacterial Concrete,14,Compressive Strength,False,27.55,27.9311,0.3811
TabPFN_Pretrained,V2_ENGINEERED,3,CS_BC_14d_061,EXP_CS_BC_14d,Bacterial Concrete,14,Compressive Strength,False,25.64,27.9311,2.2911
TabPFN_Pretrained,V2_ENGINEERED,3,CS_BC_14d_062,EXP_CS_BC_14d,Bacterial Concrete,14,Compressive Strength,False,26.68,27.9311,1.2511
TabPFN_Pretrained,V2_ENGINEERED,3,CS_BC_14d_063,EXP_CS_BC_14d,Bacterial Concrete,14,Compressive Strength,False,30.34,27.9311,-2.4089
TabPFN_Pretrained,V2_ENGINEERED,3,CS_BC_14d_064,EXP_CS_BC_14d,Bacterial Concrete,14,Compressive Strength,False,26.36,27.9311,1.5711
TabPFN_Pretrained,V2_ENGINEERED,3,CS_BC_14d_065,EXP_CS_BC_14d,Bacterial Concrete,14,Compressive Strength,False,28.22,27.9311,-0.2889
TabPFN_Pretrained,V2_ENGINEERED,3,CS_BC_14d_066,EXP_CS_BC_14d,Bacterial Concrete,14,Compressive Strength,False,25.45,27.9311,2.4811
TabPFN_Pretrained,V2_ENGINEERED,3,CS_BC_14d_067,EXP_CS_BC_14d,Bacterial Concrete,14,Compressive Strength,False,26.45,27.9311,1.4811
TabPFN_Pretrained,V2_ENGINEERED,3,CS_BC_14d_068,EXP_CS_BC_14d,Bacterial Concrete,14,Compressive Strength,False,29.16,27.9311,-1.2289
TabPFN_Pretrained,V2_ENGINEERED,3,CS_BC_14d_069,EXP_CS_BC_14d,Bacterial Concrete,14,Compressive Strength,False,25.56,27.9311,2.3711
TabPFN_Pretrained,V2_ENGINEERED,3,CS_BC_14d_070,EXP_CS_BC_14d,Bacterial Concrete,14,Compressive Strength,False,29.22,27.9311,-1.2889
TabPFN_Pretrained,V2_ENGINEERED,3,CS_BC_14d_071,EXP_CS_BC_14d,Bacterial Concrete,14,Compressive Strength,False,27.56,27.9311,0.3711
TabPFN_Pretrained,V2_ENGINEERED,3,CS_BC_14d_072,EXP_CS_BC_14d,Bacterial Concrete,14,Compressive Strength,False,25.66,27.9311,2.2711
TabPFN_Pretrained,V2_ENGINEERED,3,CS_BC_14d_073,EXP_CS_BC_14d,Bacterial Concrete,14,Compressive Strength,False,27.45,27.9311,0.4811
TabPFN_Pretrained,V2_ENGINEERED,3,CS_BC_14d_074,EXP_CS_BC_14d,Bacterial Concrete,14,Compressive Strength,False,27.96,27.9311,-0.0289
TabPFN_Pretrained,V2_ENGINEERED,3,CS_BC_14d_075,EXP_CS_BC_14d,Bacterial Concrete,14,Compressive Strength,False,27.43,27.9311,0.5011
TabPFN_Pretrained,V2_ENGINEERED,3,CS_BC_14d_076,EXP_CS_BC_14d,Bacterial Concrete,14,Compressive Strength,False,24.14,27.9311,3.7911
TabPFN_Pretrained,V2_ENGINEERED,3,CS_BC_14d_077,EXP_CS_BC_14d,Bacterial Concrete,14,Compressive Strength,False,25.41,27.9311,2.5211
TabPFN_Pretrained,V2_ENGINEERED,3,CS_BC_14d_078,EXP_CS_BC_14d,Bacterial Concrete,14,Compressive Strength,False,26.13,27.9311,1.8011
TabPFN_Pretrained,V2_ENGINEERED,3,CS_BC_14d_079,EXP_CS_BC_14d,Bacterial Concrete,14,Compressive Strength,False,26.39,27.9311,1.5411
TabPFN_Pretrained,V2_ENGINEERED,3,CS_BC_14d_080,EXP_CS_BC_14d,Bacterial Concrete,14,Compressive Strength,False,27.43,27.9311,0.5011
TabPFN_Pretrained,V2_ENGINEERED,3,CS_BC_14d_081,EXP_CS_BC_14d,Bacterial Concrete,14,Compressive Strength,False,26.77,27.9311,1.1611
TabPFN_Pretrained,V2_ENGINEERED,3,CS_BC_14d_082,EXP_CS_BC_14d,Bacterial Concrete,14,Compressive Strength,False,24.5,27.9311,3.4311
TabPFN_Pretrained,V2_ENGINEERED,3,CS_BC_14d_083,EXP_CS_BC_14d,Bacterial Concrete,14,Compressive Strength,False,27.07,27.9311,0.8611
TabPFN_Pretrained,V2_ENGINEERED,3,CS_BC_14d_084,EXP_CS_BC_14d,Bacterial Concrete,14,Compressive Strength,False,27.42,27.9311,0.5111
TabPFN_Pretrained,V2_ENGINEERED,3,CS_BC_14d_085,EXP_CS_BC_14d,Bacterial Concrete,14,Compressive Strength,False,27.34,27.9311,0.5911
TabPFN_Pretrained,V2_ENGINEERED,3,CS_BC_14d_086,EXP_CS_BC_14d,Bacterial Concrete,14,Compressive Strength,False,28.12,27.9311,-0.1889
TabPFN_Pretrained,V2_ENGINEERED,3,CS_BC_14d_087,EXP_CS_BC_14d,Bacterial Concrete,14,Compressive Strength,False,27.75,27.9311,0.1811
TabPFN_Pretrained,V2_ENGINEERED,3,CS_BC_14d_088,EXP_CS_BC_14d,Bacterial Concrete,14,Compressive Strength,False,27.19,27.9311,0.7411
TabPFN_Pretrained,V2_ENGINEERED,3,CS_BC_14d_089,EXP_CS_BC_14d,Bacterial Concrete,14,Compressive Strength,False,26.39,27.9311,1.5411
TabPFN_Pretrained,V2_ENGINEERED,3,CS_BC_14d_090,EXP_CS_BC_14d,Bacterial Concrete,14,Compressive Strength,False,24.01,27.9311,3.9211
TabPFN_Pretrained,V2_ENGINEERED,3,CS_BC_14d_091,EXP_CS_BC_14d,Bacterial Concrete,14,Compressive Strength,False,27.14,27.9311,0.7911
TabPFN_Pretrained,V2_ENGINEERED,3,CS_BC_14d_092,EXP_CS_BC_14d,Bacterial Concrete,14,Compressive Strength,False,26.81,27.9311,1.1211
TabPFN_Pretrained,V2_ENGINEERED,3,CS_BC_14d_093,EXP_CS_BC_14d,Bacterial Concrete,14,Compressive Strength,False,26.91,27.9311,1.0211
TabPFN_Pretrained,V2_ENGINEERED,3,CS_BC_14d_094,EXP_CS_BC_14d,Bacterial Concrete,14,Compressive Strength,False,24.58,27.9311,3.3511
TabPFN_Pretrained,V2_ENGINEERED,3,CS_BC_14d_095,EXP_CS_BC_14d,Bacterial Concrete,14,Compressive Strength,False,24.88,27.9311,3.0511
TabPFN_Pretrained,V2_ENGINEERED,3,CS_BC_14d_096,EXP_CS_BC_14d,Bacterial Concrete,14,Compressive Strength,False,28.08,27.9311,-0.1489
TabPFN_Pretrained,V2_ENGINEERED,3,CS_BC_14d_097,EXP_CS_BC_14d,Bacterial Concrete,14,Compressive Strength,False,26.44,27.9311,1.4911
TabPFN_Pretrained,V2_ENGINEERED,3,CS_BC_14d_098,EXP_CS_BC_14d,Bacterial Concrete,14,Compressive Strength,False,27.52,27.9311,0.4111
TabPFN_Pretrained,V2_ENGINEERED,3,CS_BC_14d_099,EXP_CS_BC_14d,Bacterial Concrete,14,Compressive Strength,False,26.54,27.9311,1.3911
TabPFN_Pretrained,V2_ENGINEERED,3,CS_BC_14d_100,EXP_CS_BC_14d,Bacterial Concrete,14,Compressive Strength,False,26.54,27.9311,1.3911
TabPFN_Pretrained,V2_ENGINEERED,3,CS_NC_21d_001,EXP_CS_NC_21d,Normal Concrete,21,Compressive Strength,False,26.04,26.1313,0.0913
TabPFN_Pretrained,V2_ENGINEERED,3,CS_NC_21d_002,EXP_CS_NC_21d,Normal Concrete,21,Compressive Strength,False,26.34,26.1313,-0.2087
TabPFN_Pretrained,V2_ENGINEERED,3,CS_NC_21d_003,EXP_CS_NC_21d,Normal Concrete,21,Compressive Strength,False,27.12,26.1313,-0.9887
TabPFN_Pretrained,V2_ENGINEERED,3,CS_NC_21d_004,EXP_CS_NC_21d,Normal Concrete,21,Compressive Strength,False,27.08,26.1313,-0.9487
TabPFN_Pretrained,V2_ENGINEERED,3,CS_NC_21d_005,EXP_CS_NC_21d,Normal Concrete,21,Compressive Strength,False,23.43,26.1313,2.7013
TabPFN_Pretrained,V2_ENGINEERED,3,CS_NC_21d_006,EXP_CS_NC_21d,Normal Concrete,21,Compressive Strength,False,24.09,26.1313,2.0413
TabPFN_Pretrained,V2_ENGINEERED,3,CS_NC_21d_007,EXP_CS_NC_21d,Normal Concrete,21,Compressive Strength,False,26.27,26.1313,-0.1387
TabPFN_Pretrained,V2_ENGINEERED,3,CS_NC_21d_008,EXP_CS_NC_21d,Normal Concrete,21,Compressive Strength,False,26.27,26.1313,-0.1387
TabPFN_Pretrained,V2_ENGINEERED,3,CS_NC_21d_009,EXP_CS_NC_21d,Normal Concrete,21,Compressive Strength,False,26.27,26.1313,-0.1387
TabPFN_Pretrained,V2_ENGINEERED,3,CS_NC_21d_010,EXP_CS_NC_21d,Normal Concrete,21,Compressive Strength,False,31.28,26.1313,-5.1487
TabPFN_Pretrained,V2_ENGINEERED,3,CS_NC_21d_011,EXP_CS_NC_21d,Normal Concrete,21,Compressive Strength,False,26.36,26.1313,-0.2287
TabPFN_Pretrained,V2_ENGINEERED,3,CS_NC_21d_012,EXP_CS_NC_21d,Normal Concrete,21,Compressive Strength,False,27.2,26.1313,-1.0687
TabPFN_Pretrained,V2_ENGINEERED,3,CS_NC_21d_013,EXP_CS_NC_21d,Normal Concrete,21,Compressive Strength,False,26.93,26.1313,-0.7987
TabPFN_Pretrained,V2_ENGINEERED,3,CS_NC_21d_014,EXP_CS_NC_21d,Normal Concrete,21,Compressive Strength,False,26.48,26.1313,-0.3487
TabPFN_Pretrained,V2_ENGINEERED,3,CS_NC_21d_015,EXP_CS_NC_21d,Normal Concrete,21,Compressive Strength,False,25.03,26.1313,1.1013
TabPFN_Pretrained,V2_ENGINEERED,3,CS_NC_21d_016,EXP_CS_NC_21d,Normal Concrete,21,Compressive Strength,False,26.64,26.1313,-0.5087
TabPFN_Pretrained,V2_ENGINEERED,3,CS_NC_21d_017,EXP_CS_NC_21d,Normal Concrete,21,Compressive Strength,False,24.34,26.1313,1.7913
TabPFN_Pretrained,V2_ENGINEERED,3,CS_NC_21d_018,EXP_CS_NC_21d,Normal Concrete,21,Compressive Strength,False,25.14,26.1313,0.9913
TabPFN_Pretrained,V2_ENGINEERED,3,CS_NC_21d_019,EXP_CS_NC_21d,Normal Concrete,21,Compressive Strength,False,24.77,26.1313,1.3613
TabPFN_Pretrained,V2_ENGINEERED,3,CS_NC_21d_020,EXP_CS_NC_21d,Normal Concrete,21,Compressive Strength,False,25.62,26.1313,0.5113
TabPFN_Pretrained,V2_ENGINEERED,3,CS_NC_21d_021,EXP_CS_NC_21d,Normal Concrete,21,Compressive Strength,False,28.97,26.1313,-2.8387
TabPFN_Pretrained,V2_ENGINEERED,3,CS_NC_21d_022,EXP_CS_NC_21d,Normal Concrete,21,Compressive Strength,False,22.7,26.1313,3.4313
TabPFN_Pretrained,V2_ENGINEERED,3,CS_NC_21d_023,EXP_CS_NC_21d,Normal Concrete,21,Compressive Strength,False,26.53,26.1313,-0.3987
TabPFN_Pretrained,V2_ENGINEERED,3,CS_NC_21d_024,EXP_CS_NC_21d,Normal Concrete,21,Compressive Strength,False,23.08,26.1313,3.0513
TabPFN_Pretrained,V2_ENGINEERED,3,CS_NC_21d_025,EXP_CS_NC_21d,Normal Concrete,21,Compressive Strength,False,24.79,26.1313,1.3413
TabPFN_Pretrained,V2_ENGINEERED,3,CS_NC_21d_026,EXP_CS_NC_21d,Normal Concrete,21,Compressive Strength,False,27.13,26.1313,-0.9987
TabPFN_Pretrained,V2_ENGINEERED,3,CS_NC_21d_027,EXP_CS_NC_21d,Normal Concrete,21,Compressive Strength,False,25.6,26.1313,0.5313
TabPFN_Pretrained,V2_ENGINEERED,3,CS_NC_21d_028,EXP_CS_NC_21d,Normal Concrete,21,Compressive Strength,False,23.88,26.1313,2.2513
TabPFN_Pretrained,V2_ENGINEERED,3,CS_NC_21d_029,EXP_CS_NC_21d,Normal Concrete,21,Compressive Strength,False,24.43,26.1313,1.7013
TabPFN_Pretrained,V2_ENGINEERED,3,CS_NC_21d_030,EXP_CS_NC_21d,Normal Concrete,21,Compressive Strength,False,26.52,26.1313,-0.3887
TabPFN_Pretrained,V2_ENGINEERED,3,CS_NC_21d_031,EXP_CS_NC_21d,Normal Concrete,21,Compressive Strength,False,24.4,26.1313,1.7313
TabPFN_Pretrained,V2_ENGINEERED,3,CS_NC_21d_032,EXP_CS_NC_21d,Normal Concrete,21,Compressive Strength,False,25.82,26.1313,0.3113
TabPFN_Pretrained,V2_ENGINEERED,3,CS_NC_21d_033,EXP_CS_NC_21d,Normal Concrete,21,Compressive Strength,False,25.57,26.1313,0.5613
TabPFN_Pretrained,V2_ENGINEERED,3,CS_NC_21d_034,EXP_CS_NC_21d,Normal Concrete,21,Compressive Strength,False,24.52,26.1313,1.6113
TabPFN_Pretrained,V2_ENGINEERED,3,CS_NC_21d_035,EXP_CS_NC_21d,Normal Concrete,21,Compressive Strength,False,28.72,26.1313,-2.5887
TabPFN_Pretrained,V2_ENGINEERED,3,CS_NC_21d_036,EXP_CS_NC_21d,Normal Concrete,21,Compressive Strength,False,26.45,26.1313,-0.3187
TabPFN_Pretrained,V2_ENGINEERED,3,CS_NC_21d_037,EXP_CS_NC_21d,Normal Concrete,21,Compressive Strength,False,22.46,26.1313,3.6713
TabPFN_Pretrained,V2_ENGINEERED,3,CS_NC_21d_038,EXP_CS_NC_21d,Normal Concrete,21,Compressive Strength,False,25.78,26.1313,0.3513
TabPFN_Pretrained,V2_ENGINEERED,3,CS_NC_21d_039,EXP_CS_NC_21d,Normal Concrete,21,Compressive Strength,False,24.51,26.1313,1.6213
TabPFN_Pretrained,V2_ENGINEERED,3,CS_NC_21d_040,EXP_CS_NC_21d,Normal Concrete,21,Compressive Strength,False,26.78,26.1313,-0.6487
TabPFN_Pretrained,V2_ENGINEERED,3,CS_NC_21d_041,EXP_CS_NC_21d,Normal Concrete,21,Compressive Strength,False,24.31,26.1313,1.8213
TabPFN_Pretrained,V2_ENGINEERED,3,CS_NC_21d_042,EXP_CS_NC_21d,Normal Concrete,21,Compressive Strength,False,25.33,26.1313,0.8013
TabPFN_Pretrained,V2_ENGINEERED,3,CS_NC_21d_043,EXP_CS_NC_21d,Normal Concrete,21,Compressive Strength,False,26.26,26.1313,-0.1287
TabPFN_Pretrained,V2_ENGINEERED,3,CS_NC_21d_044,EXP_CS_NC_21d,Normal Concrete,21,Compressive Strength,False,26.8,26.1313,-0.6687
TabPFN_Pretrained,V2_ENGINEERED,3,CS_NC_21d_045,EXP_CS_NC_21d,Normal Concrete,21,Compressive Strength,False,23.7,26.1313,2.4313
TabPFN_Pretrained,V2_ENGINEERED,3,CS_NC_21d_046,EXP_CS_NC_21d,Normal Concrete,21,Compressive Strength,False,25.0,26.1313,1.1313
TabPFN_Pretrained,V2_ENGINEERED,3,CS_NC_21d_047,EXP_CS_NC_21d,Normal Concrete,21,Compressive Strength,False,24.79,26.1313,1.3413
TabPFN_Pretrained,V2_ENGINEERED,3,CS_NC_21d_048,EXP_CS_NC_21d,Normal Concrete,21,Compressive Strength,False,24.52,26.1313,1.6113
TabPFN_Pretrained,V2_ENGINEERED,3,CS_NC_21d_049,EXP_CS_NC_21d,Normal Concrete,21,Compressive Strength,False,28.15,26.1313,-2.0187
TabPFN_Pretrained,V2_ENGINEERED,3,CS_NC_21d_050,EXP_CS_NC_21d,Normal Concrete,21,Compressive Strength,False,26.11,26.1313,0.0213
TabPFN_Pretrained,V2_ENGINEERED,3,CS_NC_21d_051,EXP_CS_NC_21d,Normal Concrete,21,Compressive Strength,False,23.61,26.1313,2.5213
TabPFN_Pretrained,V2_ENGINEERED,3,CS_NC_21d_052,EXP_CS_NC_21d,Normal Concrete,21,Compressive Strength,False,26.88,26.1313,-0.7487
TabPFN_Pretrained,V2_ENGINEERED,3,CS_NC_21d_053,EXP_CS_NC_21d,Normal Concrete,21,Compressive Strength,False,28.68,26.1313,-2.5487
TabPFN_Pretrained,V2_ENGINEERED,3,CS_NC_21d_054,EXP_CS_NC_21d,Normal Concrete,21,Compressive Strength,False,27.05,26.1313,-0.9187
TabPFN_Pretrained,V2_ENGINEERED,3,CS_NC_21d_055,EXP_CS_NC_21d,Normal Concrete,21,Compressive Strength,False,23.22,26.1313,2.9113
TabPFN_Pretrained,V2_ENGINEERED,3,CS_NC_21d_056,EXP_CS_NC_21d,Normal Concrete,21,Compressive Strength,False,24.77,26.1313,1.3613
TabPFN_Pretrained,V2_ENGINEERED,3,CS_NC_21d_057,EXP_CS_NC_21d,Normal Concrete,21,Compressive Strength,False,27.4,26.1313,-1.2687
TabPFN_Pretrained,V2_ENGINEERED,3,CS_NC_21d_058,EXP_CS_NC_21d,Normal Concrete,21,Compressive Strength,False,24.44,26.1313,1.6913
TabPFN_Pretrained,V2_ENGINEERED,3,CS_NC_21d_059,EXP_CS_NC_21d,Normal Concrete,21,Compressive Strength,False,26.17,26.1313,-0.0387
TabPFN_Pretrained,V2_ENGINEERED,3,CS_NC_21d_060,EXP_CS_NC_21d,Normal Concrete,21,Compressive Strength,False,26.66,26.1313,-0.5287
TabPFN_Pretrained,V2_ENGINEERED,3,CS_NC_21d_061,EXP_CS_NC_21d,Normal Concrete,21,Compressive Strength,False,24.11,26.1313,2.0213
TabPFN_Pretrained,V2_ENGINEERED,3,CS_NC_21d_062,EXP_CS_NC_21d,Normal Concrete,21,Compressive Strength,False,25.41,26.1313,0.7213
TabPFN_Pretrained,V2_ENGINEERED,3,CS_NC_21d_063,EXP_CS_NC_21d,Normal Concrete,21,Compressive Strength,False,20.64,26.1313,5.4913
TabPFN_Pretrained,V2_ENGINEERED,3,CS_NC_21d_064,EXP_CS_NC_21d,Normal Concrete,21,Compressive Strength,False,23.96,26.1313,2.1713
TabPFN_Pretrained,V2_ENGINEERED,3,CS_NC_21d_065,EXP_CS_NC_21d,Normal Concrete,21,Compressive Strength,False,25.12,26.1313,1.0113
TabPFN_Pretrained,V2_ENGINEERED,3,CS_NC_21d_066,EXP_CS_NC_21d,Normal Concrete,21,Compressive Strength,False,23.63,26.1313,2.5013
TabPFN_Pretrained,V2_ENGINEERED,3,CS_NC_21d_067,EXP_CS_NC_21d,Normal Concrete,21,Compressive Strength,False,27.95,26.1313,-1.8187
TabPFN_Pretrained,V2_ENGINEERED,3,CS_NC_21d_068,EXP_CS_NC_21d,Normal Concrete,21,Compressive Strength,False,23.35,26.1313,2.7813
TabPFN_Pretrained,V2_ENGINEERED,3,CS_NC_21d_069,EXP_CS_NC_21d,Normal Concrete,21,Compressive Strength,False,24.84,26.1313,1.2913
TabPFN_Pretrained,V2_ENGINEERED,3,CS_NC_21d_070,EXP_CS_NC_21d,Normal Concrete,21,Compressive Strength,False,25.7,26.1313,0.4313
TabPFN_Pretrained,V2_ENGINEERED,3,CS_NC_21d_071,EXP_CS_NC_21d,Normal Concrete,21,Compressive Strength,False,27.66,26.1313,-1.5287
TabPFN_Pretrained,V2_ENGINEERED,3,CS_NC_21d_072,EXP_CS_NC_21d,Normal Concrete,21,Compressive Strength,False,23.35,26.1313,2.7813
TabPFN_Pretrained,V2_ENGINEERED,3,CS_NC_21d_073,EXP_CS_NC_21d,Normal Concrete,21,Compressive Strength,False,27.24,26.1313,-1.1087
TabPFN_Pretrained,V2_ENGINEERED,3,CS_NC_21d_074,EXP_CS_NC_21d,Normal Concrete,21,Compressive Strength,False,25.52,26.1313,0.6113
TabPFN_Pretrained,V2_ENGINEERED,3,CS_NC_21d_075,EXP_CS_NC_21d,Normal Concrete,21,Compressive Strength,False,24.03,26.1313,2.1013
TabPFN_Pretrained,V2_ENGINEERED,3,CS_NC_21d_076,EXP_CS_NC_21d,Normal Concrete,21,Compressive Strength,False,26.19,26.1313,-0.0587
TabPFN_Pretrained,V2_ENGINEERED,3,CS_NC_21d_077,EXP_CS_NC_21d,Normal Concrete,21,Compressive Strength,False,25.8,26.1313,0.3313
TabPFN_Pretrained,V2_ENGINEERED,3,CS_NC_21d_078,EXP_CS_NC_21d,Normal Concrete,21,Compressive Strength,False,24.6,26.1313,1.5313
TabPFN_Pretrained,V2_ENGINEERED,3,CS_NC_21d_079,EXP_CS_NC_21d,Normal Concrete,21,Compressive Strength,False,25.6,26.1313,0.5313
TabPFN_Pretrained,V2_ENGINEERED,3,CS_NC_21d_080,EXP_CS_NC_21d,Normal Concrete,21,Compressive Strength,False,24.92,26.1313,1.2113
TabPFN_Pretrained,V2_ENGINEERED,3,CS_NC_21d_081,EXP_CS_NC_21d,Normal Concrete,21,Compressive Strength,False,25.67,26.1313,0.4613
TabPFN_Pretrained,V2_ENGINEERED,3,CS_NC_21d_082,EXP_CS_NC_21d,Normal Concrete,21,Compressive Strength,False,26.49,26.1313,-0.3587
TabPFN_Pretrained,V2_ENGINEERED,3,CS_NC_21d_083,EXP_CS_NC_21d,Normal Concrete,21,Compressive Strength,False,27.88,26.1313,-1.7487
TabPFN_Pretrained,V2_ENGINEERED,3,CS_NC_21d_084,EXP_CS_NC_21d,Normal Concrete,21,Compressive Strength,False,23.64,26.1313,2.4913
TabPFN_Pretrained,V2_ENGINEERED,3,CS_NC_21d_085,EXP_CS_NC_21d,Normal Concrete,21,Compressive Strength,False,28.7,26.1313,-2.5687
TabPFN_Pretrained,V2_ENGINEERED,3,CS_NC_21d_086,EXP_CS_NC_21d,Normal Concrete,21,Compressive Strength,False,22.57,26.1313,3.5613
TabPFN_Pretrained,V2_ENGINEERED,3,CS_NC_21d_087,EXP_CS_NC_21d,Normal Concrete,21,Compressive Strength,False,25.27,26.1313,0.8613
TabPFN_Pretrained,V2_ENGINEERED,3,CS_NC_21d_088,EXP_CS_NC_21d,Normal Concrete,21,Compressive Strength,False,26.38,26.1313,-0.2487
TabPFN_Pretrained,V2_ENGINEERED,3,CS_NC_21d_089,EXP_CS_NC_21d,Normal Concrete,21,Compressive Strength,False,25.92,26.1313,0.2113
TabPFN_Pretrained,V2_ENGINEERED,3,CS_NC_21d_090,EXP_CS_NC_21d,Normal Concrete,21,Compressive Strength,False,24.57,26.1313,1.5613
TabPFN_Pretrained,V2_ENGINEERED,3,CS_NC_21d_091,EXP_CS_NC_21d,Normal Concrete,21,Compressive Strength,False,25.19,26.1313,0.9413
TabPFN_Pretrained,V2_ENGINEERED,3,CS_NC_21d_092,EXP_CS_NC_21d,Normal Concrete,21,Compressive Strength,False,24.76,26.1313,1.3713
TabPFN_Pretrained,V2_ENGINEERED,3,CS_NC_21d_093,EXP_CS_NC_21d,Normal Concrete,21,Compressive Strength,False,24.62,26.1313,1.5113
TabPFN_Pretrained,V2_ENGINEERED,3,CS_NC_21d_094,EXP_CS_NC_21d,Normal Concrete,21,Compressive Strength,False,26.77,26.1313,-0.6387
TabPFN_Pretrained,V2_ENGINEERED,3,CS_NC_21d_095,EXP_CS_NC_21d,Normal Concrete,21,Compressive Strength,False,26.04,26.1313,0.0913
TabPFN_Pretrained,V2_ENGINEERED,3,CS_NC_21d_096,EXP_CS_NC_21d,Normal Concrete,21,Compressive Strength,False,24.46,26.1313,1.6713
TabPFN_Pretrained,V2_ENGINEERED,3,CS_NC_21d_097,EXP_CS_NC_21d,Normal Concrete,21,Compressive Strength,False,26.85,26.1313,-0.7187
TabPFN_Pretrained,V2_ENGINEERED,3,CS_NC_21d_098,EXP_CS_NC_21d,Normal Concrete,21,Compressive Strength,False,25.96,26.1313,0.1713
TabPFN_Pretrained,V2_ENGINEERED,3,CS_NC_21d_099,EXP_CS_NC_21d,Normal Concrete,21,Compressive Strength,False,26.72,26.1313,-0.5887
TabPFN_Pretrained,V2_ENGINEERED,3,CS_NC_21d_100,EXP_CS_NC_21d,Normal Concrete,21,Compressive Strength,False,26.44,26.1313,-0.3087
TabPFN_Pretrained,V2_ENGINEERED,3,FS_NC_21d_001,EXP_FS_NC_21d,Normal Concrete,21,Flexural Strength,False,3.928,4.0507,0.1227
TabPFN_Pretrained,V2_ENGINEERED,3,FS_NC_21d_002,EXP_FS_NC_21d,Normal Concrete,21,Flexural Strength,False,4.12,4.0507,-0.0693
TabPFN_Pretrained,V2_ENGINEERED,3,FS_NC_21d_003,EXP_FS_NC_21d,Normal Concrete,21,Flexural Strength,False,4.197,4.0507,-0.1463
TabPFN_Pretrained,V2_ENGINEERED,3,FS_NC_21d_004,EXP_FS_NC_21d,Normal Concrete,21,Flexural Strength,False,3.786,4.0507,0.2647
TabPFN_Pretrained,V2_ENGINEERED,3,FS_NC_21d_005,EXP_FS_NC_21d,Normal Concrete,21,Flexural Strength,False,3.44,4.0507,0.6107
TabPFN_Pretrained,V2_ENGINEERED,3,FS_NC_21d_006,EXP_FS_NC_21d,Normal Concrete,21,Flexural Strength,False,3.695,4.0507,0.3557
TabPFN_Pretrained,V2_ENGINEERED,3,FS_NC_21d_007,EXP_FS_NC_21d,Normal Concrete,21,Flexural Strength,False,3.722,4.0507,0.3287
TabPFN_Pretrained,V2_ENGINEERED,3,FS_NC_21d_008,EXP_FS_NC_21d,Normal Concrete,21,Flexural Strength,False,3.993,4.0507,0.0577
TabPFN_Pretrained,V2_ENGINEERED,3,FS_NC_21d_009,EXP_FS_NC_21d,Normal Concrete,21,Flexural Strength,False,3.622,4.0507,0.4287
TabPFN_Pretrained,V2_ENGINEERED,3,FS_NC_21d_010,EXP_FS_NC_21d,Normal Concrete,21,Flexural Strength,False,3.814,4.0507,0.2367
TabPFN_Pretrained,V2_ENGINEERED,3,FS_NC_21d_011,EXP_FS_NC_21d,Normal Concrete,21,Flexural Strength,False,3.874,4.0507,0.1767
TabPFN_Pretrained,V2_ENGINEERED,3,FS_NC_21d_012,EXP_FS_NC_21d,Normal Concrete,21,Flexural Strength,False,3.889,4.0507,0.1617
TabPFN_Pretrained,V2_ENGINEERED,3,FS_NC_21d_013,EXP_FS_NC_21d,Normal Concrete,21,Flexural Strength,False,3.846,4.0507,0.2047
TabPFN_Pretrained,V2_ENGINEERED,3,FS_NC_21d_014,EXP_FS_NC_21d,Normal Concrete,21,Flexural Strength,False,4.004,4.0507,0.0467
TabPFN_Pretrained,V2_ENGINEERED,3,FS_NC_21d_015,EXP_FS_NC_21d,Normal Concrete,21,Flexural Strength,False,3.63,4.0507,0.4207
TabPFN_Pretrained,V2_ENGINEERED,3,FS_NC_21d_016,EXP_FS_NC_21d,Normal Concrete,21,Flexural Strength,False,4.174,4.0507,-0.1233
TabPFN_Pretrained,V2_ENGINEERED,3,FS_NC_21d_017,EXP_FS_NC_21d,Normal Concrete,21,Flexural Strength,False,4.216,4.0507,-0.1653
TabPFN_Pretrained,V2_ENGINEERED,3,FS_NC_21d_018,EXP_FS_NC_21d,Normal Concrete,21,Flexural Strength,False,4.058,4.0507,-0.0073
TabPFN_Pretrained,V2_ENGINEERED,3,FS_NC_21d_019,EXP_FS_NC_21d,Normal Concrete,21,Flexural Strength,False,3.493,4.0507,0.5577
TabPFN_Pretrained,V2_ENGINEERED,3,FS_NC_21d_020,EXP_FS_NC_21d,Normal Concrete,21,Flexural Strength,False,3.79,4.0507,0.2607
TabPFN_Pretrained,V2_ENGINEERED,3,FS_NC_21d_021,EXP_FS_NC_21d,Normal Concrete,21,Flexural Strength,False,4.05,4.0507,0.0007
TabPFN_Pretrained,V2_ENGINEERED,3,FS_NC_21d_022,EXP_FS_NC_21d,Normal Concrete,21,Flexural Strength,False,3.658,4.0507,0.3927
TabPFN_Pretrained,V2_ENGINEERED,3,FS_NC_21d_023,EXP_FS_NC_21d,Normal Concrete,21,Flexural Strength,False,4.062,4.0507,-0.0113
TabPFN_Pretrained,V2_ENGINEERED,3,FS_NC_21d_024,EXP_FS_NC_21d,Normal Concrete,21,Flexural Strength,False,4.26,4.0507,-0.2093
TabPFN_Pretrained,V2_ENGINEERED,3,FS_NC_21d_025,EXP_FS_NC_21d,Normal Concrete,21,Flexural Strength,False,3.703,4.0507,0.3477
TabPFN_Pretrained,V2_ENGINEERED,3,FS_NC_21d_026,EXP_FS_NC_21d,Normal Concrete,21,Flexural Strength,False,4.084,4.0507,-0.0333
TabPFN_Pretrained,V2_ENGINEERED,3,FS_NC_21d_027,EXP_FS_NC_21d,Normal Concrete,21,Flexural Strength,False,3.836,4.0507,0.2147
TabPFN_Pretrained,V2_ENGINEERED,3,FS_NC_21d_028,EXP_FS_NC_21d,Normal Concrete,21,Flexural Strength,False,3.61,4.0507,0.4407
TabPFN_Pretrained,V2_ENGINEERED,3,FS_NC_21d_029,EXP_FS_NC_21d,Normal Concrete,21,Flexural Strength,False,3.633,4.0507,0.4177
TabPFN_Pretrained,V2_ENGINEERED,3,FS_NC_21d_030,EXP_FS_NC_21d,Normal Concrete,21,Flexural Strength,False,3.741,4.0507,0.3097
TabPFN_Pretrained,V2_ENGINEERED,3,FS_NC_21d_031,EXP_FS_NC_21d,Normal Concrete,21,Flexural Strength,False,3.972,4.0507,0.0787
TabPFN_Pretrained,V2_ENGINEERED,3,FS_NC_21d_032,EXP_FS_NC_21d,Normal Concrete,21,Flexural Strength,False,3.337,4.0507,0.7137
TabPFN_Pretrained,V2_ENGINEERED,3,FS_NC_21d_033,EXP_FS_NC_21d,Normal Concrete,21,Flexural Strength,False,3.885,4.0507,0.1657
TabPFN_Pretrained,V2_ENGINEERED,3,FS_NC_21d_034,EXP_FS_NC_21d,Normal Concrete,21,Flexural Strength,False,4.22,4.0507,-0.1693
TabPFN_Pretrained,V2_ENGINEERED,3,FS_NC_21d_035,EXP_FS_NC_21d,Normal Concrete,21,Flexural Strength,False,3.955,4.0507,0.0957
TabPFN_Pretrained,V2_ENGINEERED,3,FS_NC_21d_036,EXP_FS_NC_21d,Normal Concrete,21,Flexural Strength,False,4.463,4.0507,-0.4123
TabPFN_Pretrained,V2_ENGINEERED,3,FS_NC_21d_037,EXP_FS_NC_21d,Normal Concrete,21,Flexural Strength,False,3.629,4.0507,0.4217
TabPFN_Pretrained,V2_ENGINEERED,3,FS_NC_21d_038,EXP_FS_NC_21d,Normal Concrete,21,Flexural Strength,False,3.988,4.0507,0.0627
TabPFN_Pretrained,V2_ENGINEERED,3,FS_NC_21d_039,EXP_FS_NC_21d,Normal Concrete,21,Flexural Strength,False,4.39,4.0507,-0.3393
TabPFN_Pretrained,V2_ENGINEERED,3,FS_NC_21d_040,EXP_FS_NC_21d,Normal Concrete,21,Flexural Strength,False,4.078,4.0507,-0.0273
TabPFN_Pretrained,V2_ENGINEERED,3,FS_NC_21d_041,EXP_FS_NC_21d,Normal Concrete,21,Flexural Strength,False,4.043,4.0507,0.0077
TabPFN_Pretrained,V2_ENGINEERED,3,FS_NC_21d_042,EXP_FS_NC_21d,Normal Concrete,21,Flexural Strength,False,3.765,4.0507,0.2857
TabPFN_Pretrained,V2_ENGINEERED,3,FS_NC_21d_043,EXP_FS_NC_21d,Normal Concrete,21,Flexural Strength,False,3.817,4.0507,0.2337
TabPFN_Pretrained,V2_ENGINEERED,3,FS_NC_21d_044,EXP_FS_NC_21d,Normal Concrete,21,Flexural Strength,False,3.805,4.0507,0.2457
TabPFN_Pretrained,V2_ENGINEERED,3,FS_NC_21d_045,EXP_FS_NC_21d,Normal Concrete,21,Flexural Strength,False,4.098,4.0507,-0.0473
TabPFN_Pretrained,V2_ENGINEERED,3,FS_NC_21d_046,EXP_FS_NC_21d,Normal Concrete,21,Flexural Strength,False,4.127,4.0507,-0.0763
TabPFN_Pretrained,V2_ENGINEERED,3,FS_NC_21d_047,EXP_FS_NC_21d,Normal Concrete,21,Flexural Strength,False,3.747,4.0507,0.3037
TabPFN_Pretrained,V2_ENGINEERED,3,FS_NC_21d_048,EXP_FS_NC_21d,Normal Concrete,21,Flexural Strength,False,3.895,4.0507,0.1557
TabPFN_Pretrained,V2_ENGINEERED,3,FS_NC_21d_049,EXP_FS_NC_21d,Normal Concrete,21,Flexural Strength,False,4.089,4.0507,-0.0383
TabPFN_Pretrained,V2_ENGINEERED,3,FS_NC_21d_050,EXP_FS_NC_21d,Normal Concrete,21,Flexural Strength,False,3.969,4.0507,0.0817
TabPFN_Pretrained,V2_ENGINEERED,3,FS_NC_21d_051,EXP_FS_NC_21d,Normal Concrete,21,Flexural Strength,False,4.134,4.0507,-0.0833
TabPFN_Pretrained,V2_ENGINEERED,3,FS_NC_21d_052,EXP_FS_NC_21d,Normal Concrete,21,Flexural Strength,False,3.626,4.0507,0.4247
TabPFN_Pretrained,V2_ENGINEERED,3,FS_NC_21d_053,EXP_FS_NC_21d,Normal Concrete,21,Flexural Strength,False,3.723,4.0507,0.3277
TabPFN_Pretrained,V2_ENGINEERED,3,FS_NC_21d_054,EXP_FS_NC_21d,Normal Concrete,21,Flexural Strength,False,3.692,4.0507,0.3587
TabPFN_Pretrained,V2_ENGINEERED,3,FS_NC_21d_055,EXP_FS_NC_21d,Normal Concrete,21,Flexural Strength,False,3.707,4.0507,0.3437
TabPFN_Pretrained,V2_ENGINEERED,3,FS_NC_21d_056,EXP_FS_NC_21d,Normal Concrete,21,Flexural Strength,False,3.315,4.0507,0.7357
TabPFN_Pretrained,V2_ENGINEERED,3,FS_NC_21d_057,EXP_FS_NC_21d,Normal Concrete,21,Flexural Strength,False,4.089,4.0507,-0.0383
TabPFN_Pretrained,V2_ENGINEERED,3,FS_NC_21d_058,EXP_FS_NC_21d,Normal Concrete,21,Flexural Strength,False,3.477,4.0507,0.5737
TabPFN_Pretrained,V2_ENGINEERED,3,FS_NC_21d_059,EXP_FS_NC_21d,Normal Concrete,21,Flexural Strength,False,4.045,4.0507,0.0057
TabPFN_Pretrained,V2_ENGINEERED,3,FS_NC_21d_060,EXP_FS_NC_21d,Normal Concrete,21,Flexural Strength,False,4.064,4.0507,-0.0133
TabPFN_Pretrained,V2_ENGINEERED,3,FS_NC_21d_061,EXP_FS_NC_21d,Normal Concrete,21,Flexural Strength,False,3.804,4.0507,0.2467
TabPFN_Pretrained,V2_ENGINEERED,3,FS_NC_21d_062,EXP_FS_NC_21d,Normal Concrete,21,Flexural Strength,False,3.554,4.0507,0.4967
TabPFN_Pretrained,V2_ENGINEERED,3,FS_NC_21d_063,EXP_FS_NC_21d,Normal Concrete,21,Flexural Strength,False,3.753,4.0507,0.2977
TabPFN_Pretrained,V2_ENGINEERED,3,FS_NC_21d_064,EXP_FS_NC_21d,Normal Concrete,21,Flexural Strength,False,3.538,4.0507,0.5127
TabPFN_Pretrained,V2_ENGINEERED,3,FS_NC_21d_065,EXP_FS_NC_21d,Normal Concrete,21,Flexural Strength,False,4.038,4.0507,0.0127
TabPFN_Pretrained,V2_ENGINEERED,3,FS_NC_21d_066,EXP_FS_NC_21d,Normal Concrete,21,Flexural Strength,False,3.838,4.0507,0.2127
TabPFN_Pretrained,V2_ENGINEERED,3,FS_NC_21d_067,EXP_FS_NC_21d,Normal Concrete,21,Flexural Strength,False,4.029,4.0507,0.0217
TabPFN_Pretrained,V2_ENGINEERED,3,FS_NC_21d_068,EXP_FS_NC_21d,Normal Concrete,21,Flexural Strength,False,3.924,4.0507,0.1267
TabPFN_Pretrained,V2_ENGINEERED,3,FS_NC_21d_069,EXP_FS_NC_21d,Normal Concrete,21,Flexural Strength,False,3.868,4.0507,0.1827
TabPFN_Pretrained,V2_ENGINEERED,3,FS_NC_21d_070,EXP_FS_NC_21d,Normal Concrete,21,Flexural Strength,False,3.944,4.0507,0.1067
TabPFN_Pretrained,V2_ENGINEERED,3,FS_NC_21d_071,EXP_FS_NC_21d,Normal Concrete,21,Flexural Strength,False,4.273,4.0507,-0.2223
TabPFN_Pretrained,V2_ENGINEERED,3,FS_NC_21d_072,EXP_FS_NC_21d,Normal Concrete,21,Flexural Strength,False,3.54,4.0507,0.5107
TabPFN_Pretrained,V2_ENGINEERED,3,FS_NC_21d_073,EXP_FS_NC_21d,Normal Concrete,21,Flexural Strength,False,4.43,4.0507,-0.3793
TabPFN_Pretrained,V2_ENGINEERED,3,FS_NC_21d_074,EXP_FS_NC_21d,Normal Concrete,21,Flexural Strength,False,3.977,4.0507,0.0737
TabPFN_Pretrained,V2_ENGINEERED,3,FS_NC_21d_075,EXP_FS_NC_21d,Normal Concrete,21,Flexural Strength,False,4.034,4.0507,0.0167
TabPFN_Pretrained,V2_ENGINEERED,3,FS_NC_21d_076,EXP_FS_NC_21d,Normal Concrete,21,Flexural Strength,False,4.199,4.0507,-0.1483
TabPFN_Pretrained,V2_ENGINEERED,3,FS_NC_21d_077,EXP_FS_NC_21d,Normal Concrete,21,Flexural Strength,False,3.827,4.0507,0.2237
TabPFN_Pretrained,V2_ENGINEERED,3,FS_NC_21d_078,EXP_FS_NC_21d,Normal Concrete,21,Flexural Strength,False,3.858,4.0507,0.1927
TabPFN_Pretrained,V2_ENGINEERED,3,FS_NC_21d_079,EXP_FS_NC_21d,Normal Concrete,21,Flexural Strength,False,4.256,4.0507,-0.2053
TabPFN_Pretrained,V2_ENGINEERED,3,FS_NC_21d_080,EXP_FS_NC_21d,Normal Concrete,21,Flexural Strength,False,3.956,4.0507,0.0947
TabPFN_Pretrained,V2_ENGINEERED,3,FS_NC_21d_081,EXP_FS_NC_21d,Normal Concrete,21,Flexural Strength,False,3.615,4.0507,0.4357
TabPFN_Pretrained,V2_ENGINEERED,3,FS_NC_21d_082,EXP_FS_NC_21d,Normal Concrete,21,Flexural Strength,False,4.028,4.0507,0.0227
TabPFN_Pretrained,V2_ENGINEERED,3,FS_NC_21d_083,EXP_FS_NC_21d,Normal Concrete,21,Flexural Strength,False,3.959,4.0507,0.0917
TabPFN_Pretrained,V2_ENGINEERED,3,FS_NC_21d_084,EXP_FS_NC_21d,Normal Concrete,21,Flexural Strength,False,4.117,4.0507,-0.0663
TabPFN_Pretrained,V2_ENGINEERED,3,FS_NC_21d_085,EXP_FS_NC_21d,Normal Concrete,21,Flexural Strength,False,4.474,4.0507,-0.4233
TabPFN_Pretrained,V2_ENGINEERED,3,FS_NC_21d_086,EXP_FS_NC_21d,Normal Concrete,21,Flexural Strength,False,3.859,4.0507,0.1917
TabPFN_Pretrained,V2_ENGINEERED,3,FS_NC_21d_087,EXP_FS_NC_21d,Normal Concrete,21,Flexural Strength,False,3.968,4.0507,0.0827
TabPFN_Pretrained,V2_ENGINEERED,3,FS_NC_21d_088,EXP_FS_NC_21d,Normal Concrete,21,Flexural Strength,False,3.495,4.0507,0.5557
TabPFN_Pretrained,V2_ENGINEERED,3,FS_NC_21d_089,EXP_FS_NC_21d,Normal Concrete,21,Flexural Strength,False,3.723,4.0507,0.3277
TabPFN_Pretrained,V2_ENGINEERED,3,FS_NC_21d_090,EXP_FS_NC_21d,Normal Concrete,21,Flexural Strength,False,4.13,4.0507,-0.0793
TabPFN_Pretrained,V2_ENGINEERED,3,FS_NC_21d_091,EXP_FS_NC_21d,Normal Concrete,21,Flexural Strength,False,4.072,4.0507,-0.0213
TabPFN_Pretrained,V2_ENGINEERED,3,FS_NC_21d_092,EXP_FS_NC_21d,Normal Concrete,21,Flexural Strength,False,4.228,4.0507,-0.1773
TabPFN_Pretrained,V2_ENGINEERED,3,FS_NC_21d_093,EXP_FS_NC_21d,Normal Concrete,21,Flexural Strength,False,3.967,4.0507,0.0837
TabPFN_Pretrained,V2_ENGINEERED,3,FS_NC_21d_094,EXP_FS_NC_21d,Normal Concrete,21,Flexural Strength,False,3.779,4.0507,0.2717
TabPFN_Pretrained,V2_ENGINEERED,3,FS_NC_21d_095,EXP_FS_NC_21d,Normal Concrete,21,Flexural Strength,False,4.112,4.0507,-0.0613
TabPFN_Pretrained,V2_ENGINEERED,3,FS_NC_21d_096,EXP_FS_NC_21d,Normal Concrete,21,Flexural Strength,False,3.996,4.0507,0.0547
TabPFN_Pretrained,V2_ENGINEERED,3,FS_NC_21d_097,EXP_FS_NC_21d,Normal Concrete,21,Flexural Strength,False,3.923,4.0507,0.1277
TabPFN_Pretrained,V2_ENGINEERED,3,FS_NC_21d_098,EXP_FS_NC_21d,Normal Concrete,21,Flexural Strength,False,3.738,4.0507,0.3127
TabPFN_Pretrained,V2_ENGINEERED,3,FS_NC_21d_099,EXP_FS_NC_21d,Normal Concrete,21,Flexural Strength,False,3.904,4.0507,0.1467
TabPFN_Pretrained,V2_ENGINEERED,3,FS_NC_21d_100,EXP_FS_NC_21d,Normal Concrete,21,Flexural Strength,False,3.654,4.0507,0.3967
TabPFN_Pretrained,V2_ENGINEERED,3,FS_BC_21d_001,EXP_FS_BC_21d,Bacterial Concrete,21,Flexural Strength,False,4.908,4.813,-0.095
TabPFN_Pretrained,V2_ENGINEERED,3,FS_BC_21d_002,EXP_FS_BC_21d,Bacterial Concrete,21,Flexural Strength,False,4.729,4.813,0.084
TabPFN_Pretrained,V2_ENGINEERED,3,FS_BC_21d_003,EXP_FS_BC_21d,Bacterial Concrete,21,Flexural Strength,False,4.421,4.813,0.392
TabPFN_Pretrained,V2_ENGINEERED,3,FS_BC_21d_004,EXP_FS_BC_21d,Bacterial Concrete,21,Flexural Strength,False,4.522,4.813,0.291
TabPFN_Pretrained,V2_ENGINEERED,3,FS_BC_21d_005,EXP_FS_BC_21d,Bacterial Concrete,21,Flexural Strength,False,4.628,4.813,0.185
TabPFN_Pretrained,V2_ENGINEERED,3,FS_BC_21d_006,EXP_FS_BC_21d,Bacterial Concrete,21,Flexural Strength,False,4.402,4.813,0.411
TabPFN_Pretrained,V2_ENGINEERED,3,FS_BC_21d_007,EXP_FS_BC_21d,Bacterial Concrete,21,Flexural Strength,False,3.898,4.813,0.915
TabPFN_Pretrained,V2_ENGINEERED,3,FS_BC_21d_008,EXP_FS_BC_21d,Bacterial Concrete,21,Flexural Strength,False,4.042,4.813,0.771
TabPFN_Pretrained,V2_ENGINEERED,3,FS_BC_21d_009,EXP_FS_BC_21d,Bacterial Concrete,21,Flexural Strength,False,4.78,4.813,0.033
TabPFN_Pretrained,V2_ENGINEERED,3,FS_BC_21d_010,EXP_FS_BC_21d,Bacterial Concrete,21,Flexural Strength,False,4.724,4.813,0.089
TabPFN_Pretrained,V2_ENGINEERED,3,FS_BC_21d_011,EXP_FS_BC_21d,Bacterial Concrete,21,Flexural Strength,False,4.85,4.813,-0.037
TabPFN_Pretrained,V2_ENGINEERED,3,FS_BC_21d_012,EXP_FS_BC_21d,Bacterial Concrete,21,Flexural Strength,False,4.508,4.813,0.305
TabPFN_Pretrained,V2_ENGINEERED,3,FS_BC_21d_013,EXP_FS_BC_21d,Bacterial Concrete,21,Flexural Strength,False,4.511,4.813,0.302
TabPFN_Pretrained,V2_ENGINEERED,3,FS_BC_21d_014,EXP_FS_BC_21d,Bacterial Concrete,21,Flexural Strength,False,5.204,4.813,-0.391
TabPFN_Pretrained,V2_ENGINEERED,3,FS_BC_21d_015,EXP_FS_BC_21d,Bacterial Concrete,21,Flexural Strength,False,4.638,4.813,0.175
TabPFN_Pretrained,V2_ENGINEERED,3,FS_BC_21d_016,EXP_FS_BC_21d,Bacterial Concrete,21,Flexural Strength,False,4.51,4.813,0.303
TabPFN_Pretrained,V2_ENGINEERED,3,FS_BC_21d_017,EXP_FS_BC_21d,Bacterial Concrete,21,Flexural Strength,False,4.962,4.813,-0.149
TabPFN_Pretrained,V2_ENGINEERED,3,FS_BC_21d_018,EXP_FS_BC_21d,Bacterial Concrete,21,Flexural Strength,False,4.936,4.813,-0.123
TabPFN_Pretrained,V2_ENGINEERED,3,FS_BC_21d_019,EXP_FS_BC_21d,Bacterial Concrete,21,Flexural Strength,False,4.552,4.813,0.261
TabPFN_Pretrained,V2_ENGINEERED,3,FS_BC_21d_020,EXP_FS_BC_21d,Bacterial Concrete,21,Flexural Strength,False,4.651,4.813,0.162
TabPFN_Pretrained,V2_ENGINEERED,3,FS_BC_21d_021,EXP_FS_BC_21d,Bacterial Concrete,21,Flexural Strength,False,4.673,4.813,0.14
TabPFN_Pretrained,V2_ENGINEERED,3,FS_BC_21d_022,EXP_FS_BC_21d,Bacterial Concrete,21,Flexural Strength,False,4.972,4.813,-0.159
TabPFN_Pretrained,V2_ENGINEERED,3,FS_BC_21d_023,EXP_FS_BC_21d,Bacterial Concrete,21,Flexural Strength,False,4.615,4.813,0.198
TabPFN_Pretrained,V2_ENGINEERED,3,FS_BC_21d_024,EXP_FS_BC_21d,Bacterial Concrete,21,Flexural Strength,False,4.885,4.813,-0.072
TabPFN_Pretrained,V2_ENGINEERED,3,FS_BC_21d_025,EXP_FS_BC_21d,Bacterial Concrete,21,Flexural Strength,False,4.707,4.813,0.106
TabPFN_Pretrained,V2_ENGINEERED,3,FS_BC_21d_026,EXP_FS_BC_21d,Bacterial Concrete,21,Flexural Strength,False,4.653,4.813,0.16
TabPFN_Pretrained,V2_ENGINEERED,3,FS_BC_21d_027,EXP_FS_BC_21d,Bacterial Concrete,21,Flexural Strength,False,4.699,4.813,0.114
TabPFN_Pretrained,V2_ENGINEERED,3,FS_BC_21d_028,EXP_FS_BC_21d,Bacterial Concrete,21,Flexural Strength,False,4.491,4.813,0.322
TabPFN_Pretrained,V2_ENGINEERED,3,FS_BC_21d_029,EXP_FS_BC_21d,Bacterial Concrete,21,Flexural Strength,False,5.097,4.813,-0.284
TabPFN_Pretrained,V2_ENGINEERED,3,FS_BC_21d_030,EXP_FS_BC_21d,Bacterial Concrete,21,Flexural Strength,False,4.149,4.813,0.664
TabPFN_Pretrained,V2_ENGINEERED,3,FS_BC_21d_031,EXP_FS_BC_21d,Bacterial Concrete,21,Flexural Strength,False,4.447,4.813,0.366
TabPFN_Pretrained,V2_ENGINEERED,3,FS_BC_21d_032,EXP_FS_BC_21d,Bacterial Concrete,21,Flexural Strength,False,4.965,4.813,-0.152
TabPFN_Pretrained,V2_ENGINEERED,3,FS_BC_21d_033,EXP_FS_BC_21d,Bacterial Concrete,21,Flexural Strength,False,5.099,4.813,-0.286
TabPFN_Pretrained,V2_ENGINEERED,3,FS_BC_21d_034,EXP_FS_BC_21d,Bacterial Concrete,21,Flexural Strength,False,4.83,4.813,-0.017
TabPFN_Pretrained,V2_ENGINEERED,3,FS_BC_21d_035,EXP_FS_BC_21d,Bacterial Concrete,21,Flexural Strength,False,4.673,4.813,0.14
TabPFN_Pretrained,V2_ENGINEERED,3,FS_BC_21d_036,EXP_FS_BC_21d,Bacterial Concrete,21,Flexural Strength,False,4.672,4.813,0.141
TabPFN_Pretrained,V2_ENGINEERED,3,FS_BC_21d_037,EXP_FS_BC_21d,Bacterial Concrete,21,Flexural Strength,False,4.834,4.813,-0.021
TabPFN_Pretrained,V2_ENGINEERED,3,FS_BC_21d_038,EXP_FS_BC_21d,Bacterial Concrete,21,Flexural Strength,False,4.897,4.813,-0.084
TabPFN_Pretrained,V2_ENGINEERED,3,FS_BC_21d_039,EXP_FS_BC_21d,Bacterial Concrete,21,Flexural Strength,False,5.193,4.813,-0.38
TabPFN_Pretrained,V2_ENGINEERED,3,FS_BC_21d_040,EXP_FS_BC_21d,Bacterial Concrete,21,Flexural Strength,False,4.75,4.813,0.063
TabPFN_Pretrained,V2_ENGINEERED,3,FS_BC_21d_041,EXP_FS_BC_21d,Bacterial Concrete,21,Flexural Strength,False,4.925,4.813,-0.112
TabPFN_Pretrained,V2_ENGINEERED,3,FS_BC_21d_042,EXP_FS_BC_21d,Bacterial Concrete,21,Flexural Strength,False,4.39,4.813,0.423
TabPFN_Pretrained,V2_ENGINEERED,3,FS_BC_21d_043,EXP_FS_BC_21d,Bacterial Concrete,21,Flexural Strength,False,4.999,4.813,-0.186
TabPFN_Pretrained,V2_ENGINEERED,3,FS_BC_21d_044,EXP_FS_BC_21d,Bacterial Concrete,21,Flexural Strength,False,4.686,4.813,0.127
TabPFN_Pretrained,V2_ENGINEERED,3,FS_BC_21d_045,EXP_FS_BC_21d,Bacterial Concrete,21,Flexural Strength,False,4.744,4.813,0.069
TabPFN_Pretrained,V2_ENGINEERED,3,FS_BC_21d_046,EXP_FS_BC_21d,Bacterial Concrete,21,Flexural Strength,False,4.301,4.813,0.512
TabPFN_Pretrained,V2_ENGINEERED,3,FS_BC_21d_047,EXP_FS_BC_21d,Bacterial Concrete,21,Flexural Strength,False,4.688,4.813,0.125
TabPFN_Pretrained,V2_ENGINEERED,3,FS_BC_21d_048,EXP_FS_BC_21d,Bacterial Concrete,21,Flexural Strength,False,4.635,4.813,0.178
TabPFN_Pretrained,V2_ENGINEERED,3,FS_BC_21d_049,EXP_FS_BC_21d,Bacterial Concrete,21,Flexural Strength,False,4.744,4.813,0.069
TabPFN_Pretrained,V2_ENGINEERED,3,FS_BC_21d_050,EXP_FS_BC_21d,Bacterial Concrete,21,Flexural Strength,False,4.393,4.813,0.42
TabPFN_Pretrained,V2_ENGINEERED,3,FS_BC_21d_051,EXP_FS_BC_21d,Bacterial Concrete,21,Flexural Strength,False,4.438,4.813,0.375
TabPFN_Pretrained,V2_ENGINEERED,3,FS_BC_21d_052,EXP_FS_BC_21d,Bacterial Concrete,21,Flexural Strength,False,4.262,4.813,0.551
TabPFN_Pretrained,V2_ENGINEERED,3,FS_BC_21d_053,EXP_FS_BC_21d,Bacterial Concrete,21,Flexural Strength,False,4.617,4.813,0.196
TabPFN_Pretrained,V2_ENGINEERED,3,FS_BC_21d_054,EXP_FS_BC_21d,Bacterial Concrete,21,Flexural Strength,False,4.696,4.813,0.117
TabPFN_Pretrained,V2_ENGINEERED,3,FS_BC_21d_055,EXP_FS_BC_21d,Bacterial Concrete,21,Flexural Strength,False,4.441,4.813,0.372
TabPFN_Pretrained,V2_ENGINEERED,3,FS_BC_21d_056,EXP_FS_BC_21d,Bacterial Concrete,21,Flexural Strength,False,4.634,4.813,0.179
TabPFN_Pretrained,V2_ENGINEERED,3,FS_BC_21d_057,EXP_FS_BC_21d,Bacterial Concrete,21,Flexural Strength,False,4.399,4.813,0.414
TabPFN_Pretrained,V2_ENGINEERED,3,FS_BC_21d_058,EXP_FS_BC_21d,Bacterial Concrete,21,Flexural Strength,False,4.438,4.813,0.375
TabPFN_Pretrained,V2_ENGINEERED,3,FS_BC_21d_059,EXP_FS_BC_21d,Bacterial Concrete,21,Flexural Strength,False,4.595,4.813,0.218
TabPFN_Pretrained,V2_ENGINEERED,3,FS_BC_21d_060,EXP_FS_BC_21d,Bacterial Concrete,21,Flexural Strength,False,4.436,4.813,0.377
TabPFN_Pretrained,V2_ENGINEERED,3,FS_BC_21d_061,EXP_FS_BC_21d,Bacterial Concrete,21,Flexural Strength,False,4.539,4.813,0.274
TabPFN_Pretrained,V2_ENGINEERED,3,FS_BC_21d_062,EXP_FS_BC_21d,Bacterial Concrete,21,Flexural Strength,False,4.706,4.813,0.107
TabPFN_Pretrained,V2_ENGINEERED,3,FS_BC_21d_063,EXP_FS_BC_21d,Bacterial Concrete,21,Flexural Strength,False,5.027,4.813,-0.214
TabPFN_Pretrained,V2_ENGINEERED,3,FS_BC_21d_064,EXP_FS_BC_21d,Bacterial Concrete,21,Flexural Strength,False,4.694,4.813,0.119
TabPFN_Pretrained,V2_ENGINEERED,3,FS_BC_21d_065,EXP_FS_BC_21d,Bacterial Concrete,21,Flexural Strength,False,4.133,4.813,0.68
TabPFN_Pretrained,V2_ENGINEERED,3,FS_BC_21d_066,EXP_FS_BC_21d,Bacterial Concrete,21,Flexural Strength,False,4.602,4.813,0.211
TabPFN_Pretrained,V2_ENGINEERED,3,FS_BC_21d_067,EXP_FS_BC_21d,Bacterial Concrete,21,Flexural Strength,False,4.464,4.813,0.349
TabPFN_Pretrained,V2_ENGINEERED,3,FS_BC_21d_068,EXP_FS_BC_21d,Bacterial Concrete,21,Flexural Strength,False,4.703,4.813,0.11
TabPFN_Pretrained,V2_ENGINEERED,3,FS_BC_21d_069,EXP_FS_BC_21d,Bacterial Concrete,21,Flexural Strength,False,4.396,4.813,0.417
TabPFN_Pretrained,V2_ENGINEERED,3,FS_BC_21d_070,EXP_FS_BC_21d,Bacterial Concrete,21,Flexural Strength,False,4.21,4.813,0.603
TabPFN_Pretrained,V2_ENGINEERED,3,FS_BC_21d_071,EXP_FS_BC_21d,Bacterial Concrete,21,Flexural Strength,False,4.721,4.813,0.092
TabPFN_Pretrained,V2_ENGINEERED,3,FS_BC_21d_072,EXP_FS_BC_21d,Bacterial Concrete,21,Flexural Strength,False,4.648,4.813,0.165
TabPFN_Pretrained,V2_ENGINEERED,3,FS_BC_21d_073,EXP_FS_BC_21d,Bacterial Concrete,21,Flexural Strength,False,4.732,4.813,0.081
TabPFN_Pretrained,V2_ENGINEERED,3,FS_BC_21d_074,EXP_FS_BC_21d,Bacterial Concrete,21,Flexural Strength,False,5.152,4.813,-0.339
TabPFN_Pretrained,V2_ENGINEERED,3,FS_BC_21d_075,EXP_FS_BC_21d,Bacterial Concrete,21,Flexural Strength,False,4.349,4.813,0.464
TabPFN_Pretrained,V2_ENGINEERED,3,FS_BC_21d_076,EXP_FS_BC_21d,Bacterial Concrete,21,Flexural Strength,False,4.559,4.813,0.254
TabPFN_Pretrained,V2_ENGINEERED,3,FS_BC_21d_077,EXP_FS_BC_21d,Bacterial Concrete,21,Flexural Strength,False,4.868,4.813,-0.055
TabPFN_Pretrained,V2_ENGINEERED,3,FS_BC_21d_078,EXP_FS_BC_21d,Bacterial Concrete,21,Flexural Strength,False,4.426,4.813,0.387
TabPFN_Pretrained,V2_ENGINEERED,3,FS_BC_21d_079,EXP_FS_BC_21d,Bacterial Concrete,21,Flexural Strength,False,4.586,4.813,0.227
TabPFN_Pretrained,V2_ENGINEERED,3,FS_BC_21d_080,EXP_FS_BC_21d,Bacterial Concrete,21,Flexural Strength,False,4.981,4.813,-0.168
TabPFN_Pretrained,V2_ENGINEERED,3,FS_BC_21d_081,EXP_FS_BC_21d,Bacterial Concrete,21,Flexural Strength,False,4.391,4.813,0.422
TabPFN_Pretrained,V2_ENGINEERED,3,FS_BC_21d_082,EXP_FS_BC_21d,Bacterial Concrete,21,Flexural Strength,False,4.353,4.813,0.46
TabPFN_Pretrained,V2_ENGINEERED,3,FS_BC_21d_083,EXP_FS_BC_21d,Bacterial Concrete,21,Flexural Strength,False,4.907,4.813,-0.094
TabPFN_Pretrained,V2_ENGINEERED,3,FS_BC_21d_084,EXP_FS_BC_21d,Bacterial Concrete,21,Flexural Strength,False,4.719,4.813,0.094
TabPFN_Pretrained,V2_ENGINEERED,3,FS_BC_21d_085,EXP_FS_BC_21d,Bacterial Concrete,21,Flexural Strength,False,4.547,4.813,0.266
TabPFN_Pretrained,V2_ENGINEERED,3,FS_BC_21d_086,EXP_FS_BC_21d,Bacterial Concrete,21,Flexural Strength,False,4.371,4.813,0.442
TabPFN_Pretrained,V2_ENGINEERED,3,FS_BC_21d_087,EXP_FS_BC_21d,Bacterial Concrete,21,Flexural Strength,False,4.83,4.813,-0.017
TabPFN_Pretrained,V2_ENGINEERED,3,FS_BC_21d_088,EXP_FS_BC_21d,Bacterial Concrete,21,Flexural Strength,False,4.166,4.813,0.647
TabPFN_Pretrained,V2_ENGINEERED,3,FS_BC_21d_089,EXP_FS_BC_21d,Bacterial Concrete,21,Flexural Strength,False,4.504,4.813,0.309
TabPFN_Pretrained,V2_ENGINEERED,3,FS_BC_21d_090,EXP_FS_BC_21d,Bacterial Concrete,21,Flexural Strength,False,4.448,4.813,0.365
TabPFN_Pretrained,V2_ENGINEERED,3,FS_BC_21d_091,EXP_FS_BC_21d,Bacterial Concrete,21,Flexural Strength,False,4.756,4.813,0.057
TabPFN_Pretrained,V2_ENGINEERED,3,FS_BC_21d_092,EXP_FS_BC_21d,Bacterial Concrete,21,Flexural Strength,False,5.16,4.813,-0.347
TabPFN_Pretrained,V2_ENGINEERED,3,FS_BC_21d_093,EXP_FS_BC_21d,Bacterial Concrete,21,Flexural Strength,False,4.876,4.813,-0.063
TabPFN_Pretrained,V2_ENGINEERED,3,FS_BC_21d_094,EXP_FS_BC_21d,Bacterial Concrete,21,Flexural Strength,False,4.231,4.813,0.582
TabPFN_Pretrained,V2_ENGINEERED,3,FS_BC_21d_095,EXP_FS_BC_21d,Bacterial Concrete,21,Flexural Strength,False,4.882,4.813,-0.069
TabPFN_Pretrained,V2_ENGINEERED,3,FS_BC_21d_096,EXP_FS_BC_21d,Bacterial Concrete,21,Flexural Strength,False,4.559,4.813,0.254
TabPFN_Pretrained,V2_ENGINEERED,3,FS_BC_21d_097,EXP_FS_BC_21d,Bacterial Concrete,21,Flexural Strength,False,4.644,4.813,0.169
TabPFN_Pretrained,V2_ENGINEERED,3,FS_BC_21d_098,EXP_FS_BC_21d,Bacterial Concrete,21,Flexural Strength,False,4.554,4.813,0.259
TabPFN_Pretrained,V2_ENGINEERED,3,FS_BC_21d_099,EXP_FS_BC_21d,Bacterial Concrete,21,Flexural Strength,False,4.315,4.813,0.498
TabPFN_Pretrained,V2_ENGINEERED,3,FS_BC_21d_100,EXP_FS_BC_21d,Bacterial Concrete,21,Flexural Strength,False,4.209,4.813,0.604
TabPFN_Pretrained,V2_ENGINEERED,3,TS_NC_28d_001,EXP_TS_NC_28d,Normal Concrete,28,Split Tensile Strength,False,2.815,2.7563,-0.0587
TabPFN_Pretrained,V2_ENGINEERED,3,TS_NC_28d_002,EXP_TS_NC_28d,Normal Concrete,28,Split Tensile Strength,False,2.576,2.7563,0.1803
TabPFN_Pretrained,V2_ENGINEERED,3,TS_NC_28d_003,EXP_TS_NC_28d,Normal Concrete,28,Split Tensile Strength,False,2.601,2.7563,0.1553
TabPFN_Pretrained,V2_ENGINEERED,3,TS_NC_28d_004,EXP_TS_NC_28d,Normal Concrete,28,Split Tensile Strength,False,2.792,2.7563,-0.0357
TabPFN_Pretrained,V2_ENGINEERED,3,TS_NC_28d_005,EXP_TS_NC_28d,Normal Concrete,28,Split Tensile Strength,False,2.678,2.7563,0.0783
TabPFN_Pretrained,V2_ENGINEERED,3,TS_NC_28d_006,EXP_TS_NC_28d,Normal Concrete,28,Split Tensile Strength,False,2.897,2.7563,-0.1407
TabPFN_Pretrained,V2_ENGINEERED,3,TS_NC_28d_007,EXP_TS_NC_28d,Normal Concrete,28,Split Tensile Strength,False,2.594,2.7563,0.1623
TabPFN_Pretrained,V2_ENGINEERED,3,TS_NC_28d_008,EXP_TS_NC_28d,Normal Concrete,28,Split Tensile Strength,False,2.813,2.7563,-0.0567
TabPFN_Pretrained,V2_ENGINEERED,3,TS_NC_28d_009,EXP_TS_NC_28d,Normal Concrete,28,Split Tensile Strength,False,2.751,2.7563,0.0053
TabPFN_Pretrained,V2_ENGINEERED,3,TS_NC_28d_010,EXP_TS_NC_28d,Normal Concrete,28,Split Tensile Strength,False,2.681,2.7563,0.0753
TabPFN_Pretrained,V2_ENGINEERED,3,TS_NC_28d_011,EXP_TS_NC_28d,Normal Concrete,28,Split Tensile Strength,False,2.876,2.7563,-0.1197
TabPFN_Pretrained,V2_ENGINEERED,3,TS_NC_28d_012,EXP_TS_NC_28d,Normal Concrete,28,Split Tensile Strength,False,2.802,2.7563,-0.0457
TabPFN_Pretrained,V2_ENGINEERED,3,TS_NC_28d_013,EXP_TS_NC_28d,Normal Concrete,28,Split Tensile Strength,False,2.549,2.7563,0.2073
TabPFN_Pretrained,V2_ENGINEERED,3,TS_NC_28d_014,EXP_TS_NC_28d,Normal Concrete,28,Split Tensile Strength,False,2.796,2.7563,-0.0397
TabPFN_Pretrained,V2_ENGINEERED,3,TS_NC_28d_015,EXP_TS_NC_28d,Normal Concrete,28,Split Tensile Strength,False,2.906,2.7563,-0.1497
TabPFN_Pretrained,V2_ENGINEERED,3,TS_NC_28d_016,EXP_TS_NC_28d,Normal Concrete,28,Split Tensile Strength,False,2.68,2.7563,0.0763
TabPFN_Pretrained,V2_ENGINEERED,3,TS_NC_28d_017,EXP_TS_NC_28d,Normal Concrete,28,Split Tensile Strength,False,2.663,2.7563,0.0933
TabPFN_Pretrained,V2_ENGINEERED,3,TS_NC_28d_018,EXP_TS_NC_28d,Normal Concrete,28,Split Tensile Strength,False,2.6,2.7563,0.1563
TabPFN_Pretrained,V2_ENGINEERED,3,TS_NC_28d_019,EXP_TS_NC_28d,Normal Concrete,28,Split Tensile Strength,False,2.698,2.7563,0.0583
TabPFN_Pretrained,V2_ENGINEERED,3,TS_NC_28d_020,EXP_TS_NC_28d,Normal Concrete,28,Split Tensile Strength,False,2.803,2.7563,-0.0467
TabPFN_Pretrained,V2_ENGINEERED,3,TS_NC_28d_021,EXP_TS_NC_28d,Normal Concrete,28,Split Tensile Strength,False,2.577,2.7563,0.1793
TabPFN_Pretrained,V2_ENGINEERED,3,TS_NC_28d_022,EXP_TS_NC_28d,Normal Concrete,28,Split Tensile Strength,False,2.498,2.7563,0.2583
TabPFN_Pretrained,V2_ENGINEERED,3,TS_NC_28d_023,EXP_TS_NC_28d,Normal Concrete,28,Split Tensile Strength,False,2.644,2.7563,0.1123
TabPFN_Pretrained,V2_ENGINEERED,3,TS_NC_28d_024,EXP_TS_NC_28d,Normal Concrete,28,Split Tensile Strength,False,2.493,2.7563,0.2633
TabPFN_Pretrained,V2_ENGINEERED,3,TS_NC_28d_025,EXP_TS_NC_28d,Normal Concrete,28,Split Tensile Strength,False,2.778,2.7563,-0.0217
TabPFN_Pretrained,V2_ENGINEERED,3,TS_NC_28d_026,EXP_TS_NC_28d,Normal Concrete,28,Split Tensile Strength,False,2.636,2.7563,0.1203
TabPFN_Pretrained,V2_ENGINEERED,3,TS_NC_28d_027,EXP_TS_NC_28d,Normal Concrete,28,Split Tensile Strength,False,2.437,2.7563,0.3193
TabPFN_Pretrained,V2_ENGINEERED,3,TS_NC_28d_028,EXP_TS_NC_28d,Normal Concrete,28,Split Tensile Strength,False,2.648,2.7563,0.1083
TabPFN_Pretrained,V2_ENGINEERED,3,TS_NC_28d_029,EXP_TS_NC_28d,Normal Concrete,28,Split Tensile Strength,False,2.671,2.7563,0.0853
TabPFN_Pretrained,V2_ENGINEERED,3,TS_NC_28d_030,EXP_TS_NC_28d,Normal Concrete,28,Split Tensile Strength,False,2.767,2.7563,-0.0107
TabPFN_Pretrained,V2_ENGINEERED,3,TS_NC_28d_031,EXP_TS_NC_28d,Normal Concrete,28,Split Tensile Strength,False,2.678,2.7563,0.0783
TabPFN_Pretrained,V2_ENGINEERED,3,TS_NC_28d_032,EXP_TS_NC_28d,Normal Concrete,28,Split Tensile Strength,False,2.98,2.7563,-0.2237
TabPFN_Pretrained,V2_ENGINEERED,3,TS_NC_28d_033,EXP_TS_NC_28d,Normal Concrete,28,Split Tensile Strength,False,2.622,2.7563,0.1343
TabPFN_Pretrained,V2_ENGINEERED,3,TS_NC_28d_034,EXP_TS_NC_28d,Normal Concrete,28,Split Tensile Strength,False,2.691,2.7563,0.0653
TabPFN_Pretrained,V2_ENGINEERED,3,TS_NC_28d_035,EXP_TS_NC_28d,Normal Concrete,28,Split Tensile Strength,False,2.685,2.7563,0.0713
TabPFN_Pretrained,V2_ENGINEERED,3,TS_NC_28d_036,EXP_TS_NC_28d,Normal Concrete,28,Split Tensile Strength,False,2.658,2.7563,0.0983
TabPFN_Pretrained,V2_ENGINEERED,3,TS_NC_28d_037,EXP_TS_NC_28d,Normal Concrete,28,Split Tensile Strength,False,2.721,2.7563,0.0353
TabPFN_Pretrained,V2_ENGINEERED,3,TS_NC_28d_038,EXP_TS_NC_28d,Normal Concrete,28,Split Tensile Strength,False,2.781,2.7563,-0.0247
TabPFN_Pretrained,V2_ENGINEERED,3,TS_NC_28d_039,EXP_TS_NC_28d,Normal Concrete,28,Split Tensile Strength,False,2.901,2.7563,-0.1447
TabPFN_Pretrained,V2_ENGINEERED,3,TS_NC_28d_040,EXP_TS_NC_28d,Normal Concrete,28,Split Tensile Strength,False,2.465,2.7563,0.2913
TabPFN_Pretrained,V2_ENGINEERED,3,TS_NC_28d_041,EXP_TS_NC_28d,Normal Concrete,28,Split Tensile Strength,False,2.623,2.7563,0.1333
TabPFN_Pretrained,V2_ENGINEERED,3,TS_NC_28d_042,EXP_TS_NC_28d,Normal Concrete,28,Split Tensile Strength,False,2.633,2.7563,0.1233
TabPFN_Pretrained,V2_ENGINEERED,3,TS_NC_28d_043,EXP_TS_NC_28d,Normal Concrete,28,Split Tensile Strength,False,2.841,2.7563,-0.0847
TabPFN_Pretrained,V2_ENGINEERED,3,TS_NC_28d_044,EXP_TS_NC_28d,Normal Concrete,28,Split Tensile Strength,False,2.647,2.7563,0.1093
TabPFN_Pretrained,V2_ENGINEERED,3,TS_NC_28d_045,EXP_TS_NC_28d,Normal Concrete,28,Split Tensile Strength,False,2.416,2.7563,0.3403
TabPFN_Pretrained,V2_ENGINEERED,3,TS_NC_28d_046,EXP_TS_NC_28d,Normal Concrete,28,Split Tensile Strength,False,2.713,2.7563,0.0433
TabPFN_Pretrained,V2_ENGINEERED,3,TS_NC_28d_047,EXP_TS_NC_28d,Normal Concrete,28,Split Tensile Strength,False,2.695,2.7563,0.0613
TabPFN_Pretrained,V2_ENGINEERED,3,TS_NC_28d_048,EXP_TS_NC_28d,Normal Concrete,28,Split Tensile Strength,False,2.727,2.7563,0.0293
TabPFN_Pretrained,V2_ENGINEERED,3,TS_NC_28d_049,EXP_TS_NC_28d,Normal Concrete,28,Split Tensile Strength,False,2.544,2.7563,0.2123
TabPFN_Pretrained,V2_ENGINEERED,3,TS_NC_28d_050,EXP_TS_NC_28d,Normal Concrete,28,Split Tensile Strength,False,2.958,2.7563,-0.2017
TabPFN_Pretrained,V2_ENGINEERED,3,TS_NC_28d_051,EXP_TS_NC_28d,Normal Concrete,28,Split Tensile Strength,False,2.651,2.7563,0.1053
TabPFN_Pretrained,V2_ENGINEERED,3,TS_NC_28d_052,EXP_TS_NC_28d,Normal Concrete,28,Split Tensile Strength,False,2.672,2.7563,0.0843
TabPFN_Pretrained,V2_ENGINEERED,3,TS_NC_28d_053,EXP_TS_NC_28d,Normal Concrete,28,Split Tensile Strength,False,2.565,2.7563,0.1913
TabPFN_Pretrained,V2_ENGINEERED,3,TS_NC_28d_054,EXP_TS_NC_28d,Normal Concrete,28,Split Tensile Strength,False,2.56,2.7563,0.1963
TabPFN_Pretrained,V2_ENGINEERED,3,TS_NC_28d_055,EXP_TS_NC_28d,Normal Concrete,28,Split Tensile Strength,False,2.517,2.7563,0.2393
TabPFN_Pretrained,V2_ENGINEERED,3,TS_NC_28d_056,EXP_TS_NC_28d,Normal Concrete,28,Split Tensile Strength,False,2.641,2.7563,0.1153
TabPFN_Pretrained,V2_ENGINEERED,3,TS_NC_28d_057,EXP_TS_NC_28d,Normal Concrete,28,Split Tensile Strength,False,2.556,2.7563,0.2003
TabPFN_Pretrained,V2_ENGINEERED,3,TS_NC_28d_058,EXP_TS_NC_28d,Normal Concrete,28,Split Tensile Strength,False,3.008,2.7563,-0.2517
TabPFN_Pretrained,V2_ENGINEERED,3,TS_NC_28d_059,EXP_TS_NC_28d,Normal Concrete,28,Split Tensile Strength,False,2.417,2.7563,0.3393
TabPFN_Pretrained,V2_ENGINEERED,3,TS_NC_28d_060,EXP_TS_NC_28d,Normal Concrete,28,Split Tensile Strength,False,2.531,2.7563,0.2253
TabPFN_Pretrained,V2_ENGINEERED,3,TS_NC_28d_061,EXP_TS_NC_28d,Normal Concrete,28,Split Tensile Strength,False,2.64,2.7563,0.1163
TabPFN_Pretrained,V2_ENGINEERED,3,TS_NC_28d_062,EXP_TS_NC_28d,Normal Concrete,28,Split Tensile Strength,False,2.801,2.7563,-0.0447
TabPFN_Pretrained,V2_ENGINEERED,3,TS_NC_28d_063,EXP_TS_NC_28d,Normal Concrete,28,Split Tensile Strength,False,2.638,2.7563,0.1183
TabPFN_Pretrained,V2_ENGINEERED,3,TS_NC_28d_064,EXP_TS_NC_28d,Normal Concrete,28,Split Tensile Strength,False,2.801,2.7563,-0.0447
TabPFN_Pretrained,V2_ENGINEERED,3,TS_NC_28d_065,EXP_TS_NC_28d,Normal Concrete,28,Split Tensile Strength,False,2.552,2.7563,0.2043
TabPFN_Pretrained,V2_ENGINEERED,3,TS_NC_28d_066,EXP_TS_NC_28d,Normal Concrete,28,Split Tensile Strength,False,2.709,2.7563,0.0473
TabPFN_Pretrained,V2_ENGINEERED,3,TS_NC_28d_067,EXP_TS_NC_28d,Normal Concrete,28,Split Tensile Strength,False,2.962,2.7563,-0.2057
TabPFN_Pretrained,V2_ENGINEERED,3,TS_NC_28d_068,EXP_TS_NC_28d,Normal Concrete,28,Split Tensile Strength,False,2.555,2.7563,0.2013
TabPFN_Pretrained,V2_ENGINEERED,3,TS_NC_28d_069,EXP_TS_NC_28d,Normal Concrete,28,Split Tensile Strength,False,2.763,2.7563,-0.0067
TabPFN_Pretrained,V2_ENGINEERED,3,TS_NC_28d_070,EXP_TS_NC_28d,Normal Concrete,28,Split Tensile Strength,False,2.731,2.7563,0.0253
TabPFN_Pretrained,V2_ENGINEERED,3,TS_NC_28d_071,EXP_TS_NC_28d,Normal Concrete,28,Split Tensile Strength,False,2.362,2.7563,0.3943
TabPFN_Pretrained,V2_ENGINEERED,3,TS_NC_28d_072,EXP_TS_NC_28d,Normal Concrete,28,Split Tensile Strength,False,2.612,2.7563,0.1443
TabPFN_Pretrained,V2_ENGINEERED,3,TS_NC_28d_073,EXP_TS_NC_28d,Normal Concrete,28,Split Tensile Strength,False,2.87,2.7563,-0.1137
TabPFN_Pretrained,V2_ENGINEERED,3,TS_NC_28d_074,EXP_TS_NC_28d,Normal Concrete,28,Split Tensile Strength,False,2.72,2.7563,0.0363
TabPFN_Pretrained,V2_ENGINEERED,3,TS_NC_28d_075,EXP_TS_NC_28d,Normal Concrete,28,Split Tensile Strength,False,2.518,2.7563,0.2383
TabPFN_Pretrained,V2_ENGINEERED,3,TS_NC_28d_076,EXP_TS_NC_28d,Normal Concrete,28,Split Tensile Strength,False,2.804,2.7563,-0.0477
TabPFN_Pretrained,V2_ENGINEERED,3,TS_NC_28d_077,EXP_TS_NC_28d,Normal Concrete,28,Split Tensile Strength,False,2.628,2.7563,0.1283
TabPFN_Pretrained,V2_ENGINEERED,3,TS_NC_28d_078,EXP_TS_NC_28d,Normal Concrete,28,Split Tensile Strength,False,2.754,2.7563,0.0023
TabPFN_Pretrained,V2_ENGINEERED,3,TS_NC_28d_079,EXP_TS_NC_28d,Normal Concrete,28,Split Tensile Strength,False,2.757,2.7563,-0.0007
TabPFN_Pretrained,V2_ENGINEERED,3,TS_NC_28d_080,EXP_TS_NC_28d,Normal Concrete,28,Split Tensile Strength,False,2.532,2.7563,0.2243
TabPFN_Pretrained,V2_ENGINEERED,3,TS_NC_28d_081,EXP_TS_NC_28d,Normal Concrete,28,Split Tensile Strength,False,2.818,2.7563,-0.0617
TabPFN_Pretrained,V2_ENGINEERED,3,TS_NC_28d_082,EXP_TS_NC_28d,Normal Concrete,28,Split Tensile Strength,False,2.549,2.7563,0.2073
TabPFN_Pretrained,V2_ENGINEERED,3,TS_NC_28d_083,EXP_TS_NC_28d,Normal Concrete,28,Split Tensile Strength,False,2.504,2.7563,0.2523
TabPFN_Pretrained,V2_ENGINEERED,3,TS_NC_28d_084,EXP_TS_NC_28d,Normal Concrete,28,Split Tensile Strength,False,2.568,2.7563,0.1883
TabPFN_Pretrained,V2_ENGINEERED,3,TS_NC_28d_085,EXP_TS_NC_28d,Normal Concrete,28,Split Tensile Strength,False,2.648,2.7563,0.1083
TabPFN_Pretrained,V2_ENGINEERED,3,TS_NC_28d_086,EXP_TS_NC_28d,Normal Concrete,28,Split Tensile Strength,False,2.716,2.7563,0.0403
TabPFN_Pretrained,V2_ENGINEERED,3,TS_NC_28d_087,EXP_TS_NC_28d,Normal Concrete,28,Split Tensile Strength,False,2.584,2.7563,0.1723
TabPFN_Pretrained,V2_ENGINEERED,3,TS_NC_28d_088,EXP_TS_NC_28d,Normal Concrete,28,Split Tensile Strength,False,2.812,2.7563,-0.0557
TabPFN_Pretrained,V2_ENGINEERED,3,TS_NC_28d_089,EXP_TS_NC_28d,Normal Concrete,28,Split Tensile Strength,False,2.738,2.7563,0.0183
TabPFN_Pretrained,V2_ENGINEERED,3,TS_NC_28d_090,EXP_TS_NC_28d,Normal Concrete,28,Split Tensile Strength,False,2.596,2.7563,0.1603
TabPFN_Pretrained,V2_ENGINEERED,3,TS_NC_28d_091,EXP_TS_NC_28d,Normal Concrete,28,Split Tensile Strength,False,2.833,2.7563,-0.0767
TabPFN_Pretrained,V2_ENGINEERED,3,TS_NC_28d_092,EXP_TS_NC_28d,Normal Concrete,28,Split Tensile Strength,False,2.874,2.7563,-0.1177
TabPFN_Pretrained,V2_ENGINEERED,3,TS_NC_28d_093,EXP_TS_NC_28d,Normal Concrete,28,Split Tensile Strength,False,2.685,2.7563,0.0713
TabPFN_Pretrained,V2_ENGINEERED,3,TS_NC_28d_094,EXP_TS_NC_28d,Normal Concrete,28,Split Tensile Strength,False,2.668,2.7563,0.0883
TabPFN_Pretrained,V2_ENGINEERED,3,TS_NC_28d_095,EXP_TS_NC_28d,Normal Concrete,28,Split Tensile Strength,False,2.434,2.7563,0.3223
TabPFN_Pretrained,V2_ENGINEERED,3,TS_NC_28d_096,EXP_TS_NC_28d,Normal Concrete,28,Split Tensile Strength,False,2.639,2.7563,0.1173
TabPFN_Pretrained,V2_ENGINEERED,3,TS_NC_28d_097,EXP_TS_NC_28d,Normal Concrete,28,Split Tensile Strength,False,2.656,2.7563,0.1003
TabPFN_Pretrained,V2_ENGINEERED,3,TS_NC_28d_098,EXP_TS_NC_28d,Normal Concrete,28,Split Tensile Strength,False,2.737,2.7563,0.0193
TabPFN_Pretrained,V2_ENGINEERED,3,TS_NC_28d_099,EXP_TS_NC_28d,Normal Concrete,28,Split Tensile Strength,False,2.675,2.7563,0.0813
TabPFN_Pretrained,V2_ENGINEERED,3,TS_NC_28d_100,EXP_TS_NC_28d,Normal Concrete,28,Split Tensile Strength,False,2.737,2.7563,0.0193
TabPFN_Pretrained,V2_ENGINEERED,3,TS_BC_21d_001,EXP_TS_BC_21d,Bacterial Concrete,21,Split Tensile Strength,False,2.882,2.9624,0.0804
TabPFN_Pretrained,V2_ENGINEERED,3,TS_BC_21d_002,EXP_TS_BC_21d,Bacterial Concrete,21,Split Tensile Strength,False,2.599,2.9624,0.3634
TabPFN_Pretrained,V2_ENGINEERED,3,TS_BC_21d_003,EXP_TS_BC_21d,Bacterial Concrete,21,Split Tensile Strength,False,2.762,2.9624,0.2004
TabPFN_Pretrained,V2_ENGINEERED,3,TS_BC_21d_004,EXP_TS_BC_21d,Bacterial Concrete,21,Split Tensile Strength,False,2.925,2.9624,0.0374
TabPFN_Pretrained,V2_ENGINEERED,3,TS_BC_21d_005,EXP_TS_BC_21d,Bacterial Concrete,21,Split Tensile Strength,False,2.702,2.9624,0.2604
TabPFN_Pretrained,V2_ENGINEERED,3,TS_BC_21d_006,EXP_TS_BC_21d,Bacterial Concrete,21,Split Tensile Strength,False,3.09,2.9624,-0.1276
TabPFN_Pretrained,V2_ENGINEERED,3,TS_BC_21d_007,EXP_TS_BC_21d,Bacterial Concrete,21,Split Tensile Strength,False,2.974,2.9624,-0.0116
TabPFN_Pretrained,V2_ENGINEERED,3,TS_BC_21d_008,EXP_TS_BC_21d,Bacterial Concrete,21,Split Tensile Strength,False,2.823,2.9624,0.1394
TabPFN_Pretrained,V2_ENGINEERED,3,TS_BC_21d_009,EXP_TS_BC_21d,Bacterial Concrete,21,Split Tensile Strength,False,2.867,2.9624,0.0954
TabPFN_Pretrained,V2_ENGINEERED,3,TS_BC_21d_010,EXP_TS_BC_21d,Bacterial Concrete,21,Split Tensile Strength,False,3.179,2.9624,-0.2166
TabPFN_Pretrained,V2_ENGINEERED,3,TS_BC_21d_011,EXP_TS_BC_21d,Bacterial Concrete,21,Split Tensile Strength,False,3.04,2.9624,-0.0776
TabPFN_Pretrained,V2_ENGINEERED,3,TS_BC_21d_012,EXP_TS_BC_21d,Bacterial Concrete,21,Split Tensile Strength,False,2.957,2.9624,0.0054
TabPFN_Pretrained,V2_ENGINEERED,3,TS_BC_21d_013,EXP_TS_BC_21d,Bacterial Concrete,21,Split Tensile Strength,False,2.688,2.9624,0.2744
TabPFN_Pretrained,V2_ENGINEERED,3,TS_BC_21d_014,EXP_TS_BC_21d,Bacterial Concrete,21,Split Tensile Strength,False,3.144,2.9624,-0.1816
TabPFN_Pretrained,V2_ENGINEERED,3,TS_BC_21d_015,EXP_TS_BC_21d,Bacterial Concrete,21,Split Tensile Strength,False,3.058,2.9624,-0.0956
TabPFN_Pretrained,V2_ENGINEERED,3,TS_BC_21d_016,EXP_TS_BC_21d,Bacterial Concrete,21,Split Tensile Strength,False,2.878,2.9624,0.0844
TabPFN_Pretrained,V2_ENGINEERED,3,TS_BC_21d_017,EXP_TS_BC_21d,Bacterial Concrete,21,Split Tensile Strength,False,2.818,2.9624,0.1444
TabPFN_Pretrained,V2_ENGINEERED,3,TS_BC_21d_018,EXP_TS_BC_21d,Bacterial Concrete,21,Split Tensile Strength,False,2.872,2.9624,0.0904
TabPFN_Pretrained,V2_ENGINEERED,3,TS_BC_21d_019,EXP_TS_BC_21d,Bacterial Concrete,21,Split Tensile Strength,False,2.72,2.9624,0.2424
TabPFN_Pretrained,V2_ENGINEERED,3,TS_BC_21d_020,EXP_TS_BC_21d,Bacterial Concrete,21,Split Tensile Strength,False,2.829,2.9624,0.1334
TabPFN_Pretrained,V2_ENGINEERED,3,TS_BC_21d_021,EXP_TS_BC_21d,Bacterial Concrete,21,Split Tensile Strength,False,3.014,2.9624,-0.0516
TabPFN_Pretrained,V2_ENGINEERED,3,TS_BC_21d_022,EXP_TS_BC_21d,Bacterial Concrete,21,Split Tensile Strength,False,2.629,2.9624,0.3334
TabPFN_Pretrained,V2_ENGINEERED,3,TS_BC_21d_023,EXP_TS_BC_21d,Bacterial Concrete,21,Split Tensile Strength,False,2.853,2.9624,0.1094
TabPFN_Pretrained,V2_ENGINEERED,3,TS_BC_21d_024,EXP_TS_BC_21d,Bacterial Concrete,21,Split Tensile Strength,False,2.917,2.9624,0.0454
TabPFN_Pretrained,V2_ENGINEERED,3,TS_BC_21d_025,EXP_TS_BC_21d,Bacterial Concrete,21,Split Tensile Strength,False,2.916,2.9624,0.0464
TabPFN_Pretrained,V2_ENGINEERED,3,TS_BC_21d_026,EXP_TS_BC_21d,Bacterial Concrete,21,Split Tensile Strength,False,2.723,2.9624,0.2394
TabPFN_Pretrained,V2_ENGINEERED,3,TS_BC_21d_027,EXP_TS_BC_21d,Bacterial Concrete,21,Split Tensile Strength,False,2.723,2.9624,0.2394
TabPFN_Pretrained,V2_ENGINEERED,3,TS_BC_21d_028,EXP_TS_BC_21d,Bacterial Concrete,21,Split Tensile Strength,False,3.063,2.9624,-0.1006
TabPFN_Pretrained,V2_ENGINEERED,3,TS_BC_21d_029,EXP_TS_BC_21d,Bacterial Concrete,21,Split Tensile Strength,False,2.716,2.9624,0.2464
TabPFN_Pretrained,V2_ENGINEERED,3,TS_BC_21d_030,EXP_TS_BC_21d,Bacterial Concrete,21,Split Tensile Strength,False,3.051,2.9624,-0.0886
TabPFN_Pretrained,V2_ENGINEERED,3,TS_BC_21d_031,EXP_TS_BC_21d,Bacterial Concrete,21,Split Tensile Strength,False,2.828,2.9624,0.1344
TabPFN_Pretrained,V2_ENGINEERED,3,TS_BC_21d_032,EXP_TS_BC_21d,Bacterial Concrete,21,Split Tensile Strength,False,3.062,2.9624,-0.0996
TabPFN_Pretrained,V2_ENGINEERED,3,TS_BC_21d_033,EXP_TS_BC_21d,Bacterial Concrete,21,Split Tensile Strength,False,2.837,2.9624,0.1254
TabPFN_Pretrained,V2_ENGINEERED,3,TS_BC_21d_034,EXP_TS_BC_21d,Bacterial Concrete,21,Split Tensile Strength,False,2.725,2.9624,0.2374
TabPFN_Pretrained,V2_ENGINEERED,3,TS_BC_21d_035,EXP_TS_BC_21d,Bacterial Concrete,21,Split Tensile Strength,False,3.028,2.9624,-0.0656
TabPFN_Pretrained,V2_ENGINEERED,3,TS_BC_21d_036,EXP_TS_BC_21d,Bacterial Concrete,21,Split Tensile Strength,False,2.897,2.9624,0.0654
TabPFN_Pretrained,V2_ENGINEERED,3,TS_BC_21d_037,EXP_TS_BC_21d,Bacterial Concrete,21,Split Tensile Strength,False,3.117,2.9624,-0.1546
TabPFN_Pretrained,V2_ENGINEERED,3,TS_BC_21d_038,EXP_TS_BC_21d,Bacterial Concrete,21,Split Tensile Strength,False,3.034,2.9624,-0.0716
TabPFN_Pretrained,V2_ENGINEERED,3,TS_BC_21d_039,EXP_TS_BC_21d,Bacterial Concrete,21,Split Tensile Strength,False,2.866,2.9624,0.0964
TabPFN_Pretrained,V2_ENGINEERED,3,TS_BC_21d_040,EXP_TS_BC_21d,Bacterial Concrete,21,Split Tensile Strength,False,2.833,2.9624,0.1294
TabPFN_Pretrained,V2_ENGINEERED,3,TS_BC_21d_041,EXP_TS_BC_21d,Bacterial Concrete,21,Split Tensile Strength,False,2.904,2.9624,0.0584
TabPFN_Pretrained,V2_ENGINEERED,3,TS_BC_21d_042,EXP_TS_BC_21d,Bacterial Concrete,21,Split Tensile Strength,False,2.929,2.9624,0.0334
TabPFN_Pretrained,V2_ENGINEERED,3,TS_BC_21d_043,EXP_TS_BC_21d,Bacterial Concrete,21,Split Tensile Strength,False,2.768,2.9624,0.1944
TabPFN_Pretrained,V2_ENGINEERED,3,TS_BC_21d_044,EXP_TS_BC_21d,Bacterial Concrete,21,Split Tensile Strength,False,3.026,2.9624,-0.0636
TabPFN_Pretrained,V2_ENGINEERED,3,TS_BC_21d_045,EXP_TS_BC_21d,Bacterial Concrete,21,Split Tensile Strength,False,2.84,2.9624,0.1224
TabPFN_Pretrained,V2_ENGINEERED,3,TS_BC_21d_046,EXP_TS_BC_21d,Bacterial Concrete,21,Split Tensile Strength,False,2.837,2.9624,0.1254
TabPFN_Pretrained,V2_ENGINEERED,3,TS_BC_21d_047,EXP_TS_BC_21d,Bacterial Concrete,21,Split Tensile Strength,False,2.819,2.9624,0.1434
TabPFN_Pretrained,V2_ENGINEERED,3,TS_BC_21d_048,EXP_TS_BC_21d,Bacterial Concrete,21,Split Tensile Strength,False,2.935,2.9624,0.0274
TabPFN_Pretrained,V2_ENGINEERED,3,TS_BC_21d_049,EXP_TS_BC_21d,Bacterial Concrete,21,Split Tensile Strength,False,2.796,2.9624,0.1664
TabPFN_Pretrained,V2_ENGINEERED,3,TS_BC_21d_050,EXP_TS_BC_21d,Bacterial Concrete,21,Split Tensile Strength,False,2.92,2.9624,0.0424
TabPFN_Pretrained,V2_ENGINEERED,3,TS_BC_21d_051,EXP_TS_BC_21d,Bacterial Concrete,21,Split Tensile Strength,False,3.315,2.9624,-0.3526
TabPFN_Pretrained,V2_ENGINEERED,3,TS_BC_21d_052,EXP_TS_BC_21d,Bacterial Concrete,21,Split Tensile Strength,False,2.892,2.9624,0.0704
TabPFN_Pretrained,V2_ENGINEERED,3,TS_BC_21d_053,EXP_TS_BC_21d,Bacterial Concrete,21,Split Tensile Strength,False,2.835,2.9624,0.1274
TabPFN_Pretrained,V2_ENGINEERED,3,TS_BC_21d_054,EXP_TS_BC_21d,Bacterial Concrete,21,Split Tensile Strength,False,2.65,2.9624,0.3124
TabPFN_Pretrained,V2_ENGINEERED,3,TS_BC_21d_055,EXP_TS_BC_21d,Bacterial Concrete,21,Split Tensile Strength,False,2.908,2.9624,0.0544
TabPFN_Pretrained,V2_ENGINEERED,3,TS_BC_21d_056,EXP_TS_BC_21d,Bacterial Concrete,21,Split Tensile Strength,False,2.734,2.9624,0.2284
TabPFN_Pretrained,V2_ENGINEERED,3,TS_BC_21d_057,EXP_TS_BC_21d,Bacterial Concrete,21,Split Tensile Strength,False,2.844,2.9624,0.1184
TabPFN_Pretrained,V2_ENGINEERED,3,TS_BC_21d_058,EXP_TS_BC_21d,Bacterial Concrete,21,Split Tensile Strength,False,2.923,2.9624,0.0394
TabPFN_Pretrained,V2_ENGINEERED,3,TS_BC_21d_059,EXP_TS_BC_21d,Bacterial Concrete,21,Split Tensile Strength,False,2.64,2.9624,0.3224
TabPFN_Pretrained,V2_ENGINEERED,3,TS_BC_21d_060,EXP_TS_BC_21d,Bacterial Concrete,21,Split Tensile Strength,False,2.924,2.9624,0.0384
TabPFN_Pretrained,V2_ENGINEERED,3,TS_BC_21d_061,EXP_TS_BC_21d,Bacterial Concrete,21,Split Tensile Strength,False,2.946,2.9624,0.0164
TabPFN_Pretrained,V2_ENGINEERED,3,TS_BC_21d_062,EXP_TS_BC_21d,Bacterial Concrete,21,Split Tensile Strength,False,2.705,2.9624,0.2574
TabPFN_Pretrained,V2_ENGINEERED,3,TS_BC_21d_063,EXP_TS_BC_21d,Bacterial Concrete,21,Split Tensile Strength,False,2.841,2.9624,0.1214
TabPFN_Pretrained,V2_ENGINEERED,3,TS_BC_21d_064,EXP_TS_BC_21d,Bacterial Concrete,21,Split Tensile Strength,False,2.625,2.9624,0.3374
TabPFN_Pretrained,V2_ENGINEERED,3,TS_BC_21d_065,EXP_TS_BC_21d,Bacterial Concrete,21,Split Tensile Strength,False,3.136,2.9624,-0.1736
TabPFN_Pretrained,V2_ENGINEERED,3,TS_BC_21d_066,EXP_TS_BC_21d,Bacterial Concrete,21,Split Tensile Strength,False,2.95,2.9624,0.0124
TabPFN_Pretrained,V2_ENGINEERED,3,TS_BC_21d_067,EXP_TS_BC_21d,Bacterial Concrete,21,Split Tensile Strength,False,2.873,2.9624,0.0894
TabPFN_Pretrained,V2_ENGINEERED,3,TS_BC_21d_068,EXP_TS_BC_21d,Bacterial Concrete,21,Split Tensile Strength,False,2.875,2.9624,0.0874
TabPFN_Pretrained,V2_ENGINEERED,3,TS_BC_21d_069,EXP_TS_BC_21d,Bacterial Concrete,21,Split Tensile Strength,False,3.07,2.9624,-0.1076
TabPFN_Pretrained,V2_ENGINEERED,3,TS_BC_21d_070,EXP_TS_BC_21d,Bacterial Concrete,21,Split Tensile Strength,False,2.886,2.9624,0.0764
TabPFN_Pretrained,V2_ENGINEERED,3,TS_BC_21d_071,EXP_TS_BC_21d,Bacterial Concrete,21,Split Tensile Strength,False,2.95,2.9624,0.0124
TabPFN_Pretrained,V2_ENGINEERED,3,TS_BC_21d_072,EXP_TS_BC_21d,Bacterial Concrete,21,Split Tensile Strength,False,3.128,2.9624,-0.1656
TabPFN_Pretrained,V2_ENGINEERED,3,TS_BC_21d_073,EXP_TS_BC_21d,Bacterial Concrete,21,Split Tensile Strength,False,2.848,2.9624,0.1144
TabPFN_Pretrained,V2_ENGINEERED,3,TS_BC_21d_074,EXP_TS_BC_21d,Bacterial Concrete,21,Split Tensile Strength,False,2.736,2.9624,0.2264
TabPFN_Pretrained,V2_ENGINEERED,3,TS_BC_21d_075,EXP_TS_BC_21d,Bacterial Concrete,21,Split Tensile Strength,False,2.776,2.9624,0.1864
TabPFN_Pretrained,V2_ENGINEERED,3,TS_BC_21d_076,EXP_TS_BC_21d,Bacterial Concrete,21,Split Tensile Strength,False,3.114,2.9624,-0.1516
TabPFN_Pretrained,V2_ENGINEERED,3,TS_BC_21d_077,EXP_TS_BC_21d,Bacterial Concrete,21,Split Tensile Strength,False,2.914,2.9624,0.0484
TabPFN_Pretrained,V2_ENGINEERED,3,TS_BC_21d_078,EXP_TS_BC_21d,Bacterial Concrete,21,Split Tensile Strength,False,2.825,2.9624,0.1374
TabPFN_Pretrained,V2_ENGINEERED,3,TS_BC_21d_079,EXP_TS_BC_21d,Bacterial Concrete,21,Split Tensile Strength,False,3.046,2.9624,-0.0836
TabPFN_Pretrained,V2_ENGINEERED,3,TS_BC_21d_080,EXP_TS_BC_21d,Bacterial Concrete,21,Split Tensile Strength,False,3.05,2.9624,-0.0876
TabPFN_Pretrained,V2_ENGINEERED,3,TS_BC_21d_081,EXP_TS_BC_21d,Bacterial Concrete,21,Split Tensile Strength,False,2.829,2.9624,0.1334
TabPFN_Pretrained,V2_ENGINEERED,3,TS_BC_21d_082,EXP_TS_BC_21d,Bacterial Concrete,21,Split Tensile Strength,False,2.754,2.9624,0.2084
TabPFN_Pretrained,V2_ENGINEERED,3,TS_BC_21d_083,EXP_TS_BC_21d,Bacterial Concrete,21,Split Tensile Strength,False,2.664,2.9624,0.2984
TabPFN_Pretrained,V2_ENGINEERED,3,TS_BC_21d_084,EXP_TS_BC_21d,Bacterial Concrete,21,Split Tensile Strength,False,2.631,2.9624,0.3314
TabPFN_Pretrained,V2_ENGINEERED,3,TS_BC_21d_085,EXP_TS_BC_21d,Bacterial Concrete,21,Split Tensile Strength,False,2.86,2.9624,0.1024
TabPFN_Pretrained,V2_ENGINEERED,3,TS_BC_21d_086,EXP_TS_BC_21d,Bacterial Concrete,21,Split Tensile Strength,False,2.766,2.9624,0.1964
TabPFN_Pretrained,V2_ENGINEERED,3,TS_BC_21d_087,EXP_TS_BC_21d,Bacterial Concrete,21,Split Tensile Strength,False,3.179,2.9624,-0.2166
TabPFN_Pretrained,V2_ENGINEERED,3,TS_BC_21d_088,EXP_TS_BC_21d,Bacterial Concrete,21,Split Tensile Strength,False,2.909,2.9624,0.0534
TabPFN_Pretrained,V2_ENGINEERED,3,TS_BC_21d_089,EXP_TS_BC_21d,Bacterial Concrete,21,Split Tensile Strength,False,2.609,2.9624,0.3534
TabPFN_Pretrained,V2_ENGINEERED,3,TS_BC_21d_090,EXP_TS_BC_21d,Bacterial Concrete,21,Split Tensile Strength,False,3.113,2.9624,-0.1506
TabPFN_Pretrained,V2_ENGINEERED,3,TS_BC_21d_091,EXP_TS_BC_21d,Bacterial Concrete,21,Split Tensile Strength,False,2.924,2.9624,0.0384
TabPFN_Pretrained,V2_ENGINEERED,3,TS_BC_21d_092,EXP_TS_BC_21d,Bacterial Concrete,21,Split Tensile Strength,False,3.006,2.9624,-0.0436
TabPFN_Pretrained,V2_ENGINEERED,3,TS_BC_21d_093,EXP_TS_BC_21d,Bacterial Concrete,21,Split Tensile Strength,False,3.002,2.9624,-0.0396
TabPFN_Pretrained,V2_ENGINEERED,3,TS_BC_21d_094,EXP_TS_BC_21d,Bacterial Concrete,21,Split Tensile Strength,False,2.944,2.9624,0.0184
TabPFN_Pretrained,V2_ENGINEERED,3,TS_BC_21d_095,EXP_TS_BC_21d,Bacterial Concrete,21,Split Tensile Strength,False,2.979,2.9624,-0.0166
TabPFN_Pretrained,V2_ENGINEERED,3,TS_BC_21d_096,EXP_TS_BC_21d,Bacterial Concrete,21,Split Tensile Strength,False,2.936,2.9624,0.0264
TabPFN_Pretrained,V2_ENGINEERED,3,TS_BC_21d_097,EXP_TS_BC_21d,Bacterial Concrete,21,Split Tensile Strength,False,2.734,2.9624,0.2284
TabPFN_Pretrained,V2_ENGINEERED,3,TS_BC_21d_098,EXP_TS_BC_21d,Bacterial Concrete,21,Split Tensile Strength,False,2.955,2.9624,0.0074
TabPFN_Pretrained,V2_ENGINEERED,3,TS_BC_21d_099,EXP_TS_BC_21d,Bacterial Concrete,21,Split Tensile Strength,False,3.054,2.9624,-0.0916
TabPFN_Pretrained,V2_ENGINEERED,3,TS_BC_21d_100,EXP_TS_BC_21d,Bacterial Concrete,21,Split Tensile Strength,False,2.868,2.9624,0.0944
TabPFN_Pretrained,V2_ENGINEERED,4,CS_NC_14d_001,EXP_CS_NC_14d,Normal Concrete,14,Compressive Strength,False,21.38,24.3281,2.9481
TabPFN_Pretrained,V2_ENGINEERED,4,CS_NC_14d_002,EXP_CS_NC_14d,Normal Concrete,14,Compressive Strength,False,22.87,24.3281,1.4581
TabPFN_Pretrained,V2_ENGINEERED,4,CS_NC_14d_003,EXP_CS_NC_14d,Normal Concrete,14,Compressive Strength,False,22.99,24.3281,1.3381
TabPFN_Pretrained,V2_ENGINEERED,4,CS_NC_14d_004,EXP_CS_NC_14d,Normal Concrete,14,Compressive Strength,False,22.3,24.3281,2.0281
TabPFN_Pretrained,V2_ENGINEERED,4,CS_NC_14d_005,EXP_CS_NC_14d,Normal Concrete,14,Compressive Strength,False,23.26,24.3281,1.0681
TabPFN_Pretrained,V2_ENGINEERED,4,CS_NC_14d_006,EXP_CS_NC_14d,Normal Concrete,14,Compressive Strength,False,24.11,24.3281,0.2181
TabPFN_Pretrained,V2_ENGINEERED,4,CS_NC_14d_007,EXP_CS_NC_14d,Normal Concrete,14,Compressive Strength,False,26.33,24.3281,-2.0019
TabPFN_Pretrained,V2_ENGINEERED,4,CS_NC_14d_008,EXP_CS_NC_14d,Normal Concrete,14,Compressive Strength,False,23.76,24.3281,0.5681
TabPFN_Pretrained,V2_ENGINEERED,4,CS_NC_14d_009,EXP_CS_NC_14d,Normal Concrete,14,Compressive Strength,False,23.89,24.3281,0.4381
TabPFN_Pretrained,V2_ENGINEERED,4,CS_NC_14d_010,EXP_CS_NC_14d,Normal Concrete,14,Compressive Strength,False,23.39,24.3281,0.9381
TabPFN_Pretrained,V2_ENGINEERED,4,CS_NC_14d_011,EXP_CS_NC_14d,Normal Concrete,14,Compressive Strength,False,20.62,24.3281,3.7081
TabPFN_Pretrained,V2_ENGINEERED,4,CS_NC_14d_012,EXP_CS_NC_14d,Normal Concrete,14,Compressive Strength,False,23.46,24.3281,0.8681
TabPFN_Pretrained,V2_ENGINEERED,4,CS_NC_14d_013,EXP_CS_NC_14d,Normal Concrete,14,Compressive Strength,False,23.59,24.3281,0.7381
TabPFN_Pretrained,V2_ENGINEERED,4,CS_NC_14d_014,EXP_CS_NC_14d,Normal Concrete,14,Compressive Strength,False,27.19,24.3281,-2.8619
TabPFN_Pretrained,V2_ENGINEERED,4,CS_NC_14d_015,EXP_CS_NC_14d,Normal Concrete,14,Compressive Strength,False,23.21,24.3281,1.1181
TabPFN_Pretrained,V2_ENGINEERED,4,CS_NC_14d_016,EXP_CS_NC_14d,Normal Concrete,14,Compressive Strength,False,23.95,24.3281,0.3781
TabPFN_Pretrained,V2_ENGINEERED,4,CS_NC_14d_017,EXP_CS_NC_14d,Normal Concrete,14,Compressive Strength,False,23.45,24.3281,0.8781
TabPFN_Pretrained,V2_ENGINEERED,4,CS_NC_14d_018,EXP_CS_NC_14d,Normal Concrete,14,Compressive Strength,False,21.75,24.3281,2.5781
TabPFN_Pretrained,V2_ENGINEERED,4,CS_NC_14d_019,EXP_CS_NC_14d,Normal Concrete,14,Compressive Strength,False,25.21,24.3281,-0.8819
TabPFN_Pretrained,V2_ENGINEERED,4,CS_NC_14d_020,EXP_CS_NC_14d,Normal Concrete,14,Compressive Strength,False,24.63,24.3281,-0.3019
TabPFN_Pretrained,V2_ENGINEERED,4,CS_NC_14d_021,EXP_CS_NC_14d,Normal Concrete,14,Compressive Strength,False,24.69,24.3281,-0.3619
TabPFN_Pretrained,V2_ENGINEERED,4,CS_NC_14d_022,EXP_CS_NC_14d,Normal Concrete,14,Compressive Strength,False,22.14,24.3281,2.1881
TabPFN_Pretrained,V2_ENGINEERED,4,CS_NC_14d_023,EXP_CS_NC_14d,Normal Concrete,14,Compressive Strength,False,25.6,24.3281,-1.2719
TabPFN_Pretrained,V2_ENGINEERED,4,CS_NC_14d_024,EXP_CS_NC_14d,Normal Concrete,14,Compressive Strength,False,21.4,24.3281,2.9281
TabPFN_Pretrained,V2_ENGINEERED,4,CS_NC_14d_025,EXP_CS_NC_14d,Normal Concrete,14,Compressive Strength,False,24.38,24.3281,-0.0519
TabPFN_Pretrained,V2_ENGINEERED,4,CS_NC_14d_026,EXP_CS_NC_14d,Normal Concrete,14,Compressive Strength,False,26.79,24.3281,-2.4619
TabPFN_Pretrained,V2_ENGINEERED,4,CS_NC_14d_027,EXP_CS_NC_14d,Normal Concrete,14,Compressive Strength,False,22.01,24.3281,2.3181
TabPFN_Pretrained,V2_ENGINEERED,4,CS_NC_14d_028,EXP_CS_NC_14d,Normal Concrete,14,Compressive Strength,False,22.65,24.3281,1.6781
TabPFN_Pretrained,V2_ENGINEERED,4,CS_NC_14d_029,EXP_CS_NC_14d,Normal Concrete,14,Compressive Strength,False,23.65,24.3281,0.6781
TabPFN_Pretrained,V2_ENGINEERED,4,CS_NC_14d_030,EXP_CS_NC_14d,Normal Concrete,14,Compressive Strength,False,22.74,24.3281,1.5881
TabPFN_Pretrained,V2_ENGINEERED,4,CS_NC_14d_031,EXP_CS_NC_14d,Normal Concrete,14,Compressive Strength,False,21.17,24.3281,3.1581
TabPFN_Pretrained,V2_ENGINEERED,4,CS_NC_14d_032,EXP_CS_NC_14d,Normal Concrete,14,Compressive Strength,False,23.6,24.3281,0.7281
TabPFN_Pretrained,V2_ENGINEERED,4,CS_NC_14d_033,EXP_CS_NC_14d,Normal Concrete,14,Compressive Strength,False,21.91,24.3281,2.4181
TabPFN_Pretrained,V2_ENGINEERED,4,CS_NC_14d_034,EXP_CS_NC_14d,Normal Concrete,14,Compressive Strength,False,24.21,24.3281,0.1181
TabPFN_Pretrained,V2_ENGINEERED,4,CS_NC_14d_035,EXP_CS_NC_14d,Normal Concrete,14,Compressive Strength,False,22.12,24.3281,2.2081
TabPFN_Pretrained,V2_ENGINEERED,4,CS_NC_14d_036,EXP_CS_NC_14d,Normal Concrete,14,Compressive Strength,False,25.82,24.3281,-1.4919
TabPFN_Pretrained,V2_ENGINEERED,4,CS_NC_14d_037,EXP_CS_NC_14d,Normal Concrete,14,Compressive Strength,False,22.33,24.3281,1.9981
TabPFN_Pretrained,V2_ENGINEERED,4,CS_NC_14d_038,EXP_CS_NC_14d,Normal Concrete,14,Compressive Strength,False,23.02,24.3281,1.3081
TabPFN_Pretrained,V2_ENGINEERED,4,CS_NC_14d_039,EXP_CS_NC_14d,Normal Concrete,14,Compressive Strength,False,24.72,24.3281,-0.3919
TabPFN_Pretrained,V2_ENGINEERED,4,CS_NC_14d_040,EXP_CS_NC_14d,Normal Concrete,14,Compressive Strength,False,21.65,24.3281,2.6781
TabPFN_Pretrained,V2_ENGINEERED,4,CS_NC_14d_041,EXP_CS_NC_14d,Normal Concrete,14,Compressive Strength,False,23.84,24.3281,0.4881
TabPFN_Pretrained,V2_ENGINEERED,4,CS_NC_14d_042,EXP_CS_NC_14d,Normal Concrete,14,Compressive Strength,False,25.46,24.3281,-1.1319
TabPFN_Pretrained,V2_ENGINEERED,4,CS_NC_14d_043,EXP_CS_NC_14d,Normal Concrete,14,Compressive Strength,False,21.09,24.3281,3.2381
TabPFN_Pretrained,V2_ENGINEERED,4,CS_NC_14d_044,EXP_CS_NC_14d,Normal Concrete,14,Compressive Strength,False,23.78,24.3281,0.5481
TabPFN_Pretrained,V2_ENGINEERED,4,CS_NC_14d_045,EXP_CS_NC_14d,Normal Concrete,14,Compressive Strength,False,23.89,24.3281,0.4381
TabPFN_Pretrained,V2_ENGINEERED,4,CS_NC_14d_046,EXP_CS_NC_14d,Normal Concrete,14,Compressive Strength,False,24.67,24.3281,-0.3419
TabPFN_Pretrained,V2_ENGINEERED,4,CS_NC_14d_047,EXP_CS_NC_14d,Normal Concrete,14,Compressive Strength,False,21.64,24.3281,2.6881
TabPFN_Pretrained,V2_ENGINEERED,4,CS_NC_14d_048,EXP_CS_NC_14d,Normal Concrete,14,Compressive Strength,False,21.52,24.3281,2.8081
TabPFN_Pretrained,V2_ENGINEERED,4,CS_NC_14d_049,EXP_CS_NC_14d,Normal Concrete,14,Compressive Strength,False,24.28,24.3281,0.0481
TabPFN_Pretrained,V2_ENGINEERED,4,CS_NC_14d_050,EXP_CS_NC_14d,Normal Concrete,14,Compressive Strength,False,23.95,24.3281,0.3781
TabPFN_Pretrained,V2_ENGINEERED,4,CS_NC_14d_051,EXP_CS_NC_14d,Normal Concrete,14,Compressive Strength,False,23.88,24.3281,0.4481
TabPFN_Pretrained,V2_ENGINEERED,4,CS_NC_14d_052,EXP_CS_NC_14d,Normal Concrete,14,Compressive Strength,False,24.02,24.3281,0.3081
TabPFN_Pretrained,V2_ENGINEERED,4,CS_NC_14d_053,EXP_CS_NC_14d,Normal Concrete,14,Compressive Strength,False,22.48,24.3281,1.8481
TabPFN_Pretrained,V2_ENGINEERED,4,CS_NC_14d_054,EXP_CS_NC_14d,Normal Concrete,14,Compressive Strength,False,23.85,24.3281,0.4781
TabPFN_Pretrained,V2_ENGINEERED,4,CS_NC_14d_055,EXP_CS_NC_14d,Normal Concrete,14,Compressive Strength,False,23.94,24.3281,0.3881
TabPFN_Pretrained,V2_ENGINEERED,4,CS_NC_14d_056,EXP_CS_NC_14d,Normal Concrete,14,Compressive Strength,False,22.43,24.3281,1.8981
TabPFN_Pretrained,V2_ENGINEERED,4,CS_NC_14d_057,EXP_CS_NC_14d,Normal Concrete,14,Compressive Strength,False,26.3,24.3281,-1.9719
TabPFN_Pretrained,V2_ENGINEERED,4,CS_NC_14d_058,EXP_CS_NC_14d,Normal Concrete,14,Compressive Strength,False,24.21,24.3281,0.1181
TabPFN_Pretrained,V2_ENGINEERED,4,CS_NC_14d_059,EXP_CS_NC_14d,Normal Concrete,14,Compressive Strength,False,21.71,24.3281,2.6181
TabPFN_Pretrained,V2_ENGINEERED,4,CS_NC_14d_060,EXP_CS_NC_14d,Normal Concrete,14,Compressive Strength,False,24.48,24.3281,-0.1519
TabPFN_Pretrained,V2_ENGINEERED,4,CS_NC_14d_061,EXP_CS_NC_14d,Normal Concrete,14,Compressive Strength,False,22.04,24.3281,2.2881
TabPFN_Pretrained,V2_ENGINEERED,4,CS_NC_14d_062,EXP_CS_NC_14d,Normal Concrete,14,Compressive Strength,False,24.68,24.3281,-0.3519
TabPFN_Pretrained,V2_ENGINEERED,4,CS_NC_14d_063,EXP_CS_NC_14d,Normal Concrete,14,Compressive Strength,False,25.24,24.3281,-0.9119
TabPFN_Pretrained,V2_ENGINEERED,4,CS_NC_14d_064,EXP_CS_NC_14d,Normal Concrete,14,Compressive Strength,False,22.27,24.3281,2.0581
TabPFN_Pretrained,V2_ENGINEERED,4,CS_NC_14d_065,EXP_CS_NC_14d,Normal Concrete,14,Compressive Strength,False,24.95,24.3281,-0.6219
TabPFN_Pretrained,V2_ENGINEERED,4,CS_NC_14d_066,EXP_CS_NC_14d,Normal Concrete,14,Compressive Strength,False,24.12,24.3281,0.2081
TabPFN_Pretrained,V2_ENGINEERED,4,CS_NC_14d_067,EXP_CS_NC_14d,Normal Concrete,14,Compressive Strength,False,24.73,24.3281,-0.4019
TabPFN_Pretrained,V2_ENGINEERED,4,CS_NC_14d_068,EXP_CS_NC_14d,Normal Concrete,14,Compressive Strength,False,26.35,24.3281,-2.0219
TabPFN_Pretrained,V2_ENGINEERED,4,CS_NC_14d_069,EXP_CS_NC_14d,Normal Concrete,14,Compressive Strength,False,23.13,24.3281,1.1981
TabPFN_Pretrained,V2_ENGINEERED,4,CS_NC_14d_070,EXP_CS_NC_14d,Normal Concrete,14,Compressive Strength,False,22.37,24.3281,1.9581
TabPFN_Pretrained,V2_ENGINEERED,4,CS_NC_14d_071,EXP_CS_NC_14d,Normal Concrete,14,Compressive Strength,False,22.17,24.3281,2.1581
TabPFN_Pretrained,V2_ENGINEERED,4,CS_NC_14d_072,EXP_CS_NC_14d,Normal Concrete,14,Compressive Strength,False,22.28,24.3281,2.0481
TabPFN_Pretrained,V2_ENGINEERED,4,CS_NC_14d_073,EXP_CS_NC_14d,Normal Concrete,14,Compressive Strength,False,23.38,24.3281,0.9481
TabPFN_Pretrained,V2_ENGINEERED,4,CS_NC_14d_074,EXP_CS_NC_14d,Normal Concrete,14,Compressive Strength,False,24.01,24.3281,0.3181
TabPFN_Pretrained,V2_ENGINEERED,4,CS_NC_14d_075,EXP_CS_NC_14d,Normal Concrete,14,Compressive Strength,False,23.92,24.3281,0.4081
TabPFN_Pretrained,V2_ENGINEERED,4,CS_NC_14d_076,EXP_CS_NC_14d,Normal Concrete,14,Compressive Strength,False,24.74,24.3281,-0.4119
TabPFN_Pretrained,V2_ENGINEERED,4,CS_NC_14d_077,EXP_CS_NC_14d,Normal Concrete,14,Compressive Strength,False,23.52,24.3281,0.8081
TabPFN_Pretrained,V2_ENGINEERED,4,CS_NC_14d_078,EXP_CS_NC_14d,Normal Concrete,14,Compressive Strength,False,25.68,24.3281,-1.3519
TabPFN_Pretrained,V2_ENGINEERED,4,CS_NC_14d_079,EXP_CS_NC_14d,Normal Concrete,14,Compressive Strength,False,23.1,24.3281,1.2281
TabPFN_Pretrained,V2_ENGINEERED,4,CS_NC_14d_080,EXP_CS_NC_14d,Normal Concrete,14,Compressive Strength,False,27.58,24.3281,-3.2519
TabPFN_Pretrained,V2_ENGINEERED,4,CS_NC_14d_081,EXP_CS_NC_14d,Normal Concrete,14,Compressive Strength,False,24.44,24.3281,-0.1119
TabPFN_Pretrained,V2_ENGINEERED,4,CS_NC_14d_082,EXP_CS_NC_14d,Normal Concrete,14,Compressive Strength,False,22.21,24.3281,2.1181
TabPFN_Pretrained,V2_ENGINEERED,4,CS_NC_14d_083,EXP_CS_NC_14d,Normal Concrete,14,Compressive Strength,False,21.89,24.3281,2.4381
TabPFN_Pretrained,V2_ENGINEERED,4,CS_NC_14d_084,EXP_CS_NC_14d,Normal Concrete,14,Compressive Strength,False,24.22,24.3281,0.1081
TabPFN_Pretrained,V2_ENGINEERED,4,CS_NC_14d_085,EXP_CS_NC_14d,Normal Concrete,14,Compressive Strength,False,23.16,24.3281,1.1681
TabPFN_Pretrained,V2_ENGINEERED,4,CS_NC_14d_086,EXP_CS_NC_14d,Normal Concrete,14,Compressive Strength,False,24.57,24.3281,-0.2419
TabPFN_Pretrained,V2_ENGINEERED,4,CS_NC_14d_087,EXP_CS_NC_14d,Normal Concrete,14,Compressive Strength,False,24.21,24.3281,0.1181
TabPFN_Pretrained,V2_ENGINEERED,4,CS_NC_14d_088,EXP_CS_NC_14d,Normal Concrete,14,Compressive Strength,False,23.39,24.3281,0.9381
TabPFN_Pretrained,V2_ENGINEERED,4,CS_NC_14d_089,EXP_CS_NC_14d,Normal Concrete,14,Compressive Strength,False,22.23,24.3281,2.0981
TabPFN_Pretrained,V2_ENGINEERED,4,CS_NC_14d_090,EXP_CS_NC_14d,Normal Concrete,14,Compressive Strength,False,21.23,24.3281,3.0981
TabPFN_Pretrained,V2_ENGINEERED,4,CS_NC_14d_091,EXP_CS_NC_14d,Normal Concrete,14,Compressive Strength,False,22.83,24.3281,1.4981
TabPFN_Pretrained,V2_ENGINEERED,4,CS_NC_14d_092,EXP_CS_NC_14d,Normal Concrete,14,Compressive Strength,False,24.78,24.3281,-0.4519
TabPFN_Pretrained,V2_ENGINEERED,4,CS_NC_14d_093,EXP_CS_NC_14d,Normal Concrete,14,Compressive Strength,False,23.82,24.3281,0.5081
TabPFN_Pretrained,V2_ENGINEERED,4,CS_NC_14d_094,EXP_CS_NC_14d,Normal Concrete,14,Compressive Strength,False,21.63,24.3281,2.6981
TabPFN_Pretrained,V2_ENGINEERED,4,CS_NC_14d_095,EXP_CS_NC_14d,Normal Concrete,14,Compressive Strength,False,23.76,24.3281,0.5681
TabPFN_Pretrained,V2_ENGINEERED,4,CS_NC_14d_096,EXP_CS_NC_14d,Normal Concrete,14,Compressive Strength,False,24.08,24.3281,0.2481
TabPFN_Pretrained,V2_ENGINEERED,4,CS_NC_14d_097,EXP_CS_NC_14d,Normal Concrete,14,Compressive Strength,False,22.17,24.3281,2.1581
TabPFN_Pretrained,V2_ENGINEERED,4,CS_NC_14d_098,EXP_CS_NC_14d,Normal Concrete,14,Compressive Strength,False,23.73,24.3281,0.5981
TabPFN_Pretrained,V2_ENGINEERED,4,CS_NC_14d_099,EXP_CS_NC_14d,Normal Concrete,14,Compressive Strength,False,23.59,24.3281,0.7381
TabPFN_Pretrained,V2_ENGINEERED,4,CS_NC_14d_100,EXP_CS_NC_14d,Normal Concrete,14,Compressive Strength,False,21.79,24.3281,2.5381
TabPFN_Pretrained,V2_ENGINEERED,4,FS_NC_14d_001,EXP_FS_NC_14d,Normal Concrete,14,Flexural Strength,False,3.713,3.536,-0.177
TabPFN_Pretrained,V2_ENGINEERED,4,FS_NC_14d_002,EXP_FS_NC_14d,Normal Concrete,14,Flexural Strength,False,3.83,3.536,-0.294
TabPFN_Pretrained,V2_ENGINEERED,4,FS_NC_14d_003,EXP_FS_NC_14d,Normal Concrete,14,Flexural Strength,False,3.31,3.536,0.226
TabPFN_Pretrained,V2_ENGINEERED,4,FS_NC_14d_004,EXP_FS_NC_14d,Normal Concrete,14,Flexural Strength,False,3.764,3.536,-0.228
TabPFN_Pretrained,V2_ENGINEERED,4,FS_NC_14d_005,EXP_FS_NC_14d,Normal Concrete,14,Flexural Strength,False,3.873,3.536,-0.337
TabPFN_Pretrained,V2_ENGINEERED,4,FS_NC_14d_006,EXP_FS_NC_14d,Normal Concrete,14,Flexural Strength,False,3.161,3.536,0.375
TabPFN_Pretrained,V2_ENGINEERED,4,FS_NC_14d_007,EXP_FS_NC_14d,Normal Concrete,14,Flexural Strength,False,3.969,3.536,-0.433
TabPFN_Pretrained,V2_ENGINEERED,4,FS_NC_14d_008,EXP_FS_NC_14d,Normal Concrete,14,Flexural Strength,False,3.598,3.536,-0.062
TabPFN_Pretrained,V2_ENGINEERED,4,FS_NC_14d_009,EXP_FS_NC_14d,Normal Concrete,14,Flexural Strength,False,3.14,3.536,0.396
TabPFN_Pretrained,V2_ENGINEERED,4,FS_NC_14d_010,EXP_FS_NC_14d,Normal Concrete,14,Flexural Strength,False,3.536,3.536,0.0
TabPFN_Pretrained,V2_ENGINEERED,4,FS_NC_14d_011,EXP_FS_NC_14d,Normal Concrete,14,Flexural Strength,False,3.996,3.536,-0.46
TabPFN_Pretrained,V2_ENGINEERED,4,FS_NC_14d_012,EXP_FS_NC_14d,Normal Concrete,14,Flexural Strength,False,3.56,3.536,-0.024
TabPFN_Pretrained,V2_ENGINEERED,4,FS_NC_14d_013,EXP_FS_NC_14d,Normal Concrete,14,Flexural Strength,False,3.425,3.536,0.111
TabPFN_Pretrained,V2_ENGINEERED,4,FS_NC_14d_014,EXP_FS_NC_14d,Normal Concrete,14,Flexural Strength,False,3.774,3.536,-0.238
TabPFN_Pretrained,V2_ENGINEERED,4,FS_NC_14d_015,EXP_FS_NC_14d,Normal Concrete,14,Flexural Strength,False,3.511,3.536,0.025
TabPFN_Pretrained,V2_ENGINEERED,4,FS_NC_14d_016,EXP_FS_NC_14d,Normal Concrete,14,Flexural Strength,False,3.11,3.536,0.426
TabPFN_Pretrained,V2_ENGINEERED,4,FS_NC_14d_017,EXP_FS_NC_14d,Normal Concrete,14,Flexural Strength,False,3.87,3.536,-0.334
TabPFN_Pretrained,V2_ENGINEERED,4,FS_NC_14d_018,EXP_FS_NC_14d,Normal Concrete,14,Flexural Strength,False,3.657,3.536,-0.121
TabPFN_Pretrained,V2_ENGINEERED,4,FS_NC_14d_019,EXP_FS_NC_14d,Normal Concrete,14,Flexural Strength,False,3.955,3.536,-0.419
TabPFN_Pretrained,V2_ENGINEERED,4,FS_NC_14d_020,EXP_FS_NC_14d,Normal Concrete,14,Flexural Strength,False,3.521,3.536,0.015
TabPFN_Pretrained,V2_ENGINEERED,4,FS_NC_14d_021,EXP_FS_NC_14d,Normal Concrete,14,Flexural Strength,False,3.32,3.536,0.216
TabPFN_Pretrained,V2_ENGINEERED,4,FS_NC_14d_022,EXP_FS_NC_14d,Normal Concrete,14,Flexural Strength,False,3.25,3.536,0.286
TabPFN_Pretrained,V2_ENGINEERED,4,FS_NC_14d_023,EXP_FS_NC_14d,Normal Concrete,14,Flexural Strength,False,3.233,3.536,0.303
TabPFN_Pretrained,V2_ENGINEERED,4,FS_NC_14d_024,EXP_FS_NC_14d,Normal Concrete,14,Flexural Strength,False,3.821,3.536,-0.285
TabPFN_Pretrained,V2_ENGINEERED,4,FS_NC_14d_025,EXP_FS_NC_14d,Normal Concrete,14,Flexural Strength,False,3.387,3.536,0.149
TabPFN_Pretrained,V2_ENGINEERED,4,FS_NC_14d_026,EXP_FS_NC_14d,Normal Concrete,14,Flexural Strength,False,3.881,3.536,-0.345
TabPFN_Pretrained,V2_ENGINEERED,4,FS_NC_14d_027,EXP_FS_NC_14d,Normal Concrete,14,Flexural Strength,False,3.624,3.536,-0.088
TabPFN_Pretrained,V2_ENGINEERED,4,FS_NC_14d_028,EXP_FS_NC_14d,Normal Concrete,14,Flexural Strength,False,3.534,3.536,0.002
TabPFN_Pretrained,V2_ENGINEERED,4,FS_NC_14d_029,EXP_FS_NC_14d,Normal Concrete,14,Flexural Strength,False,3.717,3.536,-0.181
TabPFN_Pretrained,V2_ENGINEERED,4,FS_NC_14d_030,EXP_FS_NC_14d,Normal Concrete,14,Flexural Strength,False,3.561,3.536,-0.025
TabPFN_Pretrained,V2_ENGINEERED,4,FS_NC_14d_031,EXP_FS_NC_14d,Normal Concrete,14,Flexural Strength,False,3.73,3.536,-0.194
TabPFN_Pretrained,V2_ENGINEERED,4,FS_NC_14d_032,EXP_FS_NC_14d,Normal Concrete,14,Flexural Strength,False,3.46,3.536,0.076
TabPFN_Pretrained,V2_ENGINEERED,4,FS_NC_14d_033,EXP_FS_NC_14d,Normal Concrete,14,Flexural Strength,False,3.642,3.536,-0.106
TabPFN_Pretrained,V2_ENGINEERED,4,FS_NC_14d_034,EXP_FS_NC_14d,Normal Concrete,14,Flexural Strength,False,3.637,3.536,-0.101
TabPFN_Pretrained,V2_ENGINEERED,4,FS_NC_14d_035,EXP_FS_NC_14d,Normal Concrete,14,Flexural Strength,False,3.368,3.536,0.168
TabPFN_Pretrained,V2_ENGINEERED,4,FS_NC_14d_036,EXP_FS_NC_14d,Normal Concrete,14,Flexural Strength,False,3.784,3.536,-0.248
TabPFN_Pretrained,V2_ENGINEERED,4,FS_NC_14d_037,EXP_FS_NC_14d,Normal Concrete,14,Flexural Strength,False,3.946,3.536,-0.41
TabPFN_Pretrained,V2_ENGINEERED,4,FS_NC_14d_038,EXP_FS_NC_14d,Normal Concrete,14,Flexural Strength,False,3.692,3.536,-0.156
TabPFN_Pretrained,V2_ENGINEERED,4,FS_NC_14d_039,EXP_FS_NC_14d,Normal Concrete,14,Flexural Strength,False,3.886,3.536,-0.35
TabPFN_Pretrained,V2_ENGINEERED,4,FS_NC_14d_040,EXP_FS_NC_14d,Normal Concrete,14,Flexural Strength,False,3.182,3.536,0.354
TabPFN_Pretrained,V2_ENGINEERED,4,FS_NC_14d_041,EXP_FS_NC_14d,Normal Concrete,14,Flexural Strength,False,3.711,3.536,-0.175
TabPFN_Pretrained,V2_ENGINEERED,4,FS_NC_14d_042,EXP_FS_NC_14d,Normal Concrete,14,Flexural Strength,False,3.694,3.536,-0.158
TabPFN_Pretrained,V2_ENGINEERED,4,FS_NC_14d_043,EXP_FS_NC_14d,Normal Concrete,14,Flexural Strength,False,3.745,3.536,-0.209
TabPFN_Pretrained,V2_ENGINEERED,4,FS_NC_14d_044,EXP_FS_NC_14d,Normal Concrete,14,Flexural Strength,False,3.567,3.536,-0.031
TabPFN_Pretrained,V2_ENGINEERED,4,FS_NC_14d_045,EXP_FS_NC_14d,Normal Concrete,14,Flexural Strength,False,4.09,3.536,-0.554
TabPFN_Pretrained,V2_ENGINEERED,4,FS_NC_14d_046,EXP_FS_NC_14d,Normal Concrete,14,Flexural Strength,False,3.859,3.536,-0.323
TabPFN_Pretrained,V2_ENGINEERED,4,FS_NC_14d_047,EXP_FS_NC_14d,Normal Concrete,14,Flexural Strength,False,3.175,3.536,0.361
TabPFN_Pretrained,V2_ENGINEERED,4,FS_NC_14d_048,EXP_FS_NC_14d,Normal Concrete,14,Flexural Strength,False,3.458,3.536,0.078
TabPFN_Pretrained,V2_ENGINEERED,4,FS_NC_14d_049,EXP_FS_NC_14d,Normal Concrete,14,Flexural Strength,False,3.973,3.536,-0.437
TabPFN_Pretrained,V2_ENGINEERED,4,FS_NC_14d_050,EXP_FS_NC_14d,Normal Concrete,14,Flexural Strength,False,3.394,3.536,0.142
TabPFN_Pretrained,V2_ENGINEERED,4,FS_NC_14d_051,EXP_FS_NC_14d,Normal Concrete,14,Flexural Strength,False,3.794,3.536,-0.258
TabPFN_Pretrained,V2_ENGINEERED,4,FS_NC_14d_052,EXP_FS_NC_14d,Normal Concrete,14,Flexural Strength,False,3.724,3.536,-0.188
TabPFN_Pretrained,V2_ENGINEERED,4,FS_NC_14d_053,EXP_FS_NC_14d,Normal Concrete,14,Flexural Strength,False,3.633,3.536,-0.097
TabPFN_Pretrained,V2_ENGINEERED,4,FS_NC_14d_054,EXP_FS_NC_14d,Normal Concrete,14,Flexural Strength,False,3.85,3.536,-0.314
TabPFN_Pretrained,V2_ENGINEERED,4,FS_NC_14d_055,EXP_FS_NC_14d,Normal Concrete,14,Flexural Strength,False,3.647,3.536,-0.111
TabPFN_Pretrained,V2_ENGINEERED,4,FS_NC_14d_056,EXP_FS_NC_14d,Normal Concrete,14,Flexural Strength,False,3.667,3.536,-0.131
TabPFN_Pretrained,V2_ENGINEERED,4,FS_NC_14d_057,EXP_FS_NC_14d,Normal Concrete,14,Flexural Strength,False,3.33,3.536,0.206
TabPFN_Pretrained,V2_ENGINEERED,4,FS_NC_14d_058,EXP_FS_NC_14d,Normal Concrete,14,Flexural Strength,False,3.927,3.536,-0.391
TabPFN_Pretrained,V2_ENGINEERED,4,FS_NC_14d_059,EXP_FS_NC_14d,Normal Concrete,14,Flexural Strength,False,3.577,3.536,-0.041
TabPFN_Pretrained,V2_ENGINEERED,4,FS_NC_14d_060,EXP_FS_NC_14d,Normal Concrete,14,Flexural Strength,False,3.459,3.536,0.077
TabPFN_Pretrained,V2_ENGINEERED,4,FS_NC_14d_061,EXP_FS_NC_14d,Normal Concrete,14,Flexural Strength,False,3.973,3.536,-0.437
TabPFN_Pretrained,V2_ENGINEERED,4,FS_NC_14d_062,EXP_FS_NC_14d,Normal Concrete,14,Flexural Strength,False,3.985,3.536,-0.449
TabPFN_Pretrained,V2_ENGINEERED,4,FS_NC_14d_063,EXP_FS_NC_14d,Normal Concrete,14,Flexural Strength,False,4.3,3.536,-0.764
TabPFN_Pretrained,V2_ENGINEERED,4,FS_NC_14d_064,EXP_FS_NC_14d,Normal Concrete,14,Flexural Strength,False,3.953,3.536,-0.417
TabPFN_Pretrained,V2_ENGINEERED,4,FS_NC_14d_065,EXP_FS_NC_14d,Normal Concrete,14,Flexural Strength,False,3.654,3.536,-0.118
TabPFN_Pretrained,V2_ENGINEERED,4,FS_NC_14d_066,EXP_FS_NC_14d,Normal Concrete,14,Flexural Strength,False,3.631,3.536,-0.095
TabPFN_Pretrained,V2_ENGINEERED,4,FS_NC_14d_067,EXP_FS_NC_14d,Normal Concrete,14,Flexural Strength,False,3.621,3.536,-0.085
TabPFN_Pretrained,V2_ENGINEERED,4,FS_NC_14d_068,EXP_FS_NC_14d,Normal Concrete,14,Flexural Strength,False,3.393,3.536,0.143
TabPFN_Pretrained,V2_ENGINEERED,4,FS_NC_14d_069,EXP_FS_NC_14d,Normal Concrete,14,Flexural Strength,False,3.6,3.536,-0.064
TabPFN_Pretrained,V2_ENGINEERED,4,FS_NC_14d_070,EXP_FS_NC_14d,Normal Concrete,14,Flexural Strength,False,3.712,3.536,-0.176
TabPFN_Pretrained,V2_ENGINEERED,4,FS_NC_14d_071,EXP_FS_NC_14d,Normal Concrete,14,Flexural Strength,False,3.794,3.536,-0.258
TabPFN_Pretrained,V2_ENGINEERED,4,FS_NC_14d_072,EXP_FS_NC_14d,Normal Concrete,14,Flexural Strength,False,3.61,3.536,-0.074
TabPFN_Pretrained,V2_ENGINEERED,4,FS_NC_14d_073,EXP_FS_NC_14d,Normal Concrete,14,Flexural Strength,False,3.627,3.536,-0.091
TabPFN_Pretrained,V2_ENGINEERED,4,FS_NC_14d_074,EXP_FS_NC_14d,Normal Concrete,14,Flexural Strength,False,3.908,3.536,-0.372
TabPFN_Pretrained,V2_ENGINEERED,4,FS_NC_14d_075,EXP_FS_NC_14d,Normal Concrete,14,Flexural Strength,False,3.583,3.536,-0.047
TabPFN_Pretrained,V2_ENGINEERED,4,FS_NC_14d_076,EXP_FS_NC_14d,Normal Concrete,14,Flexural Strength,False,3.391,3.536,0.145
TabPFN_Pretrained,V2_ENGINEERED,4,FS_NC_14d_077,EXP_FS_NC_14d,Normal Concrete,14,Flexural Strength,False,3.71,3.536,-0.174
TabPFN_Pretrained,V2_ENGINEERED,4,FS_NC_14d_078,EXP_FS_NC_14d,Normal Concrete,14,Flexural Strength,False,3.477,3.536,0.059
TabPFN_Pretrained,V2_ENGINEERED,4,FS_NC_14d_079,EXP_FS_NC_14d,Normal Concrete,14,Flexural Strength,False,3.277,3.536,0.259
TabPFN_Pretrained,V2_ENGINEERED,4,FS_NC_14d_080,EXP_FS_NC_14d,Normal Concrete,14,Flexural Strength,False,3.526,3.536,0.01
TabPFN_Pretrained,V2_ENGINEERED,4,FS_NC_14d_081,EXP_FS_NC_14d,Normal Concrete,14,Flexural Strength,False,3.204,3.536,0.332
TabPFN_Pretrained,V2_ENGINEERED,4,FS_NC_14d_082,EXP_FS_NC_14d,Normal Concrete,14,Flexural Strength,False,3.468,3.536,0.068
TabPFN_Pretrained,V2_ENGINEERED,4,FS_NC_14d_083,EXP_FS_NC_14d,Normal Concrete,14,Flexural Strength,False,3.557,3.536,-0.021
TabPFN_Pretrained,V2_ENGINEERED,4,FS_NC_14d_084,EXP_FS_NC_14d,Normal Concrete,14,Flexural Strength,False,3.467,3.536,0.069
TabPFN_Pretrained,V2_ENGINEERED,4,FS_NC_14d_085,EXP_FS_NC_14d,Normal Concrete,14,Flexural Strength,False,3.584,3.536,-0.048
TabPFN_Pretrained,V2_ENGINEERED,4,FS_NC_14d_086,EXP_FS_NC_14d,Normal Concrete,14,Flexural Strength,False,3.296,3.536,0.24
TabPFN_Pretrained,V2_ENGINEERED,4,FS_NC_14d_087,EXP_FS_NC_14d,Normal Concrete,14,Flexural Strength,False,3.522,3.536,0.014
TabPFN_Pretrained,V2_ENGINEERED,4,FS_NC_14d_088,EXP_FS_NC_14d,Normal Concrete,14,Flexural Strength,False,3.593,3.536,-0.057
TabPFN_Pretrained,V2_ENGINEERED,4,FS_NC_14d_089,EXP_FS_NC_14d,Normal Concrete,14,Flexural Strength,False,3.699,3.536,-0.163
TabPFN_Pretrained,V2_ENGINEERED,4,FS_NC_14d_090,EXP_FS_NC_14d,Normal Concrete,14,Flexural Strength,False,3.78,3.536,-0.244
TabPFN_Pretrained,V2_ENGINEERED,4,FS_NC_14d_091,EXP_FS_NC_14d,Normal Concrete,14,Flexural Strength,False,3.445,3.536,0.091
TabPFN_Pretrained,V2_ENGINEERED,4,FS_NC_14d_092,EXP_FS_NC_14d,Normal Concrete,14,Flexural Strength,False,3.345,3.536,0.191
TabPFN_Pretrained,V2_ENGINEERED,4,FS_NC_14d_093,EXP_FS_NC_14d,Normal Concrete,14,Flexural Strength,False,3.349,3.536,0.187
TabPFN_Pretrained,V2_ENGINEERED,4,FS_NC_14d_094,EXP_FS_NC_14d,Normal Concrete,14,Flexural Strength,False,3.609,3.536,-0.073
TabPFN_Pretrained,V2_ENGINEERED,4,FS_NC_14d_095,EXP_FS_NC_14d,Normal Concrete,14,Flexural Strength,False,3.69,3.536,-0.154
TabPFN_Pretrained,V2_ENGINEERED,4,FS_NC_14d_096,EXP_FS_NC_14d,Normal Concrete,14,Flexural Strength,False,3.701,3.536,-0.165
TabPFN_Pretrained,V2_ENGINEERED,4,FS_NC_14d_097,EXP_FS_NC_14d,Normal Concrete,14,Flexural Strength,False,3.843,3.536,-0.307
TabPFN_Pretrained,V2_ENGINEERED,4,FS_NC_14d_098,EXP_FS_NC_14d,Normal Concrete,14,Flexural Strength,False,3.377,3.536,0.159
TabPFN_Pretrained,V2_ENGINEERED,4,FS_NC_14d_099,EXP_FS_NC_14d,Normal Concrete,14,Flexural Strength,False,3.917,3.536,-0.381
TabPFN_Pretrained,V2_ENGINEERED,4,FS_NC_14d_100,EXP_FS_NC_14d,Normal Concrete,14,Flexural Strength,False,3.23,3.536,0.306
TabPFN_Pretrained,V2_ENGINEERED,4,FS_BC_14d_001,EXP_FS_BC_14d,Bacterial Concrete,14,Flexural Strength,False,4.167,4.5815,0.4145
TabPFN_Pretrained,V2_ENGINEERED,4,FS_BC_14d_002,EXP_FS_BC_14d,Bacterial Concrete,14,Flexural Strength,False,4.416,4.5815,0.1655
TabPFN_Pretrained,V2_ENGINEERED,4,FS_BC_14d_003,EXP_FS_BC_14d,Bacterial Concrete,14,Flexural Strength,False,3.94,4.5815,0.6415
TabPFN_Pretrained,V2_ENGINEERED,4,FS_BC_14d_004,EXP_FS_BC_14d,Bacterial Concrete,14,Flexural Strength,False,4.451,4.5815,0.1305
TabPFN_Pretrained,V2_ENGINEERED,4,FS_BC_14d_005,EXP_FS_BC_14d,Bacterial Concrete,14,Flexural Strength,False,4.409,4.5815,0.1725
TabPFN_Pretrained,V2_ENGINEERED,4,FS_BC_14d_006,EXP_FS_BC_14d,Bacterial Concrete,14,Flexural Strength,False,3.555,4.5815,1.0265
TabPFN_Pretrained,V2_ENGINEERED,4,FS_BC_14d_007,EXP_FS_BC_14d,Bacterial Concrete,14,Flexural Strength,False,3.971,4.5815,0.6105
TabPFN_Pretrained,V2_ENGINEERED,4,FS_BC_14d_008,EXP_FS_BC_14d,Bacterial Concrete,14,Flexural Strength,False,3.986,4.5815,0.5955
TabPFN_Pretrained,V2_ENGINEERED,4,FS_BC_14d_009,EXP_FS_BC_14d,Bacterial Concrete,14,Flexural Strength,False,4.09,4.5815,0.4915
TabPFN_Pretrained,V2_ENGINEERED,4,FS_BC_14d_010,EXP_FS_BC_14d,Bacterial Concrete,14,Flexural Strength,False,4.227,4.5815,0.3545
TabPFN_Pretrained,V2_ENGINEERED,4,FS_BC_14d_011,EXP_FS_BC_14d,Bacterial Concrete,14,Flexural Strength,False,4.056,4.5815,0.5255
TabPFN_Pretrained,V2_ENGINEERED,4,FS_BC_14d_012,EXP_FS_BC_14d,Bacterial Concrete,14,Flexural Strength,False,4.437,4.5815,0.1445
TabPFN_Pretrained,V2_ENGINEERED,4,FS_BC_14d_013,EXP_FS_BC_14d,Bacterial Concrete,14,Flexural Strength,False,4.014,4.5815,0.5675
TabPFN_Pretrained,V2_ENGINEERED,4,FS_BC_14d_014,EXP_FS_BC_14d,Bacterial Concrete,14,Flexural Strength,False,4.126,4.5815,0.4555
TabPFN_Pretrained,V2_ENGINEERED,4,FS_BC_14d_015,EXP_FS_BC_14d,Bacterial Concrete,14,Flexural Strength,False,4.229,4.5815,0.3525
TabPFN_Pretrained,V2_ENGINEERED,4,FS_BC_14d_016,EXP_FS_BC_14d,Bacterial Concrete,14,Flexural Strength,False,3.913,4.5815,0.6685
TabPFN_Pretrained,V2_ENGINEERED,4,FS_BC_14d_017,EXP_FS_BC_14d,Bacterial Concrete,14,Flexural Strength,False,4.23,4.5815,0.3515
TabPFN_Pretrained,V2_ENGINEERED,4,FS_BC_14d_018,EXP_FS_BC_14d,Bacterial Concrete,14,Flexural Strength,False,4.179,4.5815,0.4025
TabPFN_Pretrained,V2_ENGINEERED,4,FS_BC_14d_019,EXP_FS_BC_14d,Bacterial Concrete,14,Flexural Strength,False,4.165,4.5815,0.4165
TabPFN_Pretrained,V2_ENGINEERED,4,FS_BC_14d_020,EXP_FS_BC_14d,Bacterial Concrete,14,Flexural Strength,False,3.884,4.5815,0.6975
TabPFN_Pretrained,V2_ENGINEERED,4,FS_BC_14d_021,EXP_FS_BC_14d,Bacterial Concrete,14,Flexural Strength,False,3.725,4.5815,0.8565
TabPFN_Pretrained,V2_ENGINEERED,4,FS_BC_14d_022,EXP_FS_BC_14d,Bacterial Concrete,14,Flexural Strength,False,4.151,4.5815,0.4305
TabPFN_Pretrained,V2_ENGINEERED,4,FS_BC_14d_023,EXP_FS_BC_14d,Bacterial Concrete,14,Flexural Strength,False,4.732,4.5815,-0.1505
TabPFN_Pretrained,V2_ENGINEERED,4,FS_BC_14d_024,EXP_FS_BC_14d,Bacterial Concrete,14,Flexural Strength,False,4.195,4.5815,0.3865
TabPFN_Pretrained,V2_ENGINEERED,4,FS_BC_14d_025,EXP_FS_BC_14d,Bacterial Concrete,14,Flexural Strength,False,4.528,4.5815,0.0535
TabPFN_Pretrained,V2_ENGINEERED,4,FS_BC_14d_026,EXP_FS_BC_14d,Bacterial Concrete,14,Flexural Strength,False,4.312,4.5815,0.2695
TabPFN_Pretrained,V2_ENGINEERED,4,FS_BC_14d_027,EXP_FS_BC_14d,Bacterial Concrete,14,Flexural Strength,False,4.075,4.5815,0.5065
TabPFN_Pretrained,V2_ENGINEERED,4,FS_BC_14d_028,EXP_FS_BC_14d,Bacterial Concrete,14,Flexural Strength,False,4.135,4.5815,0.4465
TabPFN_Pretrained,V2_ENGINEERED,4,FS_BC_14d_029,EXP_FS_BC_14d,Bacterial Concrete,14,Flexural Strength,False,3.724,4.5815,0.8575
TabPFN_Pretrained,V2_ENGINEERED,4,FS_BC_14d_030,EXP_FS_BC_14d,Bacterial Concrete,14,Flexural Strength,False,4.411,4.5815,0.1705
TabPFN_Pretrained,V2_ENGINEERED,4,FS_BC_14d_031,EXP_FS_BC_14d,Bacterial Concrete,14,Flexural Strength,False,4.578,4.5815,0.0035
TabPFN_Pretrained,V2_ENGINEERED,4,FS_BC_14d_032,EXP_FS_BC_14d,Bacterial Concrete,14,Flexural Strength,False,4.612,4.5815,-0.0305
TabPFN_Pretrained,V2_ENGINEERED,4,FS_BC_14d_033,EXP_FS_BC_14d,Bacterial Concrete,14,Flexural Strength,False,4.323,4.5815,0.2585
TabPFN_Pretrained,V2_ENGINEERED,4,FS_BC_14d_034,EXP_FS_BC_14d,Bacterial Concrete,14,Flexural Strength,False,4.242,4.5815,0.3395
TabPFN_Pretrained,V2_ENGINEERED,4,FS_BC_14d_035,EXP_FS_BC_14d,Bacterial Concrete,14,Flexural Strength,False,4.529,4.5815,0.0525
TabPFN_Pretrained,V2_ENGINEERED,4,FS_BC_14d_036,EXP_FS_BC_14d,Bacterial Concrete,14,Flexural Strength,False,4.427,4.5815,0.1545
TabPFN_Pretrained,V2_ENGINEERED,4,FS_BC_14d_037,EXP_FS_BC_14d,Bacterial Concrete,14,Flexural Strength,False,4.536,4.5815,0.0455
TabPFN_Pretrained,V2_ENGINEERED,4,FS_BC_14d_038,EXP_FS_BC_14d,Bacterial Concrete,14,Flexural Strength,False,4.213,4.5815,0.3685
TabPFN_Pretrained,V2_ENGINEERED,4,FS_BC_14d_039,EXP_FS_BC_14d,Bacterial Concrete,14,Flexural Strength,False,4.436,4.5815,0.1455
TabPFN_Pretrained,V2_ENGINEERED,4,FS_BC_14d_040,EXP_FS_BC_14d,Bacterial Concrete,14,Flexural Strength,False,4.147,4.5815,0.4345
TabPFN_Pretrained,V2_ENGINEERED,4,FS_BC_14d_041,EXP_FS_BC_14d,Bacterial Concrete,14,Flexural Strength,False,4.525,4.5815,0.0565
TabPFN_Pretrained,V2_ENGINEERED,4,FS_BC_14d_042,EXP_FS_BC_14d,Bacterial Concrete,14,Flexural Strength,False,3.858,4.5815,0.7235
TabPFN_Pretrained,V2_ENGINEERED,4,FS_BC_14d_043,EXP_FS_BC_14d,Bacterial Concrete,14,Flexural Strength,False,4.427,4.5815,0.1545
TabPFN_Pretrained,V2_ENGINEERED,4,FS_BC_14d_044,EXP_FS_BC_14d,Bacterial Concrete,14,Flexural Strength,False,3.954,4.5815,0.6275
TabPFN_Pretrained,V2_ENGINEERED,4,FS_BC_14d_045,EXP_FS_BC_14d,Bacterial Concrete,14,Flexural Strength,False,4.389,4.5815,0.1925
TabPFN_Pretrained,V2_ENGINEERED,4,FS_BC_14d_046,EXP_FS_BC_14d,Bacterial Concrete,14,Flexural Strength,False,4.265,4.5815,0.3165
TabPFN_Pretrained,V2_ENGINEERED,4,FS_BC_14d_047,EXP_FS_BC_14d,Bacterial Concrete,14,Flexural Strength,False,4.058,4.5815,0.5235
TabPFN_Pretrained,V2_ENGINEERED,4,FS_BC_14d_048,EXP_FS_BC_14d,Bacterial Concrete,14,Flexural Strength,False,4.241,4.5815,0.3405
TabPFN_Pretrained,V2_ENGINEERED,4,FS_BC_14d_049,EXP_FS_BC_14d,Bacterial Concrete,14,Flexural Strength,False,4.204,4.5815,0.3775
TabPFN_Pretrained,V2_ENGINEERED,4,FS_BC_14d_050,EXP_FS_BC_14d,Bacterial Concrete,14,Flexural Strength,False,4.044,4.5815,0.5375
TabPFN_Pretrained,V2_ENGINEERED,4,FS_BC_14d_051,EXP_FS_BC_14d,Bacterial Concrete,14,Flexural Strength,False,3.895,4.5815,0.6865
TabPFN_Pretrained,V2_ENGINEERED,4,FS_BC_14d_052,EXP_FS_BC_14d,Bacterial Concrete,14,Flexural Strength,False,3.901,4.5815,0.6805
TabPFN_Pretrained,V2_ENGINEERED,4,FS_BC_14d_053,EXP_FS_BC_14d,Bacterial Concrete,14,Flexural Strength,False,4.236,4.5815,0.3455
TabPFN_Pretrained,V2_ENGINEERED,4,FS_BC_14d_054,EXP_FS_BC_14d,Bacterial Concrete,14,Flexural Strength,False,4.089,4.5815,0.4925
TabPFN_Pretrained,V2_ENGINEERED,4,FS_BC_14d_055,EXP_FS_BC_14d,Bacterial Concrete,14,Flexural Strength,False,4.266,4.5815,0.3155
TabPFN_Pretrained,V2_ENGINEERED,4,FS_BC_14d_056,EXP_FS_BC_14d,Bacterial Concrete,14,Flexural Strength,False,4.061,4.5815,0.5205
TabPFN_Pretrained,V2_ENGINEERED,4,FS_BC_14d_057,EXP_FS_BC_14d,Bacterial Concrete,14,Flexural Strength,False,4.443,4.5815,0.1385
TabPFN_Pretrained,V2_ENGINEERED,4,FS_BC_14d_058,EXP_FS_BC_14d,Bacterial Concrete,14,Flexural Strength,False,4.336,4.5815,0.2455
TabPFN_Pretrained,V2_ENGINEERED,4,FS_BC_14d_059,EXP_FS_BC_14d,Bacterial Concrete,14,Flexural Strength,False,4.287,4.5815,0.2945
TabPFN_Pretrained,V2_ENGINEERED,4,FS_BC_14d_060,EXP_FS_BC_14d,Bacterial Concrete,14,Flexural Strength,False,3.917,4.5815,0.6645
TabPFN_Pretrained,V2_ENGINEERED,4,FS_BC_14d_061,EXP_FS_BC_14d,Bacterial Concrete,14,Flexural Strength,False,3.931,4.5815,0.6505
TabPFN_Pretrained,V2_ENGINEERED,4,FS_BC_14d_062,EXP_FS_BC_14d,Bacterial Concrete,14,Flexural Strength,False,4.308,4.5815,0.2735
TabPFN_Pretrained,V2_ENGINEERED,4,FS_BC_14d_063,EXP_FS_BC_14d,Bacterial Concrete,14,Flexural Strength,False,4.062,4.5815,0.5195
TabPFN_Pretrained,V2_ENGINEERED,4,FS_BC_14d_064,EXP_FS_BC_14d,Bacterial Concrete,14,Flexural Strength,False,4.564,4.5815,0.0175
TabPFN_Pretrained,V2_ENGINEERED,4,FS_BC_14d_065,EXP_FS_BC_14d,Bacterial Concrete,14,Flexural Strength,False,3.749,4.5815,0.8325
TabPFN_Pretrained,V2_ENGINEERED,4,FS_BC_14d_066,EXP_FS_BC_14d,Bacterial Concrete,14,Flexural Strength,False,4.09,4.5815,0.4915
TabPFN_Pretrained,V2_ENGINEERED,4,FS_BC_14d_067,EXP_FS_BC_14d,Bacterial Concrete,14,Flexural Strength,False,4.581,4.5815,0.0005
TabPFN_Pretrained,V2_ENGINEERED,4,FS_BC_14d_068,EXP_FS_BC_14d,Bacterial Concrete,14,Flexural Strength,False,4.172,4.5815,0.4095
TabPFN_Pretrained,V2_ENGINEERED,4,FS_BC_14d_069,EXP_FS_BC_14d,Bacterial Concrete,14,Flexural Strength,False,4.419,4.5815,0.1625
TabPFN_Pretrained,V2_ENGINEERED,4,FS_BC_14d_070,EXP_FS_BC_14d,Bacterial Concrete,14,Flexural Strength,False,3.82,4.5815,0.7615
TabPFN_Pretrained,V2_ENGINEERED,4,FS_BC_14d_071,EXP_FS_BC_14d,Bacterial Concrete,14,Flexural Strength,False,4.566,4.5815,0.0155
TabPFN_Pretrained,V2_ENGINEERED,4,FS_BC_14d_072,EXP_FS_BC_14d,Bacterial Concrete,14,Flexural Strength,False,4.46,4.5815,0.1215
TabPFN_Pretrained,V2_ENGINEERED,4,FS_BC_14d_073,EXP_FS_BC_14d,Bacterial Concrete,14,Flexural Strength,False,4.23,4.5815,0.3515
TabPFN_Pretrained,V2_ENGINEERED,4,FS_BC_14d_074,EXP_FS_BC_14d,Bacterial Concrete,14,Flexural Strength,False,4.346,4.5815,0.2355
TabPFN_Pretrained,V2_ENGINEERED,4,FS_BC_14d_075,EXP_FS_BC_14d,Bacterial Concrete,14,Flexural Strength,False,4.099,4.5815,0.4825
TabPFN_Pretrained,V2_ENGINEERED,4,FS_BC_14d_076,EXP_FS_BC_14d,Bacterial Concrete,14,Flexural Strength,False,4.379,4.5815,0.2025
TabPFN_Pretrained,V2_ENGINEERED,4,FS_BC_14d_077,EXP_FS_BC_14d,Bacterial Concrete,14,Flexural Strength,False,4.412,4.5815,0.1695
TabPFN_Pretrained,V2_ENGINEERED,4,FS_BC_14d_078,EXP_FS_BC_14d,Bacterial Concrete,14,Flexural Strength,False,4.373,4.5815,0.2085
TabPFN_Pretrained,V2_ENGINEERED,4,FS_BC_14d_079,EXP_FS_BC_14d,Bacterial Concrete,14,Flexural Strength,False,4.207,4.5815,0.3745
TabPFN_Pretrained,V2_ENGINEERED,4,FS_BC_14d_080,EXP_FS_BC_14d,Bacterial Concrete,14,Flexural Strength,False,4.162,4.5815,0.4195
TabPFN_Pretrained,V2_ENGINEERED,4,FS_BC_14d_081,EXP_FS_BC_14d,Bacterial Concrete,14,Flexural Strength,False,3.906,4.5815,0.6755
TabPFN_Pretrained,V2_ENGINEERED,4,FS_BC_14d_082,EXP_FS_BC_14d,Bacterial Concrete,14,Flexural Strength,False,4.141,4.5815,0.4405
TabPFN_Pretrained,V2_ENGINEERED,4,FS_BC_14d_083,EXP_FS_BC_14d,Bacterial Concrete,14,Flexural Strength,False,3.904,4.5815,0.6775
TabPFN_Pretrained,V2_ENGINEERED,4,FS_BC_14d_084,EXP_FS_BC_14d,Bacterial Concrete,14,Flexural Strength,False,4.138,4.5815,0.4435
TabPFN_Pretrained,V2_ENGINEERED,4,FS_BC_14d_085,EXP_FS_BC_14d,Bacterial Concrete,14,Flexural Strength,False,4.127,4.5815,0.4545
TabPFN_Pretrained,V2_ENGINEERED,4,FS_BC_14d_086,EXP_FS_BC_14d,Bacterial Concrete,14,Flexural Strength,False,4.279,4.5815,0.3025
TabPFN_Pretrained,V2_ENGINEERED,4,FS_BC_14d_087,EXP_FS_BC_14d,Bacterial Concrete,14,Flexural Strength,False,4.224,4.5815,0.3575
TabPFN_Pretrained,V2_ENGINEERED,4,FS_BC_14d_088,EXP_FS_BC_14d,Bacterial Concrete,14,Flexural Strength,False,4.0,4.5815,0.5815
TabPFN_Pretrained,V2_ENGINEERED,4,FS_BC_14d_089,EXP_FS_BC_14d,Bacterial Concrete,14,Flexural Strength,False,4.066,4.5815,0.5155
TabPFN_Pretrained,V2_ENGINEERED,4,FS_BC_14d_090,EXP_FS_BC_14d,Bacterial Concrete,14,Flexural Strength,False,4.44,4.5815,0.1415
TabPFN_Pretrained,V2_ENGINEERED,4,FS_BC_14d_091,EXP_FS_BC_14d,Bacterial Concrete,14,Flexural Strength,False,4.111,4.5815,0.4705
TabPFN_Pretrained,V2_ENGINEERED,4,FS_BC_14d_092,EXP_FS_BC_14d,Bacterial Concrete,14,Flexural Strength,False,4.011,4.5815,0.5705
TabPFN_Pretrained,V2_ENGINEERED,4,FS_BC_14d_093,EXP_FS_BC_14d,Bacterial Concrete,14,Flexural Strength,False,3.782,4.5815,0.7995
TabPFN_Pretrained,V2_ENGINEERED,4,FS_BC_14d_094,EXP_FS_BC_14d,Bacterial Concrete,14,Flexural Strength,False,4.658,4.5815,-0.0765
TabPFN_Pretrained,V2_ENGINEERED,4,FS_BC_14d_095,EXP_FS_BC_14d,Bacterial Concrete,14,Flexural Strength,False,4.693,4.5815,-0.1115
TabPFN_Pretrained,V2_ENGINEERED,4,FS_BC_14d_096,EXP_FS_BC_14d,Bacterial Concrete,14,Flexural Strength,False,3.719,4.5815,0.8625
TabPFN_Pretrained,V2_ENGINEERED,4,FS_BC_14d_097,EXP_FS_BC_14d,Bacterial Concrete,14,Flexural Strength,False,3.864,4.5815,0.7175
TabPFN_Pretrained,V2_ENGINEERED,4,FS_BC_14d_098,EXP_FS_BC_14d,Bacterial Concrete,14,Flexural Strength,False,4.19,4.5815,0.3915
TabPFN_Pretrained,V2_ENGINEERED,4,FS_BC_14d_099,EXP_FS_BC_14d,Bacterial Concrete,14,Flexural Strength,False,4.489,4.5815,0.0925
TabPFN_Pretrained,V2_ENGINEERED,4,FS_BC_14d_100,EXP_FS_BC_14d,Bacterial Concrete,14,Flexural Strength,False,4.106,4.5815,0.4755
TabPFN_Pretrained,V2_ENGINEERED,4,TS_NC_14d_001,EXP_TS_NC_14d,Normal Concrete,14,Split Tensile Strength,False,2.296,2.1539,-0.1421
TabPFN_Pretrained,V2_ENGINEERED,4,TS_NC_14d_002,EXP_TS_NC_14d,Normal Concrete,14,Split Tensile Strength,False,1.903,2.1539,0.2509
TabPFN_Pretrained,V2_ENGINEERED,4,TS_NC_14d_003,EXP_TS_NC_14d,Normal Concrete,14,Split Tensile Strength,False,2.307,2.1539,-0.1531
TabPFN_Pretrained,V2_ENGINEERED,4,TS_NC_14d_004,EXP_TS_NC_14d,Normal Concrete,14,Split Tensile Strength,False,2.59,2.1539,-0.4361
TabPFN_Pretrained,V2_ENGINEERED,4,TS_NC_14d_005,EXP_TS_NC_14d,Normal Concrete,14,Split Tensile Strength,False,2.196,2.1539,-0.0421
TabPFN_Pretrained,V2_ENGINEERED,4,TS_NC_14d_006,EXP_TS_NC_14d,Normal Concrete,14,Split Tensile Strength,False,2.205,2.1539,-0.0511
TabPFN_Pretrained,V2_ENGINEERED,4,TS_NC_14d_007,EXP_TS_NC_14d,Normal Concrete,14,Split Tensile Strength,False,2.227,2.1539,-0.0731
TabPFN_Pretrained,V2_ENGINEERED,4,TS_NC_14d_008,EXP_TS_NC_14d,Normal Concrete,14,Split Tensile Strength,False,1.921,2.1539,0.2329
TabPFN_Pretrained,V2_ENGINEERED,4,TS_NC_14d_009,EXP_TS_NC_14d,Normal Concrete,14,Split Tensile Strength,False,2.264,2.1539,-0.1101
TabPFN_Pretrained,V2_ENGINEERED,4,TS_NC_14d_010,EXP_TS_NC_14d,Normal Concrete,14,Split Tensile Strength,False,1.959,2.1539,0.1949
TabPFN_Pretrained,V2_ENGINEERED,4,TS_NC_14d_011,EXP_TS_NC_14d,Normal Concrete,14,Split Tensile Strength,False,2.136,2.1539,0.0179
TabPFN_Pretrained,V2_ENGINEERED,4,TS_NC_14d_012,EXP_TS_NC_14d,Normal Concrete,14,Split Tensile Strength,False,2.386,2.1539,-0.2321
TabPFN_Pretrained,V2_ENGINEERED,4,TS_NC_14d_013,EXP_TS_NC_14d,Normal Concrete,14,Split Tensile Strength,False,2.09,2.1539,0.0639
TabPFN_Pretrained,V2_ENGINEERED,4,TS_NC_14d_014,EXP_TS_NC_14d,Normal Concrete,14,Split Tensile Strength,False,2.275,2.1539,-0.1211
TabPFN_Pretrained,V2_ENGINEERED,4,TS_NC_14d_015,EXP_TS_NC_14d,Normal Concrete,14,Split Tensile Strength,False,2.352,2.1539,-0.1981
TabPFN_Pretrained,V2_ENGINEERED,4,TS_NC_14d_016,EXP_TS_NC_14d,Normal Concrete,14,Split Tensile Strength,False,2.242,2.1539,-0.0881
TabPFN_Pretrained,V2_ENGINEERED,4,TS_NC_14d_017,EXP_TS_NC_14d,Normal Concrete,14,Split Tensile Strength,False,1.994,2.1539,0.1599
TabPFN_Pretrained,V2_ENGINEERED,4,TS_NC_14d_018,EXP_TS_NC_14d,Normal Concrete,14,Split Tensile Strength,False,2.15,2.1539,0.0039
TabPFN_Pretrained,V2_ENGINEERED,4,TS_NC_14d_019,EXP_TS_NC_14d,Normal Concrete,14,Split Tensile Strength,False,2.494,2.1539,-0.3401
TabPFN_Pretrained,V2_ENGINEERED,4,TS_NC_14d_020,EXP_TS_NC_14d,Normal Concrete,14,Split Tensile Strength,False,1.896,2.1539,0.2579
TabPFN_Pretrained,V2_ENGINEERED,4,TS_NC_14d_021,EXP_TS_NC_14d,Normal Concrete,14,Split Tensile Strength,False,2.159,2.1539,-0.0051
TabPFN_Pretrained,V2_ENGINEERED,4,TS_NC_14d_022,EXP_TS_NC_14d,Normal Concrete,14,Split Tensile Strength,False,2.117,2.1539,0.0369
TabPFN_Pretrained,V2_ENGINEERED,4,TS_NC_14d_023,EXP_TS_NC_14d,Normal Concrete,14,Split Tensile Strength,False,2.218,2.1539,-0.0641
TabPFN_Pretrained,V2_ENGINEERED,4,TS_NC_14d_024,EXP_TS_NC_14d,Normal Concrete,14,Split Tensile Strength,False,2.312,2.1539,-0.1581
TabPFN_Pretrained,V2_ENGINEERED,4,TS_NC_14d_025,EXP_TS_NC_14d,Normal Concrete,14,Split Tensile Strength,False,2.441,2.1539,-0.2871
TabPFN_Pretrained,V2_ENGINEERED,4,TS_NC_14d_026,EXP_TS_NC_14d,Normal Concrete,14,Split Tensile Strength,False,2.159,2.1539,-0.0051
TabPFN_Pretrained,V2_ENGINEERED,4,TS_NC_14d_027,EXP_TS_NC_14d,Normal Concrete,14,Split Tensile Strength,False,2.322,2.1539,-0.1681
TabPFN_Pretrained,V2_ENGINEERED,4,TS_NC_14d_028,EXP_TS_NC_14d,Normal Concrete,14,Split Tensile Strength,False,2.275,2.1539,-0.1211
TabPFN_Pretrained,V2_ENGINEERED,4,TS_NC_14d_029,EXP_TS_NC_14d,Normal Concrete,14,Split Tensile Strength,False,2.271,2.1539,-0.1171
TabPFN_Pretrained,V2_ENGINEERED,4,TS_NC_14d_030,EXP_TS_NC_14d,Normal Concrete,14,Split Tensile Strength,False,2.115,2.1539,0.0389
TabPFN_Pretrained,V2_ENGINEERED,4,TS_NC_14d_031,EXP_TS_NC_14d,Normal Concrete,14,Split Tensile Strength,False,2.05,2.1539,0.1039
TabPFN_Pretrained,V2_ENGINEERED,4,TS_NC_14d_032,EXP_TS_NC_14d,Normal Concrete,14,Split Tensile Strength,False,2.035,2.1539,0.1189
TabPFN_Pretrained,V2_ENGINEERED,4,TS_NC_14d_033,EXP_TS_NC_14d,Normal Concrete,14,Split Tensile Strength,False,2.087,2.1539,0.0669
TabPFN_Pretrained,V2_ENGINEERED,4,TS_NC_14d_034,EXP_TS_NC_14d,Normal Concrete,14,Split Tensile Strength,False,2.248,2.1539,-0.0941
TabPFN_Pretrained,V2_ENGINEERED,4,TS_NC_14d_035,EXP_TS_NC_14d,Normal Concrete,14,Split Tensile Strength,False,2.314,2.1539,-0.1601
TabPFN_Pretrained,V2_ENGINEERED,4,TS_NC_14d_036,EXP_TS_NC_14d,Normal Concrete,14,Split Tensile Strength,False,2.249,2.1539,-0.0951
TabPFN_Pretrained,V2_ENGINEERED,4,TS_NC_14d_037,EXP_TS_NC_14d,Normal Concrete,14,Split Tensile Strength,False,2.118,2.1539,0.0359
TabPFN_Pretrained,V2_ENGINEERED,4,TS_NC_14d_038,EXP_TS_NC_14d,Normal Concrete,14,Split Tensile Strength,False,2.471,2.1539,-0.3171
TabPFN_Pretrained,V2_ENGINEERED,4,TS_NC_14d_039,EXP_TS_NC_14d,Normal Concrete,14,Split Tensile Strength,False,2.428,2.1539,-0.2741
TabPFN_Pretrained,V2_ENGINEERED,4,TS_NC_14d_040,EXP_TS_NC_14d,Normal Concrete,14,Split Tensile Strength,False,2.147,2.1539,0.0069
TabPFN_Pretrained,V2_ENGINEERED,4,TS_NC_14d_041,EXP_TS_NC_14d,Normal Concrete,14,Split Tensile Strength,False,2.076,2.1539,0.0779
TabPFN_Pretrained,V2_ENGINEERED,4,TS_NC_14d_042,EXP_TS_NC_14d,Normal Concrete,14,Split Tensile Strength,False,2.22,2.1539,-0.0661
TabPFN_Pretrained,V2_ENGINEERED,4,TS_NC_14d_043,EXP_TS_NC_14d,Normal Concrete,14,Split Tensile Strength,False,2.39,2.1539,-0.2361
TabPFN_Pretrained,V2_ENGINEERED,4,TS_NC_14d_044,EXP_TS_NC_14d,Normal Concrete,14,Split Tensile Strength,False,2.25,2.1539,-0.0961
TabPFN_Pretrained,V2_ENGINEERED,4,TS_NC_14d_045,EXP_TS_NC_14d,Normal Concrete,14,Split Tensile Strength,False,2.283,2.1539,-0.1291
TabPFN_Pretrained,V2_ENGINEERED,4,TS_NC_14d_046,EXP_TS_NC_14d,Normal Concrete,14,Split Tensile Strength,False,2.168,2.1539,-0.0141
TabPFN_Pretrained,V2_ENGINEERED,4,TS_NC_14d_047,EXP_TS_NC_14d,Normal Concrete,14,Split Tensile Strength,False,2.268,2.1539,-0.1141
TabPFN_Pretrained,V2_ENGINEERED,4,TS_NC_14d_048,EXP_TS_NC_14d,Normal Concrete,14,Split Tensile Strength,False,2.432,2.1539,-0.2781
TabPFN_Pretrained,V2_ENGINEERED,4,TS_NC_14d_049,EXP_TS_NC_14d,Normal Concrete,14,Split Tensile Strength,False,2.164,2.1539,-0.0101
TabPFN_Pretrained,V2_ENGINEERED,4,TS_NC_14d_050,EXP_TS_NC_14d,Normal Concrete,14,Split Tensile Strength,False,2.221,2.1539,-0.0671
TabPFN_Pretrained,V2_ENGINEERED,4,TS_NC_14d_051,EXP_TS_NC_14d,Normal Concrete,14,Split Tensile Strength,False,2.238,2.1539,-0.0841
TabPFN_Pretrained,V2_ENGINEERED,4,TS_NC_14d_052,EXP_TS_NC_14d,Normal Concrete,14,Split Tensile Strength,False,2.243,2.1539,-0.0891
TabPFN_Pretrained,V2_ENGINEERED,4,TS_NC_14d_053,EXP_TS_NC_14d,Normal Concrete,14,Split Tensile Strength,False,1.988,2.1539,0.1659
TabPFN_Pretrained,V2_ENGINEERED,4,TS_NC_14d_054,EXP_TS_NC_14d,Normal Concrete,14,Split Tensile Strength,False,1.918,2.1539,0.2359
TabPFN_Pretrained,V2_ENGINEERED,4,TS_NC_14d_055,EXP_TS_NC_14d,Normal Concrete,14,Split Tensile Strength,False,2.047,2.1539,0.1069
TabPFN_Pretrained,V2_ENGINEERED,4,TS_NC_14d_056,EXP_TS_NC_14d,Normal Concrete,14,Split Tensile Strength,False,2.225,2.1539,-0.0711
TabPFN_Pretrained,V2_ENGINEERED,4,TS_NC_14d_057,EXP_TS_NC_14d,Normal Concrete,14,Split Tensile Strength,False,2.283,2.1539,-0.1291
TabPFN_Pretrained,V2_ENGINEERED,4,TS_NC_14d_058,EXP_TS_NC_14d,Normal Concrete,14,Split Tensile Strength,False,2.12,2.1539,0.0339
TabPFN_Pretrained,V2_ENGINEERED,4,TS_NC_14d_059,EXP_TS_NC_14d,Normal Concrete,14,Split Tensile Strength,False,2.407,2.1539,-0.2531
TabPFN_Pretrained,V2_ENGINEERED,4,TS_NC_14d_060,EXP_TS_NC_14d,Normal Concrete,14,Split Tensile Strength,False,2.179,2.1539,-0.0251
TabPFN_Pretrained,V2_ENGINEERED,4,TS_NC_14d_061,EXP_TS_NC_14d,Normal Concrete,14,Split Tensile Strength,False,2.203,2.1539,-0.0491
TabPFN_Pretrained,V2_ENGINEERED,4,TS_NC_14d_062,EXP_TS_NC_14d,Normal Concrete,14,Split Tensile Strength,False,2.171,2.1539,-0.0171
TabPFN_Pretrained,V2_ENGINEERED,4,TS_NC_14d_063,EXP_TS_NC_14d,Normal Concrete,14,Split Tensile Strength,False,2.22,2.1539,-0.0661
TabPFN_Pretrained,V2_ENGINEERED,4,TS_NC_14d_064,EXP_TS_NC_14d,Normal Concrete,14,Split Tensile Strength,False,2.306,2.1539,-0.1521
TabPFN_Pretrained,V2_ENGINEERED,4,TS_NC_14d_065,EXP_TS_NC_14d,Normal Concrete,14,Split Tensile Strength,False,2.3,2.1539,-0.1461
TabPFN_Pretrained,V2_ENGINEERED,4,TS_NC_14d_066,EXP_TS_NC_14d,Normal Concrete,14,Split Tensile Strength,False,2.065,2.1539,0.0889
TabPFN_Pretrained,V2_ENGINEERED,4,TS_NC_14d_067,EXP_TS_NC_14d,Normal Concrete,14,Split Tensile Strength,False,2.429,2.1539,-0.2751
TabPFN_Pretrained,V2_ENGINEERED,4,TS_NC_14d_068,EXP_TS_NC_14d,Normal Concrete,14,Split Tensile Strength,False,2.036,2.1539,0.1179
TabPFN_Pretrained,V2_ENGINEERED,4,TS_NC_14d_069,EXP_TS_NC_14d,Normal Concrete,14,Split Tensile Strength,False,2.212,2.1539,-0.0581
TabPFN_Pretrained,V2_ENGINEERED,4,TS_NC_14d_070,EXP_TS_NC_14d,Normal Concrete,14,Split Tensile Strength,False,2.159,2.1539,-0.0051
TabPFN_Pretrained,V2_ENGINEERED,4,TS_NC_14d_071,EXP_TS_NC_14d,Normal Concrete,14,Split Tensile Strength,False,2.043,2.1539,0.1109
TabPFN_Pretrained,V2_ENGINEERED,4,TS_NC_14d_072,EXP_TS_NC_14d,Normal Concrete,14,Split Tensile Strength,False,2.189,2.1539,-0.0351
TabPFN_Pretrained,V2_ENGINEERED,4,TS_NC_14d_073,EXP_TS_NC_14d,Normal Concrete,14,Split Tensile Strength,False,2.089,2.1539,0.0649
TabPFN_Pretrained,V2_ENGINEERED,4,TS_NC_14d_074,EXP_TS_NC_14d,Normal Concrete,14,Split Tensile Strength,False,2.211,2.1539,-0.0571
TabPFN_Pretrained,V2_ENGINEERED,4,TS_NC_14d_075,EXP_TS_NC_14d,Normal Concrete,14,Split Tensile Strength,False,2.26,2.1539,-0.1061
TabPFN_Pretrained,V2_ENGINEERED,4,TS_NC_14d_076,EXP_TS_NC_14d,Normal Concrete,14,Split Tensile Strength,False,2.421,2.1539,-0.2671
TabPFN_Pretrained,V2_ENGINEERED,4,TS_NC_14d_077,EXP_TS_NC_14d,Normal Concrete,14,Split Tensile Strength,False,2.246,2.1539,-0.0921
TabPFN_Pretrained,V2_ENGINEERED,4,TS_NC_14d_078,EXP_TS_NC_14d,Normal Concrete,14,Split Tensile Strength,False,2.108,2.1539,0.0459
TabPFN_Pretrained,V2_ENGINEERED,4,TS_NC_14d_079,EXP_TS_NC_14d,Normal Concrete,14,Split Tensile Strength,False,2.141,2.1539,0.0129
TabPFN_Pretrained,V2_ENGINEERED,4,TS_NC_14d_080,EXP_TS_NC_14d,Normal Concrete,14,Split Tensile Strength,False,2.221,2.1539,-0.0671
TabPFN_Pretrained,V2_ENGINEERED,4,TS_NC_14d_081,EXP_TS_NC_14d,Normal Concrete,14,Split Tensile Strength,False,2.214,2.1539,-0.0601
TabPFN_Pretrained,V2_ENGINEERED,4,TS_NC_14d_082,EXP_TS_NC_14d,Normal Concrete,14,Split Tensile Strength,False,2.419,2.1539,-0.2651
TabPFN_Pretrained,V2_ENGINEERED,4,TS_NC_14d_083,EXP_TS_NC_14d,Normal Concrete,14,Split Tensile Strength,False,2.409,2.1539,-0.2551
TabPFN_Pretrained,V2_ENGINEERED,4,TS_NC_14d_084,EXP_TS_NC_14d,Normal Concrete,14,Split Tensile Strength,False,2.146,2.1539,0.0079
TabPFN_Pretrained,V2_ENGINEERED,4,TS_NC_14d_085,EXP_TS_NC_14d,Normal Concrete,14,Split Tensile Strength,False,2.118,2.1539,0.0359
TabPFN_Pretrained,V2_ENGINEERED,4,TS_NC_14d_086,EXP_TS_NC_14d,Normal Concrete,14,Split Tensile Strength,False,1.816,2.1539,0.3379
TabPFN_Pretrained,V2_ENGINEERED,4,TS_NC_14d_087,EXP_TS_NC_14d,Normal Concrete,14,Split Tensile Strength,False,2.118,2.1539,0.0359
TabPFN_Pretrained,V2_ENGINEERED,4,TS_NC_14d_088,EXP_TS_NC_14d,Normal Concrete,14,Split Tensile Strength,False,2.053,2.1539,0.1009
TabPFN_Pretrained,V2_ENGINEERED,4,TS_NC_14d_089,EXP_TS_NC_14d,Normal Concrete,14,Split Tensile Strength,False,2.147,2.1539,0.0069
TabPFN_Pretrained,V2_ENGINEERED,4,TS_NC_14d_090,EXP_TS_NC_14d,Normal Concrete,14,Split Tensile Strength,False,2.259,2.1539,-0.1051
TabPFN_Pretrained,V2_ENGINEERED,4,TS_NC_14d_091,EXP_TS_NC_14d,Normal Concrete,14,Split Tensile Strength,False,2.227,2.1539,-0.0731
TabPFN_Pretrained,V2_ENGINEERED,4,TS_NC_14d_092,EXP_TS_NC_14d,Normal Concrete,14,Split Tensile Strength,False,2.196,2.1539,-0.0421
TabPFN_Pretrained,V2_ENGINEERED,4,TS_NC_14d_093,EXP_TS_NC_14d,Normal Concrete,14,Split Tensile Strength,False,2.23,2.1539,-0.0761
TabPFN_Pretrained,V2_ENGINEERED,4,TS_NC_14d_094,EXP_TS_NC_14d,Normal Concrete,14,Split Tensile Strength,False,2.181,2.1539,-0.0271
TabPFN_Pretrained,V2_ENGINEERED,4,TS_NC_14d_095,EXP_TS_NC_14d,Normal Concrete,14,Split Tensile Strength,False,2.23,2.1539,-0.0761
TabPFN_Pretrained,V2_ENGINEERED,4,TS_NC_14d_096,EXP_TS_NC_14d,Normal Concrete,14,Split Tensile Strength,False,1.715,2.1539,0.4389
TabPFN_Pretrained,V2_ENGINEERED,4,TS_NC_14d_097,EXP_TS_NC_14d,Normal Concrete,14,Split Tensile Strength,False,2.16,2.1539,-0.0061
TabPFN_Pretrained,V2_ENGINEERED,4,TS_NC_14d_098,EXP_TS_NC_14d,Normal Concrete,14,Split Tensile Strength,False,2.183,2.1539,-0.0291
TabPFN_Pretrained,V2_ENGINEERED,4,TS_NC_14d_099,EXP_TS_NC_14d,Normal Concrete,14,Split Tensile Strength,False,2.149,2.1539,0.0049
TabPFN_Pretrained,V2_ENGINEERED,4,TS_NC_14d_100,EXP_TS_NC_14d,Normal Concrete,14,Split Tensile Strength,False,2.167,2.1539,-0.0131
TabPFN_Pretrained,V2_ENGINEERED,4,TS_BC_14d_001,EXP_TS_BC_14d,Bacterial Concrete,14,Split Tensile Strength,False,2.606,2.5882,-0.0178
TabPFN_Pretrained,V2_ENGINEERED,4,TS_BC_14d_002,EXP_TS_BC_14d,Bacterial Concrete,14,Split Tensile Strength,False,2.458,2.5882,0.1302
TabPFN_Pretrained,V2_ENGINEERED,4,TS_BC_14d_003,EXP_TS_BC_14d,Bacterial Concrete,14,Split Tensile Strength,False,2.842,2.5882,-0.2538
TabPFN_Pretrained,V2_ENGINEERED,4,TS_BC_14d_004,EXP_TS_BC_14d,Bacterial Concrete,14,Split Tensile Strength,False,2.657,2.5882,-0.0688
TabPFN_Pretrained,V2_ENGINEERED,4,TS_BC_14d_005,EXP_TS_BC_14d,Bacterial Concrete,14,Split Tensile Strength,False,2.562,2.5882,0.0262
TabPFN_Pretrained,V2_ENGINEERED,4,TS_BC_14d_006,EXP_TS_BC_14d,Bacterial Concrete,14,Split Tensile Strength,False,2.716,2.5882,-0.1278
TabPFN_Pretrained,V2_ENGINEERED,4,TS_BC_14d_007,EXP_TS_BC_14d,Bacterial Concrete,14,Split Tensile Strength,False,2.843,2.5882,-0.2548
TabPFN_Pretrained,V2_ENGINEERED,4,TS_BC_14d_008,EXP_TS_BC_14d,Bacterial Concrete,14,Split Tensile Strength,False,2.525,2.5882,0.0632
TabPFN_Pretrained,V2_ENGINEERED,4,TS_BC_14d_009,EXP_TS_BC_14d,Bacterial Concrete,14,Split Tensile Strength,False,2.704,2.5882,-0.1158
TabPFN_Pretrained,V2_ENGINEERED,4,TS_BC_14d_010,EXP_TS_BC_14d,Bacterial Concrete,14,Split Tensile Strength,False,2.891,2.5882,-0.3028
TabPFN_Pretrained,V2_ENGINEERED,4,TS_BC_14d_011,EXP_TS_BC_14d,Bacterial Concrete,14,Split Tensile Strength,False,2.433,2.5882,0.1552
TabPFN_Pretrained,V2_ENGINEERED,4,TS_BC_14d_012,EXP_TS_BC_14d,Bacterial Concrete,14,Split Tensile Strength,False,2.518,2.5882,0.0702
TabPFN_Pretrained,V2_ENGINEERED,4,TS_BC_14d_013,EXP_TS_BC_14d,Bacterial Concrete,14,Split Tensile Strength,False,2.51,2.5882,0.0782
TabPFN_Pretrained,V2_ENGINEERED,4,TS_BC_14d_014,EXP_TS_BC_14d,Bacterial Concrete,14,Split Tensile Strength,False,2.576,2.5882,0.0122
TabPFN_Pretrained,V2_ENGINEERED,4,TS_BC_14d_015,EXP_TS_BC_14d,Bacterial Concrete,14,Split Tensile Strength,False,2.569,2.5882,0.0192
TabPFN_Pretrained,V2_ENGINEERED,4,TS_BC_14d_016,EXP_TS_BC_14d,Bacterial Concrete,14,Split Tensile Strength,False,2.645,2.5882,-0.0568
TabPFN_Pretrained,V2_ENGINEERED,4,TS_BC_14d_017,EXP_TS_BC_14d,Bacterial Concrete,14,Split Tensile Strength,False,2.477,2.5882,0.1112
TabPFN_Pretrained,V2_ENGINEERED,4,TS_BC_14d_018,EXP_TS_BC_14d,Bacterial Concrete,14,Split Tensile Strength,False,2.507,2.5882,0.0812
TabPFN_Pretrained,V2_ENGINEERED,4,TS_BC_14d_019,EXP_TS_BC_14d,Bacterial Concrete,14,Split Tensile Strength,False,2.645,2.5882,-0.0568
TabPFN_Pretrained,V2_ENGINEERED,4,TS_BC_14d_020,EXP_TS_BC_14d,Bacterial Concrete,14,Split Tensile Strength,False,2.623,2.5882,-0.0348
TabPFN_Pretrained,V2_ENGINEERED,4,TS_BC_14d_021,EXP_TS_BC_14d,Bacterial Concrete,14,Split Tensile Strength,False,2.731,2.5882,-0.1428
TabPFN_Pretrained,V2_ENGINEERED,4,TS_BC_14d_022,EXP_TS_BC_14d,Bacterial Concrete,14,Split Tensile Strength,False,2.661,2.5882,-0.0728
TabPFN_Pretrained,V2_ENGINEERED,4,TS_BC_14d_023,EXP_TS_BC_14d,Bacterial Concrete,14,Split Tensile Strength,False,2.716,2.5882,-0.1278
TabPFN_Pretrained,V2_ENGINEERED,4,TS_BC_14d_024,EXP_TS_BC_14d,Bacterial Concrete,14,Split Tensile Strength,False,2.429,2.5882,0.1592
TabPFN_Pretrained,V2_ENGINEERED,4,TS_BC_14d_025,EXP_TS_BC_14d,Bacterial Concrete,14,Split Tensile Strength,False,2.542,2.5882,0.0462
TabPFN_Pretrained,V2_ENGINEERED,4,TS_BC_14d_026,EXP_TS_BC_14d,Bacterial Concrete,14,Split Tensile Strength,False,2.877,2.5882,-0.2888
TabPFN_Pretrained,V2_ENGINEERED,4,TS_BC_14d_027,EXP_TS_BC_14d,Bacterial Concrete,14,Split Tensile Strength,False,2.659,2.5882,-0.0708
TabPFN_Pretrained,V2_ENGINEERED,4,TS_BC_14d_028,EXP_TS_BC_14d,Bacterial Concrete,14,Split Tensile Strength,False,2.712,2.5882,-0.1238
TabPFN_Pretrained,V2_ENGINEERED,4,TS_BC_14d_029,EXP_TS_BC_14d,Bacterial Concrete,14,Split Tensile Strength,False,2.641,2.5882,-0.0528
TabPFN_Pretrained,V2_ENGINEERED,4,TS_BC_14d_030,EXP_TS_BC_14d,Bacterial Concrete,14,Split Tensile Strength,False,2.664,2.5882,-0.0758
TabPFN_Pretrained,V2_ENGINEERED,4,TS_BC_14d_031,EXP_TS_BC_14d,Bacterial Concrete,14,Split Tensile Strength,False,2.565,2.5882,0.0232
TabPFN_Pretrained,V2_ENGINEERED,4,TS_BC_14d_032,EXP_TS_BC_14d,Bacterial Concrete,14,Split Tensile Strength,False,3.136,2.5882,-0.5478
TabPFN_Pretrained,V2_ENGINEERED,4,TS_BC_14d_033,EXP_TS_BC_14d,Bacterial Concrete,14,Split Tensile Strength,False,2.541,2.5882,0.0472
TabPFN_Pretrained,V2_ENGINEERED,4,TS_BC_14d_034,EXP_TS_BC_14d,Bacterial Concrete,14,Split Tensile Strength,False,2.594,2.5882,-0.0058
TabPFN_Pretrained,V2_ENGINEERED,4,TS_BC_14d_035,EXP_TS_BC_14d,Bacterial Concrete,14,Split Tensile Strength,False,2.236,2.5882,0.3522
TabPFN_Pretrained,V2_ENGINEERED,4,TS_BC_14d_036,EXP_TS_BC_14d,Bacterial Concrete,14,Split Tensile Strength,False,2.766,2.5882,-0.1778
TabPFN_Pretrained,V2_ENGINEERED,4,TS_BC_14d_037,EXP_TS_BC_14d,Bacterial Concrete,14,Split Tensile Strength,False,2.517,2.5882,0.0712
TabPFN_Pretrained,V2_ENGINEERED,4,TS_BC_14d_038,EXP_TS_BC_14d,Bacterial Concrete,14,Split Tensile Strength,False,2.591,2.5882,-0.0028
TabPFN_Pretrained,V2_ENGINEERED,4,TS_BC_14d_039,EXP_TS_BC_14d,Bacterial Concrete,14,Split Tensile Strength,False,2.521,2.5882,0.0672
TabPFN_Pretrained,V2_ENGINEERED,4,TS_BC_14d_040,EXP_TS_BC_14d,Bacterial Concrete,14,Split Tensile Strength,False,2.579,2.5882,0.0092
TabPFN_Pretrained,V2_ENGINEERED,4,TS_BC_14d_041,EXP_TS_BC_14d,Bacterial Concrete,14,Split Tensile Strength,False,2.557,2.5882,0.0312
TabPFN_Pretrained,V2_ENGINEERED,4,TS_BC_14d_042,EXP_TS_BC_14d,Bacterial Concrete,14,Split Tensile Strength,False,2.594,2.5882,-0.0058
TabPFN_Pretrained,V2_ENGINEERED,4,TS_BC_14d_043,EXP_TS_BC_14d,Bacterial Concrete,14,Split Tensile Strength,False,2.592,2.5882,-0.0038
TabPFN_Pretrained,V2_ENGINEERED,4,TS_BC_14d_044,EXP_TS_BC_14d,Bacterial Concrete,14,Split Tensile Strength,False,2.577,2.5882,0.0112
TabPFN_Pretrained,V2_ENGINEERED,4,TS_BC_14d_045,EXP_TS_BC_14d,Bacterial Concrete,14,Split Tensile Strength,False,2.575,2.5882,0.0132
TabPFN_Pretrained,V2_ENGINEERED,4,TS_BC_14d_046,EXP_TS_BC_14d,Bacterial Concrete,14,Split Tensile Strength,False,2.796,2.5882,-0.2078
TabPFN_Pretrained,V2_ENGINEERED,4,TS_BC_14d_047,EXP_TS_BC_14d,Bacterial Concrete,14,Split Tensile Strength,False,2.732,2.5882,-0.1438
TabPFN_Pretrained,V2_ENGINEERED,4,TS_BC_14d_048,EXP_TS_BC_14d,Bacterial Concrete,14,Split Tensile Strength,False,2.733,2.5882,-0.1448
TabPFN_Pretrained,V2_ENGINEERED,4,TS_BC_14d_049,EXP_TS_BC_14d,Bacterial Concrete,14,Split Tensile Strength,False,2.49,2.5882,0.0982
TabPFN_Pretrained,V2_ENGINEERED,4,TS_BC_14d_050,EXP_TS_BC_14d,Bacterial Concrete,14,Split Tensile Strength,False,2.789,2.5882,-0.2008
TabPFN_Pretrained,V2_ENGINEERED,4,TS_BC_14d_051,EXP_TS_BC_14d,Bacterial Concrete,14,Split Tensile Strength,False,2.77,2.5882,-0.1818
TabPFN_Pretrained,V2_ENGINEERED,4,TS_BC_14d_052,EXP_TS_BC_14d,Bacterial Concrete,14,Split Tensile Strength,False,2.517,2.5882,0.0712
TabPFN_Pretrained,V2_ENGINEERED,4,TS_BC_14d_053,EXP_TS_BC_14d,Bacterial Concrete,14,Split Tensile Strength,False,2.829,2.5882,-0.2408
TabPFN_Pretrained,V2_ENGINEERED,4,TS_BC_14d_054,EXP_TS_BC_14d,Bacterial Concrete,14,Split Tensile Strength,False,2.498,2.5882,0.0902
TabPFN_Pretrained,V2_ENGINEERED,4,TS_BC_14d_055,EXP_TS_BC_14d,Bacterial Concrete,14,Split Tensile Strength,False,2.324,2.5882,0.2642
TabPFN_Pretrained,V2_ENGINEERED,4,TS_BC_14d_056,EXP_TS_BC_14d,Bacterial Concrete,14,Split Tensile Strength,False,2.765,2.5882,-0.1768
TabPFN_Pretrained,V2_ENGINEERED,4,TS_BC_14d_057,EXP_TS_BC_14d,Bacterial Concrete,14,Split Tensile Strength,False,2.582,2.5882,0.0062
TabPFN_Pretrained,V2_ENGINEERED,4,TS_BC_14d_058,EXP_TS_BC_14d,Bacterial Concrete,14,Split Tensile Strength,False,2.747,2.5882,-0.1588
TabPFN_Pretrained,V2_ENGINEERED,4,TS_BC_14d_059,EXP_TS_BC_14d,Bacterial Concrete,14,Split Tensile Strength,False,2.487,2.5882,0.1012
TabPFN_Pretrained,V2_ENGINEERED,4,TS_BC_14d_060,EXP_TS_BC_14d,Bacterial Concrete,14,Split Tensile Strength,False,2.411,2.5882,0.1772
TabPFN_Pretrained,V2_ENGINEERED,4,TS_BC_14d_061,EXP_TS_BC_14d,Bacterial Concrete,14,Split Tensile Strength,False,2.785,2.5882,-0.1968
TabPFN_Pretrained,V2_ENGINEERED,4,TS_BC_14d_062,EXP_TS_BC_14d,Bacterial Concrete,14,Split Tensile Strength,False,2.389,2.5882,0.1992
TabPFN_Pretrained,V2_ENGINEERED,4,TS_BC_14d_063,EXP_TS_BC_14d,Bacterial Concrete,14,Split Tensile Strength,False,2.366,2.5882,0.2222
TabPFN_Pretrained,V2_ENGINEERED,4,TS_BC_14d_064,EXP_TS_BC_14d,Bacterial Concrete,14,Split Tensile Strength,False,2.311,2.5882,0.2772
TabPFN_Pretrained,V2_ENGINEERED,4,TS_BC_14d_065,EXP_TS_BC_14d,Bacterial Concrete,14,Split Tensile Strength,False,2.181,2.5882,0.4072
TabPFN_Pretrained,V2_ENGINEERED,4,TS_BC_14d_066,EXP_TS_BC_14d,Bacterial Concrete,14,Split Tensile Strength,False,2.444,2.5882,0.1442
TabPFN_Pretrained,V2_ENGINEERED,4,TS_BC_14d_067,EXP_TS_BC_14d,Bacterial Concrete,14,Split Tensile Strength,False,2.275,2.5882,0.3132
TabPFN_Pretrained,V2_ENGINEERED,4,TS_BC_14d_068,EXP_TS_BC_14d,Bacterial Concrete,14,Split Tensile Strength,False,2.595,2.5882,-0.0068
TabPFN_Pretrained,V2_ENGINEERED,4,TS_BC_14d_069,EXP_TS_BC_14d,Bacterial Concrete,14,Split Tensile Strength,False,2.265,2.5882,0.3232
TabPFN_Pretrained,V2_ENGINEERED,4,TS_BC_14d_070,EXP_TS_BC_14d,Bacterial Concrete,14,Split Tensile Strength,False,2.436,2.5882,0.1522
TabPFN_Pretrained,V2_ENGINEERED,4,TS_BC_14d_071,EXP_TS_BC_14d,Bacterial Concrete,14,Split Tensile Strength,False,2.95,2.5882,-0.3618
TabPFN_Pretrained,V2_ENGINEERED,4,TS_BC_14d_072,EXP_TS_BC_14d,Bacterial Concrete,14,Split Tensile Strength,False,2.652,2.5882,-0.0638
TabPFN_Pretrained,V2_ENGINEERED,4,TS_BC_14d_073,EXP_TS_BC_14d,Bacterial Concrete,14,Split Tensile Strength,False,2.608,2.5882,-0.0198
TabPFN_Pretrained,V2_ENGINEERED,4,TS_BC_14d_074,EXP_TS_BC_14d,Bacterial Concrete,14,Split Tensile Strength,False,2.357,2.5882,0.2312
TabPFN_Pretrained,V2_ENGINEERED,4,TS_BC_14d_075,EXP_TS_BC_14d,Bacterial Concrete,14,Split Tensile Strength,False,2.563,2.5882,0.0252
TabPFN_Pretrained,V2_ENGINEERED,4,TS_BC_14d_076,EXP_TS_BC_14d,Bacterial Concrete,14,Split Tensile Strength,False,2.607,2.5882,-0.0188
TabPFN_Pretrained,V2_ENGINEERED,4,TS_BC_14d_077,EXP_TS_BC_14d,Bacterial Concrete,14,Split Tensile Strength,False,2.359,2.5882,0.2292
TabPFN_Pretrained,V2_ENGINEERED,4,TS_BC_14d_078,EXP_TS_BC_14d,Bacterial Concrete,14,Split Tensile Strength,False,2.619,2.5882,-0.0308
TabPFN_Pretrained,V2_ENGINEERED,4,TS_BC_14d_079,EXP_TS_BC_14d,Bacterial Concrete,14,Split Tensile Strength,False,2.779,2.5882,-0.1908
TabPFN_Pretrained,V2_ENGINEERED,4,TS_BC_14d_080,EXP_TS_BC_14d,Bacterial Concrete,14,Split Tensile Strength,False,2.548,2.5882,0.0402
TabPFN_Pretrained,V2_ENGINEERED,4,TS_BC_14d_081,EXP_TS_BC_14d,Bacterial Concrete,14,Split Tensile Strength,False,2.57,2.5882,0.0182
TabPFN_Pretrained,V2_ENGINEERED,4,TS_BC_14d_082,EXP_TS_BC_14d,Bacterial Concrete,14,Split Tensile Strength,False,2.294,2.5882,0.2942
TabPFN_Pretrained,V2_ENGINEERED,4,TS_BC_14d_083,EXP_TS_BC_14d,Bacterial Concrete,14,Split Tensile Strength,False,2.39,2.5882,0.1982
TabPFN_Pretrained,V2_ENGINEERED,4,TS_BC_14d_084,EXP_TS_BC_14d,Bacterial Concrete,14,Split Tensile Strength,False,2.759,2.5882,-0.1708
TabPFN_Pretrained,V2_ENGINEERED,4,TS_BC_14d_085,EXP_TS_BC_14d,Bacterial Concrete,14,Split Tensile Strength,False,2.501,2.5882,0.0872
TabPFN_Pretrained,V2_ENGINEERED,4,TS_BC_14d_086,EXP_TS_BC_14d,Bacterial Concrete,14,Split Tensile Strength,False,2.461,2.5882,0.1272
TabPFN_Pretrained,V2_ENGINEERED,4,TS_BC_14d_087,EXP_TS_BC_14d,Bacterial Concrete,14,Split Tensile Strength,False,2.496,2.5882,0.0922
TabPFN_Pretrained,V2_ENGINEERED,4,TS_BC_14d_088,EXP_TS_BC_14d,Bacterial Concrete,14,Split Tensile Strength,False,2.591,2.5882,-0.0028
TabPFN_Pretrained,V2_ENGINEERED,4,TS_BC_14d_089,EXP_TS_BC_14d,Bacterial Concrete,14,Split Tensile Strength,False,2.426,2.5882,0.1622
TabPFN_Pretrained,V2_ENGINEERED,4,TS_BC_14d_090,EXP_TS_BC_14d,Bacterial Concrete,14,Split Tensile Strength,False,2.619,2.5882,-0.0308
TabPFN_Pretrained,V2_ENGINEERED,4,TS_BC_14d_091,EXP_TS_BC_14d,Bacterial Concrete,14,Split Tensile Strength,False,2.396,2.5882,0.1922
TabPFN_Pretrained,V2_ENGINEERED,4,TS_BC_14d_092,EXP_TS_BC_14d,Bacterial Concrete,14,Split Tensile Strength,False,2.716,2.5882,-0.1278
TabPFN_Pretrained,V2_ENGINEERED,4,TS_BC_14d_093,EXP_TS_BC_14d,Bacterial Concrete,14,Split Tensile Strength,False,2.441,2.5882,0.1472
TabPFN_Pretrained,V2_ENGINEERED,4,TS_BC_14d_094,EXP_TS_BC_14d,Bacterial Concrete,14,Split Tensile Strength,False,2.798,2.5882,-0.2098
TabPFN_Pretrained,V2_ENGINEERED,4,TS_BC_14d_095,EXP_TS_BC_14d,Bacterial Concrete,14,Split Tensile Strength,False,2.598,2.5882,-0.0098
TabPFN_Pretrained,V2_ENGINEERED,4,TS_BC_14d_096,EXP_TS_BC_14d,Bacterial Concrete,14,Split Tensile Strength,False,2.473,2.5882,0.1152
TabPFN_Pretrained,V2_ENGINEERED,4,TS_BC_14d_097,EXP_TS_BC_14d,Bacterial Concrete,14,Split Tensile Strength,False,2.737,2.5882,-0.1488
TabPFN_Pretrained,V2_ENGINEERED,4,TS_BC_14d_098,EXP_TS_BC_14d,Bacterial Concrete,14,Split Tensile Strength,False,2.394,2.5882,0.1942
TabPFN_Pretrained,V2_ENGINEERED,4,TS_BC_14d_099,EXP_TS_BC_14d,Bacterial Concrete,14,Split Tensile Strength,False,2.518,2.5882,0.0702
TabPFN_Pretrained,V2_ENGINEERED,4,TS_BC_14d_100,EXP_TS_BC_14d,Bacterial Concrete,14,Split Tensile Strength,False,2.6,2.5882,-0.0118
TabPFN_Pretrained,V2_ENGINEERED,5,CS_NC_90d_001,EXP_CS_NC_90d,Normal Concrete,90,Compressive Strength,False,34.39,32.8087,-1.5813
TabPFN_Pretrained,V2_ENGINEERED,5,CS_BC_90d_001,EXP_CS_BC_90d,Bacterial Concrete,90,Compressive Strength,False,42.0,37.543,-4.457
TabPFN_Pretrained,V2_ENGINEERED,5,CS_NC_90d_002,EXP_CS_NC_90d,Normal Concrete,90,Compressive Strength,False,35.86,32.8087,-3.0513
TabPFN_Pretrained,V2_ENGINEERED,5,CS_BC_90d_002,EXP_CS_BC_90d,Bacterial Concrete,90,Compressive Strength,False,36.16,37.543,1.383
TabPFN_Pretrained,V2_ENGINEERED,5,CS_NC_90d_003,EXP_CS_NC_90d,Normal Concrete,90,Compressive Strength,False,30.9,32.8087,1.9087
TabPFN_Pretrained,V2_ENGINEERED,5,CS_BC_90d_003,EXP_CS_BC_90d,Bacterial Concrete,90,Compressive Strength,False,43.63,37.543,-6.087
TabPFN_Pretrained,V2_ENGINEERED,5,CS_NC_90d_004,EXP_CS_NC_90d,Normal Concrete,90,Compressive Strength,False,33.84,32.8087,-1.0313
TabPFN_Pretrained,V2_ENGINEERED,5,CS_BC_90d_004,EXP_CS_BC_90d,Bacterial Concrete,90,Compressive Strength,False,40.29,37.543,-2.747
TabPFN_Pretrained,V2_ENGINEERED,5,CS_NC_90d_005,EXP_CS_NC_90d,Normal Concrete,90,Compressive Strength,False,32.02,32.8087,0.7887
TabPFN_Pretrained,V2_ENGINEERED,5,CS_BC_90d_005,EXP_CS_BC_90d,Bacterial Concrete,90,Compressive Strength,False,42.16,37.543,-4.617
TabPFN_Pretrained,V2_ENGINEERED,5,CS_NC_90d_006,EXP_CS_NC_90d,Normal Concrete,90,Compressive Strength,False,32.27,32.8087,0.5387
TabPFN_Pretrained,V2_ENGINEERED,5,CS_BC_90d_006,EXP_CS_BC_90d,Bacterial Concrete,90,Compressive Strength,False,38.94,37.543,-1.397
TabPFN_Pretrained,V2_ENGINEERED,5,CS_NC_90d_007,EXP_CS_NC_90d,Normal Concrete,90,Compressive Strength,False,32.11,32.8087,0.6987
TabPFN_Pretrained,V2_ENGINEERED,5,CS_BC_90d_007,EXP_CS_BC_90d,Bacterial Concrete,90,Compressive Strength,False,41.42,37.543,-3.877
TabPFN_Pretrained,V2_ENGINEERED,5,CS_NC_90d_008,EXP_CS_NC_90d,Normal Concrete,90,Compressive Strength,False,31.7,32.8087,1.1087
TabPFN_Pretrained,V2_ENGINEERED,5,CS_BC_90d_008,EXP_CS_BC_90d,Bacterial Concrete,90,Compressive Strength,False,38.92,37.543,-1.377
TabPFN_Pretrained,V2_ENGINEERED,5,CS_NC_90d_009,EXP_CS_NC_90d,Normal Concrete,90,Compressive Strength,False,33.07,32.8087,-0.2613
TabPFN_Pretrained,V2_ENGINEERED,5,CS_BC_90d_009,EXP_CS_BC_90d,Bacterial Concrete,90,Compressive Strength,False,39.56,37.543,-2.017
TabPFN_Pretrained,V2_ENGINEERED,5,CS_NC_90d_010,EXP_CS_NC_90d,Normal Concrete,90,Compressive Strength,False,31.75,32.8087,1.0587
TabPFN_Pretrained,V2_ENGINEERED,5,CS_BC_90d_010,EXP_CS_BC_90d,Bacterial Concrete,90,Compressive Strength,False,43.37,37.543,-5.827
TabPFN_Pretrained,V2_ENGINEERED,5,CS_NC_90d_011,EXP_CS_NC_90d,Normal Concrete,90,Compressive Strength,False,33.41,32.8087,-0.6013
TabPFN_Pretrained,V2_ENGINEERED,5,CS_BC_90d_011,EXP_CS_BC_90d,Bacterial Concrete,90,Compressive Strength,False,40.21,37.543,-2.667
TabPFN_Pretrained,V2_ENGINEERED,5,CS_NC_90d_012,EXP_CS_NC_90d,Normal Concrete,90,Compressive Strength,False,32.92,32.8087,-0.1113
TabPFN_Pretrained,V2_ENGINEERED,5,CS_BC_90d_012,EXP_CS_BC_90d,Bacterial Concrete,90,Compressive Strength,False,40.83,37.543,-3.287
TabPFN_Pretrained,V2_ENGINEERED,5,CS_NC_90d_013,EXP_CS_NC_90d,Normal Concrete,90,Compressive Strength,False,32.64,32.8087,0.1687
TabPFN_Pretrained,V2_ENGINEERED,5,CS_BC_90d_013,EXP_CS_BC_90d,Bacterial Concrete,90,Compressive Strength,False,41.81,37.543,-4.267
TabPFN_Pretrained,V2_ENGINEERED,5,CS_NC_90d_014,EXP_CS_NC_90d,Normal Concrete,90,Compressive Strength,False,31.64,32.8087,1.1687
TabPFN_Pretrained,V2_ENGINEERED,5,CS_BC_90d_014,EXP_CS_BC_90d,Bacterial Concrete,90,Compressive Strength,False,41.24,37.543,-3.697
TabPFN_Pretrained,V2_ENGINEERED,5,CS_NC_90d_015,EXP_CS_NC_90d,Normal Concrete,90,Compressive Strength,False,32.13,32.8087,0.6787
TabPFN_Pretrained,V2_ENGINEERED,5,CS_BC_90d_015,EXP_CS_BC_90d,Bacterial Concrete,90,Compressive Strength,False,40.73,37.543,-3.187
TabPFN_Pretrained,V2_ENGINEERED,5,CS_NC_90d_016,EXP_CS_NC_90d,Normal Concrete,90,Compressive Strength,False,34.13,32.8087,-1.3213
TabPFN_Pretrained,V2_ENGINEERED,5,CS_BC_90d_016,EXP_CS_BC_90d,Bacterial Concrete,90,Compressive Strength,False,41.05,37.543,-3.507
TabPFN_Pretrained,V2_ENGINEERED,5,CS_NC_90d_017,EXP_CS_NC_90d,Normal Concrete,90,Compressive Strength,False,33.75,32.8087,-0.9413
TabPFN_Pretrained,V2_ENGINEERED,5,CS_BC_90d_017,EXP_CS_BC_90d,Bacterial Concrete,90,Compressive Strength,False,44.11,37.543,-6.567
TabPFN_Pretrained,V2_ENGINEERED,5,CS_NC_90d_018,EXP_CS_NC_90d,Normal Concrete,90,Compressive Strength,False,31.53,32.8087,1.2787
TabPFN_Pretrained,V2_ENGINEERED,5,CS_BC_90d_018,EXP_CS_BC_90d,Bacterial Concrete,90,Compressive Strength,False,40.41,37.543,-2.867
TabPFN_Pretrained,V2_ENGINEERED,5,CS_NC_90d_019,EXP_CS_NC_90d,Normal Concrete,90,Compressive Strength,False,33.15,32.8087,-0.3413
TabPFN_Pretrained,V2_ENGINEERED,5,CS_BC_90d_019,EXP_CS_BC_90d,Bacterial Concrete,90,Compressive Strength,False,40.8,37.543,-3.257
TabPFN_Pretrained,V2_ENGINEERED,5,CS_NC_90d_020,EXP_CS_NC_90d,Normal Concrete,90,Compressive Strength,False,34.13,32.8087,-1.3213
TabPFN_Pretrained,V2_ENGINEERED,5,CS_BC_90d_020,EXP_CS_BC_90d,Bacterial Concrete,90,Compressive Strength,False,42.08,37.543,-4.537
TabPFN_Pretrained,V2_ENGINEERED,5,CS_NC_90d_021,EXP_CS_NC_90d,Normal Concrete,90,Compressive Strength,False,30.5,32.8087,2.3087
TabPFN_Pretrained,V2_ENGINEERED,5,CS_BC_90d_021,EXP_CS_BC_90d,Bacterial Concrete,90,Compressive Strength,False,42.16,37.543,-4.617
TabPFN_Pretrained,V2_ENGINEERED,5,CS_NC_90d_022,EXP_CS_NC_90d,Normal Concrete,90,Compressive Strength,False,33.82,32.8087,-1.0113
TabPFN_Pretrained,V2_ENGINEERED,5,CS_BC_90d_022,EXP_CS_BC_90d,Bacterial Concrete,90,Compressive Strength,False,42.28,37.543,-4.737
TabPFN_Pretrained,V2_ENGINEERED,5,CS_NC_90d_023,EXP_CS_NC_90d,Normal Concrete,90,Compressive Strength,False,32.01,32.8087,0.7987
TabPFN_Pretrained,V2_ENGINEERED,5,CS_BC_90d_023,EXP_CS_BC_90d,Bacterial Concrete,90,Compressive Strength,False,41.46,37.543,-3.917
TabPFN_Pretrained,V2_ENGINEERED,5,CS_NC_90d_024,EXP_CS_NC_90d,Normal Concrete,90,Compressive Strength,False,33.86,32.8087,-1.0513
TabPFN_Pretrained,V2_ENGINEERED,5,CS_BC_90d_024,EXP_CS_BC_90d,Bacterial Concrete,90,Compressive Strength,False,38.79,37.543,-1.247
TabPFN_Pretrained,V2_ENGINEERED,5,CS_NC_90d_025,EXP_CS_NC_90d,Normal Concrete,90,Compressive Strength,False,31.86,32.8087,0.9487
TabPFN_Pretrained,V2_ENGINEERED,5,CS_BC_90d_025,EXP_CS_BC_90d,Bacterial Concrete,90,Compressive Strength,False,42.95,37.543,-5.407
TabPFN_Pretrained,V2_ENGINEERED,5,CS_NC_90d_026,EXP_CS_NC_90d,Normal Concrete,90,Compressive Strength,False,30.29,32.8087,2.5187
TabPFN_Pretrained,V2_ENGINEERED,5,CS_BC_90d_026,EXP_CS_BC_90d,Bacterial Concrete,90,Compressive Strength,False,38.78,37.543,-1.237
TabPFN_Pretrained,V2_ENGINEERED,5,CS_NC_90d_027,EXP_CS_NC_90d,Normal Concrete,90,Compressive Strength,False,30.56,32.8087,2.2487
TabPFN_Pretrained,V2_ENGINEERED,5,CS_BC_90d_027,EXP_CS_BC_90d,Bacterial Concrete,90,Compressive Strength,False,40.95,37.543,-3.407
TabPFN_Pretrained,V2_ENGINEERED,5,CS_NC_90d_028,EXP_CS_NC_90d,Normal Concrete,90,Compressive Strength,False,33.07,32.8087,-0.2613
TabPFN_Pretrained,V2_ENGINEERED,5,CS_BC_90d_028,EXP_CS_BC_90d,Bacterial Concrete,90,Compressive Strength,False,39.37,37.543,-1.827
TabPFN_Pretrained,V2_ENGINEERED,5,CS_NC_90d_029,EXP_CS_NC_90d,Normal Concrete,90,Compressive Strength,False,33.39,32.8087,-0.5813
TabPFN_Pretrained,V2_ENGINEERED,5,CS_BC_90d_029,EXP_CS_BC_90d,Bacterial Concrete,90,Compressive Strength,False,40.4,37.543,-2.857
TabPFN_Pretrained,V2_ENGINEERED,5,CS_NC_90d_030,EXP_CS_NC_90d,Normal Concrete,90,Compressive Strength,False,31.64,32.8087,1.1687
TabPFN_Pretrained,V2_ENGINEERED,5,CS_BC_90d_030,EXP_CS_BC_90d,Bacterial Concrete,90,Compressive Strength,False,40.99,37.543,-3.447
TabPFN_Pretrained,V2_ENGINEERED,5,CS_NC_90d_031,EXP_CS_NC_90d,Normal Concrete,90,Compressive Strength,False,33.96,32.8087,-1.1513
TabPFN_Pretrained,V2_ENGINEERED,5,CS_BC_90d_031,EXP_CS_BC_90d,Bacterial Concrete,90,Compressive Strength,False,40.98,37.543,-3.437
TabPFN_Pretrained,V2_ENGINEERED,5,CS_NC_90d_032,EXP_CS_NC_90d,Normal Concrete,90,Compressive Strength,False,30.51,32.8087,2.2987
TabPFN_Pretrained,V2_ENGINEERED,5,CS_BC_90d_032,EXP_CS_BC_90d,Bacterial Concrete,90,Compressive Strength,False,41.13,37.543,-3.587
TabPFN_Pretrained,V2_ENGINEERED,5,CS_NC_90d_033,EXP_CS_NC_90d,Normal Concrete,90,Compressive Strength,False,32.9,32.8087,-0.0913
TabPFN_Pretrained,V2_ENGINEERED,5,CS_BC_90d_033,EXP_CS_BC_90d,Bacterial Concrete,90,Compressive Strength,False,42.92,37.543,-5.377
TabPFN_Pretrained,V2_ENGINEERED,5,CS_NC_90d_034,EXP_CS_NC_90d,Normal Concrete,90,Compressive Strength,False,31.18,32.8087,1.6287
TabPFN_Pretrained,V2_ENGINEERED,5,CS_BC_90d_034,EXP_CS_BC_90d,Bacterial Concrete,90,Compressive Strength,False,41.18,37.543,-3.637
TabPFN_Pretrained,V2_ENGINEERED,5,CS_NC_90d_035,EXP_CS_NC_90d,Normal Concrete,90,Compressive Strength,False,32.02,32.8087,0.7887
TabPFN_Pretrained,V2_ENGINEERED,5,CS_BC_90d_035,EXP_CS_BC_90d,Bacterial Concrete,90,Compressive Strength,False,40.13,37.543,-2.587
TabPFN_Pretrained,V2_ENGINEERED,5,CS_NC_90d_036,EXP_CS_NC_90d,Normal Concrete,90,Compressive Strength,False,33.07,32.8087,-0.2613
TabPFN_Pretrained,V2_ENGINEERED,5,CS_BC_90d_036,EXP_CS_BC_90d,Bacterial Concrete,90,Compressive Strength,False,41.95,37.543,-4.407
TabPFN_Pretrained,V2_ENGINEERED,5,CS_NC_90d_037,EXP_CS_NC_90d,Normal Concrete,90,Compressive Strength,False,31.71,32.8087,1.0987
TabPFN_Pretrained,V2_ENGINEERED,5,CS_BC_90d_037,EXP_CS_BC_90d,Bacterial Concrete,90,Compressive Strength,False,42.28,37.543,-4.737
TabPFN_Pretrained,V2_ENGINEERED,5,CS_NC_90d_038,EXP_CS_NC_90d,Normal Concrete,90,Compressive Strength,False,32.42,32.8087,0.3887
TabPFN_Pretrained,V2_ENGINEERED,5,CS_BC_90d_038,EXP_CS_BC_90d,Bacterial Concrete,90,Compressive Strength,False,38.66,37.543,-1.117
TabPFN_Pretrained,V2_ENGINEERED,5,CS_NC_90d_039,EXP_CS_NC_90d,Normal Concrete,90,Compressive Strength,False,34.51,32.8087,-1.7013
TabPFN_Pretrained,V2_ENGINEERED,5,CS_BC_90d_039,EXP_CS_BC_90d,Bacterial Concrete,90,Compressive Strength,False,41.4,37.543,-3.857
TabPFN_Pretrained,V2_ENGINEERED,5,CS_NC_90d_040,EXP_CS_NC_90d,Normal Concrete,90,Compressive Strength,False,32.13,32.8087,0.6787
TabPFN_Pretrained,V2_ENGINEERED,5,CS_BC_90d_040,EXP_CS_BC_90d,Bacterial Concrete,90,Compressive Strength,False,41.55,37.543,-4.007
TabPFN_Pretrained,V2_ENGINEERED,5,CS_NC_90d_041,EXP_CS_NC_90d,Normal Concrete,90,Compressive Strength,False,34.25,32.8087,-1.4413
TabPFN_Pretrained,V2_ENGINEERED,5,CS_BC_90d_041,EXP_CS_BC_90d,Bacterial Concrete,90,Compressive Strength,False,40.05,37.543,-2.507
TabPFN_Pretrained,V2_ENGINEERED,5,CS_NC_90d_042,EXP_CS_NC_90d,Normal Concrete,90,Compressive Strength,False,31.31,32.8087,1.4987
TabPFN_Pretrained,V2_ENGINEERED,5,CS_BC_90d_042,EXP_CS_BC_90d,Bacterial Concrete,90,Compressive Strength,False,42.56,37.543,-5.017
TabPFN_Pretrained,V2_ENGINEERED,5,CS_NC_90d_043,EXP_CS_NC_90d,Normal Concrete,90,Compressive Strength,False,33.79,32.8087,-0.9813
TabPFN_Pretrained,V2_ENGINEERED,5,CS_BC_90d_043,EXP_CS_BC_90d,Bacterial Concrete,90,Compressive Strength,False,40.27,37.543,-2.727
TabPFN_Pretrained,V2_ENGINEERED,5,CS_NC_90d_044,EXP_CS_NC_90d,Normal Concrete,90,Compressive Strength,False,35.16,32.8087,-2.3513
TabPFN_Pretrained,V2_ENGINEERED,5,CS_BC_90d_044,EXP_CS_BC_90d,Bacterial Concrete,90,Compressive Strength,False,40.69,37.543,-3.147
TabPFN_Pretrained,V2_ENGINEERED,5,CS_NC_90d_045,EXP_CS_NC_90d,Normal Concrete,90,Compressive Strength,False,29.29,32.8087,3.5187
TabPFN_Pretrained,V2_ENGINEERED,5,CS_BC_90d_045,EXP_CS_BC_90d,Bacterial Concrete,90,Compressive Strength,False,40.24,37.543,-2.697
TabPFN_Pretrained,V2_ENGINEERED,5,CS_NC_90d_046,EXP_CS_NC_90d,Normal Concrete,90,Compressive Strength,False,31.8,32.8087,1.0087
TabPFN_Pretrained,V2_ENGINEERED,5,CS_BC_90d_046,EXP_CS_BC_90d,Bacterial Concrete,90,Compressive Strength,False,40.52,37.543,-2.977
TabPFN_Pretrained,V2_ENGINEERED,5,CS_NC_90d_047,EXP_CS_NC_90d,Normal Concrete,90,Compressive Strength,False,33.87,32.8087,-1.0613
TabPFN_Pretrained,V2_ENGINEERED,5,CS_BC_90d_047,EXP_CS_BC_90d,Bacterial Concrete,90,Compressive Strength,False,38.86,37.543,-1.317
TabPFN_Pretrained,V2_ENGINEERED,5,CS_NC_90d_048,EXP_CS_NC_90d,Normal Concrete,90,Compressive Strength,False,32.7,32.8087,0.1087
TabPFN_Pretrained,V2_ENGINEERED,5,CS_BC_90d_048,EXP_CS_BC_90d,Bacterial Concrete,90,Compressive Strength,False,38.34,37.543,-0.797
TabPFN_Pretrained,V2_ENGINEERED,5,CS_NC_90d_049,EXP_CS_NC_90d,Normal Concrete,90,Compressive Strength,False,33.56,32.8087,-0.7513
TabPFN_Pretrained,V2_ENGINEERED,5,CS_BC_90d_049,EXP_CS_BC_90d,Bacterial Concrete,90,Compressive Strength,False,42.89,37.543,-5.347
TabPFN_Pretrained,V2_ENGINEERED,5,CS_NC_90d_050,EXP_CS_NC_90d,Normal Concrete,90,Compressive Strength,False,32.09,32.8087,0.7187
TabPFN_Pretrained,V2_ENGINEERED,5,CS_BC_90d_050,EXP_CS_BC_90d,Bacterial Concrete,90,Compressive Strength,False,39.23,37.543,-1.687
TabPFN_Pretrained,V2_ENGINEERED,5,CS_NC_90d_051,EXP_CS_NC_90d,Normal Concrete,90,Compressive Strength,False,33.13,32.8087,-0.3213
TabPFN_Pretrained,V2_ENGINEERED,5,CS_BC_90d_051,EXP_CS_BC_90d,Bacterial Concrete,90,Compressive Strength,False,39.01,37.543,-1.467
TabPFN_Pretrained,V2_ENGINEERED,5,CS_NC_90d_052,EXP_CS_NC_90d,Normal Concrete,90,Compressive Strength,False,32.77,32.8087,0.0387
TabPFN_Pretrained,V2_ENGINEERED,5,CS_BC_90d_052,EXP_CS_BC_90d,Bacterial Concrete,90,Compressive Strength,False,37.27,37.543,0.273
TabPFN_Pretrained,V2_ENGINEERED,5,CS_NC_90d_053,EXP_CS_NC_90d,Normal Concrete,90,Compressive Strength,False,34.75,32.8087,-1.9413
TabPFN_Pretrained,V2_ENGINEERED,5,CS_BC_90d_053,EXP_CS_BC_90d,Bacterial Concrete,90,Compressive Strength,False,39.54,37.543,-1.997
TabPFN_Pretrained,V2_ENGINEERED,5,CS_NC_90d_054,EXP_CS_NC_90d,Normal Concrete,90,Compressive Strength,False,33.38,32.8087,-0.5713
TabPFN_Pretrained,V2_ENGINEERED,5,CS_BC_90d_054,EXP_CS_BC_90d,Bacterial Concrete,90,Compressive Strength,False,38.52,37.543,-0.977
TabPFN_Pretrained,V2_ENGINEERED,5,CS_NC_90d_055,EXP_CS_NC_90d,Normal Concrete,90,Compressive Strength,False,33.51,32.8087,-0.7013
TabPFN_Pretrained,V2_ENGINEERED,5,CS_BC_90d_055,EXP_CS_BC_90d,Bacterial Concrete,90,Compressive Strength,False,42.96,37.543,-5.417
TabPFN_Pretrained,V2_ENGINEERED,5,CS_NC_90d_056,EXP_CS_NC_90d,Normal Concrete,90,Compressive Strength,False,32.38,32.8087,0.4287
TabPFN_Pretrained,V2_ENGINEERED,5,CS_BC_90d_056,EXP_CS_BC_90d,Bacterial Concrete,90,Compressive Strength,False,42.01,37.543,-4.467
TabPFN_Pretrained,V2_ENGINEERED,5,CS_NC_90d_057,EXP_CS_NC_90d,Normal Concrete,90,Compressive Strength,False,32.27,32.8087,0.5387
TabPFN_Pretrained,V2_ENGINEERED,5,CS_BC_90d_057,EXP_CS_BC_90d,Bacterial Concrete,90,Compressive Strength,False,39.47,37.543,-1.927
TabPFN_Pretrained,V2_ENGINEERED,5,CS_NC_90d_058,EXP_CS_NC_90d,Normal Concrete,90,Compressive Strength,False,32.35,32.8087,0.4587
TabPFN_Pretrained,V2_ENGINEERED,5,CS_BC_90d_058,EXP_CS_BC_90d,Bacterial Concrete,90,Compressive Strength,False,43.88,37.543,-6.337
TabPFN_Pretrained,V2_ENGINEERED,5,CS_NC_90d_059,EXP_CS_NC_90d,Normal Concrete,90,Compressive Strength,False,33.59,32.8087,-0.7813
TabPFN_Pretrained,V2_ENGINEERED,5,CS_BC_90d_059,EXP_CS_BC_90d,Bacterial Concrete,90,Compressive Strength,False,41.97,37.543,-4.427
TabPFN_Pretrained,V2_ENGINEERED,5,CS_NC_90d_060,EXP_CS_NC_90d,Normal Concrete,90,Compressive Strength,False,32.37,32.8087,0.4387
TabPFN_Pretrained,V2_ENGINEERED,5,CS_BC_90d_060,EXP_CS_BC_90d,Bacterial Concrete,90,Compressive Strength,False,40.01,37.543,-2.467
TabPFN_Pretrained,V2_ENGINEERED,5,CS_NC_90d_061,EXP_CS_NC_90d,Normal Concrete,90,Compressive Strength,False,33.43,32.8087,-0.6213
TabPFN_Pretrained,V2_ENGINEERED,5,CS_BC_90d_061,EXP_CS_BC_90d,Bacterial Concrete,90,Compressive Strength,False,36.75,37.543,0.793
TabPFN_Pretrained,V2_ENGINEERED,5,CS_NC_90d_062,EXP_CS_NC_90d,Normal Concrete,90,Compressive Strength,False,36.11,32.8087,-3.3013
TabPFN_Pretrained,V2_ENGINEERED,5,CS_BC_90d_062,EXP_CS_BC_90d,Bacterial Concrete,90,Compressive Strength,False,43.94,37.543,-6.397
TabPFN_Pretrained,V2_ENGINEERED,5,CS_NC_90d_063,EXP_CS_NC_90d,Normal Concrete,90,Compressive Strength,False,34.31,32.8087,-1.5013
TabPFN_Pretrained,V2_ENGINEERED,5,CS_BC_90d_063,EXP_CS_BC_90d,Bacterial Concrete,90,Compressive Strength,False,38.42,37.543,-0.877
TabPFN_Pretrained,V2_ENGINEERED,5,CS_NC_90d_064,EXP_CS_NC_90d,Normal Concrete,90,Compressive Strength,False,32.51,32.8087,0.2987
TabPFN_Pretrained,V2_ENGINEERED,5,CS_BC_90d_064,EXP_CS_BC_90d,Bacterial Concrete,90,Compressive Strength,False,38.03,37.543,-0.487
TabPFN_Pretrained,V2_ENGINEERED,5,CS_NC_90d_065,EXP_CS_NC_90d,Normal Concrete,90,Compressive Strength,False,34.8,32.8087,-1.9913
TabPFN_Pretrained,V2_ENGINEERED,5,CS_BC_90d_065,EXP_CS_BC_90d,Bacterial Concrete,90,Compressive Strength,False,42.03,37.543,-4.487
TabPFN_Pretrained,V2_ENGINEERED,5,CS_NC_90d_066,EXP_CS_NC_90d,Normal Concrete,90,Compressive Strength,False,32.39,32.8087,0.4187
TabPFN_Pretrained,V2_ENGINEERED,5,CS_BC_90d_066,EXP_CS_BC_90d,Bacterial Concrete,90,Compressive Strength,False,44.16,37.543,-6.617
TabPFN_Pretrained,V2_ENGINEERED,5,CS_NC_90d_067,EXP_CS_NC_90d,Normal Concrete,90,Compressive Strength,False,29.94,32.8087,2.8687
TabPFN_Pretrained,V2_ENGINEERED,5,CS_BC_90d_067,EXP_CS_BC_90d,Bacterial Concrete,90,Compressive Strength,False,42.58,37.543,-5.037
TabPFN_Pretrained,V2_ENGINEERED,5,CS_NC_90d_068,EXP_CS_NC_90d,Normal Concrete,90,Compressive Strength,False,31.49,32.8087,1.3187
TabPFN_Pretrained,V2_ENGINEERED,5,CS_BC_90d_068,EXP_CS_BC_90d,Bacterial Concrete,90,Compressive Strength,False,41.35,37.543,-3.807
TabPFN_Pretrained,V2_ENGINEERED,5,CS_NC_90d_069,EXP_CS_NC_90d,Normal Concrete,90,Compressive Strength,False,30.19,32.8087,2.6187
TabPFN_Pretrained,V2_ENGINEERED,5,CS_BC_90d_069,EXP_CS_BC_90d,Bacterial Concrete,90,Compressive Strength,False,41.39,37.543,-3.847
TabPFN_Pretrained,V2_ENGINEERED,5,CS_NC_90d_070,EXP_CS_NC_90d,Normal Concrete,90,Compressive Strength,False,32.47,32.8087,0.3387
TabPFN_Pretrained,V2_ENGINEERED,5,CS_BC_90d_070,EXP_CS_BC_90d,Bacterial Concrete,90,Compressive Strength,False,41.78,37.543,-4.237
TabPFN_Pretrained,V2_ENGINEERED,5,CS_NC_90d_071,EXP_CS_NC_90d,Normal Concrete,90,Compressive Strength,False,33.03,32.8087,-0.2213
TabPFN_Pretrained,V2_ENGINEERED,5,CS_BC_90d_071,EXP_CS_BC_90d,Bacterial Concrete,90,Compressive Strength,False,41.64,37.543,-4.097
TabPFN_Pretrained,V2_ENGINEERED,5,CS_NC_90d_072,EXP_CS_NC_90d,Normal Concrete,90,Compressive Strength,False,35.51,32.8087,-2.7013
TabPFN_Pretrained,V2_ENGINEERED,5,CS_BC_90d_072,EXP_CS_BC_90d,Bacterial Concrete,90,Compressive Strength,False,40.92,37.543,-3.377
TabPFN_Pretrained,V2_ENGINEERED,5,CS_NC_90d_073,EXP_CS_NC_90d,Normal Concrete,90,Compressive Strength,False,33.49,32.8087,-0.6813
TabPFN_Pretrained,V2_ENGINEERED,5,CS_BC_90d_073,EXP_CS_BC_90d,Bacterial Concrete,90,Compressive Strength,False,40.66,37.543,-3.117
TabPFN_Pretrained,V2_ENGINEERED,5,CS_NC_90d_074,EXP_CS_NC_90d,Normal Concrete,90,Compressive Strength,False,32.67,32.8087,0.1387
TabPFN_Pretrained,V2_ENGINEERED,5,CS_BC_90d_074,EXP_CS_BC_90d,Bacterial Concrete,90,Compressive Strength,False,40.41,37.543,-2.867
TabPFN_Pretrained,V2_ENGINEERED,5,CS_NC_90d_075,EXP_CS_NC_90d,Normal Concrete,90,Compressive Strength,False,34.24,32.8087,-1.4313
TabPFN_Pretrained,V2_ENGINEERED,5,CS_BC_90d_075,EXP_CS_BC_90d,Bacterial Concrete,90,Compressive Strength,False,39.37,37.543,-1.827
TabPFN_Pretrained,V2_ENGINEERED,5,CS_NC_90d_076,EXP_CS_NC_90d,Normal Concrete,90,Compressive Strength,False,29.68,32.8087,3.1287
TabPFN_Pretrained,V2_ENGINEERED,5,CS_BC_90d_076,EXP_CS_BC_90d,Bacterial Concrete,90,Compressive Strength,False,40.08,37.543,-2.537
TabPFN_Pretrained,V2_ENGINEERED,5,CS_NC_90d_077,EXP_CS_NC_90d,Normal Concrete,90,Compressive Strength,False,33.35,32.8087,-0.5413
TabPFN_Pretrained,V2_ENGINEERED,5,CS_BC_90d_077,EXP_CS_BC_90d,Bacterial Concrete,90,Compressive Strength,False,37.96,37.543,-0.417
TabPFN_Pretrained,V2_ENGINEERED,5,CS_NC_90d_078,EXP_CS_NC_90d,Normal Concrete,90,Compressive Strength,False,34.16,32.8087,-1.3513
TabPFN_Pretrained,V2_ENGINEERED,5,CS_BC_90d_078,EXP_CS_BC_90d,Bacterial Concrete,90,Compressive Strength,False,40.35,37.543,-2.807
TabPFN_Pretrained,V2_ENGINEERED,5,CS_NC_90d_079,EXP_CS_NC_90d,Normal Concrete,90,Compressive Strength,False,30.78,32.8087,2.0287
TabPFN_Pretrained,V2_ENGINEERED,5,CS_BC_90d_079,EXP_CS_BC_90d,Bacterial Concrete,90,Compressive Strength,False,39.02,37.543,-1.477
TabPFN_Pretrained,V2_ENGINEERED,5,CS_NC_90d_080,EXP_CS_NC_90d,Normal Concrete,90,Compressive Strength,False,34.72,32.8087,-1.9113
TabPFN_Pretrained,V2_ENGINEERED,5,CS_BC_90d_080,EXP_CS_BC_90d,Bacterial Concrete,90,Compressive Strength,False,38.84,37.543,-1.297
TabPFN_Pretrained,V2_ENGINEERED,5,CS_NC_90d_081,EXP_CS_NC_90d,Normal Concrete,90,Compressive Strength,False,33.51,32.8087,-0.7013
TabPFN_Pretrained,V2_ENGINEERED,5,CS_BC_90d_081,EXP_CS_BC_90d,Bacterial Concrete,90,Compressive Strength,False,40.77,37.543,-3.227
TabPFN_Pretrained,V2_ENGINEERED,5,CS_NC_90d_082,EXP_CS_NC_90d,Normal Concrete,90,Compressive Strength,False,32.38,32.8087,0.4287
TabPFN_Pretrained,V2_ENGINEERED,5,CS_BC_90d_082,EXP_CS_BC_90d,Bacterial Concrete,90,Compressive Strength,False,42.59,37.543,-5.047
TabPFN_Pretrained,V2_ENGINEERED,5,CS_NC_90d_083,EXP_CS_NC_90d,Normal Concrete,90,Compressive Strength,False,33.95,32.8087,-1.1413
TabPFN_Pretrained,V2_ENGINEERED,5,CS_BC_90d_083,EXP_CS_BC_90d,Bacterial Concrete,90,Compressive Strength,False,41.88,37.543,-4.337
TabPFN_Pretrained,V2_ENGINEERED,5,CS_NC_90d_084,EXP_CS_NC_90d,Normal Concrete,90,Compressive Strength,False,36.41,32.8087,-3.6013
TabPFN_Pretrained,V2_ENGINEERED,5,CS_BC_90d_084,EXP_CS_BC_90d,Bacterial Concrete,90,Compressive Strength,False,38.14,37.543,-0.597
TabPFN_Pretrained,V2_ENGINEERED,5,CS_NC_90d_085,EXP_CS_NC_90d,Normal Concrete,90,Compressive Strength,False,33.27,32.8087,-0.4613
TabPFN_Pretrained,V2_ENGINEERED,5,CS_BC_90d_085,EXP_CS_BC_90d,Bacterial Concrete,90,Compressive Strength,False,39.02,37.543,-1.477
TabPFN_Pretrained,V2_ENGINEERED,5,CS_NC_90d_086,EXP_CS_NC_90d,Normal Concrete,90,Compressive Strength,False,33.37,32.8087,-0.5613
TabPFN_Pretrained,V2_ENGINEERED,5,CS_BC_90d_086,EXP_CS_BC_90d,Bacterial Concrete,90,Compressive Strength,False,41.91,37.543,-4.367
TabPFN_Pretrained,V2_ENGINEERED,5,CS_NC_90d_087,EXP_CS_NC_90d,Normal Concrete,90,Compressive Strength,False,32.31,32.8087,0.4987
TabPFN_Pretrained,V2_ENGINEERED,5,CS_BC_90d_087,EXP_CS_BC_90d,Bacterial Concrete,90,Compressive Strength,False,39.03,37.543,-1.487
TabPFN_Pretrained,V2_ENGINEERED,5,CS_NC_90d_088,EXP_CS_NC_90d,Normal Concrete,90,Compressive Strength,False,31.73,32.8087,1.0787
TabPFN_Pretrained,V2_ENGINEERED,5,CS_BC_90d_088,EXP_CS_BC_90d,Bacterial Concrete,90,Compressive Strength,False,40.16,37.543,-2.617
TabPFN_Pretrained,V2_ENGINEERED,5,CS_NC_90d_089,EXP_CS_NC_90d,Normal Concrete,90,Compressive Strength,False,34.25,32.8087,-1.4413
TabPFN_Pretrained,V2_ENGINEERED,5,CS_BC_90d_089,EXP_CS_BC_90d,Bacterial Concrete,90,Compressive Strength,False,41.33,37.543,-3.787
TabPFN_Pretrained,V2_ENGINEERED,5,CS_NC_90d_090,EXP_CS_NC_90d,Normal Concrete,90,Compressive Strength,False,31.72,32.8087,1.0887
TabPFN_Pretrained,V2_ENGINEERED,5,CS_BC_90d_090,EXP_CS_BC_90d,Bacterial Concrete,90,Compressive Strength,False,39.05,37.543,-1.507
TabPFN_Pretrained,V2_ENGINEERED,5,CS_NC_90d_091,EXP_CS_NC_90d,Normal Concrete,90,Compressive Strength,False,33.11,32.8087,-0.3013
TabPFN_Pretrained,V2_ENGINEERED,5,CS_BC_90d_091,EXP_CS_BC_90d,Bacterial Concrete,90,Compressive Strength,False,40.66,37.543,-3.117
TabPFN_Pretrained,V2_ENGINEERED,5,CS_NC_90d_092,EXP_CS_NC_90d,Normal Concrete,90,Compressive Strength,False,32.28,32.8087,0.5287
TabPFN_Pretrained,V2_ENGINEERED,5,CS_BC_90d_092,EXP_CS_BC_90d,Bacterial Concrete,90,Compressive Strength,False,38.5,37.543,-0.957
TabPFN_Pretrained,V2_ENGINEERED,5,CS_NC_90d_093,EXP_CS_NC_90d,Normal Concrete,90,Compressive Strength,False,33.72,32.8087,-0.9113
TabPFN_Pretrained,V2_ENGINEERED,5,CS_BC_90d_093,EXP_CS_BC_90d,Bacterial Concrete,90,Compressive Strength,False,39.6,37.543,-2.057
TabPFN_Pretrained,V2_ENGINEERED,5,CS_NC_90d_094,EXP_CS_NC_90d,Normal Concrete,90,Compressive Strength,False,33.5,32.8087,-0.6913
TabPFN_Pretrained,V2_ENGINEERED,5,CS_BC_90d_094,EXP_CS_BC_90d,Bacterial Concrete,90,Compressive Strength,False,40.98,37.543,-3.437
TabPFN_Pretrained,V2_ENGINEERED,5,CS_NC_90d_095,EXP_CS_NC_90d,Normal Concrete,90,Compressive Strength,False,34.56,32.8087,-1.7513
TabPFN_Pretrained,V2_ENGINEERED,5,CS_BC_90d_095,EXP_CS_BC_90d,Bacterial Concrete,90,Compressive Strength,False,38.11,37.543,-0.567
TabPFN_Pretrained,V2_ENGINEERED,5,CS_NC_90d_096,EXP_CS_NC_90d,Normal Concrete,90,Compressive Strength,False,32.23,32.8087,0.5787
TabPFN_Pretrained,V2_ENGINEERED,5,CS_BC_90d_096,EXP_CS_BC_90d,Bacterial Concrete,90,Compressive Strength,False,41.16,37.543,-3.617
TabPFN_Pretrained,V2_ENGINEERED,5,CS_NC_90d_097,EXP_CS_NC_90d,Normal Concrete,90,Compressive Strength,False,32.6,32.8087,0.2087
TabPFN_Pretrained,V2_ENGINEERED,5,CS_BC_90d_097,EXP_CS_BC_90d,Bacterial Concrete,90,Compressive Strength,False,40.47,37.543,-2.927
TabPFN_Pretrained,V2_ENGINEERED,5,CS_NC_90d_098,EXP_CS_NC_90d,Normal Concrete,90,Compressive Strength,False,31.53,32.8087,1.2787
TabPFN_Pretrained,V2_ENGINEERED,5,CS_BC_90d_098,EXP_CS_BC_90d,Bacterial Concrete,90,Compressive Strength,False,41.33,37.543,-3.787
TabPFN_Pretrained,V2_ENGINEERED,5,CS_NC_90d_099,EXP_CS_NC_90d,Normal Concrete,90,Compressive Strength,False,32.33,32.8087,0.4787
TabPFN_Pretrained,V2_ENGINEERED,5,CS_BC_90d_099,EXP_CS_BC_90d,Bacterial Concrete,90,Compressive Strength,False,40.84,37.543,-3.297
TabPFN_Pretrained,V2_ENGINEERED,5,CS_NC_90d_100,EXP_CS_NC_90d,Normal Concrete,90,Compressive Strength,False,33.57,32.8087,-0.7613
TabPFN_Pretrained,V2_ENGINEERED,5,CS_BC_90d_100,EXP_CS_BC_90d,Bacterial Concrete,90,Compressive Strength,False,42.55,37.543,-5.007
TabPFN_Pretrained,V2_ENGINEERED,5,FS_NC_07d_001,EXP_FS_NC_07d,Normal Concrete,7,Flexural Strength,False,3.043,3.7402,0.6972
TabPFN_Pretrained,V2_ENGINEERED,5,FS_NC_07d_002,EXP_FS_NC_07d,Normal Concrete,7,Flexural Strength,False,3.409,3.7402,0.3312
TabPFN_Pretrained,V2_ENGINEERED,5,FS_NC_07d_003,EXP_FS_NC_07d,Normal Concrete,7,Flexural Strength,False,3.009,3.7402,0.7312
TabPFN_Pretrained,V2_ENGINEERED,5,FS_NC_07d_004,EXP_FS_NC_07d,Normal Concrete,7,Flexural Strength,False,2.779,3.7402,0.9612
TabPFN_Pretrained,V2_ENGINEERED,5,FS_NC_07d_005,EXP_FS_NC_07d,Normal Concrete,7,Flexural Strength,False,2.714,3.7402,1.0262
TabPFN_Pretrained,V2_ENGINEERED,5,FS_NC_07d_006,EXP_FS_NC_07d,Normal Concrete,7,Flexural Strength,False,2.845,3.7402,0.8952
TabPFN_Pretrained,V2_ENGINEERED,5,FS_NC_07d_007,EXP_FS_NC_07d,Normal Concrete,7,Flexural Strength,False,2.663,3.7402,1.0772
TabPFN_Pretrained,V2_ENGINEERED,5,FS_NC_07d_008,EXP_FS_NC_07d,Normal Concrete,7,Flexural Strength,False,2.795,3.7402,0.9452
TabPFN_Pretrained,V2_ENGINEERED,5,FS_NC_07d_009,EXP_FS_NC_07d,Normal Concrete,7,Flexural Strength,False,2.966,3.7402,0.7742
TabPFN_Pretrained,V2_ENGINEERED,5,FS_NC_07d_010,EXP_FS_NC_07d,Normal Concrete,7,Flexural Strength,False,3.4,3.7402,0.3402
TabPFN_Pretrained,V2_ENGINEERED,5,FS_NC_07d_011,EXP_FS_NC_07d,Normal Concrete,7,Flexural Strength,False,2.929,3.7402,0.8112
TabPFN_Pretrained,V2_ENGINEERED,5,FS_NC_07d_012,EXP_FS_NC_07d,Normal Concrete,7,Flexural Strength,False,2.873,3.7402,0.8672
TabPFN_Pretrained,V2_ENGINEERED,5,FS_NC_07d_013,EXP_FS_NC_07d,Normal Concrete,7,Flexural Strength,False,3.017,3.7402,0.7232
TabPFN_Pretrained,V2_ENGINEERED,5,FS_NC_07d_014,EXP_FS_NC_07d,Normal Concrete,7,Flexural Strength,False,3.363,3.7402,0.3772
TabPFN_Pretrained,V2_ENGINEERED,5,FS_NC_07d_015,EXP_FS_NC_07d,Normal Concrete,7,Flexural Strength,False,2.59,3.7402,1.1502
TabPFN_Pretrained,V2_ENGINEERED,5,FS_NC_07d_016,EXP_FS_NC_07d,Normal Concrete,7,Flexural Strength,False,2.922,3.7402,0.8182
TabPFN_Pretrained,V2_ENGINEERED,5,FS_NC_07d_017,EXP_FS_NC_07d,Normal Concrete,7,Flexural Strength,False,2.782,3.7402,0.9582
TabPFN_Pretrained,V2_ENGINEERED,5,FS_NC_07d_018,EXP_FS_NC_07d,Normal Concrete,7,Flexural Strength,False,2.886,3.7402,0.8542
TabPFN_Pretrained,V2_ENGINEERED,5,FS_NC_07d_019,EXP_FS_NC_07d,Normal Concrete,7,Flexural Strength,False,2.969,3.7402,0.7712
TabPFN_Pretrained,V2_ENGINEERED,5,FS_NC_07d_020,EXP_FS_NC_07d,Normal Concrete,7,Flexural Strength,False,2.887,3.7402,0.8532
TabPFN_Pretrained,V2_ENGINEERED,5,FS_NC_07d_021,EXP_FS_NC_07d,Normal Concrete,7,Flexural Strength,False,2.727,3.7402,1.0132
TabPFN_Pretrained,V2_ENGINEERED,5,FS_NC_07d_022,EXP_FS_NC_07d,Normal Concrete,7,Flexural Strength,False,2.659,3.7402,1.0812
TabPFN_Pretrained,V2_ENGINEERED,5,FS_NC_07d_023,EXP_FS_NC_07d,Normal Concrete,7,Flexural Strength,False,2.959,3.7402,0.7812
TabPFN_Pretrained,V2_ENGINEERED,5,FS_NC_07d_024,EXP_FS_NC_07d,Normal Concrete,7,Flexural Strength,False,3.161,3.7402,0.5792
TabPFN_Pretrained,V2_ENGINEERED,5,FS_NC_07d_025,EXP_FS_NC_07d,Normal Concrete,7,Flexural Strength,False,3.204,3.7402,0.5362
TabPFN_Pretrained,V2_ENGINEERED,5,FS_NC_07d_026,EXP_FS_NC_07d,Normal Concrete,7,Flexural Strength,False,2.995,3.7402,0.7452
TabPFN_Pretrained,V2_ENGINEERED,5,FS_NC_07d_027,EXP_FS_NC_07d,Normal Concrete,7,Flexural Strength,False,3.108,3.7402,0.6322
TabPFN_Pretrained,V2_ENGINEERED,5,FS_NC_07d_028,EXP_FS_NC_07d,Normal Concrete,7,Flexural Strength,False,3.094,3.7402,0.6462
TabPFN_Pretrained,V2_ENGINEERED,5,FS_NC_07d_029,EXP_FS_NC_07d,Normal Concrete,7,Flexural Strength,False,2.778,3.7402,0.9622
TabPFN_Pretrained,V2_ENGINEERED,5,FS_NC_07d_030,EXP_FS_NC_07d,Normal Concrete,7,Flexural Strength,False,3.103,3.7402,0.6372
TabPFN_Pretrained,V2_ENGINEERED,5,FS_NC_07d_031,EXP_FS_NC_07d,Normal Concrete,7,Flexural Strength,False,2.742,3.7402,0.9982
TabPFN_Pretrained,V2_ENGINEERED,5,FS_NC_07d_032,EXP_FS_NC_07d,Normal Concrete,7,Flexural Strength,False,2.915,3.7402,0.8252
TabPFN_Pretrained,V2_ENGINEERED,5,FS_NC_07d_033,EXP_FS_NC_07d,Normal Concrete,7,Flexural Strength,False,2.489,3.7402,1.2512
TabPFN_Pretrained,V2_ENGINEERED,5,FS_NC_07d_034,EXP_FS_NC_07d,Normal Concrete,7,Flexural Strength,False,2.816,3.7402,0.9242
TabPFN_Pretrained,V2_ENGINEERED,5,FS_NC_07d_035,EXP_FS_NC_07d,Normal Concrete,7,Flexural Strength,False,3.34,3.7402,0.4002
TabPFN_Pretrained,V2_ENGINEERED,5,FS_NC_07d_036,EXP_FS_NC_07d,Normal Concrete,7,Flexural Strength,False,2.925,3.7402,0.8152
TabPFN_Pretrained,V2_ENGINEERED,5,FS_NC_07d_037,EXP_FS_NC_07d,Normal Concrete,7,Flexural Strength,False,2.892,3.7402,0.8482
TabPFN_Pretrained,V2_ENGINEERED,5,FS_NC_07d_038,EXP_FS_NC_07d,Normal Concrete,7,Flexural Strength,False,2.965,3.7402,0.7752
TabPFN_Pretrained,V2_ENGINEERED,5,FS_NC_07d_039,EXP_FS_NC_07d,Normal Concrete,7,Flexural Strength,False,3.091,3.7402,0.6492
TabPFN_Pretrained,V2_ENGINEERED,5,FS_NC_07d_040,EXP_FS_NC_07d,Normal Concrete,7,Flexural Strength,False,3.258,3.7402,0.4822
TabPFN_Pretrained,V2_ENGINEERED,5,FS_NC_07d_041,EXP_FS_NC_07d,Normal Concrete,7,Flexural Strength,False,3.194,3.7402,0.5462
TabPFN_Pretrained,V2_ENGINEERED,5,FS_NC_07d_042,EXP_FS_NC_07d,Normal Concrete,7,Flexural Strength,False,2.968,3.7402,0.7722
TabPFN_Pretrained,V2_ENGINEERED,5,FS_NC_07d_043,EXP_FS_NC_07d,Normal Concrete,7,Flexural Strength,False,3.024,3.7402,0.7162
TabPFN_Pretrained,V2_ENGINEERED,5,FS_NC_07d_044,EXP_FS_NC_07d,Normal Concrete,7,Flexural Strength,False,2.608,3.7402,1.1322
TabPFN_Pretrained,V2_ENGINEERED,5,FS_NC_07d_045,EXP_FS_NC_07d,Normal Concrete,7,Flexural Strength,False,2.909,3.7402,0.8312
TabPFN_Pretrained,V2_ENGINEERED,5,FS_NC_07d_046,EXP_FS_NC_07d,Normal Concrete,7,Flexural Strength,False,3.053,3.7402,0.6872
TabPFN_Pretrained,V2_ENGINEERED,5,FS_NC_07d_047,EXP_FS_NC_07d,Normal Concrete,7,Flexural Strength,False,3.066,3.7402,0.6742
TabPFN_Pretrained,V2_ENGINEERED,5,FS_NC_07d_048,EXP_FS_NC_07d,Normal Concrete,7,Flexural Strength,False,2.651,3.7402,1.0892
TabPFN_Pretrained,V2_ENGINEERED,5,FS_NC_07d_049,EXP_FS_NC_07d,Normal Concrete,7,Flexural Strength,False,3.05,3.7402,0.6902
TabPFN_Pretrained,V2_ENGINEERED,5,FS_NC_07d_050,EXP_FS_NC_07d,Normal Concrete,7,Flexural Strength,False,2.942,3.7402,0.7982
TabPFN_Pretrained,V2_ENGINEERED,5,FS_NC_07d_051,EXP_FS_NC_07d,Normal Concrete,7,Flexural Strength,False,3.034,3.7402,0.7062
TabPFN_Pretrained,V2_ENGINEERED,5,FS_NC_07d_052,EXP_FS_NC_07d,Normal Concrete,7,Flexural Strength,False,3.462,3.7402,0.2782
TabPFN_Pretrained,V2_ENGINEERED,5,FS_NC_07d_053,EXP_FS_NC_07d,Normal Concrete,7,Flexural Strength,False,3.266,3.7402,0.4742
TabPFN_Pretrained,V2_ENGINEERED,5,FS_NC_07d_054,EXP_FS_NC_07d,Normal Concrete,7,Flexural Strength,False,2.616,3.7402,1.1242
TabPFN_Pretrained,V2_ENGINEERED,5,FS_NC_07d_055,EXP_FS_NC_07d,Normal Concrete,7,Flexural Strength,False,3.019,3.7402,0.7212
TabPFN_Pretrained,V2_ENGINEERED,5,FS_NC_07d_056,EXP_FS_NC_07d,Normal Concrete,7,Flexural Strength,False,3.323,3.7402,0.4172
TabPFN_Pretrained,V2_ENGINEERED,5,FS_NC_07d_057,EXP_FS_NC_07d,Normal Concrete,7,Flexural Strength,False,3.242,3.7402,0.4982
TabPFN_Pretrained,V2_ENGINEERED,5,FS_NC_07d_058,EXP_FS_NC_07d,Normal Concrete,7,Flexural Strength,False,3.105,3.7402,0.6352
TabPFN_Pretrained,V2_ENGINEERED,5,FS_NC_07d_059,EXP_FS_NC_07d,Normal Concrete,7,Flexural Strength,False,3.449,3.7402,0.2912
TabPFN_Pretrained,V2_ENGINEERED,5,FS_NC_07d_060,EXP_FS_NC_07d,Normal Concrete,7,Flexural Strength,False,2.955,3.7402,0.7852
TabPFN_Pretrained,V2_ENGINEERED,5,FS_NC_07d_061,EXP_FS_NC_07d,Normal Concrete,7,Flexural Strength,False,3.246,3.7402,0.4942
TabPFN_Pretrained,V2_ENGINEERED,5,FS_NC_07d_062,EXP_FS_NC_07d,Normal Concrete,7,Flexural Strength,False,3.184,3.7402,0.5562
TabPFN_Pretrained,V2_ENGINEERED,5,FS_NC_07d_063,EXP_FS_NC_07d,Normal Concrete,7,Flexural Strength,False,2.782,3.7402,0.9582
TabPFN_Pretrained,V2_ENGINEERED,5,FS_NC_07d_064,EXP_FS_NC_07d,Normal Concrete,7,Flexural Strength,False,3.081,3.7402,0.6592
TabPFN_Pretrained,V2_ENGINEERED,5,FS_NC_07d_065,EXP_FS_NC_07d,Normal Concrete,7,Flexural Strength,False,2.428,3.7402,1.3122
TabPFN_Pretrained,V2_ENGINEERED,5,FS_NC_07d_066,EXP_FS_NC_07d,Normal Concrete,7,Flexural Strength,False,3.324,3.7402,0.4162
TabPFN_Pretrained,V2_ENGINEERED,5,FS_NC_07d_067,EXP_FS_NC_07d,Normal Concrete,7,Flexural Strength,False,3.104,3.7402,0.6362
TabPFN_Pretrained,V2_ENGINEERED,5,FS_NC_07d_068,EXP_FS_NC_07d,Normal Concrete,7,Flexural Strength,False,3.13,3.7402,0.6102
TabPFN_Pretrained,V2_ENGINEERED,5,FS_NC_07d_069,EXP_FS_NC_07d,Normal Concrete,7,Flexural Strength,False,3.127,3.7402,0.6132
TabPFN_Pretrained,V2_ENGINEERED,5,FS_NC_07d_070,EXP_FS_NC_07d,Normal Concrete,7,Flexural Strength,False,2.91,3.7402,0.8302
TabPFN_Pretrained,V2_ENGINEERED,5,FS_NC_07d_071,EXP_FS_NC_07d,Normal Concrete,7,Flexural Strength,False,2.67,3.7402,1.0702
TabPFN_Pretrained,V2_ENGINEERED,5,FS_NC_07d_072,EXP_FS_NC_07d,Normal Concrete,7,Flexural Strength,False,2.941,3.7402,0.7992
TabPFN_Pretrained,V2_ENGINEERED,5,FS_NC_07d_073,EXP_FS_NC_07d,Normal Concrete,7,Flexural Strength,False,3.172,3.7402,0.5682
TabPFN_Pretrained,V2_ENGINEERED,5,FS_NC_07d_074,EXP_FS_NC_07d,Normal Concrete,7,Flexural Strength,False,3.025,3.7402,0.7152
TabPFN_Pretrained,V2_ENGINEERED,5,FS_NC_07d_075,EXP_FS_NC_07d,Normal Concrete,7,Flexural Strength,False,3.226,3.7402,0.5142
TabPFN_Pretrained,V2_ENGINEERED,5,FS_NC_07d_076,EXP_FS_NC_07d,Normal Concrete,7,Flexural Strength,False,2.703,3.7402,1.0372
TabPFN_Pretrained,V2_ENGINEERED,5,FS_NC_07d_077,EXP_FS_NC_07d,Normal Concrete,7,Flexural Strength,False,3.068,3.7402,0.6722
TabPFN_Pretrained,V2_ENGINEERED,5,FS_NC_07d_078,EXP_FS_NC_07d,Normal Concrete,7,Flexural Strength,False,2.969,3.7402,0.7712
TabPFN_Pretrained,V2_ENGINEERED,5,FS_NC_07d_079,EXP_FS_NC_07d,Normal Concrete,7,Flexural Strength,False,3.266,3.7402,0.4742
TabPFN_Pretrained,V2_ENGINEERED,5,FS_NC_07d_080,EXP_FS_NC_07d,Normal Concrete,7,Flexural Strength,False,3.223,3.7402,0.5172
TabPFN_Pretrained,V2_ENGINEERED,5,FS_NC_07d_081,EXP_FS_NC_07d,Normal Concrete,7,Flexural Strength,False,2.928,3.7402,0.8122
TabPFN_Pretrained,V2_ENGINEERED,5,FS_NC_07d_082,EXP_FS_NC_07d,Normal Concrete,7,Flexural Strength,False,2.995,3.7402,0.7452
TabPFN_Pretrained,V2_ENGINEERED,5,FS_NC_07d_083,EXP_FS_NC_07d,Normal Concrete,7,Flexural Strength,False,3.23,3.7402,0.5102
TabPFN_Pretrained,V2_ENGINEERED,5,FS_NC_07d_084,EXP_FS_NC_07d,Normal Concrete,7,Flexural Strength,False,2.823,3.7402,0.9172
TabPFN_Pretrained,V2_ENGINEERED,5,FS_NC_07d_085,EXP_FS_NC_07d,Normal Concrete,7,Flexural Strength,False,2.788,3.7402,0.9522
TabPFN_Pretrained,V2_ENGINEERED,5,FS_NC_07d_086,EXP_FS_NC_07d,Normal Concrete,7,Flexural Strength,False,2.731,3.7402,1.0092
TabPFN_Pretrained,V2_ENGINEERED,5,FS_NC_07d_087,EXP_FS_NC_07d,Normal Concrete,7,Flexural Strength,False,3.012,3.7402,0.7282
TabPFN_Pretrained,V2_ENGINEERED,5,FS_NC_07d_088,EXP_FS_NC_07d,Normal Concrete,7,Flexural Strength,False,2.885,3.7402,0.8552
TabPFN_Pretrained,V2_ENGINEERED,5,FS_NC_07d_089,EXP_FS_NC_07d,Normal Concrete,7,Flexural Strength,False,2.799,3.7402,0.9412
TabPFN_Pretrained,V2_ENGINEERED,5,FS_NC_07d_090,EXP_FS_NC_07d,Normal Concrete,7,Flexural Strength,False,2.856,3.7402,0.8842
TabPFN_Pretrained,V2_ENGINEERED,5,FS_NC_07d_091,EXP_FS_NC_07d,Normal Concrete,7,Flexural Strength,False,3.197,3.7402,0.5432
TabPFN_Pretrained,V2_ENGINEERED,5,FS_NC_07d_092,EXP_FS_NC_07d,Normal Concrete,7,Flexural Strength,False,2.688,3.7402,1.0522
TabPFN_Pretrained,V2_ENGINEERED,5,FS_NC_07d_093,EXP_FS_NC_07d,Normal Concrete,7,Flexural Strength,False,3.181,3.7402,0.5592
TabPFN_Pretrained,V2_ENGINEERED,5,FS_NC_07d_094,EXP_FS_NC_07d,Normal Concrete,7,Flexural Strength,False,2.998,3.7402,0.7422
TabPFN_Pretrained,V2_ENGINEERED,5,FS_NC_07d_095,EXP_FS_NC_07d,Normal Concrete,7,Flexural Strength,False,3.743,3.7402,-0.0028
TabPFN_Pretrained,V2_ENGINEERED,5,FS_NC_07d_096,EXP_FS_NC_07d,Normal Concrete,7,Flexural Strength,False,2.969,3.7402,0.7712
TabPFN_Pretrained,V2_ENGINEERED,5,FS_NC_07d_097,EXP_FS_NC_07d,Normal Concrete,7,Flexural Strength,False,3.316,3.7402,0.4242
TabPFN_Pretrained,V2_ENGINEERED,5,FS_NC_07d_098,EXP_FS_NC_07d,Normal Concrete,7,Flexural Strength,False,3.002,3.7402,0.7382
TabPFN_Pretrained,V2_ENGINEERED,5,FS_NC_07d_099,EXP_FS_NC_07d,Normal Concrete,7,Flexural Strength,False,2.551,3.7402,1.1892
TabPFN_Pretrained,V2_ENGINEERED,5,FS_NC_07d_100,EXP_FS_NC_07d,Normal Concrete,7,Flexural Strength,False,2.866,3.7402,0.8742
TabPFN_Pretrained,V2_ENGINEERED,5,TS_NC_07d_001,EXP_TS_NC_07d,Normal Concrete,7,Split Tensile Strength,False,1.637,2.2277,0.5907
TabPFN_Pretrained,V2_ENGINEERED,5,TS_NC_07d_002,EXP_TS_NC_07d,Normal Concrete,7,Split Tensile Strength,False,1.95,2.2277,0.2777
TabPFN_Pretrained,V2_ENGINEERED,5,TS_NC_07d_003,EXP_TS_NC_07d,Normal Concrete,7,Split Tensile Strength,False,1.842,2.2277,0.3857
TabPFN_Pretrained,V2_ENGINEERED,5,TS_NC_07d_004,EXP_TS_NC_07d,Normal Concrete,7,Split Tensile Strength,False,1.574,2.2277,0.6537
TabPFN_Pretrained,V2_ENGINEERED,5,TS_NC_07d_005,EXP_TS_NC_07d,Normal Concrete,7,Split Tensile Strength,False,1.713,2.2277,0.5147
TabPFN_Pretrained,V2_ENGINEERED,5,TS_NC_07d_006,EXP_TS_NC_07d,Normal Concrete,7,Split Tensile Strength,False,2.048,2.2277,0.1797
TabPFN_Pretrained,V2_ENGINEERED,5,TS_NC_07d_007,EXP_TS_NC_07d,Normal Concrete,7,Split Tensile Strength,False,1.436,2.2277,0.7917
TabPFN_Pretrained,V2_ENGINEERED,5,TS_NC_07d_008,EXP_TS_NC_07d,Normal Concrete,7,Split Tensile Strength,False,1.736,2.2277,0.4917
TabPFN_Pretrained,V2_ENGINEERED,5,TS_NC_07d_009,EXP_TS_NC_07d,Normal Concrete,7,Split Tensile Strength,False,1.99,2.2277,0.2377
TabPFN_Pretrained,V2_ENGINEERED,5,TS_NC_07d_010,EXP_TS_NC_07d,Normal Concrete,7,Split Tensile Strength,False,1.67,2.2277,0.5577
TabPFN_Pretrained,V2_ENGINEERED,5,TS_NC_07d_011,EXP_TS_NC_07d,Normal Concrete,7,Split Tensile Strength,False,1.698,2.2277,0.5297
TabPFN_Pretrained,V2_ENGINEERED,5,TS_NC_07d_012,EXP_TS_NC_07d,Normal Concrete,7,Split Tensile Strength,False,1.786,2.2277,0.4417
TabPFN_Pretrained,V2_ENGINEERED,5,TS_NC_07d_013,EXP_TS_NC_07d,Normal Concrete,7,Split Tensile Strength,False,2.024,2.2277,0.2037
TabPFN_Pretrained,V2_ENGINEERED,5,TS_NC_07d_014,EXP_TS_NC_07d,Normal Concrete,7,Split Tensile Strength,False,1.704,2.2277,0.5237
TabPFN_Pretrained,V2_ENGINEERED,5,TS_NC_07d_015,EXP_TS_NC_07d,Normal Concrete,7,Split Tensile Strength,False,1.733,2.2277,0.4947
TabPFN_Pretrained,V2_ENGINEERED,5,TS_NC_07d_016,EXP_TS_NC_07d,Normal Concrete,7,Split Tensile Strength,False,1.735,2.2277,0.4927
TabPFN_Pretrained,V2_ENGINEERED,5,TS_NC_07d_017,EXP_TS_NC_07d,Normal Concrete,7,Split Tensile Strength,False,2.131,2.2277,0.0967
TabPFN_Pretrained,V2_ENGINEERED,5,TS_NC_07d_018,EXP_TS_NC_07d,Normal Concrete,7,Split Tensile Strength,False,2.128,2.2277,0.0997
TabPFN_Pretrained,V2_ENGINEERED,5,TS_NC_07d_019,EXP_TS_NC_07d,Normal Concrete,7,Split Tensile Strength,False,1.951,2.2277,0.2767
TabPFN_Pretrained,V2_ENGINEERED,5,TS_NC_07d_020,EXP_TS_NC_07d,Normal Concrete,7,Split Tensile Strength,False,1.858,2.2277,0.3697
TabPFN_Pretrained,V2_ENGINEERED,5,TS_NC_07d_021,EXP_TS_NC_07d,Normal Concrete,7,Split Tensile Strength,False,1.911,2.2277,0.3167
TabPFN_Pretrained,V2_ENGINEERED,5,TS_NC_07d_022,EXP_TS_NC_07d,Normal Concrete,7,Split Tensile Strength,False,2.024,2.2277,0.2037
TabPFN_Pretrained,V2_ENGINEERED,5,TS_NC_07d_023,EXP_TS_NC_07d,Normal Concrete,7,Split Tensile Strength,False,1.66,2.2277,0.5677
TabPFN_Pretrained,V2_ENGINEERED,5,TS_NC_07d_024,EXP_TS_NC_07d,Normal Concrete,7,Split Tensile Strength,False,1.976,2.2277,0.2517
TabPFN_Pretrained,V2_ENGINEERED,5,TS_NC_07d_025,EXP_TS_NC_07d,Normal Concrete,7,Split Tensile Strength,False,1.612,2.2277,0.6157
TabPFN_Pretrained,V2_ENGINEERED,5,TS_NC_07d_026,EXP_TS_NC_07d,Normal Concrete,7,Split Tensile Strength,False,1.704,2.2277,0.5237
TabPFN_Pretrained,V2_ENGINEERED,5,TS_NC_07d_027,EXP_TS_NC_07d,Normal Concrete,7,Split Tensile Strength,False,1.936,2.2277,0.2917
TabPFN_Pretrained,V2_ENGINEERED,5,TS_NC_07d_028,EXP_TS_NC_07d,Normal Concrete,7,Split Tensile Strength,False,1.586,2.2277,0.6417
TabPFN_Pretrained,V2_ENGINEERED,5,TS_NC_07d_029,EXP_TS_NC_07d,Normal Concrete,7,Split Tensile Strength,False,1.779,2.2277,0.4487
TabPFN_Pretrained,V2_ENGINEERED,5,TS_NC_07d_030,EXP_TS_NC_07d,Normal Concrete,7,Split Tensile Strength,False,1.671,2.2277,0.5567
TabPFN_Pretrained,V2_ENGINEERED,5,TS_NC_07d_031,EXP_TS_NC_07d,Normal Concrete,7,Split Tensile Strength,False,1.762,2.2277,0.4657
TabPFN_Pretrained,V2_ENGINEERED,5,TS_NC_07d_032,EXP_TS_NC_07d,Normal Concrete,7,Split Tensile Strength,False,1.38,2.2277,0.8477
TabPFN_Pretrained,V2_ENGINEERED,5,TS_NC_07d_033,EXP_TS_NC_07d,Normal Concrete,7,Split Tensile Strength,False,1.534,2.2277,0.6937
TabPFN_Pretrained,V2_ENGINEERED,5,TS_NC_07d_034,EXP_TS_NC_07d,Normal Concrete,7,Split Tensile Strength,False,1.695,2.2277,0.5327
TabPFN_Pretrained,V2_ENGINEERED,5,TS_NC_07d_035,EXP_TS_NC_07d,Normal Concrete,7,Split Tensile Strength,False,1.939,2.2277,0.2887
TabPFN_Pretrained,V2_ENGINEERED,5,TS_NC_07d_036,EXP_TS_NC_07d,Normal Concrete,7,Split Tensile Strength,False,1.774,2.2277,0.4537
TabPFN_Pretrained,V2_ENGINEERED,5,TS_NC_07d_037,EXP_TS_NC_07d,Normal Concrete,7,Split Tensile Strength,False,1.8,2.2277,0.4277
TabPFN_Pretrained,V2_ENGINEERED,5,TS_NC_07d_038,EXP_TS_NC_07d,Normal Concrete,7,Split Tensile Strength,False,1.903,2.2277,0.3247
TabPFN_Pretrained,V2_ENGINEERED,5,TS_NC_07d_039,EXP_TS_NC_07d,Normal Concrete,7,Split Tensile Strength,False,1.668,2.2277,0.5597
TabPFN_Pretrained,V2_ENGINEERED,5,TS_NC_07d_040,EXP_TS_NC_07d,Normal Concrete,7,Split Tensile Strength,False,1.843,2.2277,0.3847
TabPFN_Pretrained,V2_ENGINEERED,5,TS_NC_07d_041,EXP_TS_NC_07d,Normal Concrete,7,Split Tensile Strength,False,1.679,2.2277,0.5487
TabPFN_Pretrained,V2_ENGINEERED,5,TS_NC_07d_042,EXP_TS_NC_07d,Normal Concrete,7,Split Tensile Strength,False,1.541,2.2277,0.6867
TabPFN_Pretrained,V2_ENGINEERED,5,TS_NC_07d_043,EXP_TS_NC_07d,Normal Concrete,7,Split Tensile Strength,False,1.741,2.2277,0.4867
TabPFN_Pretrained,V2_ENGINEERED,5,TS_NC_07d_044,EXP_TS_NC_07d,Normal Concrete,7,Split Tensile Strength,False,1.886,2.2277,0.3417
TabPFN_Pretrained,V2_ENGINEERED,5,TS_NC_07d_045,EXP_TS_NC_07d,Normal Concrete,7,Split Tensile Strength,False,1.851,2.2277,0.3767
TabPFN_Pretrained,V2_ENGINEERED,5,TS_NC_07d_046,EXP_TS_NC_07d,Normal Concrete,7,Split Tensile Strength,False,1.798,2.2277,0.4297
TabPFN_Pretrained,V2_ENGINEERED,5,TS_NC_07d_047,EXP_TS_NC_07d,Normal Concrete,7,Split Tensile Strength,False,2.159,2.2277,0.0687
TabPFN_Pretrained,V2_ENGINEERED,5,TS_NC_07d_048,EXP_TS_NC_07d,Normal Concrete,7,Split Tensile Strength,False,1.862,2.2277,0.3657
TabPFN_Pretrained,V2_ENGINEERED,5,TS_NC_07d_049,EXP_TS_NC_07d,Normal Concrete,7,Split Tensile Strength,False,1.947,2.2277,0.2807
TabPFN_Pretrained,V2_ENGINEERED,5,TS_NC_07d_050,EXP_TS_NC_07d,Normal Concrete,7,Split Tensile Strength,False,2.136,2.2277,0.0917
TabPFN_Pretrained,V2_ENGINEERED,5,TS_NC_07d_051,EXP_TS_NC_07d,Normal Concrete,7,Split Tensile Strength,False,1.606,2.2277,0.6217
TabPFN_Pretrained,V2_ENGINEERED,5,TS_NC_07d_052,EXP_TS_NC_07d,Normal Concrete,7,Split Tensile Strength,False,1.644,2.2277,0.5837
TabPFN_Pretrained,V2_ENGINEERED,5,TS_NC_07d_053,EXP_TS_NC_07d,Normal Concrete,7,Split Tensile Strength,False,2.062,2.2277,0.1657
TabPFN_Pretrained,V2_ENGINEERED,5,TS_NC_07d_054,EXP_TS_NC_07d,Normal Concrete,7,Split Tensile Strength,False,1.68,2.2277,0.5477
TabPFN_Pretrained,V2_ENGINEERED,5,TS_NC_07d_055,EXP_TS_NC_07d,Normal Concrete,7,Split Tensile Strength,False,1.804,2.2277,0.4237
TabPFN_Pretrained,V2_ENGINEERED,5,TS_NC_07d_056,EXP_TS_NC_07d,Normal Concrete,7,Split Tensile Strength,False,1.96,2.2277,0.2677
TabPFN_Pretrained,V2_ENGINEERED,5,TS_NC_07d_057,EXP_TS_NC_07d,Normal Concrete,7,Split Tensile Strength,False,1.934,2.2277,0.2937
TabPFN_Pretrained,V2_ENGINEERED,5,TS_NC_07d_058,EXP_TS_NC_07d,Normal Concrete,7,Split Tensile Strength,False,2.063,2.2277,0.1647
TabPFN_Pretrained,V2_ENGINEERED,5,TS_NC_07d_059,EXP_TS_NC_07d,Normal Concrete,7,Split Tensile Strength,False,2.024,2.2277,0.2037
TabPFN_Pretrained,V2_ENGINEERED,5,TS_NC_07d_060,EXP_TS_NC_07d,Normal Concrete,7,Split Tensile Strength,False,1.96,2.2277,0.2677
TabPFN_Pretrained,V2_ENGINEERED,5,TS_NC_07d_061,EXP_TS_NC_07d,Normal Concrete,7,Split Tensile Strength,False,1.684,2.2277,0.5437
TabPFN_Pretrained,V2_ENGINEERED,5,TS_NC_07d_062,EXP_TS_NC_07d,Normal Concrete,7,Split Tensile Strength,False,1.919,2.2277,0.3087
TabPFN_Pretrained,V2_ENGINEERED,5,TS_NC_07d_063,EXP_TS_NC_07d,Normal Concrete,7,Split Tensile Strength,False,1.847,2.2277,0.3807
TabPFN_Pretrained,V2_ENGINEERED,5,TS_NC_07d_064,EXP_TS_NC_07d,Normal Concrete,7,Split Tensile Strength,False,1.601,2.2277,0.6267
TabPFN_Pretrained,V2_ENGINEERED,5,TS_NC_07d_065,EXP_TS_NC_07d,Normal Concrete,7,Split Tensile Strength,False,2.013,2.2277,0.2147
TabPFN_Pretrained,V2_ENGINEERED,5,TS_NC_07d_066,EXP_TS_NC_07d,Normal Concrete,7,Split Tensile Strength,False,1.921,2.2277,0.3067
TabPFN_Pretrained,V2_ENGINEERED,5,TS_NC_07d_067,EXP_TS_NC_07d,Normal Concrete,7,Split Tensile Strength,False,1.807,2.2277,0.4207
TabPFN_Pretrained,V2_ENGINEERED,5,TS_NC_07d_068,EXP_TS_NC_07d,Normal Concrete,7,Split Tensile Strength,False,1.765,2.2277,0.4627
TabPFN_Pretrained,V2_ENGINEERED,5,TS_NC_07d_069,EXP_TS_NC_07d,Normal Concrete,7,Split Tensile Strength,False,1.62,2.2277,0.6077
TabPFN_Pretrained,V2_ENGINEERED,5,TS_NC_07d_070,EXP_TS_NC_07d,Normal Concrete,7,Split Tensile Strength,False,1.83,2.2277,0.3977
TabPFN_Pretrained,V2_ENGINEERED,5,TS_NC_07d_071,EXP_TS_NC_07d,Normal Concrete,7,Split Tensile Strength,False,1.87,2.2277,0.3577
TabPFN_Pretrained,V2_ENGINEERED,5,TS_NC_07d_072,EXP_TS_NC_07d,Normal Concrete,7,Split Tensile Strength,False,1.675,2.2277,0.5527
TabPFN_Pretrained,V2_ENGINEERED,5,TS_NC_07d_073,EXP_TS_NC_07d,Normal Concrete,7,Split Tensile Strength,False,1.974,2.2277,0.2537
TabPFN_Pretrained,V2_ENGINEERED,5,TS_NC_07d_074,EXP_TS_NC_07d,Normal Concrete,7,Split Tensile Strength,False,1.635,2.2277,0.5927
TabPFN_Pretrained,V2_ENGINEERED,5,TS_NC_07d_075,EXP_TS_NC_07d,Normal Concrete,7,Split Tensile Strength,False,1.482,2.2277,0.7457
TabPFN_Pretrained,V2_ENGINEERED,5,TS_NC_07d_076,EXP_TS_NC_07d,Normal Concrete,7,Split Tensile Strength,False,1.956,2.2277,0.2717
TabPFN_Pretrained,V2_ENGINEERED,5,TS_NC_07d_077,EXP_TS_NC_07d,Normal Concrete,7,Split Tensile Strength,False,1.739,2.2277,0.4887
TabPFN_Pretrained,V2_ENGINEERED,5,TS_NC_07d_078,EXP_TS_NC_07d,Normal Concrete,7,Split Tensile Strength,False,1.781,2.2277,0.4467
TabPFN_Pretrained,V2_ENGINEERED,5,TS_NC_07d_079,EXP_TS_NC_07d,Normal Concrete,7,Split Tensile Strength,False,1.674,2.2277,0.5537
TabPFN_Pretrained,V2_ENGINEERED,5,TS_NC_07d_080,EXP_TS_NC_07d,Normal Concrete,7,Split Tensile Strength,False,1.559,2.2277,0.6687
TabPFN_Pretrained,V2_ENGINEERED,5,TS_NC_07d_081,EXP_TS_NC_07d,Normal Concrete,7,Split Tensile Strength,False,1.988,2.2277,0.2397
TabPFN_Pretrained,V2_ENGINEERED,5,TS_NC_07d_082,EXP_TS_NC_07d,Normal Concrete,7,Split Tensile Strength,False,1.697,2.2277,0.5307
TabPFN_Pretrained,V2_ENGINEERED,5,TS_NC_07d_083,EXP_TS_NC_07d,Normal Concrete,7,Split Tensile Strength,False,2.049,2.2277,0.1787
TabPFN_Pretrained,V2_ENGINEERED,5,TS_NC_07d_084,EXP_TS_NC_07d,Normal Concrete,7,Split Tensile Strength,False,1.921,2.2277,0.3067
TabPFN_Pretrained,V2_ENGINEERED,5,TS_NC_07d_085,EXP_TS_NC_07d,Normal Concrete,7,Split Tensile Strength,False,1.753,2.2277,0.4747
TabPFN_Pretrained,V2_ENGINEERED,5,TS_NC_07d_086,EXP_TS_NC_07d,Normal Concrete,7,Split Tensile Strength,False,1.637,2.2277,0.5907
TabPFN_Pretrained,V2_ENGINEERED,5,TS_NC_07d_087,EXP_TS_NC_07d,Normal Concrete,7,Split Tensile Strength,False,1.69,2.2277,0.5377
TabPFN_Pretrained,V2_ENGINEERED,5,TS_NC_07d_088,EXP_TS_NC_07d,Normal Concrete,7,Split Tensile Strength,False,1.618,2.2277,0.6097
TabPFN_Pretrained,V2_ENGINEERED,5,TS_NC_07d_089,EXP_TS_NC_07d,Normal Concrete,7,Split Tensile Strength,False,2.113,2.2277,0.1147
TabPFN_Pretrained,V2_ENGINEERED,5,TS_NC_07d_090,EXP_TS_NC_07d,Normal Concrete,7,Split Tensile Strength,False,1.825,2.2277,0.4027
TabPFN_Pretrained,V2_ENGINEERED,5,TS_NC_07d_091,EXP_TS_NC_07d,Normal Concrete,7,Split Tensile Strength,False,1.973,2.2277,0.2547
TabPFN_Pretrained,V2_ENGINEERED,5,TS_NC_07d_092,EXP_TS_NC_07d,Normal Concrete,7,Split Tensile Strength,False,1.61,2.2277,0.6177
TabPFN_Pretrained,V2_ENGINEERED,5,TS_NC_07d_093,EXP_TS_NC_07d,Normal Concrete,7,Split Tensile Strength,False,1.827,2.2277,0.4007
TabPFN_Pretrained,V2_ENGINEERED,5,TS_NC_07d_094,EXP_TS_NC_07d,Normal Concrete,7,Split Tensile Strength,False,1.977,2.2277,0.2507
TabPFN_Pretrained,V2_ENGINEERED,5,TS_NC_07d_095,EXP_TS_NC_07d,Normal Concrete,7,Split Tensile Strength,False,1.75,2.2277,0.4777
TabPFN_Pretrained,V2_ENGINEERED,5,TS_NC_07d_096,EXP_TS_NC_07d,Normal Concrete,7,Split Tensile Strength,False,1.955,2.2277,0.2727
TabPFN_Pretrained,V2_ENGINEERED,5,TS_NC_07d_097,EXP_TS_NC_07d,Normal Concrete,7,Split Tensile Strength,False,1.637,2.2277,0.5907
TabPFN_Pretrained,V2_ENGINEERED,5,TS_NC_07d_098,EXP_TS_NC_07d,Normal Concrete,7,Split Tensile Strength,False,1.595,2.2277,0.6327
TabPFN_Pretrained,V2_ENGINEERED,5,TS_NC_07d_099,EXP_TS_NC_07d,Normal Concrete,7,Split Tensile Strength,False,1.857,2.2277,0.3707
TabPFN_Pretrained,V2_ENGINEERED,5,TS_NC_07d_100,EXP_TS_NC_07d,Normal Concrete,7,Split Tensile Strength,False,1.743,2.2277,0.4847
TabPFN_Pretrained,V2_ENGINEERED,5,TS_BC_07d_001,EXP_TS_BC_07d,Bacterial Concrete,7,Split Tensile Strength,False,2.271,2.7604,0.4894
TabPFN_Pretrained,V2_ENGINEERED,5,TS_BC_07d_002,EXP_TS_BC_07d,Bacterial Concrete,7,Split Tensile Strength,False,1.982,2.7604,0.7784
TabPFN_Pretrained,V2_ENGINEERED,5,TS_BC_07d_003,EXP_TS_BC_07d,Bacterial Concrete,7,Split Tensile Strength,False,2.14,2.7604,0.6204
TabPFN_Pretrained,V2_ENGINEERED,5,TS_BC_07d_004,EXP_TS_BC_07d,Bacterial Concrete,7,Split Tensile Strength,False,2.044,2.7604,0.7164
TabPFN_Pretrained,V2_ENGINEERED,5,TS_BC_07d_005,EXP_TS_BC_07d,Bacterial Concrete,7,Split Tensile Strength,False,2.276,2.7604,0.4844
TabPFN_Pretrained,V2_ENGINEERED,5,TS_BC_07d_006,EXP_TS_BC_07d,Bacterial Concrete,7,Split Tensile Strength,False,2.145,2.7604,0.6154
TabPFN_Pretrained,V2_ENGINEERED,5,TS_BC_07d_007,EXP_TS_BC_07d,Bacterial Concrete,7,Split Tensile Strength,False,2.394,2.7604,0.3664
TabPFN_Pretrained,V2_ENGINEERED,5,TS_BC_07d_008,EXP_TS_BC_07d,Bacterial Concrete,7,Split Tensile Strength,False,1.937,2.7604,0.8234
TabPFN_Pretrained,V2_ENGINEERED,5,TS_BC_07d_009,EXP_TS_BC_07d,Bacterial Concrete,7,Split Tensile Strength,False,2.162,2.7604,0.5984
TabPFN_Pretrained,V2_ENGINEERED,5,TS_BC_07d_010,EXP_TS_BC_07d,Bacterial Concrete,7,Split Tensile Strength,False,2.107,2.7604,0.6534
TabPFN_Pretrained,V2_ENGINEERED,5,TS_BC_07d_011,EXP_TS_BC_07d,Bacterial Concrete,7,Split Tensile Strength,False,2.142,2.7604,0.6184
TabPFN_Pretrained,V2_ENGINEERED,5,TS_BC_07d_012,EXP_TS_BC_07d,Bacterial Concrete,7,Split Tensile Strength,False,2.339,2.7604,0.4214
TabPFN_Pretrained,V2_ENGINEERED,5,TS_BC_07d_013,EXP_TS_BC_07d,Bacterial Concrete,7,Split Tensile Strength,False,2.188,2.7604,0.5724
TabPFN_Pretrained,V2_ENGINEERED,5,TS_BC_07d_014,EXP_TS_BC_07d,Bacterial Concrete,7,Split Tensile Strength,False,1.928,2.7604,0.8324
TabPFN_Pretrained,V2_ENGINEERED,5,TS_BC_07d_015,EXP_TS_BC_07d,Bacterial Concrete,7,Split Tensile Strength,False,2.18,2.7604,0.5804
TabPFN_Pretrained,V2_ENGINEERED,5,TS_BC_07d_016,EXP_TS_BC_07d,Bacterial Concrete,7,Split Tensile Strength,False,2.038,2.7604,0.7224
TabPFN_Pretrained,V2_ENGINEERED,5,TS_BC_07d_017,EXP_TS_BC_07d,Bacterial Concrete,7,Split Tensile Strength,False,2.029,2.7604,0.7314
TabPFN_Pretrained,V2_ENGINEERED,5,TS_BC_07d_018,EXP_TS_BC_07d,Bacterial Concrete,7,Split Tensile Strength,False,2.257,2.7604,0.5034
TabPFN_Pretrained,V2_ENGINEERED,5,TS_BC_07d_019,EXP_TS_BC_07d,Bacterial Concrete,7,Split Tensile Strength,False,2.01,2.7604,0.7504
TabPFN_Pretrained,V2_ENGINEERED,5,TS_BC_07d_020,EXP_TS_BC_07d,Bacterial Concrete,7,Split Tensile Strength,False,2.043,2.7604,0.7174
TabPFN_Pretrained,V2_ENGINEERED,5,TS_BC_07d_021,EXP_TS_BC_07d,Bacterial Concrete,7,Split Tensile Strength,False,2.105,2.7604,0.6554
TabPFN_Pretrained,V2_ENGINEERED,5,TS_BC_07d_022,EXP_TS_BC_07d,Bacterial Concrete,7,Split Tensile Strength,False,2.242,2.7604,0.5184
TabPFN_Pretrained,V2_ENGINEERED,5,TS_BC_07d_023,EXP_TS_BC_07d,Bacterial Concrete,7,Split Tensile Strength,False,2.187,2.7604,0.5734
TabPFN_Pretrained,V2_ENGINEERED,5,TS_BC_07d_024,EXP_TS_BC_07d,Bacterial Concrete,7,Split Tensile Strength,False,2.065,2.7604,0.6954
TabPFN_Pretrained,V2_ENGINEERED,5,TS_BC_07d_025,EXP_TS_BC_07d,Bacterial Concrete,7,Split Tensile Strength,False,2.059,2.7604,0.7014
TabPFN_Pretrained,V2_ENGINEERED,5,TS_BC_07d_026,EXP_TS_BC_07d,Bacterial Concrete,7,Split Tensile Strength,False,1.926,2.7604,0.8344
TabPFN_Pretrained,V2_ENGINEERED,5,TS_BC_07d_027,EXP_TS_BC_07d,Bacterial Concrete,7,Split Tensile Strength,False,1.986,2.7604,0.7744
TabPFN_Pretrained,V2_ENGINEERED,5,TS_BC_07d_028,EXP_TS_BC_07d,Bacterial Concrete,7,Split Tensile Strength,False,2.002,2.7604,0.7584
TabPFN_Pretrained,V2_ENGINEERED,5,TS_BC_07d_029,EXP_TS_BC_07d,Bacterial Concrete,7,Split Tensile Strength,False,2.078,2.7604,0.6824
TabPFN_Pretrained,V2_ENGINEERED,5,TS_BC_07d_030,EXP_TS_BC_07d,Bacterial Concrete,7,Split Tensile Strength,False,2.398,2.7604,0.3624
TabPFN_Pretrained,V2_ENGINEERED,5,TS_BC_07d_031,EXP_TS_BC_07d,Bacterial Concrete,7,Split Tensile Strength,False,1.999,2.7604,0.7614
TabPFN_Pretrained,V2_ENGINEERED,5,TS_BC_07d_032,EXP_TS_BC_07d,Bacterial Concrete,7,Split Tensile Strength,False,2.056,2.7604,0.7044
TabPFN_Pretrained,V2_ENGINEERED,5,TS_BC_07d_033,EXP_TS_BC_07d,Bacterial Concrete,7,Split Tensile Strength,False,1.792,2.7604,0.9684
TabPFN_Pretrained,V2_ENGINEERED,5,TS_BC_07d_034,EXP_TS_BC_07d,Bacterial Concrete,7,Split Tensile Strength,False,2.19,2.7604,0.5704
TabPFN_Pretrained,V2_ENGINEERED,5,TS_BC_07d_035,EXP_TS_BC_07d,Bacterial Concrete,7,Split Tensile Strength,False,1.863,2.7604,0.8974
TabPFN_Pretrained,V2_ENGINEERED,5,TS_BC_07d_036,EXP_TS_BC_07d,Bacterial Concrete,7,Split Tensile Strength,False,1.964,2.7604,0.7964
TabPFN_Pretrained,V2_ENGINEERED,5,TS_BC_07d_037,EXP_TS_BC_07d,Bacterial Concrete,7,Split Tensile Strength,False,2.256,2.7604,0.5044
TabPFN_Pretrained,V2_ENGINEERED,5,TS_BC_07d_038,EXP_TS_BC_07d,Bacterial Concrete,7,Split Tensile Strength,False,1.784,2.7604,0.9764
TabPFN_Pretrained,V2_ENGINEERED,5,TS_BC_07d_039,EXP_TS_BC_07d,Bacterial Concrete,7,Split Tensile Strength,False,2.114,2.7604,0.6464
TabPFN_Pretrained,V2_ENGINEERED,5,TS_BC_07d_040,EXP_TS_BC_07d,Bacterial Concrete,7,Split Tensile Strength,False,2.22,2.7604,0.5404
TabPFN_Pretrained,V2_ENGINEERED,5,TS_BC_07d_041,EXP_TS_BC_07d,Bacterial Concrete,7,Split Tensile Strength,False,2.329,2.7604,0.4314
TabPFN_Pretrained,V2_ENGINEERED,5,TS_BC_07d_042,EXP_TS_BC_07d,Bacterial Concrete,7,Split Tensile Strength,False,1.962,2.7604,0.7984
TabPFN_Pretrained,V2_ENGINEERED,5,TS_BC_07d_043,EXP_TS_BC_07d,Bacterial Concrete,7,Split Tensile Strength,False,2.006,2.7604,0.7544
TabPFN_Pretrained,V2_ENGINEERED,5,TS_BC_07d_044,EXP_TS_BC_07d,Bacterial Concrete,7,Split Tensile Strength,False,2.371,2.7604,0.3894
TabPFN_Pretrained,V2_ENGINEERED,5,TS_BC_07d_045,EXP_TS_BC_07d,Bacterial Concrete,7,Split Tensile Strength,False,2.096,2.7604,0.6644
TabPFN_Pretrained,V2_ENGINEERED,5,TS_BC_07d_046,EXP_TS_BC_07d,Bacterial Concrete,7,Split Tensile Strength,False,1.99,2.7604,0.7704
TabPFN_Pretrained,V2_ENGINEERED,5,TS_BC_07d_047,EXP_TS_BC_07d,Bacterial Concrete,7,Split Tensile Strength,False,1.992,2.7604,0.7684
TabPFN_Pretrained,V2_ENGINEERED,5,TS_BC_07d_048,EXP_TS_BC_07d,Bacterial Concrete,7,Split Tensile Strength,False,1.954,2.7604,0.8064
TabPFN_Pretrained,V2_ENGINEERED,5,TS_BC_07d_049,EXP_TS_BC_07d,Bacterial Concrete,7,Split Tensile Strength,False,2.034,2.7604,0.7264
TabPFN_Pretrained,V2_ENGINEERED,5,TS_BC_07d_050,EXP_TS_BC_07d,Bacterial Concrete,7,Split Tensile Strength,False,2.263,2.7604,0.4974
TabPFN_Pretrained,V2_ENGINEERED,5,TS_BC_07d_051,EXP_TS_BC_07d,Bacterial Concrete,7,Split Tensile Strength,False,2.233,2.7604,0.5274
TabPFN_Pretrained,V2_ENGINEERED,5,TS_BC_07d_052,EXP_TS_BC_07d,Bacterial Concrete,7,Split Tensile Strength,False,1.924,2.7604,0.8364
TabPFN_Pretrained,V2_ENGINEERED,5,TS_BC_07d_053,EXP_TS_BC_07d,Bacterial Concrete,7,Split Tensile Strength,False,2.132,2.7604,0.6284
TabPFN_Pretrained,V2_ENGINEERED,5,TS_BC_07d_054,EXP_TS_BC_07d,Bacterial Concrete,7,Split Tensile Strength,False,2.04,2.7604,0.7204
TabPFN_Pretrained,V2_ENGINEERED,5,TS_BC_07d_055,EXP_TS_BC_07d,Bacterial Concrete,7,Split Tensile Strength,False,2.217,2.7604,0.5434
TabPFN_Pretrained,V2_ENGINEERED,5,TS_BC_07d_056,EXP_TS_BC_07d,Bacterial Concrete,7,Split Tensile Strength,False,2.077,2.7604,0.6834
TabPFN_Pretrained,V2_ENGINEERED,5,TS_BC_07d_057,EXP_TS_BC_07d,Bacterial Concrete,7,Split Tensile Strength,False,2.156,2.7604,0.6044
TabPFN_Pretrained,V2_ENGINEERED,5,TS_BC_07d_058,EXP_TS_BC_07d,Bacterial Concrete,7,Split Tensile Strength,False,2.076,2.7604,0.6844
TabPFN_Pretrained,V2_ENGINEERED,5,TS_BC_07d_059,EXP_TS_BC_07d,Bacterial Concrete,7,Split Tensile Strength,False,1.772,2.7604,0.9884
TabPFN_Pretrained,V2_ENGINEERED,5,TS_BC_07d_060,EXP_TS_BC_07d,Bacterial Concrete,7,Split Tensile Strength,False,2.107,2.7604,0.6534
TabPFN_Pretrained,V2_ENGINEERED,5,TS_BC_07d_061,EXP_TS_BC_07d,Bacterial Concrete,7,Split Tensile Strength,False,1.909,2.7604,0.8514
TabPFN_Pretrained,V2_ENGINEERED,5,TS_BC_07d_062,EXP_TS_BC_07d,Bacterial Concrete,7,Split Tensile Strength,False,2.212,2.7604,0.5484
TabPFN_Pretrained,V2_ENGINEERED,5,TS_BC_07d_063,EXP_TS_BC_07d,Bacterial Concrete,7,Split Tensile Strength,False,1.998,2.7604,0.7624
TabPFN_Pretrained,V2_ENGINEERED,5,TS_BC_07d_064,EXP_TS_BC_07d,Bacterial Concrete,7,Split Tensile Strength,False,2.009,2.7604,0.7514
TabPFN_Pretrained,V2_ENGINEERED,5,TS_BC_07d_065,EXP_TS_BC_07d,Bacterial Concrete,7,Split Tensile Strength,False,2.099,2.7604,0.6614
TabPFN_Pretrained,V2_ENGINEERED,5,TS_BC_07d_066,EXP_TS_BC_07d,Bacterial Concrete,7,Split Tensile Strength,False,2.187,2.7604,0.5734
TabPFN_Pretrained,V2_ENGINEERED,5,TS_BC_07d_067,EXP_TS_BC_07d,Bacterial Concrete,7,Split Tensile Strength,False,2.075,2.7604,0.6854
TabPFN_Pretrained,V2_ENGINEERED,5,TS_BC_07d_068,EXP_TS_BC_07d,Bacterial Concrete,7,Split Tensile Strength,False,2.346,2.7604,0.4144
TabPFN_Pretrained,V2_ENGINEERED,5,TS_BC_07d_069,EXP_TS_BC_07d,Bacterial Concrete,7,Split Tensile Strength,False,2.347,2.7604,0.4134
TabPFN_Pretrained,V2_ENGINEERED,5,TS_BC_07d_070,EXP_TS_BC_07d,Bacterial Concrete,7,Split Tensile Strength,False,2.357,2.7604,0.4034
TabPFN_Pretrained,V2_ENGINEERED,5,TS_BC_07d_071,EXP_TS_BC_07d,Bacterial Concrete,7,Split Tensile Strength,False,2.065,2.7604,0.6954
TabPFN_Pretrained,V2_ENGINEERED,5,TS_BC_07d_072,EXP_TS_BC_07d,Bacterial Concrete,7,Split Tensile Strength,False,1.878,2.7604,0.8824
TabPFN_Pretrained,V2_ENGINEERED,5,TS_BC_07d_073,EXP_TS_BC_07d,Bacterial Concrete,7,Split Tensile Strength,False,2.283,2.7604,0.4774
TabPFN_Pretrained,V2_ENGINEERED,5,TS_BC_07d_074,EXP_TS_BC_07d,Bacterial Concrete,7,Split Tensile Strength,False,2.038,2.7604,0.7224
TabPFN_Pretrained,V2_ENGINEERED,5,TS_BC_07d_075,EXP_TS_BC_07d,Bacterial Concrete,7,Split Tensile Strength,False,2.106,2.7604,0.6544
TabPFN_Pretrained,V2_ENGINEERED,5,TS_BC_07d_076,EXP_TS_BC_07d,Bacterial Concrete,7,Split Tensile Strength,False,2.194,2.7604,0.5664
TabPFN_Pretrained,V2_ENGINEERED,5,TS_BC_07d_077,EXP_TS_BC_07d,Bacterial Concrete,7,Split Tensile Strength,False,1.859,2.7604,0.9014
TabPFN_Pretrained,V2_ENGINEERED,5,TS_BC_07d_078,EXP_TS_BC_07d,Bacterial Concrete,7,Split Tensile Strength,False,2.344,2.7604,0.4164
TabPFN_Pretrained,V2_ENGINEERED,5,TS_BC_07d_079,EXP_TS_BC_07d,Bacterial Concrete,7,Split Tensile Strength,False,2.231,2.7604,0.5294
TabPFN_Pretrained,V2_ENGINEERED,5,TS_BC_07d_080,EXP_TS_BC_07d,Bacterial Concrete,7,Split Tensile Strength,False,2.153,2.7604,0.6074
TabPFN_Pretrained,V2_ENGINEERED,5,TS_BC_07d_081,EXP_TS_BC_07d,Bacterial Concrete,7,Split Tensile Strength,False,2.234,2.7604,0.5264
TabPFN_Pretrained,V2_ENGINEERED,5,TS_BC_07d_082,EXP_TS_BC_07d,Bacterial Concrete,7,Split Tensile Strength,False,2.184,2.7604,0.5764
TabPFN_Pretrained,V2_ENGINEERED,5,TS_BC_07d_083,EXP_TS_BC_07d,Bacterial Concrete,7,Split Tensile Strength,False,2.118,2.7604,0.6424
TabPFN_Pretrained,V2_ENGINEERED,5,TS_BC_07d_084,EXP_TS_BC_07d,Bacterial Concrete,7,Split Tensile Strength,False,2.054,2.7604,0.7064
TabPFN_Pretrained,V2_ENGINEERED,5,TS_BC_07d_085,EXP_TS_BC_07d,Bacterial Concrete,7,Split Tensile Strength,False,1.989,2.7604,0.7714
TabPFN_Pretrained,V2_ENGINEERED,5,TS_BC_07d_086,EXP_TS_BC_07d,Bacterial Concrete,7,Split Tensile Strength,False,2.143,2.7604,0.6174
TabPFN_Pretrained,V2_ENGINEERED,5,TS_BC_07d_087,EXP_TS_BC_07d,Bacterial Concrete,7,Split Tensile Strength,False,2.154,2.7604,0.6064
TabPFN_Pretrained,V2_ENGINEERED,5,TS_BC_07d_088,EXP_TS_BC_07d,Bacterial Concrete,7,Split Tensile Strength,False,2.262,2.7604,0.4984
TabPFN_Pretrained,V2_ENGINEERED,5,TS_BC_07d_089,EXP_TS_BC_07d,Bacterial Concrete,7,Split Tensile Strength,False,2.13,2.7604,0.6304
TabPFN_Pretrained,V2_ENGINEERED,5,TS_BC_07d_090,EXP_TS_BC_07d,Bacterial Concrete,7,Split Tensile Strength,False,1.972,2.7604,0.7884
TabPFN_Pretrained,V2_ENGINEERED,5,TS_BC_07d_091,EXP_TS_BC_07d,Bacterial Concrete,7,Split Tensile Strength,False,1.864,2.7604,0.8964
TabPFN_Pretrained,V2_ENGINEERED,5,TS_BC_07d_092,EXP_TS_BC_07d,Bacterial Concrete,7,Split Tensile Strength,False,2.081,2.7604,0.6794
TabPFN_Pretrained,V2_ENGINEERED,5,TS_BC_07d_093,EXP_TS_BC_07d,Bacterial Concrete,7,Split Tensile Strength,False,2.096,2.7604,0.6644
TabPFN_Pretrained,V2_ENGINEERED,5,TS_BC_07d_094,EXP_TS_BC_07d,Bacterial Concrete,7,Split Tensile Strength,False,2.085,2.7604,0.6754
TabPFN_Pretrained,V2_ENGINEERED,5,TS_BC_07d_095,EXP_TS_BC_07d,Bacterial Concrete,7,Split Tensile Strength,False,1.87,2.7604,0.8904
TabPFN_Pretrained,V2_ENGINEERED,5,TS_BC_07d_096,EXP_TS_BC_07d,Bacterial Concrete,7,Split Tensile Strength,False,2.261,2.7604,0.4994
TabPFN_Pretrained,V2_ENGINEERED,5,TS_BC_07d_097,EXP_TS_BC_07d,Bacterial Concrete,7,Split Tensile Strength,False,2.261,2.7604,0.4994
TabPFN_Pretrained,V2_ENGINEERED,5,TS_BC_07d_098,EXP_TS_BC_07d,Bacterial Concrete,7,Split Tensile Strength,False,1.977,2.7604,0.7834
TabPFN_Pretrained,V2_ENGINEERED,5,TS_BC_07d_099,EXP_TS_BC_07d,Bacterial Concrete,7,Split Tensile Strength,False,2.221,2.7604,0.5394
TabPFN_Pretrained,V2_ENGINEERED,5,TS_BC_07d_100,EXP_TS_BC_07d,Bacterial Concrete,7,Split Tensile Strength,False,2.243,2.7604,0.5174
